,Year,Month,Zone,Parameter,Value,Bathymetry
0,1981,9,NW,activity_degC_days_m2,0.0,200
1,1981,9,NW,mean_intensity_degC,,200
2,1981,10,NW,activity_degC_days_m2,0.0,200
3,1981,10,NW,mean_intensity_degC,,200
4,1981,11,NW,activity_degC_days_m2,0.0,200
5,1981,11,NW,mean_intensity_degC,,200
6,1981,12,NW,activity_degC_days_m2,0.0,200
7,1981,12,NW,mean_intensity_degC,,200
8,1982,1,NW,activity_degC_days_m2,0.0,200
9,1982,1,NW,mean_intensity_degC,,200
10,1982,2,NW,activity_degC_days_m2,4392613740.840991,200
11,1982,2,NW,mean_area_km2,62.31112826154329,200
12,1982,2,NW,mean_duration_days,6.0,200
13,1982,2,NW,mean_intensity_degC,1.221205234527588,200
14,1982,2,NW,number_of_events,1.0,200
15,1982,2,NW,sum_area_km2,62.31112826154329,200
16,1982,3,NW,activity_degC_days_m2,0.0,200
17,1982,3,NW,mean_intensity_degC,,200
18,1982,4,NW,activity_degC_days_m2,0.0,200
19,1982,4,NW,mean_intensity_degC,,200
20,1982,5,NW,activity_degC_days_m2,0.0,200
21,1982,5,NW,mean_intensity_degC,,200
22,1982,6,NW,activity_degC_days_m2,0.0,200
23,1982,6,NW,mean_intensity_degC,,200
24,1982,7,NW,activity_degC_days_m2,3251664080.833272,200
25,1982,7,NW,mean_area_km2,62.31112826154345,200
26,1982,7,NW,mean_duration_days,5.0,200
27,1982,7,NW,mean_intensity_degC,1.0848071575164795,200
28,1982,7,NW,number_of_events,1.0,200
29,1982,7,NW,sum_area_km2,62.31112826154345,200
30,1982,8,NW,activity_degC_days_m2,0.0,200
31,1982,8,NW,mean_intensity_degC,,200
32,1982,9,NW,activity_degC_days_m2,0.0,200
33,1982,9,NW,mean_intensity_degC,,200
34,1982,10,NW,activity_degC_days_m2,0.0,200
35,1982,10,NW,mean_intensity_degC,,200
36,1982,11,NW,activity_degC_days_m2,0.0,200
37,1982,11,NW,mean_intensity_degC,,200
38,1982,12,NW,activity_degC_days_m2,0.0,200
39,1982,12,NW,mean_intensity_degC,,200
40,1983,1,NW,activity_degC_days_m2,0.0,200
41,1983,1,NW,mean_intensity_degC,,200
42,1983,2,NW,activity_degC_days_m2,0.0,200
43,1983,2,NW,mean_intensity_degC,,200
44,1983,3,NW,activity_degC_days_m2,0.0,200
45,1983,3,NW,mean_intensity_degC,,200
46,1983,4,NW,activity_degC_days_m2,0.0,200
47,1983,4,NW,mean_intensity_degC,,200
48,1983,5,NW,activity_degC_days_m2,0.0,200
49,1983,5,NW,mean_intensity_degC,,200
50,1983,6,NW,activity_degC_days_m2,0.0,200
51,1983,6,NW,mean_intensity_degC,,200
52,1983,7,NW,activity_degC_days_m2,46532548134.97229,200
53,1983,7,NW,mean_area_km2,81.96379916501739,200
54,1983,7,NW,mean_duration_days,7.714285714285714,200
55,1983,7,NW,mean_intensity_degC,1.4332821369171145,200
56,1983,7,NW,number_of_events,7.0,200
57,1983,7,NW,sum_area_km2,573.7465941551218,200
58,1983,8,NW,activity_degC_days_m2,12102410342.648714,200
59,1983,8,NW,mean_area_km2,63.99125161361358,200
60,1983,8,NW,mean_duration_days,7.5,200
61,1983,8,NW,mean_intensity_degC,1.3318192958831787,200
62,1983,8,NW,number_of_events,2.0,200
63,1983,8,NW,sum_area_km2,127.98250322722716,200
64,1983,9,NW,activity_degC_days_m2,0.0,200
65,1983,9,NW,mean_intensity_degC,,200
66,1983,10,NW,activity_degC_days_m2,0.0,200
67,1983,10,NW,mean_intensity_degC,,200
68,1983,11,NW,activity_degC_days_m2,157361757298.98676,200
69,1983,11,NW,mean_area_km2,79.46387172345048,200
70,1983,11,NW,mean_duration_days,13.148148148148149,200
71,1983,11,NW,mean_intensity_degC,1.6846104860305786,200
72,1983,11,NW,number_of_events,27.0,200
73,1983,11,NW,sum_area_km2,2145.524536533163,200
74,1983,12,NW,activity_degC_days_m2,221115462393.04944,200
75,1983,12,NW,mean_area_km2,76.40802552035197,200
76,1983,12,NW,mean_duration_days,5.0,200
77,1983,12,NW,mean_intensity_degC,1.366352081298828,200
78,1983,12,NW,number_of_events,5.0,200
79,1983,12,NW,sum_area_km2,382.04012760175993,200
80,1984,1,NW,activity_degC_days_m2,0.0,200
81,1984,1,NW,mean_intensity_degC,,200
82,1984,2,NW,activity_degC_days_m2,0.0,200
83,1984,2,NW,mean_intensity_degC,,200
84,1984,3,NW,activity_degC_days_m2,0.0,200
85,1984,3,NW,mean_intensity_degC,,200
86,1984,4,NW,activity_degC_days_m2,0.0,200
87,1984,4,NW,mean_intensity_degC,,200
88,1984,5,NW,activity_degC_days_m2,0.0,200
89,1984,5,NW,mean_intensity_degC,,200
90,1984,6,NW,activity_degC_days_m2,0.0,200
91,1984,6,NW,mean_intensity_degC,,200
92,1984,7,NW,activity_degC_days_m2,61028676877.520676,200
93,1984,7,NW,mean_area_km2,66.93052179643644,200
94,1984,7,NW,mean_duration_days,7.75,200
95,1984,7,NW,mean_intensity_degC,1.6088106632232666,200
96,1984,7,NW,number_of_events,8.0,200
97,1984,7,NW,sum_area_km2,535.4441743714915,200
98,1984,8,NW,activity_degC_days_m2,0.0,200
99,1984,8,NW,mean_intensity_degC,,200
100,1984,9,NW,activity_degC_days_m2,0.0,200
101,1984,9,NW,mean_intensity_degC,,200
102,1984,10,NW,activity_degC_days_m2,0.0,200
103,1984,10,NW,mean_intensity_degC,,200
104,1984,11,NW,activity_degC_days_m2,0.0,200
105,1984,11,NW,mean_intensity_degC,,200
106,1984,12,NW,activity_degC_days_m2,0.0,200
107,1984,12,NW,mean_intensity_degC,,200
108,1985,1,NW,activity_degC_days_m2,0.0,200
109,1985,1,NW,mean_intensity_degC,,200
110,1985,2,NW,activity_degC_days_m2,0.0,200
111,1985,2,NW,mean_intensity_degC,,200
112,1985,3,NW,activity_degC_days_m2,0.0,200
113,1985,3,NW,mean_intensity_degC,,200
114,1985,4,NW,activity_degC_days_m2,0.0,200
115,1985,4,NW,mean_intensity_degC,,200
116,1985,5,NW,activity_degC_days_m2,0.0,200
117,1985,5,NW,mean_intensity_degC,,200
118,1985,6,NW,activity_degC_days_m2,0.0,200
119,1985,6,NW,mean_intensity_degC,,200
120,1985,7,NW,activity_degC_days_m2,64118711609.39675,200
121,1985,7,NW,mean_area_km2,81.61280345099061,200
122,1985,7,NW,mean_duration_days,5.333333333333333,200
123,1985,7,NW,mean_intensity_degC,1.6756300926208496,200
124,1985,7,NW,number_of_events,12.0,200
125,1985,7,NW,sum_area_km2,979.3536414118876,200
126,1985,8,NW,activity_degC_days_m2,0.0,200
127,1985,8,NW,mean_intensity_degC,,200
128,1985,9,NW,activity_degC_days_m2,0.0,200
129,1985,9,NW,mean_intensity_degC,,200
130,1985,10,NW,activity_degC_days_m2,0.0,200
131,1985,10,NW,mean_intensity_degC,,200
132,1985,11,NW,activity_degC_days_m2,0.0,200
133,1985,11,NW,mean_intensity_degC,,200
134,1985,12,NW,activity_degC_days_m2,0.0,200
135,1985,12,NW,mean_intensity_degC,,200
136,1986,1,NW,activity_degC_days_m2,0.0,200
137,1986,1,NW,mean_intensity_degC,,200
138,1986,2,NW,activity_degC_days_m2,0.0,200
139,1986,2,NW,mean_intensity_degC,,200
140,1986,3,NW,activity_degC_days_m2,0.0,200
141,1986,3,NW,mean_intensity_degC,,200
142,1986,4,NW,activity_degC_days_m2,0.0,200
143,1986,4,NW,mean_intensity_degC,,200
144,1986,5,NW,activity_degC_days_m2,0.0,200
145,1986,5,NW,mean_intensity_degC,,200
146,1986,6,NW,activity_degC_days_m2,0.0,200
147,1986,6,NW,mean_intensity_degC,,200
148,1986,7,NW,activity_degC_days_m2,0.0,200
149,1986,7,NW,mean_intensity_degC,,200
150,1986,8,NW,activity_degC_days_m2,0.0,200
151,1986,8,NW,mean_intensity_degC,,200
152,1986,9,NW,activity_degC_days_m2,148919082140.76303,200
153,1986,9,NW,mean_area_km2,74.27317059259914,200
154,1986,9,NW,mean_duration_days,7.75,200
155,1986,9,NW,mean_intensity_degC,1.8790738582611084,200
156,1986,9,NW,number_of_events,16.0,200
157,1986,9,NW,sum_area_km2,1188.3707294815863,200
158,1986,10,NW,activity_degC_days_m2,2704177485.249396,200
159,1986,10,NW,mean_intensity_degC,1.5254827737808228,200
160,1986,11,NW,activity_degC_days_m2,0.0,200
161,1986,11,NW,mean_intensity_degC,,200
162,1986,12,NW,activity_degC_days_m2,0.0,200
163,1986,12,NW,mean_intensity_degC,,200
164,1987,1,NW,activity_degC_days_m2,0.0,200
165,1987,1,NW,mean_intensity_degC,,200
166,1987,2,NW,activity_degC_days_m2,0.0,200
167,1987,2,NW,mean_intensity_degC,,200
168,1987,3,NW,activity_degC_days_m2,38847741227.21188,200
169,1987,3,NW,mean_area_km2,75.32356599585563,200
170,1987,3,NW,mean_duration_days,6.0,200
171,1987,3,NW,mean_intensity_degC,1.289839506149292,200
172,1987,3,NW,number_of_events,8.0,200
173,1987,3,NW,sum_area_km2,602.588527966845,200
174,1987,4,NW,activity_degC_days_m2,0.0,200
175,1987,4,NW,mean_intensity_degC,,200
176,1987,5,NW,activity_degC_days_m2,0.0,200
177,1987,5,NW,mean_intensity_degC,,200
178,1987,6,NW,activity_degC_days_m2,0.0,200
179,1987,6,NW,mean_intensity_degC,,200
180,1987,7,NW,activity_degC_days_m2,0.0,200
181,1987,7,NW,mean_intensity_degC,,200
182,1987,8,NW,activity_degC_days_m2,0.0,200
183,1987,8,NW,mean_intensity_degC,,200
184,1987,9,NW,activity_degC_days_m2,20332983471.30605,200
185,1987,9,NW,mean_area_km2,71.03473370870176,200
186,1987,9,NW,mean_duration_days,5.2,200
187,1987,9,NW,mean_intensity_degC,1.7870235443115234,200
188,1987,9,NW,number_of_events,5.0,200
189,1987,9,NW,sum_area_km2,355.17366854350877,200
190,1987,10,NW,activity_degC_days_m2,6761800157.974371,200
191,1987,10,NW,mean_intensity_degC,1.6268954277038574,200
192,1987,11,NW,activity_degC_days_m2,0.0,200
193,1987,11,NW,mean_intensity_degC,,200
194,1987,12,NW,activity_degC_days_m2,0.0,200
195,1987,12,NW,mean_intensity_degC,,200
196,1988,1,NW,activity_degC_days_m2,0.0,200
197,1988,1,NW,mean_intensity_degC,,200
198,1988,2,NW,activity_degC_days_m2,0.0,200
199,1988,2,NW,mean_intensity_degC,,200
200,1988,3,NW,activity_degC_days_m2,17037222784.299189,200
201,1988,3,NW,mean_area_km2,84.4585738357571,200
202,1988,3,NW,mean_duration_days,5.0,200
203,1988,3,NW,mean_intensity_degC,1.151103138923645,200
204,1988,3,NW,number_of_events,5.0,200
205,1988,3,NW,sum_area_km2,422.29286917878545,200
206,1988,4,NW,activity_degC_days_m2,0.0,200
207,1988,4,NW,mean_intensity_degC,,200
208,1988,5,NW,activity_degC_days_m2,0.0,200
209,1988,5,NW,mean_intensity_degC,,200
210,1988,6,NW,activity_degC_days_m2,6034207914.769803,200
211,1988,6,NW,mean_area_km2,89.15451550496645,200
212,1988,6,NW,mean_duration_days,5.0,200
213,1988,6,NW,mean_intensity_degC,2.0732250213623047,200
214,1988,6,NW,number_of_events,1.0,200
215,1988,6,NW,sum_area_km2,89.15451550496645,200
216,1988,7,NW,activity_degC_days_m2,4736208700.0783825,200
217,1988,7,NW,mean_area_km2,95.84966563786588,200
218,1988,7,NW,mean_duration_days,5.0,200
219,1988,7,NW,mean_intensity_degC,1.6398169994354248,200
220,1988,7,NW,number_of_events,1.0,200
221,1988,7,NW,sum_area_km2,95.84966563786588,200
222,1988,8,NW,activity_degC_days_m2,0.0,200
223,1988,8,NW,mean_intensity_degC,,200
224,1988,9,NW,activity_degC_days_m2,0.0,200
225,1988,9,NW,mean_intensity_degC,,200
226,1988,10,NW,activity_degC_days_m2,0.0,200
227,1988,10,NW,mean_intensity_degC,,200
228,1988,11,NW,activity_degC_days_m2,89034861570.38765,200
229,1988,11,NW,mean_area_km2,72.71247866456106,200
230,1988,11,NW,mean_duration_days,10.3,200
231,1988,11,NW,mean_intensity_degC,1.5695828199386597,200
232,1988,11,NW,number_of_events,10.0,200
233,1988,11,NW,sum_area_km2,727.1247866456106,200
234,1988,12,NW,activity_degC_days_m2,8374683609.201977,200
235,1988,12,NW,mean_intensity_degC,1.2599422931671145,200
236,1989,1,NW,activity_degC_days_m2,5501910528.018648,200
237,1989,1,NW,mean_area_km2,94.17631837311566,200
238,1989,1,NW,mean_duration_days,5.0,200
239,1989,1,NW,mean_intensity_degC,0.9507481455802916,200
240,1989,1,NW,number_of_events,2.0,200
241,1989,1,NW,sum_area_km2,188.35263674623133,200
242,1989,2,NW,activity_degC_days_m2,7848807875.276856,200
243,1989,2,NW,mean_area_km2,79.08039694970479,200
244,1989,2,NW,mean_duration_days,6.5,200
245,1989,2,NW,mean_intensity_degC,1.0360949039459229,200
246,1989,2,NW,number_of_events,2.0,200
247,1989,2,NW,sum_area_km2,158.16079389940958,200
248,1989,3,NW,activity_degC_days_m2,15151294704.18602,200
249,1989,3,NW,mean_area_km2,64.83100072641079,200
250,1989,3,NW,mean_duration_days,6.0,200
251,1989,3,NW,mean_intensity_degC,1.036534309387207,200
252,1989,3,NW,number_of_events,4.0,200
253,1989,3,NW,sum_area_km2,259.32400290564317,200
254,1989,4,NW,activity_degC_days_m2,0.0,200
255,1989,4,NW,mean_intensity_degC,,200
256,1989,5,NW,activity_degC_days_m2,41302964837.91681,200
257,1989,5,NW,mean_area_km2,93.17195779948588,200
258,1989,5,NW,mean_duration_days,8.8,200
259,1989,5,NW,mean_intensity_degC,1.8171910047531128,200
260,1989,5,NW,number_of_events,5.0,200
261,1989,5,NW,sum_area_km2,465.85978899742935,200
262,1989,6,NW,activity_degC_days_m2,73398762839.98546,200
263,1989,6,NW,mean_area_km2,86.47046631476482,200
264,1989,6,NW,mean_duration_days,6.1,200
265,1989,6,NW,mean_intensity_degC,1.7420066595077517,200
266,1989,6,NW,number_of_events,10.0,200
267,1989,6,NW,sum_area_km2,864.7046631476483,200
268,1989,7,NW,activity_degC_days_m2,18601110856.837803,200
269,1989,7,NW,mean_area_km2,69.58931737036687,200
270,1989,7,NW,mean_duration_days,31.666666666666668,200
271,1989,7,NW,mean_intensity_degC,1.4789146184921265,200
272,1989,7,NW,number_of_events,6.0,200
273,1989,7,NW,sum_area_km2,417.5359042222012,200
274,1989,8,NW,activity_degC_days_m2,647142765495.5802,200
275,1989,8,NW,mean_area_km2,80.43331834908017,200
276,1989,8,NW,mean_duration_days,20.95,200
277,1989,8,NW,mean_intensity_degC,1.8274987936019895,200
278,1989,8,NW,number_of_events,20.0,200
279,1989,8,NW,sum_area_km2,1608.6663669816032,200
280,1989,9,NW,activity_degC_days_m2,0.0,200
281,1989,9,NW,mean_intensity_degC,,200
282,1989,10,NW,activity_degC_days_m2,6579059303.158409,200
283,1989,10,NW,mean_area_km2,62.311128261543374,200
284,1989,10,NW,mean_duration_days,6.0,200
285,1989,10,NW,mean_intensity_degC,1.829066276550293,200
286,1989,10,NW,number_of_events,2.0,200
287,1989,10,NW,sum_area_km2,124.62225652308676,200
288,1989,11,NW,activity_degC_days_m2,5460328387.784783,200
289,1989,11,NW,mean_intensity_degC,1.518044114112854,200
290,1989,12,NW,activity_degC_days_m2,164559202976.74094,200
291,1989,12,NW,mean_area_km2,77.15053655371479,200
292,1989,12,NW,mean_duration_days,10.947368421052632,200
293,1989,12,NW,mean_intensity_degC,1.332692265510559,200
294,1989,12,NW,number_of_events,19.0,200
295,1989,12,NW,sum_area_km2,1465.8601945205808,200
296,1990,1,NW,activity_degC_days_m2,160136699972.0449,200
297,1990,1,NW,mean_area_km2,81.61057000803304,200
298,1990,1,NW,mean_duration_days,13.90625,200
299,1990,1,NW,mean_intensity_degC,1.1598330736160278,200
300,1990,1,NW,number_of_events,32.0,200
301,1990,1,NW,sum_area_km2,2611.538240257057,200
302,1990,2,NW,activity_degC_days_m2,323778643370.9146,200
303,1990,2,NW,mean_area_km2,77.17434408157544,200
304,1990,2,NW,mean_duration_days,14.761904761904765,200
305,1990,2,NW,mean_intensity_degC,1.2184113264083862,200
306,1990,2,NW,number_of_events,21.0,200
307,1990,2,NW,sum_area_km2,1620.661225713084,200
308,1990,3,NW,activity_degC_days_m2,199565696106.2442,200
309,1990,3,NW,mean_area_km2,76.0565520822479,200
310,1990,3,NW,mean_duration_days,8.19047619047619,200
311,1990,3,NW,mean_intensity_degC,1.1681898832321167,200
312,1990,3,NW,number_of_events,21.0,200
313,1990,3,NW,sum_area_km2,1597.187593727206,200
314,1990,4,NW,activity_degC_days_m2,0.0,200
315,1990,4,NW,mean_intensity_degC,,200
316,1990,5,NW,activity_degC_days_m2,97795065471.95177,200
317,1990,5,NW,mean_area_km2,82.75187294954927,200
318,1990,5,NW,mean_duration_days,9.272727272727272,200
319,1990,5,NW,mean_intensity_degC,1.6727027893066406,200
320,1990,5,NW,number_of_events,11.0,200
321,1990,5,NW,sum_area_km2,910.270602445042,200
322,1990,6,NW,activity_degC_days_m2,1003016091.0845616,200
323,1990,6,NW,mean_intensity_degC,1.685136795043945,200
324,1990,7,NW,activity_degC_days_m2,330267224431.23944,200
325,1990,7,NW,mean_area_km2,78.28687599147727,200
326,1990,7,NW,mean_duration_days,15.64,200
327,1990,7,NW,mean_intensity_degC,1.7861003875732422,200
328,1990,7,NW,number_of_events,25.0,200
329,1990,7,NW,sum_area_km2,1957.171899786932,200
330,1990,8,NW,activity_degC_days_m2,151514129602.6366,200
331,1990,8,NW,mean_area_km2,67.76977009316099,200
332,1990,8,NW,mean_duration_days,7.375,200
333,1990,8,NW,mean_intensity_degC,1.7793179750442505,200
334,1990,8,NW,number_of_events,8.0,200
335,1990,8,NW,sum_area_km2,542.1581607452879,200
336,1990,9,NW,activity_degC_days_m2,0.0,200
337,1990,9,NW,mean_intensity_degC,,200
338,1990,10,NW,activity_degC_days_m2,0.0,200
339,1990,10,NW,mean_intensity_degC,,200
340,1990,11,NW,activity_degC_days_m2,0.0,200
341,1990,11,NW,mean_intensity_degC,,200
342,1990,12,NW,activity_degC_days_m2,0.0,200
343,1990,12,NW,mean_intensity_degC,,200
344,1991,1,NW,activity_degC_days_m2,0.0,200
345,1991,1,NW,mean_intensity_degC,,200
346,1991,2,NW,activity_degC_days_m2,0.0,200
347,1991,2,NW,mean_intensity_degC,,200
348,1991,3,NW,activity_degC_days_m2,0.0,200
349,1991,3,NW,mean_intensity_degC,,200
350,1991,4,NW,activity_degC_days_m2,0.0,200
351,1991,4,NW,mean_intensity_degC,,200
352,1991,5,NW,activity_degC_days_m2,0.0,200
353,1991,5,NW,mean_intensity_degC,,200
354,1991,6,NW,activity_degC_days_m2,0.0,200
355,1991,6,NW,mean_intensity_degC,,200
356,1991,7,NW,activity_degC_days_m2,0.0,200
357,1991,7,NW,mean_intensity_degC,,200
358,1991,8,NW,activity_degC_days_m2,31154590118.82379,200
359,1991,8,NW,mean_area_km2,77.19627883363476,200
360,1991,8,NW,mean_duration_days,25.304347826086957,200
361,1991,8,NW,mean_intensity_degC,1.788224220275879,200
362,1991,8,NW,number_of_events,23.0,200
363,1991,8,NW,sum_area_km2,1775.5144131735997,200
364,1991,9,NW,activity_degC_days_m2,759556787211.2181,200
365,1991,9,NW,mean_area_km2,88.03668757143558,200
366,1991,9,NW,mean_duration_days,19.666666666666668,200
367,1991,9,NW,mean_intensity_degC,2.090566396713257,200
368,1991,9,NW,number_of_events,3.0,200
369,1991,9,NW,sum_area_km2,264.11006271430676,200
370,1991,10,NW,activity_degC_days_m2,0.0,200
371,1991,10,NW,mean_intensity_degC,,200
372,1991,11,NW,activity_degC_days_m2,0.0,200
373,1991,11,NW,mean_intensity_degC,,200
374,1991,12,NW,activity_degC_days_m2,0.0,200
375,1991,12,NW,mean_intensity_degC,,200
376,1992,1,NW,activity_degC_days_m2,0.0,200
377,1992,1,NW,mean_intensity_degC,,200
378,1992,2,NW,activity_degC_days_m2,0.0,200
379,1992,2,NW,mean_intensity_degC,,200
380,1992,3,NW,activity_degC_days_m2,0.0,200
381,1992,3,NW,mean_intensity_degC,,200
382,1992,4,NW,activity_degC_days_m2,0.0,200
383,1992,4,NW,mean_intensity_degC,,200
384,1992,5,NW,activity_degC_days_m2,0.0,200
385,1992,5,NW,mean_intensity_degC,,200
386,1992,6,NW,activity_degC_days_m2,0.0,200
387,1992,6,NW,mean_intensity_degC,,200
388,1992,7,NW,activity_degC_days_m2,0.0,200
389,1992,7,NW,mean_intensity_degC,,200
390,1992,8,NW,activity_degC_days_m2,0.0,200
391,1992,8,NW,mean_intensity_degC,,200
392,1992,9,NW,activity_degC_days_m2,0.0,200
393,1992,9,NW,mean_intensity_degC,,200
394,1992,10,NW,activity_degC_days_m2,0.0,200
395,1992,10,NW,mean_intensity_degC,,200
396,1992,11,NW,activity_degC_days_m2,0.0,200
397,1992,11,NW,mean_intensity_degC,,200
398,1992,12,NW,activity_degC_days_m2,0.0,200
399,1992,12,NW,mean_intensity_degC,,200
400,1993,1,NW,activity_degC_days_m2,0.0,200
401,1993,1,NW,mean_intensity_degC,,200
402,1993,2,NW,activity_degC_days_m2,0.0,200
403,1993,2,NW,mean_intensity_degC,,200
404,1993,3,NW,activity_degC_days_m2,0.0,200
405,1993,3,NW,mean_intensity_degC,,200
406,1993,4,NW,activity_degC_days_m2,0.0,200
407,1993,4,NW,mean_intensity_degC,,200
408,1993,5,NW,activity_degC_days_m2,0.0,200
409,1993,5,NW,mean_intensity_degC,,200
410,1993,6,NW,activity_degC_days_m2,61221023845.48793,200
411,1993,6,NW,mean_area_km2,76.02016500229034,200
412,1993,6,NW,mean_duration_days,5.666666666666667,200
413,1993,6,NW,mean_intensity_degC,1.4851232767105105,200
414,1993,6,NW,number_of_events,12.0,200
415,1993,6,NW,sum_area_km2,912.241980027484,200
416,1993,7,NW,activity_degC_days_m2,0.0,200
417,1993,7,NW,mean_intensity_degC,,200
418,1993,8,NW,activity_degC_days_m2,0.0,200
419,1993,8,NW,mean_intensity_degC,,200
420,1993,9,NW,activity_degC_days_m2,0.0,200
421,1993,9,NW,mean_intensity_degC,,200
422,1993,10,NW,activity_degC_days_m2,0.0,200
423,1993,10,NW,mean_intensity_degC,,200
424,1993,11,NW,activity_degC_days_m2,0.0,200
425,1993,11,NW,mean_intensity_degC,,200
426,1993,12,NW,activity_degC_days_m2,0.0,200
427,1993,12,NW,mean_intensity_degC,,200
428,1994,1,NW,activity_degC_days_m2,0.0,200
429,1994,1,NW,mean_intensity_degC,,200
430,1994,2,NW,activity_degC_days_m2,0.0,200
431,1994,2,NW,mean_intensity_degC,,200
432,1994,3,NW,activity_degC_days_m2,0.0,200
433,1994,3,NW,mean_intensity_degC,,200
434,1994,4,NW,activity_degC_days_m2,0.0,200
435,1994,4,NW,mean_intensity_degC,,200
436,1994,5,NW,activity_degC_days_m2,0.0,200
437,1994,5,NW,mean_intensity_degC,,200
438,1994,6,NW,activity_degC_days_m2,90903550496.8499,200
439,1994,6,NW,mean_area_km2,76.3305078741566,200
440,1994,6,NW,mean_duration_days,5.764705882352941,200
441,1994,6,NW,mean_intensity_degC,1.570981502532959,200
442,1994,6,NW,number_of_events,17.0,200
443,1994,6,NW,sum_area_km2,1297.6186338606622,200
444,1994,7,NW,activity_degC_days_m2,0.0,200
445,1994,7,NW,mean_intensity_degC,,200
446,1994,8,NW,activity_degC_days_m2,0.0,200
447,1994,8,NW,mean_intensity_degC,,200
448,1994,9,NW,activity_degC_days_m2,0.0,200
449,1994,9,NW,mean_intensity_degC,,200
450,1994,10,NW,activity_degC_days_m2,0.0,200
451,1994,10,NW,mean_intensity_degC,,200
452,1994,11,NW,activity_degC_days_m2,0.0,200
453,1994,11,NW,mean_intensity_degC,,200
454,1994,12,NW,activity_degC_days_m2,26081673953.9084,200
455,1994,12,NW,mean_area_km2,94.73410079469924,200
456,1994,12,NW,mean_duration_days,11.0,200
457,1994,12,NW,mean_intensity_degC,1.3341643810272217,200
458,1994,12,NW,number_of_events,3.0,200
459,1994,12,NW,sum_area_km2,284.2023023840978,200
460,1995,1,NW,activity_degC_days_m2,20927285859.64867,200
461,1995,1,NW,mean_area_km2,84.12793545842429,200
462,1995,1,NW,mean_duration_days,5.0,200
463,1995,1,NW,mean_intensity_degC,1.1918013095855713,200
464,1995,1,NW,number_of_events,6.0,200
465,1995,1,NW,sum_area_km2,504.76761275054577,200
466,1995,2,NW,activity_degC_days_m2,0.0,200
467,1995,2,NW,mean_intensity_degC,,200
468,1995,3,NW,activity_degC_days_m2,6738302857.725339,200
469,1995,3,NW,mean_area_km2,95.84966563786614,200
470,1995,3,NW,mean_duration_days,5.0,200
471,1995,3,NW,mean_intensity_degC,1.1665009260177612,200
472,1995,3,NW,number_of_events,2.0,200
473,1995,3,NW,sum_area_km2,191.69933127573228,200
474,1995,4,NW,activity_degC_days_m2,0.0,200
475,1995,4,NW,mean_intensity_degC,,200
476,1995,5,NW,activity_degC_days_m2,0.0,200
477,1995,5,NW,mean_intensity_degC,,200
478,1995,6,NW,activity_degC_days_m2,0.0,200
479,1995,6,NW,mean_intensity_degC,,200
480,1995,7,NW,activity_degC_days_m2,413393387824.7494,200
481,1995,7,NW,mean_area_km2,79.67607144625413,200
482,1995,7,NW,mean_duration_days,16.956521739130434,200
483,1995,7,NW,mean_intensity_degC,1.7609130144119265,200
484,1995,7,NW,number_of_events,23.0,200
485,1995,7,NW,sum_area_km2,1832.5496432638452,200
486,1995,8,NW,activity_degC_days_m2,5994356941.32156,200
487,1995,8,NW,mean_area_km2,62.311128261543374,200
488,1995,8,NW,mean_duration_days,5.0,200
489,1995,8,NW,mean_intensity_degC,1.6665111780166626,200
490,1995,8,NW,number_of_events,2.0,200
491,1995,8,NW,sum_area_km2,124.62225652308676,200
492,1995,9,NW,activity_degC_days_m2,3186432000.8248625,200
493,1995,9,NW,mean_intensity_degC,1.328805923461914,200
494,1995,10,NW,activity_degC_days_m2,0.0,200
495,1995,10,NW,mean_intensity_degC,,200
496,1995,11,NW,activity_degC_days_m2,72794174115.00223,200
497,1995,11,NW,mean_area_km2,67.90961609833803,200
498,1995,11,NW,mean_duration_days,6.583333333333333,200
499,1995,11,NW,mean_intensity_degC,1.5258833169937134,200
500,1995,11,NW,number_of_events,12.0,200
501,1995,11,NW,sum_area_km2,814.9153931800564,200
502,1995,12,NW,activity_degC_days_m2,124720727923.92422,200
503,1995,12,NW,mean_area_km2,78.28687599147727,200
504,1995,12,NW,mean_duration_days,25.72,200
505,1995,12,NW,mean_intensity_degC,1.192916989326477,200
506,1995,12,NW,number_of_events,25.0,200
507,1995,12,NW,sum_area_km2,1957.171899786932,200
508,1996,1,NW,activity_degC_days_m2,360738848965.81274,200
509,1996,1,NW,mean_area_km2,86.5746907254483,200
510,1996,1,NW,mean_duration_days,6.384615384615385,200
511,1996,1,NW,mean_intensity_degC,1.208640456199646,200
512,1996,1,NW,number_of_events,13.0,200
513,1996,1,NW,sum_area_km2,1125.470979430828,200
514,1996,2,NW,activity_degC_days_m2,42948058969.03428,200
515,1996,2,NW,mean_area_km2,65.67137496568373,200
516,1996,2,NW,mean_duration_days,8.0,200
517,1996,2,NW,mean_intensity_degC,1.122950315475464,200
518,1996,2,NW,number_of_events,1.0,200
519,1996,2,NW,sum_area_km2,65.67137496568373,200
520,1996,3,NW,activity_degC_days_m2,0.0,200
521,1996,3,NW,mean_intensity_degC,,200
522,1996,4,NW,activity_degC_days_m2,5196417368.051129,200
523,1996,4,NW,mean_area_km2,89.15451550496665,200
524,1996,4,NW,mean_duration_days,5.0,200
525,1996,4,NW,mean_intensity_degC,1.785378098487854,200
526,1996,4,NW,number_of_events,1.0,200
527,1996,4,NW,sum_area_km2,89.15451550496665,200
528,1996,5,NW,activity_degC_days_m2,0.0,200
529,1996,5,NW,mean_intensity_degC,,200
530,1996,6,NW,activity_degC_days_m2,0.0,200
531,1996,6,NW,mean_intensity_degC,,200
532,1996,7,NW,activity_degC_days_m2,0.0,200
533,1996,7,NW,mean_intensity_degC,,200
534,1996,8,NW,activity_degC_days_m2,0.0,200
535,1996,8,NW,mean_intensity_degC,,200
536,1996,9,NW,activity_degC_days_m2,0.0,200
537,1996,9,NW,mean_intensity_degC,,200
538,1996,10,NW,activity_degC_days_m2,0.0,200
539,1996,10,NW,mean_intensity_degC,,200
540,1996,11,NW,activity_degC_days_m2,0.0,200
541,1996,11,NW,mean_intensity_degC,,200
542,1996,12,NW,activity_degC_days_m2,0.0,200
543,1996,12,NW,mean_intensity_degC,,200
544,1997,1,NW,activity_degC_days_m2,0.0,200
545,1997,1,NW,mean_intensity_degC,,200
546,1997,2,NW,activity_degC_days_m2,66022509117.417755,200
547,1997,2,NW,mean_area_km2,73.97409201125156,200
548,1997,2,NW,mean_duration_days,71.52631578947368,200
549,1997,2,NW,mean_intensity_degC,1.0963178873062134,200
550,1997,2,NW,number_of_events,19.0,200
551,1997,2,NW,sum_area_km2,1405.5077482137797,200
552,1997,3,NW,activity_degC_days_m2,735644911189.2932,200
553,1997,3,NW,mean_area_km2,91.5455238683027,200
554,1997,3,NW,mean_duration_days,59.57142857142857,200
555,1997,3,NW,mean_intensity_degC,1.6723783016204834,200
556,1997,3,NW,number_of_events,7.0,200
557,1997,3,NW,sum_area_km2,640.8186670781188,200
558,1997,4,NW,activity_degC_days_m2,873426194913.1211,200
559,1997,4,NW,mean_area_km2,92.50297110836544,200
560,1997,4,NW,mean_duration_days,9.0,200
561,1997,4,NW,mean_intensity_degC,1.9853062629699707,200
562,1997,4,NW,number_of_events,1.0,200
563,1997,4,NW,sum_area_km2,92.50297110836544,200
564,1997,5,NW,activity_degC_days_m2,278251555802.6611,200
565,1997,5,NW,mean_area_km2,63.43121049625687,200
566,1997,5,NW,mean_duration_days,13.333333333333334,200
567,1997,5,NW,mean_intensity_degC,1.7633014917373655,200
568,1997,5,NW,number_of_events,3.0,200
569,1997,5,NW,sum_area_km2,190.2936314887706,200
570,1997,6,NW,activity_degC_days_m2,108205540488.99916,200
571,1997,6,NW,mean_area_km2,80.20675700286769,200
572,1997,6,NW,mean_duration_days,5.733333333333333,200
573,1997,6,NW,mean_intensity_degC,1.5087919235229492,200
574,1997,6,NW,number_of_events,15.0,200
575,1997,6,NW,sum_area_km2,1203.1013550430152,200
576,1997,7,NW,activity_degC_days_m2,0.0,200
577,1997,7,NW,mean_intensity_degC,,200
578,1997,8,NW,activity_degC_days_m2,10987420835.560154,200
579,1997,8,NW,mean_area_km2,94.17631837311544,200
580,1997,8,NW,mean_duration_days,6.0,200
581,1997,8,NW,mean_intensity_degC,1.5819464921951294,200
582,1997,8,NW,number_of_events,2.0,200
583,1997,8,NW,sum_area_km2,188.3526367462309,200
584,1997,9,NW,activity_degC_days_m2,0.0,200
585,1997,9,NW,mean_intensity_degC,,200
586,1997,10,NW,activity_degC_days_m2,127593504900.01178,200
587,1997,10,NW,mean_area_km2,83.85984200927095,200
588,1997,10,NW,mean_duration_days,6.526315789473684,200
589,1997,10,NW,mean_intensity_degC,1.6671812534332275,200
590,1997,10,NW,number_of_events,19.0,200
591,1997,10,NW,sum_area_km2,1593.336998176148,200
592,1997,11,NW,activity_degC_days_m2,38266063882.46897,200
593,1997,11,NW,mean_area_km2,92.98056716289452,200
594,1997,11,NW,mean_duration_days,5.857142857142857,200
595,1997,11,NW,mean_intensity_degC,1.5227887630462646,200
596,1997,11,NW,number_of_events,7.0,200
597,1997,11,NW,sum_area_km2,650.8639701402618,200
598,1997,12,NW,activity_degC_days_m2,63508983354.04505,200
599,1997,12,NW,mean_area_km2,84.2780307181402,200
600,1997,12,NW,mean_duration_days,7.727272727272728,200
601,1997,12,NW,mean_intensity_degC,1.2243942022323608,200
602,1997,12,NW,number_of_events,11.0,200
603,1997,12,NW,sum_area_km2,927.0583378995424,200
604,1998,1,NW,activity_degC_days_m2,127862354596.26418,200
605,1998,1,NW,mean_area_km2,84.0262922688688,200
606,1998,1,NW,mean_duration_days,11.294117647058824,200
607,1998,1,NW,mean_intensity_degC,1.0799564123153689,200
608,1998,1,NW,number_of_events,17.0,200
609,1998,1,NW,sum_area_km2,1428.4469685707695,200
610,1998,2,NW,activity_degC_days_m2,264480581981.2528,200
611,1998,2,NW,mean_area_km2,78.28687599147727,200
612,1998,2,NW,mean_duration_days,14.72,200
613,1998,2,NW,mean_intensity_degC,1.141110897064209,200
614,1998,2,NW,number_of_events,25.0,200
615,1998,2,NW,sum_area_km2,1957.171899786932,200
616,1998,3,NW,activity_degC_days_m2,475143490530.0481,200
617,1998,3,NW,mean_area_km2,76.09078745956893,200
618,1998,3,NW,mean_duration_days,17.657894736842106,200
619,1998,3,NW,mean_intensity_degC,1.3771772384643557,200
620,1998,3,NW,number_of_events,38.0,200
621,1998,3,NW,sum_area_km2,2891.449923463619,200
622,1998,4,NW,activity_degC_days_m2,72967287127.3345,200
623,1998,4,NW,mean_intensity_degC,1.2077187299728394,200
624,1998,5,NW,activity_degC_days_m2,0.0,200
625,1998,5,NW,mean_intensity_degC,,200
626,1998,6,NW,activity_degC_days_m2,0.0,200
627,1998,6,NW,mean_intensity_degC,,200
628,1998,7,NW,activity_degC_days_m2,0.0,200
629,1998,7,NW,mean_intensity_degC,,200
630,1998,8,NW,activity_degC_days_m2,0.0,200
631,1998,8,NW,mean_intensity_degC,,200
632,1998,9,NW,activity_degC_days_m2,0.0,200
633,1998,9,NW,mean_intensity_degC,,200
634,1998,10,NW,activity_degC_days_m2,0.0,200
635,1998,10,NW,mean_intensity_degC,,200
636,1998,11,NW,activity_degC_days_m2,0.0,200
637,1998,11,NW,mean_intensity_degC,,200
638,1998,12,NW,activity_degC_days_m2,0.0,200
639,1998,12,NW,mean_intensity_degC,,200
640,1999,1,NW,activity_degC_days_m2,0.0,200
641,1999,1,NW,mean_intensity_degC,,200
642,1999,2,NW,activity_degC_days_m2,0.0,200
643,1999,2,NW,mean_intensity_degC,,200
644,1999,3,NW,activity_degC_days_m2,0.0,200
645,1999,3,NW,mean_intensity_degC,,200
646,1999,4,NW,activity_degC_days_m2,0.0,200
647,1999,4,NW,mean_intensity_degC,,200
648,1999,5,NW,activity_degC_days_m2,0.0,200
649,1999,5,NW,mean_intensity_degC,,200
650,1999,6,NW,activity_degC_days_m2,21941309523.01254,200
651,1999,6,NW,mean_area_km2,77.42178884142643,200
652,1999,6,NW,mean_duration_days,5.25,200
653,1999,6,NW,mean_intensity_degC,1.738096833229065,200
654,1999,6,NW,number_of_events,4.0,200
655,1999,6,NW,sum_area_km2,309.68715536570573,200
656,1999,7,NW,activity_degC_days_m2,0.0,200
657,1999,7,NW,mean_intensity_degC,,200
658,1999,8,NW,activity_degC_days_m2,263309909794.1687,200
659,1999,8,NW,mean_area_km2,81.16301067230026,200
660,1999,8,NW,mean_duration_days,13.882352941176473,200
661,1999,8,NW,mean_intensity_degC,1.8715978860855105,200
662,1999,8,NW,number_of_events,34.0,200
663,1999,8,NW,sum_area_km2,2759.5423628582093,200
664,1999,9,NW,activity_degC_days_m2,306324728373.1549,200
665,1999,9,NW,mean_area_km2,82.45205285629373,200
666,1999,9,NW,mean_duration_days,6.333333333333333,200
667,1999,9,NW,mean_intensity_degC,2.01248550415039,200
668,1999,9,NW,number_of_events,3.0,200
669,1999,9,NW,sum_area_km2,247.35615856888123,200
670,1999,10,NW,activity_degC_days_m2,0.0,200
671,1999,10,NW,mean_intensity_degC,,200
672,1999,11,NW,activity_degC_days_m2,0.0,200
673,1999,11,NW,mean_intensity_degC,,200
674,1999,12,NW,activity_degC_days_m2,0.0,200
675,1999,12,NW,mean_intensity_degC,,200
676,2000,1,NW,activity_degC_days_m2,0.0,200
677,2000,1,NW,mean_intensity_degC,,200
678,2000,2,NW,activity_degC_days_m2,0.0,200
679,2000,2,NW,mean_intensity_degC,,200
680,2000,3,NW,activity_degC_days_m2,0.0,200
681,2000,3,NW,mean_intensity_degC,,200
682,2000,4,NW,activity_degC_days_m2,0.0,200
683,2000,4,NW,mean_intensity_degC,,200
684,2000,5,NW,activity_degC_days_m2,27413494409.55278,200
685,2000,5,NW,mean_area_km2,76.39859255290058,200
686,2000,5,NW,mean_duration_days,5.2,200
687,2000,5,NW,mean_intensity_degC,1.754702091217041,200
688,2000,5,NW,number_of_events,5.0,200
689,2000,5,NW,sum_area_km2,381.99296276450286,200
690,2000,6,NW,activity_degC_days_m2,17465890955.178146,200
691,2000,6,NW,mean_area_km2,74.43591483461071,200
692,2000,6,NW,mean_duration_days,8.0,200
693,2000,6,NW,mean_intensity_degC,1.236714482307434,200
694,2000,6,NW,number_of_events,18.0,200
695,2000,6,NW,sum_area_km2,1339.8464670229928,200
696,2000,7,NW,activity_degC_days_m2,118366866542.74384,200
697,2000,7,NW,mean_area_km2,62.31112826154316,200
698,2000,7,NW,mean_duration_days,5.0,200
699,2000,7,NW,mean_intensity_degC,1.5674564838409424,200
700,2000,7,NW,number_of_events,1.0,200
701,2000,7,NW,sum_area_km2,62.31112826154316,200
702,2000,8,NW,activity_degC_days_m2,0.0,200
703,2000,8,NW,mean_intensity_degC,,200
704,2000,9,NW,activity_degC_days_m2,0.0,200
705,2000,9,NW,mean_intensity_degC,,200
706,2000,10,NW,activity_degC_days_m2,0.0,200
707,2000,10,NW,mean_intensity_degC,,200
708,2000,11,NW,activity_degC_days_m2,0.0,200
709,2000,11,NW,mean_intensity_degC,,200
710,2000,12,NW,activity_degC_days_m2,0.0,200
711,2000,12,NW,mean_intensity_degC,,200
712,2001,1,NW,activity_degC_days_m2,0.0,200
713,2001,1,NW,mean_intensity_degC,,200
714,2001,2,NW,activity_degC_days_m2,0.0,200
715,2001,2,NW,mean_intensity_degC,,200
716,2001,3,NW,activity_degC_days_m2,3026191299.2529535,200
717,2001,3,NW,mean_area_km2,84.12846933834865,200
718,2001,3,NW,mean_duration_days,5.0,200
719,2001,3,NW,mean_intensity_degC,1.7291748523712158,200
720,2001,3,NW,number_of_events,2.0,200
721,2001,3,NW,sum_area_km2,168.2569386766973,200
722,2001,4,NW,activity_degC_days_m2,4874295292.95869,200
723,2001,4,NW,mean_intensity_degC,1.1715747117996216,200
724,2001,5,NW,activity_degC_days_m2,0.0,200
725,2001,5,NW,mean_intensity_degC,,200
726,2001,6,NW,activity_degC_days_m2,0.0,200
727,2001,6,NW,mean_intensity_degC,,200
728,2001,7,NW,activity_degC_days_m2,0.0,200
729,2001,7,NW,mean_intensity_degC,,200
730,2001,8,NW,activity_degC_days_m2,5807066105.459381,200
731,2001,8,NW,mean_area_km2,89.15451550496645,200
732,2001,8,NW,mean_duration_days,6.0,200
733,2001,8,NW,mean_intensity_degC,1.6626533269882202,200
734,2001,8,NW,number_of_events,1.0,200
735,2001,8,NW,sum_area_km2,89.15451550496645,200
736,2001,9,NW,activity_degC_days_m2,0.0,200
737,2001,9,NW,mean_intensity_degC,,200
738,2001,10,NW,activity_degC_days_m2,0.0,200
739,2001,10,NW,mean_intensity_degC,,200
740,2001,11,NW,activity_degC_days_m2,0.0,200
741,2001,11,NW,mean_intensity_degC,,200
742,2001,12,NW,activity_degC_days_m2,0.0,200
743,2001,12,NW,mean_intensity_degC,,200
744,2002,1,NW,activity_degC_days_m2,113362894532.72134,200
745,2002,1,NW,mean_area_km2,66.79050885256848,200
746,2002,1,NW,mean_duration_days,14.75,200
747,2002,1,NW,mean_intensity_degC,1.0952727794647217,200
748,2002,1,NW,number_of_events,12.0,200
749,2002,1,NW,sum_area_km2,801.4861062308217,200
750,2002,2,NW,activity_degC_days_m2,67747663279.95814,200
751,2002,2,NW,mean_area_km2,69.77549377120366,200
752,2002,2,NW,mean_duration_days,10.666666666666666,200
753,2002,2,NW,mean_intensity_degC,1.0130363702774048,200
754,2002,2,NW,number_of_events,9.0,200
755,2002,2,NW,sum_area_km2,627.9794439408329,200
756,2002,3,NW,activity_degC_days_m2,92822576047.55382,200
757,2002,3,NW,mean_area_km2,75.51539352214995,200
758,2002,3,NW,mean_duration_days,8.6,200
759,2002,3,NW,mean_intensity_degC,1.2309129238128662,200
760,2002,3,NW,number_of_events,15.0,200
761,2002,3,NW,sum_area_km2,1132.730902832249,200
762,2002,4,NW,activity_degC_days_m2,0.0,200
763,2002,4,NW,mean_intensity_degC,,200
764,2002,5,NW,activity_degC_days_m2,0.0,200
765,2002,5,NW,mean_intensity_degC,,200
766,2002,6,NW,activity_degC_days_m2,0.0,200
767,2002,6,NW,mean_intensity_degC,,200
768,2002,7,NW,activity_degC_days_m2,0.0,200
769,2002,7,NW,mean_intensity_degC,,200
770,2002,8,NW,activity_degC_days_m2,0.0,200
771,2002,8,NW,mean_intensity_degC,,200
772,2002,9,NW,activity_degC_days_m2,6740024122.103056,200
773,2002,9,NW,mean_area_km2,83.28184148844308,200
774,2002,9,NW,mean_duration_days,11.0,200
775,2002,9,NW,mean_intensity_degC,1.6212701797485352,200
776,2002,9,NW,number_of_events,4.0,200
777,2002,9,NW,sum_area_km2,333.1273659537723,200
778,2002,10,NW,activity_degC_days_m2,147000502251.1418,200
779,2002,10,NW,mean_area_km2,83.1678552881336,200
780,2002,10,NW,mean_duration_days,6.857142857142857,200
781,2002,10,NW,mean_intensity_degC,1.8139570951461792,200
782,2002,10,NW,number_of_events,14.0,200
783,2002,10,NW,sum_area_km2,1164.3499740338702,200
784,2002,11,NW,activity_degC_days_m2,0.0,200
785,2002,11,NW,mean_intensity_degC,,200
786,2002,12,NW,activity_degC_days_m2,0.0,200
787,2002,12,NW,mean_intensity_degC,,200
788,2003,1,NW,activity_degC_days_m2,0.0,200
789,2003,1,NW,mean_intensity_degC,,200
790,2003,2,NW,activity_degC_days_m2,0.0,200
791,2003,2,NW,mean_intensity_degC,,200
792,2003,3,NW,activity_degC_days_m2,3074691430.0982447,200
793,2003,3,NW,mean_area_km2,92.50297110836502,200
794,2003,3,NW,mean_duration_days,5.0,200
795,2003,3,NW,mean_intensity_degC,1.060448408126831,200
796,2003,3,NW,number_of_events,1.0,200
797,2003,3,NW,sum_area_km2,92.50297110836502,200
798,2003,4,NW,activity_degC_days_m2,0.0,200
799,2003,4,NW,mean_intensity_degC,,200
800,2003,5,NW,activity_degC_days_m2,0.0,200
801,2003,5,NW,mean_intensity_degC,,200
802,2003,6,NW,activity_degC_days_m2,0.0,200
803,2003,6,NW,mean_intensity_degC,,200
804,2003,7,NW,activity_degC_days_m2,0.0,200
805,2003,7,NW,mean_intensity_degC,,200
806,2003,8,NW,activity_degC_days_m2,128043694512.49783,200
807,2003,8,NW,mean_area_km2,81.79923314232191,200
808,2003,8,NW,mean_duration_days,8.038461538461538,200
809,2003,8,NW,mean_intensity_degC,1.6878042221069336,200
810,2003,8,NW,number_of_events,26.0,200
811,2003,8,NW,sum_area_km2,2126.78006170037,200
812,2003,9,NW,activity_degC_days_m2,223837397093.1086,200
813,2003,9,NW,mean_area_km2,77.22684904390006,200
814,2003,9,NW,mean_duration_days,8.833333333333334,200
815,2003,9,NW,mean_intensity_degC,1.8759194612503052,200
816,2003,9,NW,number_of_events,18.0,200
817,2003,9,NW,sum_area_km2,1390.0832827902009,200
818,2003,10,NW,activity_degC_days_m2,43584349040.59684,200
819,2003,10,NW,mean_intensity_degC,1.5624151229858398,200
820,2003,11,NW,activity_degC_days_m2,0.0,200
821,2003,11,NW,mean_intensity_degC,,200
822,2003,12,NW,activity_degC_days_m2,0.0,200
823,2003,12,NW,mean_intensity_degC,,200
824,2004,1,NW,activity_degC_days_m2,0.0,200
825,2004,1,NW,mean_intensity_degC,,200
826,2004,2,NW,activity_degC_days_m2,0.0,200
827,2004,2,NW,mean_intensity_degC,,200
828,2004,3,NW,activity_degC_days_m2,0.0,200
829,2004,3,NW,mean_intensity_degC,,200
830,2004,4,NW,activity_degC_days_m2,0.0,200
831,2004,4,NW,mean_intensity_degC,,200
832,2004,5,NW,activity_degC_days_m2,0.0,200
833,2004,5,NW,mean_intensity_degC,,200
834,2004,6,NW,activity_degC_days_m2,341454247730.8407,200
835,2004,6,NW,mean_area_km2,80.24753671540525,200
836,2004,6,NW,mean_duration_days,10.79310344827586,200
837,2004,6,NW,mean_intensity_degC,1.8814282417297363,200
838,2004,6,NW,number_of_events,29.0,200
839,2004,6,NW,sum_area_km2,2327.178564746752,200
840,2004,7,NW,activity_degC_days_m2,11781921225.313812,200
841,2004,7,NW,mean_area_km2,82.45257610097515,200
842,2004,7,NW,mean_duration_days,28.0,200
843,2004,7,NW,mean_intensity_degC,1.1768007278442385,200
844,2004,7,NW,number_of_events,1.0,200
845,2004,7,NW,sum_area_km2,82.45257610097515,200
846,2004,8,NW,activity_degC_days_m2,869415302921.9316,200
847,2004,8,NW,mean_area_km2,78.11330515358154,200
848,2004,8,NW,mean_duration_days,24.333333333333332,200
849,2004,8,NW,mean_intensity_degC,2.3235714435577393,200
850,2004,8,NW,number_of_events,24.0,200
851,2004,8,NW,sum_area_km2,1874.7193236859569,200
852,2004,9,NW,activity_degC_days_m2,0.0,200
853,2004,9,NW,mean_intensity_degC,,200
854,2004,10,NW,activity_degC_days_m2,0.0,200
855,2004,10,NW,mean_intensity_degC,,200
856,2004,11,NW,activity_degC_days_m2,0.0,200
857,2004,11,NW,mean_intensity_degC,,200
858,2004,12,NW,activity_degC_days_m2,0.0,200
859,2004,12,NW,mean_intensity_degC,,200
860,2005,1,NW,activity_degC_days_m2,0.0,200
861,2005,1,NW,mean_intensity_degC,,200
862,2005,2,NW,activity_degC_days_m2,0.0,200
863,2005,2,NW,mean_intensity_degC,,200
864,2005,3,NW,activity_degC_days_m2,0.0,200
865,2005,3,NW,mean_intensity_degC,,200
866,2005,4,NW,activity_degC_days_m2,0.0,200
867,2005,4,NW,mean_intensity_degC,,200
868,2005,5,NW,activity_degC_days_m2,4635993498.529638,200
869,2005,5,NW,mean_area_km2,75.74435779066894,200
870,2005,5,NW,mean_duration_days,5.0,200
871,2005,5,NW,mean_intensity_degC,1.569156289100647,200
872,2005,5,NW,number_of_events,1.0,200
873,2005,5,NW,sum_area_km2,75.74435779066894,200
874,2005,6,NW,activity_degC_days_m2,33705309917.34694,200
875,2005,6,NW,mean_area_km2,83.19436743217894,200
876,2005,6,NW,mean_duration_days,6.111111111111111,200
877,2005,6,NW,mean_intensity_degC,1.561182141304016,200
878,2005,6,NW,number_of_events,9.0,200
879,2005,6,NW,sum_area_km2,748.7493068896105,200
880,2005,7,NW,activity_degC_days_m2,91963314240.64998,200
881,2005,7,NW,mean_area_km2,76.78804178623542,200
882,2005,7,NW,mean_duration_days,5.4375,200
883,2005,7,NW,mean_intensity_degC,1.3822282552719116,200
884,2005,7,NW,number_of_events,16.0,200
885,2005,7,NW,sum_area_km2,1228.6086685797668,200
886,2005,8,NW,activity_degC_days_m2,42281666191.68693,200
887,2005,8,NW,mean_area_km2,64.55108435547832,200
888,2005,8,NW,mean_duration_days,6.0,200
889,2005,8,NW,mean_intensity_degC,1.898193359375,200
890,2005,8,NW,number_of_events,6.0,200
891,2005,8,NW,sum_area_km2,387.3065061328699,200
892,2005,9,NW,activity_degC_days_m2,0.0,200
893,2005,9,NW,mean_intensity_degC,,200
894,2005,10,NW,activity_degC_days_m2,0.0,200
895,2005,10,NW,mean_intensity_degC,,200
896,2005,11,NW,activity_degC_days_m2,0.0,200
897,2005,11,NW,mean_intensity_degC,,200
898,2005,12,NW,activity_degC_days_m2,0.0,200
899,2005,12,NW,mean_intensity_degC,,200
900,2006,1,NW,activity_degC_days_m2,0.0,200
901,2006,1,NW,mean_intensity_degC,,200
902,2006,2,NW,activity_degC_days_m2,0.0,200
903,2006,2,NW,mean_intensity_degC,,200
904,2006,3,NW,activity_degC_days_m2,0.0,200
905,2006,3,NW,mean_intensity_degC,,200
906,2006,4,NW,activity_degC_days_m2,0.0,200
907,2006,4,NW,mean_intensity_degC,,200
908,2006,5,NW,activity_degC_days_m2,154463356161.47955,200
909,2006,5,NW,mean_area_km2,73.93473085404884,200
910,2006,5,NW,mean_duration_days,22.23076923076923,200
911,2006,5,NW,mean_intensity_degC,1.6152819395065308,200
912,2006,5,NW,number_of_events,13.0,200
913,2006,5,NW,sum_area_km2,961.1515011026348,200
914,2006,6,NW,activity_degC_days_m2,582382017468.27,200
915,2006,6,NW,mean_area_km2,81.14107445150779,200
916,2006,6,NW,mean_duration_days,15.444444444444445,200
917,2006,6,NW,mean_intensity_degC,2.280646800994873,200
918,2006,6,NW,number_of_events,18.0,200
919,2006,6,NW,sum_area_km2,1460.5393401271403,200
920,2006,7,NW,activity_degC_days_m2,521091725894.4268,200
921,2006,7,NW,mean_area_km2,77.67242415571057,200
922,2006,7,NW,mean_duration_days,19.153846153846153,200
923,2006,7,NW,mean_intensity_degC,1.7995213270187378,200
924,2006,7,NW,number_of_events,26.0,200
925,2006,7,NW,sum_area_km2,2019.483028048475,200
926,2006,8,NW,activity_degC_days_m2,51634488222.11401,200
927,2006,8,NW,mean_intensity_degC,1.5396641492843628,200
928,2006,9,NW,activity_degC_days_m2,5906185178.073968,200
929,2006,9,NW,mean_area_km2,62.3111282615433,200
930,2006,9,NW,mean_duration_days,13.666666666666666,200
931,2006,9,NW,mean_intensity_degC,1.641998291015625,200
932,2006,9,NW,number_of_events,3.0,200
933,2006,9,NW,sum_area_km2,186.9333847846299,200
934,2006,10,NW,activity_degC_days_m2,628951398530.5221,200
935,2006,10,NW,mean_area_km2,77.81904720767535,200
936,2006,10,NW,mean_duration_days,54.72413793103448,200
937,2006,10,NW,mean_intensity_degC,1.7519820928573608,200
938,2006,10,NW,number_of_events,29.0,200
939,2006,10,NW,sum_area_km2,2256.7523690225853,200
940,2006,11,NW,activity_degC_days_m2,1011453988447.004,200
941,2006,11,NW,mean_intensity_degC,2.289278984069824,200
942,2006,12,NW,activity_degC_days_m2,349186891421.8711,200
943,2006,12,NW,mean_area_km2,79.61222001763068,200
944,2006,12,NW,mean_duration_days,8.23076923076923,200
945,2006,12,NW,mean_intensity_degC,1.4578014612197876,200
946,2006,12,NW,number_of_events,13.0,200
947,2006,12,NW,sum_area_km2,1034.958860229199,200
948,2007,1,NW,activity_degC_days_m2,231477661617.60736,200
949,2007,1,NW,mean_area_km2,84.33423429241161,200
950,2007,1,NW,mean_duration_days,17.5,200
951,2007,1,NW,mean_intensity_degC,1.2021384239196775,200
952,2007,1,NW,number_of_events,16.0,200
953,2007,1,NW,sum_area_km2,1349.3477486785855,200
954,2007,2,NW,activity_degC_days_m2,15478699307.358644,200
955,2007,2,NW,mean_area_km2,90.82787870673,200
956,2007,2,NW,mean_duration_days,5.75,200
957,2007,2,NW,mean_intensity_degC,1.148731350898743,200
958,2007,2,NW,number_of_events,4.0,200
959,2007,2,NW,sum_area_km2,363.31151482692,200
960,2007,3,NW,activity_degC_days_m2,74688768242.04929,200
961,2007,3,NW,mean_area_km2,81.38754292892762,200
962,2007,3,NW,mean_duration_days,7.157894736842105,200
963,2007,3,NW,mean_intensity_degC,0.9382107853889464,200
964,2007,3,NW,number_of_events,19.0,200
965,2007,3,NW,sum_area_km2,1546.3633156496248,200
966,2007,4,NW,activity_degC_days_m2,0.0,200
967,2007,4,NW,mean_intensity_degC,,200
968,2007,5,NW,activity_degC_days_m2,0.0,200
969,2007,5,NW,mean_intensity_degC,,200
970,2007,6,NW,activity_degC_days_m2,0.0,200
971,2007,6,NW,mean_intensity_degC,,200
972,2007,7,NW,activity_degC_days_m2,4993334122.772051,200
973,2007,7,NW,mean_area_km2,79.08039694970473,200
974,2007,7,NW,mean_duration_days,6.5,200
975,2007,7,NW,mean_intensity_degC,1.41904616355896,200
976,2007,7,NW,number_of_events,4.0,200
977,2007,7,NW,sum_area_km2,316.32158779881894,200
978,2007,8,NW,activity_degC_days_m2,26834896644.257965,200
979,2007,8,NW,mean_area_km2,92.50297110836544,200
980,2007,8,NW,mean_duration_days,5.0,200
981,2007,8,NW,mean_intensity_degC,1.8343034982681272,200
982,2007,8,NW,number_of_events,1.0,200
983,2007,8,NW,sum_area_km2,92.50297110836544,200
984,2007,9,NW,activity_degC_days_m2,0.0,200
985,2007,9,NW,mean_intensity_degC,,200
986,2007,10,NW,activity_degC_days_m2,0.0,200
987,2007,10,NW,mean_intensity_degC,,200
988,2007,11,NW,activity_degC_days_m2,0.0,200
989,2007,11,NW,mean_intensity_degC,,200
990,2007,12,NW,activity_degC_days_m2,0.0,200
991,2007,12,NW,mean_intensity_degC,,200
992,2008,1,NW,activity_degC_days_m2,0.0,200
993,2008,1,NW,mean_intensity_degC,,200
994,2008,2,NW,activity_degC_days_m2,181197364958.412,200
995,2008,2,NW,mean_area_km2,79.09185236571031,200
996,2008,2,NW,mean_duration_days,9.27906976744186,200
997,2008,2,NW,mean_intensity_degC,1.0947911739349363,200
998,2008,2,NW,number_of_events,43.0,200
999,2008,2,NW,sum_area_km2,3400.949651725543,200
1000,2008,3,NW,activity_degC_days_m2,86909250350.17572,200
1001,2008,3,NW,mean_intensity_degC,1.080150842666626,200
1002,2008,4,NW,activity_degC_days_m2,2224084090.736504,200
1003,2008,4,NW,mean_area_km2,70.14959883338823,200
1004,2008,4,NW,mean_duration_days,5.0,200
1005,2008,4,NW,mean_intensity_degC,1.247004508972168,200
1006,2008,4,NW,number_of_events,3.0,200
1007,2008,4,NW,sum_area_km2,210.44879650016463,200
1008,2008,5,NW,activity_degC_days_m2,11333785133.066084,200
1009,2008,5,NW,mean_intensity_degC,1.5886496305465698,200
1010,2008,6,NW,activity_degC_days_m2,0.0,200
1011,2008,6,NW,mean_intensity_degC,,200
1012,2008,7,NW,activity_degC_days_m2,29485253563.013454,200
1013,2008,7,NW,mean_area_km2,83.70475500345249,200
1014,2008,7,NW,mean_duration_days,6.375,200
1015,2008,7,NW,mean_intensity_degC,1.646464467048645,200
1016,2008,7,NW,number_of_events,8.0,200
1017,2008,7,NW,sum_area_km2,669.6380400276199,200
1018,2008,8,NW,activity_degC_days_m2,23417638310.774593,200
1019,2008,8,NW,mean_intensity_degC,1.7391939163208008,200
1020,2008,9,NW,activity_degC_days_m2,13837254340.350037,200
1021,2008,9,NW,mean_area_km2,94.17631837311592,200
1022,2008,9,NW,mean_duration_days,7.5,200
1023,2008,9,NW,mean_intensity_degC,1.5889990329742432,200
1024,2008,9,NW,number_of_events,2.0,200
1025,2008,9,NW,sum_area_km2,188.35263674623187,200
1026,2008,10,NW,activity_degC_days_m2,0.0,200
1027,2008,10,NW,mean_intensity_degC,,200
1028,2008,11,NW,activity_degC_days_m2,0.0,200
1029,2008,11,NW,mean_intensity_degC,,200
1030,2008,12,NW,activity_degC_days_m2,0.0,200
1031,2008,12,NW,mean_intensity_degC,,200
1032,2009,1,NW,activity_degC_days_m2,0.0,200
1033,2009,1,NW,mean_intensity_degC,,200
1034,2009,2,NW,activity_degC_days_m2,0.0,200
1035,2009,2,NW,mean_intensity_degC,,200
1036,2009,3,NW,activity_degC_days_m2,0.0,200
1037,2009,3,NW,mean_intensity_degC,,200
1038,2009,4,NW,activity_degC_days_m2,0.0,200
1039,2009,4,NW,mean_intensity_degC,,200
1040,2009,5,NW,activity_degC_days_m2,0.0,200
1041,2009,5,NW,mean_intensity_degC,,200
1042,2009,6,NW,activity_degC_days_m2,267871401134.89044,200
1043,2009,6,NW,mean_area_km2,78.28687599147727,200
1044,2009,6,NW,mean_duration_days,18.84,200
1045,2009,6,NW,mean_intensity_degC,2.0088469982147217,200
1046,2009,6,NW,number_of_events,25.0,200
1047,2009,6,NW,sum_area_km2,1957.171899786932,200
1048,2009,7,NW,activity_degC_days_m2,349805882139.384,200
1049,2009,7,NW,mean_area_km2,62.311128261543374,200
1050,2009,7,NW,mean_duration_days,5.0,200
1051,2009,7,NW,mean_intensity_degC,1.8571138381958008,200
1052,2009,7,NW,number_of_events,2.0,200
1053,2009,7,NW,sum_area_km2,124.62225652308676,200
1054,2009,8,NW,activity_degC_days_m2,0.0,200
1055,2009,8,NW,mean_intensity_degC,,200
1056,2009,9,NW,activity_degC_days_m2,0.0,200
1057,2009,9,NW,mean_intensity_degC,,200
1058,2009,10,NW,activity_degC_days_m2,325066553774.27606,200
1059,2009,10,NW,mean_area_km2,78.50329517476288,200
1060,2009,10,NW,mean_duration_days,10.025,200
1061,2009,10,NW,mean_intensity_degC,1.6078311204910278,200
1062,2009,10,NW,number_of_events,40.0,200
1063,2009,10,NW,sum_area_km2,3140.1318069905155,200
1064,2009,11,NW,activity_degC_days_m2,91207794092.93588,200
1065,2009,11,NW,mean_area_km2,79.09871792794273,200
1066,2009,11,NW,mean_duration_days,5.0,200
1067,2009,11,NW,mean_intensity_degC,1.608182430267334,200
1068,2009,11,NW,number_of_events,3.0,200
1069,2009,11,NW,sum_area_km2,237.29615378382815,200
1070,2009,12,NW,activity_degC_days_m2,1294233088.734448,200
1071,2009,12,NW,mean_area_km2,95.84966563786588,200
1072,2009,12,NW,mean_duration_days,5.0,200
1073,2009,12,NW,mean_intensity_degC,1.120255470275879,200
1074,2009,12,NW,number_of_events,1.0,200
1075,2009,12,NW,sum_area_km2,95.84966563786588,200
1076,2010,1,NW,activity_degC_days_m2,2175480975.9850035,200
1077,2010,1,NW,mean_intensity_degC,1.2553609609603882,200
1078,2010,2,NW,activity_degC_days_m2,0.0,200
1079,2010,2,NW,mean_intensity_degC,,200
1080,2010,3,NW,activity_degC_days_m2,0.0,200
1081,2010,3,NW,mean_intensity_degC,,200
1082,2010,4,NW,activity_degC_days_m2,398797874743.3919,200
1083,2010,4,NW,mean_area_km2,77.67242415571059,200
1084,2010,4,NW,mean_duration_days,12.76923076923077,200
1085,2010,4,NW,mean_intensity_degC,2.0774123668670654,200
1086,2010,4,NW,number_of_events,26.0,200
1087,2010,4,NW,sum_area_km2,2019.4830280484753,200
1088,2010,5,NW,activity_degC_days_m2,69134331970.97995,200
1089,2010,5,NW,mean_area_km2,93.17195779948584,200
1090,2010,5,NW,mean_duration_days,6.8,200
1091,2010,5,NW,mean_intensity_degC,1.6413613557815552,200
1092,2010,5,NW,number_of_events,5.0,200
1093,2010,5,NW,sum_area_km2,465.8597889974292,200
1094,2010,6,NW,activity_degC_days_m2,61265543538.18545,200
1095,2010,6,NW,mean_area_km2,76.4150418064251,200
1096,2010,6,NW,mean_duration_days,6.2,200
1097,2010,6,NW,mean_intensity_degC,2.009430170059204,200
1098,2010,6,NW,number_of_events,5.0,200
1099,2010,6,NW,sum_area_km2,382.0752090321255,200
1100,2010,7,NW,activity_degC_days_m2,0.0,200
1101,2010,7,NW,mean_intensity_degC,,200
1102,2010,8,NW,activity_degC_days_m2,21598038385.986763,200
1103,2010,8,NW,mean_area_km2,79.4024102612153,200
1104,2010,8,NW,mean_duration_days,6.2727272727272725,200
1105,2010,8,NW,mean_intensity_degC,1.6398992538452148,200
1106,2010,8,NW,number_of_events,11.0,200
1107,2010,8,NW,sum_area_km2,873.4265128733682,200
1108,2010,9,NW,activity_degC_days_m2,67943739786.05531,200
1109,2010,9,NW,mean_area_km2,87.47943904034453,200
1110,2010,9,NW,mean_duration_days,7.5,200
1111,2010,9,NW,mean_intensity_degC,1.9565831422805784,200
1112,2010,9,NW,number_of_events,2.0,200
1113,2010,9,NW,sum_area_km2,174.95887808068906,200
1114,2010,10,NW,activity_degC_days_m2,0.0,200
1115,2010,10,NW,mean_intensity_degC,,200
1116,2010,11,NW,activity_degC_days_m2,0.0,200
1117,2010,11,NW,mean_intensity_degC,,200
1118,2010,12,NW,activity_degC_days_m2,0.0,200
1119,2010,12,NW,mean_intensity_degC,,200
1120,2011,1,NW,activity_degC_days_m2,6911152320.003935,200
1121,2011,1,NW,mean_area_km2,69.50542100610181,200
1122,2011,1,NW,mean_duration_days,7.428571428571429,200
1123,2011,1,NW,mean_intensity_degC,0.8860629200935364,200
1124,2011,1,NW,number_of_events,7.0,200
1125,2011,1,NW,sum_area_km2,486.5379470427127,200
1126,2011,2,NW,activity_degC_days_m2,52424796642.17753,200
1127,2011,2,NW,mean_area_km2,76.22143994577257,200
1128,2011,2,NW,mean_duration_days,6.428571428571429,200
1129,2011,2,NW,mean_intensity_degC,1.0323129892349243,200
1130,2011,2,NW,number_of_events,7.0,200
1131,2011,2,NW,sum_area_km2,533.550079620408,200
1132,2011,3,NW,activity_degC_days_m2,0.0,200
1133,2011,3,NW,mean_intensity_degC,,200
1134,2011,4,NW,activity_degC_days_m2,287408047859.7602,200
1135,2011,4,NW,mean_area_km2,77.78302150949732,200
1136,2011,4,NW,mean_duration_days,25.951219512195124,200
1137,2011,4,NW,mean_intensity_degC,1.6238149404525757,200
1138,2011,4,NW,number_of_events,41.0,200
1139,2011,4,NW,sum_area_km2,3189.10388188939,200
1140,2011,5,NW,activity_degC_days_m2,1001592639379.8333,200
1141,2011,5,NW,mean_area_km2,95.84966563786588,200
1142,2011,5,NW,mean_duration_days,8.0,200
1143,2011,5,NW,mean_intensity_degC,2.260606527328491,200
1144,2011,5,NW,number_of_events,1.0,200
1145,2011,5,NW,sum_area_km2,95.84966563786588,200
1146,2011,6,NW,activity_degC_days_m2,55805825933.67815,200
1147,2011,6,NW,mean_intensity_degC,1.7284075021743774,200
1148,2011,7,NW,activity_degC_days_m2,0.0,200
1149,2011,7,NW,mean_intensity_degC,,200
1150,2011,8,NW,activity_degC_days_m2,0.0,200
1151,2011,8,NW,mean_intensity_degC,,200
1152,2011,9,NW,activity_degC_days_m2,996486941.9194876,200
1153,2011,9,NW,mean_area_km2,62.31112826154316,200
1154,2011,9,NW,mean_duration_days,7.0,200
1155,2011,9,NW,mean_intensity_degC,1.6622200012207031,200
1156,2011,9,NW,number_of_events,1.0,200
1157,2011,9,NW,sum_area_km2,62.31112826154316,200
1158,2011,10,NW,activity_degC_days_m2,35129196798.842094,200
1159,2011,10,NW,mean_area_km2,65.67053080560096,200
1160,2011,10,NW,mean_duration_days,5.333333333333333,200
1161,2011,10,NW,mean_intensity_degC,1.5440244674682615,200
1162,2011,10,NW,number_of_events,6.0,200
1163,2011,10,NW,sum_area_km2,394.02318483360574,200
1164,2011,11,NW,activity_degC_days_m2,0.0,200
1165,2011,11,NW,mean_intensity_degC,,200
1166,2011,12,NW,activity_degC_days_m2,0.0,200
1167,2011,12,NW,mean_intensity_degC,,200
1168,2012,1,NW,activity_degC_days_m2,0.0,200
1169,2012,1,NW,mean_intensity_degC,,200
1170,2012,2,NW,activity_degC_days_m2,0.0,200
1171,2012,2,NW,mean_intensity_degC,,200
1172,2012,3,NW,activity_degC_days_m2,10094271058.526398,200
1173,2012,3,NW,mean_area_km2,94.73410079469924,200
1174,2012,3,NW,mean_duration_days,5.0,200
1175,2012,3,NW,mean_intensity_degC,1.1635843515396118,200
1176,2012,3,NW,number_of_events,3.0,200
1177,2012,3,NW,sum_area_km2,284.2023023840978,200
1178,2012,4,NW,activity_degC_days_m2,0.0,200
1179,2012,4,NW,mean_intensity_degC,,200
1180,2012,5,NW,activity_degC_days_m2,42102311894.825226,200
1181,2012,5,NW,mean_area_km2,85.32118869110202,200
1182,2012,5,NW,mean_duration_days,11.142857142857142,200
1183,2012,5,NW,mean_intensity_degC,2.0027592182159424,200
1184,2012,5,NW,number_of_events,14.0,200
1185,2012,5,NW,sum_area_km2,1194.4966416754285,200
1186,2012,6,NW,activity_degC_days_m2,173948911729.08044,200
1187,2012,6,NW,mean_area_km2,76.22194841435312,200
1188,2012,6,NW,mean_duration_days,8.428571428571429,200
1189,2012,6,NW,mean_intensity_degC,1.5643515586853027,200
1190,2012,6,NW,number_of_events,7.0,200
1191,2012,6,NW,sum_area_km2,533.5536389004718,200
1192,2012,7,NW,activity_degC_days_m2,0.0,200
1193,2012,7,NW,mean_intensity_degC,,200
1194,2012,8,NW,activity_degC_days_m2,428453321491.8884,200
1195,2012,8,NW,mean_area_km2,78.28687599147727,200
1196,2012,8,NW,mean_duration_days,14.24,200
1197,2012,8,NW,mean_intensity_degC,1.9743856191635132,200
1198,2012,8,NW,number_of_events,25.0,200
1199,2012,8,NW,sum_area_km2,1957.171899786932,200
1200,2012,9,NW,activity_degC_days_m2,60283931593.9832,200
1201,2012,9,NW,mean_area_km2,67.3502320776298,200
1202,2012,9,NW,mean_duration_days,7.25,200
1203,2012,9,NW,mean_intensity_degC,1.7692575454711914,200
1204,2012,9,NW,number_of_events,8.0,200
1205,2012,9,NW,sum_area_km2,538.8018566210384,200
1206,2012,10,NW,activity_degC_days_m2,20523215625.334972,200
1207,2012,10,NW,mean_area_km2,63.431210496256774,200
1208,2012,10,NW,mean_duration_days,7.333333333333333,200
1209,2012,10,NW,mean_intensity_degC,1.539584398269653,200
1210,2012,10,NW,number_of_events,3.0,200
1211,2012,10,NW,sum_area_km2,190.29363148877033,200
1212,2012,11,NW,activity_degC_days_m2,0.0,200
1213,2012,11,NW,mean_intensity_degC,,200
1214,2012,12,NW,activity_degC_days_m2,0.0,200
1215,2012,12,NW,mean_intensity_degC,,200
1216,2013,1,NW,activity_degC_days_m2,0.0,200
1217,2013,1,NW,mean_intensity_degC,,200
1218,2013,2,NW,activity_degC_days_m2,0.0,200
1219,2013,2,NW,mean_intensity_degC,,200
1220,2013,3,NW,activity_degC_days_m2,0.0,200
1221,2013,3,NW,mean_intensity_degC,,200
1222,2013,4,NW,activity_degC_days_m2,0.0,200
1223,2013,4,NW,mean_intensity_degC,,200
1224,2013,5,NW,activity_degC_days_m2,0.0,200
1225,2013,5,NW,mean_intensity_degC,,200
1226,2013,6,NW,activity_degC_days_m2,0.0,200
1227,2013,6,NW,mean_intensity_degC,,200
1228,2013,7,NW,activity_degC_days_m2,207730848086.0153,200
1229,2013,7,NW,mean_area_km2,83.09121667004865,200
1230,2013,7,NW,mean_duration_days,14.76923076923077,200
1231,2013,7,NW,mean_intensity_degC,1.787540078163147,200
1232,2013,7,NW,number_of_events,26.0,200
1233,2013,7,NW,sum_area_km2,2160.371633421265,200
1234,2013,8,NW,activity_degC_days_m2,232281402056.27563,200
1235,2013,8,NW,mean_area_km2,69.03037141687257,200
1236,2013,8,NW,mean_duration_days,6.0,200
1237,2013,8,NW,mean_intensity_degC,1.8981181383132937,200
1238,2013,8,NW,number_of_events,1.0,200
1239,2013,8,NW,sum_area_km2,69.03037141687257,200
1240,2013,9,NW,activity_degC_days_m2,0.0,200
1241,2013,9,NW,mean_intensity_degC,,200
1242,2013,10,NW,activity_degC_days_m2,179115614624.65912,200
1243,2013,10,NW,mean_area_km2,74.35867059176778,200
1244,2013,10,NW,mean_duration_days,13.411764705882351,200
1245,2013,10,NW,mean_intensity_degC,1.6216061115264893,200
1246,2013,10,NW,number_of_events,17.0,200
1247,2013,10,NW,sum_area_km2,1264.0974000600522,200
1248,2013,11,NW,activity_degC_days_m2,68703972457.331245,200
1249,2013,11,NW,mean_area_km2,79.09642718273022,200
1250,2013,11,NW,mean_duration_days,6.666666666666667,200
1251,2013,11,NW,mean_intensity_degC,1.5846930742263794,200
1252,2013,11,NW,number_of_events,6.0,200
1253,2013,11,NW,sum_area_km2,474.57856309638134,200
1254,2013,12,NW,activity_degC_days_m2,0.0,200
1255,2013,12,NW,mean_intensity_degC,,200
1256,2014,1,NW,activity_degC_days_m2,0.0,200
1257,2014,1,NW,mean_intensity_degC,,200
1258,2014,2,NW,activity_degC_days_m2,0.0,200
1259,2014,2,NW,mean_intensity_degC,,200
1260,2014,3,NW,activity_degC_days_m2,0.0,200
1261,2014,3,NW,mean_intensity_degC,,200
1262,2014,4,NW,activity_degC_days_m2,44067709840.067474,200
1263,2014,4,NW,mean_area_km2,91.54552386830262,200
1264,2014,4,NW,mean_duration_days,5.428571428571429,200
1265,2014,4,NW,mean_intensity_degC,1.9785542488098145,200
1266,2014,4,NW,number_of_events,7.0,200
1267,2014,4,NW,sum_area_km2,640.8186670781184,200
1268,2014,5,NW,activity_degC_days_m2,21390491546.003017,200
1269,2014,5,NW,mean_area_km2,75.74399728498543,200
1270,2014,5,NW,mean_duration_days,6.0,200
1271,2014,5,NW,mean_intensity_degC,1.5115985870361328,200
1272,2014,5,NW,number_of_events,4.0,200
1273,2014,5,NW,sum_area_km2,302.9759891399417,200
1274,2014,6,NW,activity_degC_days_m2,123984467628.42076,200
1275,2014,6,NW,mean_area_km2,81.21088861331732,200
1276,2014,6,NW,mean_duration_days,11.736842105263158,200
1277,2014,6,NW,mean_intensity_degC,1.6825029850006104,200
1278,2014,6,NW,number_of_events,19.0,200
1279,2014,6,NW,sum_area_km2,1543.0068836530293,200
1280,2014,7,NW,activity_degC_days_m2,83039645176.53712,200
1281,2014,7,NW,mean_intensity_degC,1.4492353200912476,200
1282,2014,8,NW,activity_degC_days_m2,109438918044.32497,200
1283,2014,8,NW,mean_area_km2,85.35430380757876,200
1284,2014,8,NW,mean_duration_days,5.8,200
1285,2014,8,NW,mean_intensity_degC,2.1341423988342285,200
1286,2014,8,NW,number_of_events,15.0,200
1287,2014,8,NW,sum_area_km2,1280.3145571136813,200
1288,2014,9,NW,activity_degC_days_m2,1107973887913.6174,200
1289,2014,9,NW,mean_area_km2,78.28687599147727,200
1290,2014,9,NW,mean_duration_days,60.04,200
1291,2014,9,NW,mean_intensity_degC,2.6108458042144775,200
1292,2014,9,NW,number_of_events,25.0,200
1293,2014,9,NW,sum_area_km2,1957.171899786932,200
1294,2014,10,NW,activity_degC_days_m2,1070407063284.9022,200
1295,2014,10,NW,mean_area_km2,63.15118993757841,200
1296,2014,10,NW,mean_duration_days,17.5,200
1297,2014,10,NW,mean_intensity_degC,2.4219415187835693,200
1298,2014,10,NW,number_of_events,4.0,200
1299,2014,10,NW,sum_area_km2,252.60475975031363,200
1300,2014,11,NW,activity_degC_days_m2,182431975822.58365,200
1301,2014,11,NW,mean_area_km2,67.35044578217924,200
1302,2014,11,NW,mean_duration_days,9.333333333333334,200
1303,2014,11,NW,mean_intensity_degC,1.65308940410614,200
1304,2014,11,NW,number_of_events,6.0,200
1305,2014,11,NW,sum_area_km2,404.1026746930754,200
1306,2014,12,NW,activity_degC_days_m2,11347990745.651163,200
1307,2014,12,NW,mean_intensity_degC,1.2259000539779663,200
1308,2015,1,NW,activity_degC_days_m2,0.0,200
1309,2015,1,NW,mean_intensity_degC,,200
1310,2015,2,NW,activity_degC_days_m2,0.0,200
1311,2015,2,NW,mean_intensity_degC,,200
1312,2015,3,NW,activity_degC_days_m2,0.0,200
1313,2015,3,NW,mean_intensity_degC,,200
1314,2015,4,NW,activity_degC_days_m2,0.0,200
1315,2015,4,NW,mean_intensity_degC,,200
1316,2015,5,NW,activity_degC_days_m2,0.0,200
1317,2015,5,NW,mean_intensity_degC,,200
1318,2015,6,NW,activity_degC_days_m2,3226463143.4260087,200
1319,2015,6,NW,mean_area_km2,90.82874330666571,200
1320,2015,6,NW,mean_duration_days,5.5,200
1321,2015,6,NW,mean_intensity_degC,1.8533716201782229,200
1322,2015,6,NW,number_of_events,2.0,200
1323,2015,6,NW,sum_area_km2,181.65748661333143,200
1324,2015,7,NW,activity_degC_days_m2,66644155116.09732,200
1325,2015,7,NW,mean_area_km2,72.38598649683075,200
1326,2015,7,NW,mean_duration_days,6.8,200
1327,2015,7,NW,mean_intensity_degC,1.4345861673355105,200
1328,2015,7,NW,number_of_events,10.0,200
1329,2015,7,NW,sum_area_km2,723.8598649683075,200
1330,2015,8,NW,activity_degC_days_m2,4556986027.495548,200
1331,2015,8,NW,mean_area_km2,62.31112826154316,200
1332,2015,8,NW,mean_duration_days,5.0,200
1333,2015,8,NW,mean_intensity_degC,1.9003543853759768,200
1334,2015,8,NW,number_of_events,1.0,200
1335,2015,8,NW,sum_area_km2,62.31112826154316,200
1336,2015,9,NW,activity_degC_days_m2,870757764.8709185,200
1337,2015,9,NW,mean_intensity_degC,1.452493667602539,200
1338,2015,10,NW,activity_degC_days_m2,8106142877.041883,200
1339,2015,10,NW,mean_area_km2,87.47943904034479,200
1340,2015,10,NW,mean_duration_days,5.0,200
1341,2015,10,NW,mean_intensity_degC,1.3899176120758057,200
1342,2015,10,NW,number_of_events,2.0,200
1343,2015,10,NW,sum_area_km2,174.95887808068957,200
1344,2015,11,NW,activity_degC_days_m2,458660489857.08167,200
1345,2015,11,NW,mean_area_km2,78.28687599147727,200
1346,2015,11,NW,mean_duration_days,18.32,200
1347,2015,11,NW,mean_intensity_degC,1.6568504571914673,200
1348,2015,11,NW,number_of_events,25.0,200
1349,2015,11,NW,sum_area_km2,1957.171899786932,200
1350,2015,12,NW,activity_degC_days_m2,341414913641.99097,200
1351,2015,12,NW,mean_area_km2,78.3181199876583,200
1352,2015,12,NW,mean_duration_days,34.38461538461539,200
1353,2015,12,NW,mean_intensity_degC,1.3050172328948977,200
1354,2015,12,NW,number_of_events,26.0,200
1355,2015,12,NW,sum_area_km2,2036.271119679116,200
1356,2016,1,NW,activity_degC_days_m2,439233898319.01495,200
1357,2016,1,NW,mean_area_km2,81.32836731535023,200
1358,2016,1,NW,mean_duration_days,13.5,200
1359,2016,1,NW,mean_intensity_degC,1.1632657051086426,200
1360,2016,1,NW,number_of_events,18.0,200
1361,2016,1,NW,sum_area_km2,1463.910611676304,200
1362,2016,2,NW,activity_degC_days_m2,163612586574.65823,200
1363,2016,2,NW,mean_area_km2,77.502865269817,200
1364,2016,2,NW,mean_duration_days,7.894736842105263,200
1365,2016,2,NW,mean_intensity_degC,1.1516969203948977,200
1366,2016,2,NW,number_of_events,19.0,200
1367,2016,2,NW,sum_area_km2,1472.5544401265229,200
1368,2016,3,NW,activity_degC_days_m2,0.0,200
1369,2016,3,NW,mean_intensity_degC,,200
1370,2016,4,NW,activity_degC_days_m2,0.0,200
1371,2016,4,NW,mean_intensity_degC,,200
1372,2016,5,NW,activity_degC_days_m2,0.0,200
1373,2016,5,NW,mean_intensity_degC,,200
1374,2016,6,NW,activity_degC_days_m2,281659566279.2343,200
1375,2016,6,NW,mean_area_km2,78.28687599147727,200
1376,2016,6,NW,mean_duration_days,8.6,200
1377,2016,6,NW,mean_intensity_degC,2.105166435241699,200
1378,2016,6,NW,number_of_events,25.0,200
1379,2016,6,NW,sum_area_km2,1957.171899786932,200
1380,2016,7,NW,activity_degC_days_m2,0.0,200
1381,2016,7,NW,mean_intensity_degC,,200
1382,2016,8,NW,activity_degC_days_m2,0.0,200
1383,2016,8,NW,mean_intensity_degC,,200
1384,2016,9,NW,activity_degC_days_m2,0.0,200
1385,2016,9,NW,mean_intensity_degC,,200
1386,2016,10,NW,activity_degC_days_m2,0.0,200
1387,2016,10,NW,mean_intensity_degC,,200
1388,2016,11,NW,activity_degC_days_m2,0.0,200
1389,2016,11,NW,mean_intensity_degC,,200
1390,2016,12,NW,activity_degC_days_m2,4211537000.3333383,200
1391,2016,12,NW,mean_area_km2,95.84966563786588,200
1392,2016,12,NW,mean_duration_days,6.0,200
1393,2016,12,NW,mean_intensity_degC,1.2151333093643188,200
1394,2016,12,NW,number_of_events,1.0,200
1395,2016,12,NW,sum_area_km2,95.84966563786588,200
1396,2017,1,NW,activity_degC_days_m2,0.0,200
1397,2017,1,NW,mean_intensity_degC,,200
1398,2017,2,NW,activity_degC_days_m2,0.0,200
1399,2017,2,NW,mean_intensity_degC,,200
1400,2017,3,NW,activity_degC_days_m2,5275372684.001795,200
1401,2017,3,NW,mean_area_km2,95.84966563786614,200
1402,2017,3,NW,mean_duration_days,5.0,200
1403,2017,3,NW,mean_intensity_degC,0.9132458567619324,200
1404,2017,3,NW,number_of_events,2.0,200
1405,2017,3,NW,sum_area_km2,191.69933127573228,200
1406,2017,4,NW,activity_degC_days_m2,104443694700.22762,200
1407,2017,4,NW,mean_area_km2,78.57791890942268,200
1408,2017,4,NW,mean_duration_days,7.615384615384615,200
1409,2017,4,NW,mean_intensity_degC,1.7255953550338743,200
1410,2017,4,NW,number_of_events,13.0,200
1411,2017,4,NW,sum_area_km2,1021.5129458224948,200
1412,2017,5,NW,activity_degC_days_m2,111163422664.64078,200
1413,2017,5,NW,mean_area_km2,81.72051370258622,200
1414,2017,5,NW,mean_duration_days,7.5,200
1415,2017,5,NW,mean_intensity_degC,1.6804503202438354,200
1416,2017,5,NW,number_of_events,14.0,200
1417,2017,5,NW,sum_area_km2,1144.0871918362072,200
1418,2017,6,NW,activity_degC_days_m2,38375733246.450645,200
1419,2017,6,NW,mean_area_km2,63.6552269431995,200
1420,2017,6,NW,mean_duration_days,7.0,200
1421,2017,6,NW,mean_intensity_degC,1.643859624862671,200
1422,2017,6,NW,number_of_events,5.0,200
1423,2017,6,NW,sum_area_km2,318.2761347159975,200
1424,2017,7,NW,activity_degC_days_m2,0.0,200
1425,2017,7,NW,mean_intensity_degC,,200
1426,2017,8,NW,activity_degC_days_m2,0.0,200
1427,2017,8,NW,mean_intensity_degC,,200
1428,2017,9,NW,activity_degC_days_m2,0.0,200
1429,2017,9,NW,mean_intensity_degC,,200
1430,2017,10,NW,activity_degC_days_m2,0.0,200
1431,2017,10,NW,mean_intensity_degC,,200
1432,2017,11,NW,activity_degC_days_m2,0.0,200
1433,2017,11,NW,mean_intensity_degC,,200
1434,2017,12,NW,activity_degC_days_m2,0.0,200
1435,2017,12,NW,mean_intensity_degC,,200
1436,2018,1,NW,activity_degC_days_m2,0.0,200
1437,2018,1,NW,mean_intensity_degC,,200
1438,2018,2,NW,activity_degC_days_m2,0.0,200
1439,2018,2,NW,mean_intensity_degC,,200
1440,2018,3,NW,activity_degC_days_m2,0.0,200
1441,2018,3,NW,mean_intensity_degC,,200
1442,2018,4,NW,activity_degC_days_m2,0.0,200
1443,2018,4,NW,mean_intensity_degC,,200
1444,2018,5,NW,activity_degC_days_m2,0.0,200
1445,2018,5,NW,mean_intensity_degC,,200
1446,2018,6,NW,activity_degC_days_m2,0.0,200
1447,2018,6,NW,mean_intensity_degC,,200
1448,2018,7,NW,activity_degC_days_m2,211294232416.24008,200
1449,2018,7,NW,mean_area_km2,84.9068927258611,200
1450,2018,7,NW,mean_duration_days,13.0,200
1451,2018,7,NW,mean_intensity_degC,1.836227297782898,200
1452,2018,7,NW,number_of_events,15.0,200
1453,2018,7,NW,sum_area_km2,1273.6033908879165,200
1454,2018,8,NW,activity_degC_days_m2,0.0,200
1455,2018,8,NW,mean_intensity_degC,,200
1456,2018,9,NW,activity_degC_days_m2,0.0,200
1457,2018,9,NW,mean_intensity_degC,,200
1458,2018,10,NW,activity_degC_days_m2,0.0,200
1459,2018,10,NW,mean_intensity_degC,,200
1460,2018,11,NW,activity_degC_days_m2,0.0,200
1461,2018,11,NW,mean_intensity_degC,,200
1462,2018,12,NW,activity_degC_days_m2,0.0,200
1463,2018,12,NW,mean_intensity_degC,,200
1464,2019,1,NW,activity_degC_days_m2,0.0,200
1465,2019,1,NW,mean_intensity_degC,,200
1466,2019,2,NW,activity_degC_days_m2,0.0,200
1467,2019,2,NW,mean_intensity_degC,,200
1468,2019,3,NW,activity_degC_days_m2,0.0,200
1469,2019,3,NW,mean_intensity_degC,,200
1470,2019,4,NW,activity_degC_days_m2,0.0,200
1471,2019,4,NW,mean_intensity_degC,,200
1472,2019,5,NW,activity_degC_days_m2,0.0,200
1473,2019,5,NW,mean_intensity_degC,,200
1474,2019,6,NW,activity_degC_days_m2,0.0,200
1475,2019,6,NW,mean_intensity_degC,,200
1476,2019,7,NW,activity_degC_days_m2,43758471925.275314,200
1477,2019,7,NW,mean_area_km2,89.1519934457888,200
1478,2019,7,NW,mean_duration_days,6.125,200
1479,2019,7,NW,mean_intensity_degC,1.4557414054870603,200
1480,2019,7,NW,number_of_events,8.0,200
1481,2019,7,NW,sum_area_km2,713.2159475663104,200
1482,2019,8,NW,activity_degC_days_m2,0.0,200
1483,2019,8,NW,mean_intensity_degC,,200
1484,2019,9,NW,activity_degC_days_m2,0.0,200
1485,2019,9,NW,mean_intensity_degC,,200
1486,2019,10,NW,activity_degC_days_m2,0.0,200
1487,2019,10,NW,mean_intensity_degC,,200
1488,2019,11,NW,activity_degC_days_m2,0.0,200
1489,2019,11,NW,mean_intensity_degC,,200
1490,2019,12,NW,activity_degC_days_m2,0.0,200
1491,2019,12,NW,mean_intensity_degC,,200
1492,2020,1,NW,activity_degC_days_m2,0.0,200
1493,2020,1,NW,mean_intensity_degC,,200
1494,2020,2,NW,activity_degC_days_m2,12852812610.581,200
1495,2020,2,NW,mean_area_km2,85.79455920354167,200
1496,2020,2,NW,mean_duration_days,5.8,200
1497,2020,2,NW,mean_intensity_degC,0.8984399437904358,200
1498,2020,2,NW,number_of_events,5.0,200
1499,2020,2,NW,sum_area_km2,428.9727960177083,200
1500,2020,3,NW,activity_degC_days_m2,16722411946.5103,200
1501,2020,3,NW,mean_area_km2,93.17195779948584,200
1502,2020,3,NW,mean_duration_days,5.2,200
1503,2020,3,NW,mean_intensity_degC,0.9100356698036194,200
1504,2020,3,NW,number_of_events,5.0,200
1505,2020,3,NW,sum_area_km2,465.8597889974292,200
1506,2020,4,NW,activity_degC_days_m2,0.0,200
1507,2020,4,NW,mean_intensity_degC,,200
1508,2020,5,NW,activity_degC_days_m2,631427835254.591,200
1509,2020,5,NW,mean_area_km2,75.33020700009376,200
1510,2020,5,NW,mean_duration_days,18.515151515151516,200
1511,2020,5,NW,mean_intensity_degC,2.015462636947632,200
1512,2020,5,NW,number_of_events,33.0,200
1513,2020,5,NW,sum_area_km2,2485.896831003094,200
1514,2020,6,NW,activity_degC_days_m2,181426519798.8853,200
1515,2020,6,NW,mean_intensity_degC,2.086263418197632,200
1516,2020,7,NW,activity_degC_days_m2,0.0,200
1517,2020,7,NW,mean_intensity_degC,,200
1518,2020,8,NW,activity_degC_days_m2,150331154170.47842,200
1519,2020,8,NW,mean_area_km2,83.91461014404933,200
1520,2020,8,NW,mean_duration_days,8.75,200
1521,2020,8,NW,mean_intensity_degC,1.8463106155395508,200
1522,2020,8,NW,number_of_events,16.0,200
1523,2020,8,NW,sum_area_km2,1342.6337623047891,200
1524,2020,9,NW,activity_degC_days_m2,0.0,200
1525,2020,9,NW,mean_intensity_degC,,200
1526,2020,10,NW,activity_degC_days_m2,0.0,200
1527,2020,10,NW,mean_intensity_degC,,200
1528,2020,11,NW,activity_degC_days_m2,0.0,200
1529,2020,11,NW,mean_intensity_degC,,200
1530,2020,12,NW,activity_degC_days_m2,11344903591.786907,200
1531,2020,12,NW,mean_area_km2,87.47943904034453,200
1532,2020,12,NW,mean_duration_days,8.0,200
1533,2020,12,NW,mean_intensity_degC,1.2087452411651611,200
1534,2020,12,NW,number_of_events,2.0,200
1535,2020,12,NW,sum_area_km2,174.95887808068906,200
1536,2021,1,NW,activity_degC_days_m2,0.0,200
1537,2021,1,NW,mean_intensity_degC,,200
1538,2021,2,NW,activity_degC_days_m2,0.0,200
1539,2021,2,NW,mean_intensity_degC,,200
1540,2021,3,NW,activity_degC_days_m2,0.0,200
1541,2021,3,NW,mean_intensity_degC,,200
1542,2021,4,NW,activity_degC_days_m2,446332164072.75055,200
1543,2021,4,NW,mean_area_km2,79.63710779164192,200
1544,2021,4,NW,mean_duration_days,11.972972972972974,200
1545,2021,4,NW,mean_intensity_degC,1.6505028009414673,200
1546,2021,4,NW,number_of_events,37.0,200
1547,2021,4,NW,sum_area_km2,2946.572988290751,200
1548,2021,5,NW,activity_degC_days_m2,4551159928.379904,200
1549,2021,5,NW,mean_area_km2,62.31112826154316,200
1550,2021,5,NW,mean_duration_days,5.0,200
1551,2021,5,NW,mean_intensity_degC,1.2730941772460938,200
1552,2021,5,NW,number_of_events,1.0,200
1553,2021,5,NW,sum_area_km2,62.31112826154316,200
1554,2021,6,NW,activity_degC_days_m2,0.0,200
1555,2021,6,NW,mean_intensity_degC,,200
1556,2021,7,NW,activity_degC_days_m2,0.0,200
1557,2021,7,NW,mean_intensity_degC,,200
1558,2021,8,NW,activity_degC_days_m2,1721563486.7923715,200
1559,2021,8,NW,mean_area_km2,89.15451550496665,200
1560,2021,8,NW,mean_duration_days,20.0,200
1561,2021,8,NW,mean_intensity_degC,1.4787311553955078,200
1562,2021,8,NW,number_of_events,1.0,200
1563,2021,8,NW,sum_area_km2,89.15451550496665,200
1564,2021,9,NW,activity_degC_days_m2,494463486889.8721,200
1565,2021,9,NW,mean_area_km2,77.83405767841522,200
1566,2021,9,NW,mean_duration_days,15.541666666666666,200
1567,2021,9,NW,mean_intensity_degC,2.078289270401001,200
1568,2021,9,NW,number_of_events,24.0,200
1569,2021,9,NW,sum_area_km2,1868.0173842819652,200
1570,2021,10,NW,activity_degC_days_m2,0.0,200
1571,2021,10,NW,mean_intensity_degC,,200
1572,2021,11,NW,activity_degC_days_m2,0.0,200
1573,2021,11,NW,mean_intensity_degC,,200
1574,2021,12,NW,activity_degC_days_m2,0.0,200
1575,2021,12,NW,mean_intensity_degC,,200
1576,2022,1,NW,activity_degC_days_m2,0.0,200
1577,2022,1,NW,mean_intensity_degC,,200
1578,2022,2,NW,activity_degC_days_m2,0.0,200
1579,2022,2,NW,mean_intensity_degC,,200
1580,2022,3,NW,activity_degC_days_m2,0.0,200
1581,2022,3,NW,mean_intensity_degC,,200
1582,2022,4,NW,activity_degC_days_m2,0.0,200
1583,2022,4,NW,mean_intensity_degC,,200
1584,2022,5,NW,activity_degC_days_m2,0.0,200
1585,2022,5,NW,mean_intensity_degC,,200
1586,2022,6,NW,activity_degC_days_m2,261306758858.34753,200
1587,2022,6,NW,mean_area_km2,77.60116031181612,200
1588,2022,6,NW,mean_duration_days,9.555555555555555,200
1589,2022,6,NW,mean_intensity_degC,1.5813606977462769,200
1590,2022,6,NW,number_of_events,27.0,200
1591,2022,6,NW,sum_area_km2,2095.231328419035,200
1592,2022,7,NW,activity_degC_days_m2,21884754028.101955,200
1593,2022,7,NW,mean_area_km2,76.41165768246066,200
1594,2022,7,NW,mean_duration_days,5.4,200
1595,2022,7,NW,mean_intensity_degC,1.3632203340530396,200
1596,2022,7,NW,number_of_events,5.0,200
1597,2022,7,NW,sum_area_km2,382.0582884123033,200
1598,2022,8,NW,activity_degC_days_m2,103435327580.4962,200
1599,2022,8,NW,mean_area_km2,82.64619744701899,200
1600,2022,8,NW,mean_duration_days,5.117647058823529,200
1601,2022,8,NW,mean_intensity_degC,1.882712483406067,200
1602,2022,8,NW,number_of_events,17.0,200
1603,2022,8,NW,sum_area_km2,1404.985356599323,200
1604,2022,9,NW,activity_degC_days_m2,491282334438.25305,200
1605,2022,9,NW,mean_area_km2,77.89459532266748,200
1606,2022,9,NW,mean_duration_days,12.464285714285714,200
1607,2022,9,NW,mean_intensity_degC,2.1029655933380127,200
1608,2022,9,NW,number_of_events,28.0,200
1609,2022,9,NW,sum_area_km2,2181.0486690346893,200
1610,2022,10,NW,activity_degC_days_m2,1665256911.1777716,200
1611,2022,10,NW,mean_area_km2,79.09921989218407,200
1612,2022,10,NW,mean_duration_days,86.0,200
1613,2022,10,NW,mean_intensity_degC,1.414323806762695,200
1614,2022,10,NW,number_of_events,1.0,200
1615,2022,10,NW,sum_area_km2,79.09921989218407,200
1616,2022,11,NW,activity_degC_days_m2,344006230869.9484,200
1617,2022,11,NW,mean_area_km2,81.48867566406,200
1618,2022,11,NW,mean_duration_days,30.857142857142858,200
1619,2022,11,NW,mean_intensity_degC,1.4818791151046753,200
1620,2022,11,NW,number_of_events,21.0,200
1621,2022,11,NW,sum_area_km2,1711.26218894526,200
1622,2022,12,NW,activity_degC_days_m2,506272592417.6252,200
1623,2022,12,NW,mean_area_km2,78.03188103478267,200
1624,2022,12,NW,mean_duration_days,47.421052631578945,200
1625,2022,12,NW,mean_intensity_degC,1.422893762588501,200
1626,2022,12,NW,number_of_events,19.0,200
1627,2022,12,NW,sum_area_km2,1482.6057396608708,200
1628,2023,1,NW,activity_degC_days_m2,580474152361.5736,200
1629,2023,1,NW,mean_area_km2,72.38702007572375,200
1630,2023,1,NW,mean_duration_days,7.125,200
1631,2023,1,NW,mean_intensity_degC,1.4224661588668823,200
1632,2023,1,NW,number_of_events,8.0,200
1633,2023,1,NW,sum_area_km2,579.09616060579,200
1634,2023,2,NW,activity_degC_days_m2,43895922599.49516,200
1635,2023,2,NW,mean_area_km2,75.74387711642424,200
1636,2023,2,NW,mean_duration_days,5.666666666666667,200
1637,2023,2,NW,mean_intensity_degC,0.939350426197052,200
1638,2023,2,NW,number_of_events,3.0,200
1639,2023,2,NW,sum_area_km2,227.23163134927273,200
1640,2023,3,NW,activity_degC_days_m2,246932608619.59692,200
1641,2023,3,NW,mean_area_km2,78.18908682990774,200
1642,2023,3,NW,mean_duration_days,36.11538461538461,200
1643,2023,3,NW,mean_intensity_degC,1.1335538625717163,200
1644,2023,3,NW,number_of_events,26.0,200
1645,2023,3,NW,sum_area_km2,2032.9162575776008,200
1646,2023,4,NW,activity_degC_days_m2,666551575840.6884,200
1647,2023,4,NW,mean_area_km2,78.41939363415192,200
1648,2023,4,NW,mean_duration_days,20.866666666666667,200
1649,2023,4,NW,mean_intensity_degC,1.7574604749679563,200
1650,2023,4,NW,number_of_events,15.0,200
1651,2023,4,NW,sum_area_km2,1176.2909045122788,200
1652,2023,5,NW,activity_degC_days_m2,343640860513.34985,200
1653,2023,5,NW,mean_area_km2,62.31112826154316,200
1654,2023,5,NW,mean_duration_days,28.0,200
1655,2023,5,NW,mean_intensity_degC,1.999109148979187,200
1656,2023,5,NW,number_of_events,1.0,200
1657,2023,5,NW,sum_area_km2,62.31112826154316,200
1658,2023,6,NW,activity_degC_days_m2,431983769559.03656,200
1659,2023,6,NW,mean_area_km2,78.95253214689119,200
1660,2023,6,NW,mean_duration_days,15.625,200
1661,2023,6,NW,mean_intensity_degC,1.6923609972000122,200
1662,2023,6,NW,number_of_events,24.0,200
1663,2023,6,NW,sum_area_km2,1894.8607715253888,200
1664,2023,7,NW,activity_degC_days_m2,0.0,200
1665,2023,7,NW,mean_intensity_degC,,200
1666,2023,8,NW,activity_degC_days_m2,0.0,200
1667,2023,8,NW,mean_intensity_degC,,200
1668,2023,9,NW,activity_degC_days_m2,430493040603.4206,200
1669,2023,9,NW,mean_area_km2,78.01441182629303,200
1670,2023,9,NW,mean_duration_days,64.57142857142857,200
1671,2023,9,NW,mean_intensity_degC,2.1474766731262207,200
1672,2023,9,NW,number_of_events,28.0,200
1673,2023,9,NW,sum_area_km2,2184.4035311362045,200
1674,2023,10,NW,activity_degC_days_m2,1239087480688.6145,200
1675,2023,10,NW,mean_intensity_degC,2.716322183609009,200
1676,2023,11,NW,activity_degC_days_m2,664166246439.7595,200
1677,2023,11,NW,mean_area_km2,79.08265564547794,200
1678,2023,11,NW,mean_duration_days,15.0,200
1679,2023,11,NW,mean_intensity_degC,1.7120863199234009,200
1680,2023,11,NW,number_of_events,6.0,200
1681,2023,11,NW,sum_area_km2,474.4959338728676,200
1682,2023,12,NW,activity_degC_days_m2,211853561001.47595,200
1683,2023,12,NW,mean_area_km2,79.09480054595612,200
1684,2023,12,NW,mean_duration_days,11.307692307692308,200
1685,2023,12,NW,mean_intensity_degC,1.1810275316238403,200
1686,2023,12,NW,number_of_events,13.0,200
1687,2023,12,NW,sum_area_km2,1028.2324070974296,200
1688,2024,1,NW,activity_degC_days_m2,184389731430.0077,200
1689,2024,1,NW,mean_area_km2,77.35322018068578,200
1690,2024,1,NW,mean_duration_days,38.55555555555556,200
1691,2024,1,NW,mean_intensity_degC,1.0292168855667114,200
1692,2024,1,NW,number_of_events,27.0,200
1693,2024,1,NW,sum_area_km2,2088.5369448785164,200
1694,2024,2,NW,activity_degC_days_m2,707740847360.1082,200
1695,2024,2,NW,mean_area_km2,85.79701171426734,200
1696,2024,2,NW,mean_duration_days,27.0,200
1697,2024,2,NW,mean_intensity_degC,1.6667964458465576,200
1698,2024,2,NW,number_of_events,2.0,200
1699,2024,2,NW,sum_area_km2,171.59402342853468,200
1700,2024,3,NW,activity_degC_days_m2,127663901225.34904,200
1701,2024,3,NW,mean_area_km2,79.65578993305667,200
1702,2024,3,NW,mean_duration_days,8.083333333333334,200
1703,2024,3,NW,mean_intensity_degC,1.0453181266784668,200
1704,2024,3,NW,number_of_events,12.0,200
1705,2024,3,NW,sum_area_km2,955.86947919668,200
1706,2024,4,NW,activity_degC_days_m2,87025430219.06747,200
1707,2024,4,NW,mean_area_km2,69.58798187146824,200
1708,2024,4,NW,mean_duration_days,7.75,200
1709,2024,4,NW,mean_intensity_degC,1.5324363708496094,200
1710,2024,4,NW,number_of_events,12.0,200
1711,2024,4,NW,sum_area_km2,835.055782457619,200
1712,2024,5,NW,activity_degC_days_m2,0.0,200
1713,2024,5,NW,mean_intensity_degC,,200
1714,2024,6,NW,activity_degC_days_m2,0.0,200
1715,2024,6,NW,mean_intensity_degC,,200
1716,2024,7,NW,activity_degC_days_m2,0.0,200
1717,2024,7,NW,mean_intensity_degC,,200
1718,2024,8,NW,activity_degC_days_m2,0.0,200
1719,2024,8,NW,mean_intensity_degC,,200
1720,2024,9,NW,activity_degC_days_m2,0.0,200
1721,2024,9,NW,mean_intensity_degC,,200
1722,2024,10,NW,activity_degC_days_m2,84041776750.89563,200
1723,2024,10,NW,mean_area_km2,86.71266455612131,200
1724,2024,10,NW,mean_duration_days,8.545454545454545,200
1725,2024,10,NW,mean_intensity_degC,1.556061863899231,200
1726,2024,10,NW,number_of_events,11.0,200
1727,2024,10,NW,sum_area_km2,953.8393101173344,200
1728,2024,11,NW,activity_degC_days_m2,111836414899.56418,200
1729,2024,11,NW,mean_area_km2,77.3332571715427,200
1730,2024,11,NW,mean_duration_days,22.142857142857142,200
1731,2024,11,NW,mean_intensity_degC,1.3978029489517212,200
1732,2024,11,NW,number_of_events,21.0,200
1733,2024,11,NW,sum_area_km2,1623.9984006023967,200
1734,2024,12,NW,activity_degC_days_m2,331735172266.3531,200
1735,2024,12,NW,mean_area_km2,75.26105391106374,200
1736,2024,12,NW,mean_duration_days,8.571428571428571,200
1737,2024,12,NW,mean_intensity_degC,1.2346590757369995,200
1738,2024,12,NW,number_of_events,7.0,200
1739,2024,12,NW,sum_area_km2,526.8273773774462,200
1740,2025,1,NW,activity_degC_days_m2,80271273790.03336,200
1741,2025,1,NW,mean_area_km2,76.619934287695,200
1742,2025,1,NW,mean_duration_days,6.684210526315789,200
1743,2025,1,NW,mean_intensity_degC,1.0182161331176758,200
1744,2025,1,NW,number_of_events,19.0,200
1745,2025,1,NW,sum_area_km2,1455.7787514662052,200
1746,2025,2,NW,activity_degC_days_m2,39110634833.42355,200
1747,2025,2,NW,mean_area_km2,84.67977740618558,200
1748,2025,2,NW,mean_duration_days,9.416666666666666,200
1749,2025,2,NW,mean_intensity_degC,0.968919575214386,200
1750,2025,2,NW,number_of_events,12.0,200
1751,2025,2,NW,sum_area_km2,1016.1573288742268,200
1752,2025,3,NW,activity_degC_days_m2,47879703709.82637,200
1753,2025,3,NW,mean_area_km2,83.48082724166814,200
1754,2025,3,NW,mean_duration_days,6.846153846153846,200
1755,2025,3,NW,mean_intensity_degC,1.029576063156128,200
1756,2025,3,NW,number_of_events,13.0,200
1757,2025,3,NW,sum_area_km2,1085.2507541416858,200
1758,2025,4,NW,activity_degC_days_m2,212607479605.7047,200
1759,2025,4,NW,mean_area_km2,77.5672116575551,200
1760,2025,4,NW,mean_duration_days,6.590909090909091,200
1761,2025,4,NW,mean_intensity_degC,1.6237413883209229,200
1762,2025,4,NW,number_of_events,22.0,200
1763,2025,4,NW,sum_area_km2,1706.4786564662122,200
1764,2025,5,NW,activity_degC_days_m2,283511584562.7911,200
1765,2025,5,NW,mean_area_km2,79.09115465493066,200
1766,2025,5,NW,mean_duration_days,11.0,200
1767,2025,5,NW,mean_intensity_degC,1.5884228944778442,200
1768,2025,5,NW,number_of_events,26.0,200
1769,2025,5,NW,sum_area_km2,2056.3700210281972,200
1770,2025,6,NW,activity_degC_days_m2,0.0,200
1771,2025,6,NW,mean_intensity_degC,,200
1772,2025,7,NW,activity_degC_days_m2,0.0,200
1773,2025,7,NW,mean_intensity_degC,,200
1774,2025,8,NW,activity_degC_days_m2,0.0,200
1775,2025,8,NW,mean_intensity_degC,,200
1776,2025,9,NW,activity_degC_days_m2,0.0,200
1777,2025,9,NW,mean_intensity_degC,,200
1778,2025,10,NW,activity_degC_days_m2,0.0,200
1779,2025,10,NW,mean_intensity_degC,,200
1780,2025,11,NW,activity_degC_days_m2,0.0,200
1781,2025,11,NW,mean_intensity_degC,,200
1782,2025,12,NW,activity_degC_days_m2,0.0,200
1783,2025,12,NW,mean_intensity_degC,,200
1784,1981,9,S,activity_degC_days_m2,0.0,200
1785,1981,9,S,mean_intensity_degC,,200
1786,1981,10,S,activity_degC_days_m2,0.0,200
1787,1981,10,S,mean_intensity_degC,,200
1788,1981,11,S,activity_degC_days_m2,998540252.8807513,200
1789,1981,11,S,mean_area_km2,32.023208888210064,200
1790,1981,11,S,mean_duration_days,5.0,200
1791,1981,11,S,mean_intensity_degC,1.6153068542480469,200
1792,1981,11,S,number_of_events,1.0,200
1793,1981,11,S,sum_area_km2,32.023208888210064,200
1794,1981,12,S,activity_degC_days_m2,3680840099.2641335,200
1795,1981,12,S,mean_intensity_degC,1.4885945320129397,200
1796,1982,1,S,activity_degC_days_m2,0.0,200
1797,1982,1,S,mean_intensity_degC,,200
1798,1982,2,S,activity_degC_days_m2,0.0,200
1799,1982,2,S,mean_intensity_degC,,200
1800,1982,3,S,activity_degC_days_m2,0.0,200
1801,1982,3,S,mean_intensity_degC,,200
1802,1982,4,S,activity_degC_days_m2,0.0,200
1803,1982,4,S,mean_intensity_degC,,200
1804,1982,5,S,activity_degC_days_m2,22506838518.33915,200
1805,1982,5,S,mean_area_km2,33.70751777103843,200
1806,1982,5,S,mean_duration_days,5.0,200
1807,1982,5,S,mean_intensity_degC,1.810931921005249,200
1808,1982,5,S,number_of_events,4.0,200
1809,1982,5,S,sum_area_km2,134.83007108415373,200
1810,1982,6,S,activity_degC_days_m2,0.0,200
1811,1982,6,S,mean_intensity_degC,,200
1812,1982,7,S,activity_degC_days_m2,0.0,200
1813,1982,7,S,mean_intensity_degC,,200
1814,1982,8,S,activity_degC_days_m2,0.0,200
1815,1982,8,S,mean_intensity_degC,,200
1816,1982,9,S,activity_degC_days_m2,45981551968.97427,200
1817,1982,9,S,mean_area_km2,34.04437954760412,200
1818,1982,9,S,mean_duration_days,7.6,200
1819,1982,9,S,mean_intensity_degC,1.9339632987976072,200
1820,1982,9,S,number_of_events,5.0,200
1821,1982,9,S,sum_area_km2,170.2218977380206,200
1822,1982,10,S,activity_degC_days_m2,0.0,200
1823,1982,10,S,mean_intensity_degC,,200
1824,1982,11,S,activity_degC_days_m2,0.0,200
1825,1982,11,S,mean_intensity_degC,,200
1826,1982,12,S,activity_degC_days_m2,0.0,200
1827,1982,12,S,mean_intensity_degC,,200
1828,1983,1,S,activity_degC_days_m2,0.0,200
1829,1983,1,S,mean_intensity_degC,,200
1830,1983,2,S,activity_degC_days_m2,0.0,200
1831,1983,2,S,mean_intensity_degC,,200
1832,1983,3,S,activity_degC_days_m2,18407201752.910477,200
1833,1983,3,S,mean_area_km2,32.86536332962425,200
1834,1983,3,S,mean_duration_days,6.5,200
1835,1983,3,S,mean_intensity_degC,1.1203525066375732,200
1836,1983,3,S,number_of_events,4.0,200
1837,1983,3,S,sum_area_km2,131.461453318497,200
1838,1983,4,S,activity_degC_days_m2,0.0,200
1839,1983,4,S,mean_intensity_degC,,200
1840,1983,5,S,activity_degC_days_m2,0.0,200
1841,1983,5,S,mean_intensity_degC,,200
1842,1983,6,S,activity_degC_days_m2,0.0,200
1843,1983,6,S,mean_intensity_degC,,200
1844,1983,7,S,activity_degC_days_m2,0.0,200
1845,1983,7,S,mean_intensity_degC,,200
1846,1983,8,S,activity_degC_days_m2,0.0,200
1847,1983,8,S,mean_intensity_degC,,200
1848,1983,9,S,activity_degC_days_m2,0.0,200
1849,1983,9,S,mean_intensity_degC,,200
1850,1983,10,S,activity_degC_days_m2,7123560724.650721,200
1851,1983,10,S,mean_area_km2,35.39182665386684,200
1852,1983,10,S,mean_duration_days,6.0,200
1853,1983,10,S,mean_intensity_degC,1.926918387413025,200
1854,1983,10,S,number_of_events,1.0,200
1855,1983,10,S,sum_area_km2,35.39182665386684,200
1856,1983,11,S,activity_degC_days_m2,34963681066.2394,200
1857,1983,11,S,mean_area_km2,32.98567110696916,200
1858,1983,11,S,mean_duration_days,7.571428571428571,200
1859,1983,11,S,mean_intensity_degC,1.642931580543518,200
1860,1983,11,S,number_of_events,7.0,200
1861,1983,11,S,sum_area_km2,230.89969774878412,200
1862,1983,12,S,activity_degC_days_m2,19528615262.742725,200
1863,1983,12,S,mean_intensity_degC,1.624814510345459,200
1864,1984,1,S,activity_degC_days_m2,0.0,200
1865,1984,1,S,mean_intensity_degC,,200
1866,1984,2,S,activity_degC_days_m2,0.0,200
1867,1984,2,S,mean_intensity_degC,,200
1868,1984,3,S,activity_degC_days_m2,0.0,200
1869,1984,3,S,mean_intensity_degC,,200
1870,1984,4,S,activity_degC_days_m2,0.0,200
1871,1984,4,S,mean_intensity_degC,,200
1872,1984,5,S,activity_degC_days_m2,0.0,200
1873,1984,5,S,mean_intensity_degC,,200
1874,1984,6,S,activity_degC_days_m2,0.0,200
1875,1984,6,S,mean_intensity_degC,,200
1876,1984,7,S,activity_degC_days_m2,0.0,200
1877,1984,7,S,mean_intensity_degC,,200
1878,1984,8,S,activity_degC_days_m2,0.0,200
1879,1984,8,S,mean_intensity_degC,,200
1880,1984,9,S,activity_degC_days_m2,0.0,200
1881,1984,9,S,mean_intensity_degC,,200
1882,1984,10,S,activity_degC_days_m2,0.0,200
1883,1984,10,S,mean_intensity_degC,,200
1884,1984,11,S,activity_degC_days_m2,0.0,200
1885,1984,11,S,mean_intensity_degC,,200
1886,1984,12,S,activity_degC_days_m2,0.0,200
1887,1984,12,S,mean_intensity_degC,,200
1888,1985,1,S,activity_degC_days_m2,0.0,200
1889,1985,1,S,mean_intensity_degC,,200
1890,1985,2,S,activity_degC_days_m2,0.0,200
1891,1985,2,S,mean_intensity_degC,,200
1892,1985,3,S,activity_degC_days_m2,0.0,200
1893,1985,3,S,mean_intensity_degC,,200
1894,1985,4,S,activity_degC_days_m2,0.0,200
1895,1985,4,S,mean_intensity_degC,,200
1896,1985,5,S,activity_degC_days_m2,0.0,200
1897,1985,5,S,mean_intensity_degC,,200
1898,1985,6,S,activity_degC_days_m2,0.0,200
1899,1985,6,S,mean_intensity_degC,,200
1900,1985,7,S,activity_degC_days_m2,0.0,200
1901,1985,7,S,mean_intensity_degC,,200
1902,1985,8,S,activity_degC_days_m2,0.0,200
1903,1985,8,S,mean_intensity_degC,,200
1904,1985,9,S,activity_degC_days_m2,5123421561.487721,200
1905,1985,9,S,mean_area_km2,35.39182665386684,200
1906,1985,9,S,mean_duration_days,6.0,200
1907,1985,9,S,mean_intensity_degC,1.663058519363403,200
1908,1985,9,S,number_of_events,1.0,200
1909,1985,9,S,sum_area_km2,35.39182665386684,200
1910,1985,10,S,activity_degC_days_m2,5670653360.008413,200
1911,1985,10,S,mean_area_km2,35.39182665386684,200
1912,1985,10,S,mean_duration_days,5.0,200
1913,1985,10,S,mean_intensity_degC,1.5339078903198242,200
1914,1985,10,S,number_of_events,1.0,200
1915,1985,10,S,sum_area_km2,35.39182665386684,200
1916,1985,11,S,activity_degC_days_m2,0.0,200
1917,1985,11,S,mean_intensity_degC,,200
1918,1985,12,S,activity_degC_days_m2,0.0,200
1919,1985,12,S,mean_intensity_degC,,200
1920,1986,1,S,activity_degC_days_m2,0.0,200
1921,1986,1,S,mean_intensity_degC,,200
1922,1986,2,S,activity_degC_days_m2,0.0,200
1923,1986,2,S,mean_intensity_degC,,200
1924,1986,3,S,activity_degC_days_m2,0.0,200
1925,1986,3,S,mean_intensity_degC,,200
1926,1986,4,S,activity_degC_days_m2,0.0,200
1927,1986,4,S,mean_intensity_degC,,200
1928,1986,5,S,activity_degC_days_m2,0.0,200
1929,1986,5,S,mean_intensity_degC,,200
1930,1986,6,S,activity_degC_days_m2,0.0,200
1931,1986,6,S,mean_intensity_degC,,200
1932,1986,7,S,activity_degC_days_m2,0.0,200
1933,1986,7,S,mean_intensity_degC,,200
1934,1986,8,S,activity_degC_days_m2,0.0,200
1935,1986,8,S,mean_intensity_degC,,200
1936,1986,9,S,activity_degC_days_m2,0.0,200
1937,1986,9,S,mean_intensity_degC,,200
1938,1986,10,S,activity_degC_days_m2,0.0,200
1939,1986,10,S,mean_intensity_degC,,200
1940,1986,11,S,activity_degC_days_m2,0.0,200
1941,1986,11,S,mean_intensity_degC,,200
1942,1986,12,S,activity_degC_days_m2,0.0,200
1943,1986,12,S,mean_intensity_degC,,200
1944,1987,1,S,activity_degC_days_m2,0.0,200
1945,1987,1,S,mean_intensity_degC,,200
1946,1987,2,S,activity_degC_days_m2,0.0,200
1947,1987,2,S,mean_intensity_degC,,200
1948,1987,3,S,activity_degC_days_m2,32142496625.963795,200
1949,1987,3,S,mean_area_km2,33.146081476762326,200
1950,1987,3,S,mean_duration_days,6.833333333333333,200
1951,1987,3,S,mean_intensity_degC,1.2004692554473877,200
1952,1987,3,S,number_of_events,6.0,200
1953,1987,3,S,sum_area_km2,198.87648886057391,200
1954,1987,4,S,activity_degC_days_m2,0.0,200
1955,1987,4,S,mean_intensity_degC,,200
1956,1987,5,S,activity_degC_days_m2,0.0,200
1957,1987,5,S,mean_intensity_degC,,200
1958,1987,6,S,activity_degC_days_m2,0.0,200
1959,1987,6,S,mean_intensity_degC,,200
1960,1987,7,S,activity_degC_days_m2,9191629492.102331,200
1961,1987,7,S,mean_area_km2,32.023208888210114,200
1962,1987,7,S,mean_duration_days,5.5,200
1963,1987,7,S,mean_intensity_degC,1.3305109739303589,200
1964,1987,7,S,number_of_events,2.0,200
1965,1987,7,S,sum_area_km2,64.04641777642023,200
1966,1987,8,S,activity_degC_days_m2,10702799945.395111,200
1967,1987,8,S,mean_area_km2,32.023208888210114,200
1968,1987,8,S,mean_duration_days,5.0,200
1969,1987,8,S,mean_intensity_degC,1.7313579320907593,200
1970,1987,8,S,number_of_events,2.0,200
1971,1987,8,S,sum_area_km2,64.04641777642023,200
1972,1987,9,S,activity_degC_days_m2,104949741416.41568,200
1973,1987,9,S,mean_area_km2,33.146081476762326,200
1974,1987,9,S,mean_duration_days,14.333333333333334,200
1975,1987,9,S,mean_intensity_degC,2.0332531929016113,200
1976,1987,9,S,number_of_events,6.0,200
1977,1987,9,S,sum_area_km2,198.87648886057391,200
1978,1987,10,S,activity_degC_days_m2,3625439005.3011303,200
1979,1987,10,S,mean_intensity_degC,1.4661893844604492,200
1980,1987,11,S,activity_degC_days_m2,0.0,200
1981,1987,11,S,mean_intensity_degC,,200
1982,1987,12,S,activity_degC_days_m2,0.0,200
1983,1987,12,S,mean_intensity_degC,,200
1984,1988,1,S,activity_degC_days_m2,0.0,200
1985,1988,1,S,mean_intensity_degC,,200
1986,1988,2,S,activity_degC_days_m2,0.0,200
1987,1988,2,S,mean_intensity_degC,,200
1988,1988,3,S,activity_degC_days_m2,0.0,200
1989,1988,3,S,mean_intensity_degC,,200
1990,1988,4,S,activity_degC_days_m2,0.0,200
1991,1988,4,S,mean_intensity_degC,,200
1992,1988,5,S,activity_degC_days_m2,0.0,200
1993,1988,5,S,mean_intensity_degC,,200
1994,1988,6,S,activity_degC_days_m2,0.0,200
1995,1988,6,S,mean_intensity_degC,,200
1996,1988,7,S,activity_degC_days_m2,1078956802.049064,200
1997,1988,7,S,mean_area_km2,35.39182665386666,200
1998,1988,7,S,mean_duration_days,8.0,200
1999,1988,7,S,mean_intensity_degC,1.751142501831055,200
2000,1988,7,S,number_of_events,1.0,200
2001,1988,7,S,sum_area_km2,35.39182665386666,200
2002,1988,8,S,activity_degC_days_m2,8468666777.838469,200
2003,1988,8,S,mean_intensity_degC,1.9635159969329832,200
2004,1988,9,S,activity_degC_days_m2,0.0,200
2005,1988,9,S,mean_intensity_degC,,200
2006,1988,10,S,activity_degC_days_m2,0.0,200
2007,1988,10,S,mean_intensity_degC,,200
2008,1988,11,S,activity_degC_days_m2,0.0,200
2009,1988,11,S,mean_intensity_degC,,200
2010,1988,12,S,activity_degC_days_m2,0.0,200
2011,1988,12,S,mean_intensity_degC,,200
2012,1989,1,S,activity_degC_days_m2,0.0,200
2013,1989,1,S,mean_intensity_degC,,200
2014,1989,2,S,activity_degC_days_m2,0.0,200
2015,1989,2,S,mean_intensity_degC,,200
2016,1989,3,S,activity_degC_days_m2,0.0,200
2017,1989,3,S,mean_intensity_degC,,200
2018,1989,4,S,activity_degC_days_m2,0.0,200
2019,1989,4,S,mean_intensity_degC,,200
2020,1989,5,S,activity_degC_days_m2,0.0,200
2021,1989,5,S,mean_intensity_degC,,200
2022,1989,6,S,activity_degC_days_m2,0.0,200
2023,1989,6,S,mean_intensity_degC,,200
2024,1989,7,S,activity_degC_days_m2,80001242280.46738,200
2025,1989,7,S,mean_area_km2,33.146081476762326,200
2026,1989,7,S,mean_duration_days,17.833333333333332,200
2027,1989,7,S,mean_intensity_degC,2.209437131881714,200
2028,1989,7,S,number_of_events,6.0,200
2029,1989,7,S,sum_area_km2,198.87648886057391,200
2030,1989,8,S,activity_degC_days_m2,82117500738.04662,200
2031,1989,8,S,mean_area_km2,32.023208888210064,200
2032,1989,8,S,mean_duration_days,5.0,200
2033,1989,8,S,mean_intensity_degC,2.1062350273132324,200
2034,1989,8,S,number_of_events,1.0,200
2035,1989,8,S,sum_area_km2,32.023208888210064,200
2036,1989,9,S,activity_degC_days_m2,0.0,200
2037,1989,9,S,mean_intensity_degC,,200
2038,1989,10,S,activity_degC_days_m2,62490176065.45884,200
2039,1989,10,S,mean_area_km2,33.37065599447273,200
2040,1989,10,S,mean_duration_days,11.8,200
2041,1989,10,S,mean_intensity_degC,1.8233354091644287,200
2042,1989,10,S,number_of_events,5.0,200
2043,1989,10,S,sum_area_km2,166.85327997236365,200
2044,1989,11,S,activity_degC_days_m2,4270705314.013714,200
2045,1989,11,S,mean_intensity_degC,1.7328343391418457,200
2046,1989,12,S,activity_degC_days_m2,0.0,200
2047,1989,12,S,mean_intensity_degC,,200
2048,1990,1,S,activity_degC_days_m2,0.0,200
2049,1990,1,S,mean_intensity_degC,,200
2050,1990,2,S,activity_degC_days_m2,0.0,200
2051,1990,2,S,mean_intensity_degC,,200
2052,1990,3,S,activity_degC_days_m2,4030091447.111765,200
2053,1990,3,S,mean_area_km2,35.39182665386684,200
2054,1990,3,S,mean_duration_days,6.0,200
2055,1990,3,S,mean_intensity_degC,1.090137004852295,200
2056,1990,3,S,number_of_events,1.0,200
2057,1990,3,S,sum_area_km2,35.39182665386684,200
2058,1990,4,S,activity_degC_days_m2,0.0,200
2059,1990,4,S,mean_intensity_degC,,200
2060,1990,5,S,activity_degC_days_m2,4460720256.1856785,200
2061,1990,5,S,mean_area_km2,35.39182665386666,200
2062,1990,5,S,mean_duration_days,6.0,200
2063,1990,5,S,mean_intensity_degC,1.206621766090393,200
2064,1990,5,S,number_of_events,1.0,200
2065,1990,5,S,sum_area_km2,35.39182665386666,200
2066,1990,6,S,activity_degC_days_m2,0.0,200
2067,1990,6,S,mean_intensity_degC,,200
2068,1990,7,S,activity_degC_days_m2,33613868293.385223,200
2069,1990,7,S,mean_area_km2,32.02320888821012,200
2070,1990,7,S,mean_duration_days,10.333333333333334,200
2071,1990,7,S,mean_intensity_degC,1.7300721406936646,200
2072,1990,7,S,number_of_events,3.0,200
2073,1990,7,S,sum_area_km2,96.06962666463036,200
2074,1990,8,S,activity_degC_days_m2,35114422238.936714,200
2075,1990,8,S,mean_area_km2,33.70751777103844,200
2076,1990,8,S,mean_duration_days,6.0,200
2077,1990,8,S,mean_intensity_degC,2.1784069538116455,200
2078,1990,8,S,number_of_events,4.0,200
2079,1990,8,S,sum_area_km2,134.83007108415376,200
2080,1990,9,S,activity_degC_days_m2,0.0,200
2081,1990,9,S,mean_intensity_degC,,200
2082,1990,10,S,activity_degC_days_m2,0.0,200
2083,1990,10,S,mean_intensity_degC,,200
2084,1990,11,S,activity_degC_days_m2,0.0,200
2085,1990,11,S,mean_intensity_degC,,200
2086,1990,12,S,activity_degC_days_m2,0.0,200
2087,1990,12,S,mean_intensity_degC,,200
2088,1991,1,S,activity_degC_days_m2,0.0,200
2089,1991,1,S,mean_intensity_degC,,200
2090,1991,2,S,activity_degC_days_m2,0.0,200
2091,1991,2,S,mean_intensity_degC,,200
2092,1991,3,S,activity_degC_days_m2,0.0,200
2093,1991,3,S,mean_intensity_degC,,200
2094,1991,4,S,activity_degC_days_m2,0.0,200
2095,1991,4,S,mean_intensity_degC,,200
2096,1991,5,S,activity_degC_days_m2,0.0,200
2097,1991,5,S,mean_intensity_degC,,200
2098,1991,6,S,activity_degC_days_m2,0.0,200
2099,1991,6,S,mean_intensity_degC,,200
2100,1991,7,S,activity_degC_days_m2,0.0,200
2101,1991,7,S,mean_intensity_degC,,200
2102,1991,8,S,activity_degC_days_m2,90917844284.40147,200
2103,1991,8,S,mean_area_km2,32.584645182486206,200
2104,1991,8,S,mean_duration_days,15.333333333333334,200
2105,1991,8,S,mean_intensity_degC,2.226365566253662,200
2106,1991,8,S,number_of_events,6.0,200
2107,1991,8,S,sum_area_km2,195.50787109491725,200
2108,1991,9,S,activity_degC_days_m2,55089148803.304214,200
2109,1991,9,S,mean_area_km2,32.865363329624266,200
2110,1991,9,S,mean_duration_days,6.5,200
2111,1991,9,S,mean_intensity_degC,1.568298578262329,200
2112,1991,9,S,number_of_events,4.0,200
2113,1991,9,S,sum_area_km2,131.46145331849706,200
2114,1991,10,S,activity_degC_days_m2,0.0,200
2115,1991,10,S,mean_intensity_degC,,200
2116,1991,11,S,activity_degC_days_m2,0.0,200
2117,1991,11,S,mean_intensity_degC,,200
2118,1991,12,S,activity_degC_days_m2,0.0,200
2119,1991,12,S,mean_intensity_degC,,200
2120,1992,1,S,activity_degC_days_m2,0.0,200
2121,1992,1,S,mean_intensity_degC,,200
2122,1992,2,S,activity_degC_days_m2,0.0,200
2123,1992,2,S,mean_intensity_degC,,200
2124,1992,3,S,activity_degC_days_m2,0.0,200
2125,1992,3,S,mean_intensity_degC,,200
2126,1992,4,S,activity_degC_days_m2,0.0,200
2127,1992,4,S,mean_intensity_degC,,200
2128,1992,5,S,activity_degC_days_m2,0.0,200
2129,1992,5,S,mean_intensity_degC,,200
2130,1992,6,S,activity_degC_days_m2,0.0,200
2131,1992,6,S,mean_intensity_degC,,200
2132,1992,7,S,activity_degC_days_m2,0.0,200
2133,1992,7,S,mean_intensity_degC,,200
2134,1992,8,S,activity_degC_days_m2,0.0,200
2135,1992,8,S,mean_intensity_degC,,200
2136,1992,9,S,activity_degC_days_m2,0.0,200
2137,1992,9,S,mean_intensity_degC,,200
2138,1992,10,S,activity_degC_days_m2,0.0,200
2139,1992,10,S,mean_intensity_degC,,200
2140,1992,11,S,activity_degC_days_m2,0.0,200
2141,1992,11,S,mean_intensity_degC,,200
2142,1992,12,S,activity_degC_days_m2,0.0,200
2143,1992,12,S,mean_intensity_degC,,200
2144,1993,1,S,activity_degC_days_m2,0.0,200
2145,1993,1,S,mean_intensity_degC,,200
2146,1993,2,S,activity_degC_days_m2,0.0,200
2147,1993,2,S,mean_intensity_degC,,200
2148,1993,3,S,activity_degC_days_m2,0.0,200
2149,1993,3,S,mean_intensity_degC,,200
2150,1993,4,S,activity_degC_days_m2,0.0,200
2151,1993,4,S,mean_intensity_degC,,200
2152,1993,5,S,activity_degC_days_m2,0.0,200
2153,1993,5,S,mean_intensity_degC,,200
2154,1993,6,S,activity_degC_days_m2,0.0,200
2155,1993,6,S,mean_intensity_degC,,200
2156,1993,7,S,activity_degC_days_m2,17298920241.863926,200
2157,1993,7,S,mean_area_km2,33.14608147676231,200
2158,1993,7,S,mean_duration_days,5.666666666666667,200
2159,1993,7,S,mean_intensity_degC,1.867864012718201,200
2160,1993,7,S,number_of_events,3.0,200
2161,1993,7,S,sum_area_km2,99.43824443028694,200
2162,1993,8,S,activity_degC_days_m2,1742360747.7939634,200
2163,1993,8,S,mean_intensity_degC,1.4117774963378906,200
2164,1993,9,S,activity_degC_days_m2,0.0,200
2165,1993,9,S,mean_intensity_degC,,200
2166,1993,10,S,activity_degC_days_m2,0.0,200
2167,1993,10,S,mean_intensity_degC,,200
2168,1993,11,S,activity_degC_days_m2,0.0,200
2169,1993,11,S,mean_intensity_degC,,200
2170,1993,12,S,activity_degC_days_m2,0.0,200
2171,1993,12,S,mean_intensity_degC,,200
2172,1994,1,S,activity_degC_days_m2,0.0,200
2173,1994,1,S,mean_intensity_degC,,200
2174,1994,2,S,activity_degC_days_m2,0.0,200
2175,1994,2,S,mean_intensity_degC,,200
2176,1994,3,S,activity_degC_days_m2,0.0,200
2177,1994,3,S,mean_intensity_degC,,200
2178,1994,4,S,activity_degC_days_m2,0.0,200
2179,1994,4,S,mean_intensity_degC,,200
2180,1994,5,S,activity_degC_days_m2,0.0,200
2181,1994,5,S,mean_intensity_degC,,200
2182,1994,6,S,activity_degC_days_m2,0.0,200
2183,1994,6,S,mean_intensity_degC,,200
2184,1994,7,S,activity_degC_days_m2,0.0,200
2185,1994,7,S,mean_intensity_degC,,200
2186,1994,8,S,activity_degC_days_m2,0.0,200
2187,1994,8,S,mean_intensity_degC,,200
2188,1994,9,S,activity_degC_days_m2,0.0,200
2189,1994,9,S,mean_intensity_degC,,200
2190,1994,10,S,activity_degC_days_m2,0.0,200
2191,1994,10,S,mean_intensity_degC,,200
2192,1994,11,S,activity_degC_days_m2,0.0,200
2193,1994,11,S,mean_intensity_degC,,200
2194,1994,12,S,activity_degC_days_m2,10807191933.538095,200
2195,1994,12,S,mean_area_km2,34.26895406531445,200
2196,1994,12,S,mean_duration_days,5.666666666666667,200
2197,1994,12,S,mean_intensity_degC,1.0828888416290283,200
2198,1994,12,S,number_of_events,3.0,200
2199,1994,12,S,sum_area_km2,102.80686219594337,200
2200,1995,1,S,activity_degC_days_m2,0.0,200
2201,1995,1,S,mean_intensity_degC,,200
2202,1995,2,S,activity_degC_days_m2,25444844084.765316,200
2203,1995,2,S,mean_area_km2,32.584645182486234,200
2204,1995,2,S,mean_duration_days,6.5,200
2205,1995,2,S,mean_intensity_degC,1.037470459938049,200
2206,1995,2,S,number_of_events,6.0,200
2207,1995,2,S,sum_area_km2,195.50787109491745,200
2208,1995,3,S,activity_degC_days_m2,0.0,200
2209,1995,3,S,mean_intensity_degC,,200
2210,1995,4,S,activity_degC_days_m2,29924546760.17875,200
2211,1995,4,S,mean_area_km2,33.37065599447278,200
2212,1995,4,S,mean_duration_days,7.8,200
2213,1995,4,S,mean_intensity_degC,1.225888967514038,200
2214,1995,4,S,number_of_events,5.0,200
2215,1995,4,S,sum_area_km2,166.85327997236388,200
2216,1995,5,S,activity_degC_days_m2,0.0,200
2217,1995,5,S,mean_intensity_degC,,200
2218,1995,6,S,activity_degC_days_m2,0.0,200
2219,1995,6,S,mean_intensity_degC,,200
2220,1995,7,S,activity_degC_days_m2,0.0,200
2221,1995,7,S,mean_intensity_degC,,200
2222,1995,8,S,activity_degC_days_m2,0.0,200
2223,1995,8,S,mean_intensity_degC,,200
2224,1995,9,S,activity_degC_days_m2,0.0,200
2225,1995,9,S,mean_intensity_degC,,200
2226,1995,10,S,activity_degC_days_m2,11553469039.436298,200
2227,1995,10,S,mean_area_km2,33.70751777103836,200
2228,1995,10,S,mean_duration_days,5.0,200
2229,1995,10,S,mean_intensity_degC,1.8723955154418943,200
2230,1995,10,S,number_of_events,2.0,200
2231,1995,10,S,sum_area_km2,67.41503554207672,200
2232,1995,11,S,activity_degC_days_m2,122491372073.15717,200
2233,1995,11,S,mean_area_km2,33.466902216348686,200
2234,1995,11,S,mean_duration_days,17.857142857142858,200
2235,1995,11,S,mean_intensity_degC,1.5565991401672363,200
2236,1995,11,S,number_of_events,7.0,200
2237,1995,11,S,sum_area_km2,234.2683155144408,200
2238,1995,12,S,activity_degC_days_m2,3098842890.278886,200
2239,1995,12,S,mean_area_km2,35.39182665386684,200
2240,1995,12,S,mean_duration_days,12.0,200
2241,1995,12,S,mean_intensity_degC,1.257352352142334,200
2242,1995,12,S,number_of_events,1.0,200
2243,1995,12,S,sum_area_km2,35.39182665386684,200
2244,1996,1,S,activity_degC_days_m2,38255962368.20663,200
2245,1996,1,S,mean_area_km2,33.1460814767623,200
2246,1996,1,S,mean_duration_days,8.0,200
2247,1996,1,S,mean_intensity_degC,1.098308563232422,200
2248,1996,1,S,number_of_events,6.0,200
2249,1996,1,S,sum_area_km2,198.87648886057377,200
2250,1996,2,S,activity_degC_days_m2,0.0,200
2251,1996,2,S,mean_intensity_degC,,200
2252,1996,3,S,activity_degC_days_m2,0.0,200
2253,1996,3,S,mean_intensity_degC,,200
2254,1996,4,S,activity_degC_days_m2,0.0,200
2255,1996,4,S,mean_intensity_degC,,200
2256,1996,5,S,activity_degC_days_m2,0.0,200
2257,1996,5,S,mean_intensity_degC,,200
2258,1996,6,S,activity_degC_days_m2,38934788625.66623,200
2259,1996,6,S,mean_area_km2,33.14608147676232,200
2260,1996,6,S,mean_duration_days,6.777777777777778,200
2261,1996,6,S,mean_intensity_degC,1.87419593334198,200
2262,1996,6,S,number_of_events,9.0,200
2263,1996,6,S,sum_area_km2,298.3147332908609,200
2264,1996,7,S,activity_degC_days_m2,99259516205.48012,200
2265,1996,7,S,mean_area_km2,33.146081476762326,200
2266,1996,7,S,mean_duration_days,9.0,200
2267,1996,7,S,mean_intensity_degC,1.8318490982055664,200
2268,1996,7,S,number_of_events,6.0,200
2269,1996,7,S,sum_area_km2,198.87648886057391,200
2270,1996,8,S,activity_degC_days_m2,0.0,200
2271,1996,8,S,mean_intensity_degC,,200
2272,1996,9,S,activity_degC_days_m2,0.0,200
2273,1996,9,S,mean_intensity_degC,,200
2274,1996,10,S,activity_degC_days_m2,0.0,200
2275,1996,10,S,mean_intensity_degC,,200
2276,1996,11,S,activity_degC_days_m2,0.0,200
2277,1996,11,S,mean_intensity_degC,,200
2278,1996,12,S,activity_degC_days_m2,0.0,200
2279,1996,12,S,mean_intensity_degC,,200
2280,1997,1,S,activity_degC_days_m2,0.0,200
2281,1997,1,S,mean_intensity_degC,,200
2282,1997,2,S,activity_degC_days_m2,0.0,200
2283,1997,2,S,mean_intensity_degC,,200
2284,1997,3,S,activity_degC_days_m2,116190181677.13652,200
2285,1997,3,S,mean_area_km2,32.86536332962427,200
2286,1997,3,S,mean_duration_days,27.125,200
2287,1997,3,S,mean_intensity_degC,1.204445719718933,200
2288,1997,3,S,number_of_events,8.0,200
2289,1997,3,S,sum_area_km2,262.9229066369942,200
2290,1997,4,S,activity_degC_days_m2,89309617233.16788,200
2291,1997,4,S,mean_area_km2,33.03379421790712,200
2292,1997,4,S,mean_duration_days,6.9,200
2293,1997,4,S,mean_intensity_degC,1.3398422002792358,200
2294,1997,4,S,number_of_events,10.0,200
2295,1997,4,S,sum_area_km2,330.3379421790712,200
2296,1997,5,S,activity_degC_days_m2,24980059177.903152,200
2297,1997,5,S,mean_intensity_degC,1.467198610305786,200
2298,1997,6,S,activity_degC_days_m2,5031088337.767868,200
2299,1997,6,S,mean_area_km2,32.023208888210064,200
2300,1997,6,S,mean_duration_days,6.0,200
2301,1997,6,S,mean_intensity_degC,1.3564386367797852,200
2302,1997,6,S,number_of_events,1.0,200
2303,1997,6,S,sum_area_km2,32.023208888210064,200
2304,1997,7,S,activity_degC_days_m2,1396210854.6503303,200
2305,1997,7,S,mean_area_km2,32.023208888210114,200
2306,1997,7,S,mean_duration_days,5.0,200
2307,1997,7,S,mean_intensity_degC,1.129302978515625,200
2308,1997,7,S,number_of_events,2.0,200
2309,1997,7,S,sum_area_km2,64.04641777642023,200
2310,1997,8,S,activity_degC_days_m2,6380482927.560298,200
2311,1997,8,S,mean_intensity_degC,1.2901880741119385,200
2312,1997,9,S,activity_degC_days_m2,95107047719.87073,200
2313,1997,9,S,mean_area_km2,33.46690221634866,200
2314,1997,9,S,mean_duration_days,12.285714285714286,200
2315,1997,9,S,mean_intensity_degC,1.7593491077423096,200
2316,1997,9,S,number_of_events,7.0,200
2317,1997,9,S,sum_area_km2,234.26831551444064,200
2318,1997,10,S,activity_degC_days_m2,43086051368.20216,200
2319,1997,10,S,mean_area_km2,33.707517771038425,200
2320,1997,10,S,mean_duration_days,6.666666666666667,200
2321,1997,10,S,mean_intensity_degC,1.7451907396316528,200
2322,1997,10,S,number_of_events,6.0,200
2323,1997,10,S,sum_area_km2,202.24510662623055,200
2324,1997,11,S,activity_degC_days_m2,2926133281.8587604,200
2325,1997,11,S,mean_intensity_degC,1.5679240226745603,200
2326,1997,12,S,activity_degC_days_m2,0.0,200
2327,1997,12,S,mean_intensity_degC,,200
2328,1998,1,S,activity_degC_days_m2,0.0,200
2329,1998,1,S,mean_intensity_degC,,200
2330,1998,2,S,activity_degC_days_m2,57521333905.598816,200
2331,1998,2,S,mean_area_km2,33.146081476762326,200
2332,1998,2,S,mean_duration_days,15.0,200
2333,1998,2,S,mean_intensity_degC,1.206892728805542,200
2334,1998,2,S,number_of_events,6.0,200
2335,1998,2,S,sum_area_km2,198.87648886057391,200
2336,1998,3,S,activity_degC_days_m2,76695962251.51111,200
2337,1998,3,S,mean_area_km2,33.0337942179071,200
2338,1998,3,S,mean_duration_days,13.9,200
2339,1998,3,S,mean_intensity_degC,1.117317795753479,200
2340,1998,3,S,number_of_events,10.0,200
2341,1998,3,S,sum_area_km2,330.33794217907104,200
2342,1998,4,S,activity_degC_days_m2,45077247568.76691,200
2343,1998,4,S,mean_intensity_degC,1.5411897897720337,200
2344,1998,5,S,activity_degC_days_m2,0.0,200
2345,1998,5,S,mean_intensity_degC,,200
2346,1998,6,S,activity_degC_days_m2,0.0,200
2347,1998,6,S,mean_intensity_degC,,200
2348,1998,7,S,activity_degC_days_m2,0.0,200
2349,1998,7,S,mean_intensity_degC,,200
2350,1998,8,S,activity_degC_days_m2,0.0,200
2351,1998,8,S,mean_intensity_degC,,200
2352,1998,9,S,activity_degC_days_m2,0.0,200
2353,1998,9,S,mean_intensity_degC,,200
2354,1998,10,S,activity_degC_days_m2,0.0,200
2355,1998,10,S,mean_intensity_degC,,200
2356,1998,11,S,activity_degC_days_m2,0.0,200
2357,1998,11,S,mean_intensity_degC,,200
2358,1998,12,S,activity_degC_days_m2,0.0,200
2359,1998,12,S,mean_intensity_degC,,200
2360,1999,1,S,activity_degC_days_m2,0.0,200
2361,1999,1,S,mean_intensity_degC,,200
2362,1999,2,S,activity_degC_days_m2,0.0,200
2363,1999,2,S,mean_intensity_degC,,200
2364,1999,3,S,activity_degC_days_m2,0.0,200
2365,1999,3,S,mean_intensity_degC,,200
2366,1999,4,S,activity_degC_days_m2,13716944910.953238,200
2367,1999,4,S,mean_area_km2,33.146081476762376,200
2368,1999,4,S,mean_duration_days,6.0,200
2369,1999,4,S,mean_intensity_degC,1.2319815158843994,200
2370,1999,4,S,number_of_events,3.0,200
2371,1999,4,S,sum_area_km2,99.43824443028711,200
2372,1999,5,S,activity_degC_days_m2,0.0,200
2373,1999,5,S,mean_intensity_degC,,200
2374,1999,6,S,activity_degC_days_m2,0.0,200
2375,1999,6,S,mean_intensity_degC,,200
2376,1999,7,S,activity_degC_days_m2,0.0,200
2377,1999,7,S,mean_intensity_degC,,200
2378,1999,8,S,activity_degC_days_m2,0.0,200
2379,1999,8,S,mean_intensity_degC,,200
2380,1999,9,S,activity_degC_days_m2,0.0,200
2381,1999,9,S,mean_intensity_degC,,200
2382,1999,10,S,activity_degC_days_m2,0.0,200
2383,1999,10,S,mean_intensity_degC,,200
2384,1999,11,S,activity_degC_days_m2,0.0,200
2385,1999,11,S,mean_intensity_degC,,200
2386,1999,12,S,activity_degC_days_m2,0.0,200
2387,1999,12,S,mean_intensity_degC,,200
2388,2000,1,S,activity_degC_days_m2,0.0,200
2389,2000,1,S,mean_intensity_degC,,200
2390,2000,2,S,activity_degC_days_m2,0.0,200
2391,2000,2,S,mean_intensity_degC,,200
2392,2000,3,S,activity_degC_days_m2,14635828186.460045,200
2393,2000,3,S,mean_area_km2,33.70751777103843,200
2394,2000,3,S,mean_duration_days,6.5,200
2395,2000,3,S,mean_intensity_degC,0.8812055587768555,200
2396,2000,3,S,number_of_events,4.0,200
2397,2000,3,S,sum_area_km2,134.83007108415373,200
2398,2000,4,S,activity_degC_days_m2,0.0,200
2399,2000,4,S,mean_intensity_degC,,200
2400,2000,5,S,activity_degC_days_m2,5479791568.752098,200
2401,2000,5,S,mean_area_km2,32.02320888821012,200
2402,2000,5,S,mean_duration_days,6.0,200
2403,2000,5,S,mean_intensity_degC,1.4774141311645508,200
2404,2000,5,S,number_of_events,1.0,200
2405,2000,5,S,sum_area_km2,32.02320888821012,200
2406,2000,6,S,activity_degC_days_m2,0.0,200
2407,2000,6,S,mean_intensity_degC,,200
2408,2000,7,S,activity_degC_days_m2,0.0,200
2409,2000,7,S,mean_intensity_degC,,200
2410,2000,8,S,activity_degC_days_m2,49018479704.71408,200
2411,2000,8,S,mean_area_km2,32.86536332962425,200
2412,2000,8,S,mean_duration_days,8.5,200
2413,2000,8,S,mean_intensity_degC,2.332770824432373,200
2414,2000,8,S,number_of_events,4.0,200
2415,2000,8,S,sum_area_km2,131.461453318497,200
2416,2000,9,S,activity_degC_days_m2,0.0,200
2417,2000,9,S,mean_intensity_degC,,200
2418,2000,10,S,activity_degC_days_m2,0.0,200
2419,2000,10,S,mean_intensity_degC,,200
2420,2000,11,S,activity_degC_days_m2,0.0,200
2421,2000,11,S,mean_intensity_degC,,200
2422,2000,12,S,activity_degC_days_m2,0.0,200
2423,2000,12,S,mean_intensity_degC,,200
2424,2001,1,S,activity_degC_days_m2,0.0,200
2425,2001,1,S,mean_intensity_degC,,200
2426,2001,2,S,activity_degC_days_m2,0.0,200
2427,2001,2,S,mean_intensity_degC,,200
2428,2001,3,S,activity_degC_days_m2,0.0,200
2429,2001,3,S,mean_intensity_degC,,200
2430,2001,4,S,activity_degC_days_m2,0.0,200
2431,2001,4,S,mean_intensity_degC,,200
2432,2001,5,S,activity_degC_days_m2,0.0,200
2433,2001,5,S,mean_intensity_degC,,200
2434,2001,6,S,activity_degC_days_m2,0.0,200
2435,2001,6,S,mean_intensity_degC,,200
2436,2001,7,S,activity_degC_days_m2,0.0,200
2437,2001,7,S,mean_intensity_degC,,200
2438,2001,8,S,activity_degC_days_m2,0.0,200
2439,2001,8,S,mean_intensity_degC,,200
2440,2001,9,S,activity_degC_days_m2,0.0,200
2441,2001,9,S,mean_intensity_degC,,200
2442,2001,10,S,activity_degC_days_m2,0.0,200
2443,2001,10,S,mean_intensity_degC,,200
2444,2001,11,S,activity_degC_days_m2,0.0,200
2445,2001,11,S,mean_intensity_degC,,200
2446,2001,12,S,activity_degC_days_m2,0.0,200
2447,2001,12,S,mean_intensity_degC,,200
2448,2002,1,S,activity_degC_days_m2,6566211021.50875,200
2449,2002,1,S,mean_area_km2,35.39182665386675,200
2450,2002,1,S,mean_duration_days,6.0,200
2451,2002,1,S,mean_intensity_degC,0.8880777955055237,200
2452,2002,1,S,number_of_events,2.0,200
2453,2002,1,S,sum_area_km2,70.7836533077335,200
2454,2002,2,S,activity_degC_days_m2,0.0,200
2455,2002,2,S,mean_intensity_degC,,200
2456,2002,3,S,activity_degC_days_m2,23265473809.71018,200
2457,2002,3,S,mean_area_km2,33.146081476762326,200
2458,2002,3,S,mean_duration_days,5.666666666666667,200
2459,2002,3,S,mean_intensity_degC,1.0609824657440186,200
2460,2002,3,S,number_of_events,6.0,200
2461,2002,3,S,sum_area_km2,198.87648886057391,200
2462,2002,4,S,activity_degC_days_m2,0.0,200
2463,2002,4,S,mean_intensity_degC,,200
2464,2002,5,S,activity_degC_days_m2,0.0,200
2465,2002,5,S,mean_intensity_degC,,200
2466,2002,6,S,activity_degC_days_m2,0.0,200
2467,2002,6,S,mean_intensity_degC,,200
2468,2002,7,S,activity_degC_days_m2,0.0,200
2469,2002,7,S,mean_intensity_degC,,200
2470,2002,8,S,activity_degC_days_m2,0.0,200
2471,2002,8,S,mean_intensity_degC,,200
2472,2002,9,S,activity_degC_days_m2,0.0,200
2473,2002,9,S,mean_intensity_degC,,200
2474,2002,10,S,activity_degC_days_m2,0.0,200
2475,2002,10,S,mean_intensity_degC,,200
2476,2002,11,S,activity_degC_days_m2,0.0,200
2477,2002,11,S,mean_intensity_degC,,200
2478,2002,12,S,activity_degC_days_m2,0.0,200
2479,2002,12,S,mean_intensity_degC,,200
2480,2003,1,S,activity_degC_days_m2,0.0,200
2481,2003,1,S,mean_intensity_degC,,200
2482,2003,2,S,activity_degC_days_m2,0.0,200
2483,2003,2,S,mean_intensity_degC,,200
2484,2003,3,S,activity_degC_days_m2,0.0,200
2485,2003,3,S,mean_intensity_degC,,200
2486,2003,4,S,activity_degC_days_m2,0.0,200
2487,2003,4,S,mean_intensity_degC,,200
2488,2003,5,S,activity_degC_days_m2,0.0,200
2489,2003,5,S,mean_intensity_degC,,200
2490,2003,6,S,activity_degC_days_m2,10249361319.882114,200
2491,2003,6,S,mean_area_km2,33.70751777103839,200
2492,2003,6,S,mean_duration_days,5.0,200
2493,2003,6,S,mean_intensity_degC,1.635215401649475,200
2494,2003,6,S,number_of_events,2.0,200
2495,2003,6,S,sum_area_km2,67.41503554207678,200
2496,2003,7,S,activity_degC_days_m2,0.0,200
2497,2003,7,S,mean_intensity_degC,,200
2498,2003,8,S,activity_degC_days_m2,45817102055.09422,200
2499,2003,8,S,mean_area_km2,32.02320888821012,200
2500,2003,8,S,mean_duration_days,7.75,200
2501,2003,8,S,mean_intensity_degC,2.374602794647217,200
2502,2003,8,S,number_of_events,4.0,200
2503,2003,8,S,sum_area_km2,128.09283555284048,200
2504,2003,9,S,activity_degC_days_m2,0.0,200
2505,2003,9,S,mean_intensity_degC,,200
2506,2003,10,S,activity_degC_days_m2,0.0,200
2507,2003,10,S,mean_intensity_degC,,200
2508,2003,11,S,activity_degC_days_m2,0.0,200
2509,2003,11,S,mean_intensity_degC,,200
2510,2003,12,S,activity_degC_days_m2,0.0,200
2511,2003,12,S,mean_intensity_degC,,200
2512,2004,1,S,activity_degC_days_m2,0.0,200
2513,2004,1,S,mean_intensity_degC,,200
2514,2004,2,S,activity_degC_days_m2,9009836568.333384,200
2515,2004,2,S,mean_area_km2,33.14608147676234,200
2516,2004,2,S,mean_duration_days,5.333333333333333,200
2517,2004,2,S,mean_intensity_degC,0.8572930097579956,200
2518,2004,2,S,number_of_events,3.0,200
2519,2004,2,S,sum_area_km2,99.438244430287,200
2520,2004,3,S,activity_degC_days_m2,0.0,200
2521,2004,3,S,mean_intensity_degC,,200
2522,2004,4,S,activity_degC_days_m2,0.0,200
2523,2004,4,S,mean_intensity_degC,,200
2524,2004,5,S,activity_degC_days_m2,0.0,200
2525,2004,5,S,mean_intensity_degC,,200
2526,2004,6,S,activity_degC_days_m2,0.0,200
2527,2004,6,S,mean_intensity_degC,,200
2528,2004,7,S,activity_degC_days_m2,0.0,200
2529,2004,7,S,mean_intensity_degC,,200
2530,2004,8,S,activity_degC_days_m2,0.0,200
2531,2004,8,S,mean_intensity_degC,,200
2532,2004,9,S,activity_degC_days_m2,0.0,200
2533,2004,9,S,mean_intensity_degC,,200
2534,2004,10,S,activity_degC_days_m2,0.0,200
2535,2004,10,S,mean_intensity_degC,,200
2536,2004,11,S,activity_degC_days_m2,0.0,200
2537,2004,11,S,mean_intensity_degC,,200
2538,2004,12,S,activity_degC_days_m2,0.0,200
2539,2004,12,S,mean_intensity_degC,,200
2540,2005,1,S,activity_degC_days_m2,0.0,200
2541,2005,1,S,mean_intensity_degC,,200
2542,2005,2,S,activity_degC_days_m2,0.0,200
2543,2005,2,S,mean_intensity_degC,,200
2544,2005,3,S,activity_degC_days_m2,0.0,200
2545,2005,3,S,mean_intensity_degC,,200
2546,2005,4,S,activity_degC_days_m2,0.0,200
2547,2005,4,S,mean_intensity_degC,,200
2548,2005,5,S,activity_degC_days_m2,0.0,200
2549,2005,5,S,mean_intensity_degC,,200
2550,2005,6,S,activity_degC_days_m2,160984249593.48148,200
2551,2005,6,S,mean_area_km2,33.466902216348686,200
2552,2005,6,S,mean_duration_days,16.571428571428573,200
2553,2005,6,S,mean_intensity_degC,2.142390489578247,200
2554,2005,6,S,number_of_events,7.0,200
2555,2005,6,S,sum_area_km2,234.2683155144408,200
2556,2005,7,S,activity_degC_days_m2,10453636147.094984,200
2557,2005,7,S,mean_area_km2,33.70751777103836,200
2558,2005,7,S,mean_duration_days,5.0,200
2559,2005,7,S,mean_intensity_degC,1.51316499710083,200
2560,2005,7,S,number_of_events,2.0,200
2561,2005,7,S,sum_area_km2,67.41503554207672,200
2562,2005,8,S,activity_degC_days_m2,6034422700.680209,200
2563,2005,8,S,mean_area_km2,32.023208888210064,200
2564,2005,8,S,mean_duration_days,6.0,200
2565,2005,8,S,mean_intensity_degC,1.6269489526748655,200
2566,2005,8,S,number_of_events,1.0,200
2567,2005,8,S,sum_area_km2,32.023208888210064,200
2568,2005,9,S,activity_degC_days_m2,0.0,200
2569,2005,9,S,mean_intensity_degC,,200
2570,2005,10,S,activity_degC_days_m2,0.0,200
2571,2005,10,S,mean_intensity_degC,,200
2572,2005,11,S,activity_degC_days_m2,0.0,200
2573,2005,11,S,mean_intensity_degC,,200
2574,2005,12,S,activity_degC_days_m2,0.0,200
2575,2005,12,S,mean_intensity_degC,,200
2576,2006,1,S,activity_degC_days_m2,0.0,200
2577,2006,1,S,mean_intensity_degC,,200
2578,2006,2,S,activity_degC_days_m2,0.0,200
2579,2006,2,S,mean_intensity_degC,,200
2580,2006,3,S,activity_degC_days_m2,0.0,200
2581,2006,3,S,mean_intensity_degC,,200
2582,2006,4,S,activity_degC_days_m2,0.0,200
2583,2006,4,S,mean_intensity_degC,,200
2584,2006,5,S,activity_degC_days_m2,0.0,200
2585,2006,5,S,mean_intensity_degC,,200
2586,2006,6,S,activity_degC_days_m2,142363838809.257,200
2587,2006,6,S,mean_area_km2,32.98567110696915,200
2588,2006,6,S,mean_duration_days,14.857142857142858,200
2589,2006,6,S,mean_intensity_degC,2.0985658168792725,200
2590,2006,6,S,number_of_events,7.0,200
2591,2006,6,S,sum_area_km2,230.8996977487841,200
2592,2006,7,S,activity_degC_days_m2,142992958671.83356,200
2593,2006,7,S,mean_area_km2,33.146081476762326,200
2594,2006,7,S,mean_duration_days,19.666666666666668,200
2595,2006,7,S,mean_intensity_degC,2.1808085441589355,200
2596,2006,7,S,number_of_events,6.0,200
2597,2006,7,S,sum_area_km2,198.87648886057391,200
2598,2006,8,S,activity_degC_days_m2,25594537087.63474,200
2599,2006,8,S,mean_area_km2,35.39182665386684,200
2600,2006,8,S,mean_duration_days,8.0,200
2601,2006,8,S,mean_intensity_degC,1.9575645923614504,200
2602,2006,8,S,number_of_events,1.0,200
2603,2006,8,S,sum_area_km2,35.39182665386684,200
2604,2006,9,S,activity_degC_days_m2,106614580369.2533,200
2605,2006,9,S,mean_area_km2,33.146081476762326,200
2606,2006,9,S,mean_duration_days,12.0,200
2607,2006,9,S,mean_intensity_degC,2.3433725833892822,200
2608,2006,9,S,number_of_events,6.0,200
2609,2006,9,S,sum_area_km2,198.87648886057391,200
2610,2006,10,S,activity_degC_days_m2,0.0,200
2611,2006,10,S,mean_intensity_degC,,200
2612,2006,11,S,activity_degC_days_m2,129487607098.81007,200
2613,2006,11,S,mean_area_km2,33.146081476762326,200
2614,2006,11,S,mean_duration_days,20.5,200
2615,2006,11,S,mean_intensity_degC,1.7138439416885376,200
2616,2006,11,S,number_of_events,6.0,200
2617,2006,11,S,sum_area_km2,198.87648886057391,200
2618,2006,12,S,activity_degC_days_m2,19644411722.398533,200
2619,2006,12,S,mean_area_km2,33.70751777103843,200
2620,2006,12,S,mean_duration_days,5.5,200
2621,2006,12,S,mean_intensity_degC,1.440603256225586,200
2622,2006,12,S,number_of_events,4.0,200
2623,2006,12,S,sum_area_km2,134.83007108415373,200
2624,2007,1,S,activity_degC_days_m2,19072045949.599342,200
2625,2007,1,S,mean_area_km2,32.69693244134146,200
2626,2007,1,S,mean_duration_days,5.4,200
2627,2007,1,S,mean_intensity_degC,1.058869481086731,200
2628,2007,1,S,number_of_events,5.0,200
2629,2007,1,S,sum_area_km2,163.4846622067073,200
2630,2007,2,S,activity_degC_days_m2,0.0,200
2631,2007,2,S,mean_intensity_degC,,200
2632,2007,3,S,activity_degC_days_m2,0.0,200
2633,2007,3,S,mean_intensity_degC,,200
2634,2007,4,S,activity_degC_days_m2,0.0,200
2635,2007,4,S,mean_intensity_degC,,200
2636,2007,5,S,activity_degC_days_m2,0.0,200
2637,2007,5,S,mean_intensity_degC,,200
2638,2007,6,S,activity_degC_days_m2,0.0,200
2639,2007,6,S,mean_intensity_degC,,200
2640,2007,7,S,activity_degC_days_m2,0.0,200
2641,2007,7,S,mean_intensity_degC,,200
2642,2007,8,S,activity_degC_days_m2,0.0,200
2643,2007,8,S,mean_intensity_degC,,200
2644,2007,9,S,activity_degC_days_m2,0.0,200
2645,2007,9,S,mean_intensity_degC,,200
2646,2007,10,S,activity_degC_days_m2,37951139763.637405,200
2647,2007,10,S,mean_area_km2,32.86536332962425,200
2648,2007,10,S,mean_duration_days,7.5,200
2649,2007,10,S,mean_intensity_degC,2.0178513526916504,200
2650,2007,10,S,number_of_events,4.0,200
2651,2007,10,S,sum_area_km2,131.461453318497,200
2652,2007,11,S,activity_degC_days_m2,40465743030.20641,200
2653,2007,11,S,mean_area_km2,33.1460814767623,200
2654,2007,11,S,mean_duration_days,13.666666666666666,200
2655,2007,11,S,mean_intensity_degC,1.594411015510559,200
2656,2007,11,S,number_of_events,3.0,200
2657,2007,11,S,sum_area_km2,99.43824443028689,200
2658,2007,12,S,activity_degC_days_m2,11728938454.911057,200
2659,2007,12,S,mean_area_km2,33.1460814767623,200
2660,2007,12,S,mean_duration_days,7.333333333333333,200
2661,2007,12,S,mean_intensity_degC,0.9755794405937196,200
2662,2007,12,S,number_of_events,3.0,200
2663,2007,12,S,sum_area_km2,99.43824443028689,200
2664,2008,1,S,activity_degC_days_m2,22893311093.35957,200
2665,2008,1,S,mean_area_km2,33.146081476762326,200
2666,2008,1,S,mean_duration_days,9.0,200
2667,2008,1,S,mean_intensity_degC,0.92926687002182,200
2668,2008,1,S,number_of_events,6.0,200
2669,2008,1,S,sum_area_km2,198.87648886057391,200
2670,2008,2,S,activity_degC_days_m2,74603069188.32172,200
2671,2008,2,S,mean_area_km2,33.286440550331356,200
2672,2008,2,S,mean_duration_days,19.25,200
2673,2008,2,S,mean_intensity_degC,1.0553631782531738,200
2674,2008,2,S,number_of_events,8.0,200
2675,2008,2,S,sum_area_km2,266.29152440265085,200
2676,2008,3,S,activity_degC_days_m2,46292036106.62826,200
2677,2008,3,S,mean_intensity_degC,1.2553173303604126,200
2678,2008,4,S,activity_degC_days_m2,0.0,200
2679,2008,4,S,mean_intensity_degC,,200
2680,2008,5,S,activity_degC_days_m2,0.0,200
2681,2008,5,S,mean_intensity_degC,,200
2682,2008,6,S,activity_degC_days_m2,7657336456.277546,200
2683,2008,6,S,mean_area_km2,35.39182665386684,200
2684,2008,6,S,mean_duration_days,6.0,200
2685,2008,6,S,mean_intensity_degC,3.1069564819335938,200
2686,2008,6,S,number_of_events,1.0,200
2687,2008,6,S,sum_area_km2,35.39182665386684,200
2688,2008,7,S,activity_degC_days_m2,3568493705.7429333,200
2689,2008,7,S,mean_intensity_degC,2.8958253860473633,200
2690,2008,8,S,activity_degC_days_m2,0.0,200
2691,2008,8,S,mean_intensity_degC,,200
2692,2008,9,S,activity_degC_days_m2,1786051233.911048,200
2693,2008,9,S,mean_area_km2,32.02320888821012,200
2694,2008,9,S,mean_duration_days,5.0,200
2695,2008,9,S,mean_intensity_degC,1.4446191787719729,200
2696,2008,9,S,number_of_events,1.0,200
2697,2008,9,S,sum_area_km2,32.02320888821012,200
2698,2008,10,S,activity_degC_days_m2,2763040394.032969,200
2699,2008,10,S,mean_intensity_degC,1.4898942708969116,200
2700,2008,11,S,activity_degC_days_m2,0.0,200
2701,2008,11,S,mean_intensity_degC,,200
2702,2008,12,S,activity_degC_days_m2,0.0,200
2703,2008,12,S,mean_intensity_degC,,200
2704,2009,1,S,activity_degC_days_m2,0.0,200
2705,2009,1,S,mean_intensity_degC,,200
2706,2009,2,S,activity_degC_days_m2,0.0,200
2707,2009,2,S,mean_intensity_degC,,200
2708,2009,3,S,activity_degC_days_m2,0.0,200
2709,2009,3,S,mean_intensity_degC,,200
2710,2009,4,S,activity_degC_days_m2,0.0,200
2711,2009,4,S,mean_intensity_degC,,200
2712,2009,5,S,activity_degC_days_m2,0.0,200
2713,2009,5,S,mean_intensity_degC,,200
2714,2009,6,S,activity_degC_days_m2,13289528883.65898,200
2715,2009,6,S,mean_area_km2,33.1460814767623,200
2716,2009,6,S,mean_duration_days,9.333333333333334,200
2717,2009,6,S,mean_intensity_degC,1.5540683269500732,200
2718,2009,6,S,number_of_events,3.0,200
2719,2009,6,S,sum_area_km2,99.43824443028689,200
2720,2009,7,S,activity_degC_days_m2,15708788283.607656,200
2721,2009,7,S,mean_intensity_degC,1.4958277940750122,200
2722,2009,8,S,activity_degC_days_m2,60526058489.68025,200
2723,2009,8,S,mean_area_km2,32.86536332962431,200
2724,2009,8,S,mean_duration_days,9.5,200
2725,2009,8,S,mean_intensity_degC,2.5249392986297607,200
2726,2009,8,S,number_of_events,4.0,200
2727,2009,8,S,sum_area_km2,131.46145331849723,200
2728,2009,9,S,activity_degC_days_m2,0.0,200
2729,2009,9,S,mean_intensity_degC,,200
2730,2009,10,S,activity_degC_days_m2,9290765933.680351,200
2731,2009,10,S,mean_area_km2,32.023208888210114,200
2732,2009,10,S,mean_duration_days,5.0,200
2733,2009,10,S,mean_intensity_degC,1.8786721229553225,200
2734,2009,10,S,number_of_events,2.0,200
2735,2009,10,S,sum_area_km2,64.04641777642023,200
2736,2009,11,S,activity_degC_days_m2,2360431835.349786,200
2737,2009,11,S,mean_intensity_degC,1.9091978073120115,200
2738,2009,12,S,activity_degC_days_m2,0.0,200
2739,2009,12,S,mean_intensity_degC,,200
2740,2010,1,S,activity_degC_days_m2,5280657172.145485,200
2741,2010,1,S,mean_area_km2,35.39182665386684,200
2742,2010,1,S,mean_duration_days,8.0,200
2743,2010,1,S,mean_intensity_degC,1.0713106393814087,200
2744,2010,1,S,number_of_events,1.0,200
2745,2010,1,S,sum_area_km2,35.39182665386684,200
2746,2010,2,S,activity_degC_days_m2,0.0,200
2747,2010,2,S,mean_intensity_degC,,200
2748,2010,3,S,activity_degC_days_m2,0.0,200
2749,2010,3,S,mean_intensity_degC,,200
2750,2010,4,S,activity_degC_days_m2,69895518310.22528,200
2751,2010,4,S,mean_area_km2,33.146081476762326,200
2752,2010,4,S,mean_duration_days,14.333333333333334,200
2753,2010,4,S,mean_intensity_degC,1.708484172821045,200
2754,2010,4,S,number_of_events,6.0,200
2755,2010,4,S,sum_area_km2,198.87648886057391,200
2756,2010,5,S,activity_degC_days_m2,26898840714.761295,200
2757,2010,5,S,mean_area_km2,32.023208888210064,200
2758,2010,5,S,mean_duration_days,5.0,200
2759,2010,5,S,mean_intensity_degC,1.3583775758743286,200
2760,2010,5,S,number_of_events,1.0,200
2761,2010,5,S,sum_area_km2,32.023208888210064,200
2762,2010,6,S,activity_degC_days_m2,1290400383.8489594,200
2763,2010,6,S,mean_area_km2,35.39182665386684,200
2764,2010,6,S,mean_duration_days,14.0,200
2765,2010,6,S,mean_intensity_degC,2.0943145751953125,200
2766,2010,6,S,number_of_events,1.0,200
2767,2010,6,S,sum_area_km2,35.39182665386684,200
2768,2010,7,S,activity_degC_days_m2,45653440692.78347,200
2769,2010,7,S,mean_area_km2,33.146081476762355,200
2770,2010,7,S,mean_duration_days,18.666666666666668,200
2771,2010,7,S,mean_intensity_degC,2.476306438446045,200
2772,2010,7,S,number_of_events,3.0,200
2773,2010,7,S,sum_area_km2,99.43824443028709,200
2774,2010,8,S,activity_degC_days_m2,152680291287.601,200
2775,2010,8,S,mean_area_km2,33.466902216348664,200
2776,2010,8,S,mean_duration_days,11.285714285714286,200
2777,2010,8,S,mean_intensity_degC,2.4206604957580566,200
2778,2010,8,S,number_of_events,7.0,200
2779,2010,8,S,sum_area_km2,234.26831551444064,200
2780,2010,9,S,activity_degC_days_m2,34898324766.87451,200
2781,2010,9,S,mean_area_km2,35.39182665386684,200
2782,2010,9,S,mean_duration_days,8.0,200
2783,2010,9,S,mean_intensity_degC,2.2326667308807373,200
2784,2010,9,S,number_of_events,1.0,200
2785,2010,9,S,sum_area_km2,35.39182665386684,200
2786,2010,10,S,activity_degC_days_m2,0.0,200
2787,2010,10,S,mean_intensity_degC,,200
2788,2010,11,S,activity_degC_days_m2,0.0,200
2789,2010,11,S,mean_intensity_degC,,200
2790,2010,12,S,activity_degC_days_m2,0.0,200
2791,2010,12,S,mean_intensity_degC,,200
2792,2011,1,S,activity_degC_days_m2,0.0,200
2793,2011,1,S,mean_intensity_degC,,200
2794,2011,2,S,activity_degC_days_m2,9047839400.996565,200
2795,2011,2,S,mean_area_km2,35.39182665386675,200
2796,2011,2,S,mean_duration_days,7.0,200
2797,2011,2,S,mean_intensity_degC,1.048900485038757,200
2798,2011,2,S,number_of_events,2.0,200
2799,2011,2,S,sum_area_km2,70.7836533077335,200
2800,2011,3,S,activity_degC_days_m2,9190100921.321651,200
2801,2011,3,S,mean_area_km2,32.696932441341424,200
2802,2011,3,S,mean_duration_days,5.8,200
2803,2011,3,S,mean_intensity_degC,1.048543930053711,200
2804,2011,3,S,number_of_events,5.0,200
2805,2011,3,S,sum_area_km2,163.48466220670713,200
2806,2011,4,S,activity_degC_days_m2,128501395486.25648,200
2807,2011,4,S,mean_area_km2,33.28644055033136,200
2808,2011,4,S,mean_duration_days,44.375,200
2809,2011,4,S,mean_intensity_degC,1.5261201858520508,200
2810,2011,4,S,number_of_events,8.0,200
2811,2011,4,S,sum_area_km2,266.2915244026509,200
2812,2011,5,S,activity_degC_days_m2,256021000956.654,200
2813,2011,5,S,mean_area_km2,35.39182665386684,200
2814,2011,5,S,mean_duration_days,18.0,200
2815,2011,5,S,mean_intensity_degC,2.2602431774139404,200
2816,2011,5,S,number_of_events,1.0,200
2817,2011,5,S,sum_area_km2,35.39182665386684,200
2818,2011,6,S,activity_degC_days_m2,130100331242.56516,200
2819,2011,6,S,mean_area_km2,33.146081476762355,200
2820,2011,6,S,mean_duration_days,11.333333333333334,200
2821,2011,6,S,mean_intensity_degC,2.19093656539917,200
2822,2011,6,S,number_of_events,3.0,200
2823,2011,6,S,sum_area_km2,99.43824443028709,200
2824,2011,7,S,activity_degC_days_m2,25272855462.22022,200
2825,2011,7,S,mean_intensity_degC,2.16821026802063,200
2826,2011,8,S,activity_degC_days_m2,0.0,200
2827,2011,8,S,mean_intensity_degC,,200
2828,2011,9,S,activity_degC_days_m2,15191717263.989862,200
2829,2011,9,S,mean_area_km2,33.146081476762326,200
2830,2011,9,S,mean_duration_days,20.833333333333332,200
2831,2011,9,S,mean_intensity_degC,1.5266374349594116,200
2832,2011,9,S,number_of_events,6.0,200
2833,2011,9,S,sum_area_km2,198.87648886057391,200
2834,2011,10,S,activity_degC_days_m2,163363888384.11166,200
2835,2011,10,S,mean_area_km2,33.70751777103848,200
2836,2011,10,S,mean_duration_days,11.0,200
2837,2011,10,S,mean_intensity_degC,1.997514009475708,200
2838,2011,10,S,number_of_events,2.0,200
2839,2011,10,S,sum_area_km2,67.41503554207696,200
2840,2011,11,S,activity_degC_days_m2,0.0,200
2841,2011,11,S,mean_intensity_degC,,200
2842,2011,12,S,activity_degC_days_m2,0.0,200
2843,2011,12,S,mean_intensity_degC,,200
2844,2012,1,S,activity_degC_days_m2,0.0,200
2845,2012,1,S,mean_intensity_degC,,200
2846,2012,2,S,activity_degC_days_m2,0.0,200
2847,2012,2,S,mean_intensity_degC,,200
2848,2012,3,S,activity_degC_days_m2,0.0,200
2849,2012,3,S,mean_intensity_degC,,200
2850,2012,4,S,activity_degC_days_m2,0.0,200
2851,2012,4,S,mean_intensity_degC,,200
2852,2012,5,S,activity_degC_days_m2,28870651392.5089,200
2853,2012,5,S,mean_area_km2,32.69693244134146,200
2854,2012,5,S,mean_duration_days,5.4,200
2855,2012,5,S,mean_intensity_degC,1.7071218490600586,200
2856,2012,5,S,number_of_events,5.0,200
2857,2012,5,S,sum_area_km2,163.4846622067073,200
2858,2012,6,S,activity_degC_days_m2,0.0,200
2859,2012,6,S,mean_intensity_degC,,200
2860,2012,7,S,activity_degC_days_m2,0.0,200
2861,2012,7,S,mean_intensity_degC,,200
2862,2012,8,S,activity_degC_days_m2,0.0,200
2863,2012,8,S,mean_intensity_degC,,200
2864,2012,9,S,activity_degC_days_m2,0.0,200
2865,2012,9,S,mean_intensity_degC,,200
2866,2012,10,S,activity_degC_days_m2,0.0,200
2867,2012,10,S,mean_intensity_degC,,200
2868,2012,11,S,activity_degC_days_m2,0.0,200
2869,2012,11,S,mean_intensity_degC,,200
2870,2012,12,S,activity_degC_days_m2,0.0,200
2871,2012,12,S,mean_intensity_degC,,200
2872,2013,1,S,activity_degC_days_m2,0.0,200
2873,2013,1,S,mean_intensity_degC,,200
2874,2013,2,S,activity_degC_days_m2,0.0,200
2875,2013,2,S,mean_intensity_degC,,200
2876,2013,3,S,activity_degC_days_m2,0.0,200
2877,2013,3,S,mean_intensity_degC,,200
2878,2013,4,S,activity_degC_days_m2,5380913096.92123,200
2879,2013,4,S,mean_area_km2,35.39182665386684,200
2880,2013,4,S,mean_duration_days,6.0,200
2881,2013,4,S,mean_intensity_degC,1.4555333852767944,200
2882,2013,4,S,number_of_events,1.0,200
2883,2013,4,S,sum_area_km2,35.39182665386684,200
2884,2013,5,S,activity_degC_days_m2,18818136415.28647,200
2885,2013,5,S,mean_area_km2,33.146081476762355,200
2886,2013,5,S,mean_duration_days,6.666666666666667,200
2887,2013,5,S,mean_intensity_degC,1.4783645868301392,200
2888,2013,5,S,number_of_events,3.0,200
2889,2013,5,S,sum_area_km2,99.43824443028709,200
2890,2013,6,S,activity_degC_days_m2,0.0,200
2891,2013,6,S,mean_intensity_degC,,200
2892,2013,7,S,activity_degC_days_m2,60469341458.2896,200
2893,2013,7,S,mean_area_km2,32.696932441341424,200
2894,2013,7,S,mean_duration_days,9.6,200
2895,2013,7,S,mean_intensity_degC,1.9706573486328125,200
2896,2013,7,S,number_of_events,5.0,200
2897,2013,7,S,sum_area_km2,163.48466220670713,200
2898,2013,8,S,activity_degC_days_m2,30948119121.49536,200
2899,2013,8,S,mean_area_km2,33.28644055033136,200
2900,2013,8,S,mean_duration_days,21.25,200
2901,2013,8,S,mean_intensity_degC,2.1953980922698975,200
2902,2013,8,S,number_of_events,8.0,200
2903,2013,8,S,sum_area_km2,266.2915244026509,200
2904,2013,9,S,activity_degC_days_m2,206694717997.95193,200
2905,2013,9,S,mean_area_km2,32.02320888821012,200
2906,2013,9,S,mean_duration_days,13.666666666666666,200
2907,2013,9,S,mean_intensity_degC,2.1239418983459473,200
2908,2013,9,S,number_of_events,3.0,200
2909,2013,9,S,sum_area_km2,96.06962666463036,200
2910,2013,10,S,activity_degC_days_m2,64844011899.46938,200
2911,2013,10,S,mean_area_km2,32.8653633296243,200
2912,2013,10,S,mean_duration_days,6.25,200
2913,2013,10,S,mean_intensity_degC,1.7350841760635376,200
2914,2013,10,S,number_of_events,4.0,200
2915,2013,10,S,sum_area_km2,131.4614533184972,200
2916,2013,11,S,activity_degC_days_m2,0.0,200
2917,2013,11,S,mean_intensity_degC,,200
2918,2013,12,S,activity_degC_days_m2,0.0,200
2919,2013,12,S,mean_intensity_degC,,200
2920,2014,1,S,activity_degC_days_m2,0.0,200
2921,2014,1,S,mean_intensity_degC,,200
2922,2014,2,S,activity_degC_days_m2,0.0,200
2923,2014,2,S,mean_intensity_degC,,200
2924,2014,3,S,activity_degC_days_m2,0.0,200
2925,2014,3,S,mean_intensity_degC,,200
2926,2014,4,S,activity_degC_days_m2,0.0,200
2927,2014,4,S,mean_intensity_degC,,200
2928,2014,5,S,activity_degC_days_m2,50175831946.789856,200
2929,2014,5,S,mean_area_km2,33.146081476762326,200
2930,2014,5,S,mean_duration_days,7.833333333333333,200
2931,2014,5,S,mean_intensity_degC,1.7223337888717651,200
2932,2014,5,S,number_of_events,6.0,200
2933,2014,5,S,sum_area_km2,198.87648886057391,200
2934,2014,6,S,activity_degC_days_m2,0.0,200
2935,2014,6,S,mean_intensity_degC,,200
2936,2014,7,S,activity_degC_days_m2,0.0,200
2937,2014,7,S,mean_intensity_degC,,200
2938,2014,8,S,activity_degC_days_m2,0.0,200
2939,2014,8,S,mean_intensity_degC,,200
2940,2014,9,S,activity_degC_days_m2,18449488716.72715,200
2941,2014,9,S,mean_area_km2,33.707517771038454,200
2942,2014,9,S,mean_duration_days,10.5,200
2943,2014,9,S,mean_intensity_degC,1.75666081905365,200
2944,2014,9,S,number_of_events,2.0,200
2945,2014,9,S,sum_area_km2,67.41503554207691,200
2946,2014,10,S,activity_degC_days_m2,21780466034.383125,200
2947,2014,10,S,mean_area_km2,32.023208888210114,200
2948,2014,10,S,mean_duration_days,10.0,200
2949,2014,10,S,mean_intensity_degC,1.9479156732559204,200
2950,2014,10,S,number_of_events,2.0,200
2951,2014,10,S,sum_area_km2,64.04641777642023,200
2952,2014,11,S,activity_degC_days_m2,17946834702.665665,200
2953,2014,11,S,mean_area_km2,33.146081476762355,200
2954,2014,11,S,mean_duration_days,25.666666666666668,200
2955,2014,11,S,mean_intensity_degC,1.6312499046325684,200
2956,2014,11,S,number_of_events,3.0,200
2957,2014,11,S,sum_area_km2,99.43824443028709,200
2958,2014,12,S,activity_degC_days_m2,56106527088.62059,200
2959,2014,12,S,mean_intensity_degC,1.359925627708435,200
2960,2015,1,S,activity_degC_days_m2,0.0,200
2961,2015,1,S,mean_intensity_degC,,200
2962,2015,2,S,activity_degC_days_m2,0.0,200
2963,2015,2,S,mean_intensity_degC,,200
2964,2015,3,S,activity_degC_days_m2,0.0,200
2965,2015,3,S,mean_intensity_degC,,200
2966,2015,4,S,activity_degC_days_m2,0.0,200
2967,2015,4,S,mean_intensity_degC,,200
2968,2015,5,S,activity_degC_days_m2,138241572138.22684,200
2969,2015,5,S,mean_area_km2,33.146081476762326,200
2970,2015,5,S,mean_duration_days,18.5,200
2971,2015,5,S,mean_intensity_degC,1.760607123374939,200
2972,2015,5,S,number_of_events,12.0,200
2973,2015,5,S,sum_area_km2,397.75297772114794,200
2974,2015,6,S,activity_degC_days_m2,157808169096.8047,200
2975,2015,6,S,mean_area_km2,32.0232088882101,200
2976,2015,6,S,mean_duration_days,8.666666666666666,200
2977,2015,6,S,mean_intensity_degC,2.0424723625183105,200
2978,2015,6,S,number_of_events,3.0,200
2979,2015,6,S,sum_area_km2,96.06962666463028,200
2980,2015,7,S,activity_degC_days_m2,0.0,200
2981,2015,7,S,mean_intensity_degC,,200
2982,2015,8,S,activity_degC_days_m2,0.0,200
2983,2015,8,S,mean_intensity_degC,,200
2984,2015,9,S,activity_degC_days_m2,0.0,200
2985,2015,9,S,mean_intensity_degC,,200
2986,2015,10,S,activity_degC_days_m2,0.0,200
2987,2015,10,S,mean_intensity_degC,,200
2988,2015,11,S,activity_degC_days_m2,56265282183.86091,200
2989,2015,11,S,mean_area_km2,33.37065599447276,200
2990,2015,11,S,mean_duration_days,11.2,200
2991,2015,11,S,mean_intensity_degC,1.569904327392578,200
2992,2015,11,S,number_of_events,5.0,200
2993,2015,11,S,sum_area_km2,166.85327997236382,200
2994,2015,12,S,activity_degC_days_m2,101782301368.23312,200
2995,2015,12,S,mean_area_km2,33.146081476762326,200
2996,2015,12,S,mean_duration_days,41.166666666666664,200
2997,2015,12,S,mean_intensity_degC,1.3854504823684692,200
2998,2015,12,S,number_of_events,6.0,200
2999,2015,12,S,sum_area_km2,198.87648886057391,200
3000,2016,1,S,activity_degC_days_m2,112560447360.04504,200
3001,2016,1,S,mean_area_km2,33.146081476762376,200
3002,2016,1,S,mean_duration_days,35.0,200
3003,2016,1,S,mean_intensity_degC,1.0403363704681396,200
3004,2016,1,S,number_of_events,3.0,200
3005,2016,1,S,sum_area_km2,99.43824443028711,200
3006,2016,2,S,activity_degC_days_m2,54973437629.20917,200
3007,2016,2,S,mean_area_km2,33.707517771038454,200
3008,2016,2,S,mean_duration_days,6.5,200
3009,2016,2,S,mean_intensity_degC,1.1795600652694702,200
3010,2016,2,S,number_of_events,2.0,200
3011,2016,2,S,sum_area_km2,67.41503554207691,200
3012,2016,3,S,activity_degC_days_m2,0.0,200
3013,2016,3,S,mean_intensity_degC,,200
3014,2016,4,S,activity_degC_days_m2,0.0,200
3015,2016,4,S,mean_intensity_degC,,200
3016,2016,5,S,activity_degC_days_m2,0.0,200
3017,2016,5,S,mean_intensity_degC,,200
3018,2016,6,S,activity_degC_days_m2,0.0,200
3019,2016,6,S,mean_intensity_degC,,200
3020,2016,7,S,activity_degC_days_m2,106080631432.24988,200
3021,2016,7,S,mean_area_km2,33.466902216348686,200
3022,2016,7,S,mean_duration_days,10.571428571428571,200
3023,2016,7,S,mean_intensity_degC,2.198909282684326,200
3024,2016,7,S,number_of_events,7.0,200
3025,2016,7,S,sum_area_km2,234.2683155144408,200
3026,2016,8,S,activity_degC_days_m2,151444104013.18588,200
3027,2016,8,S,mean_area_km2,33.466902216348686,200
3028,2016,8,S,mean_duration_days,20.714285714285715,200
3029,2016,8,S,mean_intensity_degC,2.5077786445617676,200
3030,2016,8,S,number_of_events,7.0,200
3031,2016,8,S,sum_area_km2,234.2683155144408,200
3032,2016,9,S,activity_degC_days_m2,73704451971.38928,200
3033,2016,9,S,mean_intensity_degC,2.405174016952514,200
3034,2016,10,S,activity_degC_days_m2,0.0,200
3035,2016,10,S,mean_intensity_degC,,200
3036,2016,11,S,activity_degC_days_m2,10569808706.869246,200
3037,2016,11,S,mean_area_km2,35.39182665386675,200
3038,2016,11,S,mean_duration_days,5.5,200
3039,2016,11,S,mean_intensity_degC,1.5484529733657837,200
3040,2016,11,S,number_of_events,2.0,200
3041,2016,11,S,sum_area_km2,70.7836533077335,200
3042,2016,12,S,activity_degC_days_m2,40535188532.51774,200
3043,2016,12,S,mean_area_km2,33.707517771038425,200
3044,2016,12,S,mean_duration_days,14.75,200
3045,2016,12,S,mean_intensity_degC,1.1101691722869873,200
3046,2016,12,S,number_of_events,4.0,200
3047,2016,12,S,sum_area_km2,134.8300710841537,200
3048,2017,1,S,activity_degC_days_m2,1179441303.6814337,200
3049,2017,1,S,mean_intensity_degC,0.9571142196655272,200
3050,2017,2,S,activity_degC_days_m2,0.0,200
3051,2017,2,S,mean_intensity_degC,,200
3052,2017,3,S,activity_degC_days_m2,0.0,200
3053,2017,3,S,mean_intensity_degC,,200
3054,2017,4,S,activity_degC_days_m2,6045592267.778449,200
3055,2017,4,S,mean_area_km2,35.39182665386666,200
3056,2017,4,S,mean_duration_days,7.0,200
3057,2017,4,S,mean_intensity_degC,1.4017102718353271,200
3058,2017,4,S,number_of_events,1.0,200
3059,2017,4,S,sum_area_km2,35.39182665386666,200
3060,2017,5,S,activity_degC_days_m2,120334706759.31442,200
3061,2017,5,S,mean_area_km2,33.146081476762326,200
3062,2017,5,S,mean_duration_days,10.916666666666666,200
3063,2017,5,S,mean_intensity_degC,1.661864161491394,200
3064,2017,5,S,number_of_events,12.0,200
3065,2017,5,S,sum_area_km2,397.75297772114794,200
3066,2017,6,S,activity_degC_days_m2,193179186406.3369,200
3067,2017,6,S,mean_area_km2,33.146081476762326,200
3068,2017,6,S,mean_duration_days,17.333333333333332,200
3069,2017,6,S,mean_intensity_degC,2.448678493499756,200
3070,2017,6,S,number_of_events,6.0,200
3071,2017,6,S,sum_area_km2,198.87648886057391,200
3072,2017,7,S,activity_degC_days_m2,0.0,200
3073,2017,7,S,mean_intensity_degC,,200
3074,2017,8,S,activity_degC_days_m2,34114094862.91134,200
3075,2017,8,S,mean_area_km2,33.37065599447278,200
3076,2017,8,S,mean_duration_days,5.4,200
3077,2017,8,S,mean_intensity_degC,2.0307133197784424,200
3078,2017,8,S,number_of_events,5.0,200
3079,2017,8,S,sum_area_km2,166.85327997236388,200
3080,2017,9,S,activity_degC_days_m2,0.0,200
3081,2017,9,S,mean_intensity_degC,,200
3082,2017,10,S,activity_degC_days_m2,62345864849.00583,200
3083,2017,10,S,mean_area_km2,33.146081476762326,200
3084,2017,10,S,mean_duration_days,30.5,200
3085,2017,10,S,mean_intensity_degC,1.7235759496688845,200
3086,2017,10,S,number_of_events,6.0,200
3087,2017,10,S,sum_area_km2,198.87648886057391,200
3088,2017,11,S,activity_degC_days_m2,169840805653.9205,200
3089,2017,11,S,mean_area_km2,33.707517771038425,200
3090,2017,11,S,mean_duration_days,27.0,200
3091,2017,11,S,mean_intensity_degC,1.7681862115859983,200
3092,2017,11,S,number_of_events,4.0,200
3093,2017,11,S,sum_area_km2,134.8300710841537,200
3094,2017,12,S,activity_degC_days_m2,79398511016.04433,200
3095,2017,12,S,mean_intensity_degC,1.525071620941162,200
3096,2018,1,S,activity_degC_days_m2,0.0,200
3097,2018,1,S,mean_intensity_degC,,200
3098,2018,2,S,activity_degC_days_m2,0.0,200
3099,2018,2,S,mean_intensity_degC,,200
3100,2018,3,S,activity_degC_days_m2,0.0,200
3101,2018,3,S,mean_intensity_degC,,200
3102,2018,4,S,activity_degC_days_m2,0.0,200
3103,2018,4,S,mean_intensity_degC,,200
3104,2018,5,S,activity_degC_days_m2,0.0,200
3105,2018,5,S,mean_intensity_degC,,200
3106,2018,6,S,activity_degC_days_m2,0.0,200
3107,2018,6,S,mean_intensity_degC,,200
3108,2018,7,S,activity_degC_days_m2,0.0,200
3109,2018,7,S,mean_intensity_degC,,200
3110,2018,8,S,activity_degC_days_m2,0.0,200
3111,2018,8,S,mean_intensity_degC,,200
3112,2018,9,S,activity_degC_days_m2,87974066850.93661,200
3113,2018,9,S,mean_area_km2,33.146081476762326,200
3114,2018,9,S,mean_duration_days,25.166666666666668,200
3115,2018,9,S,mean_intensity_degC,2.50265121459961,200
3116,2018,9,S,number_of_events,6.0,200
3117,2018,9,S,sum_area_km2,198.87648886057391,200
3118,2018,10,S,activity_degC_days_m2,149228287978.6167,200
3119,2018,10,S,mean_intensity_degC,2.45247220993042,200
3120,2018,11,S,activity_degC_days_m2,0.0,200
3121,2018,11,S,mean_intensity_degC,,200
3122,2018,12,S,activity_degC_days_m2,0.0,200
3123,2018,12,S,mean_intensity_degC,,200
3124,2019,1,S,activity_degC_days_m2,0.0,200
3125,2019,1,S,mean_intensity_degC,,200
3126,2019,2,S,activity_degC_days_m2,4015712846.3748975,200
3127,2019,2,S,mean_area_km2,35.39182665386666,200
3128,2019,2,S,mean_duration_days,6.0,200
3129,2019,2,S,mean_intensity_degC,1.0862475633621216,200
3130,2019,2,S,number_of_events,1.0,200
3131,2019,2,S,sum_area_km2,35.39182665386666,200
3132,2019,3,S,activity_degC_days_m2,0.0,200
3133,2019,3,S,mean_intensity_degC,,200
3134,2019,4,S,activity_degC_days_m2,0.0,200
3135,2019,4,S,mean_intensity_degC,,200
3136,2019,5,S,activity_degC_days_m2,0.0,200
3137,2019,5,S,mean_intensity_degC,,200
3138,2019,6,S,activity_degC_days_m2,0.0,200
3139,2019,6,S,mean_intensity_degC,,200
3140,2019,7,S,activity_degC_days_m2,0.0,200
3141,2019,7,S,mean_intensity_degC,,200
3142,2019,8,S,activity_degC_days_m2,0.0,200
3143,2019,8,S,mean_intensity_degC,,200
3144,2019,9,S,activity_degC_days_m2,37858548185.93352,200
3145,2019,9,S,mean_area_km2,33.70751777103843,200
3146,2019,9,S,mean_duration_days,7.25,200
3147,2019,9,S,mean_intensity_degC,2.0953869819641113,200
3148,2019,9,S,number_of_events,4.0,200
3149,2019,9,S,sum_area_km2,134.83007108415373,200
3150,2019,10,S,activity_degC_days_m2,0.0,200
3151,2019,10,S,mean_intensity_degC,,200
3152,2019,11,S,activity_degC_days_m2,0.0,200
3153,2019,11,S,mean_intensity_degC,,200
3154,2019,12,S,activity_degC_days_m2,0.0,200
3155,2019,12,S,mean_intensity_degC,,200
3156,2020,1,S,activity_degC_days_m2,957907635.3565862,200
3157,2020,1,S,mean_area_km2,32.023208888210114,200
3158,2020,1,S,mean_duration_days,19.0,200
3159,2020,1,S,mean_intensity_degC,0.7747883796691895,200
3160,2020,1,S,number_of_events,2.0,200
3161,2020,1,S,sum_area_km2,64.04641777642023,200
3162,2020,2,S,activity_degC_days_m2,89432887670.71832,200
3163,2020,2,S,mean_area_km2,33.70751777103843,200
3164,2020,2,S,mean_duration_days,21.0,200
3165,2020,2,S,mean_intensity_degC,1.1958037614822388,200
3166,2020,2,S,number_of_events,4.0,200
3167,2020,2,S,sum_area_km2,134.83007108415373,200
3168,2020,3,S,activity_degC_days_m2,0.0,200
3169,2020,3,S,mean_intensity_degC,,200
3170,2020,4,S,activity_degC_days_m2,4171639281.615273,200
3171,2020,4,S,mean_area_km2,35.39182665386684,200
3172,2020,4,S,mean_duration_days,5.0,200
3173,2020,4,S,mean_intensity_degC,1.3541107177734375,200
3174,2020,4,S,number_of_events,1.0,200
3175,2020,4,S,sum_area_km2,35.39182665386684,200
3176,2020,5,S,activity_degC_days_m2,60366168589.25783,200
3177,2020,5,S,mean_area_km2,33.146081476762326,200
3178,2020,5,S,mean_duration_days,15.5,200
3179,2020,5,S,mean_intensity_degC,1.9839533567428589,200
3180,2020,5,S,number_of_events,6.0,200
3181,2020,5,S,sum_area_km2,198.87648886057391,200
3182,2020,6,S,activity_degC_days_m2,68555577204.50355,200
3183,2020,6,S,mean_intensity_degC,2.364373207092285,200
3184,2020,7,S,activity_degC_days_m2,114168787942.30618,200
3185,2020,7,S,mean_area_km2,33.146081476762326,200
3186,2020,7,S,mean_duration_days,12.166666666666666,200
3187,2020,7,S,mean_intensity_degC,2.4835596084594727,200
3188,2020,7,S,number_of_events,6.0,200
3189,2020,7,S,sum_area_km2,198.87648886057391,200
3190,2020,8,S,activity_degC_days_m2,0.0,200
3191,2020,8,S,mean_intensity_degC,,200
3192,2020,9,S,activity_degC_days_m2,0.0,200
3193,2020,9,S,mean_intensity_degC,,200
3194,2020,10,S,activity_degC_days_m2,0.0,200
3195,2020,10,S,mean_intensity_degC,,200
3196,2020,11,S,activity_degC_days_m2,27623799940.146732,200
3197,2020,11,S,mean_area_km2,33.37065599447279,200
3198,2020,11,S,mean_duration_days,7.4,200
3199,2020,11,S,mean_intensity_degC,1.391779541969299,200
3200,2020,11,S,number_of_events,5.0,200
3201,2020,11,S,sum_area_km2,166.853279972364,200
3202,2020,12,S,activity_degC_days_m2,15085421843.217863,200
3203,2020,12,S,mean_area_km2,32.023208888210135,200
3204,2020,12,S,mean_duration_days,5.0,200
3205,2020,12,S,mean_intensity_degC,1.2212655544281006,200
3206,2020,12,S,number_of_events,3.0,200
3207,2020,12,S,sum_area_km2,96.0696266646304,200
3208,2021,1,S,activity_degC_days_m2,0.0,200
3209,2021,1,S,mean_intensity_degC,,200
3210,2021,2,S,activity_degC_days_m2,0.0,200
3211,2021,2,S,mean_intensity_degC,,200
3212,2021,3,S,activity_degC_days_m2,0.0,200
3213,2021,3,S,mean_intensity_degC,,200
3214,2021,4,S,activity_degC_days_m2,88623227038.35408,200
3215,2021,4,S,mean_area_km2,33.146081476762326,200
3216,2021,4,S,mean_duration_days,17.833333333333332,200
3217,2021,4,S,mean_intensity_degC,1.3627095222473145,200
3218,2021,4,S,number_of_events,6.0,200
3219,2021,4,S,sum_area_km2,198.87648886057391,200
3220,2021,5,S,activity_degC_days_m2,2984882438.4972563,200
3221,2021,5,S,mean_intensity_degC,1.2014427185058594,200
3222,2021,6,S,activity_degC_days_m2,0.0,200
3223,2021,6,S,mean_intensity_degC,,200
3224,2021,7,S,activity_degC_days_m2,0.0,200
3225,2021,7,S,mean_intensity_degC,,200
3226,2021,8,S,activity_degC_days_m2,0.0,200
3227,2021,8,S,mean_intensity_degC,,200
3228,2021,9,S,activity_degC_days_m2,0.0,200
3229,2021,9,S,mean_intensity_degC,,200
3230,2021,10,S,activity_degC_days_m2,9917026917.680649,200
3231,2021,10,S,mean_area_km2,32.02320888821012,200
3232,2021,10,S,mean_duration_days,5.0,200
3233,2021,10,S,mean_intensity_degC,1.604245901107788,200
3234,2021,10,S,number_of_events,2.0,200
3235,2021,10,S,sum_area_km2,64.04641777642024,200
3236,2021,11,S,activity_degC_days_m2,0.0,200
3237,2021,11,S,mean_intensity_degC,,200
3238,2021,12,S,activity_degC_days_m2,0.0,200
3239,2021,12,S,mean_intensity_degC,,200
3240,2022,1,S,activity_degC_days_m2,0.0,200
3241,2022,1,S,mean_intensity_degC,,200
3242,2022,2,S,activity_degC_days_m2,0.0,200
3243,2022,2,S,mean_intensity_degC,,200
3244,2022,3,S,activity_degC_days_m2,0.0,200
3245,2022,3,S,mean_intensity_degC,,200
3246,2022,4,S,activity_degC_days_m2,0.0,200
3247,2022,4,S,mean_intensity_degC,,200
3248,2022,5,S,activity_degC_days_m2,18600169908.696342,200
3249,2022,5,S,mean_area_km2,33.146081476762355,200
3250,2022,5,S,mean_duration_days,5.333333333333333,200
3251,2022,5,S,mean_intensity_degC,1.8853472471237185,200
3252,2022,5,S,number_of_events,3.0,200
3253,2022,5,S,sum_area_km2,99.43824443028709,200
3254,2022,6,S,activity_degC_days_m2,0.0,200
3255,2022,6,S,mean_intensity_degC,,200
3256,2022,7,S,activity_degC_days_m2,52235033124.455185,200
3257,2022,7,S,mean_area_km2,33.70751777103843,200
3258,2022,7,S,mean_duration_days,9.5,200
3259,2022,7,S,mean_intensity_degC,2.247591733932495,200
3260,2022,7,S,number_of_events,4.0,200
3261,2022,7,S,sum_area_km2,134.83007108415373,200
3262,2022,8,S,activity_degC_days_m2,0.0,200
3263,2022,8,S,mean_intensity_degC,,200
3264,2022,9,S,activity_degC_days_m2,0.0,200
3265,2022,9,S,mean_intensity_degC,,200
3266,2022,10,S,activity_degC_days_m2,2017659079.779047,200
3267,2022,10,S,mean_area_km2,35.39182665386684,200
3268,2022,10,S,mean_duration_days,11.0,200
3269,2022,10,S,mean_intensity_degC,1.6373262405395508,200
3270,2022,10,S,number_of_events,1.0,200
3271,2022,10,S,sum_area_km2,35.39182665386684,200
3272,2022,11,S,activity_degC_days_m2,23165576376.710915,200
3273,2022,11,S,mean_area_km2,32.02320888821012,200
3274,2022,11,S,mean_duration_days,8.5,200
3275,2022,11,S,mean_intensity_degC,1.4587198495864868,200
3276,2022,11,S,number_of_events,2.0,200
3277,2022,11,S,sum_area_km2,64.04641777642024,200
3278,2022,12,S,activity_degC_days_m2,43411121630.31198,200
3279,2022,12,S,mean_area_km2,33.146081476762326,200
3280,2022,12,S,mean_duration_days,31.333333333333332,200
3281,2022,12,S,mean_intensity_degC,1.191053867340088,200
3282,2022,12,S,number_of_events,6.0,200
3283,2022,12,S,sum_area_km2,198.87648886057391,200
3284,2023,1,S,activity_degC_days_m2,121640561586.30424,200
3285,2023,1,S,mean_intensity_degC,1.458004117012024,200
3286,2023,2,S,activity_degC_days_m2,0.0,200
3287,2023,2,S,mean_intensity_degC,,200
3288,2023,3,S,activity_degC_days_m2,24955274939.17635,200
3289,2023,3,S,mean_area_km2,32.98567110696915,200
3290,2023,3,S,mean_duration_days,12.428571428571429,200
3291,2023,3,S,mean_intensity_degC,0.9313480257987976,200
3292,2023,3,S,number_of_events,7.0,200
3293,2023,3,S,sum_area_km2,230.89969774878404,200
3294,2023,4,S,activity_degC_days_m2,79620283284.17914,200
3295,2023,4,S,mean_area_km2,32.69693244134146,200
3296,2023,4,S,mean_duration_days,17.2,200
3297,2023,4,S,mean_intensity_degC,1.2419553995132446,200
3298,2023,4,S,number_of_events,5.0,200
3299,2023,4,S,sum_area_km2,163.4846622067073,200
3300,2023,5,S,activity_degC_days_m2,28746477520.258183,200
3301,2023,5,S,mean_area_km2,35.39182665386666,200
3302,2023,5,S,mean_duration_days,5.0,200
3303,2023,5,S,mean_intensity_degC,1.3956339359283447,200
3304,2023,5,S,number_of_events,1.0,200
3305,2023,5,S,sum_area_km2,35.39182665386666,200
3306,2023,6,S,activity_degC_days_m2,55091049794.72705,200
3307,2023,6,S,mean_area_km2,32.98567110696916,200
3308,2023,6,S,mean_duration_days,11.142857142857142,200
3309,2023,6,S,mean_intensity_degC,1.941576361656189,200
3310,2023,6,S,number_of_events,7.0,200
3311,2023,6,S,sum_area_km2,230.89969774878412,200
3312,2023,7,S,activity_degC_days_m2,59014613314.10461,200
3313,2023,7,S,mean_area_km2,35.39182665386666,200
3314,2023,7,S,mean_duration_days,5.0,200
3315,2023,7,S,mean_intensity_degC,2.3845772743225098,200
3316,2023,7,S,number_of_events,1.0,200
3317,2023,7,S,sum_area_km2,35.39182665386666,200
3318,2023,8,S,activity_degC_days_m2,0.0,200
3319,2023,8,S,mean_intensity_degC,,200
3320,2023,9,S,activity_degC_days_m2,0.0,200
3321,2023,9,S,mean_intensity_degC,,200
3322,2023,10,S,activity_degC_days_m2,167203849768.7336,200
3323,2023,10,S,mean_area_km2,33.146081476762326,200
3324,2023,10,S,mean_duration_days,20.5,200
3325,2023,10,S,mean_intensity_degC,2.0942916870117188,200
3326,2023,10,S,number_of_events,6.0,200
3327,2023,10,S,sum_area_km2,198.87648886057391,200
3328,2023,11,S,activity_degC_days_m2,5786132369.995935,200
3329,2023,11,S,mean_area_km2,32.023208888210064,200
3330,2023,11,S,mean_duration_days,97.0,200
3331,2023,11,S,mean_intensity_degC,1.560007095336914,200
3332,2023,11,S,number_of_events,1.0,200
3333,2023,11,S,sum_area_km2,32.023208888210064,200
3334,2023,12,S,activity_degC_days_m2,71840062292.64879,200
3335,2023,12,S,mean_area_km2,33.37065599447278,200
3336,2023,12,S,mean_duration_days,55.6,200
3337,2023,12,S,mean_intensity_degC,1.2008590698242188,200
3338,2023,12,S,number_of_events,5.0,200
3339,2023,12,S,sum_area_km2,166.85327997236388,200
3340,2024,1,S,activity_degC_days_m2,138295765231.1499,200
3341,2024,1,S,mean_area_km2,35.39182665386675,200
3342,2024,1,S,mean_duration_days,44.5,200
3343,2024,1,S,mean_intensity_degC,1.265480399131775,200
3344,2024,1,S,number_of_events,2.0,200
3345,2024,1,S,sum_area_km2,70.7836533077335,200
3346,2024,2,S,activity_degC_days_m2,184728296763.09903,200
3347,2024,2,S,mean_intensity_degC,1.7192480564117432,200
3348,2024,3,S,activity_degC_days_m2,2969505475.049233,200
3349,2024,3,S,mean_intensity_degC,0.9580225944519044,200
3350,2024,4,S,activity_degC_days_m2,54904956966.80613,200
3351,2024,4,S,mean_area_km2,33.146081476762326,200
3352,2024,4,S,mean_duration_days,9.833333333333334,200
3353,2024,4,S,mean_intensity_degC,1.4849853515625,200
3354,2024,4,S,number_of_events,6.0,200
3355,2024,4,S,sum_area_km2,198.87648886057391,200
3356,2024,5,S,activity_degC_days_m2,0.0,200
3357,2024,5,S,mean_intensity_degC,,200
3358,2024,6,S,activity_degC_days_m2,0.0,200
3359,2024,6,S,mean_intensity_degC,,200
3360,2024,7,S,activity_degC_days_m2,0.0,200
3361,2024,7,S,mean_intensity_degC,,200
3362,2024,8,S,activity_degC_days_m2,0.0,200
3363,2024,8,S,mean_intensity_degC,,200
3364,2024,9,S,activity_degC_days_m2,0.0,200
3365,2024,9,S,mean_intensity_degC,,200
3366,2024,10,S,activity_degC_days_m2,0.0,200
3367,2024,10,S,mean_intensity_degC,,200
3368,2024,11,S,activity_degC_days_m2,46237083609.53177,200
3369,2024,11,S,mean_area_km2,32.696932441341424,200
3370,2024,11,S,mean_duration_days,62.4,200
3371,2024,11,S,mean_intensity_degC,1.4119387865066528,200
3372,2024,11,S,number_of_events,5.0,200
3373,2024,11,S,sum_area_km2,163.48466220670713,200
3374,2024,12,S,activity_degC_days_m2,142046668940.4641,200
3375,2024,12,S,mean_area_km2,35.39182665386684,200
3376,2024,12,S,mean_duration_days,22.0,200
3377,2024,12,S,mean_intensity_degC,1.2903366088867188,200
3378,2024,12,S,number_of_events,1.0,200
3379,2024,12,S,sum_area_km2,35.39182665386684,200
3380,2025,1,S,activity_degC_days_m2,82843503640.1887,200
3381,2025,1,S,mean_area_km2,33.70751777103848,200
3382,2025,1,S,mean_duration_days,12.5,200
3383,2025,1,S,mean_intensity_degC,0.9978196024894714,200
3384,2025,1,S,number_of_events,2.0,200
3385,2025,1,S,sum_area_km2,67.41503554207696,200
3386,2025,2,S,activity_degC_days_m2,475524189.6520808,200
3387,2025,2,S,mean_intensity_degC,0.7692403793334961,200
3388,2025,3,S,activity_degC_days_m2,14412299177.83219,200
3389,2025,3,S,mean_area_km2,32.02320888821012,200
3390,2025,3,S,mean_duration_days,6.25,200
3391,2025,3,S,mean_intensity_degC,0.9241350889205932,200
3392,2025,3,S,number_of_events,4.0,200
3393,2025,3,S,sum_area_km2,128.09283555284048,200
3394,2025,4,S,activity_degC_days_m2,0.0,200
3395,2025,4,S,mean_intensity_degC,,200
3396,2025,5,S,activity_degC_days_m2,5064731956.188187,200
3397,2025,5,S,mean_area_km2,35.39182665386684,200
3398,2025,5,S,mean_duration_days,8.0,200
3399,2025,5,S,mean_intensity_degC,2.7400131225585938,200
3400,2025,5,S,number_of_events,1.0,200
3401,2025,5,S,sum_area_km2,35.39182665386684,200
3402,2025,6,S,activity_degC_days_m2,21532485820.90851,200
3403,2025,6,S,mean_area_km2,33.37065599447278,200
3404,2025,6,S,mean_duration_days,12.0,200
3405,2025,6,S,mean_intensity_degC,2.5215139389038086,200
3406,2025,6,S,number_of_events,5.0,200
3407,2025,6,S,sum_area_km2,166.85327997236388,200
3408,2025,7,S,activity_degC_days_m2,102227951020.89175,200
3409,2025,7,S,mean_area_km2,32.023208888210064,200
3410,2025,7,S,mean_duration_days,10.0,200
3411,2025,7,S,mean_intensity_degC,2.6427316665649414,200
3412,2025,7,S,number_of_events,1.0,200
3413,2025,7,S,sum_area_km2,32.023208888210064,200
3414,2025,8,S,activity_degC_days_m2,143711607596.17267,200
3415,2025,8,S,mean_area_km2,33.146081476762326,200
3416,2025,8,S,mean_duration_days,16.666666666666668,200
3417,2025,8,S,mean_intensity_degC,2.2759902477264404,200
3418,2025,8,S,number_of_events,6.0,200
3419,2025,8,S,sum_area_km2,198.87648886057391,200
3420,2025,9,S,activity_degC_days_m2,0.0,200
3421,2025,9,S,mean_intensity_degC,,200
3422,2025,10,S,activity_degC_days_m2,49609876667.248024,200
3423,2025,10,S,mean_area_km2,33.146081476762326,200
3424,2025,10,S,mean_duration_days,13.0,200
3425,2025,10,S,mean_intensity_degC,1.7399139404296875,200
3426,2025,10,S,number_of_events,6.0,200
3427,2025,10,S,sum_area_km2,198.87648886057391,200
3428,2025,11,S,activity_degC_days_m2,37843446033.1387,200
3429,2025,11,S,mean_area_km2,35.39182665386684,200
3430,2025,11,S,mean_duration_days,7.0,200
3431,2025,11,S,mean_intensity_degC,1.53943932056427,200
3432,2025,11,S,number_of_events,1.0,200
3433,2025,11,S,sum_area_km2,35.39182665386684,200
3434,2025,12,S,activity_degC_days_m2,0.0,200
3435,2025,12,S,mean_intensity_degC,,200
3436,1981,9,SW,activity_degC_days_m2,0.0,200
3437,1981,9,SW,mean_intensity_degC,,200
3438,1981,10,SW,activity_degC_days_m2,0.0,200
3439,1981,10,SW,mean_intensity_degC,,200
3440,1981,11,SW,activity_degC_days_m2,13352579249.37411,200
3441,1981,11,SW,mean_area_km2,42.12574964677289,200
3442,1981,11,SW,mean_duration_days,5.375,200
3443,1981,11,SW,mean_intensity_degC,1.7047802209854126,200
3444,1981,11,SW,number_of_events,8.0,200
3445,1981,11,SW,sum_area_km2,337.0059971741831,200
3446,1981,12,SW,activity_degC_days_m2,34235326590.016163,200
3447,1981,12,SW,mean_intensity_degC,1.696524739265442,200
3448,1982,1,SW,activity_degC_days_m2,0.0,200
3449,1982,1,SW,mean_intensity_degC,,200
3450,1982,2,SW,activity_degC_days_m2,0.0,200
3451,1982,2,SW,mean_intensity_degC,,200
3452,1982,3,SW,activity_degC_days_m2,0.0,200
3453,1982,3,SW,mean_intensity_degC,,200
3454,1982,4,SW,activity_degC_days_m2,0.0,200
3455,1982,4,SW,mean_intensity_degC,,200
3456,1982,5,SW,activity_degC_days_m2,0.0,200
3457,1982,5,SW,mean_intensity_degC,,200
3458,1982,6,SW,activity_degC_days_m2,0.0,200
3459,1982,6,SW,mean_intensity_degC,,200
3460,1982,7,SW,activity_degC_days_m2,0.0,200
3461,1982,7,SW,mean_intensity_degC,,200
3462,1982,8,SW,activity_degC_days_m2,0.0,200
3463,1982,8,SW,mean_intensity_degC,,200
3464,1982,9,SW,activity_degC_days_m2,0.0,200
3465,1982,9,SW,mean_intensity_degC,,200
3466,1982,10,SW,activity_degC_days_m2,0.0,200
3467,1982,10,SW,mean_intensity_degC,,200
3468,1982,11,SW,activity_degC_days_m2,0.0,200
3469,1982,11,SW,mean_intensity_degC,,200
3470,1982,12,SW,activity_degC_days_m2,0.0,200
3471,1982,12,SW,mean_intensity_degC,,200
3472,1983,1,SW,activity_degC_days_m2,0.0,200
3473,1983,1,SW,mean_intensity_degC,,200
3474,1983,2,SW,activity_degC_days_m2,0.0,200
3475,1983,2,SW,mean_intensity_degC,,200
3476,1983,3,SW,activity_degC_days_m2,31516332455.759064,200
3477,1983,3,SW,mean_area_km2,39.432756276129766,200
3478,1983,3,SW,mean_duration_days,8.4,200
3479,1983,3,SW,mean_intensity_degC,1.2181018590927124,200
3480,1983,3,SW,number_of_events,5.0,200
3481,1983,3,SW,sum_area_km2,197.16378138064889,200
3482,1983,4,SW,activity_degC_days_m2,0.0,200
3483,1983,4,SW,mean_intensity_degC,,200
3484,1983,5,SW,activity_degC_days_m2,0.0,200
3485,1983,5,SW,mean_intensity_degC,,200
3486,1983,6,SW,activity_degC_days_m2,0.0,200
3487,1983,6,SW,mean_intensity_degC,,200
3488,1983,7,SW,activity_degC_days_m2,7284993403.770654,200
3489,1983,7,SW,mean_area_km2,55.587140006886386,200
3490,1983,7,SW,mean_duration_days,6.5,200
3491,1983,7,SW,mean_intensity_degC,0.9405587911605836,200
3492,1983,7,SW,number_of_events,2.0,200
3493,1983,7,SW,sum_area_km2,111.17428001377276,200
3494,1983,8,SW,activity_degC_days_m2,0.0,200
3495,1983,8,SW,mean_intensity_degC,,200
3496,1983,9,SW,activity_degC_days_m2,0.0,200
3497,1983,9,SW,mean_intensity_degC,,200
3498,1983,10,SW,activity_degC_days_m2,0.0,200
3499,1983,10,SW,mean_intensity_degC,,200
3500,1983,11,SW,activity_degC_days_m2,239652936942.61377,200
3501,1983,11,SW,mean_area_km2,47.30271155647377,200
3502,1983,11,SW,mean_duration_days,24.846153846153847,200
3503,1983,11,SW,mean_intensity_degC,1.803678274154663,200
3504,1983,11,SW,number_of_events,13.0,200
3505,1983,11,SW,sum_area_km2,614.935250234159,200
3506,1983,12,SW,activity_degC_days_m2,110586750802.98914,200
3507,1983,12,SW,mean_intensity_degC,1.555483102798462,200
3508,1984,1,SW,activity_degC_days_m2,0.0,200
3509,1984,1,SW,mean_intensity_degC,,200
3510,1984,2,SW,activity_degC_days_m2,0.0,200
3511,1984,2,SW,mean_intensity_degC,,200
3512,1984,3,SW,activity_degC_days_m2,0.0,200
3513,1984,3,SW,mean_intensity_degC,,200
3514,1984,4,SW,activity_degC_days_m2,0.0,200
3515,1984,4,SW,mean_intensity_degC,,200
3516,1984,5,SW,activity_degC_days_m2,0.0,200
3517,1984,5,SW,mean_intensity_degC,,200
3518,1984,6,SW,activity_degC_days_m2,0.0,200
3519,1984,6,SW,mean_intensity_degC,,200
3520,1984,7,SW,activity_degC_days_m2,0.0,200
3521,1984,7,SW,mean_intensity_degC,,200
3522,1984,8,SW,activity_degC_days_m2,0.0,200
3523,1984,8,SW,mean_intensity_degC,,200
3524,1984,9,SW,activity_degC_days_m2,0.0,200
3525,1984,9,SW,mean_intensity_degC,,200
3526,1984,10,SW,activity_degC_days_m2,0.0,200
3527,1984,10,SW,mean_intensity_degC,,200
3528,1984,11,SW,activity_degC_days_m2,0.0,200
3529,1984,11,SW,mean_intensity_degC,,200
3530,1984,12,SW,activity_degC_days_m2,0.0,200
3531,1984,12,SW,mean_intensity_degC,,200
3532,1985,1,SW,activity_degC_days_m2,0.0,200
3533,1985,1,SW,mean_intensity_degC,,200
3534,1985,2,SW,activity_degC_days_m2,0.0,200
3535,1985,2,SW,mean_intensity_degC,,200
3536,1985,3,SW,activity_degC_days_m2,0.0,200
3537,1985,3,SW,mean_intensity_degC,,200
3538,1985,4,SW,activity_degC_days_m2,0.0,200
3539,1985,4,SW,mean_intensity_degC,,200
3540,1985,5,SW,activity_degC_days_m2,0.0,200
3541,1985,5,SW,mean_intensity_degC,,200
3542,1985,6,SW,activity_degC_days_m2,0.0,200
3543,1985,6,SW,mean_intensity_degC,,200
3544,1985,7,SW,activity_degC_days_m2,8032718739.893671,200
3545,1985,7,SW,mean_area_km2,55.587140006886386,200
3546,1985,7,SW,mean_duration_days,5.0,200
3547,1985,7,SW,mean_intensity_degC,1.3305280208587646,200
3548,1985,7,SW,number_of_events,2.0,200
3549,1985,7,SW,sum_area_km2,111.17428001377276,200
3550,1985,8,SW,activity_degC_days_m2,0.0,200
3551,1985,8,SW,mean_intensity_degC,,200
3552,1985,9,SW,activity_degC_days_m2,0.0,200
3553,1985,9,SW,mean_intensity_degC,,200
3554,1985,10,SW,activity_degC_days_m2,4914917160.761978,200
3555,1985,10,SW,mean_area_km2,35.39182665386661,200
3556,1985,10,SW,mean_duration_days,5.0,200
3557,1985,10,SW,mean_intensity_degC,1.5953781604766846,200
3558,1985,10,SW,number_of_events,1.0,200
3559,1985,10,SW,sum_area_km2,35.39182665386661,200
3560,1985,11,SW,activity_degC_days_m2,0.0,200
3561,1985,11,SW,mean_intensity_degC,,200
3562,1985,12,SW,activity_degC_days_m2,0.0,200
3563,1985,12,SW,mean_intensity_degC,,200
3564,1986,1,SW,activity_degC_days_m2,0.0,200
3565,1986,1,SW,mean_intensity_degC,,200
3566,1986,2,SW,activity_degC_days_m2,0.0,200
3567,1986,2,SW,mean_intensity_degC,,200
3568,1986,3,SW,activity_degC_days_m2,0.0,200
3569,1986,3,SW,mean_intensity_degC,,200
3570,1986,4,SW,activity_degC_days_m2,0.0,200
3571,1986,4,SW,mean_intensity_degC,,200
3572,1986,5,SW,activity_degC_days_m2,0.0,200
3573,1986,5,SW,mean_intensity_degC,,200
3574,1986,6,SW,activity_degC_days_m2,0.0,200
3575,1986,6,SW,mean_intensity_degC,,200
3576,1986,7,SW,activity_degC_days_m2,0.0,200
3577,1986,7,SW,mean_intensity_degC,,200
3578,1986,8,SW,activity_degC_days_m2,0.0,200
3579,1986,8,SW,mean_intensity_degC,,200
3580,1986,9,SW,activity_degC_days_m2,9687801341.770945,200
3581,1986,9,SW,mean_area_km2,53.905333237362,200
3582,1986,9,SW,mean_duration_days,5.5,200
3583,1986,9,SW,mean_intensity_degC,1.4355827569961548,200
3584,1986,9,SW,number_of_events,2.0,200
3585,1986,9,SW,sum_area_km2,107.810666474724,200
3586,1986,10,SW,activity_degC_days_m2,5102705227.125173,200
3587,1986,10,SW,mean_area_km2,52.22352646783737,200
3588,1986,10,SW,mean_duration_days,6.0,200
3589,1986,10,SW,mean_intensity_degC,1.4037939310073853,200
3590,1986,10,SW,number_of_events,1.0,200
3591,1986,10,SW,sum_area_km2,52.22352646783737,200
3592,1986,11,SW,activity_degC_days_m2,0.0,200
3593,1986,11,SW,mean_intensity_degC,,200
3594,1986,12,SW,activity_degC_days_m2,0.0,200
3595,1986,12,SW,mean_intensity_degC,,200
3596,1987,1,SW,activity_degC_days_m2,0.0,200
3597,1987,1,SW,mean_intensity_degC,,200
3598,1987,2,SW,activity_degC_days_m2,0.0,200
3599,1987,2,SW,mean_intensity_degC,,200
3600,1987,3,SW,activity_degC_days_m2,3432069753.4802327,200
3601,1987,3,SW,mean_area_km2,35.39182665386661,200
3602,1987,3,SW,mean_duration_days,5.0,200
3603,1987,3,SW,mean_intensity_degC,1.1140470504760742,200
3604,1987,3,SW,number_of_events,1.0,200
3605,1987,3,SW,sum_area_km2,35.39182665386661,200
3606,1987,4,SW,activity_degC_days_m2,0.0,200
3607,1987,4,SW,mean_intensity_degC,,200
3608,1987,5,SW,activity_degC_days_m2,4134560361.662308,200
3609,1987,5,SW,mean_area_km2,58.949695276924615,200
3610,1987,5,SW,mean_duration_days,5.0,200
3611,1987,5,SW,mean_intensity_degC,1.3744903802871704,200
3612,1987,5,SW,number_of_events,1.0,200
3613,1987,5,SW,sum_area_km2,58.949695276924615,200
3614,1987,6,SW,activity_degC_days_m2,0.0,200
3615,1987,6,SW,mean_intensity_degC,,200
3616,1987,7,SW,activity_degC_days_m2,0.0,200
3617,1987,7,SW,mean_intensity_degC,,200
3618,1987,8,SW,activity_degC_days_m2,27336958327.67148,200
3619,1987,8,SW,mean_area_km2,41.45150812792812,200
3620,1987,8,SW,mean_duration_days,5.0,200
3621,1987,8,SW,mean_intensity_degC,1.73780357837677,200
3622,1987,8,SW,number_of_events,5.0,200
3623,1987,8,SW,sum_area_km2,207.2575406396406,200
3624,1987,9,SW,activity_degC_days_m2,103239462386.78017,200
3625,1987,9,SW,mean_area_km2,42.873508851837435,200
3626,1987,9,SW,mean_duration_days,13.11111111111111,200
3627,1987,9,SW,mean_intensity_degC,1.8270378112792969,200
3628,1987,9,SW,number_of_events,9.0,200
3629,1987,9,SW,sum_area_km2,385.86157966653695,200
3630,1987,10,SW,activity_degC_days_m2,37237058503.5604,200
3631,1987,10,SW,mean_intensity_degC,1.769693374633789,200
3632,1987,11,SW,activity_degC_days_m2,0.0,200
3633,1987,11,SW,mean_intensity_degC,,200
3634,1987,12,SW,activity_degC_days_m2,0.0,200
3635,1987,12,SW,mean_intensity_degC,,200
3636,1988,1,SW,activity_degC_days_m2,0.0,200
3637,1988,1,SW,mean_intensity_degC,,200
3638,1988,2,SW,activity_degC_days_m2,0.0,200
3639,1988,2,SW,mean_intensity_degC,,200
3640,1988,3,SW,activity_degC_days_m2,0.0,200
3641,1988,3,SW,mean_intensity_degC,,200
3642,1988,4,SW,activity_degC_days_m2,0.0,200
3643,1988,4,SW,mean_intensity_degC,,200
3644,1988,5,SW,activity_degC_days_m2,0.0,200
3645,1988,5,SW,mean_intensity_degC,,200
3646,1988,6,SW,activity_degC_days_m2,0.0,200
3647,1988,6,SW,mean_intensity_degC,,200
3648,1988,7,SW,activity_degC_days_m2,0.0,200
3649,1988,7,SW,mean_intensity_degC,,200
3650,1988,8,SW,activity_degC_days_m2,0.0,200
3651,1988,8,SW,mean_intensity_degC,,200
3652,1988,9,SW,activity_degC_days_m2,0.0,200
3653,1988,9,SW,mean_intensity_degC,,200
3654,1988,10,SW,activity_degC_days_m2,0.0,200
3655,1988,10,SW,mean_intensity_degC,,200
3656,1988,11,SW,activity_degC_days_m2,139656865044.47717,200
3657,1988,11,SW,mean_area_km2,52.783150510401576,200
3658,1988,11,SW,mean_duration_days,12.916666666666666,200
3659,1988,11,SW,mean_intensity_degC,1.565851092338562,200
3660,1988,11,SW,number_of_events,12.0,200
3661,1988,11,SW,sum_area_km2,633.3978061248189,200
3662,1988,12,SW,activity_degC_days_m2,9684493421.635754,200
3663,1988,12,SW,mean_intensity_degC,1.34402334690094,200
3664,1989,1,SW,activity_degC_days_m2,0.0,200
3665,1989,1,SW,mean_intensity_degC,,200
3666,1989,2,SW,activity_degC_days_m2,9550103715.042212,200
3667,1989,2,SW,mean_area_km2,56.707639007228934,200
3668,1989,2,SW,mean_duration_days,5.666666666666667,200
3669,1989,2,SW,mean_intensity_degC,0.9343156218528748,200
3670,1989,2,SW,number_of_events,3.0,200
3671,1989,2,SW,sum_area_km2,170.1229170216868,200
3672,1989,3,SW,activity_degC_days_m2,0.0,200
3673,1989,3,SW,mean_intensity_degC,,200
3674,1989,4,SW,activity_degC_days_m2,0.0,200
3675,1989,4,SW,mean_intensity_degC,,200
3676,1989,5,SW,activity_degC_days_m2,8086960181.116023,200
3677,1989,5,SW,mean_area_km2,43.81017872178258,200
3678,1989,5,SW,mean_duration_days,6.0,200
3679,1989,5,SW,mean_intensity_degC,1.323451042175293,200
3680,1989,5,SW,number_of_events,2.0,200
3681,1989,5,SW,sum_area_km2,87.62035744356515,200
3682,1989,6,SW,activity_degC_days_m2,1489493172.982072,200
3683,1989,6,SW,mean_intensity_degC,1.2187738418579102,200
3684,1989,7,SW,activity_degC_days_m2,145226454155.80734,200
3685,1989,7,SW,mean_area_km2,46.10340125221252,200
3686,1989,7,SW,mean_duration_days,30.90909090909091,200
3687,1989,7,SW,mean_intensity_degC,1.6327834129333496,200
3688,1989,7,SW,number_of_events,11.0,200
3689,1989,7,SW,sum_area_km2,507.13741377433774,200
3690,1989,8,SW,activity_degC_days_m2,357561187779.5382,200
3691,1989,8,SW,mean_area_km2,45.488562898186586,200
3692,1989,8,SW,mean_duration_days,15.0,200
3693,1989,8,SW,mean_intensity_degC,2.051006555557251,200
3694,1989,8,SW,number_of_events,5.0,200
3695,1989,8,SW,sum_area_km2,227.44281449093293,200
3696,1989,9,SW,activity_degC_days_m2,0.0,200
3697,1989,9,SW,mean_intensity_degC,,200
3698,1989,10,SW,activity_degC_days_m2,90759358804.2853,200
3699,1989,10,SW,mean_area_km2,42.737702822162,200
3700,1989,10,SW,mean_duration_days,9.454545454545457,200
3701,1989,10,SW,mean_intensity_degC,1.7074670791625977,200
3702,1989,10,SW,number_of_events,11.0,200
3703,1989,10,SW,sum_area_km2,470.114731043782,200
3704,1989,11,SW,activity_degC_days_m2,20731451372.31664,200
3705,1989,11,SW,mean_intensity_degC,1.677424669265747,200
3706,1989,12,SW,activity_degC_days_m2,25151726386.41594,200
3707,1989,12,SW,mean_area_km2,53.56856138316649,200
3708,1989,12,SW,mean_duration_days,7.4,200
3709,1989,12,SW,mean_intensity_degC,1.0899556875228882,200
3710,1989,12,SW,number_of_events,5.0,200
3711,1989,12,SW,sum_area_km2,267.84280691583245,200
3712,1990,1,SW,activity_degC_days_m2,23016239575.228027,200
3713,1990,1,SW,mean_area_km2,51.10199054400715,200
3714,1990,1,SW,mean_duration_days,13.0,200
3715,1990,1,SW,mean_intensity_degC,0.9739251136779784,200
3716,1990,1,SW,number_of_events,3.0,200
3717,1990,1,SW,sum_area_km2,153.30597163202145,200
3718,1990,2,SW,activity_degC_days_m2,41630353922.572296,200
3719,1990,2,SW,mean_area_km2,52.97032620848074,200
3720,1990,2,SW,mean_duration_days,9.444444444444445,200
3721,1990,2,SW,mean_intensity_degC,1.051902413368225,200
3722,1990,2,SW,number_of_events,9.0,200
3723,1990,2,SW,sum_area_km2,476.7329358763267,200
3724,1990,3,SW,activity_degC_days_m2,42447603518.5783,200
3725,1990,3,SW,mean_area_km2,48.10859076807254,200
3726,1990,3,SW,mean_duration_days,5.222222222222222,200
3727,1990,3,SW,mean_intensity_degC,0.9876463413238524,200
3728,1990,3,SW,number_of_events,9.0,200
3729,1990,3,SW,sum_area_km2,432.9773169126528,200
3730,1990,4,SW,activity_degC_days_m2,0.0,200
3731,1990,4,SW,mean_intensity_degC,,200
3732,1990,5,SW,activity_degC_days_m2,34388527355.18059,200
3733,1990,5,SW,mean_area_km2,56.7079917635658,200
3734,1990,5,SW,mean_duration_days,13.333333333333334,200
3735,1990,5,SW,mean_intensity_degC,1.3718736171722412,200
3736,1990,5,SW,number_of_events,3.0,200
3737,1990,5,SW,sum_area_km2,170.1239752906974,200
3738,1990,6,SW,activity_degC_days_m2,0.0,200
3739,1990,6,SW,mean_intensity_degC,,200
3740,1990,7,SW,activity_degC_days_m2,132277110058.77324,200
3741,1990,7,SW,mean_area_km2,48.2952852983577,200
3742,1990,7,SW,mean_duration_days,14.083333333333334,200
3743,1990,7,SW,mean_intensity_degC,1.652969479560852,200
3744,1990,7,SW,number_of_events,12.0,200
3745,1990,7,SW,sum_area_km2,579.5434235802924,200
3746,1990,8,SW,activity_degC_days_m2,92111952971.0974,200
3747,1990,8,SW,mean_area_km2,44.14430746446995,200
3748,1990,8,SW,mean_duration_days,6.3,200
3749,1990,8,SW,mean_intensity_degC,1.5474438667297363,200
3750,1990,8,SW,number_of_events,10.0,200
3751,1990,8,SW,sum_area_km2,441.44307464469944,200
3752,1990,9,SW,activity_degC_days_m2,37610931521.40782,200
3753,1990,9,SW,mean_area_km2,47.59627662337366,200
3754,1990,9,SW,mean_duration_days,6.375,200
3755,1990,9,SW,mean_intensity_degC,1.575141668319702,200
3756,1990,9,SW,number_of_events,8.0,200
3757,1990,9,SW,sum_area_km2,380.7702129869893,200
3758,1990,10,SW,activity_degC_days_m2,13084879268.41584,200
3759,1990,10,SW,mean_intensity_degC,1.6598644256591797,200
3760,1990,11,SW,activity_degC_days_m2,0.0,200
3761,1990,11,SW,mean_intensity_degC,,200
3762,1990,12,SW,activity_degC_days_m2,0.0,200
3763,1990,12,SW,mean_intensity_degC,,200
3764,1991,1,SW,activity_degC_days_m2,0.0,200
3765,1991,1,SW,mean_intensity_degC,,200
3766,1991,2,SW,activity_degC_days_m2,0.0,200
3767,1991,2,SW,mean_intensity_degC,,200
3768,1991,3,SW,activity_degC_days_m2,0.0,200
3769,1991,3,SW,mean_intensity_degC,,200
3770,1991,4,SW,activity_degC_days_m2,0.0,200
3771,1991,4,SW,mean_intensity_degC,,200
3772,1991,5,SW,activity_degC_days_m2,0.0,200
3773,1991,5,SW,mean_intensity_degC,,200
3774,1991,6,SW,activity_degC_days_m2,0.0,200
3775,1991,6,SW,mean_intensity_degC,,200
3776,1991,7,SW,activity_degC_days_m2,0.0,200
3777,1991,7,SW,mean_intensity_degC,,200
3778,1991,8,SW,activity_degC_days_m2,127087951870.5185,200
3779,1991,8,SW,mean_area_km2,48.2952852983577,200
3780,1991,8,SW,mean_duration_days,30.583333333333332,200
3781,1991,8,SW,mean_intensity_degC,2.1582417488098145,200
3782,1991,8,SW,number_of_events,12.0,200
3783,1991,8,SW,sum_area_km2,579.5434235802924,200
3784,1991,9,SW,activity_degC_days_m2,308844828949.42694,200
3785,1991,9,SW,mean_area_km2,52.22352646783737,200
3786,1991,9,SW,mean_duration_days,14.0,200
3787,1991,9,SW,mean_intensity_degC,1.7822861671447754,200
3788,1991,9,SW,number_of_events,1.0,200
3789,1991,9,SW,sum_area_km2,52.22352646783737,200
3790,1991,10,SW,activity_degC_days_m2,0.0,200
3791,1991,10,SW,mean_intensity_degC,,200
3792,1991,11,SW,activity_degC_days_m2,0.0,200
3793,1991,11,SW,mean_intensity_degC,,200
3794,1991,12,SW,activity_degC_days_m2,0.0,200
3795,1991,12,SW,mean_intensity_degC,,200
3796,1992,1,SW,activity_degC_days_m2,0.0,200
3797,1992,1,SW,mean_intensity_degC,,200
3798,1992,2,SW,activity_degC_days_m2,0.0,200
3799,1992,2,SW,mean_intensity_degC,,200
3800,1992,3,SW,activity_degC_days_m2,0.0,200
3801,1992,3,SW,mean_intensity_degC,,200
3802,1992,4,SW,activity_degC_days_m2,0.0,200
3803,1992,4,SW,mean_intensity_degC,,200
3804,1992,5,SW,activity_degC_days_m2,0.0,200
3805,1992,5,SW,mean_intensity_degC,,200
3806,1992,6,SW,activity_degC_days_m2,0.0,200
3807,1992,6,SW,mean_intensity_degC,,200
3808,1992,7,SW,activity_degC_days_m2,0.0,200
3809,1992,7,SW,mean_intensity_degC,,200
3810,1992,8,SW,activity_degC_days_m2,0.0,200
3811,1992,8,SW,mean_intensity_degC,,200
3812,1992,9,SW,activity_degC_days_m2,0.0,200
3813,1992,9,SW,mean_intensity_degC,,200
3814,1992,10,SW,activity_degC_days_m2,0.0,200
3815,1992,10,SW,mean_intensity_degC,,200
3816,1992,11,SW,activity_degC_days_m2,0.0,200
3817,1992,11,SW,mean_intensity_degC,,200
3818,1992,12,SW,activity_degC_days_m2,0.0,200
3819,1992,12,SW,mean_intensity_degC,,200
3820,1993,1,SW,activity_degC_days_m2,0.0,200
3821,1993,1,SW,mean_intensity_degC,,200
3822,1993,2,SW,activity_degC_days_m2,0.0,200
3823,1993,2,SW,mean_intensity_degC,,200
3824,1993,3,SW,activity_degC_days_m2,0.0,200
3825,1993,3,SW,mean_intensity_degC,,200
3826,1993,4,SW,activity_degC_days_m2,0.0,200
3827,1993,4,SW,mean_intensity_degC,,200
3828,1993,5,SW,activity_degC_days_m2,0.0,200
3829,1993,5,SW,mean_intensity_degC,,200
3830,1993,6,SW,activity_degC_days_m2,0.0,200
3831,1993,6,SW,mean_intensity_degC,,200
3832,1993,7,SW,activity_degC_days_m2,0.0,200
3833,1993,7,SW,mean_intensity_degC,,200
3834,1993,8,SW,activity_degC_days_m2,0.0,200
3835,1993,8,SW,mean_intensity_degC,,200
3836,1993,9,SW,activity_degC_days_m2,0.0,200
3837,1993,9,SW,mean_intensity_degC,,200
3838,1993,10,SW,activity_degC_days_m2,0.0,200
3839,1993,10,SW,mean_intensity_degC,,200
3840,1993,11,SW,activity_degC_days_m2,0.0,200
3841,1993,11,SW,mean_intensity_degC,,200
3842,1993,12,SW,activity_degC_days_m2,0.0,200
3843,1993,12,SW,mean_intensity_degC,,200
3844,1994,1,SW,activity_degC_days_m2,0.0,200
3845,1994,1,SW,mean_intensity_degC,,200
3846,1994,2,SW,activity_degC_days_m2,0.0,200
3847,1994,2,SW,mean_intensity_degC,,200
3848,1994,3,SW,activity_degC_days_m2,0.0,200
3849,1994,3,SW,mean_intensity_degC,,200
3850,1994,4,SW,activity_degC_days_m2,0.0,200
3851,1994,4,SW,mean_intensity_degC,,200
3852,1994,5,SW,activity_degC_days_m2,0.0,200
3853,1994,5,SW,mean_intensity_degC,,200
3854,1994,6,SW,activity_degC_days_m2,19130338303.83848,200
3855,1994,6,SW,mean_area_km2,56.7079917635658,200
3856,1994,6,SW,mean_duration_days,7.0,200
3857,1994,6,SW,mean_intensity_degC,1.440284252166748,200
3858,1994,6,SW,number_of_events,3.0,200
3859,1994,6,SW,sum_area_km2,170.1239752906974,200
3860,1994,7,SW,activity_degC_days_m2,0.0,200
3861,1994,7,SW,mean_intensity_degC,,200
3862,1994,8,SW,activity_degC_days_m2,0.0,200
3863,1994,8,SW,mean_intensity_degC,,200
3864,1994,9,SW,activity_degC_days_m2,0.0,200
3865,1994,9,SW,mean_intensity_degC,,200
3866,1994,10,SW,activity_degC_days_m2,0.0,200
3867,1994,10,SW,mean_intensity_degC,,200
3868,1994,11,SW,activity_degC_days_m2,0.0,200
3869,1994,11,SW,mean_intensity_degC,,200
3870,1994,12,SW,activity_degC_days_m2,90323133004.66632,200
3871,1994,12,SW,mean_area_km2,43.420069520835014,200
3872,1994,12,SW,mean_duration_days,10.076923076923077,200
3873,1994,12,SW,mean_intensity_degC,1.177156686782837,200
3874,1994,12,SW,number_of_events,13.0,200
3875,1994,12,SW,sum_area_km2,564.4609037708552,200
3876,1995,1,SW,activity_degC_days_m2,0.0,200
3877,1995,1,SW,mean_intensity_degC,,200
3878,1995,2,SW,activity_degC_days_m2,4357807786.49951,200
3879,1995,2,SW,mean_area_km2,35.39182665386668,200
3880,1995,2,SW,mean_duration_days,7.0,200
3881,1995,2,SW,mean_intensity_degC,1.010386347770691,200
3882,1995,2,SW,number_of_events,1.0,200
3883,1995,2,SW,sum_area_km2,35.39182665386668,200
3884,1995,3,SW,activity_degC_days_m2,0.0,200
3885,1995,3,SW,mean_intensity_degC,,200
3886,1995,4,SW,activity_degC_days_m2,34084205292.30726,200
3887,1995,4,SW,mean_area_km2,38.75926800575258,200
3888,1995,4,SW,mean_duration_days,7.333333333333333,200
3889,1995,4,SW,mean_intensity_degC,1.1627178192138672,200
3890,1995,4,SW,number_of_events,6.0,200
3891,1995,4,SW,sum_area_km2,232.55560803451547,200
3892,1995,5,SW,activity_degC_days_m2,0.0,200
3893,1995,5,SW,mean_intensity_degC,,200
3894,1995,6,SW,activity_degC_days_m2,0.0,200
3895,1995,6,SW,mean_intensity_degC,,200
3896,1995,7,SW,activity_degC_days_m2,49197307563.07592,200
3897,1995,7,SW,mean_area_km2,53.904028955188345,200
3898,1995,7,SW,mean_duration_days,11.0,200
3899,1995,7,SW,mean_intensity_degC,1.19355046749115,200
3900,1995,7,SW,number_of_events,6.0,200
3901,1995,7,SW,sum_area_km2,323.42417373113005,200
3902,1995,8,SW,activity_degC_days_m2,40422446957.51933,200
3903,1995,8,SW,mean_area_km2,48.01493206066465,200
3904,1995,8,SW,mean_duration_days,6.75,200
3905,1995,8,SW,mean_intensity_degC,1.6792757511138916,200
3906,1995,8,SW,number_of_events,8.0,200
3907,1995,8,SW,sum_area_km2,384.1194564853172,200
3908,1995,9,SW,activity_degC_days_m2,16679533972.470692,200
3909,1995,9,SW,mean_intensity_degC,1.514778971672058,200
3910,1995,10,SW,activity_degC_days_m2,42058707679.435326,200
3911,1995,10,SW,mean_area_km2,37.91760015818855,200
3912,1995,10,SW,mean_duration_days,33.75,200
3913,1995,10,SW,mean_intensity_degC,1.8622642755508425,200
3914,1995,10,SW,number_of_events,4.0,200
3915,1995,10,SW,sum_area_km2,151.6704006327542,200
3916,1995,11,SW,activity_degC_days_m2,303108628646.2149,200
3917,1995,11,SW,mean_area_km2,54.74555779293001,200
3918,1995,11,SW,mean_duration_days,15.333333333333334,200
3919,1995,11,SW,mean_intensity_degC,1.769861936569214,200
3920,1995,11,SW,number_of_events,12.0,200
3921,1995,11,SW,sum_area_km2,656.9466935151601,200
3922,1995,12,SW,activity_degC_days_m2,50705229134.15344,200
3923,1995,12,SW,mean_area_km2,51.84808817520984,200
3924,1995,12,SW,mean_duration_days,22.0,200
3925,1995,12,SW,mean_intensity_degC,1.083844780921936,200
3926,1995,12,SW,number_of_events,9.0,200
3927,1995,12,SW,sum_area_km2,466.6327935768885,200
3928,1996,1,SW,activity_degC_days_m2,113580107537.38014,200
3929,1996,1,SW,mean_area_km2,37.63687666780126,200
3930,1996,1,SW,mean_duration_days,9.333333333333334,200
3931,1996,1,SW,mean_intensity_degC,1.168062686920166,200
3932,1996,1,SW,number_of_events,3.0,200
3933,1996,1,SW,sum_area_km2,112.91063000340378,200
3934,1996,2,SW,activity_degC_days_m2,0.0,200
3935,1996,2,SW,mean_intensity_degC,,200
3936,1996,3,SW,activity_degC_days_m2,0.0,200
3937,1996,3,SW,mean_intensity_degC,,200
3938,1996,4,SW,activity_degC_days_m2,0.0,200
3939,1996,4,SW,mean_intensity_degC,,200
3940,1996,5,SW,activity_degC_days_m2,0.0,200
3941,1996,5,SW,mean_intensity_degC,,200
3942,1996,6,SW,activity_degC_days_m2,3562409683.1831465,200
3943,1996,6,SW,mean_area_km2,35.39182665386661,200
3944,1996,6,SW,mean_duration_days,10.0,200
3945,1996,6,SW,mean_intensity_degC,1.445444107055664,200
3946,1996,6,SW,number_of_events,1.0,200
3947,1996,6,SW,sum_area_km2,35.39182665386661,200
3948,1996,7,SW,activity_degC_days_m2,65077454232.58942,200
3949,1996,7,SW,mean_area_km2,44.22917081896493,200
3950,1996,7,SW,mean_duration_days,8.125,200
3951,1996,7,SW,mean_intensity_degC,1.414372444152832,200
3952,1996,7,SW,number_of_events,8.0,200
3953,1996,7,SW,sum_area_km2,353.8333665517194,200
3954,1996,8,SW,activity_degC_days_m2,0.0,200
3955,1996,8,SW,mean_intensity_degC,,200
3956,1996,9,SW,activity_degC_days_m2,0.0,200
3957,1996,9,SW,mean_intensity_degC,,200
3958,1996,10,SW,activity_degC_days_m2,0.0,200
3959,1996,10,SW,mean_intensity_degC,,200
3960,1996,11,SW,activity_degC_days_m2,0.0,200
3961,1996,11,SW,mean_intensity_degC,,200
3962,1996,12,SW,activity_degC_days_m2,0.0,200
3963,1996,12,SW,mean_intensity_degC,,200
3964,1997,1,SW,activity_degC_days_m2,0.0,200
3965,1997,1,SW,mean_intensity_degC,,200
3966,1997,2,SW,activity_degC_days_m2,33581198332.20922,200
3967,1997,2,SW,mean_area_km2,48.07987263472665,200
3968,1997,2,SW,mean_duration_days,44.46153846153846,200
3969,1997,2,SW,mean_intensity_degC,1.1009271144866943,200
3970,1997,2,SW,number_of_events,13.0,200
3971,1997,2,SW,sum_area_km2,625.0383442514465,200
3972,1997,3,SW,activity_degC_days_m2,322546475274.1669,200
3973,1997,3,SW,mean_area_km2,42.96652461797929,200
3974,1997,3,SW,mean_duration_days,51.0,200
3975,1997,3,SW,mean_intensity_degC,1.4264709949493408,200
3976,1997,3,SW,number_of_events,4.0,200
3977,1997,3,SW,sum_area_km2,171.86609847191716,200
3978,1997,4,SW,activity_degC_days_m2,375966964936.53595,200
3979,1997,4,SW,mean_area_km2,41.451508127928115,200
3980,1997,4,SW,mean_duration_days,9.2,200
3981,1997,4,SW,mean_intensity_degC,1.8156641721725464,200
3982,1997,4,SW,number_of_events,5.0,200
3983,1997,4,SW,sum_area_km2,207.25754063964055,200
3984,1997,5,SW,activity_degC_days_m2,120813157345.23695,200
3985,1997,5,SW,mean_area_km2,48.014932060664655,200
3986,1997,5,SW,mean_duration_days,9.625,200
3987,1997,5,SW,mean_intensity_degC,1.5181832313537598,200
3988,1997,5,SW,number_of_events,8.0,200
3989,1997,5,SW,sum_area_km2,384.1194564853173,200
3990,1997,6,SW,activity_degC_days_m2,96738072253.62036,200
3991,1997,6,SW,mean_area_km2,48.85644569195392,200
3992,1997,6,SW,mean_duration_days,7.3,200
3993,1997,6,SW,mean_intensity_degC,1.4395554065704346,200
3994,1997,6,SW,number_of_events,10.0,200
3995,1997,6,SW,sum_area_km2,488.5644569195392,200
3996,1997,7,SW,activity_degC_days_m2,22005221335.194534,200
3997,1997,7,SW,mean_area_km2,46.614349950822835,200
3998,1997,7,SW,mean_duration_days,7.333333333333333,200
3999,1997,7,SW,mean_intensity_degC,1.3589874505996704,200
4000,1997,7,SW,number_of_events,6.0,200
4001,1997,7,SW,sum_area_km2,279.686099704937,200
4002,1997,8,SW,activity_degC_days_m2,15530736141.809725,200
4003,1997,8,SW,mean_intensity_degC,1.4169338941574097,200
4004,1997,9,SW,activity_degC_days_m2,14964645227.079758,200
4005,1997,9,SW,mean_area_km2,37.07579864160852,200
4006,1997,9,SW,mean_duration_days,6.5,200
4007,1997,9,SW,mean_intensity_degC,1.8607779741287231,200
4008,1997,9,SW,number_of_events,2.0,200
4009,1997,9,SW,sum_area_km2,74.15159728321704,200
4010,1997,10,SW,activity_degC_days_m2,31625461077.93676,200
4011,1997,10,SW,mean_area_km2,45.4915137830477,200
4012,1997,10,SW,mean_duration_days,5.8,200
4013,1997,10,SW,mean_intensity_degC,1.6659032106399536,200
4014,1997,10,SW,number_of_events,5.0,200
4015,1997,10,SW,sum_area_km2,227.4575689152385,200
4016,1997,11,SW,activity_degC_days_m2,0.0,200
4017,1997,11,SW,mean_intensity_degC,,200
4018,1997,12,SW,activity_degC_days_m2,0.0,200
4019,1997,12,SW,mean_intensity_degC,,200
4020,1998,1,SW,activity_degC_days_m2,0.0,200
4021,1998,1,SW,mean_intensity_degC,,200
4022,1998,2,SW,activity_degC_days_m2,111901552310.155,200
4023,1998,2,SW,mean_area_km2,48.2952852983577,200
4024,1998,2,SW,mean_duration_days,11.916666666666666,200
4025,1998,2,SW,mean_intensity_degC,1.255349040031433,200
4026,1998,2,SW,number_of_events,12.0,200
4027,1998,2,SW,sum_area_km2,579.5434235802924,200
4028,1998,3,SW,activity_degC_days_m2,164732002304.2342,200
4029,1998,3,SW,mean_area_km2,50.16518725016728,200
4030,1998,3,SW,mean_duration_days,15.166666666666666,200
4031,1998,3,SW,mean_intensity_degC,1.1399216651916504,200
4032,1998,3,SW,number_of_events,18.0,200
4033,1998,3,SW,sum_area_km2,902.9733705030112,200
4034,1998,4,SW,activity_degC_days_m2,33394290800.948124,200
4035,1998,4,SW,mean_area_km2,50.541222582091926,200
4036,1998,4,SW,mean_duration_days,5.5,200
4037,1998,4,SW,mean_intensity_degC,1.1020302772521973,200
4038,1998,4,SW,number_of_events,2.0,200
4039,1998,4,SW,sum_area_km2,101.08244516418384,200
4040,1998,5,SW,activity_degC_days_m2,0.0,200
4041,1998,5,SW,mean_intensity_degC,,200
4042,1998,6,SW,activity_degC_days_m2,0.0,200
4043,1998,6,SW,mean_intensity_degC,,200
4044,1998,7,SW,activity_degC_days_m2,0.0,200
4045,1998,7,SW,mean_intensity_degC,,200
4046,1998,8,SW,activity_degC_days_m2,0.0,200
4047,1998,8,SW,mean_intensity_degC,,200
4048,1998,9,SW,activity_degC_days_m2,0.0,200
4049,1998,9,SW,mean_intensity_degC,,200
4050,1998,10,SW,activity_degC_days_m2,0.0,200
4051,1998,10,SW,mean_intensity_degC,,200
4052,1998,11,SW,activity_degC_days_m2,0.0,200
4053,1998,11,SW,mean_intensity_degC,,200
4054,1998,12,SW,activity_degC_days_m2,0.0,200
4055,1998,12,SW,mean_intensity_degC,,200
4056,1999,1,SW,activity_degC_days_m2,0.0,200
4057,1999,1,SW,mean_intensity_degC,,200
4058,1999,2,SW,activity_degC_days_m2,0.0,200
4059,1999,2,SW,mean_intensity_degC,,200
4060,1999,3,SW,activity_degC_days_m2,0.0,200
4061,1999,3,SW,mean_intensity_degC,,200
4062,1999,4,SW,activity_degC_days_m2,0.0,200
4063,1999,4,SW,mean_intensity_degC,,200
4064,1999,5,SW,activity_degC_days_m2,4758976212.171113,200
4065,1999,5,SW,mean_area_km2,52.22352646783759,200
4066,1999,5,SW,mean_duration_days,6.0,200
4067,1999,5,SW,mean_intensity_degC,1.3092314004898071,200
4068,1999,5,SW,number_of_events,1.0,200
4069,1999,5,SW,sum_area_km2,52.22352646783759,200
4070,1999,6,SW,activity_degC_days_m2,0.0,200
4071,1999,6,SW,mean_intensity_degC,,200
4072,1999,7,SW,activity_degC_days_m2,0.0,200
4073,1999,7,SW,mean_intensity_degC,,200
4074,1999,8,SW,activity_degC_days_m2,9580665898.512793,200
4075,1999,8,SW,mean_area_km2,57.828843520245194,200
4076,1999,8,SW,mean_duration_days,10.333333333333334,200
4077,1999,8,SW,mean_intensity_degC,1.5739645957946775,200
4078,1999,8,SW,number_of_events,3.0,200
4079,1999,8,SW,sum_area_km2,173.4865305607356,200
4080,1999,9,SW,activity_degC_days_m2,24465231221.790985,200
4081,1999,9,SW,mean_area_km2,45.49338074789467,200
4082,1999,9,SW,mean_duration_days,7.0,200
4083,1999,9,SW,mean_intensity_degC,1.463820457458496,200
4084,1999,9,SW,number_of_events,1.0,200
4085,1999,9,SW,sum_area_km2,45.49338074789467,200
4086,1999,10,SW,activity_degC_days_m2,0.0,200
4087,1999,10,SW,mean_intensity_degC,,200
4088,1999,11,SW,activity_degC_days_m2,0.0,200
4089,1999,11,SW,mean_intensity_degC,,200
4090,1999,12,SW,activity_degC_days_m2,0.0,200
4091,1999,12,SW,mean_intensity_degC,,200
4092,2000,1,SW,activity_degC_days_m2,0.0,200
4093,2000,1,SW,mean_intensity_degC,,200
4094,2000,2,SW,activity_degC_days_m2,0.0,200
4095,2000,2,SW,mean_intensity_degC,,200
4096,2000,3,SW,activity_degC_days_m2,20456435225.397766,200
4097,2000,3,SW,mean_area_km2,47.17165908296988,200
4098,2000,3,SW,mean_duration_days,5.333333333333333,200
4099,2000,3,SW,mean_intensity_degC,1.0375086069107056,200
4100,2000,3,SW,number_of_events,6.0,200
4101,2000,3,SW,sum_area_km2,283.0299544978193,200
4102,2000,4,SW,activity_degC_days_m2,0.0,200
4103,2000,4,SW,mean_intensity_degC,,200
4104,2000,5,SW,activity_degC_days_m2,6222059834.548587,200
4105,2000,5,SW,mean_area_km2,58.949695276924615,200
4106,2000,5,SW,mean_duration_days,7.0,200
4107,2000,5,SW,mean_intensity_degC,1.4774694442749023,200
4108,2000,5,SW,number_of_events,1.0,200
4109,2000,5,SW,sum_area_km2,58.949695276924615,200
4110,2000,6,SW,activity_degC_days_m2,25546794439.16462,200
4111,2000,6,SW,mean_area_km2,47.84609784161084,200
4112,2000,6,SW,mean_duration_days,7.9,200
4113,2000,6,SW,mean_intensity_degC,1.3975088596343994,200
4114,2000,6,SW,number_of_events,10.0,200
4115,2000,6,SW,sum_area_km2,478.4609784161085,200
4116,2000,7,SW,activity_degC_days_m2,43701888309.98635,200
4117,2000,7,SW,mean_area_km2,52.22352646783737,200
4118,2000,7,SW,mean_duration_days,5.0,200
4119,2000,7,SW,mean_intensity_degC,1.2921603918075562,200
4120,2000,7,SW,number_of_events,1.0,200
4121,2000,7,SW,sum_area_km2,52.22352646783737,200
4122,2000,8,SW,activity_degC_days_m2,21351365058.80612,200
4123,2000,8,SW,mean_area_km2,37.07579864160852,200
4124,2000,8,SW,mean_duration_days,8.0,200
4125,2000,8,SW,mean_intensity_degC,2.169144630432129,200
4126,2000,8,SW,number_of_events,2.0,200
4127,2000,8,SW,sum_area_km2,74.15159728321704,200
4128,2000,9,SW,activity_degC_days_m2,0.0,200
4129,2000,9,SW,mean_intensity_degC,,200
4130,2000,10,SW,activity_degC_days_m2,0.0,200
4131,2000,10,SW,mean_intensity_degC,,200
4132,2000,11,SW,activity_degC_days_m2,0.0,200
4133,2000,11,SW,mean_intensity_degC,,200
4134,2000,12,SW,activity_degC_days_m2,0.0,200
4135,2000,12,SW,mean_intensity_degC,,200
4136,2001,1,SW,activity_degC_days_m2,0.0,200
4137,2001,1,SW,mean_intensity_degC,,200
4138,2001,2,SW,activity_degC_days_m2,0.0,200
4139,2001,2,SW,mean_intensity_degC,,200
4140,2001,3,SW,activity_degC_days_m2,0.0,200
4141,2001,3,SW,mean_intensity_degC,,200
4142,2001,4,SW,activity_degC_days_m2,0.0,200
4143,2001,4,SW,mean_intensity_degC,,200
4144,2001,5,SW,activity_degC_days_m2,0.0,200
4145,2001,5,SW,mean_intensity_degC,,200
4146,2001,6,SW,activity_degC_days_m2,0.0,200
4147,2001,6,SW,mean_intensity_degC,,200
4148,2001,7,SW,activity_degC_days_m2,0.0,200
4149,2001,7,SW,mean_intensity_degC,,200
4150,2001,8,SW,activity_degC_days_m2,0.0,200
4151,2001,8,SW,mean_intensity_degC,,200
4152,2001,9,SW,activity_degC_days_m2,6723570543.247814,200
4153,2001,9,SW,mean_area_km2,52.22352646783747,200
4154,2001,9,SW,mean_duration_days,5.0,200
4155,2001,9,SW,mean_intensity_degC,1.1098239421844482,200
4156,2001,9,SW,number_of_events,2.0,200
4157,2001,9,SW,sum_area_km2,104.44705293567496,200
4158,2001,10,SW,activity_degC_days_m2,0.0,200
4159,2001,10,SW,mean_intensity_degC,,200
4160,2001,11,SW,activity_degC_days_m2,0.0,200
4161,2001,11,SW,mean_intensity_degC,,200
4162,2001,12,SW,activity_degC_days_m2,0.0,200
4163,2001,12,SW,mean_intensity_degC,,200
4164,2002,1,SW,activity_degC_days_m2,99308748543.86195,200
4165,2002,1,SW,mean_area_km2,49.305011969017166,200
4166,2002,1,SW,mean_duration_days,11.8,200
4167,2002,1,SW,mean_intensity_degC,1.0528711080551147,200
4168,2002,1,SW,number_of_events,15.0,200
4169,2002,1,SW,sum_area_km2,739.5751795352575,200
4170,2002,2,SW,activity_degC_days_m2,52587849329.475555,200
4171,2002,2,SW,mean_area_km2,50.30008701276563,200
4172,2002,2,SW,mean_duration_days,8.571428571428571,200
4173,2002,2,SW,mean_intensity_degC,1.015666127204895,200
4174,2002,2,SW,number_of_events,7.0,200
4175,2002,2,SW,sum_area_km2,352.1006090893594,200
4176,2002,3,SW,activity_degC_days_m2,72404354034.29056,200
4177,2002,3,SW,mean_area_km2,48.2952852983577,200
4178,2002,3,SW,mean_duration_days,8.083333333333334,200
4179,2002,3,SW,mean_intensity_degC,1.223459243774414,200
4180,2002,3,SW,number_of_events,12.0,200
4181,2002,3,SW,sum_area_km2,579.5434235802924,200
4182,2002,4,SW,activity_degC_days_m2,631606023.6138651,200
4183,2002,4,SW,mean_intensity_degC,1.0498533248901367,200
4184,2002,5,SW,activity_degC_days_m2,0.0,200
4185,2002,5,SW,mean_intensity_degC,,200
4186,2002,6,SW,activity_degC_days_m2,0.0,200
4187,2002,6,SW,mean_intensity_degC,,200
4188,2002,7,SW,activity_degC_days_m2,0.0,200
4189,2002,7,SW,mean_intensity_degC,,200
4190,2002,8,SW,activity_degC_days_m2,0.0,200
4191,2002,8,SW,mean_intensity_degC,,200
4192,2002,9,SW,activity_degC_days_m2,16621902714.611046,200
4193,2002,9,SW,mean_area_km2,52.22327790972696,200
4194,2002,9,SW,mean_duration_days,13.5,200
4195,2002,9,SW,mean_intensity_degC,1.6065086126327517,200
4196,2002,9,SW,number_of_events,4.0,200
4197,2002,9,SW,sum_area_km2,208.89311163890784,200
4198,2002,10,SW,activity_degC_days_m2,53443266279.23604,200
4199,2002,10,SW,mean_area_km2,51.10199054400715,200
4200,2002,10,SW,mean_duration_days,5.0,200
4201,2002,10,SW,mean_intensity_degC,1.7326427698135376,200
4202,2002,10,SW,number_of_events,3.0,200
4203,2002,10,SW,sum_area_km2,153.30597163202145,200
4204,2002,11,SW,activity_degC_days_m2,2346267274.5246553,200
4205,2002,11,SW,mean_intensity_degC,1.2894083261489868,200
4206,2002,12,SW,activity_degC_days_m2,0.0,200
4207,2002,12,SW,mean_intensity_degC,,200
4208,2003,1,SW,activity_degC_days_m2,0.0,200
4209,2003,1,SW,mean_intensity_degC,,200
4210,2003,2,SW,activity_degC_days_m2,0.0,200
4211,2003,2,SW,mean_intensity_degC,,200
4212,2003,3,SW,activity_degC_days_m2,0.0,200
4213,2003,3,SW,mean_intensity_degC,,200
4214,2003,4,SW,activity_degC_days_m2,0.0,200
4215,2003,4,SW,mean_intensity_degC,,200
4216,2003,5,SW,activity_degC_days_m2,0.0,200
4217,2003,5,SW,mean_intensity_degC,,200
4218,2003,6,SW,activity_degC_days_m2,0.0,200
4219,2003,6,SW,mean_intensity_degC,,200
4220,2003,7,SW,activity_degC_days_m2,2593357002.464096,200
4221,2003,7,SW,mean_area_km2,58.949695276924594,200
4222,2003,7,SW,mean_duration_days,5.0,200
4223,2003,7,SW,mean_intensity_degC,0.862133800983429,200
4224,2003,7,SW,number_of_events,1.0,200
4225,2003,7,SW,sum_area_km2,58.949695276924594,200
4226,2003,8,SW,activity_degC_days_m2,123235453187.64291,200
4227,2003,8,SW,mean_area_km2,48.07884866017655,200
4228,2003,8,SW,mean_duration_days,9.923076923076923,200
4229,2003,8,SW,mean_intensity_degC,1.7158215045928955,200
4230,2003,8,SW,number_of_events,13.0,200
4231,2003,8,SW,sum_area_km2,625.025032582295,200
4232,2003,9,SW,activity_degC_days_m2,50300790632.57362,200
4233,2003,9,SW,mean_area_km2,51.09953147328956,200
4234,2003,9,SW,mean_duration_days,7.666666666666667,200
4235,2003,9,SW,mean_intensity_degC,1.5089129209518433,200
4236,2003,9,SW,number_of_events,6.0,200
4237,2003,9,SW,sum_area_km2,306.5971888397373,200
4238,2003,10,SW,activity_degC_days_m2,6010664715.839907,200
4239,2003,10,SW,mean_intensity_degC,1.3900130987167358,200
4240,2003,11,SW,activity_degC_days_m2,0.0,200
4241,2003,11,SW,mean_intensity_degC,,200
4242,2003,12,SW,activity_degC_days_m2,0.0,200
4243,2003,12,SW,mean_intensity_degC,,200
4244,2004,1,SW,activity_degC_days_m2,0.0,200
4245,2004,1,SW,mean_intensity_degC,,200
4246,2004,2,SW,activity_degC_days_m2,0.0,200
4247,2004,2,SW,mean_intensity_degC,,200
4248,2004,3,SW,activity_degC_days_m2,0.0,200
4249,2004,3,SW,mean_intensity_degC,,200
4250,2004,4,SW,activity_degC_days_m2,0.0,200
4251,2004,4,SW,mean_intensity_degC,,200
4252,2004,5,SW,activity_degC_days_m2,0.0,200
4253,2004,5,SW,mean_intensity_degC,,200
4254,2004,6,SW,activity_degC_days_m2,21085354331.07058,200
4255,2004,6,SW,mean_area_km2,57.828843520245194,200
4256,2004,6,SW,mean_duration_days,7.666666666666667,200
4257,2004,6,SW,mean_intensity_degC,1.4661550521850586,200
4258,2004,6,SW,number_of_events,3.0,200
4259,2004,6,SW,sum_area_km2,173.4865305607356,200
4260,2004,7,SW,activity_degC_days_m2,0.0,200
4261,2004,7,SW,mean_intensity_degC,,200
4262,2004,8,SW,activity_degC_days_m2,157965042235.3554,200
4263,2004,8,SW,mean_area_km2,49.46832699331143,200
4264,2004,8,SW,mean_duration_days,12.818181818181818,200
4265,2004,8,SW,mean_intensity_degC,1.7316001653671265,200
4266,2004,8,SW,number_of_events,11.0,200
4267,2004,8,SW,sum_area_km2,544.1515969264257,200
4268,2004,9,SW,activity_degC_days_m2,0.0,200
4269,2004,9,SW,mean_intensity_degC,,200
4270,2004,10,SW,activity_degC_days_m2,0.0,200
4271,2004,10,SW,mean_intensity_degC,,200
4272,2004,11,SW,activity_degC_days_m2,0.0,200
4273,2004,11,SW,mean_intensity_degC,,200
4274,2004,12,SW,activity_degC_days_m2,0.0,200
4275,2004,12,SW,mean_intensity_degC,,200
4276,2005,1,SW,activity_degC_days_m2,0.0,200
4277,2005,1,SW,mean_intensity_degC,,200
4278,2005,2,SW,activity_degC_days_m2,0.0,200
4279,2005,2,SW,mean_intensity_degC,,200
4280,2005,3,SW,activity_degC_days_m2,0.0,200
4281,2005,3,SW,mean_intensity_degC,,200
4282,2005,4,SW,activity_degC_days_m2,0.0,200
4283,2005,4,SW,mean_intensity_degC,,200
4284,2005,5,SW,activity_degC_days_m2,0.0,200
4285,2005,5,SW,mean_intensity_degC,,200
4286,2005,6,SW,activity_degC_days_m2,106038864167.66595,200
4287,2005,6,SW,mean_area_km2,45.18507815275543,200
4288,2005,6,SW,mean_duration_days,9.545454545454543,200
4289,2005,6,SW,mean_intensity_degC,1.7594515085220337,200
4290,2005,6,SW,number_of_events,11.0,200
4291,2005,6,SW,sum_area_km2,497.0358596803097,200
4292,2005,7,SW,activity_degC_days_m2,57967331244.74498,200
4293,2005,7,SW,mean_area_km2,49.467160628320265,200
4294,2005,7,SW,mean_duration_days,5.818181818181818,200
4295,2005,7,SW,mean_intensity_degC,1.2815831899642944,200
4296,2005,7,SW,number_of_events,11.0,200
4297,2005,7,SW,sum_area_km2,544.1387669115229,200
4298,2005,8,SW,activity_degC_days_m2,38663340207.06401,200
4299,2005,8,SW,mean_area_km2,46.61273007674966,200
4300,2005,8,SW,mean_duration_days,6.5,200
4301,2005,8,SW,mean_intensity_degC,1.6800931692123413,200
4302,2005,8,SW,number_of_events,6.0,200
4303,2005,8,SW,sum_area_km2,279.67638046049797,200
4304,2005,9,SW,activity_degC_days_m2,2505190513.5752707,200
4305,2005,9,SW,mean_intensity_degC,1.362177848815918,200
4306,2005,10,SW,activity_degC_days_m2,5946219805.675985,200
4307,2005,10,SW,mean_area_km2,55.5871400068864,200
4308,2005,10,SW,mean_duration_days,7.0,200
4309,2005,10,SW,mean_intensity_degC,1.4070333242416382,200
4310,2005,10,SW,number_of_events,1.0,200
4311,2005,10,SW,sum_area_km2,55.5871400068864,200
4312,2005,11,SW,activity_degC_days_m2,9907128774.808468,200
4313,2005,11,SW,mean_area_km2,57.26841764190551,200
4314,2005,11,SW,mean_duration_days,5.5,200
4315,2005,11,SW,mean_intensity_degC,1.4798516035079956,200
4316,2005,11,SW,number_of_events,2.0,200
4317,2005,11,SW,sum_area_km2,114.53683528381102,200
4318,2005,12,SW,activity_degC_days_m2,0.0,200
4319,2005,12,SW,mean_intensity_degC,,200
4320,2006,1,SW,activity_degC_days_m2,0.0,200
4321,2006,1,SW,mean_intensity_degC,,200
4322,2006,2,SW,activity_degC_days_m2,0.0,200
4323,2006,2,SW,mean_intensity_degC,,200
4324,2006,3,SW,activity_degC_days_m2,1350289221.739109,200
4325,2006,3,SW,mean_area_km2,37.07579864160855,200
4326,2006,3,SW,mean_duration_days,5.0,200
4327,2006,3,SW,mean_intensity_degC,1.097590446472168,200
4328,2006,3,SW,number_of_events,2.0,200
4329,2006,3,SW,sum_area_km2,74.1515972832171,200
4330,2006,4,SW,activity_degC_days_m2,4972276450.251142,200
4331,2006,4,SW,mean_intensity_degC,1.0104249715805054,200
4332,2006,5,SW,activity_degC_days_m2,11442868542.530922,200
4333,2006,5,SW,mean_area_km2,58.949695276924594,200
4334,2006,5,SW,mean_duration_days,16.0,200
4335,2006,5,SW,mean_intensity_degC,1.18876850605011,200
4336,2006,5,SW,number_of_events,1.0,200
4337,2006,5,SW,sum_area_km2,58.949695276924594,200
4338,2006,6,SW,activity_degC_days_m2,347495947787.5543,200
4339,2006,6,SW,mean_area_km2,47.65455578741839,200
4340,2006,6,SW,mean_duration_days,26.5,200
4341,2006,6,SW,mean_intensity_degC,2.03639817237854,200
4342,2006,6,SW,number_of_events,14.0,200
4343,2006,6,SW,sum_area_km2,667.1637810238575,200
4344,2006,7,SW,activity_degC_days_m2,287799892916.7291,200
4345,2006,7,SW,mean_area_km2,49.19230661367272,200
4346,2006,7,SW,mean_duration_days,33.9,200
4347,2006,7,SW,mean_intensity_degC,1.5612338781356812,200
4348,2006,7,SW,number_of_events,10.0,200
4349,2006,7,SW,sum_area_km2,491.92306613672713,200
4350,2006,8,SW,activity_degC_days_m2,183396327155.27393,200
4351,2006,8,SW,mean_area_km2,52.22352646783737,200
4352,2006,8,SW,mean_duration_days,6.0,200
4353,2006,8,SW,mean_intensity_degC,1.7676199674606323,200
4354,2006,8,SW,number_of_events,1.0,200
4355,2006,8,SW,sum_area_km2,52.22352646783737,200
4356,2006,9,SW,activity_degC_days_m2,43835263518.88093,200
4357,2006,9,SW,mean_area_km2,44.92829853110057,200
4358,2006,9,SW,mean_duration_days,9.833333333333334,200
4359,2006,9,SW,mean_intensity_degC,1.6753158569335938,200
4360,2006,9,SW,number_of_events,6.0,200
4361,2006,9,SW,sum_area_km2,269.5697911866034,200
4362,2006,10,SW,activity_degC_days_m2,94084440665.37971,200
4363,2006,10,SW,mean_area_km2,49.08120087154825,200
4364,2006,10,SW,mean_duration_days,34.333333333333336,200
4365,2006,10,SW,mean_intensity_degC,1.6763911247253418,200
4366,2006,10,SW,number_of_events,15.0,200
4367,2006,10,SW,sum_area_km2,736.2180130732237,200
4368,2006,11,SW,activity_degC_days_m2,481680222468.04706,200
4369,2006,11,SW,mean_area_km2,35.39182665386661,200
4370,2006,11,SW,mean_duration_days,30.0,200
4371,2006,11,SW,mean_intensity_degC,2.200186252593994,200
4372,2006,11,SW,number_of_events,1.0,200
4373,2006,11,SW,sum_area_km2,35.39182665386661,200
4374,2006,12,SW,activity_degC_days_m2,130325743183.03954,200
4375,2006,12,SW,mean_area_km2,35.39182665386665,200
4376,2006,12,SW,mean_duration_days,5.5,200
4377,2006,12,SW,mean_intensity_degC,1.6411540508270264,200
4378,2006,12,SW,number_of_events,2.0,200
4379,2006,12,SW,sum_area_km2,70.7836533077333,200
4380,2007,1,SW,activity_degC_days_m2,4054963429.6219306,200
4381,2007,1,SW,mean_area_km2,35.39182665386668,200
4382,2007,1,SW,mean_duration_days,6.0,200
4383,2007,1,SW,mean_intensity_degC,1.0968648195266724,200
4384,2007,1,SW,number_of_events,1.0,200
4385,2007,1,SW,sum_area_km2,35.39182665386668,200
4386,2007,2,SW,activity_degC_days_m2,0.0,200
4387,2007,2,SW,mean_intensity_degC,,200
4388,2007,3,SW,activity_degC_days_m2,0.0,200
4389,2007,3,SW,mean_intensity_degC,,200
4390,2007,4,SW,activity_degC_days_m2,0.0,200
4391,2007,4,SW,mean_intensity_degC,,200
4392,2007,5,SW,activity_degC_days_m2,0.0,200
4393,2007,5,SW,mean_intensity_degC,,200
4394,2007,6,SW,activity_degC_days_m2,0.0,200
4395,2007,6,SW,mean_intensity_degC,,200
4396,2007,7,SW,activity_degC_days_m2,6590712729.8574505,200
4397,2007,7,SW,mean_area_km2,57.268417641905494,200
4398,2007,7,SW,mean_duration_days,7.25,200
4399,2007,7,SW,mean_intensity_degC,1.218199610710144,200
4400,2007,7,SW,number_of_events,4.0,200
4401,2007,7,SW,sum_area_km2,229.07367056762195,200
4402,2007,8,SW,activity_degC_days_m2,19140347822.872192,200
4403,2007,8,SW,mean_intensity_degC,1.588034749031067,200
4404,2007,9,SW,activity_degC_days_m2,0.0,200
4405,2007,9,SW,mean_intensity_degC,,200
4406,2007,10,SW,activity_degC_days_m2,8610709960.13028,200
4407,2007,10,SW,mean_area_km2,35.39182665386661,200
4408,2007,10,SW,mean_duration_days,7.0,200
4409,2007,10,SW,mean_intensity_degC,1.996449589729309,200
4410,2007,10,SW,number_of_events,1.0,200
4411,2007,10,SW,sum_area_km2,35.39182665386661,200
4412,2007,11,SW,activity_degC_days_m2,32175527322.415176,200
4413,2007,11,SW,mean_area_km2,36.51447464569458,200
4414,2007,11,SW,mean_duration_days,10.666666666666666,200
4415,2007,11,SW,mean_intensity_degC,1.6191275119781494,200
4416,2007,11,SW,number_of_events,3.0,200
4417,2007,11,SW,sum_area_km2,109.54342393708372,200
4418,2007,12,SW,activity_degC_days_m2,36883104180.47763,200
4419,2007,12,SW,mean_area_km2,43.80871912658379,200
4420,2007,12,SW,mean_duration_days,8.25,200
4421,2007,12,SW,mean_intensity_degC,1.0046511888504028,200
4422,2007,12,SW,number_of_events,8.0,200
4423,2007,12,SW,sum_area_km2,350.4697530126703,200
4424,2008,1,SW,activity_degC_days_m2,21809289152.461273,200
4425,2008,1,SW,mean_area_km2,42.12478893837295,200
4426,2008,1,SW,mean_duration_days,7.2,200
4427,2008,1,SW,mean_intensity_degC,0.9270114302635192,200
4428,2008,1,SW,number_of_events,5.0,200
4429,2008,1,SW,sum_area_km2,210.6239446918648,200
4430,2008,2,SW,activity_degC_days_m2,176380413640.05896,200
4431,2008,2,SW,mean_area_km2,47.83205008189827,200
4432,2008,2,SW,mean_duration_days,16.217391304347824,200
4433,2008,2,SW,mean_intensity_degC,1.2053624391555786,200
4434,2008,2,SW,number_of_events,23.0,200
4435,2008,2,SW,sum_area_km2,1100.1371518836602,200
4436,2008,3,SW,activity_degC_days_m2,108616301018.39,200
4437,2008,3,SW,mean_intensity_degC,1.1810568571090698,200
4438,2008,4,SW,activity_degC_days_m2,0.0,200
4439,2008,4,SW,mean_intensity_degC,,200
4440,2008,5,SW,activity_degC_days_m2,0.0,200
4441,2008,5,SW,mean_intensity_degC,,200
4442,2008,6,SW,activity_degC_days_m2,0.0,200
4443,2008,6,SW,mean_intensity_degC,,200
4444,2008,7,SW,activity_degC_days_m2,0.0,200
4445,2008,7,SW,mean_intensity_degC,,200
4446,2008,8,SW,activity_degC_days_m2,0.0,200
4447,2008,8,SW,mean_intensity_degC,,200
4448,2008,9,SW,activity_degC_days_m2,0.0,200
4449,2008,9,SW,mean_intensity_degC,,200
4450,2008,10,SW,activity_degC_days_m2,0.0,200
4451,2008,10,SW,mean_intensity_degC,,200
4452,2008,11,SW,activity_degC_days_m2,0.0,200
4453,2008,11,SW,mean_intensity_degC,,200
4454,2008,12,SW,activity_degC_days_m2,0.0,200
4455,2008,12,SW,mean_intensity_degC,,200
4456,2009,1,SW,activity_degC_days_m2,0.0,200
4457,2009,1,SW,mean_intensity_degC,,200
4458,2009,2,SW,activity_degC_days_m2,0.0,200
4459,2009,2,SW,mean_intensity_degC,,200
4460,2009,3,SW,activity_degC_days_m2,0.0,200
4461,2009,3,SW,mean_intensity_degC,,200
4462,2009,4,SW,activity_degC_days_m2,0.0,200
4463,2009,4,SW,mean_intensity_degC,,200
4464,2009,5,SW,activity_degC_days_m2,0.0,200
4465,2009,5,SW,mean_intensity_degC,,200
4466,2009,6,SW,activity_degC_days_m2,154466321254.3173,200
4467,2009,6,SW,mean_area_km2,48.2952852983577,200
4468,2009,6,SW,mean_duration_days,19.166666666666668,200
4469,2009,6,SW,mean_intensity_degC,1.7566113471984863,200
4470,2009,6,SW,number_of_events,12.0,200
4471,2009,6,SW,sum_area_km2,579.5434235802924,200
4472,2009,7,SW,activity_degC_days_m2,118832526755.73314,200
4473,2009,7,SW,mean_area_km2,58.94969527692461,200
4474,2009,7,SW,mean_duration_days,5.0,200
4475,2009,7,SW,mean_intensity_degC,1.6497420072555542,200
4476,2009,7,SW,number_of_events,2.0,200
4477,2009,7,SW,sum_area_km2,117.89939055384922,200
4478,2009,8,SW,activity_degC_days_m2,0.0,200
4479,2009,8,SW,mean_intensity_degC,,200
4480,2009,9,SW,activity_degC_days_m2,0.0,200
4481,2009,9,SW,mean_intensity_degC,,200
4482,2009,10,SW,activity_degC_days_m2,112931082098.86185,200
4483,2009,10,SW,mean_area_km2,47.93686609743034,200
4484,2009,10,SW,mean_duration_days,15.909090909090908,200
4485,2009,10,SW,mean_intensity_degC,1.6884578466415403,200
4486,2009,10,SW,number_of_events,11.0,200
4487,2009,10,SW,sum_area_km2,527.3055270717338,200
4488,2009,11,SW,activity_degC_days_m2,99308803565.31606,200
4489,2009,11,SW,mean_area_km2,53.34473098085379,200
4490,2009,11,SW,mean_duration_days,7.333333333333333,200
4491,2009,11,SW,mean_intensity_degC,1.7897007465362549,200
4492,2009,11,SW,number_of_events,3.0,200
4493,2009,11,SW,sum_area_km2,160.03419294256136,200
4494,2009,12,SW,activity_degC_days_m2,0.0,200
4495,2009,12,SW,mean_intensity_degC,,200
4496,2010,1,SW,activity_degC_days_m2,0.0,200
4497,2010,1,SW,mean_intensity_degC,,200
4498,2010,2,SW,activity_degC_days_m2,1830287352.0349343,200
4499,2010,2,SW,mean_area_km2,40.44337366251045,200
4500,2010,2,SW,mean_duration_days,7.5,200
4501,2010,2,SW,mean_intensity_degC,0.9840166568756104,200
4502,2010,2,SW,number_of_events,2.0,200
4503,2010,2,SW,sum_area_km2,80.8867473250209,200
4504,2010,3,SW,activity_degC_days_m2,13838050985.93119,200
4505,2010,3,SW,mean_area_km2,40.44337366251045,200
4506,2010,3,SW,mean_duration_days,5.5,200
4507,2010,3,SW,mean_intensity_degC,0.9732017517089844,200
4508,2010,3,SW,number_of_events,2.0,200
4509,2010,3,SW,sum_area_km2,80.8867473250209,200
4510,2010,4,SW,activity_degC_days_m2,187967793614.44168,200
4511,2010,4,SW,mean_area_km2,48.856126246824154,200
4512,2010,4,SW,mean_duration_days,11.588235294117649,200
4513,2010,4,SW,mean_intensity_degC,1.6602598428726196,200
4514,2010,4,SW,number_of_events,17.0,200
4515,2010,4,SW,sum_area_km2,830.5541461960106,200
4516,2010,5,SW,activity_degC_days_m2,50931357320.83909,200
4517,2010,5,SW,mean_area_km2,44.92960281327417,200
4518,2010,5,SW,mean_duration_days,6.166666666666667,200
4519,2010,5,SW,mean_intensity_degC,1.3163095712661743,200
4520,2010,5,SW,number_of_events,6.0,200
4521,2010,5,SW,sum_area_km2,269.57761687964506,200
4522,2010,6,SW,activity_degC_days_m2,5535418992.316745,200
4523,2010,6,SW,mean_intensity_degC,1.5255889892578125,200
4524,2010,7,SW,activity_degC_days_m2,0.0,200
4525,2010,7,SW,mean_intensity_degC,,200
4526,2010,8,SW,activity_degC_days_m2,0.0,200
4527,2010,8,SW,mean_intensity_degC,,200
4528,2010,9,SW,activity_degC_days_m2,9192238863.998549,200
4529,2010,9,SW,mean_area_km2,35.39182665386668,200
4530,2010,9,SW,mean_duration_days,10.0,200
4531,2010,9,SW,mean_intensity_degC,1.491896629333496,200
4532,2010,9,SW,number_of_events,1.0,200
4533,2010,9,SW,sum_area_km2,35.39182665386668,200
4534,2010,10,SW,activity_degC_days_m2,0.0,200
4535,2010,10,SW,mean_intensity_degC,,200
4536,2010,11,SW,activity_degC_days_m2,0.0,200
4537,2010,11,SW,mean_intensity_degC,,200
4538,2010,12,SW,activity_degC_days_m2,0.0,200
4539,2010,12,SW,mean_intensity_degC,,200
4540,2011,1,SW,activity_degC_days_m2,16992657102.444525,200
4541,2011,1,SW,mean_area_km2,50.38665009276852,200
4542,2011,1,SW,mean_duration_days,11.454545454545457,200
4543,2011,1,SW,mean_intensity_degC,1.0265311002731323,200
4544,2011,1,SW,number_of_events,11.0,200
4545,2011,1,SW,sum_area_km2,554.2531510204537,200
4546,2011,2,SW,activity_degC_days_m2,83103442786.30939,200
4547,2011,2,SW,mean_area_km2,40.44298868169557,200
4548,2011,2,SW,mean_duration_days,5.5,200
4549,2011,2,SW,mean_intensity_degC,1.132067084312439,200
4550,2011,2,SW,number_of_events,4.0,200
4551,2011,2,SW,sum_area_km2,161.77195472678227,200
4552,2011,3,SW,activity_degC_days_m2,14999428468.72436,200
4553,2011,3,SW,mean_area_km2,44.52999748333142,200
4554,2011,3,SW,mean_duration_days,9.857142857142858,200
4555,2011,3,SW,mean_intensity_degC,1.1703224182128906,200
4556,2011,3,SW,number_of_events,7.0,200
4557,2011,3,SW,sum_area_km2,311.7099823833199,200
4558,2011,4,SW,activity_degC_days_m2,282938405622.3083,200
4559,2011,4,SW,mean_area_km2,50.118182833676705,200
4560,2011,4,SW,mean_duration_days,44.5625,200
4561,2011,4,SW,mean_intensity_degC,1.5530833005905151,200
4562,2011,4,SW,number_of_events,16.0,200
4563,2011,4,SW,sum_area_km2,801.8909253388273,200
4564,2011,5,SW,activity_degC_days_m2,522796660110.8933,200
4565,2011,5,SW,mean_intensity_degC,2.3092660903930664,200
4566,2011,6,SW,activity_degC_days_m2,155452746770.50174,200
4567,2011,6,SW,mean_area_km2,55.5871400068864,200
4568,2011,6,SW,mean_duration_days,6.0,200
4569,2011,6,SW,mean_intensity_degC,1.820728063583374,200
4570,2011,6,SW,number_of_events,1.0,200
4571,2011,6,SW,sum_area_km2,55.5871400068864,200
4572,2011,7,SW,activity_degC_days_m2,0.0,200
4573,2011,7,SW,mean_intensity_degC,,200
4574,2011,8,SW,activity_degC_days_m2,0.0,200
4575,2011,8,SW,mean_intensity_degC,,200
4576,2011,9,SW,activity_degC_days_m2,4380734233.567438,200
4577,2011,9,SW,mean_area_km2,49.976220645892525,200
4578,2011,9,SW,mean_duration_days,14.666666666666666,200
4579,2011,9,SW,mean_intensity_degC,1.44051992893219,200
4580,2011,9,SW,number_of_events,3.0,200
4581,2011,9,SW,sum_area_km2,149.92866193767756,200
4582,2011,10,SW,activity_degC_days_m2,154872865835.94595,200
4583,2011,10,SW,mean_area_km2,49.16129883928017,200
4584,2011,10,SW,mean_duration_days,9.090909090909092,200
4585,2011,10,SW,mean_intensity_degC,1.7968283891677856,200
4586,2011,10,SW,number_of_events,11.0,200
4587,2011,10,SW,sum_area_km2,540.7742872320819,200
4588,2011,11,SW,activity_degC_days_m2,0.0,200
4589,2011,11,SW,mean_intensity_degC,,200
4590,2011,12,SW,activity_degC_days_m2,0.0,200
4591,2011,12,SW,mean_intensity_degC,,200
4592,2012,1,SW,activity_degC_days_m2,0.0,200
4593,2012,1,SW,mean_intensity_degC,,200
4594,2012,2,SW,activity_degC_days_m2,0.0,200
4595,2012,2,SW,mean_intensity_degC,,200
4596,2012,3,SW,activity_degC_days_m2,0.0,200
4597,2012,3,SW,mean_intensity_degC,,200
4598,2012,4,SW,activity_degC_days_m2,0.0,200
4599,2012,4,SW,mean_intensity_degC,,200
4600,2012,5,SW,activity_degC_days_m2,0.0,200
4601,2012,5,SW,mean_intensity_degC,,200
4602,2012,6,SW,activity_degC_days_m2,0.0,200
4603,2012,6,SW,mean_intensity_degC,,200
4604,2012,7,SW,activity_degC_days_m2,0.0,200
4605,2012,7,SW,mean_intensity_degC,,200
4606,2012,8,SW,activity_degC_days_m2,72621561103.00867,200
4607,2012,8,SW,mean_area_km2,57.268417641905494,200
4608,2012,8,SW,mean_duration_days,13.5,200
4609,2012,8,SW,mean_intensity_degC,2.1029422283172607,200
4610,2012,8,SW,number_of_events,4.0,200
4611,2012,8,SW,sum_area_km2,229.07367056762195,200
4612,2012,9,SW,activity_degC_days_m2,129789396429.28352,200
4613,2012,9,SW,mean_area_km2,52.70250778271782,200
4614,2012,9,SW,mean_duration_days,16.714285714285715,200
4615,2012,9,SW,mean_intensity_degC,1.7943717241287231,200
4616,2012,9,SW,number_of_events,7.0,200
4617,2012,9,SW,sum_area_km2,368.9175544790247,200
4618,2012,10,SW,activity_degC_days_m2,29572872469.51289,200
4619,2012,10,SW,mean_area_km2,54.74497782715756,200
4620,2012,10,SW,mean_duration_days,7.0,200
4621,2012,10,SW,mean_intensity_degC,1.7181988954544067,200
4622,2012,10,SW,number_of_events,4.0,200
4623,2012,10,SW,sum_area_km2,218.97991130863025,200
4624,2012,11,SW,activity_degC_days_m2,6034018718.460583,200
4625,2012,11,SW,mean_area_km2,52.22352646783759,200
4626,2012,11,SW,mean_duration_days,7.0,200
4627,2012,11,SW,mean_intensity_degC,1.422861933708191,200
4628,2012,11,SW,number_of_events,1.0,200
4629,2012,11,SW,sum_area_km2,52.22352646783759,200
4630,2012,12,SW,activity_degC_days_m2,0.0,200
4631,2012,12,SW,mean_intensity_degC,,200
4632,2013,1,SW,activity_degC_days_m2,0.0,200
4633,2013,1,SW,mean_intensity_degC,,200
4634,2013,2,SW,activity_degC_days_m2,0.0,200
4635,2013,2,SW,mean_intensity_degC,,200
4636,2013,3,SW,activity_degC_days_m2,0.0,200
4637,2013,3,SW,mean_intensity_degC,,200
4638,2013,4,SW,activity_degC_days_m2,0.0,200
4639,2013,4,SW,mean_intensity_degC,,200
4640,2013,5,SW,activity_degC_days_m2,0.0,200
4641,2013,5,SW,mean_intensity_degC,,200
4642,2013,6,SW,activity_degC_days_m2,0.0,200
4643,2013,6,SW,mean_intensity_degC,,200
4644,2013,7,SW,activity_degC_days_m2,47927565506.103004,200
4645,2013,7,SW,mean_area_km2,43.807446774421166,200
4646,2013,7,SW,mean_duration_days,9.5,200
4647,2013,7,SW,mean_intensity_degC,1.3744595050811768,200
4648,2013,7,SW,number_of_events,6.0,200
4649,2013,7,SW,sum_area_km2,262.84468064652697,200
4650,2013,8,SW,activity_degC_days_m2,4044648479.224351,200
4651,2013,8,SW,mean_area_km2,35.39182665386665,200
4652,2013,8,SW,mean_duration_days,12.5,200
4653,2013,8,SW,mean_intensity_degC,1.2596429586410522,200
4654,2013,8,SW,number_of_events,2.0,200
4655,2013,8,SW,sum_area_km2,70.7836533077333,200
4656,2013,9,SW,activity_degC_days_m2,58932614872.20172,200
4657,2013,9,SW,mean_area_km2,38.19832364857584,200
4658,2013,9,SW,mean_duration_days,9.666666666666666,200
4659,2013,9,SW,mean_intensity_degC,1.6500725746154783,200
4660,2013,9,SW,number_of_events,6.0,200
4661,2013,9,SW,sum_area_km2,229.18994189145505,200
4662,2013,10,SW,activity_degC_days_m2,148693867127.5171,200
4663,2013,10,SW,mean_area_km2,51.3812880457855,200
4664,2013,10,SW,mean_duration_days,14.625,200
4665,2013,10,SW,mean_intensity_degC,1.65887451171875,200
4666,2013,10,SW,number_of_events,8.0,200
4667,2013,10,SW,sum_area_km2,411.050304366284,200
4668,2013,11,SW,activity_degC_days_m2,0.0,200
4669,2013,11,SW,mean_intensity_degC,,200
4670,2013,12,SW,activity_degC_days_m2,0.0,200
4671,2013,12,SW,mean_intensity_degC,,200
4672,2014,1,SW,activity_degC_days_m2,0.0,200
4673,2014,1,SW,mean_intensity_degC,,200
4674,2014,2,SW,activity_degC_days_m2,0.0,200
4675,2014,2,SW,mean_intensity_degC,,200
4676,2014,3,SW,activity_degC_days_m2,0.0,200
4677,2014,3,SW,mean_intensity_degC,,200
4678,2014,4,SW,activity_degC_days_m2,0.0,200
4679,2014,4,SW,mean_intensity_degC,,200
4680,2014,5,SW,activity_degC_days_m2,4973942873.933273,200
4681,2014,5,SW,mean_area_km2,35.39182665386661,200
4682,2014,5,SW,mean_duration_days,6.0,200
4683,2014,5,SW,mean_intensity_degC,1.3454481363296509,200
4684,2014,5,SW,number_of_events,1.0,200
4685,2014,5,SW,sum_area_km2,35.39182665386661,200
4686,2014,6,SW,activity_degC_days_m2,0.0,200
4687,2014,6,SW,mean_intensity_degC,,200
4688,2014,7,SW,activity_degC_days_m2,0.0,200
4689,2014,7,SW,mean_intensity_degC,,200
4690,2014,8,SW,activity_degC_days_m2,6598437555.4998455,200
4691,2014,8,SW,mean_area_km2,55.58714000688637,200
4692,2014,8,SW,mean_duration_days,5.0,200
4693,2014,8,SW,mean_intensity_degC,2.1859116554260254,200
4694,2014,8,SW,number_of_events,1.0,200
4695,2014,8,SW,sum_area_km2,55.58714000688637,200
4696,2014,9,SW,activity_degC_days_m2,434547356614.99457,200
4697,2014,9,SW,mean_area_km2,48.2952852983577,200
4698,2014,9,SW,mean_duration_days,33.916666666666664,200
4699,2014,9,SW,mean_intensity_degC,2.347014904022217,200
4700,2014,9,SW,number_of_events,12.0,200
4701,2014,9,SW,sum_area_km2,579.5434235802924,200
4702,2014,10,SW,activity_degC_days_m2,331803939063.18335,200
4703,2014,10,SW,mean_area_km2,48.2952852983577,200
4704,2014,10,SW,mean_duration_days,16.833333333333332,200
4705,2014,10,SW,mean_intensity_degC,1.9832234382629397,200
4706,2014,10,SW,number_of_events,12.0,200
4707,2014,10,SW,sum_area_km2,579.5434235802924,200
4708,2014,11,SW,activity_degC_days_m2,76887782736.1042,200
4709,2014,11,SW,mean_area_km2,47.17076096539564,200
4710,2014,11,SW,mean_duration_days,7.0,200
4711,2014,11,SW,mean_intensity_degC,1.8067091703414917,200
4712,2014,11,SW,number_of_events,2.0,200
4713,2014,11,SW,sum_area_km2,94.34152193079127,200
4714,2014,12,SW,activity_degC_days_m2,0.0,200
4715,2014,12,SW,mean_intensity_degC,,200
4716,2015,1,SW,activity_degC_days_m2,0.0,200
4717,2015,1,SW,mean_intensity_degC,,200
4718,2015,2,SW,activity_degC_days_m2,0.0,200
4719,2015,2,SW,mean_intensity_degC,,200
4720,2015,3,SW,activity_degC_days_m2,0.0,200
4721,2015,3,SW,mean_intensity_degC,,200
4722,2015,4,SW,activity_degC_days_m2,2606311385.482362,200
4723,2015,4,SW,mean_area_km2,38.75952465962917,200
4724,2015,4,SW,mean_duration_days,18.333333333333332,200
4725,2015,4,SW,mean_intensity_degC,1.051975965499878,200
4726,2015,4,SW,number_of_events,3.0,200
4727,2015,4,SW,sum_area_km2,116.27857397888752,200
4728,2015,5,SW,activity_degC_days_m2,112605079350.87177,200
4729,2015,5,SW,mean_area_km2,49.337922721079366,200
4730,2015,5,SW,mean_duration_days,10.0,200
4731,2015,5,SW,mean_intensity_degC,1.500069499015808,200
4732,2015,5,SW,number_of_events,7.0,200
4733,2015,5,SW,sum_area_km2,345.3654590475556,200
4734,2015,6,SW,activity_degC_days_m2,43967438603.80655,200
4735,2015,6,SW,mean_area_km2,36.2338126477376,200
4736,2015,6,SW,mean_duration_days,9.75,200
4737,2015,6,SW,mean_intensity_degC,1.804743766784668,200
4738,2015,6,SW,number_of_events,4.0,200
4739,2015,6,SW,sum_area_km2,144.9352505909504,200
4740,2015,7,SW,activity_degC_days_m2,10847614868.979769,200
4741,2015,7,SW,mean_area_km2,52.22220083088562,200
4742,2015,7,SW,mean_duration_days,5.0,200
4743,2015,7,SW,mean_intensity_degC,1.1653690338134766,200
4744,2015,7,SW,number_of_events,3.0,200
4745,2015,7,SW,sum_area_km2,156.66660249265686,200
4746,2015,8,SW,activity_degC_days_m2,15755673870.00174,200
4747,2015,8,SW,mean_area_km2,55.58671669928211,200
4748,2015,8,SW,mean_duration_days,5.4,200
4749,2015,8,SW,mean_intensity_degC,1.5709857940673828,200
4750,2015,8,SW,number_of_events,5.0,200
4751,2015,8,SW,sum_area_km2,277.93358349641056,200
4752,2015,9,SW,activity_degC_days_m2,6667295412.099794,200
4753,2015,9,SW,mean_intensity_degC,1.1048383712768557,200
4754,2015,10,SW,activity_degC_days_m2,62195790107.596725,200
4755,2015,10,SW,mean_area_km2,54.62566317137764,200
4756,2015,10,SW,mean_duration_days,8.0,200
4757,2015,10,SW,mean_intensity_degC,1.7554274797439575,200
4758,2015,10,SW,number_of_events,7.0,200
4759,2015,10,SW,sum_area_km2,382.37964219964346,200
4760,2015,11,SW,activity_degC_days_m2,152383496696.3635,200
4761,2015,11,SW,mean_area_km2,49.33697882814751,200
4762,2015,11,SW,mean_duration_days,10.428571428571429,200
4763,2015,11,SW,mean_intensity_degC,1.6895465850830078,200
4764,2015,11,SW,number_of_events,14.0,200
4765,2015,11,SW,sum_area_km2,690.717703594065,200
4766,2015,12,SW,activity_degC_days_m2,177475069279.81424,200
4767,2015,12,SW,mean_area_km2,48.2952852983577,200
4768,2015,12,SW,mean_duration_days,38.916666666666664,200
4769,2015,12,SW,mean_intensity_degC,1.2934629917144775,200
4770,2015,12,SW,number_of_events,12.0,200
4771,2015,12,SW,sum_area_km2,579.5434235802924,200
4772,2016,1,SW,activity_degC_days_m2,213886760024.4893,200
4773,2016,1,SW,mean_area_km2,46.71559141337554,200
4774,2016,1,SW,mean_duration_days,21.90909090909091,200
4775,2016,1,SW,mean_intensity_degC,1.0674418210983276,200
4776,2016,1,SW,number_of_events,11.0,200
4777,2016,1,SW,sum_area_km2,513.8715055471309,200
4778,2016,2,SW,activity_degC_days_m2,113872908043.11575,200
4779,2016,2,SW,mean_area_km2,38.75977062935042,200
4780,2016,2,SW,mean_duration_days,6.0,200
4781,2016,2,SW,mean_intensity_degC,1.0858590602874756,200
4782,2016,2,SW,number_of_events,1.0,200
4783,2016,2,SW,sum_area_km2,38.75977062935042,200
4784,2016,3,SW,activity_degC_days_m2,0.0,200
4785,2016,3,SW,mean_intensity_degC,,200
4786,2016,4,SW,activity_degC_days_m2,0.0,200
4787,2016,4,SW,mean_intensity_degC,,200
4788,2016,5,SW,activity_degC_days_m2,0.0,200
4789,2016,5,SW,mean_intensity_degC,,200
4790,2016,6,SW,activity_degC_days_m2,7991099576.695745,200
4791,2016,6,SW,mean_area_km2,58.94969527692461,200
4792,2016,6,SW,mean_duration_days,5.0,200
4793,2016,6,SW,mean_intensity_degC,1.328277826309204,200
4794,2016,6,SW,number_of_events,2.0,200
4795,2016,6,SW,sum_area_km2,117.89939055384922,200
4796,2016,7,SW,activity_degC_days_m2,11590121736.509075,200
4797,2016,7,SW,mean_area_km2,35.39182665386661,200
4798,2016,7,SW,mean_duration_days,9.0,200
4799,2016,7,SW,mean_intensity_degC,2.0900800228118896,200
4800,2016,7,SW,number_of_events,1.0,200
4801,2016,7,SW,sum_area_km2,35.39182665386661,200
4802,2016,8,SW,activity_degC_days_m2,180372060468.108,200
4803,2016,8,SW,mean_area_km2,42.60660379211896,200
4804,2016,8,SW,mean_duration_days,24.142857142857142,200
4805,2016,8,SW,mean_intensity_degC,2.384662389755249,200
4806,2016,8,SW,number_of_events,7.0,200
4807,2016,8,SW,sum_area_km2,298.2462265448327,200
4808,2016,9,SW,activity_degC_days_m2,49420115586.30264,200
4809,2016,9,SW,mean_intensity_degC,1.7620713710784912,200
4810,2016,10,SW,activity_degC_days_m2,0.0,200
4811,2016,10,SW,mean_intensity_degC,,200
4812,2016,11,SW,activity_degC_days_m2,5819986322.471607,200
4813,2016,11,SW,mean_area_km2,35.39182665386661,200
4814,2016,11,SW,mean_duration_days,6.0,200
4815,2016,11,SW,mean_intensity_degC,1.574302315711975,200
4816,2016,11,SW,number_of_events,1.0,200
4817,2016,11,SW,sum_area_km2,35.39182665386661,200
4818,2016,12,SW,activity_degC_days_m2,118256274888.37756,200
4819,2016,12,SW,mean_area_km2,45.11743255772852,200
4820,2016,12,SW,mean_duration_days,17.333333333333332,200
4821,2016,12,SW,mean_intensity_degC,1.1830041408538818,200
4822,2016,12,SW,number_of_events,9.0,200
4823,2016,12,SW,sum_area_km2,406.0568930195567,200
4824,2017,1,SW,activity_degC_days_m2,7705795981.042985,200
4825,2017,1,SW,mean_area_km2,55.58661087238099,200
4826,2017,1,SW,mean_duration_days,5.5,200
4827,2017,1,SW,mean_intensity_degC,0.971777081489563,200
4828,2017,1,SW,number_of_events,2.0,200
4829,2017,1,SW,sum_area_km2,111.17322174476196,200
4830,2017,2,SW,activity_degC_days_m2,0.0,200
4831,2017,2,SW,mean_intensity_degC,,200
4832,2017,3,SW,activity_degC_days_m2,0.0,200
4833,2017,3,SW,mean_intensity_degC,,200
4834,2017,4,SW,activity_degC_days_m2,15763663607.036669,200
4835,2017,4,SW,mean_area_km2,38.75952465962917,200
4836,2017,4,SW,mean_duration_days,6.0,200
4837,2017,4,SW,mean_intensity_degC,1.370821237564087,200
4838,2017,4,SW,number_of_events,3.0,200
4839,2017,4,SW,sum_area_km2,116.27857397888752,200
4840,2017,5,SW,activity_degC_days_m2,225225641296.1388,200
4841,2017,5,SW,mean_area_km2,49.11485529670899,200
4842,2017,5,SW,mean_duration_days,20.307692307692307,200
4843,2017,5,SW,mean_intensity_degC,1.452267289161682,200
4844,2017,5,SW,number_of_events,13.0,200
4845,2017,5,SW,sum_area_km2,638.4931188572168,200
4846,2017,6,SW,activity_degC_days_m2,129505481966.1088,200
4847,2017,6,SW,mean_area_km2,47.93817246476861,200
4848,2017,6,SW,mean_duration_days,8.727272727272727,200
4849,2017,6,SW,mean_intensity_degC,1.956486463546753,200
4850,2017,6,SW,number_of_events,11.0,200
4851,2017,6,SW,sum_area_km2,527.3198971124547,200
4852,2017,7,SW,activity_degC_days_m2,0.0,200
4853,2017,7,SW,mean_intensity_degC,,200
4854,2017,8,SW,activity_degC_days_m2,4523843899.946366,200
4855,2017,8,SW,mean_area_km2,35.39182665386661,200
4856,2017,8,SW,mean_duration_days,5.0,200
4857,2017,8,SW,mean_intensity_degC,1.4684360027313232,200
4858,2017,8,SW,number_of_events,1.0,200
4859,2017,8,SW,sum_area_km2,35.39182665386661,200
4860,2017,9,SW,activity_degC_days_m2,0.0,200
4861,2017,9,SW,mean_intensity_degC,,200
4862,2017,10,SW,activity_degC_days_m2,1140284736.621457,200
4863,2017,10,SW,mean_area_km2,35.39182665386661,200
4864,2017,10,SW,mean_duration_days,9.0,200
4865,2017,10,SW,mean_intensity_degC,1.850677490234375,200
4866,2017,10,SW,number_of_events,1.0,200
4867,2017,10,SW,sum_area_km2,35.39182665386661,200
4868,2017,11,SW,activity_degC_days_m2,24423813941.92322,200
4869,2017,11,SW,mean_area_km2,38.75952465962917,200
4870,2017,11,SW,mean_duration_days,8.0,200
4871,2017,11,SW,mean_intensity_degC,1.792752385139465,200
4872,2017,11,SW,number_of_events,3.0,200
4873,2017,11,SW,sum_area_km2,116.27857397888752,200
4874,2017,12,SW,activity_degC_days_m2,9042600348.924736,200
4875,2017,12,SW,mean_intensity_degC,1.4676103591918943,200
4876,2018,1,SW,activity_degC_days_m2,0.0,200
4877,2018,1,SW,mean_intensity_degC,,200
4878,2018,2,SW,activity_degC_days_m2,0.0,200
4879,2018,2,SW,mean_intensity_degC,,200
4880,2018,3,SW,activity_degC_days_m2,0.0,200
4881,2018,3,SW,mean_intensity_degC,,200
4882,2018,4,SW,activity_degC_days_m2,0.0,200
4883,2018,4,SW,mean_intensity_degC,,200
4884,2018,5,SW,activity_degC_days_m2,0.0,200
4885,2018,5,SW,mean_intensity_degC,,200
4886,2018,6,SW,activity_degC_days_m2,0.0,200
4887,2018,6,SW,mean_intensity_degC,,200
4888,2018,7,SW,activity_degC_days_m2,5012814253.697136,200
4889,2018,7,SW,mean_area_km2,55.5871400068864,200
4890,2018,7,SW,mean_duration_days,8.0,200
4891,2018,7,SW,mean_intensity_degC,1.0378942489624023,200
4892,2018,7,SW,number_of_events,1.0,200
4893,2018,7,SW,sum_area_km2,55.5871400068864,200
4894,2018,8,SW,activity_degC_days_m2,0.0,200
4895,2018,8,SW,mean_intensity_degC,,200
4896,2018,9,SW,activity_degC_days_m2,15978563129.127413,200
4897,2018,9,SW,mean_area_km2,37.91760015818855,200
4898,2018,9,SW,mean_duration_days,14.25,200
4899,2018,9,SW,mean_intensity_degC,1.8017759323120115,200
4900,2018,9,SW,number_of_events,4.0,200
4901,2018,9,SW,sum_area_km2,151.6704006327542,200
4902,2018,10,SW,activity_degC_days_m2,67774576264.40098,200
4903,2018,10,SW,mean_area_km2,45.49338074789467,200
4904,2018,10,SW,mean_duration_days,6.0,200
4905,2018,10,SW,mean_intensity_degC,2.057131290435791,200
4906,2018,10,SW,number_of_events,1.0,200
4907,2018,10,SW,sum_area_km2,45.49338074789467,200
4908,2018,11,SW,activity_degC_days_m2,0.0,200
4909,2018,11,SW,mean_intensity_degC,,200
4910,2018,12,SW,activity_degC_days_m2,0.0,200
4911,2018,12,SW,mean_intensity_degC,,200
4912,2019,1,SW,activity_degC_days_m2,0.0,200
4913,2019,1,SW,mean_intensity_degC,,200
4914,2019,2,SW,activity_degC_days_m2,8448628703.691094,200
4915,2019,2,SW,mean_area_km2,36.51447464569458,200
4916,2019,2,SW,mean_duration_days,6.0,200
4917,2019,2,SW,mean_intensity_degC,1.075811743736267,200
4918,2019,2,SW,number_of_events,3.0,200
4919,2019,2,SW,sum_area_km2,109.54342393708372,200
4920,2019,3,SW,activity_degC_days_m2,2556913017.154838,200
4921,2019,3,SW,mean_intensity_degC,0.8230071067810059,200
4922,2019,4,SW,activity_degC_days_m2,0.0,200
4923,2019,4,SW,mean_intensity_degC,,200
4924,2019,5,SW,activity_degC_days_m2,0.0,200
4925,2019,5,SW,mean_intensity_degC,,200
4926,2019,6,SW,activity_degC_days_m2,0.0,200
4927,2019,6,SW,mean_intensity_degC,,200
4928,2019,7,SW,activity_degC_days_m2,0.0,200
4929,2019,7,SW,mean_intensity_degC,,200
4930,2019,8,SW,activity_degC_days_m2,0.0,200
4931,2019,8,SW,mean_intensity_degC,,200
4932,2019,9,SW,activity_degC_days_m2,0.0,200
4933,2019,9,SW,mean_intensity_degC,,200
4934,2019,10,SW,activity_degC_days_m2,0.0,200
4935,2019,10,SW,mean_intensity_degC,,200
4936,2019,11,SW,activity_degC_days_m2,0.0,200
4937,2019,11,SW,mean_intensity_degC,,200
4938,2019,12,SW,activity_degC_days_m2,0.0,200
4939,2019,12,SW,mean_intensity_degC,,200
4940,2020,1,SW,activity_degC_days_m2,0.0,200
4941,2020,1,SW,mean_intensity_degC,,200
4942,2020,2,SW,activity_degC_days_m2,9381055902.59798,200
4943,2020,2,SW,mean_area_km2,49.97622064589255,200
4944,2020,2,SW,mean_duration_days,5.0,200
4945,2020,2,SW,mean_intensity_degC,1.0163406133651731,200
4946,2020,2,SW,number_of_events,3.0,200
4947,2020,2,SW,sum_area_km2,149.92866193767765,200
4948,2020,3,SW,activity_degC_days_m2,0.0,200
4949,2020,3,SW,mean_intensity_degC,,200
4950,2020,4,SW,activity_degC_days_m2,0.0,200
4951,2020,4,SW,mean_intensity_degC,,200
4952,2020,5,SW,activity_degC_days_m2,168698551782.25385,200
4953,2020,5,SW,mean_area_km2,50.53856838424464,200
4954,2020,5,SW,mean_duration_days,16.5,200
4955,2020,5,SW,mean_intensity_degC,1.5254902839660645,200
4956,2020,5,SW,number_of_events,16.0,200
4957,2020,5,SW,sum_area_km2,808.6170941479143,200
4958,2020,6,SW,activity_degC_days_m2,120536963169.4131,200
4959,2020,6,SW,mean_intensity_degC,2.0730676651000977,200
4960,2020,7,SW,activity_degC_days_m2,41463480255.8965,200
4961,2020,7,SW,mean_area_km2,42.125474299489674,200
4962,2020,7,SW,mean_duration_days,7.166666666666667,200
4963,2020,7,SW,mean_intensity_degC,1.607677936553955,200
4964,2020,7,SW,number_of_events,6.0,200
4965,2020,7,SW,sum_area_km2,252.7528457969381,200
4966,2020,8,SW,activity_degC_days_m2,0.0,200
4967,2020,8,SW,mean_intensity_degC,,200
4968,2020,9,SW,activity_degC_days_m2,0.0,200
4969,2020,9,SW,mean_intensity_degC,,200
4970,2020,10,SW,activity_degC_days_m2,0.0,200
4971,2020,10,SW,mean_intensity_degC,,200
4972,2020,11,SW,activity_degC_days_m2,915698866.9546014,200
4973,2020,11,SW,mean_area_km2,35.39182665386668,200
4974,2020,11,SW,mean_duration_days,5.0,200
4975,2020,11,SW,mean_intensity_degC,1.486175537109375,200
4976,2020,11,SW,number_of_events,1.0,200
4977,2020,11,SW,sum_area_km2,35.39182665386668,200
4978,2020,12,SW,activity_degC_days_m2,13107187931.734142,200
4979,2020,12,SW,mean_area_km2,43.81017872178258,200
4980,2020,12,SW,mean_duration_days,5.5,200
4981,2020,12,SW,mean_intensity_degC,1.413919448852539,200
4982,2020,12,SW,number_of_events,2.0,200
4983,2020,12,SW,sum_area_km2,87.62035744356515,200
4984,2021,1,SW,activity_degC_days_m2,0.0,200
4985,2021,1,SW,mean_intensity_degC,,200
4986,2021,2,SW,activity_degC_days_m2,0.0,200
4987,2021,2,SW,mean_intensity_degC,,200
4988,2021,3,SW,activity_degC_days_m2,0.0,200
4989,2021,3,SW,mean_intensity_degC,,200
4990,2021,4,SW,activity_degC_days_m2,166490220876.04407,200
4991,2021,4,SW,mean_area_km2,48.2952852983577,200
4992,2021,4,SW,mean_duration_days,16.166666666666668,200
4993,2021,4,SW,mean_intensity_degC,1.3818093538284302,200
4994,2021,4,SW,number_of_events,12.0,200
4995,2021,4,SW,sum_area_km2,579.5434235802924,200
4996,2021,5,SW,activity_degC_days_m2,5656313620.205978,200
4997,2021,5,SW,mean_intensity_degC,1.1591815948486328,200
4998,2021,6,SW,activity_degC_days_m2,0.0,200
4999,2021,6,SW,mean_intensity_degC,,200
5000,2021,7,SW,activity_degC_days_m2,0.0,200
5001,2021,7,SW,mean_intensity_degC,,200
5002,2021,8,SW,activity_degC_days_m2,0.0,200
5003,2021,8,SW,mean_intensity_degC,,200
5004,2021,9,SW,activity_degC_days_m2,113232198372.63657,200
5005,2021,9,SW,mean_area_km2,52.222222182578726,200
5006,2021,9,SW,mean_duration_days,12.22222222222222,200
5007,2021,9,SW,mean_intensity_degC,1.6482850313186646,200
5008,2021,9,SW,number_of_events,9.0,200
5009,2021,9,SW,sum_area_km2,469.9999996432086,200
5010,2021,10,SW,activity_degC_days_m2,0.0,200
5011,2021,10,SW,mean_intensity_degC,,200
5012,2021,11,SW,activity_degC_days_m2,0.0,200
5013,2021,11,SW,mean_intensity_degC,,200
5014,2021,12,SW,activity_degC_days_m2,0.0,200
5015,2021,12,SW,mean_intensity_degC,,200
5016,2022,1,SW,activity_degC_days_m2,0.0,200
5017,2022,1,SW,mean_intensity_degC,,200
5018,2022,2,SW,activity_degC_days_m2,0.0,200
5019,2022,2,SW,mean_intensity_degC,,200
5020,2022,3,SW,activity_degC_days_m2,0.0,200
5021,2022,3,SW,mean_intensity_degC,,200
5022,2022,4,SW,activity_degC_days_m2,0.0,200
5023,2022,4,SW,mean_intensity_degC,,200
5024,2022,5,SW,activity_degC_days_m2,27526482658.4163,200
5025,2022,5,SW,mean_area_km2,51.10199054400715,200
5026,2022,5,SW,mean_duration_days,10.666666666666666,200
5027,2022,5,SW,mean_intensity_degC,1.3872506618499756,200
5028,2022,5,SW,number_of_events,3.0,200
5029,2022,5,SW,sum_area_km2,153.30597163202145,200
5030,2022,6,SW,activity_degC_days_m2,77215471080.12282,200
5031,2022,6,SW,mean_area_km2,53.48412786844226,200
5032,2022,6,SW,mean_duration_days,10.125,200
5033,2022,6,SW,mean_intensity_degC,1.5598950386047363,200
5034,2022,6,SW,number_of_events,8.0,200
5035,2022,6,SW,sum_area_km2,427.87302294753806,200
5036,2022,7,SW,activity_degC_days_m2,0.0,200
5037,2022,7,SW,mean_intensity_degC,,200
5038,2022,8,SW,activity_degC_days_m2,0.0,200
5039,2022,8,SW,mean_intensity_degC,,200
5040,2022,9,SW,activity_degC_days_m2,105564464597.47578,200
5041,2022,9,SW,mean_area_km2,53.48412786844226,200
5042,2022,9,SW,mean_duration_days,11.625,200
5043,2022,9,SW,mean_intensity_degC,1.820365309715271,200
5044,2022,9,SW,number_of_events,8.0,200
5045,2022,9,SW,sum_area_km2,427.87302294753806,200
5046,2022,10,SW,activity_degC_days_m2,0.0,200
5047,2022,10,SW,mean_intensity_degC,,200
5048,2022,11,SW,activity_degC_days_m2,769479437.4585707,200
5049,2022,11,SW,mean_area_km2,58.949695276924594,200
5050,2022,11,SW,mean_duration_days,58.0,200
5051,2022,11,SW,mean_intensity_degC,1.2790260314941406,200
5052,2022,11,SW,number_of_events,1.0,200
5053,2022,11,SW,sum_area_km2,58.949695276924594,200
5054,2022,12,SW,activity_degC_days_m2,84441952705.34274,200
5055,2022,12,SW,mean_area_km2,46.50065882964813,200
5056,2022,12,SW,mean_duration_days,25.6,200
5057,2022,12,SW,mean_intensity_degC,1.311987280845642,200
5058,2022,12,SW,number_of_events,10.0,200
5059,2022,12,SW,sum_area_km2,465.0065882964813,200
5060,2023,1,SW,activity_degC_days_m2,158544865830.4986,200
5061,2023,1,SW,mean_area_km2,54.46593549387011,200
5062,2023,1,SW,mean_duration_days,6.0,200
5063,2023,1,SW,mean_intensity_degC,1.1654245853424072,200
5064,2023,1,SW,number_of_events,3.0,200
5065,2023,1,SW,sum_area_km2,163.39780648161033,200
5066,2023,2,SW,activity_degC_days_m2,0.0,200
5067,2023,2,SW,mean_intensity_degC,,200
5068,2023,3,SW,activity_degC_days_m2,96626397794.54816,200
5069,2023,3,SW,mean_area_km2,48.33838508251124,200
5070,2023,3,SW,mean_duration_days,19.692307692307693,200
5071,2023,3,SW,mean_intensity_degC,1.061601996421814,200
5072,2023,3,SW,number_of_events,13.0,200
5073,2023,3,SW,sum_area_km2,628.3990060726461,200
5074,2023,4,SW,activity_degC_days_m2,159021199084.70007,200
5075,2023,4,SW,mean_area_km2,52.702269480165185,200
5076,2023,4,SW,mean_duration_days,18.142857142857142,200
5077,2023,4,SW,mean_intensity_degC,1.4824296236038208,200
5078,2023,4,SW,number_of_events,7.0,200
5079,2023,4,SW,sum_area_km2,368.9158863611563,200
5080,2023,5,SW,activity_degC_days_m2,95019575749.7632,200
5081,2023,5,SW,mean_area_km2,43.567008449989615,200
5082,2023,5,SW,mean_duration_days,9.428571428571429,200
5083,2023,5,SW,mean_intensity_degC,1.4893807172775269,200
5084,2023,5,SW,number_of_events,7.0,200
5085,2023,5,SW,sum_area_km2,304.9690591499273,200
5086,2023,6,SW,activity_degC_days_m2,206605906013.43127,200
5087,2023,6,SW,mean_area_km2,47.17392575427186,200
5088,2023,6,SW,mean_duration_days,15.5,200
5089,2023,6,SW,mean_intensity_degC,1.6567076444625854,200
5090,2023,6,SW,number_of_events,12.0,200
5091,2023,6,SW,sum_area_km2,566.0871090512624,200
5092,2023,7,SW,activity_degC_days_m2,10782448536.668344,200
5093,2023,7,SW,mean_intensity_degC,1.2712867259979248,200
5094,2023,8,SW,activity_degC_days_m2,4882708858.779418,200
5095,2023,8,SW,mean_area_km2,52.22352646783737,200
5096,2023,8,SW,mean_duration_days,5.0,200
5097,2023,8,SW,mean_intensity_degC,1.611925482749939,200
5098,2023,8,SW,number_of_events,1.0,200
5099,2023,8,SW,sum_area_km2,52.22352646783737,200
5100,2023,9,SW,activity_degC_days_m2,25576928235.75789,200
5101,2023,9,SW,mean_area_km2,57.268417641905494,200
5102,2023,9,SW,mean_duration_days,49.0,200
5103,2023,9,SW,mean_intensity_degC,1.6101471185684204,200
5104,2023,9,SW,number_of_events,4.0,200
5105,2023,9,SW,sum_area_km2,229.07367056762195,200
5106,2023,10,SW,activity_degC_days_m2,303365122421.03925,200
5107,2023,10,SW,mean_area_km2,45.11743255772852,200
5108,2023,10,SW,mean_duration_days,18.666666666666668,200
5109,2023,10,SW,mean_intensity_degC,1.859200358390808,200
5110,2023,10,SW,number_of_events,9.0,200
5111,2023,10,SW,sum_area_km2,406.0568930195567,200
5112,2023,11,SW,activity_degC_days_m2,53572839846.246185,200
5113,2023,11,SW,mean_area_km2,55.58714000688637,200
5114,2023,11,SW,mean_duration_days,7.0,200
5115,2023,11,SW,mean_intensity_degC,1.529019117355347,200
5116,2023,11,SW,number_of_events,1.0,200
5117,2023,11,SW,sum_area_km2,55.58714000688637,200
5118,2023,12,SW,activity_degC_days_m2,120756763146.03175,200
5119,2023,12,SW,mean_area_km2,47.59408143466555,200
5120,2023,12,SW,mean_duration_days,32.625,200
5121,2023,12,SW,mean_intensity_degC,1.1631815433502195,200
5122,2023,12,SW,number_of_events,16.0,200
5123,2023,12,SW,sum_area_km2,761.5053029546488,200
5124,2024,1,SW,activity_degC_days_m2,245882039655.04343,200
5125,2024,1,SW,mean_area_km2,54.46541703212618,200
5126,2024,1,SW,mean_duration_days,52.5,200
5127,2024,1,SW,mean_intensity_degC,1.198978066444397,200
5128,2024,1,SW,number_of_events,6.0,200
5129,2024,1,SW,sum_area_km2,326.79250219275707,200
5130,2024,2,SW,activity_degC_days_m2,362158885492.9105,200
5131,2024,2,SW,mean_intensity_degC,1.7113443613052368,200
5132,2024,3,SW,activity_degC_days_m2,10218718615.079142,200
5133,2024,3,SW,mean_intensity_degC,0.9655423760414124,200
5134,2024,4,SW,activity_degC_days_m2,90965080198.81444,200
5135,2024,4,SW,mean_area_km2,49.468326993311415,200
5136,2024,4,SW,mean_duration_days,9.181818181818182,200
5137,2024,4,SW,mean_intensity_degC,1.47627854347229,200
5138,2024,4,SW,number_of_events,11.0,200
5139,2024,4,SW,sum_area_km2,544.1515969264256,200
5140,2024,5,SW,activity_degC_days_m2,0.0,200
5141,2024,5,SW,mean_intensity_degC,,200
5142,2024,6,SW,activity_degC_days_m2,0.0,200
5143,2024,6,SW,mean_intensity_degC,,200
5144,2024,7,SW,activity_degC_days_m2,3955667309.865679,200
5145,2024,7,SW,mean_area_km2,52.22352646783759,200
5146,2024,7,SW,mean_duration_days,6.0,200
5147,2024,7,SW,mean_intensity_degC,1.0882349014282229,200
5148,2024,7,SW,number_of_events,1.0,200
5149,2024,7,SW,sum_area_km2,52.22352646783759,200
5150,2024,8,SW,activity_degC_days_m2,0.0,200
5151,2024,8,SW,mean_intensity_degC,,200
5152,2024,9,SW,activity_degC_days_m2,0.0,200
5153,2024,9,SW,mean_intensity_degC,,200
5154,2024,10,SW,activity_degC_days_m2,11492218728.947554,200
5155,2024,10,SW,mean_area_km2,52.221538012409624,200
5156,2024,10,SW,mean_duration_days,7.0,200
5157,2024,10,SW,mean_intensity_degC,1.3634828329086304,200
5158,2024,10,SW,number_of_events,2.0,200
5159,2024,10,SW,sum_area_km2,104.44307602481923,200
5160,2024,11,SW,activity_degC_days_m2,102415827506.78792,200
5161,2024,11,SW,mean_area_km2,47.303096504309245,200
5162,2024,11,SW,mean_duration_days,24.692307692307693,200
5163,2024,11,SW,mean_intensity_degC,1.6730637550354004,200
5164,2024,11,SW,number_of_events,13.0,200
5165,2024,11,SW,sum_area_km2,614.9402545560201,200
5166,2024,12,SW,activity_degC_days_m2,186108699749.14948,200
5167,2024,12,SW,mean_area_km2,55.58687543963369,200
5168,2024,12,SW,mean_duration_days,10.5,200
5169,2024,12,SW,mean_intensity_degC,1.2371094226837158,200
5170,2024,12,SW,number_of_events,4.0,200
5171,2024,12,SW,sum_area_km2,222.34750175853475,200
5172,2025,1,SW,activity_degC_days_m2,62759819442.64876,200
5173,2025,1,SW,mean_area_km2,50.77911409150536,200
5174,2025,1,SW,mean_duration_days,7.142857142857143,200
5175,2025,1,SW,mean_intensity_degC,1.0233616828918457,200
5176,2025,1,SW,number_of_events,7.0,200
5177,2025,1,SW,sum_area_km2,355.45379864053757,200
5178,2025,2,SW,activity_degC_days_m2,502709973.1464032,200
5179,2025,2,SW,mean_area_km2,58.949695276924594,200
5180,2025,2,SW,mean_duration_days,8.0,200
5181,2025,2,SW,mean_intensity_degC,0.8356027603149414,200
5182,2025,2,SW,number_of_events,1.0,200
5183,2025,2,SW,sum_area_km2,58.949695276924594,200
5184,2025,3,SW,activity_degC_days_m2,14916746753.154396,200
5185,2025,3,SW,mean_area_km2,56.7079917635658,200
5186,2025,3,SW,mean_duration_days,6.666666666666667,200
5187,2025,3,SW,mean_intensity_degC,0.9100217819213868,200
5188,2025,3,SW,number_of_events,3.0,200
5189,2025,3,SW,sum_area_km2,170.1239752906974,200
5190,2025,4,SW,activity_degC_days_m2,45883006128.7958,200
5191,2025,4,SW,mean_area_km2,55.58678725054949,200
5192,2025,4,SW,mean_duration_days,8.5,200
5193,2025,4,SW,mean_intensity_degC,1.4268120527267456,200
5194,2025,4,SW,number_of_events,6.0,200
5195,2025,4,SW,sum_area_km2,333.5207235032969,200
5196,2025,5,SW,activity_degC_days_m2,9566753144.566889,200
5197,2025,5,SW,mean_area_km2,55.58661087238098,200
5198,2025,5,SW,mean_duration_days,7.0,200
5199,2025,5,SW,mean_intensity_degC,1.4424290657043457,200
5200,2025,5,SW,number_of_events,2.0,200
5201,2025,5,SW,sum_area_km2,111.17322174476196,200
5202,2025,6,SW,activity_degC_days_m2,11051924454.670649,200
5203,2025,6,SW,mean_area_km2,51.10199054400715,200
5204,2025,6,SW,mean_duration_days,18.333333333333332,200
5205,2025,6,SW,mean_intensity_degC,1.6454674005508425,200
5206,2025,6,SW,number_of_events,3.0,200
5207,2025,6,SW,sum_area_km2,153.30597163202145,200
5208,2025,7,SW,activity_degC_days_m2,59981412645.2338,200
5209,2025,7,SW,mean_area_km2,36.51447464569458,200
5210,2025,7,SW,mean_duration_days,8.666666666666666,200
5211,2025,7,SW,mean_intensity_degC,1.313334822654724,200
5212,2025,7,SW,number_of_events,3.0,200
5213,2025,7,SW,sum_area_km2,109.54342393708372,200
5214,2025,8,SW,activity_degC_days_m2,50333900404.68184,200
5215,2025,8,SW,mean_area_km2,40.44173760123027,200
5216,2025,8,SW,mean_duration_days,10.25,200
5217,2025,8,SW,mean_intensity_degC,1.9169903993606567,200
5218,2025,8,SW,number_of_events,4.0,200
5219,2025,8,SW,sum_area_km2,161.7669504049211,200
5220,2025,9,SW,activity_degC_days_m2,0.0,200
5221,2025,9,SW,mean_intensity_degC,,200
5222,2025,10,SW,activity_degC_days_m2,0.0,200
5223,2025,10,SW,mean_intensity_degC,,200
5224,2025,11,SW,activity_degC_days_m2,5128494910.027489,200
5225,2025,11,SW,mean_area_km2,35.39182665386668,200
5226,2025,11,SW,mean_duration_days,6.0,200
5227,2025,11,SW,mean_intensity_degC,1.3872543573379517,200
5228,2025,11,SW,number_of_events,1.0,200
5229,2025,11,SW,sum_area_km2,35.39182665386668,200
5230,2025,12,SW,activity_degC_days_m2,0.0,200
5231,2025,12,SW,mean_intensity_degC,,200
0,1981,9,NW,activity_degC_days_m2,0.0,400
1,1981,9,NW,mean_intensity_degC,,400
2,1981,10,NW,activity_degC_days_m2,0.0,400
3,1981,10,NW,mean_intensity_degC,,400
4,1981,11,NW,activity_degC_days_m2,0.0,400
5,1981,11,NW,mean_intensity_degC,,400
6,1981,12,NW,activity_degC_days_m2,0.0,400
7,1981,12,NW,mean_intensity_degC,,400
8,1982,1,NW,activity_degC_days_m2,0.0,400
9,1982,1,NW,mean_intensity_degC,,400
10,1982,2,NW,activity_degC_days_m2,4392613740.840991,400
11,1982,2,NW,mean_area_km2,62.31112826154329,400
12,1982,2,NW,mean_duration_days,6.0,400
13,1982,2,NW,mean_intensity_degC,1.221205234527588,400
14,1982,2,NW,number_of_events,1.0,400
15,1982,2,NW,sum_area_km2,62.31112826154329,400
16,1982,3,NW,activity_degC_days_m2,0.0,400
17,1982,3,NW,mean_intensity_degC,,400
18,1982,4,NW,activity_degC_days_m2,0.0,400
19,1982,4,NW,mean_intensity_degC,,400
20,1982,5,NW,activity_degC_days_m2,0.0,400
21,1982,5,NW,mean_intensity_degC,,400
22,1982,6,NW,activity_degC_days_m2,0.0,400
23,1982,6,NW,mean_intensity_degC,,400
24,1982,7,NW,activity_degC_days_m2,3251664080.833272,400
25,1982,7,NW,mean_area_km2,62.31112826154345,400
26,1982,7,NW,mean_duration_days,5.0,400
27,1982,7,NW,mean_intensity_degC,1.0848071575164795,400
28,1982,7,NW,number_of_events,1.0,400
29,1982,7,NW,sum_area_km2,62.31112826154345,400
30,1982,8,NW,activity_degC_days_m2,0.0,400
31,1982,8,NW,mean_intensity_degC,,400
32,1982,9,NW,activity_degC_days_m2,0.0,400
33,1982,9,NW,mean_intensity_degC,,400
34,1982,10,NW,activity_degC_days_m2,0.0,400
35,1982,10,NW,mean_intensity_degC,,400
36,1982,11,NW,activity_degC_days_m2,0.0,400
37,1982,11,NW,mean_intensity_degC,,400
38,1982,12,NW,activity_degC_days_m2,0.0,400
39,1982,12,NW,mean_intensity_degC,,400
40,1983,1,NW,activity_degC_days_m2,0.0,400
41,1983,1,NW,mean_intensity_degC,,400
42,1983,2,NW,activity_degC_days_m2,0.0,400
43,1983,2,NW,mean_intensity_degC,,400
44,1983,3,NW,activity_degC_days_m2,0.0,400
45,1983,3,NW,mean_intensity_degC,,400
46,1983,4,NW,activity_degC_days_m2,0.0,400
47,1983,4,NW,mean_intensity_degC,,400
48,1983,5,NW,activity_degC_days_m2,0.0,400
49,1983,5,NW,mean_intensity_degC,,400
50,1983,6,NW,activity_degC_days_m2,0.0,400
51,1983,6,NW,mean_intensity_degC,,400
52,1983,7,NW,activity_degC_days_m2,46532548134.97229,400
53,1983,7,NW,mean_area_km2,81.96379916501739,400
54,1983,7,NW,mean_duration_days,7.714285714285714,400
55,1983,7,NW,mean_intensity_degC,1.4332821369171145,400
56,1983,7,NW,number_of_events,7.0,400
57,1983,7,NW,sum_area_km2,573.7465941551218,400
58,1983,8,NW,activity_degC_days_m2,12102410342.648714,400
59,1983,8,NW,mean_area_km2,63.99125161361358,400
60,1983,8,NW,mean_duration_days,7.5,400
61,1983,8,NW,mean_intensity_degC,1.3318192958831787,400
62,1983,8,NW,number_of_events,2.0,400
63,1983,8,NW,sum_area_km2,127.98250322722716,400
64,1983,9,NW,activity_degC_days_m2,0.0,400
65,1983,9,NW,mean_intensity_degC,,400
66,1983,10,NW,activity_degC_days_m2,0.0,400
67,1983,10,NW,mean_intensity_degC,,400
68,1983,11,NW,activity_degC_days_m2,169209378707.61438,400
69,1983,11,NW,mean_area_km2,78.55055794012836,400
70,1983,11,NW,mean_duration_days,12.838709677419354,400
71,1983,11,NW,mean_intensity_degC,1.6792508363723757,400
72,1983,11,NW,number_of_events,31.0,400
73,1983,11,NW,sum_area_km2,2435.067296143979,400
74,1983,12,NW,activity_degC_days_m2,249196818933.22595,400
75,1983,12,NW,mean_area_km2,76.40802552035197,400
76,1983,12,NW,mean_duration_days,5.0,400
77,1983,12,NW,mean_intensity_degC,1.3526837825775146,400
78,1983,12,NW,number_of_events,5.0,400
79,1983,12,NW,sum_area_km2,382.04012760175993,400
80,1984,1,NW,activity_degC_days_m2,0.0,400
81,1984,1,NW,mean_intensity_degC,,400
82,1984,2,NW,activity_degC_days_m2,0.0,400
83,1984,2,NW,mean_intensity_degC,,400
84,1984,3,NW,activity_degC_days_m2,0.0,400
85,1984,3,NW,mean_intensity_degC,,400
86,1984,4,NW,activity_degC_days_m2,0.0,400
87,1984,4,NW,mean_intensity_degC,,400
88,1984,5,NW,activity_degC_days_m2,0.0,400
89,1984,5,NW,mean_intensity_degC,,400
90,1984,6,NW,activity_degC_days_m2,0.0,400
91,1984,6,NW,mean_intensity_degC,,400
92,1984,7,NW,activity_degC_days_m2,61028676877.520676,400
93,1984,7,NW,mean_area_km2,66.93052179643644,400
94,1984,7,NW,mean_duration_days,7.75,400
95,1984,7,NW,mean_intensity_degC,1.6088106632232666,400
96,1984,7,NW,number_of_events,8.0,400
97,1984,7,NW,sum_area_km2,535.4441743714915,400
98,1984,8,NW,activity_degC_days_m2,0.0,400
99,1984,8,NW,mean_intensity_degC,,400
100,1984,9,NW,activity_degC_days_m2,0.0,400
101,1984,9,NW,mean_intensity_degC,,400
102,1984,10,NW,activity_degC_days_m2,0.0,400
103,1984,10,NW,mean_intensity_degC,,400
104,1984,11,NW,activity_degC_days_m2,0.0,400
105,1984,11,NW,mean_intensity_degC,,400
106,1984,12,NW,activity_degC_days_m2,0.0,400
107,1984,12,NW,mean_intensity_degC,,400
108,1985,1,NW,activity_degC_days_m2,0.0,400
109,1985,1,NW,mean_intensity_degC,,400
110,1985,2,NW,activity_degC_days_m2,0.0,400
111,1985,2,NW,mean_intensity_degC,,400
112,1985,3,NW,activity_degC_days_m2,0.0,400
113,1985,3,NW,mean_intensity_degC,,400
114,1985,4,NW,activity_degC_days_m2,0.0,400
115,1985,4,NW,mean_intensity_degC,,400
116,1985,5,NW,activity_degC_days_m2,0.0,400
117,1985,5,NW,mean_intensity_degC,,400
118,1985,6,NW,activity_degC_days_m2,0.0,400
119,1985,6,NW,mean_intensity_degC,,400
120,1985,7,NW,activity_degC_days_m2,64118711609.39675,400
121,1985,7,NW,mean_area_km2,81.61280345099061,400
122,1985,7,NW,mean_duration_days,5.333333333333333,400
123,1985,7,NW,mean_intensity_degC,1.6756300926208496,400
124,1985,7,NW,number_of_events,12.0,400
125,1985,7,NW,sum_area_km2,979.3536414118876,400
126,1985,8,NW,activity_degC_days_m2,0.0,400
127,1985,8,NW,mean_intensity_degC,,400
128,1985,9,NW,activity_degC_days_m2,0.0,400
129,1985,9,NW,mean_intensity_degC,,400
130,1985,10,NW,activity_degC_days_m2,0.0,400
131,1985,10,NW,mean_intensity_degC,,400
132,1985,11,NW,activity_degC_days_m2,0.0,400
133,1985,11,NW,mean_intensity_degC,,400
134,1985,12,NW,activity_degC_days_m2,0.0,400
135,1985,12,NW,mean_intensity_degC,,400
136,1986,1,NW,activity_degC_days_m2,0.0,400
137,1986,1,NW,mean_intensity_degC,,400
138,1986,2,NW,activity_degC_days_m2,0.0,400
139,1986,2,NW,mean_intensity_degC,,400
140,1986,3,NW,activity_degC_days_m2,0.0,400
141,1986,3,NW,mean_intensity_degC,,400
142,1986,4,NW,activity_degC_days_m2,0.0,400
143,1986,4,NW,mean_intensity_degC,,400
144,1986,5,NW,activity_degC_days_m2,0.0,400
145,1986,5,NW,mean_intensity_degC,,400
146,1986,6,NW,activity_degC_days_m2,0.0,400
147,1986,6,NW,mean_intensity_degC,,400
148,1986,7,NW,activity_degC_days_m2,0.0,400
149,1986,7,NW,mean_intensity_degC,,400
150,1986,8,NW,activity_degC_days_m2,0.0,400
151,1986,8,NW,mean_intensity_degC,,400
152,1986,9,NW,activity_degC_days_m2,154926767379.53555,400
153,1986,9,NW,mean_area_km2,74.16228136164742,400
154,1986,9,NW,mean_duration_days,7.647058823529412,400
155,1986,9,NW,mean_intensity_degC,1.8663618564605713,400
156,1986,9,NW,number_of_events,17.0,400
157,1986,9,NW,sum_area_km2,1260.758783148006,400
158,1986,10,NW,activity_degC_days_m2,2704177485.249396,400
159,1986,10,NW,mean_intensity_degC,1.5254827737808228,400
160,1986,11,NW,activity_degC_days_m2,0.0,400
161,1986,11,NW,mean_intensity_degC,,400
162,1986,12,NW,activity_degC_days_m2,0.0,400
163,1986,12,NW,mean_intensity_degC,,400
164,1987,1,NW,activity_degC_days_m2,0.0,400
165,1987,1,NW,mean_intensity_degC,,400
166,1987,2,NW,activity_degC_days_m2,0.0,400
167,1987,2,NW,mean_intensity_degC,,400
168,1987,3,NW,activity_degC_days_m2,38847741227.21188,400
169,1987,3,NW,mean_area_km2,75.32356599585563,400
170,1987,3,NW,mean_duration_days,6.0,400
171,1987,3,NW,mean_intensity_degC,1.289839506149292,400
172,1987,3,NW,number_of_events,8.0,400
173,1987,3,NW,sum_area_km2,602.588527966845,400
174,1987,4,NW,activity_degC_days_m2,0.0,400
175,1987,4,NW,mean_intensity_degC,,400
176,1987,5,NW,activity_degC_days_m2,0.0,400
177,1987,5,NW,mean_intensity_degC,,400
178,1987,6,NW,activity_degC_days_m2,0.0,400
179,1987,6,NW,mean_intensity_degC,,400
180,1987,7,NW,activity_degC_days_m2,0.0,400
181,1987,7,NW,mean_intensity_degC,,400
182,1987,8,NW,activity_degC_days_m2,0.0,400
183,1987,8,NW,mean_intensity_degC,,400
184,1987,9,NW,activity_degC_days_m2,20332983471.30605,400
185,1987,9,NW,mean_area_km2,71.03473370870176,400
186,1987,9,NW,mean_duration_days,5.2,400
187,1987,9,NW,mean_intensity_degC,1.7870235443115234,400
188,1987,9,NW,number_of_events,5.0,400
189,1987,9,NW,sum_area_km2,355.17366854350877,400
190,1987,10,NW,activity_degC_days_m2,6761800157.974371,400
191,1987,10,NW,mean_intensity_degC,1.6268954277038574,400
192,1987,11,NW,activity_degC_days_m2,0.0,400
193,1987,11,NW,mean_intensity_degC,,400
194,1987,12,NW,activity_degC_days_m2,0.0,400
195,1987,12,NW,mean_intensity_degC,,400
196,1988,1,NW,activity_degC_days_m2,0.0,400
197,1988,1,NW,mean_intensity_degC,,400
198,1988,2,NW,activity_degC_days_m2,0.0,400
199,1988,2,NW,mean_intensity_degC,,400
200,1988,3,NW,activity_degC_days_m2,17037222784.299189,400
201,1988,3,NW,mean_area_km2,84.4585738357571,400
202,1988,3,NW,mean_duration_days,5.0,400
203,1988,3,NW,mean_intensity_degC,1.151103138923645,400
204,1988,3,NW,number_of_events,5.0,400
205,1988,3,NW,sum_area_km2,422.29286917878545,400
206,1988,4,NW,activity_degC_days_m2,0.0,400
207,1988,4,NW,mean_intensity_degC,,400
208,1988,5,NW,activity_degC_days_m2,0.0,400
209,1988,5,NW,mean_intensity_degC,,400
210,1988,6,NW,activity_degC_days_m2,6034207914.769803,400
211,1988,6,NW,mean_area_km2,89.15451550496645,400
212,1988,6,NW,mean_duration_days,5.0,400
213,1988,6,NW,mean_intensity_degC,2.0732250213623047,400
214,1988,6,NW,number_of_events,1.0,400
215,1988,6,NW,sum_area_km2,89.15451550496645,400
216,1988,7,NW,activity_degC_days_m2,4736208700.0783825,400
217,1988,7,NW,mean_area_km2,95.84966563786588,400
218,1988,7,NW,mean_duration_days,5.0,400
219,1988,7,NW,mean_intensity_degC,1.6398169994354248,400
220,1988,7,NW,number_of_events,1.0,400
221,1988,7,NW,sum_area_km2,95.84966563786588,400
222,1988,8,NW,activity_degC_days_m2,0.0,400
223,1988,8,NW,mean_intensity_degC,,400
224,1988,9,NW,activity_degC_days_m2,0.0,400
225,1988,9,NW,mean_intensity_degC,,400
226,1988,10,NW,activity_degC_days_m2,0.0,400
227,1988,10,NW,mean_intensity_degC,,400
228,1988,11,NW,activity_degC_days_m2,103362091814.23656,400
229,1988,11,NW,mean_area_km2,71.81866404779781,400
230,1988,11,NW,mean_duration_days,9.833333333333334,400
231,1988,11,NW,mean_intensity_degC,1.5549205541610718,400
232,1988,11,NW,number_of_events,12.0,400
233,1988,11,NW,sum_area_km2,861.8239685735738,400
234,1988,12,NW,activity_degC_days_m2,8374683609.201977,400
235,1988,12,NW,mean_intensity_degC,1.2599422931671145,400
236,1989,1,NW,activity_degC_days_m2,5501910528.018648,400
237,1989,1,NW,mean_area_km2,94.17631837311566,400
238,1989,1,NW,mean_duration_days,5.0,400
239,1989,1,NW,mean_intensity_degC,0.9507481455802916,400
240,1989,1,NW,number_of_events,2.0,400
241,1989,1,NW,sum_area_km2,188.35263674623133,400
242,1989,2,NW,activity_degC_days_m2,11408851300.212358,400
243,1989,2,NW,mean_area_km2,73.49064072031774,400
244,1989,2,NW,mean_duration_days,6.333333333333333,400
245,1989,2,NW,mean_intensity_degC,1.0275508165359497,400
246,1989,2,NW,number_of_events,3.0,400
247,1989,2,NW,sum_area_km2,220.47192216095323,400
248,1989,3,NW,activity_degC_days_m2,15151294704.18602,400
249,1989,3,NW,mean_area_km2,64.83100072641079,400
250,1989,3,NW,mean_duration_days,6.0,400
251,1989,3,NW,mean_intensity_degC,1.036534309387207,400
252,1989,3,NW,number_of_events,4.0,400
253,1989,3,NW,sum_area_km2,259.32400290564317,400
254,1989,4,NW,activity_degC_days_m2,0.0,400
255,1989,4,NW,mean_intensity_degC,,400
256,1989,5,NW,activity_degC_days_m2,41302964837.91681,400
257,1989,5,NW,mean_area_km2,93.17195779948588,400
258,1989,5,NW,mean_duration_days,8.8,400
259,1989,5,NW,mean_intensity_degC,1.8171910047531128,400
260,1989,5,NW,number_of_events,5.0,400
261,1989,5,NW,sum_area_km2,465.85978899742935,400
262,1989,6,NW,activity_degC_days_m2,73398762839.98546,400
263,1989,6,NW,mean_area_km2,86.47046631476482,400
264,1989,6,NW,mean_duration_days,6.1,400
265,1989,6,NW,mean_intensity_degC,1.7420066595077517,400
266,1989,6,NW,number_of_events,10.0,400
267,1989,6,NW,sum_area_km2,864.7046631476483,400
268,1989,7,NW,activity_degC_days_m2,22378444578.26822,400
269,1989,7,NW,mean_area_km2,70.70853945991124,400
270,1989,7,NW,mean_duration_days,32.0,400
271,1989,7,NW,mean_intensity_degC,1.44424307346344,400
272,1989,7,NW,number_of_events,8.0,400
273,1989,7,NW,sum_area_km2,565.6683156792899,400
274,1989,8,NW,activity_degC_days_m2,763972028517.5808,400
275,1989,8,NW,mean_area_km2,79.54894159706049,400
276,1989,8,NW,mean_duration_days,21.545454545454547,400
277,1989,8,NW,mean_intensity_degC,1.793346285820007,400
278,1989,8,NW,number_of_events,22.0,400
279,1989,8,NW,sum_area_km2,1750.0767151353307,400
280,1989,9,NW,activity_degC_days_m2,0.0,400
281,1989,9,NW,mean_intensity_degC,,400
282,1989,10,NW,activity_degC_days_m2,6579059303.158409,400
283,1989,10,NW,mean_area_km2,62.311128261543374,400
284,1989,10,NW,mean_duration_days,6.0,400
285,1989,10,NW,mean_intensity_degC,1.829066276550293,400
286,1989,10,NW,number_of_events,2.0,400
287,1989,10,NW,sum_area_km2,124.62225652308676,400
288,1989,11,NW,activity_degC_days_m2,5460328387.784783,400
289,1989,11,NW,mean_intensity_degC,1.518044114112854,400
290,1989,12,NW,activity_degC_days_m2,164559202976.74094,400
291,1989,12,NW,mean_area_km2,77.15053655371479,400
292,1989,12,NW,mean_duration_days,10.947368421052632,400
293,1989,12,NW,mean_intensity_degC,1.332692265510559,400
294,1989,12,NW,number_of_events,19.0,400
295,1989,12,NW,sum_area_km2,1465.8601945205808,400
296,1990,1,NW,activity_degC_days_m2,166639057621.70795,400
297,1990,1,NW,mean_area_km2,81.16678387394548,400
298,1990,1,NW,mean_duration_days,13.470588235294118,400
299,1990,1,NW,mean_intensity_degC,1.1135308742523191,400
300,1990,1,NW,number_of_events,34.0,400
301,1990,1,NW,sum_area_km2,2759.670651714146,400
302,1990,2,NW,activity_degC_days_m2,331724383199.35785,400
303,1990,2,NW,mean_area_km2,76.90407118131186,400
304,1990,2,NW,mean_duration_days,14.173913043478262,400
305,1990,2,NW,mean_intensity_degC,1.2142459154129028,400
306,1990,2,NW,number_of_events,23.0,400
307,1990,2,NW,sum_area_km2,1768.793637170173,400
308,1990,3,NW,activity_degC_days_m2,202181271144.5429,400
309,1990,3,NW,mean_area_km2,76.0565520822479,400
310,1990,3,NW,mean_duration_days,8.19047619047619,400
311,1990,3,NW,mean_intensity_degC,1.1657769680023191,400
312,1990,3,NW,number_of_events,21.0,400
313,1990,3,NW,sum_area_km2,1597.187593727206,400
314,1990,4,NW,activity_degC_days_m2,0.0,400
315,1990,4,NW,mean_intensity_degC,,400
316,1990,5,NW,activity_degC_days_m2,97795065471.95177,400
317,1990,5,NW,mean_area_km2,82.75187294954927,400
318,1990,5,NW,mean_duration_days,9.272727272727272,400
319,1990,5,NW,mean_intensity_degC,1.6727027893066406,400
320,1990,5,NW,number_of_events,11.0,400
321,1990,5,NW,sum_area_km2,910.270602445042,400
322,1990,6,NW,activity_degC_days_m2,1003016091.0845616,400
323,1990,6,NW,mean_intensity_degC,1.685136795043945,400
324,1990,7,NW,activity_degC_days_m2,364455452146.5231,400
325,1990,7,NW,mean_area_km2,77.47291928957752,400
326,1990,7,NW,mean_duration_days,15.06896551724138,400
327,1990,7,NW,mean_intensity_degC,1.718558669090271,400
328,1990,7,NW,number_of_events,29.0,400
329,1990,7,NW,sum_area_km2,2246.714659397748,400
330,1990,8,NW,activity_degC_days_m2,162228359430.6775,400
331,1990,8,NW,mean_area_km2,69.02905722023768,400
332,1990,8,NW,mean_duration_days,7.1,400
333,1990,8,NW,mean_intensity_degC,1.6743175983428955,400
334,1990,8,NW,number_of_events,10.0,400
335,1990,8,NW,sum_area_km2,690.2905722023768,400
336,1990,9,NW,activity_degC_days_m2,0.0,400
337,1990,9,NW,mean_intensity_degC,,400
338,1990,10,NW,activity_degC_days_m2,0.0,400
339,1990,10,NW,mean_intensity_degC,,400
340,1990,11,NW,activity_degC_days_m2,0.0,400
341,1990,11,NW,mean_intensity_degC,,400
342,1990,12,NW,activity_degC_days_m2,0.0,400
343,1990,12,NW,mean_intensity_degC,,400
344,1991,1,NW,activity_degC_days_m2,0.0,400
345,1991,1,NW,mean_intensity_degC,,400
346,1991,2,NW,activity_degC_days_m2,0.0,400
347,1991,2,NW,mean_intensity_degC,,400
348,1991,3,NW,activity_degC_days_m2,0.0,400
349,1991,3,NW,mean_intensity_degC,,400
350,1991,4,NW,activity_degC_days_m2,0.0,400
351,1991,4,NW,mean_intensity_degC,,400
352,1991,5,NW,activity_degC_days_m2,0.0,400
353,1991,5,NW,mean_intensity_degC,,400
354,1991,6,NW,activity_degC_days_m2,0.0,400
355,1991,6,NW,mean_intensity_degC,,400
356,1991,7,NW,activity_degC_days_m2,0.0,400
357,1991,7,NW,mean_intensity_degC,,400
358,1991,8,NW,activity_degC_days_m2,33748650440.8118,400
359,1991,8,NW,mean_area_km2,77.02869402011048,400
360,1991,8,NW,mean_duration_days,25.26923076923077,400
361,1991,8,NW,mean_intensity_degC,1.7557637691497805,400
362,1991,8,NW,number_of_events,26.0,400
363,1991,8,NW,sum_area_km2,2002.7460445228724,400
364,1991,9,NW,activity_degC_days_m2,839232322377.6404,400
365,1991,9,NW,mean_area_km2,81.6052977439626,400
366,1991,9,NW,mean_duration_days,17.25,400
367,1991,9,NW,mean_intensity_degC,2.0375819206237793,400
368,1991,9,NW,number_of_events,4.0,400
369,1991,9,NW,sum_area_km2,326.4211909758504,400
370,1991,10,NW,activity_degC_days_m2,0.0,400
371,1991,10,NW,mean_intensity_degC,,400
372,1991,11,NW,activity_degC_days_m2,0.0,400
373,1991,11,NW,mean_intensity_degC,,400
374,1991,12,NW,activity_degC_days_m2,0.0,400
375,1991,12,NW,mean_intensity_degC,,400
376,1992,1,NW,activity_degC_days_m2,0.0,400
377,1992,1,NW,mean_intensity_degC,,400
378,1992,2,NW,activity_degC_days_m2,0.0,400
379,1992,2,NW,mean_intensity_degC,,400
380,1992,3,NW,activity_degC_days_m2,0.0,400
381,1992,3,NW,mean_intensity_degC,,400
382,1992,4,NW,activity_degC_days_m2,0.0,400
383,1992,4,NW,mean_intensity_degC,,400
384,1992,5,NW,activity_degC_days_m2,0.0,400
385,1992,5,NW,mean_intensity_degC,,400
386,1992,6,NW,activity_degC_days_m2,0.0,400
387,1992,6,NW,mean_intensity_degC,,400
388,1992,7,NW,activity_degC_days_m2,0.0,400
389,1992,7,NW,mean_intensity_degC,,400
390,1992,8,NW,activity_degC_days_m2,0.0,400
391,1992,8,NW,mean_intensity_degC,,400
392,1992,9,NW,activity_degC_days_m2,0.0,400
393,1992,9,NW,mean_intensity_degC,,400
394,1992,10,NW,activity_degC_days_m2,0.0,400
395,1992,10,NW,mean_intensity_degC,,400
396,1992,11,NW,activity_degC_days_m2,0.0,400
397,1992,11,NW,mean_intensity_degC,,400
398,1992,12,NW,activity_degC_days_m2,0.0,400
399,1992,12,NW,mean_intensity_degC,,400
400,1993,1,NW,activity_degC_days_m2,0.0,400
401,1993,1,NW,mean_intensity_degC,,400
402,1993,2,NW,activity_degC_days_m2,0.0,400
403,1993,2,NW,mean_intensity_degC,,400
404,1993,3,NW,activity_degC_days_m2,0.0,400
405,1993,3,NW,mean_intensity_degC,,400
406,1993,4,NW,activity_degC_days_m2,0.0,400
407,1993,4,NW,mean_intensity_degC,,400
408,1993,5,NW,activity_degC_days_m2,0.0,400
409,1993,5,NW,mean_intensity_degC,,400
410,1993,6,NW,activity_degC_days_m2,70705319697.97147,400
411,1993,6,NW,mean_area_km2,76.22039697930978,400
412,1993,6,NW,mean_duration_days,5.714285714285714,400
413,1993,6,NW,mean_intensity_degC,1.4598928689956665,400
414,1993,6,NW,number_of_events,14.0,400
415,1993,6,NW,sum_area_km2,1067.0855577103368,400
416,1993,7,NW,activity_degC_days_m2,0.0,400
417,1993,7,NW,mean_intensity_degC,,400
418,1993,8,NW,activity_degC_days_m2,0.0,400
419,1993,8,NW,mean_intensity_degC,,400
420,1993,9,NW,activity_degC_days_m2,0.0,400
421,1993,9,NW,mean_intensity_degC,,400
422,1993,10,NW,activity_degC_days_m2,0.0,400
423,1993,10,NW,mean_intensity_degC,,400
424,1993,11,NW,activity_degC_days_m2,0.0,400
425,1993,11,NW,mean_intensity_degC,,400
426,1993,12,NW,activity_degC_days_m2,0.0,400
427,1993,12,NW,mean_intensity_degC,,400
428,1994,1,NW,activity_degC_days_m2,0.0,400
429,1994,1,NW,mean_intensity_degC,,400
430,1994,2,NW,activity_degC_days_m2,0.0,400
431,1994,2,NW,mean_intensity_degC,,400
432,1994,3,NW,activity_degC_days_m2,0.0,400
433,1994,3,NW,mean_intensity_degC,,400
434,1994,4,NW,activity_degC_days_m2,0.0,400
435,1994,4,NW,mean_intensity_degC,,400
436,1994,5,NW,activity_degC_days_m2,0.0,400
437,1994,5,NW,mean_intensity_degC,,400
438,1994,6,NW,activity_degC_days_m2,99487609520.83078,400
439,1994,6,NW,mean_area_km2,76.44537955492186,400
440,1994,6,NW,mean_duration_days,5.684210526315789,400
441,1994,6,NW,mean_intensity_degC,1.5603538751602173,400
442,1994,6,NW,number_of_events,19.0,400
443,1994,6,NW,sum_area_km2,1452.4622115435152,400
444,1994,7,NW,activity_degC_days_m2,2817314289.171272,400
445,1994,7,NW,mean_area_km2,72.38805366641968,400
446,1994,7,NW,mean_duration_days,5.0,400
447,1994,7,NW,mean_intensity_degC,0.9500983953475952,400
448,1994,7,NW,number_of_events,1.0,400
449,1994,7,NW,sum_area_km2,72.38805366641968,400
450,1994,8,NW,activity_degC_days_m2,0.0,400
451,1994,8,NW,mean_intensity_degC,,400
452,1994,9,NW,activity_degC_days_m2,0.0,400
453,1994,9,NW,mean_intensity_degC,,400
454,1994,10,NW,activity_degC_days_m2,0.0,400
455,1994,10,NW,mean_intensity_degC,,400
456,1994,11,NW,activity_degC_days_m2,0.0,400
457,1994,11,NW,mean_intensity_degC,,400
458,1994,12,NW,activity_degC_days_m2,26081673953.9084,400
459,1994,12,NW,mean_area_km2,94.73410079469924,400
460,1994,12,NW,mean_duration_days,11.0,400
461,1994,12,NW,mean_intensity_degC,1.3341643810272217,400
462,1994,12,NW,number_of_events,3.0,400
463,1994,12,NW,sum_area_km2,284.2023023840978,400
464,1995,1,NW,activity_degC_days_m2,20927285859.64867,400
465,1995,1,NW,mean_area_km2,84.12793545842429,400
466,1995,1,NW,mean_duration_days,5.0,400
467,1995,1,NW,mean_intensity_degC,1.1918013095855713,400
468,1995,1,NW,number_of_events,6.0,400
469,1995,1,NW,sum_area_km2,504.76761275054577,400
470,1995,2,NW,activity_degC_days_m2,0.0,400
471,1995,2,NW,mean_intensity_degC,,400
472,1995,3,NW,activity_degC_days_m2,6738302857.725339,400
473,1995,3,NW,mean_area_km2,95.84966563786614,400
474,1995,3,NW,mean_duration_days,5.0,400
475,1995,3,NW,mean_intensity_degC,1.1665009260177612,400
476,1995,3,NW,number_of_events,2.0,400
477,1995,3,NW,sum_area_km2,191.69933127573228,400
478,1995,4,NW,activity_degC_days_m2,0.0,400
479,1995,4,NW,mean_intensity_degC,,400
480,1995,5,NW,activity_degC_days_m2,0.0,400
481,1995,5,NW,mean_intensity_degC,,400
482,1995,6,NW,activity_degC_days_m2,0.0,400
483,1995,6,NW,mean_intensity_degC,,400
484,1995,7,NW,activity_degC_days_m2,413393387824.7494,400
485,1995,7,NW,mean_area_km2,79.67607144625413,400
486,1995,7,NW,mean_duration_days,16.956521739130434,400
487,1995,7,NW,mean_intensity_degC,1.7609130144119265,400
488,1995,7,NW,number_of_events,23.0,400
489,1995,7,NW,sum_area_km2,1832.5496432638452,400
490,1995,8,NW,activity_degC_days_m2,5994356941.32156,400
491,1995,8,NW,mean_area_km2,62.311128261543374,400
492,1995,8,NW,mean_duration_days,5.0,400
493,1995,8,NW,mean_intensity_degC,1.6665111780166626,400
494,1995,8,NW,number_of_events,2.0,400
495,1995,8,NW,sum_area_km2,124.62225652308676,400
496,1995,9,NW,activity_degC_days_m2,3186432000.8248625,400
497,1995,9,NW,mean_intensity_degC,1.328805923461914,400
498,1995,10,NW,activity_degC_days_m2,0.0,400
499,1995,10,NW,mean_intensity_degC,,400
500,1995,11,NW,activity_degC_days_m2,72794174115.00223,400
501,1995,11,NW,mean_area_km2,67.90961609833803,400
502,1995,11,NW,mean_duration_days,6.583333333333333,400
503,1995,11,NW,mean_intensity_degC,1.5258833169937134,400
504,1995,11,NW,number_of_events,12.0,400
505,1995,11,NW,sum_area_km2,814.9153931800564,400
506,1995,12,NW,activity_degC_days_m2,129766862133.00015,400
507,1995,12,NW,mean_area_km2,77.47291928957752,400
508,1995,12,NW,mean_duration_days,24.20689655172414,400
509,1995,12,NW,mean_intensity_degC,1.1826077699661257,400
510,1995,12,NW,number_of_events,29.0,400
511,1995,12,NW,sum_area_km2,2246.714659397748,400
512,1996,1,NW,activity_degC_days_m2,386309539527.7559,400
513,1996,1,NW,mean_area_km2,86.5746907254483,400
514,1996,1,NW,mean_duration_days,6.384615384615385,400
515,1996,1,NW,mean_intensity_degC,1.188761830329895,400
516,1996,1,NW,number_of_events,13.0,400
517,1996,1,NW,sum_area_km2,1125.470979430828,400
518,1996,2,NW,activity_degC_days_m2,42948058969.03428,400
519,1996,2,NW,mean_area_km2,65.67137496568373,400
520,1996,2,NW,mean_duration_days,8.0,400
521,1996,2,NW,mean_intensity_degC,1.122950315475464,400
522,1996,2,NW,number_of_events,1.0,400
523,1996,2,NW,sum_area_km2,65.67137496568373,400
524,1996,3,NW,activity_degC_days_m2,0.0,400
525,1996,3,NW,mean_intensity_degC,,400
526,1996,4,NW,activity_degC_days_m2,5196417368.051129,400
527,1996,4,NW,mean_area_km2,89.15451550496665,400
528,1996,4,NW,mean_duration_days,5.0,400
529,1996,4,NW,mean_intensity_degC,1.785378098487854,400
530,1996,4,NW,number_of_events,1.0,400
531,1996,4,NW,sum_area_km2,89.15451550496665,400
532,1996,5,NW,activity_degC_days_m2,0.0,400
533,1996,5,NW,mean_intensity_degC,,400
534,1996,6,NW,activity_degC_days_m2,0.0,400
535,1996,6,NW,mean_intensity_degC,,400
536,1996,7,NW,activity_degC_days_m2,0.0,400
537,1996,7,NW,mean_intensity_degC,,400
538,1996,8,NW,activity_degC_days_m2,0.0,400
539,1996,8,NW,mean_intensity_degC,,400
540,1996,9,NW,activity_degC_days_m2,0.0,400
541,1996,9,NW,mean_intensity_degC,,400
542,1996,10,NW,activity_degC_days_m2,0.0,400
543,1996,10,NW,mean_intensity_degC,,400
544,1996,11,NW,activity_degC_days_m2,0.0,400
545,1996,11,NW,mean_intensity_degC,,400
546,1996,12,NW,activity_degC_days_m2,0.0,400
547,1996,12,NW,mean_intensity_degC,,400
548,1997,1,NW,activity_degC_days_m2,0.0,400
549,1997,1,NW,mean_intensity_degC,,400
550,1997,2,NW,activity_degC_days_m2,69882214558.11232,400
551,1997,2,NW,mean_area_km2,73.45233126965509,400
552,1997,2,NW,mean_duration_days,71.0909090909091,400
553,1997,2,NW,mean_intensity_degC,1.087898850440979,400
554,1997,2,NW,number_of_events,22.0,400
555,1997,2,NW,sum_area_km2,1615.951287932412,400
556,1997,3,NW,activity_degC_days_m2,831599013554.6302,400
557,1997,3,NW,mean_area_km2,89.98973587128783,400
558,1997,3,NW,mean_duration_days,57.625,400
559,1997,3,NW,mean_intensity_degC,1.6289994716644287,400
560,1997,3,NW,number_of_events,8.0,400
561,1997,3,NW,sum_area_km2,719.9178869703027,400
562,1997,4,NW,activity_degC_days_m2,993498832597.0702,400
563,1997,4,NW,mean_area_km2,85.80109550027466,400
564,1997,4,NW,mean_duration_days,9.0,400
565,1997,4,NW,mean_intensity_degC,1.9577319622039795,400
566,1997,4,NW,number_of_events,2.0,400
567,1997,4,NW,sum_area_km2,171.6021910005493,400
568,1997,5,NW,activity_degC_days_m2,301589265829.1535,400
569,1997,5,NW,mean_area_km2,63.43121049625687,400
570,1997,5,NW,mean_duration_days,13.333333333333334,400
571,1997,5,NW,mean_intensity_degC,1.7432501316070557,400
572,1997,5,NW,number_of_events,3.0,400
573,1997,5,NW,sum_area_km2,190.2936314887706,400
574,1997,6,NW,activity_degC_days_m2,108205540488.99916,400
575,1997,6,NW,mean_area_km2,80.20675700286769,400
576,1997,6,NW,mean_duration_days,5.733333333333333,400
577,1997,6,NW,mean_intensity_degC,1.5087919235229492,400
578,1997,6,NW,number_of_events,15.0,400
579,1997,6,NW,sum_area_km2,1203.1013550430152,400
580,1997,7,NW,activity_degC_days_m2,0.0,400
581,1997,7,NW,mean_intensity_degC,,400
582,1997,8,NW,activity_degC_days_m2,10987420835.560154,400
583,1997,8,NW,mean_area_km2,94.17631837311544,400
584,1997,8,NW,mean_duration_days,6.0,400
585,1997,8,NW,mean_intensity_degC,1.5819464921951294,400
586,1997,8,NW,number_of_events,2.0,400
587,1997,8,NW,sum_area_km2,188.3526367462309,400
588,1997,9,NW,activity_degC_days_m2,828315482.1173563,400
589,1997,9,NW,mean_area_km2,79.09921989218388,400
590,1997,9,NW,mean_duration_days,6.0,400
591,1997,9,NW,mean_intensity_degC,1.4069976806640625,400
592,1997,9,NW,number_of_events,1.0,400
593,1997,9,NW,sum_area_km2,79.09921989218388,400
594,1997,10,NW,activity_degC_days_m2,149183708529.07495,400
595,1997,10,NW,mean_area_km2,82.75311952388276,400
596,1997,10,NW,mean_duration_days,6.590909090909091,400
597,1997,10,NW,mean_intensity_degC,1.6636276245117188,400
598,1997,10,NW,number_of_events,22.0,400
599,1997,10,NW,sum_area_km2,1820.5686295254209,400
600,1997,11,NW,activity_degC_days_m2,39639933928.1793,400
601,1997,11,NW,mean_area_km2,92.98056716289452,400
602,1997,11,NW,mean_duration_days,5.857142857142857,400
603,1997,11,NW,mean_intensity_degC,1.5167477130889893,400
604,1997,11,NW,number_of_events,7.0,400
605,1997,11,NW,sum_area_km2,650.8639701402618,400
606,1997,12,NW,activity_degC_days_m2,63508983354.04505,400
607,1997,12,NW,mean_area_km2,84.2780307181402,400
608,1997,12,NW,mean_duration_days,7.727272727272728,400
609,1997,12,NW,mean_intensity_degC,1.2243942022323608,400
610,1997,12,NW,number_of_events,11.0,400
611,1997,12,NW,sum_area_km2,927.0583378995424,400
612,1998,1,NW,activity_degC_days_m2,144723490212.82227,400
613,1998,1,NW,mean_area_km2,82.78392999600213,400
614,1998,1,NW,mean_duration_days,10.85,400
615,1998,1,NW,mean_intensity_degC,1.0602461099624634,400
616,1998,1,NW,number_of_events,20.0,400
617,1998,1,NW,sum_area_km2,1655.6785999200424,400
618,1998,2,NW,activity_degC_days_m2,314204725281.2891,400
619,1998,2,NW,mean_area_km2,77.47291928957752,400
620,1998,2,NW,mean_duration_days,15.06896551724138,400
621,1998,2,NW,mean_intensity_degC,1.1412445306777954,400
622,1998,2,NW,number_of_events,29.0,400
623,1998,2,NW,sum_area_km2,2246.714659397748,400
624,1998,3,NW,activity_degC_days_m2,543368970687.0421,400
625,1998,3,NW,mean_area_km2,75.73792102558181,400
626,1998,3,NW,mean_duration_days,18.47619047619047,400
627,1998,3,NW,mean_intensity_degC,1.342867374420166,400
628,1998,3,NW,number_of_events,42.0,400
629,1998,3,NW,sum_area_km2,3180.9926830744357,400
630,1998,4,NW,activity_degC_days_m2,81498708214.2941,400
631,1998,4,NW,mean_intensity_degC,1.186354398727417,400
632,1998,5,NW,activity_degC_days_m2,0.0,400
633,1998,5,NW,mean_intensity_degC,,400
634,1998,6,NW,activity_degC_days_m2,0.0,400
635,1998,6,NW,mean_intensity_degC,,400
636,1998,7,NW,activity_degC_days_m2,0.0,400
637,1998,7,NW,mean_intensity_degC,,400
638,1998,8,NW,activity_degC_days_m2,0.0,400
639,1998,8,NW,mean_intensity_degC,,400
640,1998,9,NW,activity_degC_days_m2,0.0,400
641,1998,9,NW,mean_intensity_degC,,400
642,1998,10,NW,activity_degC_days_m2,0.0,400
643,1998,10,NW,mean_intensity_degC,,400
644,1998,11,NW,activity_degC_days_m2,0.0,400
645,1998,11,NW,mean_intensity_degC,,400
646,1998,12,NW,activity_degC_days_m2,0.0,400
647,1998,12,NW,mean_intensity_degC,,400
648,1999,1,NW,activity_degC_days_m2,0.0,400
649,1999,1,NW,mean_intensity_degC,,400
650,1999,2,NW,activity_degC_days_m2,0.0,400
651,1999,2,NW,mean_intensity_degC,,400
652,1999,3,NW,activity_degC_days_m2,0.0,400
653,1999,3,NW,mean_intensity_degC,,400
654,1999,4,NW,activity_degC_days_m2,0.0,400
655,1999,4,NW,mean_intensity_degC,,400
656,1999,5,NW,activity_degC_days_m2,0.0,400
657,1999,5,NW,mean_intensity_degC,,400
658,1999,6,NW,activity_degC_days_m2,21941309523.01254,400
659,1999,6,NW,mean_area_km2,77.42178884142643,400
660,1999,6,NW,mean_duration_days,5.25,400
661,1999,6,NW,mean_intensity_degC,1.738096833229065,400
662,1999,6,NW,number_of_events,4.0,400
663,1999,6,NW,sum_area_km2,309.68715536570573,400
664,1999,7,NW,activity_degC_days_m2,0.0,400
665,1999,7,NW,mean_intensity_degC,,400
666,1999,8,NW,activity_degC_days_m2,296842568530.5535,400
667,1999,8,NW,mean_area_km2,80.2390821702375,400
668,1999,8,NW,mean_duration_days,14.394736842105264,400
669,1999,8,NW,mean_intensity_degC,1.8464308977127075,400
670,1999,8,NW,number_of_events,38.0,400
671,1999,8,NW,sum_area_km2,3049.085122469025,400
672,1999,9,NW,activity_degC_days_m2,355756818017.4104,400
673,1999,9,NW,mean_area_km2,82.45205285629373,400
674,1999,9,NW,mean_duration_days,6.333333333333333,400
675,1999,9,NW,mean_intensity_degC,1.9895977973937988,400
676,1999,9,NW,number_of_events,3.0,400
677,1999,9,NW,sum_area_km2,247.35615856888123,400
678,1999,10,NW,activity_degC_days_m2,0.0,400
679,1999,10,NW,mean_intensity_degC,,400
680,1999,11,NW,activity_degC_days_m2,0.0,400
681,1999,11,NW,mean_intensity_degC,,400
682,1999,12,NW,activity_degC_days_m2,0.0,400
683,1999,12,NW,mean_intensity_degC,,400
684,2000,1,NW,activity_degC_days_m2,0.0,400
685,2000,1,NW,mean_intensity_degC,,400
686,2000,2,NW,activity_degC_days_m2,0.0,400
687,2000,2,NW,mean_intensity_degC,,400
688,2000,3,NW,activity_degC_days_m2,0.0,400
689,2000,3,NW,mean_intensity_degC,,400
690,2000,4,NW,activity_degC_days_m2,0.0,400
691,2000,4,NW,mean_intensity_degC,,400
692,2000,5,NW,activity_degC_days_m2,27413494409.55278,400
693,2000,5,NW,mean_area_km2,76.39859255290058,400
694,2000,5,NW,mean_duration_days,5.2,400
695,2000,5,NW,mean_intensity_degC,1.754702091217041,400
696,2000,5,NW,number_of_events,5.0,400
697,2000,5,NW,sum_area_km2,381.99296276450286,400
698,2000,6,NW,activity_degC_days_m2,17465890955.178146,400
699,2000,6,NW,mean_area_km2,74.43591483461071,400
700,2000,6,NW,mean_duration_days,8.0,400
701,2000,6,NW,mean_intensity_degC,1.236714482307434,400
702,2000,6,NW,number_of_events,18.0,400
703,2000,6,NW,sum_area_km2,1339.8464670229928,400
704,2000,7,NW,activity_degC_days_m2,118366866542.74384,400
705,2000,7,NW,mean_area_km2,62.31112826154316,400
706,2000,7,NW,mean_duration_days,5.0,400
707,2000,7,NW,mean_intensity_degC,1.5674564838409424,400
708,2000,7,NW,number_of_events,1.0,400
709,2000,7,NW,sum_area_km2,62.31112826154316,400
710,2000,8,NW,activity_degC_days_m2,0.0,400
711,2000,8,NW,mean_intensity_degC,,400
712,2000,9,NW,activity_degC_days_m2,0.0,400
713,2000,9,NW,mean_intensity_degC,,400
714,2000,10,NW,activity_degC_days_m2,0.0,400
715,2000,10,NW,mean_intensity_degC,,400
716,2000,11,NW,activity_degC_days_m2,0.0,400
717,2000,11,NW,mean_intensity_degC,,400
718,2000,12,NW,activity_degC_days_m2,0.0,400
719,2000,12,NW,mean_intensity_degC,,400
720,2001,1,NW,activity_degC_days_m2,0.0,400
721,2001,1,NW,mean_intensity_degC,,400
722,2001,2,NW,activity_degC_days_m2,0.0,400
723,2001,2,NW,mean_intensity_degC,,400
724,2001,3,NW,activity_degC_days_m2,3026191299.2529535,400
725,2001,3,NW,mean_area_km2,84.12846933834865,400
726,2001,3,NW,mean_duration_days,5.0,400
727,2001,3,NW,mean_intensity_degC,1.7291748523712158,400
728,2001,3,NW,number_of_events,2.0,400
729,2001,3,NW,sum_area_km2,168.2569386766973,400
730,2001,4,NW,activity_degC_days_m2,4874295292.95869,400
731,2001,4,NW,mean_intensity_degC,1.1715747117996216,400
732,2001,5,NW,activity_degC_days_m2,0.0,400
733,2001,5,NW,mean_intensity_degC,,400
734,2001,6,NW,activity_degC_days_m2,0.0,400
735,2001,6,NW,mean_intensity_degC,,400
736,2001,7,NW,activity_degC_days_m2,0.0,400
737,2001,7,NW,mean_intensity_degC,,400
738,2001,8,NW,activity_degC_days_m2,5807066105.459381,400
739,2001,8,NW,mean_area_km2,89.15451550496645,400
740,2001,8,NW,mean_duration_days,6.0,400
741,2001,8,NW,mean_intensity_degC,1.6626533269882202,400
742,2001,8,NW,number_of_events,1.0,400
743,2001,8,NW,sum_area_km2,89.15451550496645,400
744,2001,9,NW,activity_degC_days_m2,0.0,400
745,2001,9,NW,mean_intensity_degC,,400
746,2001,10,NW,activity_degC_days_m2,0.0,400
747,2001,10,NW,mean_intensity_degC,,400
748,2001,11,NW,activity_degC_days_m2,0.0,400
749,2001,11,NW,mean_intensity_degC,,400
750,2001,12,NW,activity_degC_days_m2,0.0,400
751,2001,12,NW,mean_intensity_degC,,400
752,2002,1,NW,activity_degC_days_m2,132389732074.11227,400
753,2002,1,NW,mean_area_km2,67.14004838818737,400
754,2002,1,NW,mean_duration_days,13.25,400
755,2002,1,NW,mean_intensity_degC,1.063443660736084,400
756,2002,1,NW,number_of_events,16.0,400
757,2002,1,NW,sum_area_km2,1074.240774210998,400
758,2002,2,NW,activity_degC_days_m2,68704885652.903656,400
759,2002,2,NW,mean_area_km2,69.77549377120366,400
760,2002,2,NW,mean_duration_days,10.666666666666666,400
761,2002,2,NW,mean_intensity_degC,1.0094325542449951,400
762,2002,2,NW,number_of_events,9.0,400
763,2002,2,NW,sum_area_km2,627.9794439408329,400
764,2002,3,NW,activity_degC_days_m2,95860300882.86722,400
765,2002,3,NW,mean_area_km2,74.69012694336206,400
766,2002,3,NW,mean_duration_days,8.375,400
767,2002,3,NW,mean_intensity_degC,1.2209500074386597,400
768,2002,3,NW,number_of_events,16.0,400
769,2002,3,NW,sum_area_km2,1195.042031093793,400
770,2002,4,NW,activity_degC_days_m2,0.0,400
771,2002,4,NW,mean_intensity_degC,,400
772,2002,5,NW,activity_degC_days_m2,0.0,400
773,2002,5,NW,mean_intensity_degC,,400
774,2002,6,NW,activity_degC_days_m2,0.0,400
775,2002,6,NW,mean_intensity_degC,,400
776,2002,7,NW,activity_degC_days_m2,0.0,400
777,2002,7,NW,mean_intensity_degC,,400
778,2002,8,NW,activity_degC_days_m2,0.0,400
779,2002,8,NW,mean_intensity_degC,,400
780,2002,9,NW,activity_degC_days_m2,6740024122.103056,400
781,2002,9,NW,mean_area_km2,83.28184148844308,400
782,2002,9,NW,mean_duration_days,11.0,400
783,2002,9,NW,mean_intensity_degC,1.6212701797485352,400
784,2002,9,NW,number_of_events,4.0,400
785,2002,9,NW,sum_area_km2,333.1273659537723,400
786,2002,10,NW,activity_degC_days_m2,151262563322.37415,400
787,2002,10,NW,mean_area_km2,82.8966129284036,400
788,2002,10,NW,mean_duration_days,6.8,400
789,2002,10,NW,mean_intensity_degC,1.790744066238403,400
790,2002,10,NW,number_of_events,15.0,400
791,2002,10,NW,sum_area_km2,1243.449193926054,400
792,2002,11,NW,activity_degC_days_m2,0.0,400
793,2002,11,NW,mean_intensity_degC,,400
794,2002,12,NW,activity_degC_days_m2,0.0,400
795,2002,12,NW,mean_intensity_degC,,400
796,2003,1,NW,activity_degC_days_m2,0.0,400
797,2003,1,NW,mean_intensity_degC,,400
798,2003,2,NW,activity_degC_days_m2,0.0,400
799,2003,2,NW,mean_intensity_degC,,400
800,2003,3,NW,activity_degC_days_m2,3074691430.0982447,400
801,2003,3,NW,mean_area_km2,92.50297110836502,400
802,2003,3,NW,mean_duration_days,5.0,400
803,2003,3,NW,mean_intensity_degC,1.060448408126831,400
804,2003,3,NW,number_of_events,1.0,400
805,2003,3,NW,sum_area_km2,92.50297110836502,400
806,2003,4,NW,activity_degC_days_m2,0.0,400
807,2003,4,NW,mean_intensity_degC,,400
808,2003,5,NW,activity_degC_days_m2,0.0,400
809,2003,5,NW,mean_intensity_degC,,400
810,2003,6,NW,activity_degC_days_m2,0.0,400
811,2003,6,NW,mean_intensity_degC,,400
812,2003,7,NW,activity_degC_days_m2,0.0,400
813,2003,7,NW,mean_intensity_degC,,400
814,2003,8,NW,activity_degC_days_m2,150482945528.37186,400
815,2003,8,NW,mean_area_km2,80.76779958456501,400
816,2003,8,NW,mean_duration_days,7.8,400
817,2003,8,NW,mean_intensity_degC,1.690842866897583,400
818,2003,8,NW,number_of_events,30.0,400
819,2003,8,NW,sum_area_km2,2423.0339875369505,400
820,2003,9,NW,activity_degC_days_m2,251283241632.87085,400
821,2003,9,NW,mean_area_km2,76.21556297661111,400
822,2003,9,NW,mean_duration_days,9.19047619047619,400
823,2003,9,NW,mean_intensity_degC,1.898603916168213,400
824,2003,9,NW,number_of_events,21.0,400
825,2003,9,NW,sum_area_km2,1600.5268225088334,400
826,2003,10,NW,activity_degC_days_m2,52154776544.82186,400
827,2003,10,NW,mean_intensity_degC,1.5273106098175049,400
828,2003,11,NW,activity_degC_days_m2,0.0,400
829,2003,11,NW,mean_intensity_degC,,400
830,2003,12,NW,activity_degC_days_m2,0.0,400
831,2003,12,NW,mean_intensity_degC,,400
832,2004,1,NW,activity_degC_days_m2,0.0,400
833,2004,1,NW,mean_intensity_degC,,400
834,2004,2,NW,activity_degC_days_m2,0.0,400
835,2004,2,NW,mean_intensity_degC,,400
836,2004,3,NW,activity_degC_days_m2,0.0,400
837,2004,3,NW,mean_intensity_degC,,400
838,2004,4,NW,activity_degC_days_m2,0.0,400
839,2004,4,NW,mean_intensity_degC,,400
840,2004,5,NW,activity_degC_days_m2,0.0,400
841,2004,5,NW,mean_intensity_degC,,400
842,2004,6,NW,activity_degC_days_m2,417011885267.731,400
843,2004,6,NW,mean_area_km2,79.29458558659297,400
844,2004,6,NW,mean_duration_days,11.727272727272728,400
845,2004,6,NW,mean_intensity_degC,1.897083759307861,400
846,2004,6,NW,number_of_events,33.0,400
847,2004,6,NW,sum_area_km2,2616.7213243575684,400
848,2004,7,NW,activity_degC_days_m2,17189495753.5992,400
849,2004,7,NW,mean_area_km2,82.45257610097515,400
850,2004,7,NW,mean_duration_days,28.0,400
851,2004,7,NW,mean_intensity_degC,1.2162357568740845,400
852,2004,7,NW,number_of_events,1.0,400
853,2004,7,NW,sum_area_km2,82.45257610097515,400
854,2004,8,NW,activity_degC_days_m2,986401372690.5385,400
855,2004,8,NW,mean_area_km2,77.29507440345618,400
856,2004,8,NW,mean_duration_days,24.285714285714285,400
857,2004,8,NW,mean_intensity_degC,2.276827573776245,400
858,2004,8,NW,number_of_events,28.0,400
859,2004,8,NW,sum_area_km2,2164.2620832967727,400
860,2004,9,NW,activity_degC_days_m2,0.0,400
861,2004,9,NW,mean_intensity_degC,,400
862,2004,10,NW,activity_degC_days_m2,0.0,400
863,2004,10,NW,mean_intensity_degC,,400
864,2004,11,NW,activity_degC_days_m2,0.0,400
865,2004,11,NW,mean_intensity_degC,,400
866,2004,12,NW,activity_degC_days_m2,0.0,400
867,2004,12,NW,mean_intensity_degC,,400
868,2005,1,NW,activity_degC_days_m2,0.0,400
869,2005,1,NW,mean_intensity_degC,,400
870,2005,2,NW,activity_degC_days_m2,0.0,400
871,2005,2,NW,mean_intensity_degC,,400
872,2005,3,NW,activity_degC_days_m2,0.0,400
873,2005,3,NW,mean_intensity_degC,,400
874,2005,4,NW,activity_degC_days_m2,0.0,400
875,2005,4,NW,mean_intensity_degC,,400
876,2005,5,NW,activity_degC_days_m2,4635993498.529638,400
877,2005,5,NW,mean_area_km2,75.74435779066894,400
878,2005,5,NW,mean_duration_days,5.0,400
879,2005,5,NW,mean_intensity_degC,1.569156289100647,400
880,2005,5,NW,number_of_events,1.0,400
881,2005,5,NW,sum_area_km2,75.74435779066894,400
882,2005,6,NW,activity_degC_days_m2,33705309917.34694,400
883,2005,6,NW,mean_area_km2,83.19436743217894,400
884,2005,6,NW,mean_duration_days,6.111111111111111,400
885,2005,6,NW,mean_intensity_degC,1.561182141304016,400
886,2005,6,NW,number_of_events,9.0,400
887,2005,6,NW,sum_area_km2,748.7493068896105,400
888,2005,7,NW,activity_degC_days_m2,116308464683.17592,400
889,2005,7,NW,mean_area_km2,75.90757140952915,400
890,2005,7,NW,mean_duration_days,5.85,400
891,2005,7,NW,mean_intensity_degC,1.383736491203308,400
892,2005,7,NW,number_of_events,20.0,400
893,2005,7,NW,sum_area_km2,1518.151428190583,400
894,2005,8,NW,activity_degC_days_m2,46700193130.18576,400
895,2005,8,NW,mean_area_km2,64.23109062777336,400
896,2005,8,NW,mean_duration_days,5.857142857142857,400
897,2005,8,NW,mean_intensity_degC,1.8372230529785156,400
898,2005,8,NW,number_of_events,7.0,400
899,2005,8,NW,sum_area_km2,449.6176343944135,400
900,2005,9,NW,activity_degC_days_m2,0.0,400
901,2005,9,NW,mean_intensity_degC,,400
902,2005,10,NW,activity_degC_days_m2,0.0,400
903,2005,10,NW,mean_intensity_degC,,400
904,2005,11,NW,activity_degC_days_m2,0.0,400
905,2005,11,NW,mean_intensity_degC,,400
906,2005,12,NW,activity_degC_days_m2,0.0,400
907,2005,12,NW,mean_intensity_degC,,400
908,2006,1,NW,activity_degC_days_m2,0.0,400
909,2006,1,NW,mean_intensity_degC,,400
910,2006,2,NW,activity_degC_days_m2,0.0,400
911,2006,2,NW,mean_intensity_degC,,400
912,2006,3,NW,activity_degC_days_m2,0.0,400
913,2006,3,NW,mean_intensity_degC,,400
914,2006,4,NW,activity_degC_days_m2,0.0,400
915,2006,4,NW,mean_intensity_degC,,400
916,2006,5,NW,activity_degC_days_m2,222863353920.8836,400
917,2006,5,NW,mean_area_km2,73.570250630203,400
918,2006,5,NW,mean_duration_days,24.352941176470587,400
919,2006,5,NW,mean_intensity_degC,1.635891675949097,400
920,2006,5,NW,number_of_events,17.0,400
921,2006,5,NW,sum_area_km2,1250.694260713451,400
922,2006,6,NW,activity_degC_days_m2,681373709019.452,400
923,2006,6,NW,mean_area_km2,80.150024652036,400
924,2006,6,NW,mean_duration_days,15.421052631578949,400
925,2006,6,NW,mean_intensity_degC,2.2808117866516113,400
926,2006,6,NW,number_of_events,19.0,400
927,2006,6,NW,sum_area_km2,1522.8504683886838,400
928,2006,7,NW,activity_degC_days_m2,611713188563.357,400
929,2006,7,NW,mean_area_km2,76.49473922325275,400
930,2006,7,NW,mean_duration_days,19.35483870967742,400
931,2006,7,NW,mean_intensity_degC,1.799321532249451,400
932,2006,7,NW,number_of_events,31.0,400
933,2006,7,NW,sum_area_km2,2371.336915920835,400
934,2006,8,NW,activity_degC_days_m2,77626852195.77953,400
935,2006,8,NW,mean_intensity_degC,1.5736483335494995,400
936,2006,9,NW,activity_degC_days_m2,5906185178.073968,400
937,2006,9,NW,mean_area_km2,62.3111282615433,400
938,2006,9,NW,mean_duration_days,13.666666666666666,400
939,2006,9,NW,mean_intensity_degC,1.641998291015625,400
940,2006,9,NW,number_of_events,3.0,400
941,2006,9,NW,sum_area_km2,186.9333847846299,400
942,2006,10,NW,activity_degC_days_m2,689252665553.4259,400
943,2006,10,NW,mean_area_km2,77.04240999951874,400
944,2006,10,NW,mean_duration_days,49.80555555555556,400
945,2006,10,NW,mean_intensity_degC,1.721557378768921,400
946,2006,10,NW,number_of_events,36.0,400
947,2006,10,NW,sum_area_km2,2773.526759982675,400
948,2006,11,NW,activity_degC_days_m2,1132506133150.978,400
949,2006,11,NW,mean_area_km2,62.31112826154364,400
950,2006,11,NW,mean_duration_days,39.0,400
951,2006,11,NW,mean_intensity_degC,2.213012456893921,400
952,2006,11,NW,number_of_events,1.0,400
953,2006,11,NW,sum_area_km2,62.31112826154364,400
954,2006,12,NW,activity_degC_days_m2,393795676255.0356,400
955,2006,12,NW,mean_area_km2,79.61222001763068,400
956,2006,12,NW,mean_duration_days,8.23076923076923,400
957,2006,12,NW,mean_intensity_degC,1.3531967401504517,400
958,2006,12,NW,number_of_events,13.0,400
959,2006,12,NW,sum_area_km2,1034.958860229199,400
960,2007,1,NW,activity_degC_days_m2,234644878134.6902,400
961,2007,1,NW,mean_area_km2,84.0262922688688,400
962,2007,1,NW,mean_duration_days,16.764705882352942,400
963,2007,1,NW,mean_intensity_degC,1.198395848274231,400
964,2007,1,NW,number_of_events,17.0,400
965,2007,1,NW,sum_area_km2,1428.4469685707695,400
966,2007,2,NW,activity_degC_days_m2,15478699307.358644,400
967,2007,2,NW,mean_area_km2,90.82787870673,400
968,2007,2,NW,mean_duration_days,5.75,400
969,2007,2,NW,mean_intensity_degC,1.148731350898743,400
970,2007,2,NW,number_of_events,4.0,400
971,2007,2,NW,sum_area_km2,363.31151482692,400
972,2007,3,NW,activity_degC_days_m2,74688768242.04929,400
973,2007,3,NW,mean_area_km2,81.38754292892762,400
974,2007,3,NW,mean_duration_days,7.157894736842105,400
975,2007,3,NW,mean_intensity_degC,0.9382107853889464,400
976,2007,3,NW,number_of_events,19.0,400
977,2007,3,NW,sum_area_km2,1546.3633156496248,400
978,2007,4,NW,activity_degC_days_m2,0.0,400
979,2007,4,NW,mean_intensity_degC,,400
980,2007,5,NW,activity_degC_days_m2,0.0,400
981,2007,5,NW,mean_intensity_degC,,400
982,2007,6,NW,activity_degC_days_m2,0.0,400
983,2007,6,NW,mean_intensity_degC,,400
984,2007,7,NW,activity_degC_days_m2,4993334122.772051,400
985,2007,7,NW,mean_area_km2,79.08039694970473,400
986,2007,7,NW,mean_duration_days,6.5,400
987,2007,7,NW,mean_intensity_degC,1.41904616355896,400
988,2007,7,NW,number_of_events,4.0,400
989,2007,7,NW,sum_area_km2,316.32158779881894,400
990,2007,8,NW,activity_degC_days_m2,30598679834.376945,400
991,2007,8,NW,mean_area_km2,77.40704968495454,400
992,2007,8,NW,mean_duration_days,5.0,400
993,2007,8,NW,mean_intensity_degC,1.7378625869750977,400
994,2007,8,NW,number_of_events,2.0,400
995,2007,8,NW,sum_area_km2,154.8140993699091,400
996,2007,9,NW,activity_degC_days_m2,0.0,400
997,2007,9,NW,mean_intensity_degC,,400
998,2007,10,NW,activity_degC_days_m2,0.0,400
999,2007,10,NW,mean_intensity_degC,,400
1000,2007,11,NW,activity_degC_days_m2,0.0,400
1001,2007,11,NW,mean_intensity_degC,,400
1002,2007,12,NW,activity_degC_days_m2,0.0,400
1003,2007,12,NW,mean_intensity_degC,,400
1004,2008,1,NW,activity_degC_days_m2,4969044897.616506,400
1005,2008,1,NW,mean_area_km2,77.42178884142646,400
1006,2008,1,NW,mean_duration_days,5.0,400
1007,2008,1,NW,mean_intensity_degC,0.8424566388130188,400
1008,2008,1,NW,number_of_events,2.0,400
1009,2008,1,NW,sum_area_km2,154.84357768285292,400
1010,2008,2,NW,activity_degC_days_m2,217894577261.72052,400
1011,2008,2,NW,mean_area_km2,78.03990531268973,400
1012,2008,2,NW,mean_duration_days,9.490196078431373,400
1013,2008,2,NW,mean_intensity_degC,1.0771692991256714,400
1014,2008,2,NW,number_of_events,51.0,400
1015,2008,2,NW,sum_area_km2,3980.035170947176,400
1016,2008,3,NW,activity_degC_days_m2,104787972139.03026,400
1017,2008,3,NW,mean_intensity_degC,1.0822477340698242,400
1018,2008,4,NW,activity_degC_days_m2,2224084090.736504,400
1019,2008,4,NW,mean_area_km2,70.14959883338823,400
1020,2008,4,NW,mean_duration_days,5.0,400
1021,2008,4,NW,mean_intensity_degC,1.247004508972168,400
1022,2008,4,NW,number_of_events,3.0,400
1023,2008,4,NW,sum_area_km2,210.44879650016463,400
1024,2008,5,NW,activity_degC_days_m2,11333785133.066084,400
1025,2008,5,NW,mean_intensity_degC,1.5886496305465698,400
1026,2008,6,NW,activity_degC_days_m2,0.0,400
1027,2008,6,NW,mean_intensity_degC,,400
1028,2008,7,NW,activity_degC_days_m2,29485253563.013454,400
1029,2008,7,NW,mean_area_km2,83.70475500345249,400
1030,2008,7,NW,mean_duration_days,6.375,400
1031,2008,7,NW,mean_intensity_degC,1.646464467048645,400
1032,2008,7,NW,number_of_events,8.0,400
1033,2008,7,NW,sum_area_km2,669.6380400276199,400
1034,2008,8,NW,activity_degC_days_m2,23417638310.774593,400
1035,2008,8,NW,mean_intensity_degC,1.7391939163208008,400
1036,2008,9,NW,activity_degC_days_m2,13837254340.350037,400
1037,2008,9,NW,mean_area_km2,94.17631837311592,400
1038,2008,9,NW,mean_duration_days,7.5,400
1039,2008,9,NW,mean_intensity_degC,1.5889990329742432,400
1040,2008,9,NW,number_of_events,2.0,400
1041,2008,9,NW,sum_area_km2,188.35263674623187,400
1042,2008,10,NW,activity_degC_days_m2,0.0,400
1043,2008,10,NW,mean_intensity_degC,,400
1044,2008,11,NW,activity_degC_days_m2,0.0,400
1045,2008,11,NW,mean_intensity_degC,,400
1046,2008,12,NW,activity_degC_days_m2,0.0,400
1047,2008,12,NW,mean_intensity_degC,,400
1048,2009,1,NW,activity_degC_days_m2,0.0,400
1049,2009,1,NW,mean_intensity_degC,,400
1050,2009,2,NW,activity_degC_days_m2,0.0,400
1051,2009,2,NW,mean_intensity_degC,,400
1052,2009,3,NW,activity_degC_days_m2,0.0,400
1053,2009,3,NW,mean_intensity_degC,,400
1054,2009,4,NW,activity_degC_days_m2,0.0,400
1055,2009,4,NW,mean_intensity_degC,,400
1056,2009,5,NW,activity_degC_days_m2,0.0,400
1057,2009,5,NW,mean_intensity_degC,,400
1058,2009,6,NW,activity_degC_days_m2,290604365661.0105,400
1059,2009,6,NW,mean_area_km2,77.47291928957752,400
1060,2009,6,NW,mean_duration_days,18.482758620689655,400
1061,2009,6,NW,mean_intensity_degC,1.9462594985961912,400
1062,2009,6,NW,number_of_events,29.0,400
1063,2009,6,NW,sum_area_km2,2246.714659397748,400
1064,2009,7,NW,activity_degC_days_m2,383546925147.31775,400
1065,2009,7,NW,mean_area_km2,62.311128261543374,400
1066,2009,7,NW,mean_duration_days,5.0,400
1067,2009,7,NW,mean_intensity_degC,1.7858234643936155,400
1068,2009,7,NW,number_of_events,2.0,400
1069,2009,7,NW,sum_area_km2,124.62225652308676,400
1070,2009,8,NW,activity_degC_days_m2,0.0,400
1071,2009,8,NW,mean_intensity_degC,,400
1072,2009,9,NW,activity_degC_days_m2,0.0,400
1073,2009,9,NW,mean_intensity_degC,,400
1074,2009,10,NW,activity_degC_days_m2,362876041758.9356,400
1075,2009,10,NW,mean_area_km2,77.94714924093937,400
1076,2009,10,NW,mean_duration_days,10.272727272727272,400
1077,2009,10,NW,mean_intensity_degC,1.5686928033828735,400
1078,2009,10,NW,number_of_events,44.0,400
1079,2009,10,NW,sum_area_km2,3429.674566601332,400
1080,2009,11,NW,activity_degC_days_m2,99237745482.00082,400
1081,2009,11,NW,mean_area_km2,79.09871792794273,400
1082,2009,11,NW,mean_duration_days,5.0,400
1083,2009,11,NW,mean_intensity_degC,1.5981457233428955,400
1084,2009,11,NW,number_of_events,3.0,400
1085,2009,11,NW,sum_area_km2,237.29615378382815,400
1086,2009,12,NW,activity_degC_days_m2,1294233088.734448,400
1087,2009,12,NW,mean_area_km2,95.84966563786588,400
1088,2009,12,NW,mean_duration_days,5.0,400
1089,2009,12,NW,mean_intensity_degC,1.120255470275879,400
1090,2009,12,NW,number_of_events,1.0,400
1091,2009,12,NW,sum_area_km2,95.84966563786588,400
1092,2010,1,NW,activity_degC_days_m2,2175480975.9850035,400
1093,2010,1,NW,mean_intensity_degC,1.2553609609603882,400
1094,2010,2,NW,activity_degC_days_m2,0.0,400
1095,2010,2,NW,mean_intensity_degC,,400
1096,2010,3,NW,activity_degC_days_m2,0.0,400
1097,2010,3,NW,mean_intensity_degC,,400
1098,2010,4,NW,activity_degC_days_m2,439525881372.2913,400
1099,2010,4,NW,mean_area_km2,76.96752625530974,400
1100,2010,4,NW,mean_duration_days,12.566666666666666,400
1101,2010,4,NW,mean_intensity_degC,2.027658700942993,400
1102,2010,4,NW,number_of_events,30.0,400
1103,2010,4,NW,sum_area_km2,2309.025787659292,400
1104,2010,5,NW,activity_degC_days_m2,75542209132.35593,400
1105,2010,5,NW,mean_area_km2,93.17195779948584,400
1106,2010,5,NW,mean_duration_days,6.8,400
1107,2010,5,NW,mean_intensity_degC,1.62468683719635,400
1108,2010,5,NW,number_of_events,5.0,400
1109,2010,5,NW,sum_area_km2,465.8597889974292,400
1110,2010,6,NW,activity_degC_days_m2,61265543538.18545,400
1111,2010,6,NW,mean_area_km2,76.4150418064251,400
1112,2010,6,NW,mean_duration_days,6.2,400
1113,2010,6,NW,mean_intensity_degC,2.009430170059204,400
1114,2010,6,NW,number_of_events,5.0,400
1115,2010,6,NW,sum_area_km2,382.0752090321255,400
1116,2010,7,NW,activity_degC_days_m2,0.0,400
1117,2010,7,NW,mean_intensity_degC,,400
1118,2010,8,NW,activity_degC_days_m2,22376411462.511738,400
1119,2010,8,NW,mean_area_km2,78.81788054498233,400
1120,2010,8,NW,mean_duration_days,6.25,400
1121,2010,8,NW,mean_intensity_degC,1.6264153718948364,400
1122,2010,8,NW,number_of_events,12.0,400
1123,2010,8,NW,sum_area_km2,945.814566539788,400
1124,2010,9,NW,activity_degC_days_m2,80721679376.60997,400
1125,2010,9,NW,mean_area_km2,82.4506139408855,400
1126,2010,9,NW,mean_duration_days,6.75,400
1127,2010,9,NW,mean_intensity_degC,1.9039037227630615,400
1128,2010,9,NW,number_of_events,4.0,400
1129,2010,9,NW,sum_area_km2,329.802455763542,400
1130,2010,10,NW,activity_degC_days_m2,0.0,400
1131,2010,10,NW,mean_intensity_degC,,400
1132,2010,11,NW,activity_degC_days_m2,0.0,400
1133,2010,11,NW,mean_intensity_degC,,400
1134,2010,12,NW,activity_degC_days_m2,0.0,400
1135,2010,12,NW,mean_intensity_degC,,400
1136,2011,1,NW,activity_degC_days_m2,7896395798.5522995,400
1137,2011,1,NW,mean_area_km2,69.02634766340844,400
1138,2011,1,NW,mean_duration_days,7.777777777777778,400
1139,2011,1,NW,mean_intensity_degC,0.8828909993171692,400
1140,2011,1,NW,number_of_events,9.0,400
1141,2011,1,NW,sum_area_km2,621.2371289706759,400
1142,2011,2,NW,activity_degC_days_m2,69121330542.48656,400
1143,2011,2,NW,mean_area_km2,76.48818414480677,400
1144,2011,2,NW,mean_duration_days,6.555555555555555,400
1145,2011,2,NW,mean_intensity_degC,1.0085692405700684,400
1146,2011,2,NW,number_of_events,9.0,400
1147,2011,2,NW,sum_area_km2,688.393657303261,400
1148,2011,3,NW,activity_degC_days_m2,0.0,400
1149,2011,3,NW,mean_intensity_degC,,400
1150,2011,4,NW,activity_degC_days_m2,348697817116.4526,400
1151,2011,4,NW,mean_area_km2,76.90182451246984,400
1152,2011,4,NW,mean_duration_days,25.836734693877553,400
1153,2011,4,NW,mean_intensity_degC,1.6152487993240356,400
1154,2011,4,NW,number_of_events,49.0,400
1155,2011,4,NW,sum_area_km2,3768.1894011110226,400
1156,2011,5,NW,activity_degC_days_m2,1141885872480.454,400
1157,2011,5,NW,mean_area_km2,95.84966563786588,400
1158,2011,5,NW,mean_duration_days,8.0,400
1159,2011,5,NW,mean_intensity_degC,2.2108254432678223,400
1160,2011,5,NW,number_of_events,1.0,400
1161,2011,5,NW,sum_area_km2,95.84966563786588,400
1162,2011,6,NW,activity_degC_days_m2,74123211548.34206,400
1163,2011,6,NW,mean_intensity_degC,1.6943988800048828,400
1164,2011,7,NW,activity_degC_days_m2,0.0,400
1165,2011,7,NW,mean_intensity_degC,,400
1166,2011,8,NW,activity_degC_days_m2,0.0,400
1167,2011,8,NW,mean_intensity_degC,,400
1168,2011,9,NW,activity_degC_days_m2,996486941.9194876,400
1169,2011,9,NW,mean_area_km2,62.31112826154316,400
1170,2011,9,NW,mean_duration_days,7.0,400
1171,2011,9,NW,mean_intensity_degC,1.6622200012207031,400
1172,2011,9,NW,number_of_events,1.0,400
1173,2011,9,NW,sum_area_km2,62.31112826154316,400
1174,2011,10,NW,activity_degC_days_m2,60981243585.67443,400
1175,2011,10,NW,mean_area_km2,68.72309073734925,400
1176,2011,10,NW,mean_duration_days,5.545454545454546,400
1177,2011,10,NW,mean_intensity_degC,1.52566659450531,400
1178,2011,10,NW,number_of_events,11.0,400
1179,2011,10,NW,sum_area_km2,755.9539981108418,400
1180,2011,11,NW,activity_degC_days_m2,0.0,400
1181,2011,11,NW,mean_intensity_degC,,400
1182,2011,12,NW,activity_degC_days_m2,0.0,400
1183,2011,12,NW,mean_intensity_degC,,400
1184,2012,1,NW,activity_degC_days_m2,0.0,400
1185,2012,1,NW,mean_intensity_degC,,400
1186,2012,2,NW,activity_degC_days_m2,0.0,400
1187,2012,2,NW,mean_intensity_degC,,400
1188,2012,3,NW,activity_degC_days_m2,12875414130.176844,400
1189,2012,3,NW,mean_area_km2,90.8253805690704,400
1190,2012,3,NW,mean_duration_days,5.0,400
1191,2012,3,NW,mean_intensity_degC,1.1088942289352417,400
1192,2012,3,NW,number_of_events,4.0,400
1193,2012,3,NW,sum_area_km2,363.3015222762816,400
1194,2012,4,NW,activity_degC_days_m2,0.0,400
1195,2012,4,NW,mean_intensity_degC,,400
1196,2012,5,NW,activity_degC_days_m2,42102311894.825226,400
1197,2012,5,NW,mean_area_km2,85.32118869110202,400
1198,2012,5,NW,mean_duration_days,11.142857142857142,400
1199,2012,5,NW,mean_intensity_degC,2.0027592182159424,400
1200,2012,5,NW,number_of_events,14.0,400
1201,2012,5,NW,sum_area_km2,1194.4966416754285,400
1202,2012,6,NW,activity_degC_days_m2,173948911729.08044,400
1203,2012,6,NW,mean_area_km2,76.22194841435312,400
1204,2012,6,NW,mean_duration_days,8.428571428571429,400
1205,2012,6,NW,mean_intensity_degC,1.5643515586853027,400
1206,2012,6,NW,number_of_events,7.0,400
1207,2012,6,NW,sum_area_km2,533.5536389004718,400
1208,2012,7,NW,activity_degC_days_m2,0.0,400
1209,2012,7,NW,mean_intensity_degC,,400
1210,2012,8,NW,activity_degC_days_m2,479861043833.57166,400
1211,2012,8,NW,mean_area_km2,77.47291928957752,400
1212,2012,8,NW,mean_duration_days,14.96551724137931,400
1213,2012,8,NW,mean_intensity_degC,1.883733153343201,400
1214,2012,8,NW,number_of_events,29.0,400
1215,2012,8,NW,sum_area_km2,2246.714659397748,400
1216,2012,9,NW,activity_degC_days_m2,105030892953.2648,400
1217,2012,9,NW,mean_area_km2,69.63940799730099,400
1218,2012,9,NW,mean_duration_days,7.0,400
1219,2012,9,NW,mean_intensity_degC,1.6375099420547483,400
1220,2012,9,NW,number_of_events,11.0,400
1221,2012,9,NW,sum_area_km2,766.0334879703111,400
1222,2012,10,NW,activity_degC_days_m2,34899400310.10522,400
1223,2012,10,NW,mean_area_km2,62.983177602371526,400
1224,2012,10,NW,mean_duration_days,8.0,400
1225,2012,10,NW,mean_intensity_degC,1.3471665382385254,400
1226,2012,10,NW,number_of_events,5.0,400
1227,2012,10,NW,sum_area_km2,314.91588801185765,400
1228,2012,11,NW,activity_degC_days_m2,0.0,400
1229,2012,11,NW,mean_intensity_degC,,400
1230,2012,12,NW,activity_degC_days_m2,0.0,400
1231,2012,12,NW,mean_intensity_degC,,400
1232,2013,1,NW,activity_degC_days_m2,0.0,400
1233,2013,1,NW,mean_intensity_degC,,400
1234,2013,2,NW,activity_degC_days_m2,0.0,400
1235,2013,2,NW,mean_intensity_degC,,400
1236,2013,3,NW,activity_degC_days_m2,0.0,400
1237,2013,3,NW,mean_intensity_degC,,400
1238,2013,4,NW,activity_degC_days_m2,0.0,400
1239,2013,4,NW,mean_intensity_degC,,400
1240,2013,5,NW,activity_degC_days_m2,0.0,400
1241,2013,5,NW,mean_intensity_degC,,400
1242,2013,6,NW,activity_degC_days_m2,0.0,400
1243,2013,6,NW,mean_intensity_degC,,400
1244,2013,7,NW,activity_degC_days_m2,207730848086.0153,400
1245,2013,7,NW,mean_area_km2,83.09121667004865,400
1246,2013,7,NW,mean_duration_days,14.76923076923077,400
1247,2013,7,NW,mean_intensity_degC,1.787540078163147,400
1248,2013,7,NW,number_of_events,26.0,400
1249,2013,7,NW,sum_area_km2,2160.371633421265,400
1250,2013,8,NW,activity_degC_days_m2,232281402056.27563,400
1251,2013,8,NW,mean_area_km2,69.03037141687257,400
1252,2013,8,NW,mean_duration_days,6.0,400
1253,2013,8,NW,mean_intensity_degC,1.8981181383132937,400
1254,2013,8,NW,number_of_events,1.0,400
1255,2013,8,NW,sum_area_km2,69.03037141687257,400
1256,2013,9,NW,activity_degC_days_m2,0.0,400
1257,2013,9,NW,mean_intensity_degC,,400
1258,2013,10,NW,activity_degC_days_m2,179115614624.65912,400
1259,2013,10,NW,mean_area_km2,74.35867059176778,400
1260,2013,10,NW,mean_duration_days,13.411764705882351,400
1261,2013,10,NW,mean_intensity_degC,1.6216061115264893,400
1262,2013,10,NW,number_of_events,17.0,400
1263,2013,10,NW,sum_area_km2,1264.0974000600522,400
1264,2013,11,NW,activity_degC_days_m2,68703972457.331245,400
1265,2013,11,NW,mean_area_km2,79.09642718273022,400
1266,2013,11,NW,mean_duration_days,6.666666666666667,400
1267,2013,11,NW,mean_intensity_degC,1.5846930742263794,400
1268,2013,11,NW,number_of_events,6.0,400
1269,2013,11,NW,sum_area_km2,474.57856309638134,400
1270,2013,12,NW,activity_degC_days_m2,0.0,400
1271,2013,12,NW,mean_intensity_degC,,400
1272,2014,1,NW,activity_degC_days_m2,0.0,400
1273,2014,1,NW,mean_intensity_degC,,400
1274,2014,2,NW,activity_degC_days_m2,0.0,400
1275,2014,2,NW,mean_intensity_degC,,400
1276,2014,3,NW,activity_degC_days_m2,0.0,400
1277,2014,3,NW,mean_intensity_degC,,400
1278,2014,4,NW,activity_degC_days_m2,44067709840.067474,400
1279,2014,4,NW,mean_area_km2,91.54552386830262,400
1280,2014,4,NW,mean_duration_days,5.428571428571429,400
1281,2014,4,NW,mean_intensity_degC,1.9785542488098145,400
1282,2014,4,NW,number_of_events,7.0,400
1283,2014,4,NW,sum_area_km2,640.8186670781184,400
1284,2014,5,NW,activity_degC_days_m2,43910267461.83665,400
1285,2014,5,NW,mean_area_km2,75.74394578417348,400
1286,2014,5,NW,mean_duration_days,7.142857142857143,400
1287,2014,5,NW,mean_intensity_degC,1.423901081085205,400
1288,2014,5,NW,number_of_events,7.0,400
1289,2014,5,NW,sum_area_km2,530.2076204892143,400
1290,2014,6,NW,activity_degC_days_m2,123984467628.42076,400
1291,2014,6,NW,mean_area_km2,81.21088861331732,400
1292,2014,6,NW,mean_duration_days,11.736842105263158,400
1293,2014,6,NW,mean_intensity_degC,1.6825029850006104,400
1294,2014,6,NW,number_of_events,19.0,400
1295,2014,6,NW,sum_area_km2,1543.0068836530293,400
1296,2014,7,NW,activity_degC_days_m2,83039645176.53712,400
1297,2014,7,NW,mean_intensity_degC,1.4492353200912476,400
1298,2014,8,NW,activity_degC_days_m2,129125831886.46568,400
1299,2014,8,NW,mean_area_km2,82.62406930128935,400
1300,2014,8,NW,mean_duration_days,6.315789473684211,400
1301,2014,8,NW,mean_intensity_degC,2.0008695125579834,400
1302,2014,8,NW,number_of_events,19.0,400
1303,2014,8,NW,sum_area_km2,1569.8573167244977,400
1304,2014,9,NW,activity_degC_days_m2,1242737486240.7852,400
1305,2014,9,NW,mean_area_km2,77.47291928957752,400
1306,2014,9,NW,mean_duration_days,56.48275862068966,400
1307,2014,9,NW,mean_intensity_degC,2.531059741973877,400
1308,2014,9,NW,number_of_events,29.0,400
1309,2014,9,NW,sum_area_km2,2246.714659397748,400
1310,2014,10,NW,activity_degC_days_m2,1173581933393.1152,400
1311,2014,10,NW,mean_area_km2,67.76843992014123,400
1312,2014,10,NW,mean_duration_days,17.75,400
1313,2014,10,NW,mean_intensity_degC,2.340998649597168,400
1314,2014,10,NW,number_of_events,8.0,400
1315,2014,10,NW,sum_area_km2,542.1475193611299,400
1316,2014,11,NW,activity_degC_days_m2,213689241215.98425,400
1317,2014,11,NW,mean_area_km2,66.63054327923129,400
1318,2014,11,NW,mean_duration_days,9.571428571428571,400
1319,2014,11,NW,mean_intensity_degC,1.6252793073654177,400
1320,2014,11,NW,number_of_events,7.0,400
1321,2014,11,NW,sum_area_km2,466.41380295461903,400
1322,2014,12,NW,activity_degC_days_m2,11347990745.651163,400
1323,2014,12,NW,mean_intensity_degC,1.2259000539779663,400
1324,2015,1,NW,activity_degC_days_m2,0.0,400
1325,2015,1,NW,mean_intensity_degC,,400
1326,2015,2,NW,activity_degC_days_m2,0.0,400
1327,2015,2,NW,mean_intensity_degC,,400
1328,2015,3,NW,activity_degC_days_m2,0.0,400
1329,2015,3,NW,mean_intensity_degC,,400
1330,2015,4,NW,activity_degC_days_m2,0.0,400
1331,2015,4,NW,mean_intensity_degC,,400
1332,2015,5,NW,activity_degC_days_m2,0.0,400
1333,2015,5,NW,mean_intensity_degC,,400
1334,2015,6,NW,activity_degC_days_m2,3226463143.4260087,400
1335,2015,6,NW,mean_area_km2,90.82874330666571,400
1336,2015,6,NW,mean_duration_days,5.5,400
1337,2015,6,NW,mean_intensity_degC,1.8533716201782229,400
1338,2015,6,NW,number_of_events,2.0,400
1339,2015,6,NW,sum_area_km2,181.65748661333143,400
1340,2015,7,NW,activity_degC_days_m2,70889928928.12988,400
1341,2015,7,NW,mean_area_km2,71.47009029362283,400
1342,2015,7,NW,mean_duration_days,6.636363636363637,400
1343,2015,7,NW,mean_intensity_degC,1.4445674419403076,400
1344,2015,7,NW,number_of_events,11.0,400
1345,2015,7,NW,sum_area_km2,786.1709932298511,400
1346,2015,8,NW,activity_degC_days_m2,9815464183.869272,400
1347,2015,8,NW,mean_area_km2,62.3111282615434,400
1348,2015,8,NW,mean_duration_days,5.5,400
1349,2015,8,NW,mean_intensity_degC,1.7777925729751587,400
1350,2015,8,NW,number_of_events,2.0,400
1351,2015,8,NW,sum_area_km2,124.6222565230868,400
1352,2015,9,NW,activity_degC_days_m2,1780694340.7533426,400
1353,2015,9,NW,mean_intensity_degC,1.4851703643798828,400
1354,2015,10,NW,activity_degC_days_m2,8106142877.041883,400
1355,2015,10,NW,mean_area_km2,87.47943904034479,400
1356,2015,10,NW,mean_duration_days,5.0,400
1357,2015,10,NW,mean_intensity_degC,1.3899176120758057,400
1358,2015,10,NW,number_of_events,2.0,400
1359,2015,10,NW,sum_area_km2,174.95887808068957,400
1360,2015,11,NW,activity_degC_days_m2,527481657523.41,400
1361,2015,11,NW,mean_area_km2,77.47291928957752,400
1362,2015,11,NW,mean_duration_days,18.344827586206897,400
1363,2015,11,NW,mean_intensity_degC,1.6351346969604492,400
1364,2015,11,NW,number_of_events,29.0,400
1365,2015,11,NW,sum_area_km2,2246.714659397748,400
1366,2015,12,NW,activity_degC_days_m2,383939922357.59106,400
1367,2015,12,NW,mean_area_km2,77.52712930966442,400
1368,2015,12,NW,mean_duration_days,31.8,400
1369,2015,12,NW,mean_intensity_degC,1.2916884422302246,400
1370,2015,12,NW,number_of_events,30.0,400
1371,2015,12,NW,sum_area_km2,2325.813879289932,400
1372,2016,1,NW,activity_degC_days_m2,464646748141.1975,400
1373,2016,1,NW,mean_area_km2,78.82432308926067,400
1374,2016,1,NW,mean_duration_days,12.52,400
1375,2016,1,NW,mean_intensity_degC,1.151641011238098,400
1376,2016,1,NW,number_of_events,25.0,400
1377,2016,1,NW,sum_area_km2,1970.6080772315167,400
1378,2016,2,NW,activity_degC_days_m2,191822312331.69,400
1379,2016,2,NW,mean_area_km2,76.85546610858334,400
1380,2016,2,NW,mean_duration_days,7.857142857142857,400
1381,2016,2,NW,mean_intensity_degC,1.1354851722717283,400
1382,2016,2,NW,number_of_events,21.0,400
1383,2016,2,NW,sum_area_km2,1613.9647882802503,400
1384,2016,3,NW,activity_degC_days_m2,0.0,400
1385,2016,3,NW,mean_intensity_degC,,400
1386,2016,4,NW,activity_degC_days_m2,0.0,400
1387,2016,4,NW,mean_intensity_degC,,400
1388,2016,5,NW,activity_degC_days_m2,0.0,400
1389,2016,5,NW,mean_intensity_degC,,400
1390,2016,6,NW,activity_degC_days_m2,314675609277.93964,400
1391,2016,6,NW,mean_area_km2,77.47291928957752,400
1392,2016,6,NW,mean_duration_days,8.551724137931034,400
1393,2016,6,NW,mean_intensity_degC,2.060502529144287,400
1394,2016,6,NW,number_of_events,29.0,400
1395,2016,6,NW,sum_area_km2,2246.714659397748,400
1396,2016,7,NW,activity_degC_days_m2,0.0,400
1397,2016,7,NW,mean_intensity_degC,,400
1398,2016,8,NW,activity_degC_days_m2,0.0,400
1399,2016,8,NW,mean_intensity_degC,,400
1400,2016,9,NW,activity_degC_days_m2,0.0,400
1401,2016,9,NW,mean_intensity_degC,,400
1402,2016,10,NW,activity_degC_days_m2,0.0,400
1403,2016,10,NW,mean_intensity_degC,,400
1404,2016,11,NW,activity_degC_days_m2,0.0,400
1405,2016,11,NW,mean_intensity_degC,,400
1406,2016,12,NW,activity_degC_days_m2,4211537000.3333383,400
1407,2016,12,NW,mean_area_km2,95.84966563786588,400
1408,2016,12,NW,mean_duration_days,6.0,400
1409,2016,12,NW,mean_intensity_degC,1.2151333093643188,400
1410,2016,12,NW,number_of_events,1.0,400
1411,2016,12,NW,sum_area_km2,95.84966563786588,400
1412,2017,1,NW,activity_degC_days_m2,0.0,400
1413,2017,1,NW,mean_intensity_degC,,400
1414,2017,2,NW,activity_degC_days_m2,0.0,400
1415,2017,2,NW,mean_intensity_degC,,400
1416,2017,3,NW,activity_degC_days_m2,5275372684.001795,400
1417,2017,3,NW,mean_area_km2,95.84966563786614,400
1418,2017,3,NW,mean_duration_days,5.0,400
1419,2017,3,NW,mean_intensity_degC,0.9132458567619324,400
1420,2017,3,NW,number_of_events,2.0,400
1421,2017,3,NW,sum_area_km2,191.69933127573228,400
1422,2017,4,NW,activity_degC_days_m2,110352637910.9924,400
1423,2017,4,NW,mean_area_km2,78.61515469390562,400
1424,2017,4,NW,mean_duration_days,7.5,400
1425,2017,4,NW,mean_intensity_degC,1.7165260314941406,400
1426,2017,4,NW,number_of_events,14.0,400
1427,2017,4,NW,sum_area_km2,1100.612165714679,400
1428,2017,5,NW,activity_degC_days_m2,124512036004.69711,400
1429,2017,5,NW,mean_area_km2,79.2943405224559,400
1430,2017,5,NW,mean_duration_days,7.625,400
1431,2017,5,NW,mean_intensity_degC,1.5500048398971558,400
1432,2017,5,NW,number_of_events,16.0,400
1433,2017,5,NW,sum_area_km2,1268.7094483592944,400
1434,2017,6,NW,activity_degC_days_m2,45693425880.30996,400
1435,2017,6,NW,mean_area_km2,63.43121049625686,400
1436,2017,6,NW,mean_duration_days,7.0,400
1437,2017,6,NW,mean_intensity_degC,1.655469298362732,400
1438,2017,6,NW,number_of_events,6.0,400
1439,2017,6,NW,sum_area_km2,380.5872629775412,400
1440,2017,7,NW,activity_degC_days_m2,0.0,400
1441,2017,7,NW,mean_intensity_degC,,400
1442,2017,8,NW,activity_degC_days_m2,0.0,400
1443,2017,8,NW,mean_intensity_degC,,400
1444,2017,9,NW,activity_degC_days_m2,0.0,400
1445,2017,9,NW,mean_intensity_degC,,400
1446,2017,10,NW,activity_degC_days_m2,0.0,400
1447,2017,10,NW,mean_intensity_degC,,400
1448,2017,11,NW,activity_degC_days_m2,0.0,400
1449,2017,11,NW,mean_intensity_degC,,400
1450,2017,12,NW,activity_degC_days_m2,0.0,400
1451,2017,12,NW,mean_intensity_degC,,400
1452,2018,1,NW,activity_degC_days_m2,0.0,400
1453,2018,1,NW,mean_intensity_degC,,400
1454,2018,2,NW,activity_degC_days_m2,0.0,400
1455,2018,2,NW,mean_intensity_degC,,400
1456,2018,3,NW,activity_degC_days_m2,0.0,400
1457,2018,3,NW,mean_intensity_degC,,400
1458,2018,4,NW,activity_degC_days_m2,0.0,400
1459,2018,4,NW,mean_intensity_degC,,400
1460,2018,5,NW,activity_degC_days_m2,0.0,400
1461,2018,5,NW,mean_intensity_degC,,400
1462,2018,6,NW,activity_degC_days_m2,0.0,400
1463,2018,6,NW,mean_intensity_degC,,400
1464,2018,7,NW,activity_degC_days_m2,211294232416.24008,400
1465,2018,7,NW,mean_area_km2,84.9068927258611,400
1466,2018,7,NW,mean_duration_days,13.0,400
1467,2018,7,NW,mean_intensity_degC,1.836227297782898,400
1468,2018,7,NW,number_of_events,15.0,400
1469,2018,7,NW,sum_area_km2,1273.6033908879165,400
1470,2018,8,NW,activity_degC_days_m2,0.0,400
1471,2018,8,NW,mean_intensity_degC,,400
1472,2018,9,NW,activity_degC_days_m2,0.0,400
1473,2018,9,NW,mean_intensity_degC,,400
1474,2018,10,NW,activity_degC_days_m2,0.0,400
1475,2018,10,NW,mean_intensity_degC,,400
1476,2018,11,NW,activity_degC_days_m2,0.0,400
1477,2018,11,NW,mean_intensity_degC,,400
1478,2018,12,NW,activity_degC_days_m2,0.0,400
1479,2018,12,NW,mean_intensity_degC,,400
1480,2019,1,NW,activity_degC_days_m2,0.0,400
1481,2019,1,NW,mean_intensity_degC,,400
1482,2019,2,NW,activity_degC_days_m2,0.0,400
1483,2019,2,NW,mean_intensity_degC,,400
1484,2019,3,NW,activity_degC_days_m2,0.0,400
1485,2019,3,NW,mean_intensity_degC,,400
1486,2019,4,NW,activity_degC_days_m2,0.0,400
1487,2019,4,NW,mean_intensity_degC,,400
1488,2019,5,NW,activity_degC_days_m2,0.0,400
1489,2019,5,NW,mean_intensity_degC,,400
1490,2019,6,NW,activity_degC_days_m2,0.0,400
1491,2019,6,NW,mean_intensity_degC,,400
1492,2019,7,NW,activity_degC_days_m2,43758471925.275314,400
1493,2019,7,NW,mean_area_km2,89.1519934457888,400
1494,2019,7,NW,mean_duration_days,6.125,400
1495,2019,7,NW,mean_intensity_degC,1.4557414054870603,400
1496,2019,7,NW,number_of_events,8.0,400
1497,2019,7,NW,sum_area_km2,713.2159475663104,400
1498,2019,8,NW,activity_degC_days_m2,0.0,400
1499,2019,8,NW,mean_intensity_degC,,400
1500,2019,9,NW,activity_degC_days_m2,0.0,400
1501,2019,9,NW,mean_intensity_degC,,400
1502,2019,10,NW,activity_degC_days_m2,0.0,400
1503,2019,10,NW,mean_intensity_degC,,400
1504,2019,11,NW,activity_degC_days_m2,0.0,400
1505,2019,11,NW,mean_intensity_degC,,400
1506,2019,12,NW,activity_degC_days_m2,0.0,400
1507,2019,12,NW,mean_intensity_degC,,400
1508,2020,1,NW,activity_degC_days_m2,0.0,400
1509,2020,1,NW,mean_intensity_degC,,400
1510,2020,2,NW,activity_degC_days_m2,36949669958.81946,400
1511,2020,2,NW,mean_area_km2,79.76147755207084,400
1512,2020,2,NW,mean_duration_days,7.8,400
1513,2020,2,NW,mean_intensity_degC,0.9266945719718932,400
1514,2020,2,NW,number_of_events,10.0,400
1515,2020,2,NW,sum_area_km2,797.6147755207085,400
1516,2020,3,NW,activity_degC_days_m2,19163085007.148033,400
1517,2020,3,NW,mean_area_km2,93.17195779948584,400
1518,2020,3,NW,mean_duration_days,5.2,400
1519,2020,3,NW,mean_intensity_degC,0.8962421417236328,400
1520,2020,3,NW,number_of_events,5.0,400
1521,2020,3,NW,sum_area_km2,465.8597889974292,400
1522,2020,4,NW,activity_degC_days_m2,0.0,400
1523,2020,4,NW,mean_intensity_degC,,400
1524,2020,5,NW,activity_degC_days_m2,714354309809.3556,400
1525,2020,5,NW,mean_area_km2,74.61894288568907,400
1526,2020,5,NW,mean_duration_days,18.205128205128204,400
1527,2020,5,NW,mean_intensity_degC,1.981640100479126,400
1528,2020,5,NW,number_of_events,39.0,400
1529,2020,5,NW,sum_area_km2,2910.1387725418735,400
1530,2020,6,NW,activity_degC_days_m2,217916714933.09088,400
1531,2020,6,NW,mean_intensity_degC,2.0374534130096436,400
1532,2020,7,NW,activity_degC_days_m2,0.0,400
1533,2020,7,NW,mean_intensity_degC,,400
1534,2020,8,NW,activity_degC_days_m2,155235197019.89328,400
1535,2020,8,NW,mean_area_km2,83.6313518939396,400
1536,2020,8,NW,mean_duration_days,8.529411764705882,400
1537,2020,8,NW,mean_intensity_degC,1.794847846031189,400
1538,2020,8,NW,number_of_events,17.0,400
1539,2020,8,NW,sum_area_km2,1421.7329821969731,400
1540,2020,9,NW,activity_degC_days_m2,5254906051.377228,400
1541,2020,9,NW,mean_area_km2,62.31112826154364,400
1542,2020,9,NW,mean_duration_days,6.0,400
1543,2020,9,NW,mean_intensity_degC,1.460934042930603,400
1544,2020,9,NW,number_of_events,1.0,400
1545,2020,9,NW,sum_area_km2,62.31112826154364,400
1546,2020,10,NW,activity_degC_days_m2,0.0,400
1547,2020,10,NW,mean_intensity_degC,,400
1548,2020,11,NW,activity_degC_days_m2,0.0,400
1549,2020,11,NW,mean_intensity_degC,,400
1550,2020,12,NW,activity_degC_days_m2,11344903591.786907,400
1551,2020,12,NW,mean_area_km2,87.47943904034453,400
1552,2020,12,NW,mean_duration_days,8.0,400
1553,2020,12,NW,mean_intensity_degC,1.2087452411651611,400
1554,2020,12,NW,number_of_events,2.0,400
1555,2020,12,NW,sum_area_km2,174.95887808068906,400
1556,2021,1,NW,activity_degC_days_m2,0.0,400
1557,2021,1,NW,mean_intensity_degC,,400
1558,2021,2,NW,activity_degC_days_m2,0.0,400
1559,2021,2,NW,mean_intensity_degC,,400
1560,2021,3,NW,activity_degC_days_m2,0.0,400
1561,2021,3,NW,mean_intensity_degC,,400
1562,2021,4,NW,activity_degC_days_m2,498176315649.0181,400
1563,2021,4,NW,mean_area_km2,78.71244043751909,400
1564,2021,4,NW,mean_duration_days,11.545454545454543,400
1565,2021,4,NW,mean_intensity_degC,1.6125982999801636,400
1566,2021,4,NW,number_of_events,44.0,400
1567,2021,4,NW,sum_area_km2,3463.3473792508403,400
1568,2021,5,NW,activity_degC_days_m2,13525412784.685766,400
1569,2021,5,NW,mean_area_km2,66.78887143791862,400
1570,2021,5,NW,mean_duration_days,5.0,400
1571,2021,5,NW,mean_intensity_degC,1.3875739574432373,400
1572,2021,5,NW,number_of_events,3.0,400
1573,2021,5,NW,sum_area_km2,200.36661431375583,400
1574,2021,6,NW,activity_degC_days_m2,0.0,400
1575,2021,6,NW,mean_intensity_degC,,400
1576,2021,7,NW,activity_degC_days_m2,0.0,400
1577,2021,7,NW,mean_intensity_degC,,400
1578,2021,8,NW,activity_degC_days_m2,1721563486.7923715,400
1579,2021,8,NW,mean_area_km2,89.15451550496665,400
1580,2021,8,NW,mean_duration_days,20.0,400
1581,2021,8,NW,mean_intensity_degC,1.4787311553955078,400
1582,2021,8,NW,number_of_events,1.0,400
1583,2021,8,NW,sum_area_km2,89.15451550496665,400
1584,2021,9,NW,activity_degC_days_m2,544646748081.5283,400
1585,2021,9,NW,mean_area_km2,77.0557194247422,400
1586,2021,9,NW,mean_duration_days,15.107142857142858,400
1587,2021,9,NW,mean_intensity_degC,2.0390937328338623,400
1588,2021,9,NW,number_of_events,28.0,400
1589,2021,9,NW,sum_area_km2,2157.560143892781,400
1590,2021,10,NW,activity_degC_days_m2,0.0,400
1591,2021,10,NW,mean_intensity_degC,,400
1592,2021,11,NW,activity_degC_days_m2,0.0,400
1593,2021,11,NW,mean_intensity_degC,,400
1594,2021,12,NW,activity_degC_days_m2,0.0,400
1595,2021,12,NW,mean_intensity_degC,,400
1596,2022,1,NW,activity_degC_days_m2,0.0,400
1597,2022,1,NW,mean_intensity_degC,,400
1598,2022,2,NW,activity_degC_days_m2,0.0,400
1599,2022,2,NW,mean_intensity_degC,,400
1600,2022,3,NW,activity_degC_days_m2,0.0,400
1601,2022,3,NW,mean_intensity_degC,,400
1602,2022,4,NW,activity_degC_days_m2,0.0,400
1603,2022,4,NW,mean_intensity_degC,,400
1604,2022,5,NW,activity_degC_days_m2,0.0,400
1605,2022,5,NW,mean_intensity_degC,,400
1606,2022,6,NW,activity_degC_days_m2,322330910223.18695,400
1607,2022,6,NW,mean_area_km2,76.92819638805972,400
1608,2022,6,NW,mean_duration_days,10.580645161290322,400
1609,2022,6,NW,mean_intensity_degC,1.5467699766159058,400
1610,2022,6,NW,number_of_events,31.0,400
1611,2022,6,NW,sum_area_km2,2384.7740880298516,400
1612,2022,7,NW,activity_degC_days_m2,75967239033.9353,400
1613,2022,7,NW,mean_area_km2,74.62233866923552,400
1614,2022,7,NW,mean_duration_days,10.11111111111111,400
1615,2022,7,NW,mean_intensity_degC,1.3274842500686646,400
1616,2022,7,NW,number_of_events,9.0,400
1617,2022,7,NW,sum_area_km2,671.6010480231196,400
1618,2022,8,NW,activity_degC_days_m2,118156206026.90125,400
1619,2022,8,NW,mean_area_km2,81.10700312718598,400
1620,2022,8,NW,mean_duration_days,5.15,400
1621,2022,8,NW,mean_intensity_degC,1.7812721729278564,400
1622,2022,8,NW,number_of_events,20.0,400
1623,2022,8,NW,sum_area_km2,1622.1400625437195,400
1624,2022,9,NW,activity_degC_days_m2,537105346591.4037,400
1625,2022,9,NW,mean_area_km2,77.20598214517206,400
1626,2022,9,NW,mean_duration_days,12.1875,400
1627,2022,9,NW,mean_intensity_degC,2.051969051361084,400
1628,2022,9,NW,number_of_events,32.0,400
1629,2022,9,NW,sum_area_km2,2470.591428645506,400
1630,2022,10,NW,activity_degC_days_m2,23203604438.41573,400
1631,2022,10,NW,mean_area_km2,76.58271281036417,400
1632,2022,10,NW,mean_duration_days,92.25,400
1633,2022,10,NW,mean_intensity_degC,1.2979944944381714,400
1634,2022,10,NW,number_of_events,4.0,400
1635,2022,10,NW,sum_area_km2,306.3308512414567,400
1636,2022,11,NW,activity_degC_days_m2,427717025378.8908,400
1637,2022,11,NW,mean_area_km2,79.82106284644988,400
1638,2022,11,NW,mean_duration_days,31.434782608695652,400
1639,2022,11,NW,mean_intensity_degC,1.4629744291305542,400
1640,2022,11,NW,number_of_events,23.0,400
1641,2022,11,NW,sum_area_km2,1835.8844454683472,400
1642,2022,12,NW,activity_degC_days_m2,619124707605.3282,400
1643,2022,12,NW,mean_area_km2,78.03188103478267,400
1644,2022,12,NW,mean_duration_days,47.421052631578945,400
1645,2022,12,NW,mean_intensity_degC,1.4474501609802246,400
1646,2022,12,NW,number_of_events,19.0,400
1647,2022,12,NW,sum_area_km2,1482.6057396608708,400
1648,2023,1,NW,activity_degC_days_m2,680872992078.8492,400
1649,2023,1,NW,mean_area_km2,72.72285720628788,400
1650,2023,1,NW,mean_duration_days,7.0,400
1651,2023,1,NW,mean_intensity_degC,1.4322574138641355,400
1652,2023,1,NW,number_of_events,10.0,400
1653,2023,1,NW,sum_area_km2,727.2285720628788,400
1654,2023,2,NW,activity_degC_days_m2,63127863583.00022,400
1655,2023,2,NW,mean_area_km2,73.82491299429843,400
1656,2023,2,NW,mean_duration_days,5.857142857142857,400
1657,2023,2,NW,mean_intensity_degC,0.927014946937561,400
1658,2023,2,NW,number_of_events,7.0,400
1659,2023,2,NW,sum_area_km2,516.774390960089,400
1660,2023,3,NW,activity_degC_days_m2,302210218225.7533,400
1661,2023,3,NW,mean_area_km2,77.41530057294725,400
1662,2023,3,NW,mean_duration_days,39.8,400
1663,2023,3,NW,mean_intensity_degC,1.1365405321121216,400
1664,2023,3,NW,number_of_events,30.0,400
1665,2023,3,NW,sum_area_km2,2322.4590171884174,400
1666,2023,4,NW,activity_degC_days_m2,798725087078.9076,400
1667,2023,4,NW,mean_area_km2,78.41939363415192,400
1668,2023,4,NW,mean_duration_days,20.866666666666667,400
1669,2023,4,NW,mean_intensity_degC,1.773796796798706,400
1670,2023,4,NW,number_of_events,15.0,400
1671,2023,4,NW,sum_area_km2,1176.2909045122788,400
1672,2023,5,NW,activity_degC_days_m2,413963220377.6797,400
1673,2023,5,NW,mean_area_km2,62.3111282615434,400
1674,2023,5,NW,mean_duration_days,29.5,400
1675,2023,5,NW,mean_intensity_degC,1.995010495185852,400
1676,2023,5,NW,number_of_events,2.0,400
1677,2023,5,NW,sum_area_km2,124.6222565230868,400
1678,2023,6,NW,activity_degC_days_m2,523765831699.1595,400
1679,2023,6,NW,mean_area_km2,78.59601492128375,400
1680,2023,6,NW,mean_duration_days,16.185185185185187,400
1681,2023,6,NW,mean_intensity_degC,1.7048414945602417,400
1682,2023,6,NW,number_of_events,27.0,400
1683,2023,6,NW,sum_area_km2,2122.0924028746613,400
1684,2023,7,NW,activity_degC_days_m2,22599571486.4399,400
1685,2023,7,NW,mean_area_km2,72.38568990270406,400
1686,2023,7,NW,mean_duration_days,8.0,400
1687,2023,7,NW,mean_intensity_degC,1.1822333335876465,400
1688,2023,7,NW,number_of_events,4.0,400
1689,2023,7,NW,sum_area_km2,289.54275961081623,400
1690,2023,8,NW,activity_degC_days_m2,0.0,400
1691,2023,8,NW,mean_intensity_degC,,400
1692,2023,9,NW,activity_degC_days_m2,493771379654.2359,400
1693,2023,9,NW,mean_area_km2,77.11996182953264,400
1694,2023,9,NW,mean_duration_days,62.47058823529411,400
1695,2023,9,NW,mean_intensity_degC,2.048414468765259,400
1696,2023,9,NW,number_of_events,34.0,400
1697,2023,9,NW,sum_area_km2,2622.0787022041095,400
1698,2023,10,NW,activity_degC_days_m2,1426568675172.0544,400
1699,2023,10,NW,mean_intensity_degC,2.693416118621826,400
1700,2023,11,NW,activity_degC_days_m2,767418838707.7822,400
1701,2023,11,NW,mean_area_km2,79.08502196643592,400
1702,2023,11,NW,mean_duration_days,16.714285714285715,400
1703,2023,11,NW,mean_intensity_degC,1.684674859046936,400
1704,2023,11,NW,number_of_events,7.0,400
1705,2023,11,NW,sum_area_km2,553.5951537650515,400
1706,2023,12,NW,activity_degC_days_m2,272463600664.76297,400
1707,2023,12,NW,mean_area_km2,77.41724667600387,400
1708,2023,12,NW,mean_duration_days,15.5625,400
1709,2023,12,NW,mean_intensity_degC,1.1440603733062744,400
1710,2023,12,NW,number_of_events,16.0,400
1711,2023,12,NW,sum_area_km2,1238.675946816062,400
1712,2024,1,NW,activity_degC_days_m2,266517984359.20105,400
1713,2024,1,NW,mean_area_km2,77.19228587425964,400
1714,2024,1,NW,mean_duration_days,41.06666666666667,400
1715,2024,1,NW,mean_intensity_degC,1.0553300380706787,400
1716,2024,1,NW,number_of_events,30.0,400
1717,2024,1,NW,sum_area_km2,2315.768576227789,400
1718,2024,2,NW,activity_degC_days_m2,822602555074.3008,400
1719,2024,2,NW,mean_area_km2,85.79701171426734,400
1720,2024,2,NW,mean_duration_days,27.0,400
1721,2024,2,NW,mean_intensity_degC,1.6674448251724243,400
1722,2024,2,NW,number_of_events,2.0,400
1723,2024,2,NW,sum_area_km2,171.59402342853468,400
1724,2024,3,NW,activity_degC_days_m2,150898671499.47342,400
1725,2024,3,NW,mean_area_km2,78.87340736973019,400
1726,2024,3,NW,mean_duration_days,8.0,400
1727,2024,3,NW,mean_intensity_degC,1.0138665437698364,400
1728,2024,3,NW,number_of_events,15.0,400
1729,2024,3,NW,sum_area_km2,1183.101110545953,400
1730,2024,4,NW,activity_degC_days_m2,123962019493.02954,400
1731,2024,4,NW,mean_area_km2,70.2874088792772,400
1732,2024,4,NW,mean_duration_days,8.25,400
1733,2024,4,NW,mean_intensity_degC,1.542231202125549,400
1734,2024,4,NW,number_of_events,16.0,400
1735,2024,4,NW,sum_area_km2,1124.598542068435,400
1736,2024,5,NW,activity_degC_days_m2,0.0,400
1737,2024,5,NW,mean_intensity_degC,,400
1738,2024,6,NW,activity_degC_days_m2,0.0,400
1739,2024,6,NW,mean_intensity_degC,,400
1740,2024,7,NW,activity_degC_days_m2,0.0,400
1741,2024,7,NW,mean_intensity_degC,,400
1742,2024,8,NW,activity_degC_days_m2,0.0,400
1743,2024,8,NW,mean_intensity_degC,,400
1744,2024,9,NW,activity_degC_days_m2,0.0,400
1745,2024,9,NW,mean_intensity_degC,,400
1746,2024,10,NW,activity_degC_days_m2,95267067873.54578,400
1747,2024,10,NW,mean_area_km2,83.73373015733058,400
1748,2024,10,NW,mean_duration_days,8.384615384615385,400
1749,2024,10,NW,mean_intensity_degC,1.4650462865829468,400
1750,2024,10,NW,number_of_events,13.0,400
1751,2024,10,NW,sum_area_km2,1088.5384920452975,400
1752,2024,11,NW,activity_degC_days_m2,153932845982.23938,400
1753,2024,11,NW,mean_area_km2,76.45617112723163,400
1754,2024,11,NW,mean_duration_days,24.107142857142858,400
1755,2024,11,NW,mean_intensity_degC,1.3606449365615845,400
1756,2024,11,NW,number_of_events,28.0,400
1757,2024,11,NW,sum_area_km2,2140.7727915624855,400
1758,2024,12,NW,activity_degC_days_m2,431421198095.0354,400
1759,2024,12,NW,mean_area_km2,75.26105391106374,400
1760,2024,12,NW,mean_duration_days,8.571428571428571,400
1761,2024,12,NW,mean_intensity_degC,1.2629903554916382,400
1762,2024,12,NW,number_of_events,7.0,400
1763,2024,12,NW,sum_area_km2,526.8273773774462,400
1764,2025,1,NW,activity_degC_days_m2,122285773194.72072,400
1765,2025,1,NW,mean_area_km2,75.73737687203807,400
1766,2025,1,NW,mean_duration_days,7.681818181818182,400
1767,2025,1,NW,mean_intensity_degC,0.9395558834075928,400
1768,2025,1,NW,number_of_events,22.0,400
1769,2025,1,NW,sum_area_km2,1666.2222911848376,400
1770,2025,2,NW,activity_degC_days_m2,45418747818.297005,400
1771,2025,2,NW,mean_area_km2,83.64292189693427,400
1772,2025,2,NW,mean_duration_days,9.5,400
1773,2025,2,NW,mean_intensity_degC,0.9428019523620604,400
1774,2025,2,NW,number_of_events,14.0,400
1775,2025,2,NW,sum_area_km2,1171.0009065570798,400
1776,2025,3,NW,activity_degC_days_m2,67496962190.56937,400
1777,2025,3,NW,mean_area_km2,80.87020669132365,400
1778,2025,3,NW,mean_duration_days,7.117647058823529,400
1779,2025,3,NW,mean_intensity_degC,0.928317129611969,400
1780,2025,3,NW,number_of_events,17.0,400
1781,2025,3,NW,sum_area_km2,1374.793513752502,400
1782,2025,4,NW,activity_degC_days_m2,223847594620.6668,400
1783,2025,4,NW,mean_area_km2,76.90390368381549,400
1784,2025,4,NW,mean_duration_days,6.565217391304348,400
1785,2025,4,NW,mean_intensity_degC,1.6057010889053345,400
1786,2025,4,NW,number_of_events,23.0,400
1787,2025,4,NW,sum_area_km2,1768.789784727756,400
1788,2025,5,NW,activity_degC_days_m2,335863911566.74854,400
1789,2025,5,NW,mean_area_km2,78.19709268796713,400
1790,2025,5,NW,mean_duration_days,11.366666666666667,400
1791,2025,5,NW,mean_intensity_degC,1.5585373640060425,400
1792,2025,5,NW,number_of_events,30.0,400
1793,2025,5,NW,sum_area_km2,2345.912780639014,400
1794,2025,6,NW,activity_degC_days_m2,6214035072.919264,400
1795,2025,6,NW,mean_area_km2,77.42178884142646,400
1796,2025,6,NW,mean_duration_days,5.5,400
1797,2025,6,NW,mean_intensity_degC,1.1965036392211914,400
1798,2025,6,NW,number_of_events,2.0,400
1799,2025,6,NW,sum_area_km2,154.84357768285292,400
1800,2025,7,NW,activity_degC_days_m2,1172402367.6382315,400
1801,2025,7,NW,mean_intensity_degC,0.9940052032470704,400
1802,2025,8,NW,activity_degC_days_m2,0.0,400
1803,2025,8,NW,mean_intensity_degC,,400
1804,2025,9,NW,activity_degC_days_m2,0.0,400
1805,2025,9,NW,mean_intensity_degC,,400
1806,2025,10,NW,activity_degC_days_m2,0.0,400
1807,2025,10,NW,mean_intensity_degC,,400
1808,2025,11,NW,activity_degC_days_m2,3781851821.090371,400
1809,2025,11,NW,mean_area_km2,62.31112826154364,400
1810,2025,11,NW,mean_duration_days,5.0,400
1811,2025,11,NW,mean_intensity_degC,1.2616863250732422,400
1812,2025,11,NW,number_of_events,1.0,400
1813,2025,11,NW,sum_area_km2,62.31112826154364,400
1814,2025,12,NW,activity_degC_days_m2,0.0,400
1815,2025,12,NW,mean_intensity_degC,,400
1816,1981,9,S,activity_degC_days_m2,0.0,400
1817,1981,9,S,mean_intensity_degC,,400
1818,1981,10,S,activity_degC_days_m2,0.0,400
1819,1981,10,S,mean_intensity_degC,,400
1820,1981,11,S,activity_degC_days_m2,998540252.8807513,400
1821,1981,11,S,mean_area_km2,32.023208888210064,400
1822,1981,11,S,mean_duration_days,5.0,400
1823,1981,11,S,mean_intensity_degC,1.6153068542480469,400
1824,1981,11,S,number_of_events,1.0,400
1825,1981,11,S,sum_area_km2,32.023208888210064,400
1826,1981,12,S,activity_degC_days_m2,3680840099.2641335,400
1827,1981,12,S,mean_intensity_degC,1.4885945320129397,400
1828,1982,1,S,activity_degC_days_m2,0.0,400
1829,1982,1,S,mean_intensity_degC,,400
1830,1982,2,S,activity_degC_days_m2,0.0,400
1831,1982,2,S,mean_intensity_degC,,400
1832,1982,3,S,activity_degC_days_m2,0.0,400
1833,1982,3,S,mean_intensity_degC,,400
1834,1982,4,S,activity_degC_days_m2,0.0,400
1835,1982,4,S,mean_intensity_degC,,400
1836,1982,5,S,activity_degC_days_m2,22506838518.33915,400
1837,1982,5,S,mean_area_km2,33.70751777103843,400
1838,1982,5,S,mean_duration_days,5.0,400
1839,1982,5,S,mean_intensity_degC,1.810931921005249,400
1840,1982,5,S,number_of_events,4.0,400
1841,1982,5,S,sum_area_km2,134.83007108415373,400
1842,1982,6,S,activity_degC_days_m2,0.0,400
1843,1982,6,S,mean_intensity_degC,,400
1844,1982,7,S,activity_degC_days_m2,0.0,400
1845,1982,7,S,mean_intensity_degC,,400
1846,1982,8,S,activity_degC_days_m2,0.0,400
1847,1982,8,S,mean_intensity_degC,,400
1848,1982,9,S,activity_degC_days_m2,45981551968.97427,400
1849,1982,9,S,mean_area_km2,34.04437954760412,400
1850,1982,9,S,mean_duration_days,7.6,400
1851,1982,9,S,mean_intensity_degC,1.9339632987976072,400
1852,1982,9,S,number_of_events,5.0,400
1853,1982,9,S,sum_area_km2,170.2218977380206,400
1854,1982,10,S,activity_degC_days_m2,0.0,400
1855,1982,10,S,mean_intensity_degC,,400
1856,1982,11,S,activity_degC_days_m2,0.0,400
1857,1982,11,S,mean_intensity_degC,,400
1858,1982,12,S,activity_degC_days_m2,0.0,400
1859,1982,12,S,mean_intensity_degC,,400
1860,1983,1,S,activity_degC_days_m2,0.0,400
1861,1983,1,S,mean_intensity_degC,,400
1862,1983,2,S,activity_degC_days_m2,0.0,400
1863,1983,2,S,mean_intensity_degC,,400
1864,1983,3,S,activity_degC_days_m2,18407201752.910477,400
1865,1983,3,S,mean_area_km2,32.86536332962425,400
1866,1983,3,S,mean_duration_days,6.5,400
1867,1983,3,S,mean_intensity_degC,1.1203525066375732,400
1868,1983,3,S,number_of_events,4.0,400
1869,1983,3,S,sum_area_km2,131.461453318497,400
1870,1983,4,S,activity_degC_days_m2,0.0,400
1871,1983,4,S,mean_intensity_degC,,400
1872,1983,5,S,activity_degC_days_m2,0.0,400
1873,1983,5,S,mean_intensity_degC,,400
1874,1983,6,S,activity_degC_days_m2,0.0,400
1875,1983,6,S,mean_intensity_degC,,400
1876,1983,7,S,activity_degC_days_m2,0.0,400
1877,1983,7,S,mean_intensity_degC,,400
1878,1983,8,S,activity_degC_days_m2,0.0,400
1879,1983,8,S,mean_intensity_degC,,400
1880,1983,9,S,activity_degC_days_m2,0.0,400
1881,1983,9,S,mean_intensity_degC,,400
1882,1983,10,S,activity_degC_days_m2,7123560724.650721,400
1883,1983,10,S,mean_area_km2,35.39182665386684,400
1884,1983,10,S,mean_duration_days,6.0,400
1885,1983,10,S,mean_intensity_degC,1.926918387413025,400
1886,1983,10,S,number_of_events,1.0,400
1887,1983,10,S,sum_area_km2,35.39182665386684,400
1888,1983,11,S,activity_degC_days_m2,34963681066.2394,400
1889,1983,11,S,mean_area_km2,32.98567110696916,400
1890,1983,11,S,mean_duration_days,7.571428571428571,400
1891,1983,11,S,mean_intensity_degC,1.642931580543518,400
1892,1983,11,S,number_of_events,7.0,400
1893,1983,11,S,sum_area_km2,230.89969774878412,400
1894,1983,12,S,activity_degC_days_m2,19528615262.742725,400
1895,1983,12,S,mean_intensity_degC,1.624814510345459,400
1896,1984,1,S,activity_degC_days_m2,0.0,400
1897,1984,1,S,mean_intensity_degC,,400
1898,1984,2,S,activity_degC_days_m2,0.0,400
1899,1984,2,S,mean_intensity_degC,,400
1900,1984,3,S,activity_degC_days_m2,0.0,400
1901,1984,3,S,mean_intensity_degC,,400
1902,1984,4,S,activity_degC_days_m2,0.0,400
1903,1984,4,S,mean_intensity_degC,,400
1904,1984,5,S,activity_degC_days_m2,0.0,400
1905,1984,5,S,mean_intensity_degC,,400
1906,1984,6,S,activity_degC_days_m2,0.0,400
1907,1984,6,S,mean_intensity_degC,,400
1908,1984,7,S,activity_degC_days_m2,0.0,400
1909,1984,7,S,mean_intensity_degC,,400
1910,1984,8,S,activity_degC_days_m2,0.0,400
1911,1984,8,S,mean_intensity_degC,,400
1912,1984,9,S,activity_degC_days_m2,0.0,400
1913,1984,9,S,mean_intensity_degC,,400
1914,1984,10,S,activity_degC_days_m2,0.0,400
1915,1984,10,S,mean_intensity_degC,,400
1916,1984,11,S,activity_degC_days_m2,0.0,400
1917,1984,11,S,mean_intensity_degC,,400
1918,1984,12,S,activity_degC_days_m2,0.0,400
1919,1984,12,S,mean_intensity_degC,,400
1920,1985,1,S,activity_degC_days_m2,0.0,400
1921,1985,1,S,mean_intensity_degC,,400
1922,1985,2,S,activity_degC_days_m2,0.0,400
1923,1985,2,S,mean_intensity_degC,,400
1924,1985,3,S,activity_degC_days_m2,0.0,400
1925,1985,3,S,mean_intensity_degC,,400
1926,1985,4,S,activity_degC_days_m2,0.0,400
1927,1985,4,S,mean_intensity_degC,,400
1928,1985,5,S,activity_degC_days_m2,0.0,400
1929,1985,5,S,mean_intensity_degC,,400
1930,1985,6,S,activity_degC_days_m2,0.0,400
1931,1985,6,S,mean_intensity_degC,,400
1932,1985,7,S,activity_degC_days_m2,0.0,400
1933,1985,7,S,mean_intensity_degC,,400
1934,1985,8,S,activity_degC_days_m2,0.0,400
1935,1985,8,S,mean_intensity_degC,,400
1936,1985,9,S,activity_degC_days_m2,5123421561.487721,400
1937,1985,9,S,mean_area_km2,35.39182665386684,400
1938,1985,9,S,mean_duration_days,6.0,400
1939,1985,9,S,mean_intensity_degC,1.663058519363403,400
1940,1985,9,S,number_of_events,1.0,400
1941,1985,9,S,sum_area_km2,35.39182665386684,400
1942,1985,10,S,activity_degC_days_m2,5670653360.008413,400
1943,1985,10,S,mean_area_km2,35.39182665386684,400
1944,1985,10,S,mean_duration_days,5.0,400
1945,1985,10,S,mean_intensity_degC,1.5339078903198242,400
1946,1985,10,S,number_of_events,1.0,400
1947,1985,10,S,sum_area_km2,35.39182665386684,400
1948,1985,11,S,activity_degC_days_m2,0.0,400
1949,1985,11,S,mean_intensity_degC,,400
1950,1985,12,S,activity_degC_days_m2,0.0,400
1951,1985,12,S,mean_intensity_degC,,400
1952,1986,1,S,activity_degC_days_m2,0.0,400
1953,1986,1,S,mean_intensity_degC,,400
1954,1986,2,S,activity_degC_days_m2,0.0,400
1955,1986,2,S,mean_intensity_degC,,400
1956,1986,3,S,activity_degC_days_m2,0.0,400
1957,1986,3,S,mean_intensity_degC,,400
1958,1986,4,S,activity_degC_days_m2,0.0,400
1959,1986,4,S,mean_intensity_degC,,400
1960,1986,5,S,activity_degC_days_m2,0.0,400
1961,1986,5,S,mean_intensity_degC,,400
1962,1986,6,S,activity_degC_days_m2,0.0,400
1963,1986,6,S,mean_intensity_degC,,400
1964,1986,7,S,activity_degC_days_m2,0.0,400
1965,1986,7,S,mean_intensity_degC,,400
1966,1986,8,S,activity_degC_days_m2,0.0,400
1967,1986,8,S,mean_intensity_degC,,400
1968,1986,9,S,activity_degC_days_m2,0.0,400
1969,1986,9,S,mean_intensity_degC,,400
1970,1986,10,S,activity_degC_days_m2,0.0,400
1971,1986,10,S,mean_intensity_degC,,400
1972,1986,11,S,activity_degC_days_m2,0.0,400
1973,1986,11,S,mean_intensity_degC,,400
1974,1986,12,S,activity_degC_days_m2,0.0,400
1975,1986,12,S,mean_intensity_degC,,400
1976,1987,1,S,activity_degC_days_m2,0.0,400
1977,1987,1,S,mean_intensity_degC,,400
1978,1987,2,S,activity_degC_days_m2,0.0,400
1979,1987,2,S,mean_intensity_degC,,400
1980,1987,3,S,activity_degC_days_m2,32142496625.963795,400
1981,1987,3,S,mean_area_km2,33.146081476762326,400
1982,1987,3,S,mean_duration_days,6.833333333333333,400
1983,1987,3,S,mean_intensity_degC,1.2004692554473877,400
1984,1987,3,S,number_of_events,6.0,400
1985,1987,3,S,sum_area_km2,198.87648886057391,400
1986,1987,4,S,activity_degC_days_m2,0.0,400
1987,1987,4,S,mean_intensity_degC,,400
1988,1987,5,S,activity_degC_days_m2,0.0,400
1989,1987,5,S,mean_intensity_degC,,400
1990,1987,6,S,activity_degC_days_m2,0.0,400
1991,1987,6,S,mean_intensity_degC,,400
1992,1987,7,S,activity_degC_days_m2,9191629492.102331,400
1993,1987,7,S,mean_area_km2,32.023208888210114,400
1994,1987,7,S,mean_duration_days,5.5,400
1995,1987,7,S,mean_intensity_degC,1.3305109739303589,400
1996,1987,7,S,number_of_events,2.0,400
1997,1987,7,S,sum_area_km2,64.04641777642023,400
1998,1987,8,S,activity_degC_days_m2,10702799945.395111,400
1999,1987,8,S,mean_area_km2,32.023208888210114,400
2000,1987,8,S,mean_duration_days,5.0,400
2001,1987,8,S,mean_intensity_degC,1.7313579320907593,400
2002,1987,8,S,number_of_events,2.0,400
2003,1987,8,S,sum_area_km2,64.04641777642023,400
2004,1987,9,S,activity_degC_days_m2,104949741416.41568,400
2005,1987,9,S,mean_area_km2,33.146081476762326,400
2006,1987,9,S,mean_duration_days,14.333333333333334,400
2007,1987,9,S,mean_intensity_degC,2.0332531929016113,400
2008,1987,9,S,number_of_events,6.0,400
2009,1987,9,S,sum_area_km2,198.87648886057391,400
2010,1987,10,S,activity_degC_days_m2,3625439005.3011303,400
2011,1987,10,S,mean_intensity_degC,1.4661893844604492,400
2012,1987,11,S,activity_degC_days_m2,0.0,400
2013,1987,11,S,mean_intensity_degC,,400
2014,1987,12,S,activity_degC_days_m2,0.0,400
2015,1987,12,S,mean_intensity_degC,,400
2016,1988,1,S,activity_degC_days_m2,0.0,400
2017,1988,1,S,mean_intensity_degC,,400
2018,1988,2,S,activity_degC_days_m2,0.0,400
2019,1988,2,S,mean_intensity_degC,,400
2020,1988,3,S,activity_degC_days_m2,0.0,400
2021,1988,3,S,mean_intensity_degC,,400
2022,1988,4,S,activity_degC_days_m2,0.0,400
2023,1988,4,S,mean_intensity_degC,,400
2024,1988,5,S,activity_degC_days_m2,0.0,400
2025,1988,5,S,mean_intensity_degC,,400
2026,1988,6,S,activity_degC_days_m2,0.0,400
2027,1988,6,S,mean_intensity_degC,,400
2028,1988,7,S,activity_degC_days_m2,1078956802.049064,400
2029,1988,7,S,mean_area_km2,35.39182665386666,400
2030,1988,7,S,mean_duration_days,8.0,400
2031,1988,7,S,mean_intensity_degC,1.751142501831055,400
2032,1988,7,S,number_of_events,1.0,400
2033,1988,7,S,sum_area_km2,35.39182665386666,400
2034,1988,8,S,activity_degC_days_m2,8468666777.838469,400
2035,1988,8,S,mean_intensity_degC,1.9635159969329832,400
2036,1988,9,S,activity_degC_days_m2,0.0,400
2037,1988,9,S,mean_intensity_degC,,400
2038,1988,10,S,activity_degC_days_m2,0.0,400
2039,1988,10,S,mean_intensity_degC,,400
2040,1988,11,S,activity_degC_days_m2,0.0,400
2041,1988,11,S,mean_intensity_degC,,400
2042,1988,12,S,activity_degC_days_m2,0.0,400
2043,1988,12,S,mean_intensity_degC,,400
2044,1989,1,S,activity_degC_days_m2,0.0,400
2045,1989,1,S,mean_intensity_degC,,400
2046,1989,2,S,activity_degC_days_m2,0.0,400
2047,1989,2,S,mean_intensity_degC,,400
2048,1989,3,S,activity_degC_days_m2,0.0,400
2049,1989,3,S,mean_intensity_degC,,400
2050,1989,4,S,activity_degC_days_m2,0.0,400
2051,1989,4,S,mean_intensity_degC,,400
2052,1989,5,S,activity_degC_days_m2,0.0,400
2053,1989,5,S,mean_intensity_degC,,400
2054,1989,6,S,activity_degC_days_m2,0.0,400
2055,1989,6,S,mean_intensity_degC,,400
2056,1989,7,S,activity_degC_days_m2,80001242280.46738,400
2057,1989,7,S,mean_area_km2,33.146081476762326,400
2058,1989,7,S,mean_duration_days,17.833333333333332,400
2059,1989,7,S,mean_intensity_degC,2.209437131881714,400
2060,1989,7,S,number_of_events,6.0,400
2061,1989,7,S,sum_area_km2,198.87648886057391,400
2062,1989,8,S,activity_degC_days_m2,82117500738.04662,400
2063,1989,8,S,mean_area_km2,32.023208888210064,400
2064,1989,8,S,mean_duration_days,5.0,400
2065,1989,8,S,mean_intensity_degC,2.1062350273132324,400
2066,1989,8,S,number_of_events,1.0,400
2067,1989,8,S,sum_area_km2,32.023208888210064,400
2068,1989,9,S,activity_degC_days_m2,0.0,400
2069,1989,9,S,mean_intensity_degC,,400
2070,1989,10,S,activity_degC_days_m2,62490176065.45884,400
2071,1989,10,S,mean_area_km2,33.37065599447273,400
2072,1989,10,S,mean_duration_days,11.8,400
2073,1989,10,S,mean_intensity_degC,1.8233354091644287,400
2074,1989,10,S,number_of_events,5.0,400
2075,1989,10,S,sum_area_km2,166.85327997236365,400
2076,1989,11,S,activity_degC_days_m2,4270705314.013714,400
2077,1989,11,S,mean_intensity_degC,1.7328343391418457,400
2078,1989,12,S,activity_degC_days_m2,0.0,400
2079,1989,12,S,mean_intensity_degC,,400
2080,1990,1,S,activity_degC_days_m2,0.0,400
2081,1990,1,S,mean_intensity_degC,,400
2082,1990,2,S,activity_degC_days_m2,0.0,400
2083,1990,2,S,mean_intensity_degC,,400
2084,1990,3,S,activity_degC_days_m2,4030091447.111765,400
2085,1990,3,S,mean_area_km2,35.39182665386684,400
2086,1990,3,S,mean_duration_days,6.0,400
2087,1990,3,S,mean_intensity_degC,1.090137004852295,400
2088,1990,3,S,number_of_events,1.0,400
2089,1990,3,S,sum_area_km2,35.39182665386684,400
2090,1990,4,S,activity_degC_days_m2,0.0,400
2091,1990,4,S,mean_intensity_degC,,400
2092,1990,5,S,activity_degC_days_m2,4460720256.1856785,400
2093,1990,5,S,mean_area_km2,35.39182665386666,400
2094,1990,5,S,mean_duration_days,6.0,400
2095,1990,5,S,mean_intensity_degC,1.206621766090393,400
2096,1990,5,S,number_of_events,1.0,400
2097,1990,5,S,sum_area_km2,35.39182665386666,400
2098,1990,6,S,activity_degC_days_m2,0.0,400
2099,1990,6,S,mean_intensity_degC,,400
2100,1990,7,S,activity_degC_days_m2,33613868293.385223,400
2101,1990,7,S,mean_area_km2,32.02320888821012,400
2102,1990,7,S,mean_duration_days,10.333333333333334,400
2103,1990,7,S,mean_intensity_degC,1.7300721406936646,400
2104,1990,7,S,number_of_events,3.0,400
2105,1990,7,S,sum_area_km2,96.06962666463036,400
2106,1990,8,S,activity_degC_days_m2,35114422238.936714,400
2107,1990,8,S,mean_area_km2,33.70751777103844,400
2108,1990,8,S,mean_duration_days,6.0,400
2109,1990,8,S,mean_intensity_degC,2.1784069538116455,400
2110,1990,8,S,number_of_events,4.0,400
2111,1990,8,S,sum_area_km2,134.83007108415376,400
2112,1990,9,S,activity_degC_days_m2,0.0,400
2113,1990,9,S,mean_intensity_degC,,400
2114,1990,10,S,activity_degC_days_m2,0.0,400
2115,1990,10,S,mean_intensity_degC,,400
2116,1990,11,S,activity_degC_days_m2,0.0,400
2117,1990,11,S,mean_intensity_degC,,400
2118,1990,12,S,activity_degC_days_m2,0.0,400
2119,1990,12,S,mean_intensity_degC,,400
2120,1991,1,S,activity_degC_days_m2,0.0,400
2121,1991,1,S,mean_intensity_degC,,400
2122,1991,2,S,activity_degC_days_m2,0.0,400
2123,1991,2,S,mean_intensity_degC,,400
2124,1991,3,S,activity_degC_days_m2,0.0,400
2125,1991,3,S,mean_intensity_degC,,400
2126,1991,4,S,activity_degC_days_m2,0.0,400
2127,1991,4,S,mean_intensity_degC,,400
2128,1991,5,S,activity_degC_days_m2,0.0,400
2129,1991,5,S,mean_intensity_degC,,400
2130,1991,6,S,activity_degC_days_m2,0.0,400
2131,1991,6,S,mean_intensity_degC,,400
2132,1991,7,S,activity_degC_days_m2,0.0,400
2133,1991,7,S,mean_intensity_degC,,400
2134,1991,8,S,activity_degC_days_m2,90917844284.40147,400
2135,1991,8,S,mean_area_km2,32.584645182486206,400
2136,1991,8,S,mean_duration_days,15.333333333333334,400
2137,1991,8,S,mean_intensity_degC,2.226365566253662,400
2138,1991,8,S,number_of_events,6.0,400
2139,1991,8,S,sum_area_km2,195.50787109491725,400
2140,1991,9,S,activity_degC_days_m2,55089148803.304214,400
2141,1991,9,S,mean_area_km2,32.865363329624266,400
2142,1991,9,S,mean_duration_days,6.5,400
2143,1991,9,S,mean_intensity_degC,1.568298578262329,400
2144,1991,9,S,number_of_events,4.0,400
2145,1991,9,S,sum_area_km2,131.46145331849706,400
2146,1991,10,S,activity_degC_days_m2,0.0,400
2147,1991,10,S,mean_intensity_degC,,400
2148,1991,11,S,activity_degC_days_m2,0.0,400
2149,1991,11,S,mean_intensity_degC,,400
2150,1991,12,S,activity_degC_days_m2,0.0,400
2151,1991,12,S,mean_intensity_degC,,400
2152,1992,1,S,activity_degC_days_m2,0.0,400
2153,1992,1,S,mean_intensity_degC,,400
2154,1992,2,S,activity_degC_days_m2,0.0,400
2155,1992,2,S,mean_intensity_degC,,400
2156,1992,3,S,activity_degC_days_m2,0.0,400
2157,1992,3,S,mean_intensity_degC,,400
2158,1992,4,S,activity_degC_days_m2,0.0,400
2159,1992,4,S,mean_intensity_degC,,400
2160,1992,5,S,activity_degC_days_m2,0.0,400
2161,1992,5,S,mean_intensity_degC,,400
2162,1992,6,S,activity_degC_days_m2,0.0,400
2163,1992,6,S,mean_intensity_degC,,400
2164,1992,7,S,activity_degC_days_m2,0.0,400
2165,1992,7,S,mean_intensity_degC,,400
2166,1992,8,S,activity_degC_days_m2,0.0,400
2167,1992,8,S,mean_intensity_degC,,400
2168,1992,9,S,activity_degC_days_m2,0.0,400
2169,1992,9,S,mean_intensity_degC,,400
2170,1992,10,S,activity_degC_days_m2,0.0,400
2171,1992,10,S,mean_intensity_degC,,400
2172,1992,11,S,activity_degC_days_m2,0.0,400
2173,1992,11,S,mean_intensity_degC,,400
2174,1992,12,S,activity_degC_days_m2,0.0,400
2175,1992,12,S,mean_intensity_degC,,400
2176,1993,1,S,activity_degC_days_m2,0.0,400
2177,1993,1,S,mean_intensity_degC,,400
2178,1993,2,S,activity_degC_days_m2,0.0,400
2179,1993,2,S,mean_intensity_degC,,400
2180,1993,3,S,activity_degC_days_m2,0.0,400
2181,1993,3,S,mean_intensity_degC,,400
2182,1993,4,S,activity_degC_days_m2,0.0,400
2183,1993,4,S,mean_intensity_degC,,400
2184,1993,5,S,activity_degC_days_m2,0.0,400
2185,1993,5,S,mean_intensity_degC,,400
2186,1993,6,S,activity_degC_days_m2,0.0,400
2187,1993,6,S,mean_intensity_degC,,400
2188,1993,7,S,activity_degC_days_m2,17298920241.863926,400
2189,1993,7,S,mean_area_km2,33.14608147676231,400
2190,1993,7,S,mean_duration_days,5.666666666666667,400
2191,1993,7,S,mean_intensity_degC,1.867864012718201,400
2192,1993,7,S,number_of_events,3.0,400
2193,1993,7,S,sum_area_km2,99.43824443028694,400
2194,1993,8,S,activity_degC_days_m2,1742360747.7939634,400
2195,1993,8,S,mean_intensity_degC,1.4117774963378906,400
2196,1993,9,S,activity_degC_days_m2,0.0,400
2197,1993,9,S,mean_intensity_degC,,400
2198,1993,10,S,activity_degC_days_m2,0.0,400
2199,1993,10,S,mean_intensity_degC,,400
2200,1993,11,S,activity_degC_days_m2,0.0,400
2201,1993,11,S,mean_intensity_degC,,400
2202,1993,12,S,activity_degC_days_m2,0.0,400
2203,1993,12,S,mean_intensity_degC,,400
2204,1994,1,S,activity_degC_days_m2,0.0,400
2205,1994,1,S,mean_intensity_degC,,400
2206,1994,2,S,activity_degC_days_m2,0.0,400
2207,1994,2,S,mean_intensity_degC,,400
2208,1994,3,S,activity_degC_days_m2,0.0,400
2209,1994,3,S,mean_intensity_degC,,400
2210,1994,4,S,activity_degC_days_m2,0.0,400
2211,1994,4,S,mean_intensity_degC,,400
2212,1994,5,S,activity_degC_days_m2,0.0,400
2213,1994,5,S,mean_intensity_degC,,400
2214,1994,6,S,activity_degC_days_m2,0.0,400
2215,1994,6,S,mean_intensity_degC,,400
2216,1994,7,S,activity_degC_days_m2,0.0,400
2217,1994,7,S,mean_intensity_degC,,400
2218,1994,8,S,activity_degC_days_m2,0.0,400
2219,1994,8,S,mean_intensity_degC,,400
2220,1994,9,S,activity_degC_days_m2,0.0,400
2221,1994,9,S,mean_intensity_degC,,400
2222,1994,10,S,activity_degC_days_m2,0.0,400
2223,1994,10,S,mean_intensity_degC,,400
2224,1994,11,S,activity_degC_days_m2,0.0,400
2225,1994,11,S,mean_intensity_degC,,400
2226,1994,12,S,activity_degC_days_m2,10807191933.538095,400
2227,1994,12,S,mean_area_km2,34.26895406531445,400
2228,1994,12,S,mean_duration_days,5.666666666666667,400
2229,1994,12,S,mean_intensity_degC,1.0828888416290283,400
2230,1994,12,S,number_of_events,3.0,400
2231,1994,12,S,sum_area_km2,102.80686219594337,400
2232,1995,1,S,activity_degC_days_m2,0.0,400
2233,1995,1,S,mean_intensity_degC,,400
2234,1995,2,S,activity_degC_days_m2,25444844084.765316,400
2235,1995,2,S,mean_area_km2,32.584645182486234,400
2236,1995,2,S,mean_duration_days,6.5,400
2237,1995,2,S,mean_intensity_degC,1.037470459938049,400
2238,1995,2,S,number_of_events,6.0,400
2239,1995,2,S,sum_area_km2,195.50787109491745,400
2240,1995,3,S,activity_degC_days_m2,0.0,400
2241,1995,3,S,mean_intensity_degC,,400
2242,1995,4,S,activity_degC_days_m2,29924546760.17875,400
2243,1995,4,S,mean_area_km2,33.37065599447278,400
2244,1995,4,S,mean_duration_days,7.8,400
2245,1995,4,S,mean_intensity_degC,1.225888967514038,400
2246,1995,4,S,number_of_events,5.0,400
2247,1995,4,S,sum_area_km2,166.85327997236388,400
2248,1995,5,S,activity_degC_days_m2,0.0,400
2249,1995,5,S,mean_intensity_degC,,400
2250,1995,6,S,activity_degC_days_m2,0.0,400
2251,1995,6,S,mean_intensity_degC,,400
2252,1995,7,S,activity_degC_days_m2,0.0,400
2253,1995,7,S,mean_intensity_degC,,400
2254,1995,8,S,activity_degC_days_m2,0.0,400
2255,1995,8,S,mean_intensity_degC,,400
2256,1995,9,S,activity_degC_days_m2,0.0,400
2257,1995,9,S,mean_intensity_degC,,400
2258,1995,10,S,activity_degC_days_m2,11553469039.436298,400
2259,1995,10,S,mean_area_km2,33.70751777103836,400
2260,1995,10,S,mean_duration_days,5.0,400
2261,1995,10,S,mean_intensity_degC,1.8723955154418943,400
2262,1995,10,S,number_of_events,2.0,400
2263,1995,10,S,sum_area_km2,67.41503554207672,400
2264,1995,11,S,activity_degC_days_m2,122491372073.15717,400
2265,1995,11,S,mean_area_km2,33.466902216348686,400
2266,1995,11,S,mean_duration_days,17.857142857142858,400
2267,1995,11,S,mean_intensity_degC,1.5565991401672363,400
2268,1995,11,S,number_of_events,7.0,400
2269,1995,11,S,sum_area_km2,234.2683155144408,400
2270,1995,12,S,activity_degC_days_m2,3098842890.278886,400
2271,1995,12,S,mean_area_km2,35.39182665386684,400
2272,1995,12,S,mean_duration_days,12.0,400
2273,1995,12,S,mean_intensity_degC,1.257352352142334,400
2274,1995,12,S,number_of_events,1.0,400
2275,1995,12,S,sum_area_km2,35.39182665386684,400
2276,1996,1,S,activity_degC_days_m2,38255962368.20663,400
2277,1996,1,S,mean_area_km2,33.1460814767623,400
2278,1996,1,S,mean_duration_days,8.0,400
2279,1996,1,S,mean_intensity_degC,1.098308563232422,400
2280,1996,1,S,number_of_events,6.0,400
2281,1996,1,S,sum_area_km2,198.87648886057377,400
2282,1996,2,S,activity_degC_days_m2,0.0,400
2283,1996,2,S,mean_intensity_degC,,400
2284,1996,3,S,activity_degC_days_m2,0.0,400
2285,1996,3,S,mean_intensity_degC,,400
2286,1996,4,S,activity_degC_days_m2,0.0,400
2287,1996,4,S,mean_intensity_degC,,400
2288,1996,5,S,activity_degC_days_m2,0.0,400
2289,1996,5,S,mean_intensity_degC,,400
2290,1996,6,S,activity_degC_days_m2,38934788625.66623,400
2291,1996,6,S,mean_area_km2,33.14608147676232,400
2292,1996,6,S,mean_duration_days,6.777777777777778,400
2293,1996,6,S,mean_intensity_degC,1.87419593334198,400
2294,1996,6,S,number_of_events,9.0,400
2295,1996,6,S,sum_area_km2,298.3147332908609,400
2296,1996,7,S,activity_degC_days_m2,99259516205.48012,400
2297,1996,7,S,mean_area_km2,33.146081476762326,400
2298,1996,7,S,mean_duration_days,9.0,400
2299,1996,7,S,mean_intensity_degC,1.8318490982055664,400
2300,1996,7,S,number_of_events,6.0,400
2301,1996,7,S,sum_area_km2,198.87648886057391,400
2302,1996,8,S,activity_degC_days_m2,0.0,400
2303,1996,8,S,mean_intensity_degC,,400
2304,1996,9,S,activity_degC_days_m2,0.0,400
2305,1996,9,S,mean_intensity_degC,,400
2306,1996,10,S,activity_degC_days_m2,0.0,400
2307,1996,10,S,mean_intensity_degC,,400
2308,1996,11,S,activity_degC_days_m2,0.0,400
2309,1996,11,S,mean_intensity_degC,,400
2310,1996,12,S,activity_degC_days_m2,0.0,400
2311,1996,12,S,mean_intensity_degC,,400
2312,1997,1,S,activity_degC_days_m2,0.0,400
2313,1997,1,S,mean_intensity_degC,,400
2314,1997,2,S,activity_degC_days_m2,0.0,400
2315,1997,2,S,mean_intensity_degC,,400
2316,1997,3,S,activity_degC_days_m2,116190181677.13652,400
2317,1997,3,S,mean_area_km2,32.86536332962427,400
2318,1997,3,S,mean_duration_days,27.125,400
2319,1997,3,S,mean_intensity_degC,1.204445719718933,400
2320,1997,3,S,number_of_events,8.0,400
2321,1997,3,S,sum_area_km2,262.9229066369942,400
2322,1997,4,S,activity_degC_days_m2,89309617233.16788,400
2323,1997,4,S,mean_area_km2,33.03379421790712,400
2324,1997,4,S,mean_duration_days,6.9,400
2325,1997,4,S,mean_intensity_degC,1.3398422002792358,400
2326,1997,4,S,number_of_events,10.0,400
2327,1997,4,S,sum_area_km2,330.3379421790712,400
2328,1997,5,S,activity_degC_days_m2,24980059177.903152,400
2329,1997,5,S,mean_intensity_degC,1.467198610305786,400
2330,1997,6,S,activity_degC_days_m2,5031088337.767868,400
2331,1997,6,S,mean_area_km2,32.023208888210064,400
2332,1997,6,S,mean_duration_days,6.0,400
2333,1997,6,S,mean_intensity_degC,1.3564386367797852,400
2334,1997,6,S,number_of_events,1.0,400
2335,1997,6,S,sum_area_km2,32.023208888210064,400
2336,1997,7,S,activity_degC_days_m2,1396210854.6503303,400
2337,1997,7,S,mean_area_km2,32.023208888210114,400
2338,1997,7,S,mean_duration_days,5.0,400
2339,1997,7,S,mean_intensity_degC,1.129302978515625,400
2340,1997,7,S,number_of_events,2.0,400
2341,1997,7,S,sum_area_km2,64.04641777642023,400
2342,1997,8,S,activity_degC_days_m2,6380482927.560298,400
2343,1997,8,S,mean_intensity_degC,1.2901880741119385,400
2344,1997,9,S,activity_degC_days_m2,95107047719.87073,400
2345,1997,9,S,mean_area_km2,33.46690221634866,400
2346,1997,9,S,mean_duration_days,12.285714285714286,400
2347,1997,9,S,mean_intensity_degC,1.7593491077423096,400
2348,1997,9,S,number_of_events,7.0,400
2349,1997,9,S,sum_area_km2,234.26831551444064,400
2350,1997,10,S,activity_degC_days_m2,43086051368.20216,400
2351,1997,10,S,mean_area_km2,33.707517771038425,400
2352,1997,10,S,mean_duration_days,6.666666666666667,400
2353,1997,10,S,mean_intensity_degC,1.7451907396316528,400
2354,1997,10,S,number_of_events,6.0,400
2355,1997,10,S,sum_area_km2,202.24510662623055,400
2356,1997,11,S,activity_degC_days_m2,2926133281.8587604,400
2357,1997,11,S,mean_intensity_degC,1.5679240226745603,400
2358,1997,12,S,activity_degC_days_m2,0.0,400
2359,1997,12,S,mean_intensity_degC,,400
2360,1998,1,S,activity_degC_days_m2,0.0,400
2361,1998,1,S,mean_intensity_degC,,400
2362,1998,2,S,activity_degC_days_m2,57521333905.598816,400
2363,1998,2,S,mean_area_km2,33.146081476762326,400
2364,1998,2,S,mean_duration_days,15.0,400
2365,1998,2,S,mean_intensity_degC,1.206892728805542,400
2366,1998,2,S,number_of_events,6.0,400
2367,1998,2,S,sum_area_km2,198.87648886057391,400
2368,1998,3,S,activity_degC_days_m2,76695962251.51111,400
2369,1998,3,S,mean_area_km2,33.0337942179071,400
2370,1998,3,S,mean_duration_days,13.9,400
2371,1998,3,S,mean_intensity_degC,1.117317795753479,400
2372,1998,3,S,number_of_events,10.0,400
2373,1998,3,S,sum_area_km2,330.33794217907104,400
2374,1998,4,S,activity_degC_days_m2,45077247568.76691,400
2375,1998,4,S,mean_intensity_degC,1.5411897897720337,400
2376,1998,5,S,activity_degC_days_m2,0.0,400
2377,1998,5,S,mean_intensity_degC,,400
2378,1998,6,S,activity_degC_days_m2,0.0,400
2379,1998,6,S,mean_intensity_degC,,400
2380,1998,7,S,activity_degC_days_m2,0.0,400
2381,1998,7,S,mean_intensity_degC,,400
2382,1998,8,S,activity_degC_days_m2,0.0,400
2383,1998,8,S,mean_intensity_degC,,400
2384,1998,9,S,activity_degC_days_m2,0.0,400
2385,1998,9,S,mean_intensity_degC,,400
2386,1998,10,S,activity_degC_days_m2,0.0,400
2387,1998,10,S,mean_intensity_degC,,400
2388,1998,11,S,activity_degC_days_m2,0.0,400
2389,1998,11,S,mean_intensity_degC,,400
2390,1998,12,S,activity_degC_days_m2,0.0,400
2391,1998,12,S,mean_intensity_degC,,400
2392,1999,1,S,activity_degC_days_m2,0.0,400
2393,1999,1,S,mean_intensity_degC,,400
2394,1999,2,S,activity_degC_days_m2,0.0,400
2395,1999,2,S,mean_intensity_degC,,400
2396,1999,3,S,activity_degC_days_m2,0.0,400
2397,1999,3,S,mean_intensity_degC,,400
2398,1999,4,S,activity_degC_days_m2,13716944910.953238,400
2399,1999,4,S,mean_area_km2,33.146081476762376,400
2400,1999,4,S,mean_duration_days,6.0,400
2401,1999,4,S,mean_intensity_degC,1.2319815158843994,400
2402,1999,4,S,number_of_events,3.0,400
2403,1999,4,S,sum_area_km2,99.43824443028711,400
2404,1999,5,S,activity_degC_days_m2,0.0,400
2405,1999,5,S,mean_intensity_degC,,400
2406,1999,6,S,activity_degC_days_m2,0.0,400
2407,1999,6,S,mean_intensity_degC,,400
2408,1999,7,S,activity_degC_days_m2,0.0,400
2409,1999,7,S,mean_intensity_degC,,400
2410,1999,8,S,activity_degC_days_m2,0.0,400
2411,1999,8,S,mean_intensity_degC,,400
2412,1999,9,S,activity_degC_days_m2,0.0,400
2413,1999,9,S,mean_intensity_degC,,400
2414,1999,10,S,activity_degC_days_m2,0.0,400
2415,1999,10,S,mean_intensity_degC,,400
2416,1999,11,S,activity_degC_days_m2,0.0,400
2417,1999,11,S,mean_intensity_degC,,400
2418,1999,12,S,activity_degC_days_m2,0.0,400
2419,1999,12,S,mean_intensity_degC,,400
2420,2000,1,S,activity_degC_days_m2,0.0,400
2421,2000,1,S,mean_intensity_degC,,400
2422,2000,2,S,activity_degC_days_m2,0.0,400
2423,2000,2,S,mean_intensity_degC,,400
2424,2000,3,S,activity_degC_days_m2,14635828186.460045,400
2425,2000,3,S,mean_area_km2,33.70751777103843,400
2426,2000,3,S,mean_duration_days,6.5,400
2427,2000,3,S,mean_intensity_degC,0.8812055587768555,400
2428,2000,3,S,number_of_events,4.0,400
2429,2000,3,S,sum_area_km2,134.83007108415373,400
2430,2000,4,S,activity_degC_days_m2,0.0,400
2431,2000,4,S,mean_intensity_degC,,400
2432,2000,5,S,activity_degC_days_m2,5479791568.752098,400
2433,2000,5,S,mean_area_km2,32.02320888821012,400
2434,2000,5,S,mean_duration_days,6.0,400
2435,2000,5,S,mean_intensity_degC,1.4774141311645508,400
2436,2000,5,S,number_of_events,1.0,400
2437,2000,5,S,sum_area_km2,32.02320888821012,400
2438,2000,6,S,activity_degC_days_m2,0.0,400
2439,2000,6,S,mean_intensity_degC,,400
2440,2000,7,S,activity_degC_days_m2,0.0,400
2441,2000,7,S,mean_intensity_degC,,400
2442,2000,8,S,activity_degC_days_m2,49018479704.71408,400
2443,2000,8,S,mean_area_km2,32.86536332962425,400
2444,2000,8,S,mean_duration_days,8.5,400
2445,2000,8,S,mean_intensity_degC,2.332770824432373,400
2446,2000,8,S,number_of_events,4.0,400
2447,2000,8,S,sum_area_km2,131.461453318497,400
2448,2000,9,S,activity_degC_days_m2,0.0,400
2449,2000,9,S,mean_intensity_degC,,400
2450,2000,10,S,activity_degC_days_m2,0.0,400
2451,2000,10,S,mean_intensity_degC,,400
2452,2000,11,S,activity_degC_days_m2,0.0,400
2453,2000,11,S,mean_intensity_degC,,400
2454,2000,12,S,activity_degC_days_m2,0.0,400
2455,2000,12,S,mean_intensity_degC,,400
2456,2001,1,S,activity_degC_days_m2,0.0,400
2457,2001,1,S,mean_intensity_degC,,400
2458,2001,2,S,activity_degC_days_m2,0.0,400
2459,2001,2,S,mean_intensity_degC,,400
2460,2001,3,S,activity_degC_days_m2,0.0,400
2461,2001,3,S,mean_intensity_degC,,400
2462,2001,4,S,activity_degC_days_m2,0.0,400
2463,2001,4,S,mean_intensity_degC,,400
2464,2001,5,S,activity_degC_days_m2,0.0,400
2465,2001,5,S,mean_intensity_degC,,400
2466,2001,6,S,activity_degC_days_m2,0.0,400
2467,2001,6,S,mean_intensity_degC,,400
2468,2001,7,S,activity_degC_days_m2,0.0,400
2469,2001,7,S,mean_intensity_degC,,400
2470,2001,8,S,activity_degC_days_m2,0.0,400
2471,2001,8,S,mean_intensity_degC,,400
2472,2001,9,S,activity_degC_days_m2,0.0,400
2473,2001,9,S,mean_intensity_degC,,400
2474,2001,10,S,activity_degC_days_m2,0.0,400
2475,2001,10,S,mean_intensity_degC,,400
2476,2001,11,S,activity_degC_days_m2,0.0,400
2477,2001,11,S,mean_intensity_degC,,400
2478,2001,12,S,activity_degC_days_m2,0.0,400
2479,2001,12,S,mean_intensity_degC,,400
2480,2002,1,S,activity_degC_days_m2,6566211021.50875,400
2481,2002,1,S,mean_area_km2,35.39182665386675,400
2482,2002,1,S,mean_duration_days,6.0,400
2483,2002,1,S,mean_intensity_degC,0.8880777955055237,400
2484,2002,1,S,number_of_events,2.0,400
2485,2002,1,S,sum_area_km2,70.7836533077335,400
2486,2002,2,S,activity_degC_days_m2,0.0,400
2487,2002,2,S,mean_intensity_degC,,400
2488,2002,3,S,activity_degC_days_m2,23265473809.71018,400
2489,2002,3,S,mean_area_km2,33.146081476762326,400
2490,2002,3,S,mean_duration_days,5.666666666666667,400
2491,2002,3,S,mean_intensity_degC,1.0609824657440186,400
2492,2002,3,S,number_of_events,6.0,400
2493,2002,3,S,sum_area_km2,198.87648886057391,400
2494,2002,4,S,activity_degC_days_m2,0.0,400
2495,2002,4,S,mean_intensity_degC,,400
2496,2002,5,S,activity_degC_days_m2,0.0,400
2497,2002,5,S,mean_intensity_degC,,400
2498,2002,6,S,activity_degC_days_m2,0.0,400
2499,2002,6,S,mean_intensity_degC,,400
2500,2002,7,S,activity_degC_days_m2,0.0,400
2501,2002,7,S,mean_intensity_degC,,400
2502,2002,8,S,activity_degC_days_m2,0.0,400
2503,2002,8,S,mean_intensity_degC,,400
2504,2002,9,S,activity_degC_days_m2,0.0,400
2505,2002,9,S,mean_intensity_degC,,400
2506,2002,10,S,activity_degC_days_m2,0.0,400
2507,2002,10,S,mean_intensity_degC,,400
2508,2002,11,S,activity_degC_days_m2,0.0,400
2509,2002,11,S,mean_intensity_degC,,400
2510,2002,12,S,activity_degC_days_m2,0.0,400
2511,2002,12,S,mean_intensity_degC,,400
2512,2003,1,S,activity_degC_days_m2,0.0,400
2513,2003,1,S,mean_intensity_degC,,400
2514,2003,2,S,activity_degC_days_m2,0.0,400
2515,2003,2,S,mean_intensity_degC,,400
2516,2003,3,S,activity_degC_days_m2,0.0,400
2517,2003,3,S,mean_intensity_degC,,400
2518,2003,4,S,activity_degC_days_m2,0.0,400
2519,2003,4,S,mean_intensity_degC,,400
2520,2003,5,S,activity_degC_days_m2,0.0,400
2521,2003,5,S,mean_intensity_degC,,400
2522,2003,6,S,activity_degC_days_m2,10249361319.882114,400
2523,2003,6,S,mean_area_km2,33.70751777103839,400
2524,2003,6,S,mean_duration_days,5.0,400
2525,2003,6,S,mean_intensity_degC,1.635215401649475,400
2526,2003,6,S,number_of_events,2.0,400
2527,2003,6,S,sum_area_km2,67.41503554207678,400
2528,2003,7,S,activity_degC_days_m2,0.0,400
2529,2003,7,S,mean_intensity_degC,,400
2530,2003,8,S,activity_degC_days_m2,45817102055.09422,400
2531,2003,8,S,mean_area_km2,32.02320888821012,400
2532,2003,8,S,mean_duration_days,7.75,400
2533,2003,8,S,mean_intensity_degC,2.374602794647217,400
2534,2003,8,S,number_of_events,4.0,400
2535,2003,8,S,sum_area_km2,128.09283555284048,400
2536,2003,9,S,activity_degC_days_m2,0.0,400
2537,2003,9,S,mean_intensity_degC,,400
2538,2003,10,S,activity_degC_days_m2,0.0,400
2539,2003,10,S,mean_intensity_degC,,400
2540,2003,11,S,activity_degC_days_m2,0.0,400
2541,2003,11,S,mean_intensity_degC,,400
2542,2003,12,S,activity_degC_days_m2,0.0,400
2543,2003,12,S,mean_intensity_degC,,400
2544,2004,1,S,activity_degC_days_m2,0.0,400
2545,2004,1,S,mean_intensity_degC,,400
2546,2004,2,S,activity_degC_days_m2,9009836568.333384,400
2547,2004,2,S,mean_area_km2,33.14608147676234,400
2548,2004,2,S,mean_duration_days,5.333333333333333,400
2549,2004,2,S,mean_intensity_degC,0.8572930097579956,400
2550,2004,2,S,number_of_events,3.0,400
2551,2004,2,S,sum_area_km2,99.438244430287,400
2552,2004,3,S,activity_degC_days_m2,0.0,400
2553,2004,3,S,mean_intensity_degC,,400
2554,2004,4,S,activity_degC_days_m2,0.0,400
2555,2004,4,S,mean_intensity_degC,,400
2556,2004,5,S,activity_degC_days_m2,0.0,400
2557,2004,5,S,mean_intensity_degC,,400
2558,2004,6,S,activity_degC_days_m2,0.0,400
2559,2004,6,S,mean_intensity_degC,,400
2560,2004,7,S,activity_degC_days_m2,0.0,400
2561,2004,7,S,mean_intensity_degC,,400
2562,2004,8,S,activity_degC_days_m2,0.0,400
2563,2004,8,S,mean_intensity_degC,,400
2564,2004,9,S,activity_degC_days_m2,0.0,400
2565,2004,9,S,mean_intensity_degC,,400
2566,2004,10,S,activity_degC_days_m2,0.0,400
2567,2004,10,S,mean_intensity_degC,,400
2568,2004,11,S,activity_degC_days_m2,0.0,400
2569,2004,11,S,mean_intensity_degC,,400
2570,2004,12,S,activity_degC_days_m2,0.0,400
2571,2004,12,S,mean_intensity_degC,,400
2572,2005,1,S,activity_degC_days_m2,0.0,400
2573,2005,1,S,mean_intensity_degC,,400
2574,2005,2,S,activity_degC_days_m2,0.0,400
2575,2005,2,S,mean_intensity_degC,,400
2576,2005,3,S,activity_degC_days_m2,0.0,400
2577,2005,3,S,mean_intensity_degC,,400
2578,2005,4,S,activity_degC_days_m2,0.0,400
2579,2005,4,S,mean_intensity_degC,,400
2580,2005,5,S,activity_degC_days_m2,0.0,400
2581,2005,5,S,mean_intensity_degC,,400
2582,2005,6,S,activity_degC_days_m2,160984249593.48148,400
2583,2005,6,S,mean_area_km2,33.466902216348686,400
2584,2005,6,S,mean_duration_days,16.571428571428573,400
2585,2005,6,S,mean_intensity_degC,2.142390489578247,400
2586,2005,6,S,number_of_events,7.0,400
2587,2005,6,S,sum_area_km2,234.2683155144408,400
2588,2005,7,S,activity_degC_days_m2,10453636147.094984,400
2589,2005,7,S,mean_area_km2,33.70751777103836,400
2590,2005,7,S,mean_duration_days,5.0,400
2591,2005,7,S,mean_intensity_degC,1.51316499710083,400
2592,2005,7,S,number_of_events,2.0,400
2593,2005,7,S,sum_area_km2,67.41503554207672,400
2594,2005,8,S,activity_degC_days_m2,6034422700.680209,400
2595,2005,8,S,mean_area_km2,32.023208888210064,400
2596,2005,8,S,mean_duration_days,6.0,400
2597,2005,8,S,mean_intensity_degC,1.6269489526748655,400
2598,2005,8,S,number_of_events,1.0,400
2599,2005,8,S,sum_area_km2,32.023208888210064,400
2600,2005,9,S,activity_degC_days_m2,0.0,400
2601,2005,9,S,mean_intensity_degC,,400
2602,2005,10,S,activity_degC_days_m2,0.0,400
2603,2005,10,S,mean_intensity_degC,,400
2604,2005,11,S,activity_degC_days_m2,0.0,400
2605,2005,11,S,mean_intensity_degC,,400
2606,2005,12,S,activity_degC_days_m2,0.0,400
2607,2005,12,S,mean_intensity_degC,,400
2608,2006,1,S,activity_degC_days_m2,0.0,400
2609,2006,1,S,mean_intensity_degC,,400
2610,2006,2,S,activity_degC_days_m2,0.0,400
2611,2006,2,S,mean_intensity_degC,,400
2612,2006,3,S,activity_degC_days_m2,0.0,400
2613,2006,3,S,mean_intensity_degC,,400
2614,2006,4,S,activity_degC_days_m2,0.0,400
2615,2006,4,S,mean_intensity_degC,,400
2616,2006,5,S,activity_degC_days_m2,0.0,400
2617,2006,5,S,mean_intensity_degC,,400
2618,2006,6,S,activity_degC_days_m2,142363838809.257,400
2619,2006,6,S,mean_area_km2,32.98567110696915,400
2620,2006,6,S,mean_duration_days,14.857142857142858,400
2621,2006,6,S,mean_intensity_degC,2.0985658168792725,400
2622,2006,6,S,number_of_events,7.0,400
2623,2006,6,S,sum_area_km2,230.8996977487841,400
2624,2006,7,S,activity_degC_days_m2,142992958671.83356,400
2625,2006,7,S,mean_area_km2,33.146081476762326,400
2626,2006,7,S,mean_duration_days,19.666666666666668,400
2627,2006,7,S,mean_intensity_degC,2.1808085441589355,400
2628,2006,7,S,number_of_events,6.0,400
2629,2006,7,S,sum_area_km2,198.87648886057391,400
2630,2006,8,S,activity_degC_days_m2,25594537087.63474,400
2631,2006,8,S,mean_area_km2,35.39182665386684,400
2632,2006,8,S,mean_duration_days,8.0,400
2633,2006,8,S,mean_intensity_degC,1.9575645923614504,400
2634,2006,8,S,number_of_events,1.0,400
2635,2006,8,S,sum_area_km2,35.39182665386684,400
2636,2006,9,S,activity_degC_days_m2,106614580369.2533,400
2637,2006,9,S,mean_area_km2,33.146081476762326,400
2638,2006,9,S,mean_duration_days,12.0,400
2639,2006,9,S,mean_intensity_degC,2.3433725833892822,400
2640,2006,9,S,number_of_events,6.0,400
2641,2006,9,S,sum_area_km2,198.87648886057391,400
2642,2006,10,S,activity_degC_days_m2,0.0,400
2643,2006,10,S,mean_intensity_degC,,400
2644,2006,11,S,activity_degC_days_m2,129487607098.81007,400
2645,2006,11,S,mean_area_km2,33.146081476762326,400
2646,2006,11,S,mean_duration_days,20.5,400
2647,2006,11,S,mean_intensity_degC,1.7138439416885376,400
2648,2006,11,S,number_of_events,6.0,400
2649,2006,11,S,sum_area_km2,198.87648886057391,400
2650,2006,12,S,activity_degC_days_m2,19644411722.398533,400
2651,2006,12,S,mean_area_km2,33.70751777103843,400
2652,2006,12,S,mean_duration_days,5.5,400
2653,2006,12,S,mean_intensity_degC,1.440603256225586,400
2654,2006,12,S,number_of_events,4.0,400
2655,2006,12,S,sum_area_km2,134.83007108415373,400
2656,2007,1,S,activity_degC_days_m2,19072045949.599342,400
2657,2007,1,S,mean_area_km2,32.69693244134146,400
2658,2007,1,S,mean_duration_days,5.4,400
2659,2007,1,S,mean_intensity_degC,1.058869481086731,400
2660,2007,1,S,number_of_events,5.0,400
2661,2007,1,S,sum_area_km2,163.4846622067073,400
2662,2007,2,S,activity_degC_days_m2,0.0,400
2663,2007,2,S,mean_intensity_degC,,400
2664,2007,3,S,activity_degC_days_m2,0.0,400
2665,2007,3,S,mean_intensity_degC,,400
2666,2007,4,S,activity_degC_days_m2,0.0,400
2667,2007,4,S,mean_intensity_degC,,400
2668,2007,5,S,activity_degC_days_m2,0.0,400
2669,2007,5,S,mean_intensity_degC,,400
2670,2007,6,S,activity_degC_days_m2,0.0,400
2671,2007,6,S,mean_intensity_degC,,400
2672,2007,7,S,activity_degC_days_m2,0.0,400
2673,2007,7,S,mean_intensity_degC,,400
2674,2007,8,S,activity_degC_days_m2,0.0,400
2675,2007,8,S,mean_intensity_degC,,400
2676,2007,9,S,activity_degC_days_m2,0.0,400
2677,2007,9,S,mean_intensity_degC,,400
2678,2007,10,S,activity_degC_days_m2,37951139763.637405,400
2679,2007,10,S,mean_area_km2,32.86536332962425,400
2680,2007,10,S,mean_duration_days,7.5,400
2681,2007,10,S,mean_intensity_degC,2.0178513526916504,400
2682,2007,10,S,number_of_events,4.0,400
2683,2007,10,S,sum_area_km2,131.461453318497,400
2684,2007,11,S,activity_degC_days_m2,40465743030.20641,400
2685,2007,11,S,mean_area_km2,33.1460814767623,400
2686,2007,11,S,mean_duration_days,13.666666666666666,400
2687,2007,11,S,mean_intensity_degC,1.594411015510559,400
2688,2007,11,S,number_of_events,3.0,400
2689,2007,11,S,sum_area_km2,99.43824443028689,400
2690,2007,12,S,activity_degC_days_m2,11728938454.911057,400
2691,2007,12,S,mean_area_km2,33.1460814767623,400
2692,2007,12,S,mean_duration_days,7.333333333333333,400
2693,2007,12,S,mean_intensity_degC,0.9755794405937196,400
2694,2007,12,S,number_of_events,3.0,400
2695,2007,12,S,sum_area_km2,99.43824443028689,400
2696,2008,1,S,activity_degC_days_m2,22893311093.35957,400
2697,2008,1,S,mean_area_km2,33.146081476762326,400
2698,2008,1,S,mean_duration_days,9.0,400
2699,2008,1,S,mean_intensity_degC,0.92926687002182,400
2700,2008,1,S,number_of_events,6.0,400
2701,2008,1,S,sum_area_km2,198.87648886057391,400
2702,2008,2,S,activity_degC_days_m2,74603069188.32172,400
2703,2008,2,S,mean_area_km2,33.286440550331356,400
2704,2008,2,S,mean_duration_days,19.25,400
2705,2008,2,S,mean_intensity_degC,1.0553631782531738,400
2706,2008,2,S,number_of_events,8.0,400
2707,2008,2,S,sum_area_km2,266.29152440265085,400
2708,2008,3,S,activity_degC_days_m2,46292036106.62826,400
2709,2008,3,S,mean_intensity_degC,1.2553173303604126,400
2710,2008,4,S,activity_degC_days_m2,0.0,400
2711,2008,4,S,mean_intensity_degC,,400
2712,2008,5,S,activity_degC_days_m2,0.0,400
2713,2008,5,S,mean_intensity_degC,,400
2714,2008,6,S,activity_degC_days_m2,7657336456.277546,400
2715,2008,6,S,mean_area_km2,35.39182665386684,400
2716,2008,6,S,mean_duration_days,6.0,400
2717,2008,6,S,mean_intensity_degC,3.1069564819335938,400
2718,2008,6,S,number_of_events,1.0,400
2719,2008,6,S,sum_area_km2,35.39182665386684,400
2720,2008,7,S,activity_degC_days_m2,3568493705.7429333,400
2721,2008,7,S,mean_intensity_degC,2.8958253860473633,400
2722,2008,8,S,activity_degC_days_m2,0.0,400
2723,2008,8,S,mean_intensity_degC,,400
2724,2008,9,S,activity_degC_days_m2,1786051233.911048,400
2725,2008,9,S,mean_area_km2,32.02320888821012,400
2726,2008,9,S,mean_duration_days,5.0,400
2727,2008,9,S,mean_intensity_degC,1.4446191787719729,400
2728,2008,9,S,number_of_events,1.0,400
2729,2008,9,S,sum_area_km2,32.02320888821012,400
2730,2008,10,S,activity_degC_days_m2,2763040394.032969,400
2731,2008,10,S,mean_intensity_degC,1.4898942708969116,400
2732,2008,11,S,activity_degC_days_m2,0.0,400
2733,2008,11,S,mean_intensity_degC,,400
2734,2008,12,S,activity_degC_days_m2,0.0,400
2735,2008,12,S,mean_intensity_degC,,400
2736,2009,1,S,activity_degC_days_m2,0.0,400
2737,2009,1,S,mean_intensity_degC,,400
2738,2009,2,S,activity_degC_days_m2,0.0,400
2739,2009,2,S,mean_intensity_degC,,400
2740,2009,3,S,activity_degC_days_m2,0.0,400
2741,2009,3,S,mean_intensity_degC,,400
2742,2009,4,S,activity_degC_days_m2,0.0,400
2743,2009,4,S,mean_intensity_degC,,400
2744,2009,5,S,activity_degC_days_m2,0.0,400
2745,2009,5,S,mean_intensity_degC,,400
2746,2009,6,S,activity_degC_days_m2,13289528883.65898,400
2747,2009,6,S,mean_area_km2,33.1460814767623,400
2748,2009,6,S,mean_duration_days,9.333333333333334,400
2749,2009,6,S,mean_intensity_degC,1.5540683269500732,400
2750,2009,6,S,number_of_events,3.0,400
2751,2009,6,S,sum_area_km2,99.43824443028689,400
2752,2009,7,S,activity_degC_days_m2,15708788283.607656,400
2753,2009,7,S,mean_intensity_degC,1.4958277940750122,400
2754,2009,8,S,activity_degC_days_m2,60526058489.68025,400
2755,2009,8,S,mean_area_km2,32.86536332962431,400
2756,2009,8,S,mean_duration_days,9.5,400
2757,2009,8,S,mean_intensity_degC,2.5249392986297607,400
2758,2009,8,S,number_of_events,4.0,400
2759,2009,8,S,sum_area_km2,131.46145331849723,400
2760,2009,9,S,activity_degC_days_m2,0.0,400
2761,2009,9,S,mean_intensity_degC,,400
2762,2009,10,S,activity_degC_days_m2,9290765933.680351,400
2763,2009,10,S,mean_area_km2,32.023208888210114,400
2764,2009,10,S,mean_duration_days,5.0,400
2765,2009,10,S,mean_intensity_degC,1.8786721229553225,400
2766,2009,10,S,number_of_events,2.0,400
2767,2009,10,S,sum_area_km2,64.04641777642023,400
2768,2009,11,S,activity_degC_days_m2,2360431835.349786,400
2769,2009,11,S,mean_intensity_degC,1.9091978073120115,400
2770,2009,12,S,activity_degC_days_m2,0.0,400
2771,2009,12,S,mean_intensity_degC,,400
2772,2010,1,S,activity_degC_days_m2,5280657172.145485,400
2773,2010,1,S,mean_area_km2,35.39182665386684,400
2774,2010,1,S,mean_duration_days,8.0,400
2775,2010,1,S,mean_intensity_degC,1.0713106393814087,400
2776,2010,1,S,number_of_events,1.0,400
2777,2010,1,S,sum_area_km2,35.39182665386684,400
2778,2010,2,S,activity_degC_days_m2,0.0,400
2779,2010,2,S,mean_intensity_degC,,400
2780,2010,3,S,activity_degC_days_m2,0.0,400
2781,2010,3,S,mean_intensity_degC,,400
2782,2010,4,S,activity_degC_days_m2,69895518310.22528,400
2783,2010,4,S,mean_area_km2,33.146081476762326,400
2784,2010,4,S,mean_duration_days,14.333333333333334,400
2785,2010,4,S,mean_intensity_degC,1.708484172821045,400
2786,2010,4,S,number_of_events,6.0,400
2787,2010,4,S,sum_area_km2,198.87648886057391,400
2788,2010,5,S,activity_degC_days_m2,26898840714.761295,400
2789,2010,5,S,mean_area_km2,32.023208888210064,400
2790,2010,5,S,mean_duration_days,5.0,400
2791,2010,5,S,mean_intensity_degC,1.3583775758743286,400
2792,2010,5,S,number_of_events,1.0,400
2793,2010,5,S,sum_area_km2,32.023208888210064,400
2794,2010,6,S,activity_degC_days_m2,1290400383.8489594,400
2795,2010,6,S,mean_area_km2,35.39182665386684,400
2796,2010,6,S,mean_duration_days,14.0,400
2797,2010,6,S,mean_intensity_degC,2.0943145751953125,400
2798,2010,6,S,number_of_events,1.0,400
2799,2010,6,S,sum_area_km2,35.39182665386684,400
2800,2010,7,S,activity_degC_days_m2,45653440692.78347,400
2801,2010,7,S,mean_area_km2,33.146081476762355,400
2802,2010,7,S,mean_duration_days,18.666666666666668,400
2803,2010,7,S,mean_intensity_degC,2.476306438446045,400
2804,2010,7,S,number_of_events,3.0,400
2805,2010,7,S,sum_area_km2,99.43824443028709,400
2806,2010,8,S,activity_degC_days_m2,152680291287.601,400
2807,2010,8,S,mean_area_km2,33.466902216348664,400
2808,2010,8,S,mean_duration_days,11.285714285714286,400
2809,2010,8,S,mean_intensity_degC,2.4206604957580566,400
2810,2010,8,S,number_of_events,7.0,400
2811,2010,8,S,sum_area_km2,234.26831551444064,400
2812,2010,9,S,activity_degC_days_m2,34898324766.87451,400
2813,2010,9,S,mean_area_km2,35.39182665386684,400
2814,2010,9,S,mean_duration_days,8.0,400
2815,2010,9,S,mean_intensity_degC,2.2326667308807373,400
2816,2010,9,S,number_of_events,1.0,400
2817,2010,9,S,sum_area_km2,35.39182665386684,400
2818,2010,10,S,activity_degC_days_m2,0.0,400
2819,2010,10,S,mean_intensity_degC,,400
2820,2010,11,S,activity_degC_days_m2,0.0,400
2821,2010,11,S,mean_intensity_degC,,400
2822,2010,12,S,activity_degC_days_m2,0.0,400
2823,2010,12,S,mean_intensity_degC,,400
2824,2011,1,S,activity_degC_days_m2,0.0,400
2825,2011,1,S,mean_intensity_degC,,400
2826,2011,2,S,activity_degC_days_m2,9047839400.996565,400
2827,2011,2,S,mean_area_km2,35.39182665386675,400
2828,2011,2,S,mean_duration_days,7.0,400
2829,2011,2,S,mean_intensity_degC,1.048900485038757,400
2830,2011,2,S,number_of_events,2.0,400
2831,2011,2,S,sum_area_km2,70.7836533077335,400
2832,2011,3,S,activity_degC_days_m2,9190100921.321651,400
2833,2011,3,S,mean_area_km2,32.696932441341424,400
2834,2011,3,S,mean_duration_days,5.8,400
2835,2011,3,S,mean_intensity_degC,1.048543930053711,400
2836,2011,3,S,number_of_events,5.0,400
2837,2011,3,S,sum_area_km2,163.48466220670713,400
2838,2011,4,S,activity_degC_days_m2,128501395486.25648,400
2839,2011,4,S,mean_area_km2,33.28644055033136,400
2840,2011,4,S,mean_duration_days,44.375,400
2841,2011,4,S,mean_intensity_degC,1.5261201858520508,400
2842,2011,4,S,number_of_events,8.0,400
2843,2011,4,S,sum_area_km2,266.2915244026509,400
2844,2011,5,S,activity_degC_days_m2,256021000956.654,400
2845,2011,5,S,mean_area_km2,35.39182665386684,400
2846,2011,5,S,mean_duration_days,18.0,400
2847,2011,5,S,mean_intensity_degC,2.2602431774139404,400
2848,2011,5,S,number_of_events,1.0,400
2849,2011,5,S,sum_area_km2,35.39182665386684,400
2850,2011,6,S,activity_degC_days_m2,130100331242.56516,400
2851,2011,6,S,mean_area_km2,33.146081476762355,400
2852,2011,6,S,mean_duration_days,11.333333333333334,400
2853,2011,6,S,mean_intensity_degC,2.19093656539917,400
2854,2011,6,S,number_of_events,3.0,400
2855,2011,6,S,sum_area_km2,99.43824443028709,400
2856,2011,7,S,activity_degC_days_m2,25272855462.22022,400
2857,2011,7,S,mean_intensity_degC,2.16821026802063,400
2858,2011,8,S,activity_degC_days_m2,0.0,400
2859,2011,8,S,mean_intensity_degC,,400
2860,2011,9,S,activity_degC_days_m2,15191717263.989862,400
2861,2011,9,S,mean_area_km2,33.146081476762326,400
2862,2011,9,S,mean_duration_days,20.833333333333332,400
2863,2011,9,S,mean_intensity_degC,1.5266374349594116,400
2864,2011,9,S,number_of_events,6.0,400
2865,2011,9,S,sum_area_km2,198.87648886057391,400
2866,2011,10,S,activity_degC_days_m2,163363888384.11166,400
2867,2011,10,S,mean_area_km2,33.70751777103848,400
2868,2011,10,S,mean_duration_days,11.0,400
2869,2011,10,S,mean_intensity_degC,1.997514009475708,400
2870,2011,10,S,number_of_events,2.0,400
2871,2011,10,S,sum_area_km2,67.41503554207696,400
2872,2011,11,S,activity_degC_days_m2,0.0,400
2873,2011,11,S,mean_intensity_degC,,400
2874,2011,12,S,activity_degC_days_m2,0.0,400
2875,2011,12,S,mean_intensity_degC,,400
2876,2012,1,S,activity_degC_days_m2,0.0,400
2877,2012,1,S,mean_intensity_degC,,400
2878,2012,2,S,activity_degC_days_m2,0.0,400
2879,2012,2,S,mean_intensity_degC,,400
2880,2012,3,S,activity_degC_days_m2,0.0,400
2881,2012,3,S,mean_intensity_degC,,400
2882,2012,4,S,activity_degC_days_m2,0.0,400
2883,2012,4,S,mean_intensity_degC,,400
2884,2012,5,S,activity_degC_days_m2,28870651392.5089,400
2885,2012,5,S,mean_area_km2,32.69693244134146,400
2886,2012,5,S,mean_duration_days,5.4,400
2887,2012,5,S,mean_intensity_degC,1.7071218490600586,400
2888,2012,5,S,number_of_events,5.0,400
2889,2012,5,S,sum_area_km2,163.4846622067073,400
2890,2012,6,S,activity_degC_days_m2,0.0,400
2891,2012,6,S,mean_intensity_degC,,400
2892,2012,7,S,activity_degC_days_m2,0.0,400
2893,2012,7,S,mean_intensity_degC,,400
2894,2012,8,S,activity_degC_days_m2,0.0,400
2895,2012,8,S,mean_intensity_degC,,400
2896,2012,9,S,activity_degC_days_m2,0.0,400
2897,2012,9,S,mean_intensity_degC,,400
2898,2012,10,S,activity_degC_days_m2,0.0,400
2899,2012,10,S,mean_intensity_degC,,400
2900,2012,11,S,activity_degC_days_m2,0.0,400
2901,2012,11,S,mean_intensity_degC,,400
2902,2012,12,S,activity_degC_days_m2,0.0,400
2903,2012,12,S,mean_intensity_degC,,400
2904,2013,1,S,activity_degC_days_m2,0.0,400
2905,2013,1,S,mean_intensity_degC,,400
2906,2013,2,S,activity_degC_days_m2,0.0,400
2907,2013,2,S,mean_intensity_degC,,400
2908,2013,3,S,activity_degC_days_m2,0.0,400
2909,2013,3,S,mean_intensity_degC,,400
2910,2013,4,S,activity_degC_days_m2,5380913096.92123,400
2911,2013,4,S,mean_area_km2,35.39182665386684,400
2912,2013,4,S,mean_duration_days,6.0,400
2913,2013,4,S,mean_intensity_degC,1.4555333852767944,400
2914,2013,4,S,number_of_events,1.0,400
2915,2013,4,S,sum_area_km2,35.39182665386684,400
2916,2013,5,S,activity_degC_days_m2,18818136415.28647,400
2917,2013,5,S,mean_area_km2,33.146081476762355,400
2918,2013,5,S,mean_duration_days,6.666666666666667,400
2919,2013,5,S,mean_intensity_degC,1.4783645868301392,400
2920,2013,5,S,number_of_events,3.0,400
2921,2013,5,S,sum_area_km2,99.43824443028709,400
2922,2013,6,S,activity_degC_days_m2,0.0,400
2923,2013,6,S,mean_intensity_degC,,400
2924,2013,7,S,activity_degC_days_m2,60469341458.2896,400
2925,2013,7,S,mean_area_km2,32.696932441341424,400
2926,2013,7,S,mean_duration_days,9.6,400
2927,2013,7,S,mean_intensity_degC,1.9706573486328125,400
2928,2013,7,S,number_of_events,5.0,400
2929,2013,7,S,sum_area_km2,163.48466220670713,400
2930,2013,8,S,activity_degC_days_m2,30948119121.49536,400
2931,2013,8,S,mean_area_km2,33.28644055033136,400
2932,2013,8,S,mean_duration_days,21.25,400
2933,2013,8,S,mean_intensity_degC,2.1953980922698975,400
2934,2013,8,S,number_of_events,8.0,400
2935,2013,8,S,sum_area_km2,266.2915244026509,400
2936,2013,9,S,activity_degC_days_m2,206694717997.95193,400
2937,2013,9,S,mean_area_km2,32.02320888821012,400
2938,2013,9,S,mean_duration_days,13.666666666666666,400
2939,2013,9,S,mean_intensity_degC,2.1239418983459473,400
2940,2013,9,S,number_of_events,3.0,400
2941,2013,9,S,sum_area_km2,96.06962666463036,400
2942,2013,10,S,activity_degC_days_m2,64844011899.46938,400
2943,2013,10,S,mean_area_km2,32.8653633296243,400
2944,2013,10,S,mean_duration_days,6.25,400
2945,2013,10,S,mean_intensity_degC,1.7350841760635376,400
2946,2013,10,S,number_of_events,4.0,400
2947,2013,10,S,sum_area_km2,131.4614533184972,400
2948,2013,11,S,activity_degC_days_m2,0.0,400
2949,2013,11,S,mean_intensity_degC,,400
2950,2013,12,S,activity_degC_days_m2,0.0,400
2951,2013,12,S,mean_intensity_degC,,400
2952,2014,1,S,activity_degC_days_m2,0.0,400
2953,2014,1,S,mean_intensity_degC,,400
2954,2014,2,S,activity_degC_days_m2,0.0,400
2955,2014,2,S,mean_intensity_degC,,400
2956,2014,3,S,activity_degC_days_m2,0.0,400
2957,2014,3,S,mean_intensity_degC,,400
2958,2014,4,S,activity_degC_days_m2,0.0,400
2959,2014,4,S,mean_intensity_degC,,400
2960,2014,5,S,activity_degC_days_m2,50175831946.789856,400
2961,2014,5,S,mean_area_km2,33.146081476762326,400
2962,2014,5,S,mean_duration_days,7.833333333333333,400
2963,2014,5,S,mean_intensity_degC,1.7223337888717651,400
2964,2014,5,S,number_of_events,6.0,400
2965,2014,5,S,sum_area_km2,198.87648886057391,400
2966,2014,6,S,activity_degC_days_m2,0.0,400
2967,2014,6,S,mean_intensity_degC,,400
2968,2014,7,S,activity_degC_days_m2,0.0,400
2969,2014,7,S,mean_intensity_degC,,400
2970,2014,8,S,activity_degC_days_m2,0.0,400
2971,2014,8,S,mean_intensity_degC,,400
2972,2014,9,S,activity_degC_days_m2,18449488716.72715,400
2973,2014,9,S,mean_area_km2,33.707517771038454,400
2974,2014,9,S,mean_duration_days,10.5,400
2975,2014,9,S,mean_intensity_degC,1.75666081905365,400
2976,2014,9,S,number_of_events,2.0,400
2977,2014,9,S,sum_area_km2,67.41503554207691,400
2978,2014,10,S,activity_degC_days_m2,21780466034.383125,400
2979,2014,10,S,mean_area_km2,32.023208888210114,400
2980,2014,10,S,mean_duration_days,10.0,400
2981,2014,10,S,mean_intensity_degC,1.9479156732559204,400
2982,2014,10,S,number_of_events,2.0,400
2983,2014,10,S,sum_area_km2,64.04641777642023,400
2984,2014,11,S,activity_degC_days_m2,17946834702.665665,400
2985,2014,11,S,mean_area_km2,33.146081476762355,400
2986,2014,11,S,mean_duration_days,25.666666666666668,400
2987,2014,11,S,mean_intensity_degC,1.6312499046325684,400
2988,2014,11,S,number_of_events,3.0,400
2989,2014,11,S,sum_area_km2,99.43824443028709,400
2990,2014,12,S,activity_degC_days_m2,56106527088.62059,400
2991,2014,12,S,mean_intensity_degC,1.359925627708435,400
2992,2015,1,S,activity_degC_days_m2,0.0,400
2993,2015,1,S,mean_intensity_degC,,400
2994,2015,2,S,activity_degC_days_m2,0.0,400
2995,2015,2,S,mean_intensity_degC,,400
2996,2015,3,S,activity_degC_days_m2,0.0,400
2997,2015,3,S,mean_intensity_degC,,400
2998,2015,4,S,activity_degC_days_m2,0.0,400
2999,2015,4,S,mean_intensity_degC,,400
3000,2015,5,S,activity_degC_days_m2,138241572138.22684,400
3001,2015,5,S,mean_area_km2,33.146081476762326,400
3002,2015,5,S,mean_duration_days,18.5,400
3003,2015,5,S,mean_intensity_degC,1.760607123374939,400
3004,2015,5,S,number_of_events,12.0,400
3005,2015,5,S,sum_area_km2,397.75297772114794,400
3006,2015,6,S,activity_degC_days_m2,157808169096.8047,400
3007,2015,6,S,mean_area_km2,32.0232088882101,400
3008,2015,6,S,mean_duration_days,8.666666666666666,400
3009,2015,6,S,mean_intensity_degC,2.0424723625183105,400
3010,2015,6,S,number_of_events,3.0,400
3011,2015,6,S,sum_area_km2,96.06962666463028,400
3012,2015,7,S,activity_degC_days_m2,0.0,400
3013,2015,7,S,mean_intensity_degC,,400
3014,2015,8,S,activity_degC_days_m2,0.0,400
3015,2015,8,S,mean_intensity_degC,,400
3016,2015,9,S,activity_degC_days_m2,0.0,400
3017,2015,9,S,mean_intensity_degC,,400
3018,2015,10,S,activity_degC_days_m2,0.0,400
3019,2015,10,S,mean_intensity_degC,,400
3020,2015,11,S,activity_degC_days_m2,56265282183.86091,400
3021,2015,11,S,mean_area_km2,33.37065599447276,400
3022,2015,11,S,mean_duration_days,11.2,400
3023,2015,11,S,mean_intensity_degC,1.569904327392578,400
3024,2015,11,S,number_of_events,5.0,400
3025,2015,11,S,sum_area_km2,166.85327997236382,400
3026,2015,12,S,activity_degC_days_m2,101782301368.23312,400
3027,2015,12,S,mean_area_km2,33.146081476762326,400
3028,2015,12,S,mean_duration_days,41.166666666666664,400
3029,2015,12,S,mean_intensity_degC,1.3854504823684692,400
3030,2015,12,S,number_of_events,6.0,400
3031,2015,12,S,sum_area_km2,198.87648886057391,400
3032,2016,1,S,activity_degC_days_m2,112560447360.04504,400
3033,2016,1,S,mean_area_km2,33.146081476762376,400
3034,2016,1,S,mean_duration_days,35.0,400
3035,2016,1,S,mean_intensity_degC,1.0403363704681396,400
3036,2016,1,S,number_of_events,3.0,400
3037,2016,1,S,sum_area_km2,99.43824443028711,400
3038,2016,2,S,activity_degC_days_m2,54973437629.20917,400
3039,2016,2,S,mean_area_km2,33.707517771038454,400
3040,2016,2,S,mean_duration_days,6.5,400
3041,2016,2,S,mean_intensity_degC,1.1795600652694702,400
3042,2016,2,S,number_of_events,2.0,400
3043,2016,2,S,sum_area_km2,67.41503554207691,400
3044,2016,3,S,activity_degC_days_m2,0.0,400
3045,2016,3,S,mean_intensity_degC,,400
3046,2016,4,S,activity_degC_days_m2,0.0,400
3047,2016,4,S,mean_intensity_degC,,400
3048,2016,5,S,activity_degC_days_m2,0.0,400
3049,2016,5,S,mean_intensity_degC,,400
3050,2016,6,S,activity_degC_days_m2,0.0,400
3051,2016,6,S,mean_intensity_degC,,400
3052,2016,7,S,activity_degC_days_m2,106080631432.24988,400
3053,2016,7,S,mean_area_km2,33.466902216348686,400
3054,2016,7,S,mean_duration_days,10.571428571428571,400
3055,2016,7,S,mean_intensity_degC,2.198909282684326,400
3056,2016,7,S,number_of_events,7.0,400
3057,2016,7,S,sum_area_km2,234.2683155144408,400
3058,2016,8,S,activity_degC_days_m2,151444104013.18588,400
3059,2016,8,S,mean_area_km2,33.466902216348686,400
3060,2016,8,S,mean_duration_days,20.714285714285715,400
3061,2016,8,S,mean_intensity_degC,2.5077786445617676,400
3062,2016,8,S,number_of_events,7.0,400
3063,2016,8,S,sum_area_km2,234.2683155144408,400
3064,2016,9,S,activity_degC_days_m2,73704451971.38928,400
3065,2016,9,S,mean_intensity_degC,2.405174016952514,400
3066,2016,10,S,activity_degC_days_m2,0.0,400
3067,2016,10,S,mean_intensity_degC,,400
3068,2016,11,S,activity_degC_days_m2,10569808706.869246,400
3069,2016,11,S,mean_area_km2,35.39182665386675,400
3070,2016,11,S,mean_duration_days,5.5,400
3071,2016,11,S,mean_intensity_degC,1.5484529733657837,400
3072,2016,11,S,number_of_events,2.0,400
3073,2016,11,S,sum_area_km2,70.7836533077335,400
3074,2016,12,S,activity_degC_days_m2,40535188532.51774,400
3075,2016,12,S,mean_area_km2,33.707517771038425,400
3076,2016,12,S,mean_duration_days,14.75,400
3077,2016,12,S,mean_intensity_degC,1.1101691722869873,400
3078,2016,12,S,number_of_events,4.0,400
3079,2016,12,S,sum_area_km2,134.8300710841537,400
3080,2017,1,S,activity_degC_days_m2,1179441303.6814337,400
3081,2017,1,S,mean_intensity_degC,0.9571142196655272,400
3082,2017,2,S,activity_degC_days_m2,0.0,400
3083,2017,2,S,mean_intensity_degC,,400
3084,2017,3,S,activity_degC_days_m2,0.0,400
3085,2017,3,S,mean_intensity_degC,,400
3086,2017,4,S,activity_degC_days_m2,6045592267.778449,400
3087,2017,4,S,mean_area_km2,35.39182665386666,400
3088,2017,4,S,mean_duration_days,7.0,400
3089,2017,4,S,mean_intensity_degC,1.4017102718353271,400
3090,2017,4,S,number_of_events,1.0,400
3091,2017,4,S,sum_area_km2,35.39182665386666,400
3092,2017,5,S,activity_degC_days_m2,120334706759.31442,400
3093,2017,5,S,mean_area_km2,33.146081476762326,400
3094,2017,5,S,mean_duration_days,10.916666666666666,400
3095,2017,5,S,mean_intensity_degC,1.661864161491394,400
3096,2017,5,S,number_of_events,12.0,400
3097,2017,5,S,sum_area_km2,397.75297772114794,400
3098,2017,6,S,activity_degC_days_m2,193179186406.3369,400
3099,2017,6,S,mean_area_km2,33.146081476762326,400
3100,2017,6,S,mean_duration_days,17.333333333333332,400
3101,2017,6,S,mean_intensity_degC,2.448678493499756,400
3102,2017,6,S,number_of_events,6.0,400
3103,2017,6,S,sum_area_km2,198.87648886057391,400
3104,2017,7,S,activity_degC_days_m2,0.0,400
3105,2017,7,S,mean_intensity_degC,,400
3106,2017,8,S,activity_degC_days_m2,34114094862.91134,400
3107,2017,8,S,mean_area_km2,33.37065599447278,400
3108,2017,8,S,mean_duration_days,5.4,400
3109,2017,8,S,mean_intensity_degC,2.0307133197784424,400
3110,2017,8,S,number_of_events,5.0,400
3111,2017,8,S,sum_area_km2,166.85327997236388,400
3112,2017,9,S,activity_degC_days_m2,0.0,400
3113,2017,9,S,mean_intensity_degC,,400
3114,2017,10,S,activity_degC_days_m2,62345864849.00583,400
3115,2017,10,S,mean_area_km2,33.146081476762326,400
3116,2017,10,S,mean_duration_days,30.5,400
3117,2017,10,S,mean_intensity_degC,1.7235759496688845,400
3118,2017,10,S,number_of_events,6.0,400
3119,2017,10,S,sum_area_km2,198.87648886057391,400
3120,2017,11,S,activity_degC_days_m2,169840805653.9205,400
3121,2017,11,S,mean_area_km2,33.707517771038425,400
3122,2017,11,S,mean_duration_days,27.0,400
3123,2017,11,S,mean_intensity_degC,1.7681862115859983,400
3124,2017,11,S,number_of_events,4.0,400
3125,2017,11,S,sum_area_km2,134.8300710841537,400
3126,2017,12,S,activity_degC_days_m2,79398511016.04433,400
3127,2017,12,S,mean_intensity_degC,1.525071620941162,400
3128,2018,1,S,activity_degC_days_m2,0.0,400
3129,2018,1,S,mean_intensity_degC,,400
3130,2018,2,S,activity_degC_days_m2,0.0,400
3131,2018,2,S,mean_intensity_degC,,400
3132,2018,3,S,activity_degC_days_m2,0.0,400
3133,2018,3,S,mean_intensity_degC,,400
3134,2018,4,S,activity_degC_days_m2,0.0,400
3135,2018,4,S,mean_intensity_degC,,400
3136,2018,5,S,activity_degC_days_m2,0.0,400
3137,2018,5,S,mean_intensity_degC,,400
3138,2018,6,S,activity_degC_days_m2,0.0,400
3139,2018,6,S,mean_intensity_degC,,400
3140,2018,7,S,activity_degC_days_m2,0.0,400
3141,2018,7,S,mean_intensity_degC,,400
3142,2018,8,S,activity_degC_days_m2,0.0,400
3143,2018,8,S,mean_intensity_degC,,400
3144,2018,9,S,activity_degC_days_m2,87974066850.93661,400
3145,2018,9,S,mean_area_km2,33.146081476762326,400
3146,2018,9,S,mean_duration_days,25.166666666666668,400
3147,2018,9,S,mean_intensity_degC,2.50265121459961,400
3148,2018,9,S,number_of_events,6.0,400
3149,2018,9,S,sum_area_km2,198.87648886057391,400
3150,2018,10,S,activity_degC_days_m2,149228287978.6167,400
3151,2018,10,S,mean_intensity_degC,2.45247220993042,400
3152,2018,11,S,activity_degC_days_m2,0.0,400
3153,2018,11,S,mean_intensity_degC,,400
3154,2018,12,S,activity_degC_days_m2,0.0,400
3155,2018,12,S,mean_intensity_degC,,400
3156,2019,1,S,activity_degC_days_m2,0.0,400
3157,2019,1,S,mean_intensity_degC,,400
3158,2019,2,S,activity_degC_days_m2,4015712846.3748975,400
3159,2019,2,S,mean_area_km2,35.39182665386666,400
3160,2019,2,S,mean_duration_days,6.0,400
3161,2019,2,S,mean_intensity_degC,1.0862475633621216,400
3162,2019,2,S,number_of_events,1.0,400
3163,2019,2,S,sum_area_km2,35.39182665386666,400
3164,2019,3,S,activity_degC_days_m2,0.0,400
3165,2019,3,S,mean_intensity_degC,,400
3166,2019,4,S,activity_degC_days_m2,0.0,400
3167,2019,4,S,mean_intensity_degC,,400
3168,2019,5,S,activity_degC_days_m2,0.0,400
3169,2019,5,S,mean_intensity_degC,,400
3170,2019,6,S,activity_degC_days_m2,0.0,400
3171,2019,6,S,mean_intensity_degC,,400
3172,2019,7,S,activity_degC_days_m2,0.0,400
3173,2019,7,S,mean_intensity_degC,,400
3174,2019,8,S,activity_degC_days_m2,0.0,400
3175,2019,8,S,mean_intensity_degC,,400
3176,2019,9,S,activity_degC_days_m2,37858548185.93352,400
3177,2019,9,S,mean_area_km2,33.70751777103843,400
3178,2019,9,S,mean_duration_days,7.25,400
3179,2019,9,S,mean_intensity_degC,2.0953869819641113,400
3180,2019,9,S,number_of_events,4.0,400
3181,2019,9,S,sum_area_km2,134.83007108415373,400
3182,2019,10,S,activity_degC_days_m2,0.0,400
3183,2019,10,S,mean_intensity_degC,,400
3184,2019,11,S,activity_degC_days_m2,0.0,400
3185,2019,11,S,mean_intensity_degC,,400
3186,2019,12,S,activity_degC_days_m2,0.0,400
3187,2019,12,S,mean_intensity_degC,,400
3188,2020,1,S,activity_degC_days_m2,957907635.3565862,400
3189,2020,1,S,mean_area_km2,32.023208888210114,400
3190,2020,1,S,mean_duration_days,19.0,400
3191,2020,1,S,mean_intensity_degC,0.7747883796691895,400
3192,2020,1,S,number_of_events,2.0,400
3193,2020,1,S,sum_area_km2,64.04641777642023,400
3194,2020,2,S,activity_degC_days_m2,89432887670.71832,400
3195,2020,2,S,mean_area_km2,33.70751777103843,400
3196,2020,2,S,mean_duration_days,21.0,400
3197,2020,2,S,mean_intensity_degC,1.1958037614822388,400
3198,2020,2,S,number_of_events,4.0,400
3199,2020,2,S,sum_area_km2,134.83007108415373,400
3200,2020,3,S,activity_degC_days_m2,0.0,400
3201,2020,3,S,mean_intensity_degC,,400
3202,2020,4,S,activity_degC_days_m2,4171639281.615273,400
3203,2020,4,S,mean_area_km2,35.39182665386684,400
3204,2020,4,S,mean_duration_days,5.0,400
3205,2020,4,S,mean_intensity_degC,1.3541107177734375,400
3206,2020,4,S,number_of_events,1.0,400
3207,2020,4,S,sum_area_km2,35.39182665386684,400
3208,2020,5,S,activity_degC_days_m2,60366168589.25783,400
3209,2020,5,S,mean_area_km2,33.146081476762326,400
3210,2020,5,S,mean_duration_days,15.5,400
3211,2020,5,S,mean_intensity_degC,1.9839533567428589,400
3212,2020,5,S,number_of_events,6.0,400
3213,2020,5,S,sum_area_km2,198.87648886057391,400
3214,2020,6,S,activity_degC_days_m2,68555577204.50355,400
3215,2020,6,S,mean_intensity_degC,2.364373207092285,400
3216,2020,7,S,activity_degC_days_m2,114168787942.30618,400
3217,2020,7,S,mean_area_km2,33.146081476762326,400
3218,2020,7,S,mean_duration_days,12.166666666666666,400
3219,2020,7,S,mean_intensity_degC,2.4835596084594727,400
3220,2020,7,S,number_of_events,6.0,400
3221,2020,7,S,sum_area_km2,198.87648886057391,400
3222,2020,8,S,activity_degC_days_m2,0.0,400
3223,2020,8,S,mean_intensity_degC,,400
3224,2020,9,S,activity_degC_days_m2,0.0,400
3225,2020,9,S,mean_intensity_degC,,400
3226,2020,10,S,activity_degC_days_m2,0.0,400
3227,2020,10,S,mean_intensity_degC,,400
3228,2020,11,S,activity_degC_days_m2,27623799940.146732,400
3229,2020,11,S,mean_area_km2,33.37065599447279,400
3230,2020,11,S,mean_duration_days,7.4,400
3231,2020,11,S,mean_intensity_degC,1.391779541969299,400
3232,2020,11,S,number_of_events,5.0,400
3233,2020,11,S,sum_area_km2,166.853279972364,400
3234,2020,12,S,activity_degC_days_m2,15085421843.217863,400
3235,2020,12,S,mean_area_km2,32.023208888210135,400
3236,2020,12,S,mean_duration_days,5.0,400
3237,2020,12,S,mean_intensity_degC,1.2212655544281006,400
3238,2020,12,S,number_of_events,3.0,400
3239,2020,12,S,sum_area_km2,96.0696266646304,400
3240,2021,1,S,activity_degC_days_m2,0.0,400
3241,2021,1,S,mean_intensity_degC,,400
3242,2021,2,S,activity_degC_days_m2,0.0,400
3243,2021,2,S,mean_intensity_degC,,400
3244,2021,3,S,activity_degC_days_m2,0.0,400
3245,2021,3,S,mean_intensity_degC,,400
3246,2021,4,S,activity_degC_days_m2,88623227038.35408,400
3247,2021,4,S,mean_area_km2,33.146081476762326,400
3248,2021,4,S,mean_duration_days,17.833333333333332,400
3249,2021,4,S,mean_intensity_degC,1.3627095222473145,400
3250,2021,4,S,number_of_events,6.0,400
3251,2021,4,S,sum_area_km2,198.87648886057391,400
3252,2021,5,S,activity_degC_days_m2,2984882438.4972563,400
3253,2021,5,S,mean_intensity_degC,1.2014427185058594,400
3254,2021,6,S,activity_degC_days_m2,0.0,400
3255,2021,6,S,mean_intensity_degC,,400
3256,2021,7,S,activity_degC_days_m2,0.0,400
3257,2021,7,S,mean_intensity_degC,,400
3258,2021,8,S,activity_degC_days_m2,0.0,400
3259,2021,8,S,mean_intensity_degC,,400
3260,2021,9,S,activity_degC_days_m2,0.0,400
3261,2021,9,S,mean_intensity_degC,,400
3262,2021,10,S,activity_degC_days_m2,9917026917.680649,400
3263,2021,10,S,mean_area_km2,32.02320888821012,400
3264,2021,10,S,mean_duration_days,5.0,400
3265,2021,10,S,mean_intensity_degC,1.604245901107788,400
3266,2021,10,S,number_of_events,2.0,400
3267,2021,10,S,sum_area_km2,64.04641777642024,400
3268,2021,11,S,activity_degC_days_m2,0.0,400
3269,2021,11,S,mean_intensity_degC,,400
3270,2021,12,S,activity_degC_days_m2,0.0,400
3271,2021,12,S,mean_intensity_degC,,400
3272,2022,1,S,activity_degC_days_m2,0.0,400
3273,2022,1,S,mean_intensity_degC,,400
3274,2022,2,S,activity_degC_days_m2,0.0,400
3275,2022,2,S,mean_intensity_degC,,400
3276,2022,3,S,activity_degC_days_m2,0.0,400
3277,2022,3,S,mean_intensity_degC,,400
3278,2022,4,S,activity_degC_days_m2,0.0,400
3279,2022,4,S,mean_intensity_degC,,400
3280,2022,5,S,activity_degC_days_m2,18600169908.696342,400
3281,2022,5,S,mean_area_km2,33.146081476762355,400
3282,2022,5,S,mean_duration_days,5.333333333333333,400
3283,2022,5,S,mean_intensity_degC,1.8853472471237185,400
3284,2022,5,S,number_of_events,3.0,400
3285,2022,5,S,sum_area_km2,99.43824443028709,400
3286,2022,6,S,activity_degC_days_m2,0.0,400
3287,2022,6,S,mean_intensity_degC,,400
3288,2022,7,S,activity_degC_days_m2,52235033124.455185,400
3289,2022,7,S,mean_area_km2,33.70751777103843,400
3290,2022,7,S,mean_duration_days,9.5,400
3291,2022,7,S,mean_intensity_degC,2.247591733932495,400
3292,2022,7,S,number_of_events,4.0,400
3293,2022,7,S,sum_area_km2,134.83007108415373,400
3294,2022,8,S,activity_degC_days_m2,0.0,400
3295,2022,8,S,mean_intensity_degC,,400
3296,2022,9,S,activity_degC_days_m2,0.0,400
3297,2022,9,S,mean_intensity_degC,,400
3298,2022,10,S,activity_degC_days_m2,2017659079.779047,400
3299,2022,10,S,mean_area_km2,35.39182665386684,400
3300,2022,10,S,mean_duration_days,11.0,400
3301,2022,10,S,mean_intensity_degC,1.6373262405395508,400
3302,2022,10,S,number_of_events,1.0,400
3303,2022,10,S,sum_area_km2,35.39182665386684,400
3304,2022,11,S,activity_degC_days_m2,23165576376.710915,400
3305,2022,11,S,mean_area_km2,32.02320888821012,400
3306,2022,11,S,mean_duration_days,8.5,400
3307,2022,11,S,mean_intensity_degC,1.4587198495864868,400
3308,2022,11,S,number_of_events,2.0,400
3309,2022,11,S,sum_area_km2,64.04641777642024,400
3310,2022,12,S,activity_degC_days_m2,43411121630.31198,400
3311,2022,12,S,mean_area_km2,33.146081476762326,400
3312,2022,12,S,mean_duration_days,31.333333333333332,400
3313,2022,12,S,mean_intensity_degC,1.191053867340088,400
3314,2022,12,S,number_of_events,6.0,400
3315,2022,12,S,sum_area_km2,198.87648886057391,400
3316,2023,1,S,activity_degC_days_m2,121640561586.30424,400
3317,2023,1,S,mean_intensity_degC,1.458004117012024,400
3318,2023,2,S,activity_degC_days_m2,0.0,400
3319,2023,2,S,mean_intensity_degC,,400
3320,2023,3,S,activity_degC_days_m2,24955274939.17635,400
3321,2023,3,S,mean_area_km2,32.98567110696915,400
3322,2023,3,S,mean_duration_days,12.428571428571429,400
3323,2023,3,S,mean_intensity_degC,0.9313480257987976,400
3324,2023,3,S,number_of_events,7.0,400
3325,2023,3,S,sum_area_km2,230.89969774878404,400
3326,2023,4,S,activity_degC_days_m2,79620283284.17914,400
3327,2023,4,S,mean_area_km2,32.69693244134146,400
3328,2023,4,S,mean_duration_days,17.2,400
3329,2023,4,S,mean_intensity_degC,1.2419553995132446,400
3330,2023,4,S,number_of_events,5.0,400
3331,2023,4,S,sum_area_km2,163.4846622067073,400
3332,2023,5,S,activity_degC_days_m2,28746477520.258183,400
3333,2023,5,S,mean_area_km2,35.39182665386666,400
3334,2023,5,S,mean_duration_days,5.0,400
3335,2023,5,S,mean_intensity_degC,1.3956339359283447,400
3336,2023,5,S,number_of_events,1.0,400
3337,2023,5,S,sum_area_km2,35.39182665386666,400
3338,2023,6,S,activity_degC_days_m2,55091049794.72705,400
3339,2023,6,S,mean_area_km2,32.98567110696916,400
3340,2023,6,S,mean_duration_days,11.142857142857142,400
3341,2023,6,S,mean_intensity_degC,1.941576361656189,400
3342,2023,6,S,number_of_events,7.0,400
3343,2023,6,S,sum_area_km2,230.89969774878412,400
3344,2023,7,S,activity_degC_days_m2,59014613314.10461,400
3345,2023,7,S,mean_area_km2,35.39182665386666,400
3346,2023,7,S,mean_duration_days,5.0,400
3347,2023,7,S,mean_intensity_degC,2.3845772743225098,400
3348,2023,7,S,number_of_events,1.0,400
3349,2023,7,S,sum_area_km2,35.39182665386666,400
3350,2023,8,S,activity_degC_days_m2,0.0,400
3351,2023,8,S,mean_intensity_degC,,400
3352,2023,9,S,activity_degC_days_m2,0.0,400
3353,2023,9,S,mean_intensity_degC,,400
3354,2023,10,S,activity_degC_days_m2,167203849768.7336,400
3355,2023,10,S,mean_area_km2,33.146081476762326,400
3356,2023,10,S,mean_duration_days,20.5,400
3357,2023,10,S,mean_intensity_degC,2.0942916870117188,400
3358,2023,10,S,number_of_events,6.0,400
3359,2023,10,S,sum_area_km2,198.87648886057391,400
3360,2023,11,S,activity_degC_days_m2,5786132369.995935,400
3361,2023,11,S,mean_area_km2,32.023208888210064,400
3362,2023,11,S,mean_duration_days,97.0,400
3363,2023,11,S,mean_intensity_degC,1.560007095336914,400
3364,2023,11,S,number_of_events,1.0,400
3365,2023,11,S,sum_area_km2,32.023208888210064,400
3366,2023,12,S,activity_degC_days_m2,71840062292.64879,400
3367,2023,12,S,mean_area_km2,33.37065599447278,400
3368,2023,12,S,mean_duration_days,55.6,400
3369,2023,12,S,mean_intensity_degC,1.2008590698242188,400
3370,2023,12,S,number_of_events,5.0,400
3371,2023,12,S,sum_area_km2,166.85327997236388,400
3372,2024,1,S,activity_degC_days_m2,138295765231.1499,400
3373,2024,1,S,mean_area_km2,35.39182665386675,400
3374,2024,1,S,mean_duration_days,44.5,400
3375,2024,1,S,mean_intensity_degC,1.265480399131775,400
3376,2024,1,S,number_of_events,2.0,400
3377,2024,1,S,sum_area_km2,70.7836533077335,400
3378,2024,2,S,activity_degC_days_m2,184728296763.09903,400
3379,2024,2,S,mean_intensity_degC,1.7192480564117432,400
3380,2024,3,S,activity_degC_days_m2,2969505475.049233,400
3381,2024,3,S,mean_intensity_degC,0.9580225944519044,400
3382,2024,4,S,activity_degC_days_m2,54904956966.80613,400
3383,2024,4,S,mean_area_km2,33.146081476762326,400
3384,2024,4,S,mean_duration_days,9.833333333333334,400
3385,2024,4,S,mean_intensity_degC,1.4849853515625,400
3386,2024,4,S,number_of_events,6.0,400
3387,2024,4,S,sum_area_km2,198.87648886057391,400
3388,2024,5,S,activity_degC_days_m2,0.0,400
3389,2024,5,S,mean_intensity_degC,,400
3390,2024,6,S,activity_degC_days_m2,0.0,400
3391,2024,6,S,mean_intensity_degC,,400
3392,2024,7,S,activity_degC_days_m2,0.0,400
3393,2024,7,S,mean_intensity_degC,,400
3394,2024,8,S,activity_degC_days_m2,0.0,400
3395,2024,8,S,mean_intensity_degC,,400
3396,2024,9,S,activity_degC_days_m2,0.0,400
3397,2024,9,S,mean_intensity_degC,,400
3398,2024,10,S,activity_degC_days_m2,0.0,400
3399,2024,10,S,mean_intensity_degC,,400
3400,2024,11,S,activity_degC_days_m2,46237083609.53177,400
3401,2024,11,S,mean_area_km2,32.696932441341424,400
3402,2024,11,S,mean_duration_days,62.4,400
3403,2024,11,S,mean_intensity_degC,1.4119387865066528,400
3404,2024,11,S,number_of_events,5.0,400
3405,2024,11,S,sum_area_km2,163.48466220670713,400
3406,2024,12,S,activity_degC_days_m2,142046668940.4641,400
3407,2024,12,S,mean_area_km2,35.39182665386684,400
3408,2024,12,S,mean_duration_days,22.0,400
3409,2024,12,S,mean_intensity_degC,1.2903366088867188,400
3410,2024,12,S,number_of_events,1.0,400
3411,2024,12,S,sum_area_km2,35.39182665386684,400
3412,2025,1,S,activity_degC_days_m2,82843503640.1887,400
3413,2025,1,S,mean_area_km2,33.70751777103848,400
3414,2025,1,S,mean_duration_days,12.5,400
3415,2025,1,S,mean_intensity_degC,0.9978196024894714,400
3416,2025,1,S,number_of_events,2.0,400
3417,2025,1,S,sum_area_km2,67.41503554207696,400
3418,2025,2,S,activity_degC_days_m2,475524189.6520808,400
3419,2025,2,S,mean_intensity_degC,0.7692403793334961,400
3420,2025,3,S,activity_degC_days_m2,14412299177.83219,400
3421,2025,3,S,mean_area_km2,32.02320888821012,400
3422,2025,3,S,mean_duration_days,6.25,400
3423,2025,3,S,mean_intensity_degC,0.9241350889205932,400
3424,2025,3,S,number_of_events,4.0,400
3425,2025,3,S,sum_area_km2,128.09283555284048,400
3426,2025,4,S,activity_degC_days_m2,0.0,400
3427,2025,4,S,mean_intensity_degC,,400
3428,2025,5,S,activity_degC_days_m2,5064731956.188187,400
3429,2025,5,S,mean_area_km2,35.39182665386684,400
3430,2025,5,S,mean_duration_days,8.0,400
3431,2025,5,S,mean_intensity_degC,2.7400131225585938,400
3432,2025,5,S,number_of_events,1.0,400
3433,2025,5,S,sum_area_km2,35.39182665386684,400
3434,2025,6,S,activity_degC_days_m2,21532485820.90851,400
3435,2025,6,S,mean_area_km2,33.37065599447278,400
3436,2025,6,S,mean_duration_days,12.0,400
3437,2025,6,S,mean_intensity_degC,2.5215139389038086,400
3438,2025,6,S,number_of_events,5.0,400
3439,2025,6,S,sum_area_km2,166.85327997236388,400
3440,2025,7,S,activity_degC_days_m2,102227951020.89175,400
3441,2025,7,S,mean_area_km2,32.023208888210064,400
3442,2025,7,S,mean_duration_days,10.0,400
3443,2025,7,S,mean_intensity_degC,2.6427316665649414,400
3444,2025,7,S,number_of_events,1.0,400
3445,2025,7,S,sum_area_km2,32.023208888210064,400
3446,2025,8,S,activity_degC_days_m2,143711607596.17267,400
3447,2025,8,S,mean_area_km2,33.146081476762326,400
3448,2025,8,S,mean_duration_days,16.666666666666668,400
3449,2025,8,S,mean_intensity_degC,2.2759902477264404,400
3450,2025,8,S,number_of_events,6.0,400
3451,2025,8,S,sum_area_km2,198.87648886057391,400
3452,2025,9,S,activity_degC_days_m2,0.0,400
3453,2025,9,S,mean_intensity_degC,,400
3454,2025,10,S,activity_degC_days_m2,49609876667.248024,400
3455,2025,10,S,mean_area_km2,33.146081476762326,400
3456,2025,10,S,mean_duration_days,13.0,400
3457,2025,10,S,mean_intensity_degC,1.7399139404296875,400
3458,2025,10,S,number_of_events,6.0,400
3459,2025,10,S,sum_area_km2,198.87648886057391,400
3460,2025,11,S,activity_degC_days_m2,37843446033.1387,400
3461,2025,11,S,mean_area_km2,35.39182665386684,400
3462,2025,11,S,mean_duration_days,7.0,400
3463,2025,11,S,mean_intensity_degC,1.53943932056427,400
3464,2025,11,S,number_of_events,1.0,400
3465,2025,11,S,sum_area_km2,35.39182665386684,400
3466,2025,12,S,activity_degC_days_m2,0.0,400
3467,2025,12,S,mean_intensity_degC,,400
3468,1981,9,SW,activity_degC_days_m2,0.0,400
3469,1981,9,SW,mean_intensity_degC,,400
3470,1981,10,SW,activity_degC_days_m2,0.0,400
3471,1981,10,SW,mean_intensity_degC,,400
3472,1981,11,SW,activity_degC_days_m2,13449683038.280348,400
3473,1981,11,SW,mean_area_km2,42.54674264370835,400
3474,1981,11,SW,mean_duration_days,5.375,400
3475,1981,11,SW,mean_intensity_degC,1.708693027496338,400
3476,1981,11,SW,number_of_events,8.0,400
3477,1981,11,SW,sum_area_km2,340.3739411496668,400
3478,1981,12,SW,activity_degC_days_m2,34447591985.54343,400
3479,1981,12,SW,mean_intensity_degC,1.705268383026123,400
3480,1982,1,SW,activity_degC_days_m2,0.0,400
3481,1982,1,SW,mean_intensity_degC,,400
3482,1982,2,SW,activity_degC_days_m2,0.0,400
3483,1982,2,SW,mean_intensity_degC,,400
3484,1982,3,SW,activity_degC_days_m2,0.0,400
3485,1982,3,SW,mean_intensity_degC,,400
3486,1982,4,SW,activity_degC_days_m2,0.0,400
3487,1982,4,SW,mean_intensity_degC,,400
3488,1982,5,SW,activity_degC_days_m2,0.0,400
3489,1982,5,SW,mean_intensity_degC,,400
3490,1982,6,SW,activity_degC_days_m2,0.0,400
3491,1982,6,SW,mean_intensity_degC,,400
3492,1982,7,SW,activity_degC_days_m2,0.0,400
3493,1982,7,SW,mean_intensity_degC,,400
3494,1982,8,SW,activity_degC_days_m2,0.0,400
3495,1982,8,SW,mean_intensity_degC,,400
3496,1982,9,SW,activity_degC_days_m2,0.0,400
3497,1982,9,SW,mean_intensity_degC,,400
3498,1982,10,SW,activity_degC_days_m2,0.0,400
3499,1982,10,SW,mean_intensity_degC,,400
3500,1982,11,SW,activity_degC_days_m2,0.0,400
3501,1982,11,SW,mean_intensity_degC,,400
3502,1982,12,SW,activity_degC_days_m2,0.0,400
3503,1982,12,SW,mean_intensity_degC,,400
3504,1983,1,SW,activity_degC_days_m2,0.0,400
3505,1983,1,SW,mean_intensity_degC,,400
3506,1983,2,SW,activity_degC_days_m2,0.0,400
3507,1983,2,SW,mean_intensity_degC,,400
3508,1983,3,SW,activity_degC_days_m2,41886573974.56303,400
3509,1983,3,SW,mean_area_km2,41.16458325709975,400
3510,1983,3,SW,mean_duration_days,8.428571428571429,400
3511,1983,3,SW,mean_intensity_degC,1.1593588590621948,400
3512,1983,3,SW,number_of_events,7.0,400
3513,1983,3,SW,sum_area_km2,288.15208279969823,400
3514,1983,4,SW,activity_degC_days_m2,0.0,400
3515,1983,4,SW,mean_intensity_degC,,400
3516,1983,5,SW,activity_degC_days_m2,0.0,400
3517,1983,5,SW,mean_intensity_degC,,400
3518,1983,6,SW,activity_degC_days_m2,0.0,400
3519,1983,6,SW,mean_intensity_degC,,400
3520,1983,7,SW,activity_degC_days_m2,17480289189.834522,400
3521,1983,7,SW,mean_area_km2,49.69865936433461,400
3522,1983,7,SW,mean_duration_days,6.75,400
3523,1983,7,SW,mean_intensity_degC,1.0610133409500122,400
3524,1983,7,SW,number_of_events,4.0,400
3525,1983,7,SW,sum_area_km2,198.79463745733844,400
3526,1983,8,SW,activity_degC_days_m2,0.0,400
3527,1983,8,SW,mean_intensity_degC,,400
3528,1983,9,SW,activity_degC_days_m2,0.0,400
3529,1983,9,SW,mean_intensity_degC,,400
3530,1983,10,SW,activity_degC_days_m2,0.0,400
3531,1983,10,SW,mean_intensity_degC,,400
3532,1983,11,SW,activity_degC_days_m2,280606541068.7939,400
3533,1983,11,SW,mean_area_km2,47.17405477353668,400
3534,1983,11,SW,mean_duration_days,23.6875,400
3535,1983,11,SW,mean_intensity_degC,1.7591592073440552,400
3536,1983,11,SW,number_of_events,16.0,400
3537,1983,11,SW,sum_area_km2,754.7848763765869,400
3538,1983,12,SW,activity_degC_days_m2,128030099056.71211,400
3539,1983,12,SW,mean_intensity_degC,1.5585205554962158,400
3540,1984,1,SW,activity_degC_days_m2,0.0,400
3541,1984,1,SW,mean_intensity_degC,,400
3542,1984,2,SW,activity_degC_days_m2,0.0,400
3543,1984,2,SW,mean_intensity_degC,,400
3544,1984,3,SW,activity_degC_days_m2,0.0,400
3545,1984,3,SW,mean_intensity_degC,,400
3546,1984,4,SW,activity_degC_days_m2,0.0,400
3547,1984,4,SW,mean_intensity_degC,,400
3548,1984,5,SW,activity_degC_days_m2,0.0,400
3549,1984,5,SW,mean_intensity_degC,,400
3550,1984,6,SW,activity_degC_days_m2,0.0,400
3551,1984,6,SW,mean_intensity_degC,,400
3552,1984,7,SW,activity_degC_days_m2,0.0,400
3553,1984,7,SW,mean_intensity_degC,,400
3554,1984,8,SW,activity_degC_days_m2,0.0,400
3555,1984,8,SW,mean_intensity_degC,,400
3556,1984,9,SW,activity_degC_days_m2,0.0,400
3557,1984,9,SW,mean_intensity_degC,,400
3558,1984,10,SW,activity_degC_days_m2,0.0,400
3559,1984,10,SW,mean_intensity_degC,,400
3560,1984,11,SW,activity_degC_days_m2,0.0,400
3561,1984,11,SW,mean_intensity_degC,,400
3562,1984,12,SW,activity_degC_days_m2,0.0,400
3563,1984,12,SW,mean_intensity_degC,,400
3564,1985,1,SW,activity_degC_days_m2,0.0,400
3565,1985,1,SW,mean_intensity_degC,,400
3566,1985,2,SW,activity_degC_days_m2,0.0,400
3567,1985,2,SW,mean_intensity_degC,,400
3568,1985,3,SW,activity_degC_days_m2,0.0,400
3569,1985,3,SW,mean_intensity_degC,,400
3570,1985,4,SW,activity_degC_days_m2,0.0,400
3571,1985,4,SW,mean_intensity_degC,,400
3572,1985,5,SW,activity_degC_days_m2,0.0,400
3573,1985,5,SW,mean_intensity_degC,,400
3574,1985,6,SW,activity_degC_days_m2,0.0,400
3575,1985,6,SW,mean_intensity_degC,,400
3576,1985,7,SW,activity_degC_days_m2,8032718739.893671,400
3577,1985,7,SW,mean_area_km2,55.587140006886386,400
3578,1985,7,SW,mean_duration_days,5.0,400
3579,1985,7,SW,mean_intensity_degC,1.3305280208587646,400
3580,1985,7,SW,number_of_events,2.0,400
3581,1985,7,SW,sum_area_km2,111.17428001377276,400
3582,1985,8,SW,activity_degC_days_m2,0.0,400
3583,1985,8,SW,mean_intensity_degC,,400
3584,1985,9,SW,activity_degC_days_m2,0.0,400
3585,1985,9,SW,mean_intensity_degC,,400
3586,1985,10,SW,activity_degC_days_m2,4914917160.761978,400
3587,1985,10,SW,mean_area_km2,35.39182665386661,400
3588,1985,10,SW,mean_duration_days,5.0,400
3589,1985,10,SW,mean_intensity_degC,1.5953781604766846,400
3590,1985,10,SW,number_of_events,1.0,400
3591,1985,10,SW,sum_area_km2,35.39182665386661,400
3592,1985,11,SW,activity_degC_days_m2,0.0,400
3593,1985,11,SW,mean_intensity_degC,,400
3594,1985,12,SW,activity_degC_days_m2,0.0,400
3595,1985,12,SW,mean_intensity_degC,,400
3596,1986,1,SW,activity_degC_days_m2,0.0,400
3597,1986,1,SW,mean_intensity_degC,,400
3598,1986,2,SW,activity_degC_days_m2,0.0,400
3599,1986,2,SW,mean_intensity_degC,,400
3600,1986,3,SW,activity_degC_days_m2,0.0,400
3601,1986,3,SW,mean_intensity_degC,,400
3602,1986,4,SW,activity_degC_days_m2,0.0,400
3603,1986,4,SW,mean_intensity_degC,,400
3604,1986,5,SW,activity_degC_days_m2,0.0,400
3605,1986,5,SW,mean_intensity_degC,,400
3606,1986,6,SW,activity_degC_days_m2,0.0,400
3607,1986,6,SW,mean_intensity_degC,,400
3608,1986,7,SW,activity_degC_days_m2,0.0,400
3609,1986,7,SW,mean_intensity_degC,,400
3610,1986,8,SW,activity_degC_days_m2,0.0,400
3611,1986,8,SW,mean_intensity_degC,,400
3612,1986,9,SW,activity_degC_days_m2,9687801341.770945,400
3613,1986,9,SW,mean_area_km2,53.905333237362,400
3614,1986,9,SW,mean_duration_days,5.5,400
3615,1986,9,SW,mean_intensity_degC,1.4355827569961548,400
3616,1986,9,SW,number_of_events,2.0,400
3617,1986,9,SW,sum_area_km2,107.810666474724,400
3618,1986,10,SW,activity_degC_days_m2,5102705227.125173,400
3619,1986,10,SW,mean_area_km2,52.22352646783737,400
3620,1986,10,SW,mean_duration_days,6.0,400
3621,1986,10,SW,mean_intensity_degC,1.4037939310073853,400
3622,1986,10,SW,number_of_events,1.0,400
3623,1986,10,SW,sum_area_km2,52.22352646783737,400
3624,1986,11,SW,activity_degC_days_m2,0.0,400
3625,1986,11,SW,mean_intensity_degC,,400
3626,1986,12,SW,activity_degC_days_m2,0.0,400
3627,1986,12,SW,mean_intensity_degC,,400
3628,1987,1,SW,activity_degC_days_m2,0.0,400
3629,1987,1,SW,mean_intensity_degC,,400
3630,1987,2,SW,activity_degC_days_m2,0.0,400
3631,1987,2,SW,mean_intensity_degC,,400
3632,1987,3,SW,activity_degC_days_m2,3432069753.4802327,400
3633,1987,3,SW,mean_area_km2,35.39182665386661,400
3634,1987,3,SW,mean_duration_days,5.0,400
3635,1987,3,SW,mean_intensity_degC,1.1140470504760742,400
3636,1987,3,SW,number_of_events,1.0,400
3637,1987,3,SW,sum_area_km2,35.39182665386661,400
3638,1987,4,SW,activity_degC_days_m2,0.0,400
3639,1987,4,SW,mean_intensity_degC,,400
3640,1987,5,SW,activity_degC_days_m2,4134560361.662308,400
3641,1987,5,SW,mean_area_km2,58.949695276924615,400
3642,1987,5,SW,mean_duration_days,5.0,400
3643,1987,5,SW,mean_intensity_degC,1.3744903802871704,400
3644,1987,5,SW,number_of_events,1.0,400
3645,1987,5,SW,sum_area_km2,58.949695276924615,400
3646,1987,6,SW,activity_degC_days_m2,0.0,400
3647,1987,6,SW,mean_intensity_degC,,400
3648,1987,7,SW,activity_degC_days_m2,0.0,400
3649,1987,7,SW,mean_intensity_degC,,400
3650,1987,8,SW,activity_degC_days_m2,34964886066.83912,400
3651,1987,8,SW,mean_area_km2,42.12541021846583,400
3652,1987,8,SW,mean_duration_days,5.333333333333333,400
3653,1987,8,SW,mean_intensity_degC,1.7540863752365112,400
3654,1987,8,SW,number_of_events,6.0,400
3655,1987,8,SW,sum_area_km2,252.75246131079496,400
3656,1987,9,SW,activity_degC_days_m2,116762732269.15176,400
3657,1987,9,SW,mean_area_km2,43.349989189598745,400
3658,1987,9,SW,mean_duration_days,12.636363636363637,400
3659,1987,9,SW,mean_intensity_degC,1.8748815059661863,400
3660,1987,9,SW,number_of_events,11.0,400
3661,1987,9,SW,sum_area_km2,476.8498810855863,400
3662,1987,10,SW,activity_degC_days_m2,48854764396.26767,400
3663,1987,10,SW,mean_intensity_degC,1.7185161113739014,400
3664,1987,11,SW,activity_degC_days_m2,0.0,400
3665,1987,11,SW,mean_intensity_degC,,400
3666,1987,12,SW,activity_degC_days_m2,0.0,400
3667,1987,12,SW,mean_intensity_degC,,400
3668,1988,1,SW,activity_degC_days_m2,0.0,400
3669,1988,1,SW,mean_intensity_degC,,400
3670,1988,2,SW,activity_degC_days_m2,0.0,400
3671,1988,2,SW,mean_intensity_degC,,400
3672,1988,3,SW,activity_degC_days_m2,0.0,400
3673,1988,3,SW,mean_intensity_degC,,400
3674,1988,4,SW,activity_degC_days_m2,0.0,400
3675,1988,4,SW,mean_intensity_degC,,400
3676,1988,5,SW,activity_degC_days_m2,0.0,400
3677,1988,5,SW,mean_intensity_degC,,400
3678,1988,6,SW,activity_degC_days_m2,0.0,400
3679,1988,6,SW,mean_intensity_degC,,400
3680,1988,7,SW,activity_degC_days_m2,0.0,400
3681,1988,7,SW,mean_intensity_degC,,400
3682,1988,8,SW,activity_degC_days_m2,0.0,400
3683,1988,8,SW,mean_intensity_degC,,400
3684,1988,9,SW,activity_degC_days_m2,0.0,400
3685,1988,9,SW,mean_intensity_degC,,400
3686,1988,10,SW,activity_degC_days_m2,0.0,400
3687,1988,10,SW,mean_intensity_degC,,400
3688,1988,11,SW,activity_degC_days_m2,148993588801.7571,400
3689,1988,11,SW,mean_area_km2,51.26078267871888,400
3690,1988,11,SW,mean_duration_days,11.857142857142858,400
3691,1988,11,SW,mean_intensity_degC,1.5528382062911987,400
3692,1988,11,SW,number_of_events,14.0,400
3693,1988,11,SW,sum_area_km2,717.6509575020642,400
3694,1988,12,SW,activity_degC_days_m2,9684493421.635754,400
3695,1988,12,SW,mean_intensity_degC,1.34402334690094,400
3696,1989,1,SW,activity_degC_days_m2,0.0,400
3697,1989,1,SW,mean_intensity_degC,,400
3698,1989,2,SW,activity_degC_days_m2,9550103715.042212,400
3699,1989,2,SW,mean_area_km2,56.707639007228934,400
3700,1989,2,SW,mean_duration_days,5.666666666666667,400
3701,1989,2,SW,mean_intensity_degC,0.9343156218528748,400
3702,1989,2,SW,number_of_events,3.0,400
3703,1989,2,SW,sum_area_km2,170.1229170216868,400
3704,1989,3,SW,activity_degC_days_m2,0.0,400
3705,1989,3,SW,mean_intensity_degC,,400
3706,1989,4,SW,activity_degC_days_m2,0.0,400
3707,1989,4,SW,mean_intensity_degC,,400
3708,1989,5,SW,activity_degC_days_m2,8086960181.116023,400
3709,1989,5,SW,mean_area_km2,43.81017872178258,400
3710,1989,5,SW,mean_duration_days,6.0,400
3711,1989,5,SW,mean_intensity_degC,1.323451042175293,400
3712,1989,5,SW,number_of_events,2.0,400
3713,1989,5,SW,sum_area_km2,87.62035744356515,400
3714,1989,6,SW,activity_degC_days_m2,1489493172.982072,400
3715,1989,6,SW,mean_intensity_degC,1.2187738418579102,400
3716,1989,7,SW,activity_degC_days_m2,173457801750.14584,400
3717,1989,7,SW,mean_area_km2,46.00967039949132,400
3718,1989,7,SW,mean_duration_days,31.846153846153847,400
3719,1989,7,SW,mean_intensity_degC,1.5831336975097656,400
3720,1989,7,SW,number_of_events,13.0,400
3721,1989,7,SW,sum_area_km2,598.1257151933871,400
3722,1989,8,SW,activity_degC_days_m2,408718115068.37537,400
3723,1989,8,SW,mean_area_km2,48.01274695926656,400
3724,1989,8,SW,mean_duration_days,17.25,400
3725,1989,8,SW,mean_intensity_degC,2.062160015106201,400
3726,1989,8,SW,number_of_events,4.0,400
3727,1989,8,SW,sum_area_km2,192.05098783706623,400
3728,1989,9,SW,activity_degC_days_m2,0.0,400
3729,1989,9,SW,mean_intensity_degC,,400
3730,1989,10,SW,activity_degC_days_m2,97853938210.91382,400
3731,1989,10,SW,mean_area_km2,42.686870470718006,400
3732,1989,10,SW,mean_duration_days,9.0,400
3733,1989,10,SW,mean_intensity_degC,1.6885087490081787,400
3734,1989,10,SW,number_of_events,12.0,400
3735,1989,10,SW,sum_area_km2,512.242445648616,400
3736,1989,11,SW,activity_degC_days_m2,16998868370.642635,400
3737,1989,11,SW,mean_intensity_degC,1.7869553565979004,400
3738,1989,12,SW,activity_degC_days_m2,25151726386.41594,400
3739,1989,12,SW,mean_area_km2,53.56856138316649,400
3740,1989,12,SW,mean_duration_days,7.4,400
3741,1989,12,SW,mean_intensity_degC,1.0899556875228882,400
3742,1989,12,SW,number_of_events,5.0,400
3743,1989,12,SW,sum_area_km2,267.84280691583245,400
3744,1990,1,SW,activity_degC_days_m2,23016239575.228027,400
3745,1990,1,SW,mean_area_km2,51.10199054400715,400
3746,1990,1,SW,mean_duration_days,13.0,400
3747,1990,1,SW,mean_intensity_degC,0.9739251136779784,400
3748,1990,1,SW,number_of_events,3.0,400
3749,1990,1,SW,sum_area_km2,153.30597163202145,400
3750,1990,2,SW,activity_degC_days_m2,41630353922.572296,400
3751,1990,2,SW,mean_area_km2,52.97032620848074,400
3752,1990,2,SW,mean_duration_days,9.444444444444445,400
3753,1990,2,SW,mean_intensity_degC,1.051902413368225,400
3754,1990,2,SW,number_of_events,9.0,400
3755,1990,2,SW,sum_area_km2,476.7329358763267,400
3756,1990,3,SW,activity_degC_days_m2,52578047925.40661,400
3757,1990,3,SW,mean_area_km2,46.613120415464074,400
3758,1990,3,SW,mean_duration_days,5.333333333333333,400
3759,1990,3,SW,mean_intensity_degC,0.9798951745033264,400
3760,1990,3,SW,number_of_events,12.0,400
3761,1990,3,SW,sum_area_km2,559.3574449855689,400
3762,1990,4,SW,activity_degC_days_m2,0.0,400
3763,1990,4,SW,mean_intensity_degC,,400
3764,1990,5,SW,activity_degC_days_m2,34388527355.18059,400
3765,1990,5,SW,mean_area_km2,56.7079917635658,400
3766,1990,5,SW,mean_duration_days,13.333333333333334,400
3767,1990,5,SW,mean_intensity_degC,1.3718736171722412,400
3768,1990,5,SW,number_of_events,3.0,400
3769,1990,5,SW,sum_area_km2,170.1239752906974,400
3770,1990,6,SW,activity_degC_days_m2,0.0,400
3771,1990,6,SW,mean_intensity_degC,,400
3772,1990,7,SW,activity_degC_days_m2,149010388630.0297,400
3773,1990,7,SW,mean_area_km2,47.89512321423869,400
3774,1990,7,SW,mean_duration_days,13.285714285714286,400
3775,1990,7,SW,mean_intensity_degC,1.6533914804458618,400
3776,1990,7,SW,number_of_events,14.0,400
3777,1990,7,SW,sum_area_km2,670.5317249993416,400
3778,1990,8,SW,activity_degC_days_m2,112012091238.62248,400
3779,1990,8,SW,mean_area_km2,43.937780514853785,400
3780,1990,8,SW,mean_duration_days,6.461538461538462,400
3781,1990,8,SW,mean_intensity_degC,1.5676325559616089,400
3782,1990,8,SW,number_of_events,13.0,400
3783,1990,8,SW,sum_area_km2,571.1911466930991,400
3784,1990,9,SW,activity_degC_days_m2,56942452134.08332,400
3785,1990,9,SW,mean_area_km2,46.71672283440454,400
3786,1990,9,SW,mean_duration_days,7.090909090909091,400
3787,1990,9,SW,mean_intensity_degC,1.529259204864502,400
3788,1990,9,SW,number_of_events,11.0,400
3789,1990,9,SW,sum_area_km2,513.8839511784499,400
3790,1990,10,SW,activity_degC_days_m2,19102350319.440125,400
3791,1990,10,SW,mean_intensity_degC,1.6490617990493774,400
3792,1990,11,SW,activity_degC_days_m2,0.0,400
3793,1990,11,SW,mean_intensity_degC,,400
3794,1990,12,SW,activity_degC_days_m2,0.0,400
3795,1990,12,SW,mean_intensity_degC,,400
3796,1991,1,SW,activity_degC_days_m2,0.0,400
3797,1991,1,SW,mean_intensity_degC,,400
3798,1991,2,SW,activity_degC_days_m2,0.0,400
3799,1991,2,SW,mean_intensity_degC,,400
3800,1991,3,SW,activity_degC_days_m2,0.0,400
3801,1991,3,SW,mean_intensity_degC,,400
3802,1991,4,SW,activity_degC_days_m2,0.0,400
3803,1991,4,SW,mean_intensity_degC,,400
3804,1991,5,SW,activity_degC_days_m2,0.0,400
3805,1991,5,SW,mean_intensity_degC,,400
3806,1991,6,SW,activity_degC_days_m2,0.0,400
3807,1991,6,SW,mean_intensity_degC,,400
3808,1991,7,SW,activity_degC_days_m2,0.0,400
3809,1991,7,SW,mean_intensity_degC,,400
3810,1991,8,SW,activity_degC_days_m2,147367165349.46393,400
3811,1991,8,SW,mean_area_km2,47.89512321423869,400
3812,1991,8,SW,mean_duration_days,29.785714285714285,400
3813,1991,8,SW,mean_intensity_degC,2.129885673522949,400
3814,1991,8,SW,number_of_events,14.0,400
3815,1991,8,SW,sum_area_km2,670.5317249993416,400
3816,1991,9,SW,activity_degC_days_m2,353491930268.4166,400
3817,1991,9,SW,mean_area_km2,52.22352646783737,400
3818,1991,9,SW,mean_duration_days,14.0,400
3819,1991,9,SW,mean_intensity_degC,1.8175634145736697,400
3820,1991,9,SW,number_of_events,1.0,400
3821,1991,9,SW,sum_area_km2,52.22352646783737,400
3822,1991,10,SW,activity_degC_days_m2,0.0,400
3823,1991,10,SW,mean_intensity_degC,,400
3824,1991,11,SW,activity_degC_days_m2,0.0,400
3825,1991,11,SW,mean_intensity_degC,,400
3826,1991,12,SW,activity_degC_days_m2,0.0,400
3827,1991,12,SW,mean_intensity_degC,,400
3828,1992,1,SW,activity_degC_days_m2,0.0,400
3829,1992,1,SW,mean_intensity_degC,,400
3830,1992,2,SW,activity_degC_days_m2,0.0,400
3831,1992,2,SW,mean_intensity_degC,,400
3832,1992,3,SW,activity_degC_days_m2,0.0,400
3833,1992,3,SW,mean_intensity_degC,,400
3834,1992,4,SW,activity_degC_days_m2,0.0,400
3835,1992,4,SW,mean_intensity_degC,,400
3836,1992,5,SW,activity_degC_days_m2,0.0,400
3837,1992,5,SW,mean_intensity_degC,,400
3838,1992,6,SW,activity_degC_days_m2,0.0,400
3839,1992,6,SW,mean_intensity_degC,,400
3840,1992,7,SW,activity_degC_days_m2,0.0,400
3841,1992,7,SW,mean_intensity_degC,,400
3842,1992,8,SW,activity_degC_days_m2,0.0,400
3843,1992,8,SW,mean_intensity_degC,,400
3844,1992,9,SW,activity_degC_days_m2,0.0,400
3845,1992,9,SW,mean_intensity_degC,,400
3846,1992,10,SW,activity_degC_days_m2,0.0,400
3847,1992,10,SW,mean_intensity_degC,,400
3848,1992,11,SW,activity_degC_days_m2,0.0,400
3849,1992,11,SW,mean_intensity_degC,,400
3850,1992,12,SW,activity_degC_days_m2,0.0,400
3851,1992,12,SW,mean_intensity_degC,,400
3852,1993,1,SW,activity_degC_days_m2,0.0,400
3853,1993,1,SW,mean_intensity_degC,,400
3854,1993,2,SW,activity_degC_days_m2,0.0,400
3855,1993,2,SW,mean_intensity_degC,,400
3856,1993,3,SW,activity_degC_days_m2,0.0,400
3857,1993,3,SW,mean_intensity_degC,,400
3858,1993,4,SW,activity_degC_days_m2,0.0,400
3859,1993,4,SW,mean_intensity_degC,,400
3860,1993,5,SW,activity_degC_days_m2,0.0,400
3861,1993,5,SW,mean_intensity_degC,,400
3862,1993,6,SW,activity_degC_days_m2,0.0,400
3863,1993,6,SW,mean_intensity_degC,,400
3864,1993,7,SW,activity_degC_days_m2,0.0,400
3865,1993,7,SW,mean_intensity_degC,,400
3866,1993,8,SW,activity_degC_days_m2,0.0,400
3867,1993,8,SW,mean_intensity_degC,,400
3868,1993,9,SW,activity_degC_days_m2,0.0,400
3869,1993,9,SW,mean_intensity_degC,,400
3870,1993,10,SW,activity_degC_days_m2,0.0,400
3871,1993,10,SW,mean_intensity_degC,,400
3872,1993,11,SW,activity_degC_days_m2,0.0,400
3873,1993,11,SW,mean_intensity_degC,,400
3874,1993,12,SW,activity_degC_days_m2,0.0,400
3875,1993,12,SW,mean_intensity_degC,,400
3876,1994,1,SW,activity_degC_days_m2,0.0,400
3877,1994,1,SW,mean_intensity_degC,,400
3878,1994,2,SW,activity_degC_days_m2,0.0,400
3879,1994,2,SW,mean_intensity_degC,,400
3880,1994,3,SW,activity_degC_days_m2,0.0,400
3881,1994,3,SW,mean_intensity_degC,,400
3882,1994,4,SW,activity_degC_days_m2,0.0,400
3883,1994,4,SW,mean_intensity_degC,,400
3884,1994,5,SW,activity_degC_days_m2,0.0,400
3885,1994,5,SW,mean_intensity_degC,,400
3886,1994,6,SW,activity_degC_days_m2,19130338303.83848,400
3887,1994,6,SW,mean_area_km2,56.7079917635658,400
3888,1994,6,SW,mean_duration_days,7.0,400
3889,1994,6,SW,mean_intensity_degC,1.440284252166748,400
3890,1994,6,SW,number_of_events,3.0,400
3891,1994,6,SW,sum_area_km2,170.1239752906974,400
3892,1994,7,SW,activity_degC_days_m2,0.0,400
3893,1994,7,SW,mean_intensity_degC,,400
3894,1994,8,SW,activity_degC_days_m2,0.0,400
3895,1994,8,SW,mean_intensity_degC,,400
3896,1994,9,SW,activity_degC_days_m2,0.0,400
3897,1994,9,SW,mean_intensity_degC,,400
3898,1994,10,SW,activity_degC_days_m2,0.0,400
3899,1994,10,SW,mean_intensity_degC,,400
3900,1994,11,SW,activity_degC_days_m2,0.0,400
3901,1994,11,SW,mean_intensity_degC,,400
3902,1994,12,SW,activity_degC_days_m2,103763145036.7629,400
3903,1994,12,SW,mean_area_km2,43.92114327769254,400
3904,1994,12,SW,mean_duration_days,9.8,400
3905,1994,12,SW,mean_intensity_degC,1.1724638938903809,400
3906,1994,12,SW,number_of_events,15.0,400
3907,1994,12,SW,sum_area_km2,658.8171491653881,400
3908,1995,1,SW,activity_degC_days_m2,0.0,400
3909,1995,1,SW,mean_intensity_degC,,400
3910,1995,2,SW,activity_degC_days_m2,0.0,400
3911,1995,2,SW,mean_intensity_degC,,400
3912,1995,3,SW,activity_degC_days_m2,0.0,400
3913,1995,3,SW,mean_intensity_degC,,400
3914,1995,4,SW,activity_degC_days_m2,38777839073.44785,400
3915,1995,4,SW,mean_area_km2,39.72150410080999,400
3916,1995,4,SW,mean_duration_days,6.857142857142857,400
3917,1995,4,SW,mean_intensity_degC,1.2058860063552856,400
3918,1995,4,SW,number_of_events,7.0,400
3919,1995,4,SW,sum_area_km2,278.0505287056699,400
3920,1995,5,SW,activity_degC_days_m2,0.0,400
3921,1995,5,SW,mean_intensity_degC,,400
3922,1995,6,SW,activity_degC_days_m2,0.0,400
3923,1995,6,SW,mean_intensity_degC,,400
3924,1995,7,SW,activity_degC_days_m2,60481782976.32157,400
3925,1995,7,SW,mean_area_km2,49.978255756005126,400
3926,1995,7,SW,mean_duration_days,9.11111111111111,400
3927,1995,7,SW,mean_intensity_degC,1.1804516315460205,400
3928,1995,7,SW,number_of_events,9.0,400
3929,1995,7,SW,sum_area_km2,449.8043018040461,400
3930,1995,8,SW,activity_degC_days_m2,46739034116.8533,400
3931,1995,8,SW,mean_area_km2,46.40905314165756,400
3932,1995,8,SW,mean_duration_days,6.2727272727272725,400
3933,1995,8,SW,mean_intensity_degC,1.6721123456954956,400
3934,1995,8,SW,number_of_events,11.0,400
3935,1995,8,SW,sum_area_km2,510.4995845582332,400
3936,1995,9,SW,activity_degC_days_m2,24210080204.63255,400
3937,1995,9,SW,mean_intensity_degC,1.4396722316741943,400
3938,1995,10,SW,activity_degC_days_m2,49272946001.79488,400
3939,1995,10,SW,mean_area_km2,39.43306426078172,400
3940,1995,10,SW,mean_duration_days,28.8,400
3941,1995,10,SW,mean_intensity_degC,1.827749252319336,400
3942,1995,10,SW,number_of_events,5.0,400
3943,1995,10,SW,sum_area_km2,197.1653213039086,400
3944,1995,11,SW,activity_degC_days_m2,327923071328.3344,400
3945,1995,11,SW,mean_area_km2,52.670695447108045,400
3946,1995,11,SW,mean_duration_days,13.6,400
3947,1995,11,SW,mean_intensity_degC,1.7666165828704834,400
3948,1995,11,SW,number_of_events,15.0,400
3949,1995,11,SW,sum_area_km2,790.0604317066206,400
3950,1995,12,SW,activity_degC_days_m2,58431846489.77834,400
3951,1995,12,SW,mean_area_km2,50.0805404503758,400
3952,1995,12,SW,mean_duration_days,21.272727272727273,400
3953,1995,12,SW,mean_intensity_degC,1.0724809169769287,400
3954,1995,12,SW,number_of_events,11.0,400
3955,1995,12,SW,sum_area_km2,550.8859449541338,400
3956,1996,1,SW,activity_degC_days_m2,132492314101.98853,400
3957,1996,1,SW,mean_area_km2,39.88192668173594,400
3958,1996,1,SW,mean_duration_days,10.333333333333334,400
3959,1996,1,SW,mean_intensity_degC,1.1669821739196775,400
3960,1996,1,SW,number_of_events,3.0,400
3961,1996,1,SW,sum_area_km2,119.64578004520784,400
3962,1996,2,SW,activity_degC_days_m2,0.0,400
3963,1996,2,SW,mean_intensity_degC,,400
3964,1996,3,SW,activity_degC_days_m2,0.0,400
3965,1996,3,SW,mean_intensity_degC,,400
3966,1996,4,SW,activity_degC_days_m2,0.0,400
3967,1996,4,SW,mean_intensity_degC,,400
3968,1996,5,SW,activity_degC_days_m2,0.0,400
3969,1996,5,SW,mean_intensity_degC,,400
3970,1996,6,SW,activity_degC_days_m2,3562409683.1831465,400
3971,1996,6,SW,mean_area_km2,35.39182665386661,400
3972,1996,6,SW,mean_duration_days,10.0,400
3973,1996,6,SW,mean_intensity_degC,1.445444107055664,400
3974,1996,6,SW,number_of_events,1.0,400
3975,1996,6,SW,sum_area_km2,35.39182665386661,400
3976,1996,7,SW,activity_degC_days_m2,71994632066.9422,400
3977,1996,7,SW,mean_area_km2,44.482166797076864,400
3978,1996,7,SW,mean_duration_days,7.4,400
3979,1996,7,SW,mean_intensity_degC,1.388074517250061,400
3980,1996,7,SW,number_of_events,10.0,400
3981,1996,7,SW,sum_area_km2,444.8216679707687,400
3982,1996,8,SW,activity_degC_days_m2,0.0,400
3983,1996,8,SW,mean_intensity_degC,,400
3984,1996,9,SW,activity_degC_days_m2,0.0,400
3985,1996,9,SW,mean_intensity_degC,,400
3986,1996,10,SW,activity_degC_days_m2,0.0,400
3987,1996,10,SW,mean_intensity_degC,,400
3988,1996,11,SW,activity_degC_days_m2,0.0,400
3989,1996,11,SW,mean_intensity_degC,,400
3990,1996,12,SW,activity_degC_days_m2,0.0,400
3991,1996,12,SW,mean_intensity_degC,,400
3992,1997,1,SW,activity_degC_days_m2,0.0,400
3993,1997,1,SW,mean_intensity_degC,,400
3994,1997,2,SW,activity_degC_days_m2,45543077003.86745,400
3995,1997,2,SW,mean_area_km2,46.2391788694102,400
3996,1997,2,SW,mean_duration_days,43.5,400
3997,1997,2,SW,mean_intensity_degC,1.0848631858825684,400
3998,1997,2,SW,number_of_events,18.0,400
3999,1997,2,SW,sum_area_km2,832.3052196493836,400
4000,1997,3,SW,activity_degC_days_m2,372581076286.96136,400
4001,1997,3,SW,mean_area_km2,45.49142393935016,400
4002,1997,3,SW,mean_duration_days,50.666666666666664,400
4003,1997,3,SW,mean_intensity_degC,1.4116264581680298,400
4004,1997,3,SW,number_of_events,3.0,400
4005,1997,3,SW,sum_area_km2,136.47427181805048,400
4006,1997,4,SW,activity_degC_days_m2,443374042368.6847,400
4007,1997,4,SW,mean_area_km2,42.12509692302485,400
4008,1997,4,SW,mean_duration_days,10.2,400
4009,1997,4,SW,mean_intensity_degC,1.8008649349212646,400
4010,1997,4,SW,number_of_events,5.0,400
4011,1997,4,SW,sum_area_km2,210.62548461512424,400
4012,1997,5,SW,activity_degC_days_m2,149908900121.90097,400
4013,1997,5,SW,mean_area_km2,47.510775790436654,400
4014,1997,5,SW,mean_duration_days,10.1,400
4015,1997,5,SW,mean_intensity_degC,1.5157713890075684,400
4016,1997,5,SW,number_of_events,10.0,400
4017,1997,5,SW,sum_area_km2,475.10775790436657,400
4018,1997,6,SW,activity_degC_days_m2,123843877872.34218,400
4019,1997,6,SW,mean_area_km2,48.01540119692541,400
4020,1997,6,SW,mean_duration_days,8.0,400
4021,1997,6,SW,mean_intensity_degC,1.4274260997772217,400
4022,1997,6,SW,number_of_events,12.0,400
4023,1997,6,SW,sum_area_km2,576.1848143631049,400
4024,1997,7,SW,activity_degC_days_m2,22005221335.194534,400
4025,1997,7,SW,mean_area_km2,46.614349950822835,400
4026,1997,7,SW,mean_duration_days,7.333333333333333,400
4027,1997,7,SW,mean_intensity_degC,1.3589874505996704,400
4028,1997,7,SW,number_of_events,6.0,400
4029,1997,7,SW,sum_area_km2,279.686099704937,400
4030,1997,8,SW,activity_degC_days_m2,15530736141.809725,400
4031,1997,8,SW,mean_intensity_degC,1.4169338941574097,400
4032,1997,9,SW,activity_degC_days_m2,14964645227.079758,400
4033,1997,9,SW,mean_area_km2,37.07579864160852,400
4034,1997,9,SW,mean_duration_days,6.5,400
4035,1997,9,SW,mean_intensity_degC,1.8607779741287231,400
4036,1997,9,SW,number_of_events,2.0,400
4037,1997,9,SW,sum_area_km2,74.15159728321704,400
4038,1997,10,SW,activity_degC_days_m2,31625461077.93676,400
4039,1997,10,SW,mean_area_km2,45.4915137830477,400
4040,1997,10,SW,mean_duration_days,5.8,400
4041,1997,10,SW,mean_intensity_degC,1.6659032106399536,400
4042,1997,10,SW,number_of_events,5.0,400
4043,1997,10,SW,sum_area_km2,227.4575689152385,400
4044,1997,11,SW,activity_degC_days_m2,0.0,400
4045,1997,11,SW,mean_intensity_degC,,400
4046,1997,12,SW,activity_degC_days_m2,0.0,400
4047,1997,12,SW,mean_intensity_degC,,400
4048,1998,1,SW,activity_degC_days_m2,0.0,400
4049,1998,1,SW,mean_intensity_degC,,400
4050,1998,2,SW,activity_degC_days_m2,128412368007.4298,400
4051,1998,2,SW,mean_area_km2,47.89512321423869,400
4052,1998,2,SW,mean_duration_days,11.857142857142858,400
4053,1998,2,SW,mean_intensity_degC,1.2494466304779053,400
4054,1998,2,SW,number_of_events,14.0,400
4055,1998,2,SW,sum_area_km2,670.5317249993416,400
4056,1998,3,SW,activity_degC_days_m2,182883849643.9361,400
4057,1998,3,SW,mean_area_km2,49.337554696082435,400
4058,1998,3,SW,mean_duration_days,14.476190476190476,400
4059,1998,3,SW,mean_intensity_degC,1.1163164377212524,400
4060,1998,3,SW,number_of_events,21.0,400
4061,1998,3,SW,sum_area_km2,1036.0886486177312,400
4062,1998,4,SW,activity_degC_days_m2,32719121461.70383,400
4063,1998,4,SW,mean_area_km2,50.541222582091926,400
4064,1998,4,SW,mean_duration_days,5.5,400
4065,1998,4,SW,mean_intensity_degC,1.0833594799041748,400
4066,1998,4,SW,number_of_events,2.0,400
4067,1998,4,SW,sum_area_km2,101.08244516418384,400
4068,1998,5,SW,activity_degC_days_m2,0.0,400
4069,1998,5,SW,mean_intensity_degC,,400
4070,1998,6,SW,activity_degC_days_m2,0.0,400
4071,1998,6,SW,mean_intensity_degC,,400
4072,1998,7,SW,activity_degC_days_m2,0.0,400
4073,1998,7,SW,mean_intensity_degC,,400
4074,1998,8,SW,activity_degC_days_m2,0.0,400
4075,1998,8,SW,mean_intensity_degC,,400
4076,1998,9,SW,activity_degC_days_m2,0.0,400
4077,1998,9,SW,mean_intensity_degC,,400
4078,1998,10,SW,activity_degC_days_m2,0.0,400
4079,1998,10,SW,mean_intensity_degC,,400
4080,1998,11,SW,activity_degC_days_m2,0.0,400
4081,1998,11,SW,mean_intensity_degC,,400
4082,1998,12,SW,activity_degC_days_m2,0.0,400
4083,1998,12,SW,mean_intensity_degC,,400
4084,1999,1,SW,activity_degC_days_m2,0.0,400
4085,1999,1,SW,mean_intensity_degC,,400
4086,1999,2,SW,activity_degC_days_m2,0.0,400
4087,1999,2,SW,mean_intensity_degC,,400
4088,1999,3,SW,activity_degC_days_m2,0.0,400
4089,1999,3,SW,mean_intensity_degC,,400
4090,1999,4,SW,activity_degC_days_m2,0.0,400
4091,1999,4,SW,mean_intensity_degC,,400
4092,1999,5,SW,activity_degC_days_m2,8568174079.368752,400
4093,1999,5,SW,mean_area_km2,48.858453607866274,400
4094,1999,5,SW,mean_duration_days,5.5,400
4095,1999,5,SW,mean_intensity_degC,1.279204249382019,400
4096,1999,5,SW,number_of_events,2.0,400
4097,1999,5,SW,sum_area_km2,97.71690721573256,400
4098,1999,6,SW,activity_degC_days_m2,0.0,400
4099,1999,6,SW,mean_intensity_degC,,400
4100,1999,7,SW,activity_degC_days_m2,0.0,400
4101,1999,7,SW,mean_intensity_degC,,400
4102,1999,8,SW,activity_degC_days_m2,9580665898.512793,400
4103,1999,8,SW,mean_area_km2,57.828843520245194,400
4104,1999,8,SW,mean_duration_days,10.333333333333334,400
4105,1999,8,SW,mean_intensity_degC,1.5739645957946775,400
4106,1999,8,SW,number_of_events,3.0,400
4107,1999,8,SW,sum_area_km2,173.4865305607356,400
4108,1999,9,SW,activity_degC_days_m2,38531197792.8166,400
4109,1999,9,SW,mean_area_km2,44.37124606382012,400
4110,1999,9,SW,mean_duration_days,7.666666666666667,400
4111,1999,9,SW,mean_intensity_degC,1.4393022060394287,400
4112,1999,9,SW,number_of_events,3.0,400
4113,1999,9,SW,sum_area_km2,133.11373819146033,400
4114,1999,10,SW,activity_degC_days_m2,0.0,400
4115,1999,10,SW,mean_intensity_degC,,400
4116,1999,11,SW,activity_degC_days_m2,0.0,400
4117,1999,11,SW,mean_intensity_degC,,400
4118,1999,12,SW,activity_degC_days_m2,0.0,400
4119,1999,12,SW,mean_intensity_degC,,400
4120,2000,1,SW,activity_degC_days_m2,0.0,400
4121,2000,1,SW,mean_intensity_degC,,400
4122,2000,2,SW,activity_degC_days_m2,0.0,400
4123,2000,2,SW,mean_intensity_degC,,400
4124,2000,3,SW,activity_degC_days_m2,20037377967.917675,400
4125,2000,3,SW,mean_area_km2,47.73298307888383,400
4126,2000,3,SW,mean_duration_days,5.166666666666667,400
4127,2000,3,SW,mean_intensity_degC,1.0419331789016724,400
4128,2000,3,SW,number_of_events,6.0,400
4129,2000,3,SW,sum_area_km2,286.397898473303,400
4130,2000,4,SW,activity_degC_days_m2,0.0,400
4131,2000,4,SW,mean_intensity_degC,,400
4132,2000,5,SW,activity_degC_days_m2,6222059834.548587,400
4133,2000,5,SW,mean_area_km2,58.949695276924615,400
4134,2000,5,SW,mean_duration_days,7.0,400
4135,2000,5,SW,mean_intensity_degC,1.4774694442749023,400
4136,2000,5,SW,number_of_events,1.0,400
4137,2000,5,SW,sum_area_km2,58.949695276924615,400
4138,2000,6,SW,activity_degC_days_m2,28867395805.93256,400
4139,2000,6,SW,mean_area_km2,47.45410665292981,400
4140,2000,6,SW,mean_duration_days,8.166666666666666,400
4141,2000,6,SW,mean_intensity_degC,1.3503777980804443,400
4142,2000,6,SW,number_of_events,12.0,400
4143,2000,6,SW,sum_area_km2,569.4492798351578,400
4144,2000,7,SW,activity_degC_days_m2,52361764052.800415,400
4145,2000,7,SW,mean_area_km2,52.22352646783737,400
4146,2000,7,SW,mean_duration_days,5.0,400
4147,2000,7,SW,mean_intensity_degC,1.2118099927902222,400
4148,2000,7,SW,number_of_events,1.0,400
4149,2000,7,SW,sum_area_km2,52.22352646783737,400
4150,2000,8,SW,activity_degC_days_m2,21351365058.80612,400
4151,2000,8,SW,mean_area_km2,37.07579864160852,400
4152,2000,8,SW,mean_duration_days,8.0,400
4153,2000,8,SW,mean_intensity_degC,2.169144630432129,400
4154,2000,8,SW,number_of_events,2.0,400
4155,2000,8,SW,sum_area_km2,74.15159728321704,400
4156,2000,9,SW,activity_degC_days_m2,0.0,400
4157,2000,9,SW,mean_intensity_degC,,400
4158,2000,10,SW,activity_degC_days_m2,0.0,400
4159,2000,10,SW,mean_intensity_degC,,400
4160,2000,11,SW,activity_degC_days_m2,0.0,400
4161,2000,11,SW,mean_intensity_degC,,400
4162,2000,12,SW,activity_degC_days_m2,0.0,400
4163,2000,12,SW,mean_intensity_degC,,400
4164,2001,1,SW,activity_degC_days_m2,0.0,400
4165,2001,1,SW,mean_intensity_degC,,400
4166,2001,2,SW,activity_degC_days_m2,0.0,400
4167,2001,2,SW,mean_intensity_degC,,400
4168,2001,3,SW,activity_degC_days_m2,0.0,400
4169,2001,3,SW,mean_intensity_degC,,400
4170,2001,4,SW,activity_degC_days_m2,0.0,400
4171,2001,4,SW,mean_intensity_degC,,400
4172,2001,5,SW,activity_degC_days_m2,0.0,400
4173,2001,5,SW,mean_intensity_degC,,400
4174,2001,6,SW,activity_degC_days_m2,0.0,400
4175,2001,6,SW,mean_intensity_degC,,400
4176,2001,7,SW,activity_degC_days_m2,0.0,400
4177,2001,7,SW,mean_intensity_degC,,400
4178,2001,8,SW,activity_degC_days_m2,0.0,400
4179,2001,8,SW,mean_intensity_degC,,400
4180,2001,9,SW,activity_degC_days_m2,6723570543.247814,400
4181,2001,9,SW,mean_area_km2,52.22352646783747,400
4182,2001,9,SW,mean_duration_days,5.0,400
4183,2001,9,SW,mean_intensity_degC,1.1098239421844482,400
4184,2001,9,SW,number_of_events,2.0,400
4185,2001,9,SW,sum_area_km2,104.44705293567496,400
4186,2001,10,SW,activity_degC_days_m2,0.0,400
4187,2001,10,SW,mean_intensity_degC,,400
4188,2001,11,SW,activity_degC_days_m2,0.0,400
4189,2001,11,SW,mean_intensity_degC,,400
4190,2001,12,SW,activity_degC_days_m2,0.0,400
4191,2001,12,SW,mean_intensity_degC,,400
4192,2002,1,SW,activity_degC_days_m2,109001989379.98734,400
4193,2002,1,SW,mean_area_km2,48.108628200454085,400
4194,2002,1,SW,mean_duration_days,11.11111111111111,400
4195,2002,1,SW,mean_intensity_degC,1.0510199069976809,400
4196,2002,1,SW,number_of_events,18.0,400
4197,2002,1,SW,sum_area_km2,865.9553076081735,400
4198,2002,2,SW,activity_degC_days_m2,57164146067.42438,400
4199,2002,2,SW,mean_area_km2,50.30008701276563,400
4200,2002,2,SW,mean_duration_days,8.571428571428571,400
4201,2002,2,SW,mean_intensity_degC,1.0102745294570925,400
4202,2002,2,SW,number_of_events,7.0,400
4203,2002,2,SW,sum_area_km2,352.1006090893594,400
4204,2002,3,SW,activity_degC_days_m2,81542534751.0574,400
4205,2002,3,SW,mean_area_km2,47.89512321423869,400
4206,2002,3,SW,mean_duration_days,7.928571428571429,400
4207,2002,3,SW,mean_intensity_degC,1.2080390453338623,400
4208,2002,3,SW,number_of_events,14.0,400
4209,2002,3,SW,sum_area_km2,670.5317249993416,400
4210,2002,4,SW,activity_degC_days_m2,631606023.6138651,400
4211,2002,4,SW,mean_intensity_degC,1.0498533248901367,400
4212,2002,5,SW,activity_degC_days_m2,0.0,400
4213,2002,5,SW,mean_intensity_degC,,400
4214,2002,6,SW,activity_degC_days_m2,0.0,400
4215,2002,6,SW,mean_intensity_degC,,400
4216,2002,7,SW,activity_degC_days_m2,0.0,400
4217,2002,7,SW,mean_intensity_degC,,400
4218,2002,8,SW,activity_degC_days_m2,0.0,400
4219,2002,8,SW,mean_intensity_degC,,400
4220,2002,9,SW,activity_degC_days_m2,16621902714.611046,400
4221,2002,9,SW,mean_area_km2,52.22327790972696,400
4222,2002,9,SW,mean_duration_days,13.5,400
4223,2002,9,SW,mean_intensity_degC,1.6065086126327517,400
4224,2002,9,SW,number_of_events,4.0,400
4225,2002,9,SW,sum_area_km2,208.89311163890784,400
4226,2002,10,SW,activity_degC_days_m2,53443266279.23604,400
4227,2002,10,SW,mean_area_km2,51.10199054400715,400
4228,2002,10,SW,mean_duration_days,5.0,400
4229,2002,10,SW,mean_intensity_degC,1.7326427698135376,400
4230,2002,10,SW,number_of_events,3.0,400
4231,2002,10,SW,sum_area_km2,153.30597163202145,400
4232,2002,11,SW,activity_degC_days_m2,2346267274.5246553,400
4233,2002,11,SW,mean_intensity_degC,1.2894083261489868,400
4234,2002,12,SW,activity_degC_days_m2,0.0,400
4235,2002,12,SW,mean_intensity_degC,,400
4236,2003,1,SW,activity_degC_days_m2,0.0,400
4237,2003,1,SW,mean_intensity_degC,,400
4238,2003,2,SW,activity_degC_days_m2,0.0,400
4239,2003,2,SW,mean_intensity_degC,,400
4240,2003,3,SW,activity_degC_days_m2,0.0,400
4241,2003,3,SW,mean_intensity_degC,,400
4242,2003,4,SW,activity_degC_days_m2,0.0,400
4243,2003,4,SW,mean_intensity_degC,,400
4244,2003,5,SW,activity_degC_days_m2,0.0,400
4245,2003,5,SW,mean_intensity_degC,,400
4246,2003,6,SW,activity_degC_days_m2,0.0,400
4247,2003,6,SW,mean_intensity_degC,,400
4248,2003,7,SW,activity_degC_days_m2,2593357002.464096,400
4249,2003,7,SW,mean_area_km2,58.949695276924594,400
4250,2003,7,SW,mean_duration_days,5.0,400
4251,2003,7,SW,mean_intensity_degC,0.862133800983429,400
4252,2003,7,SW,number_of_events,1.0,400
4253,2003,7,SW,sum_area_km2,58.949695276924594,400
4254,2003,8,SW,activity_degC_days_m2,140050871917.79044,400
4255,2003,8,SW,mean_area_km2,47.95875186512186,400
4256,2003,8,SW,mean_duration_days,9.533333333333331,400
4257,2003,8,SW,mean_intensity_degC,1.705445647239685,400
4258,2003,8,SW,number_of_events,15.0,400
4259,2003,8,SW,sum_area_km2,719.381277976828,400
4260,2003,9,SW,activity_degC_days_m2,45554696955.76245,400
4261,2003,9,SW,mean_area_km2,54.241072437174125,400
4262,2003,9,SW,mean_duration_days,7.8,400
4263,2003,9,SW,mean_intensity_degC,1.5088528394699097,400
4264,2003,9,SW,number_of_events,5.0,400
4265,2003,9,SW,sum_area_km2,271.2053621858706,400
4266,2003,10,SW,activity_degC_days_m2,4239034247.784097,400
4267,2003,10,SW,mean_intensity_degC,1.3446495532989502,400
4268,2003,11,SW,activity_degC_days_m2,0.0,400
4269,2003,11,SW,mean_intensity_degC,,400
4270,2003,12,SW,activity_degC_days_m2,0.0,400
4271,2003,12,SW,mean_intensity_degC,,400
4272,2004,1,SW,activity_degC_days_m2,0.0,400
4273,2004,1,SW,mean_intensity_degC,,400
4274,2004,2,SW,activity_degC_days_m2,0.0,400
4275,2004,2,SW,mean_intensity_degC,,400
4276,2004,3,SW,activity_degC_days_m2,0.0,400
4277,2004,3,SW,mean_intensity_degC,,400
4278,2004,4,SW,activity_degC_days_m2,0.0,400
4279,2004,4,SW,mean_intensity_degC,,400
4280,2004,5,SW,activity_degC_days_m2,0.0,400
4281,2004,5,SW,mean_intensity_degC,,400
4282,2004,6,SW,activity_degC_days_m2,24914112139.18474,400
4283,2004,6,SW,mean_area_km2,53.06157529752148,400
4284,2004,6,SW,mean_duration_days,7.0,400
4285,2004,6,SW,mean_intensity_degC,1.419714093208313,400
4286,2004,6,SW,number_of_events,4.0,400
4287,2004,6,SW,sum_area_km2,212.24630119008592,400
4288,2004,7,SW,activity_degC_days_m2,0.0,400
4289,2004,7,SW,mean_intensity_degC,,400
4290,2004,8,SW,activity_degC_days_m2,195345457965.89276,400
4291,2004,8,SW,mean_area_km2,48.85691525734424,400
4292,2004,8,SW,mean_duration_days,13.0,400
4293,2004,8,SW,mean_intensity_degC,1.7552404403686523,400
4294,2004,8,SW,number_of_events,13.0,400
4295,2004,8,SW,sum_area_km2,635.1398983454751,400
4296,2004,9,SW,activity_degC_days_m2,4344626608.766508,400
4297,2004,9,SW,mean_area_km2,45.49338074789496,400
4298,2004,9,SW,mean_duration_days,5.0,400
4299,2004,9,SW,mean_intensity_degC,1.4244991540908811,400
4300,2004,9,SW,number_of_events,1.0,400
4301,2004,9,SW,sum_area_km2,45.49338074789496,400
4302,2004,10,SW,activity_degC_days_m2,0.0,400
4303,2004,10,SW,mean_intensity_degC,,400
4304,2004,11,SW,activity_degC_days_m2,0.0,400
4305,2004,11,SW,mean_intensity_degC,,400
4306,2004,12,SW,activity_degC_days_m2,0.0,400
4307,2004,12,SW,mean_intensity_degC,,400
4308,2005,1,SW,activity_degC_days_m2,0.0,400
4309,2005,1,SW,mean_intensity_degC,,400
4310,2005,2,SW,activity_degC_days_m2,0.0,400
4311,2005,2,SW,mean_intensity_degC,,400
4312,2005,3,SW,activity_degC_days_m2,0.0,400
4313,2005,3,SW,mean_intensity_degC,,400
4314,2005,4,SW,activity_degC_days_m2,0.0,400
4315,2005,4,SW,mean_intensity_degC,,400
4316,2005,5,SW,activity_degC_days_m2,0.0,400
4317,2005,5,SW,mean_intensity_degC,,400
4318,2005,6,SW,activity_degC_days_m2,125279587372.17628,400
4319,2005,6,SW,mean_area_km2,45.23262777687378,400
4320,2005,6,SW,mean_duration_days,9.846153846153848,400
4321,2005,6,SW,mean_intensity_degC,1.7229052782058716,400
4322,2005,6,SW,number_of_events,13.0,400
4323,2005,6,SW,sum_area_km2,588.024161099359,400
4324,2005,7,SW,activity_degC_days_m2,65996494035.94116,400
4325,2005,7,SW,mean_area_km2,48.596974175257536,400
4326,2005,7,SW,mean_duration_days,5.769230769230769,400
4327,2005,7,SW,mean_intensity_degC,1.2546353340148926,400
4328,2005,7,SW,number_of_events,13.0,400
4329,2005,7,SW,sum_area_km2,631.7606642783479,400
4330,2005,8,SW,activity_degC_days_m2,60065497028.23424,400
4331,2005,8,SW,mean_area_km2,45.86573984169089,400
4332,2005,8,SW,mean_duration_days,6.555555555555555,400
4333,2005,8,SW,mean_intensity_degC,1.589400291442871,400
4334,2005,8,SW,number_of_events,9.0,400
4335,2005,8,SW,sum_area_km2,412.7916585752181,400
4336,2005,9,SW,activity_degC_days_m2,3260020718.668525,400
4337,2005,9,SW,mean_intensity_degC,1.3411915302276611,400
4338,2005,10,SW,activity_degC_days_m2,5946219805.675985,400
4339,2005,10,SW,mean_area_km2,55.5871400068864,400
4340,2005,10,SW,mean_duration_days,7.0,400
4341,2005,10,SW,mean_intensity_degC,1.4070333242416382,400
4342,2005,10,SW,number_of_events,1.0,400
4343,2005,10,SW,sum_area_km2,55.5871400068864,400
4344,2005,11,SW,activity_degC_days_m2,9907128774.808468,400
4345,2005,11,SW,mean_area_km2,57.26841764190551,400
4346,2005,11,SW,mean_duration_days,5.5,400
4347,2005,11,SW,mean_intensity_degC,1.4798516035079956,400
4348,2005,11,SW,number_of_events,2.0,400
4349,2005,11,SW,sum_area_km2,114.53683528381102,400
4350,2005,12,SW,activity_degC_days_m2,0.0,400
4351,2005,12,SW,mean_intensity_degC,,400
4352,2006,1,SW,activity_degC_days_m2,0.0,400
4353,2006,1,SW,mean_intensity_degC,,400
4354,2006,2,SW,activity_degC_days_m2,0.0,400
4355,2006,2,SW,mean_intensity_degC,,400
4356,2006,3,SW,activity_degC_days_m2,1407531021.1840162,400
4357,2006,3,SW,mean_area_km2,38.75977062935038,400
4358,2006,3,SW,mean_duration_days,5.0,400
4359,2006,3,SW,mean_intensity_degC,1.1460046768188477,400
4360,2006,3,SW,number_of_events,2.0,400
4361,2006,3,SW,sum_area_km2,77.51954125870076,400
4362,2006,4,SW,activity_degC_days_m2,5009640437.764788,400
4363,2006,4,SW,mean_intensity_degC,1.0197060108184814,400
4364,2006,5,SW,activity_degC_days_m2,11442868542.530922,400
4365,2006,5,SW,mean_area_km2,58.949695276924594,400
4366,2006,5,SW,mean_duration_days,16.0,400
4367,2006,5,SW,mean_intensity_degC,1.18876850605011,400
4368,2006,5,SW,number_of_events,1.0,400
4369,2006,5,SW,sum_area_km2,58.949695276924594,400
4370,2006,6,SW,activity_degC_days_m2,408478670020.51624,400
4371,2006,6,SW,mean_area_km2,46.9873577714707,400
4372,2006,6,SW,mean_duration_days,29.166666666666668,400
4373,2006,6,SW,mean_intensity_degC,1.993702411651611,400
4374,2006,6,SW,number_of_events,18.0,400
4375,2006,6,SW,sum_area_km2,845.7724398864725,400
4376,2006,7,SW,activity_degC_days_m2,352848813156.9206,400
4377,2006,7,SW,mean_area_km2,49.52910101122108,400
4378,2006,7,SW,mean_duration_days,35.5,400
4379,2006,7,SW,mean_intensity_degC,1.572770118713379,400
4380,2006,7,SW,number_of_events,10.0,400
4381,2006,7,SW,sum_area_km2,495.2910101122108,400
4382,2006,8,SW,activity_degC_days_m2,239435565820.03064,400
4383,2006,8,SW,mean_area_km2,52.22352646783737,400
4384,2006,8,SW,mean_duration_days,6.0,400
4385,2006,8,SW,mean_intensity_degC,1.8149563074111936,400
4386,2006,8,SW,number_of_events,1.0,400
4387,2006,8,SW,sum_area_km2,52.22352646783737,400
4388,2006,9,SW,activity_degC_days_m2,37544253318.80634,400
4389,2006,9,SW,mean_area_km2,45.97118885375748,400
4390,2006,9,SW,mean_duration_days,8.714285714285714,400
4391,2006,9,SW,mean_intensity_degC,1.694902777671814,400
4392,2006,9,SW,number_of_events,7.0,400
4393,2006,9,SW,sum_area_km2,321.79832197630236,400
4394,2006,10,SW,activity_degC_days_m2,130342039725.76442,400
4395,2006,10,SW,mean_area_km2,48.148772207149406,400
4396,2006,10,SW,mean_duration_days,33.473684210526315,400
4397,2006,10,SW,mean_intensity_degC,1.6851401329040527,400
4398,2006,10,SW,number_of_events,19.0,400
4399,2006,10,SW,sum_area_km2,914.8266719358388,400
4400,2006,11,SW,activity_degC_days_m2,564835255420.5614,400
4401,2006,11,SW,mean_area_km2,35.39182665386661,400
4402,2006,11,SW,mean_duration_days,30.0,400
4403,2006,11,SW,mean_intensity_degC,2.210247039794922,400
4404,2006,11,SW,number_of_events,1.0,400
4405,2006,11,SW,sum_area_km2,35.39182665386661,400
4406,2006,12,SW,activity_degC_days_m2,160080221951.1216,400
4407,2006,12,SW,mean_area_km2,35.39182665386661,400
4408,2006,12,SW,mean_duration_days,6.0,400
4409,2006,12,SW,mean_intensity_degC,1.62925124168396,400
4410,2006,12,SW,number_of_events,1.0,400
4411,2006,12,SW,sum_area_km2,35.39182665386661,400
4412,2007,1,SW,activity_degC_days_m2,0.0,400
4413,2007,1,SW,mean_intensity_degC,,400
4414,2007,2,SW,activity_degC_days_m2,0.0,400
4415,2007,2,SW,mean_intensity_degC,,400
4416,2007,3,SW,activity_degC_days_m2,0.0,400
4417,2007,3,SW,mean_intensity_degC,,400
4418,2007,4,SW,activity_degC_days_m2,0.0,400
4419,2007,4,SW,mean_intensity_degC,,400
4420,2007,5,SW,activity_degC_days_m2,0.0,400
4421,2007,5,SW,mean_intensity_degC,,400
4422,2007,6,SW,activity_degC_days_m2,0.0,400
4423,2007,6,SW,mean_intensity_degC,,400
4424,2007,7,SW,activity_degC_days_m2,6590712729.8574505,400
4425,2007,7,SW,mean_area_km2,57.268417641905494,400
4426,2007,7,SW,mean_duration_days,7.25,400
4427,2007,7,SW,mean_intensity_degC,1.218199610710144,400
4428,2007,7,SW,number_of_events,4.0,400
4429,2007,7,SW,sum_area_km2,229.07367056762195,400
4430,2007,8,SW,activity_degC_days_m2,19140347822.872192,400
4431,2007,8,SW,mean_intensity_degC,1.588034749031067,400
4432,2007,9,SW,activity_degC_days_m2,0.0,400
4433,2007,9,SW,mean_intensity_degC,,400
4434,2007,10,SW,activity_degC_days_m2,8610709960.13028,400
4435,2007,10,SW,mean_area_km2,35.39182665386661,400
4436,2007,10,SW,mean_duration_days,7.0,400
4437,2007,10,SW,mean_intensity_degC,1.996449589729309,400
4438,2007,10,SW,number_of_events,1.0,400
4439,2007,10,SW,sum_area_km2,35.39182665386661,400
4440,2007,11,SW,activity_degC_days_m2,25074660475.90402,400
4441,2007,11,SW,mean_area_km2,37.63712263752246,400
4442,2007,11,SW,mean_duration_days,8.333333333333334,400
4443,2007,11,SW,mean_intensity_degC,1.630612015724182,400
4444,2007,11,SW,number_of_events,3.0,400
4445,2007,11,SW,sum_area_km2,112.91136791256736,400
4446,2007,12,SW,activity_degC_days_m2,45462211043.71344,400
4447,2007,12,SW,mean_area_km2,44.145805443171966,400
4448,2007,12,SW,mean_duration_days,8.3,400
4449,2007,12,SW,mean_intensity_degC,0.9860228300094604,400
4450,2007,12,SW,number_of_events,10.0,400
4451,2007,12,SW,sum_area_km2,441.4580544317197,400
4452,2008,1,SW,activity_degC_days_m2,26302897651.215828,400
4453,2008,1,SW,mean_area_km2,42.798377733469685,400
4454,2008,1,SW,mean_duration_days,8.6,400
4455,2008,1,SW,mean_intensity_degC,0.8992325663566589,400
4456,2008,1,SW,number_of_events,5.0,400
4457,2008,1,SW,sum_area_km2,213.99188866734843,400
4458,2008,2,SW,activity_degC_days_m2,207710791276.7366,400
4459,2008,2,SW,mean_area_km2,47.48569461932439,400
4460,2008,2,SW,mean_duration_days,16.22222222222222,400
4461,2008,2,SW,mean_intensity_degC,1.2023171186447144,400
4462,2008,2,SW,number_of_events,27.0,400
4463,2008,2,SW,sum_area_km2,1282.1137547217586,400
4464,2008,3,SW,activity_degC_days_m2,127427285952.61565,400
4465,2008,3,SW,mean_intensity_degC,1.1843311786651611,400
4466,2008,4,SW,activity_degC_days_m2,0.0,400
4467,2008,4,SW,mean_intensity_degC,,400
4468,2008,5,SW,activity_degC_days_m2,0.0,400
4469,2008,5,SW,mean_intensity_degC,,400
4470,2008,6,SW,activity_degC_days_m2,0.0,400
4471,2008,6,SW,mean_intensity_degC,,400
4472,2008,7,SW,activity_degC_days_m2,0.0,400
4473,2008,7,SW,mean_intensity_degC,,400
4474,2008,8,SW,activity_degC_days_m2,0.0,400
4475,2008,8,SW,mean_intensity_degC,,400
4476,2008,9,SW,activity_degC_days_m2,0.0,400
4477,2008,9,SW,mean_intensity_degC,,400
4478,2008,10,SW,activity_degC_days_m2,0.0,400
4479,2008,10,SW,mean_intensity_degC,,400
4480,2008,11,SW,activity_degC_days_m2,0.0,400
4481,2008,11,SW,mean_intensity_degC,,400
4482,2008,12,SW,activity_degC_days_m2,0.0,400
4483,2008,12,SW,mean_intensity_degC,,400
4484,2009,1,SW,activity_degC_days_m2,0.0,400
4485,2009,1,SW,mean_intensity_degC,,400
4486,2009,2,SW,activity_degC_days_m2,0.0,400
4487,2009,2,SW,mean_intensity_degC,,400
4488,2009,3,SW,activity_degC_days_m2,0.0,400
4489,2009,3,SW,mean_intensity_degC,,400
4490,2009,4,SW,activity_degC_days_m2,0.0,400
4491,2009,4,SW,mean_intensity_degC,,400
4492,2009,5,SW,activity_degC_days_m2,0.0,400
4493,2009,5,SW,mean_intensity_degC,,400
4494,2009,6,SW,activity_degC_days_m2,193340089420.5804,400
4495,2009,6,SW,mean_area_km2,47.89512321423869,400
4496,2009,6,SW,mean_duration_days,20.071428571428573,400
4497,2009,6,SW,mean_intensity_degC,1.7520183324813845,400
4498,2009,6,SW,number_of_events,14.0,400
4499,2009,6,SW,sum_area_km2,670.5317249993416,400
4500,2009,7,SW,activity_degC_days_m2,142362550457.33575,400
4501,2009,7,SW,mean_area_km2,58.94969527692461,400
4502,2009,7,SW,mean_duration_days,5.0,400
4503,2009,7,SW,mean_intensity_degC,1.687726616859436,400
4504,2009,7,SW,number_of_events,2.0,400
4505,2009,7,SW,sum_area_km2,117.89939055384922,400
4506,2009,8,SW,activity_degC_days_m2,0.0,400
4507,2009,8,SW,mean_intensity_degC,,400
4508,2009,9,SW,activity_degC_days_m2,0.0,400
4509,2009,9,SW,mean_intensity_degC,,400
4510,2009,10,SW,activity_degC_days_m2,110503606306.48744,400
4511,2009,10,SW,mean_area_km2,48.54921954751829,400
4512,2009,10,SW,mean_duration_days,15.636363636363637,400
4513,2009,10,SW,mean_intensity_degC,1.6872575283050537,400
4514,2009,10,SW,number_of_events,11.0,400
4515,2009,10,SW,sum_area_km2,534.0414150227011,400
4516,2009,11,SW,activity_degC_days_m2,98141074328.24287,400
4517,2009,11,SW,mean_area_km2,53.34473098085379,400
4518,2009,11,SW,mean_duration_days,7.333333333333333,400
4519,2009,11,SW,mean_intensity_degC,1.7907506227493286,400
4520,2009,11,SW,number_of_events,3.0,400
4521,2009,11,SW,sum_area_km2,160.03419294256136,400
4522,2009,12,SW,activity_degC_days_m2,0.0,400
4523,2009,12,SW,mean_intensity_degC,,400
4524,2010,1,SW,activity_degC_days_m2,0.0,400
4525,2010,1,SW,mean_intensity_degC,,400
4526,2010,2,SW,activity_degC_days_m2,1830287352.0349343,400
4527,2010,2,SW,mean_area_km2,40.44337366251045,400
4528,2010,2,SW,mean_duration_days,7.5,400
4529,2010,2,SW,mean_intensity_degC,0.9840166568756104,400
4530,2010,2,SW,number_of_events,2.0,400
4531,2010,2,SW,sum_area_km2,80.8867473250209,400
4532,2010,3,SW,activity_degC_days_m2,17545889340.74151,400
4533,2010,3,SW,mean_area_km2,41.00457467356387,400
4534,2010,3,SW,mean_duration_days,6.0,400
4535,2010,3,SW,mean_intensity_degC,0.9404187202453612,400
4536,2010,3,SW,number_of_events,3.0,400
4537,2010,3,SW,sum_area_km2,123.01372402069164,400
4538,2010,4,SW,activity_degC_days_m2,215987940063.8767,400
4539,2010,4,SW,mean_area_km2,48.183471215536535,400
4540,2010,4,SW,mean_duration_days,11.4,400
4541,2010,4,SW,mean_intensity_degC,1.632508635520935,400
4542,2010,4,SW,number_of_events,20.0,400
4543,2010,4,SW,sum_area_km2,963.6694243107308,400
4544,2010,5,SW,activity_degC_days_m2,54093541959.6884,400
4545,2010,5,SW,mean_area_km2,45.49092680918812,400
4546,2010,5,SW,mean_duration_days,6.333333333333333,400
4547,2010,5,SW,mean_intensity_degC,1.297378659248352,400
4548,2010,5,SW,number_of_events,6.0,400
4549,2010,5,SW,sum_area_km2,272.9455608551287,400
4550,2010,6,SW,activity_degC_days_m2,5535418992.316745,400
4551,2010,6,SW,mean_intensity_degC,1.5255889892578125,400
4552,2010,7,SW,activity_degC_days_m2,4251211480.531687,400
4553,2010,7,SW,mean_area_km2,45.49338074789496,400
4554,2010,7,SW,mean_duration_days,5.0,400
4555,2010,7,SW,mean_intensity_degC,1.3938705921173096,400
4556,2010,7,SW,number_of_events,1.0,400
4557,2010,7,SW,sum_area_km2,45.49338074789496,400
4558,2010,8,SW,activity_degC_days_m2,0.0,400
4559,2010,8,SW,mean_intensity_degC,,400
4560,2010,9,SW,activity_degC_days_m2,0.0,400
4561,2010,9,SW,mean_intensity_degC,,400
4562,2010,10,SW,activity_degC_days_m2,0.0,400
4563,2010,10,SW,mean_intensity_degC,,400
4564,2010,11,SW,activity_degC_days_m2,0.0,400
4565,2010,11,SW,mean_intensity_degC,,400
4566,2010,12,SW,activity_degC_days_m2,0.0,400
4567,2010,12,SW,mean_intensity_degC,,400
4568,2011,1,SW,activity_degC_days_m2,19975613394.433617,400
4569,2011,1,SW,mean_area_km2,48.61666279238355,400
4570,2011,1,SW,mean_duration_days,11.642857142857142,400
4571,2011,1,SW,mean_intensity_degC,1.0151225328445437,400
4572,2011,1,SW,number_of_events,14.0,400
4573,2011,1,SW,sum_area_km2,680.6332790933698,400
4574,2011,2,SW,activity_degC_days_m2,106208068201.24149,400
4575,2011,2,SW,mean_area_km2,42.80009710329625,400
4576,2011,2,SW,mean_duration_days,5.0,400
4577,2011,2,SW,mean_intensity_degC,1.1166120767593384,400
4578,2011,2,SW,number_of_events,5.0,400
4579,2011,2,SW,sum_area_km2,214.0004855164813,400
4580,2011,3,SW,activity_degC_days_m2,14978394886.470192,400
4581,2011,3,SW,mean_area_km2,45.97307663962116,400
4582,2011,3,SW,mean_duration_days,9.857142857142858,400
4583,2011,3,SW,mean_intensity_degC,1.170168399810791,400
4584,2011,3,SW,number_of_events,7.0,400
4585,2011,3,SW,sum_area_km2,321.81153647734817,400
4586,2011,4,SW,activity_degC_days_m2,329262042936.1613,400
4587,2011,4,SW,mean_area_km2,49.6044014865487,400
4588,2011,4,SW,mean_duration_days,47.27777777777778,400
4589,2011,4,SW,mean_intensity_degC,1.5384293794631958,400
4590,2011,4,SW,number_of_events,18.0,400
4591,2011,4,SW,sum_area_km2,892.8792267578766,400
4592,2011,5,SW,activity_degC_days_m2,611696708588.2416,400
4593,2011,5,SW,mean_intensity_degC,2.315145492553711,400
4594,2011,6,SW,activity_degC_days_m2,187708665792.0339,400
4595,2011,6,SW,mean_area_km2,55.5871400068864,400
4596,2011,6,SW,mean_duration_days,6.0,400
4597,2011,6,SW,mean_intensity_degC,1.8018605709075928,400
4598,2011,6,SW,number_of_events,1.0,400
4599,2011,6,SW,sum_area_km2,55.5871400068864,400
4600,2011,7,SW,activity_degC_days_m2,0.0,400
4601,2011,7,SW,mean_intensity_degC,,400
4602,2011,8,SW,activity_degC_days_m2,0.0,400
4603,2011,8,SW,mean_intensity_degC,,400
4604,2011,9,SW,activity_degC_days_m2,4380734233.567438,400
4605,2011,9,SW,mean_area_km2,49.976220645892525,400
4606,2011,9,SW,mean_duration_days,14.666666666666666,400
4607,2011,9,SW,mean_intensity_degC,1.44051992893219,400
4608,2011,9,SW,number_of_events,3.0,400
4609,2011,9,SW,sum_area_km2,149.92866193767756,400
4610,2011,10,SW,activity_degC_days_m2,165888247392.5561,400
4611,2011,10,SW,mean_area_km2,49.69756349977205,400
4612,2011,10,SW,mean_duration_days,9.333333333333334,400
4613,2011,10,SW,mean_intensity_degC,1.773193597793579,400
4614,2011,10,SW,number_of_events,12.0,400
4615,2011,10,SW,sum_area_km2,596.3707619972646,400
4616,2011,11,SW,activity_degC_days_m2,0.0,400
4617,2011,11,SW,mean_intensity_degC,,400
4618,2011,12,SW,activity_degC_days_m2,0.0,400
4619,2011,12,SW,mean_intensity_degC,,400
4620,2012,1,SW,activity_degC_days_m2,0.0,400
4621,2012,1,SW,mean_intensity_degC,,400
4622,2012,2,SW,activity_degC_days_m2,0.0,400
4623,2012,2,SW,mean_intensity_degC,,400
4624,2012,3,SW,activity_degC_days_m2,0.0,400
4625,2012,3,SW,mean_intensity_degC,,400
4626,2012,4,SW,activity_degC_days_m2,0.0,400
4627,2012,4,SW,mean_intensity_degC,,400
4628,2012,5,SW,activity_degC_days_m2,0.0,400
4629,2012,5,SW,mean_intensity_degC,,400
4630,2012,6,SW,activity_degC_days_m2,0.0,400
4631,2012,6,SW,mean_intensity_degC,,400
4632,2012,7,SW,activity_degC_days_m2,0.0,400
4633,2012,7,SW,mean_intensity_degC,,400
4634,2012,8,SW,activity_degC_days_m2,72621561103.00867,400
4635,2012,8,SW,mean_area_km2,57.268417641905494,400
4636,2012,8,SW,mean_duration_days,13.5,400
4637,2012,8,SW,mean_intensity_degC,2.1029422283172607,400
4638,2012,8,SW,number_of_events,4.0,400
4639,2012,8,SW,sum_area_km2,229.07367056762195,400
4640,2012,9,SW,activity_degC_days_m2,194161321180.7889,400
4641,2012,9,SW,mean_area_km2,49.52976825519408,400
4642,2012,9,SW,mean_duration_days,17.3,400
4643,2012,9,SW,mean_intensity_degC,1.819031238555908,400
4644,2012,9,SW,number_of_events,10.0,400
4645,2012,9,SW,sum_area_km2,495.29768255194074,400
4646,2012,10,SW,activity_degC_days_m2,43609923978.820015,400
4647,2012,10,SW,mean_area_km2,51.10004479203266,400
4648,2012,10,SW,mean_duration_days,6.666666666666667,400
4649,2012,10,SW,mean_intensity_degC,1.7591842412948608,400
4650,2012,10,SW,number_of_events,6.0,400
4651,2012,10,SW,sum_area_km2,306.600268752196,400
4652,2012,11,SW,activity_degC_days_m2,6034018718.460583,400
4653,2012,11,SW,mean_area_km2,52.22352646783759,400
4654,2012,11,SW,mean_duration_days,7.0,400
4655,2012,11,SW,mean_intensity_degC,1.422861933708191,400
4656,2012,11,SW,number_of_events,1.0,400
4657,2012,11,SW,sum_area_km2,52.22352646783759,400
4658,2012,12,SW,activity_degC_days_m2,0.0,400
4659,2012,12,SW,mean_intensity_degC,,400
4660,2013,1,SW,activity_degC_days_m2,0.0,400
4661,2013,1,SW,mean_intensity_degC,,400
4662,2013,2,SW,activity_degC_days_m2,0.0,400
4663,2013,2,SW,mean_intensity_degC,,400
4664,2013,3,SW,activity_degC_days_m2,0.0,400
4665,2013,3,SW,mean_intensity_degC,,400
4666,2013,4,SW,activity_degC_days_m2,0.0,400
4667,2013,4,SW,mean_intensity_degC,,400
4668,2013,5,SW,activity_degC_days_m2,0.0,400
4669,2013,5,SW,mean_intensity_degC,,400
4670,2013,6,SW,activity_degC_days_m2,0.0,400
4671,2013,6,SW,mean_intensity_degC,,400
4672,2013,7,SW,activity_degC_days_m2,43487547754.96783,400
4673,2013,7,SW,mean_area_km2,44.36877077033511,400
4674,2013,7,SW,mean_duration_days,8.5,400
4675,2013,7,SW,mean_intensity_degC,1.3981505632400513,400
4676,2013,7,SW,number_of_events,6.0,400
4677,2013,7,SW,sum_area_km2,266.21262462201065,400
4678,2013,8,SW,activity_degC_days_m2,3129848642.0665884,400
4679,2013,8,SW,mean_area_km2,35.39182665386661,400
4680,2013,8,SW,mean_duration_days,18.0,400
4681,2013,8,SW,mean_intensity_degC,1.3336063623428345,400
4682,2013,8,SW,number_of_events,1.0,400
4683,2013,8,SW,sum_area_km2,35.39182665386661,400
4684,2013,9,SW,activity_degC_days_m2,57822710982.86594,400
4685,2013,9,SW,mean_area_km2,38.75966521375558,400
4686,2013,9,SW,mean_duration_days,9.0,400
4687,2013,9,SW,mean_intensity_degC,1.6471716165542605,400
4688,2013,9,SW,number_of_events,7.0,400
4689,2013,9,SW,sum_area_km2,271.3176564962891,400
4690,2013,10,SW,activity_degC_days_m2,158672848690.81128,400
4691,2013,10,SW,mean_area_km2,49.86706618098496,400
4692,2013,10,SW,mean_duration_days,12.8,400
4693,2013,10,SW,mean_intensity_degC,1.6404610872268677,400
4694,2013,10,SW,number_of_events,10.0,400
4695,2013,10,SW,sum_area_km2,498.67066180984966,400
4696,2013,11,SW,activity_degC_days_m2,0.0,400
4697,2013,11,SW,mean_intensity_degC,,400
4698,2013,12,SW,activity_degC_days_m2,0.0,400
4699,2013,12,SW,mean_intensity_degC,,400
4700,2014,1,SW,activity_degC_days_m2,0.0,400
4701,2014,1,SW,mean_intensity_degC,,400
4702,2014,2,SW,activity_degC_days_m2,0.0,400
4703,2014,2,SW,mean_intensity_degC,,400
4704,2014,3,SW,activity_degC_days_m2,0.0,400
4705,2014,3,SW,mean_intensity_degC,,400
4706,2014,4,SW,activity_degC_days_m2,0.0,400
4707,2014,4,SW,mean_intensity_degC,,400
4708,2014,5,SW,activity_degC_days_m2,4973942873.933273,400
4709,2014,5,SW,mean_area_km2,35.39182665386661,400
4710,2014,5,SW,mean_duration_days,6.0,400
4711,2014,5,SW,mean_intensity_degC,1.3454481363296509,400
4712,2014,5,SW,number_of_events,1.0,400
4713,2014,5,SW,sum_area_km2,35.39182665386661,400
4714,2014,6,SW,activity_degC_days_m2,0.0,400
4715,2014,6,SW,mean_intensity_degC,,400
4716,2014,7,SW,activity_degC_days_m2,0.0,400
4717,2014,7,SW,mean_intensity_degC,,400
4718,2014,8,SW,activity_degC_days_m2,6598437555.4998455,400
4719,2014,8,SW,mean_area_km2,55.58714000688637,400
4720,2014,8,SW,mean_duration_days,5.0,400
4721,2014,8,SW,mean_intensity_degC,2.1859116554260254,400
4722,2014,8,SW,number_of_events,1.0,400
4723,2014,8,SW,sum_area_km2,55.58714000688637,400
4724,2014,9,SW,activity_degC_days_m2,532513843342.4034,400
4725,2014,9,SW,mean_area_km2,47.89512321423869,400
4726,2014,9,SW,mean_duration_days,34.714285714285715,400
4727,2014,9,SW,mean_intensity_degC,2.430759906768799,400
4728,2014,9,SW,number_of_events,14.0,400
4729,2014,9,SW,sum_area_km2,670.5317249993416,400
4730,2014,10,SW,activity_degC_days_m2,403794500568.8778,400
4731,2014,10,SW,mean_area_km2,47.89512321423869,400
4732,2014,10,SW,mean_duration_days,18.0,400
4733,2014,10,SW,mean_intensity_degC,2.0604777336120605,400
4734,2014,10,SW,number_of_events,14.0,400
4735,2014,10,SW,sum_area_km2,670.5317249993416,400
4736,2014,11,SW,activity_degC_days_m2,110242704545.51009,400
4737,2014,11,SW,mean_area_km2,48.85473295313747,400
4738,2014,11,SW,mean_duration_days,7.5,400
4739,2014,11,SW,mean_intensity_degC,1.7796316146850586,400
4740,2014,11,SW,number_of_events,2.0,400
4741,2014,11,SW,sum_area_km2,97.70946590627494,400
4742,2014,12,SW,activity_degC_days_m2,0.0,400
4743,2014,12,SW,mean_intensity_degC,,400
4744,2015,1,SW,activity_degC_days_m2,0.0,400
4745,2015,1,SW,mean_intensity_degC,,400
4746,2015,2,SW,activity_degC_days_m2,0.0,400
4747,2015,2,SW,mean_intensity_degC,,400
4748,2015,3,SW,activity_degC_days_m2,0.0,400
4749,2015,3,SW,mean_intensity_degC,,400
4750,2015,4,SW,activity_degC_days_m2,5946824902.53118,400
4751,2015,4,SW,mean_area_km2,40.44311700863392,400
4752,2015,4,SW,mean_duration_days,17.833333333333332,400
4753,2015,4,SW,mean_intensity_degC,1.0637032985687256,400
4754,2015,4,SW,number_of_events,6.0,400
4755,2015,4,SW,sum_area_km2,242.65870205180352,400
4756,2015,5,SW,activity_degC_days_m2,141214226382.42755,400
4757,2015,5,SW,mean_area_km2,51.66227206561482,400
4758,2015,5,SW,mean_duration_days,9.5,400
4759,2015,5,SW,mean_intensity_degC,1.4773935079574585,400
4760,2015,5,SW,number_of_events,6.0,400
4761,2015,5,SW,sum_area_km2,309.97363239368894,400
4762,2015,6,SW,activity_degC_days_m2,34340807345.212933,400
4763,2015,6,SW,mean_area_km2,37.07579864160852,400
4764,2015,6,SW,mean_duration_days,14.0,400
4765,2015,6,SW,mean_intensity_degC,1.959472894668579,400
4766,2015,6,SW,number_of_events,2.0,400
4767,2015,6,SW,sum_area_km2,74.15159728321704,400
4768,2015,7,SW,activity_degC_days_m2,10215656857.121675,400
4769,2015,7,SW,mean_area_km2,52.22220083088562,400
4770,2015,7,SW,mean_duration_days,5.0,400
4771,2015,7,SW,mean_intensity_degC,1.1793394088745115,400
4772,2015,7,SW,number_of_events,3.0,400
4773,2015,7,SW,sum_area_km2,156.66660249265686,400
4774,2015,8,SW,activity_degC_days_m2,20496377318.26593,400
4775,2015,8,SW,mean_area_km2,53.90449404071758,400
4776,2015,8,SW,mean_duration_days,5.5,400
4777,2015,8,SW,mean_intensity_degC,1.489789962768555,400
4778,2015,8,SW,number_of_events,6.0,400
4779,2015,8,SW,sum_area_km2,323.4269642443055,400
4780,2015,9,SW,activity_degC_days_m2,7453688815.349554,400
4781,2015,9,SW,mean_intensity_degC,1.1147023439407349,400
4782,2015,10,SW,activity_degC_days_m2,62195790107.596725,400
4783,2015,10,SW,mean_area_km2,54.62566317137764,400
4784,2015,10,SW,mean_duration_days,8.0,400
4785,2015,10,SW,mean_intensity_degC,1.7554274797439575,400
4786,2015,10,SW,number_of_events,7.0,400
4787,2015,10,SW,sum_area_km2,382.37964219964346,400
4788,2015,11,SW,activity_degC_days_m2,177885117785.9024,400
4789,2015,11,SW,mean_area_km2,48.856625313319654,400
4790,2015,11,SW,mean_duration_days,10.6875,400
4791,2015,11,SW,mean_intensity_degC,1.68145489692688,400
4792,2015,11,SW,number_of_events,16.0,400
4793,2015,11,SW,sum_area_km2,781.7060050131145,400
4794,2015,12,SW,activity_degC_days_m2,204333760051.00793,400
4795,2015,12,SW,mean_area_km2,47.89512321423869,400
4796,2015,12,SW,mean_duration_days,34.57142857142857,400
4797,2015,12,SW,mean_intensity_degC,1.2751350402832031,400
4798,2015,12,SW,number_of_events,14.0,400
4799,2015,12,SW,sum_area_km2,670.5317249993416,400
4800,2016,1,SW,activity_degC_days_m2,244896165029.75064,400
4801,2016,1,SW,mean_area_km2,45.49199944147579,400
4802,2016,1,SW,mean_duration_days,20.8125,400
4803,2016,1,SW,mean_intensity_degC,1.0615692138671875,400
4804,2016,1,SW,number_of_events,16.0,400
4805,2016,1,SW,sum_area_km2,727.8719910636127,400
4806,2016,2,SW,activity_degC_days_m2,131792241969.411,400
4807,2016,2,SW,mean_area_km2,38.75977062935038,400
4808,2016,2,SW,mean_duration_days,5.5,400
4809,2016,2,SW,mean_intensity_degC,1.06896710395813,400
4810,2016,2,SW,number_of_events,2.0,400
4811,2016,2,SW,sum_area_km2,77.51954125870076,400
4812,2016,3,SW,activity_degC_days_m2,0.0,400
4813,2016,3,SW,mean_intensity_degC,,400
4814,2016,4,SW,activity_degC_days_m2,0.0,400
4815,2016,4,SW,mean_intensity_degC,,400
4816,2016,5,SW,activity_degC_days_m2,0.0,400
4817,2016,5,SW,mean_intensity_degC,,400
4818,2016,6,SW,activity_degC_days_m2,7991099576.695745,400
4819,2016,6,SW,mean_area_km2,58.94969527692461,400
4820,2016,6,SW,mean_duration_days,5.0,400
4821,2016,6,SW,mean_intensity_degC,1.328277826309204,400
4822,2016,6,SW,number_of_events,2.0,400
4823,2016,6,SW,sum_area_km2,117.89939055384922,400
4824,2016,7,SW,activity_degC_days_m2,11590121736.509075,400
4825,2016,7,SW,mean_area_km2,35.39182665386661,400
4826,2016,7,SW,mean_duration_days,9.0,400
4827,2016,7,SW,mean_intensity_degC,2.0900800228118896,400
4828,2016,7,SW,number_of_events,1.0,400
4829,2016,7,SW,sum_area_km2,35.39182665386661,400
4830,2016,8,SW,activity_degC_days_m2,192523874422.93015,400
4831,2016,8,SW,mean_area_km2,43.24828088487579,400
4832,2016,8,SW,mean_duration_days,20.444444444444443,400
4833,2016,8,SW,mean_intensity_degC,2.2756354808807373,400
4834,2016,8,SW,number_of_events,9.0,400
4835,2016,8,SW,sum_area_km2,389.2345279638821,400
4836,2016,9,SW,activity_degC_days_m2,46359956114.45384,400
4837,2016,9,SW,mean_intensity_degC,1.742617964744568,400
4838,2016,10,SW,activity_degC_days_m2,0.0,400
4839,2016,10,SW,mean_intensity_degC,,400
4840,2016,11,SW,activity_degC_days_m2,5819986322.471607,400
4841,2016,11,SW,mean_area_km2,35.39182665386661,400
4842,2016,11,SW,mean_duration_days,6.0,400
4843,2016,11,SW,mean_intensity_degC,1.574302315711975,400
4844,2016,11,SW,number_of_events,1.0,400
4845,2016,11,SW,sum_area_km2,35.39182665386661,400
4846,2016,12,SW,activity_degC_days_m2,138654298147.9514,400
4847,2016,12,SW,mean_area_km2,45.18592676714601,400
4848,2016,12,SW,mean_duration_days,16.818181818181817,400
4849,2016,12,SW,mean_intensity_degC,1.165597438812256,400
4850,2016,12,SW,number_of_events,11.0,400
4851,2016,12,SW,sum_area_km2,497.0451944386061,400
4852,2017,1,SW,activity_degC_days_m2,7705795981.042985,400
4853,2017,1,SW,mean_area_km2,55.58661087238099,400
4854,2017,1,SW,mean_duration_days,5.5,400
4855,2017,1,SW,mean_intensity_degC,0.971777081489563,400
4856,2017,1,SW,number_of_events,2.0,400
4857,2017,1,SW,sum_area_km2,111.17322174476196,400
4858,2017,2,SW,activity_degC_days_m2,0.0,400
4859,2017,2,SW,mean_intensity_degC,,400
4860,2017,3,SW,activity_degC_days_m2,0.0,400
4861,2017,3,SW,mean_intensity_degC,,400
4862,2017,4,SW,activity_degC_days_m2,15763663607.036669,400
4863,2017,4,SW,mean_area_km2,38.75952465962917,400
4864,2017,4,SW,mean_duration_days,6.0,400
4865,2017,4,SW,mean_intensity_degC,1.370821237564087,400
4866,2017,4,SW,number_of_events,3.0,400
4867,2017,4,SW,sum_area_km2,116.27857397888752,400
4868,2017,5,SW,activity_degC_days_m2,270242321469.1796,400
4869,2017,5,SW,mean_area_km2,48.63209468508442,400
4870,2017,5,SW,mean_duration_days,21.133333333333333,400
4871,2017,5,SW,mean_intensity_degC,1.4587256908416748,400
4872,2017,5,SW,number_of_events,15.0,400
4873,2017,5,SW,sum_area_km2,729.4814202762662,400
4874,2017,6,SW,activity_degC_days_m2,143574352052.76926,400
4875,2017,6,SW,mean_area_km2,47.7345681486341,400
4876,2017,6,SW,mean_duration_days,9.0,400
4877,2017,6,SW,mean_intensity_degC,1.9027104377746584,400
4878,2017,6,SW,number_of_events,12.0,400
4879,2017,6,SW,sum_area_km2,572.8148177836091,400
4880,2017,7,SW,activity_degC_days_m2,0.0,400
4881,2017,7,SW,mean_intensity_degC,,400
4882,2017,8,SW,activity_degC_days_m2,4523843899.946366,400
4883,2017,8,SW,mean_area_km2,35.39182665386661,400
4884,2017,8,SW,mean_duration_days,5.0,400
4885,2017,8,SW,mean_intensity_degC,1.4684360027313232,400
4886,2017,8,SW,number_of_events,1.0,400
4887,2017,8,SW,sum_area_km2,35.39182665386661,400
4888,2017,9,SW,activity_degC_days_m2,0.0,400
4889,2017,9,SW,mean_intensity_degC,,400
4890,2017,10,SW,activity_degC_days_m2,1140284736.621457,400
4891,2017,10,SW,mean_area_km2,35.39182665386661,400
4892,2017,10,SW,mean_duration_days,9.0,400
4893,2017,10,SW,mean_intensity_degC,1.850677490234375,400
4894,2017,10,SW,number_of_events,1.0,400
4895,2017,10,SW,sum_area_km2,35.39182665386661,400
4896,2017,11,SW,activity_degC_days_m2,24423813941.92322,400
4897,2017,11,SW,mean_area_km2,38.75952465962917,400
4898,2017,11,SW,mean_duration_days,8.0,400
4899,2017,11,SW,mean_intensity_degC,1.792752385139465,400
4900,2017,11,SW,number_of_events,3.0,400
4901,2017,11,SW,sum_area_km2,116.27857397888752,400
4902,2017,12,SW,activity_degC_days_m2,9042600348.924736,400
4903,2017,12,SW,mean_intensity_degC,1.4676103591918943,400
4904,2018,1,SW,activity_degC_days_m2,0.0,400
4905,2018,1,SW,mean_intensity_degC,,400
4906,2018,2,SW,activity_degC_days_m2,0.0,400
4907,2018,2,SW,mean_intensity_degC,,400
4908,2018,3,SW,activity_degC_days_m2,0.0,400
4909,2018,3,SW,mean_intensity_degC,,400
4910,2018,4,SW,activity_degC_days_m2,0.0,400
4911,2018,4,SW,mean_intensity_degC,,400
4912,2018,5,SW,activity_degC_days_m2,0.0,400
4913,2018,5,SW,mean_intensity_degC,,400
4914,2018,6,SW,activity_degC_days_m2,0.0,400
4915,2018,6,SW,mean_intensity_degC,,400
4916,2018,7,SW,activity_degC_days_m2,5012814253.697136,400
4917,2018,7,SW,mean_area_km2,55.5871400068864,400
4918,2018,7,SW,mean_duration_days,8.0,400
4919,2018,7,SW,mean_intensity_degC,1.0378942489624023,400
4920,2018,7,SW,number_of_events,1.0,400
4921,2018,7,SW,sum_area_km2,55.5871400068864,400
4922,2018,8,SW,activity_degC_days_m2,0.0,400
4923,2018,8,SW,mean_intensity_degC,,400
4924,2018,9,SW,activity_degC_days_m2,14966978327.331114,400
4925,2018,9,SW,mean_area_km2,38.75952465962917,400
4926,2018,9,SW,mean_duration_days,15.333333333333334,400
4927,2018,9,SW,mean_intensity_degC,1.8253146409988403,400
4928,2018,9,SW,number_of_events,3.0,400
4929,2018,9,SW,sum_area_km2,116.27857397888752,400
4930,2018,10,SW,activity_degC_days_m2,78381709897.64864,400
4931,2018,10,SW,mean_area_km2,42.96837720520267,400
4932,2018,10,SW,mean_duration_days,6.5,400
4933,2018,10,SW,mean_intensity_degC,1.972907781600952,400
4934,2018,10,SW,number_of_events,4.0,400
4935,2018,10,SW,sum_area_km2,171.87350882081068,400
4936,2018,11,SW,activity_degC_days_m2,0.0,400
4937,2018,11,SW,mean_intensity_degC,,400
4938,2018,12,SW,activity_degC_days_m2,0.0,400
4939,2018,12,SW,mean_intensity_degC,,400
4940,2019,1,SW,activity_degC_days_m2,0.0,400
4941,2019,1,SW,mean_intensity_degC,,400
4942,2019,2,SW,activity_degC_days_m2,5927214436.285576,400
4943,2019,2,SW,mean_area_km2,37.07579864160852,400
4944,2019,2,SW,mean_duration_days,6.0,400
4945,2019,2,SW,mean_intensity_degC,1.0777130126953125,400
4946,2019,2,SW,number_of_events,2.0,400
4947,2019,2,SW,sum_area_km2,74.15159728321704,400
4948,2019,3,SW,activity_degC_days_m2,1547450630.8004894,400
4949,2019,3,SW,mean_intensity_degC,0.8371686935424805,400
4950,2019,4,SW,activity_degC_days_m2,0.0,400
4951,2019,4,SW,mean_intensity_degC,,400
4952,2019,5,SW,activity_degC_days_m2,0.0,400
4953,2019,5,SW,mean_intensity_degC,,400
4954,2019,6,SW,activity_degC_days_m2,0.0,400
4955,2019,6,SW,mean_intensity_degC,,400
4956,2019,7,SW,activity_degC_days_m2,0.0,400
4957,2019,7,SW,mean_intensity_degC,,400
4958,2019,8,SW,activity_degC_days_m2,0.0,400
4959,2019,8,SW,mean_intensity_degC,,400
4960,2019,9,SW,activity_degC_days_m2,0.0,400
4961,2019,9,SW,mean_intensity_degC,,400
4962,2019,10,SW,activity_degC_days_m2,0.0,400
4963,2019,10,SW,mean_intensity_degC,,400
4964,2019,11,SW,activity_degC_days_m2,0.0,400
4965,2019,11,SW,mean_intensity_degC,,400
4966,2019,12,SW,activity_degC_days_m2,0.0,400
4967,2019,12,SW,mean_intensity_degC,,400
4968,2020,1,SW,activity_degC_days_m2,0.0,400
4969,2020,1,SW,mean_intensity_degC,,400
4970,2020,2,SW,activity_degC_days_m2,6380145562.051269,400
4971,2020,2,SW,mean_area_km2,57.26841764190549,400
4972,2020,2,SW,mean_duration_days,5.0,400
4973,2020,2,SW,mean_intensity_degC,1.0585882663726809,400
4974,2020,2,SW,number_of_events,2.0,400
4975,2020,2,SW,sum_area_km2,114.53683528381096,400
4976,2020,3,SW,activity_degC_days_m2,0.0,400
4977,2020,3,SW,mean_intensity_degC,,400
4978,2020,4,SW,activity_degC_days_m2,0.0,400
4979,2020,4,SW,mean_intensity_degC,,400
4980,2020,5,SW,activity_degC_days_m2,200607748773.77716,400
4981,2020,5,SW,mean_area_km2,49.361287650526464,400
4982,2020,5,SW,mean_duration_days,15.5,400
4983,2020,5,SW,mean_intensity_degC,1.515025973320007,400
4984,2020,5,SW,number_of_events,20.0,400
4985,2020,5,SW,sum_area_km2,987.2257530105292,400
4986,2020,6,SW,activity_degC_days_m2,138353329101.45135,400
4987,2020,6,SW,mean_intensity_degC,2.169886589050293,400
4988,2020,7,SW,activity_degC_days_m2,39459336378.631805,400
4989,2020,7,SW,mean_area_km2,42.68679829540362,400
4990,2020,7,SW,mean_duration_days,7.0,400
4991,2020,7,SW,mean_intensity_degC,1.593724489212036,400
4992,2020,7,SW,number_of_events,6.0,400
4993,2020,7,SW,sum_area_km2,256.12078977242174,400
4994,2020,8,SW,activity_degC_days_m2,5173838721.017602,400
4995,2020,8,SW,mean_area_km2,45.49338074789496,400
4996,2020,8,SW,mean_duration_days,6.0,400
4997,2020,8,SW,mean_intensity_degC,1.413648247718811,400
4998,2020,8,SW,number_of_events,1.0,400
4999,2020,8,SW,sum_area_km2,45.49338074789496,400
5000,2020,9,SW,activity_degC_days_m2,0.0,400
5001,2020,9,SW,mean_intensity_degC,,400
5002,2020,10,SW,activity_degC_days_m2,0.0,400
5003,2020,10,SW,mean_intensity_degC,,400
5004,2020,11,SW,activity_degC_days_m2,1748985315.0230677,400
5005,2020,11,SW,mean_area_km2,38.75977062935034,400
5006,2020,11,SW,mean_duration_days,8.0,400
5007,2020,11,SW,mean_intensity_degC,1.4240150451660156,400
5008,2020,11,SW,number_of_events,1.0,400
5009,2020,11,SW,sum_area_km2,38.75977062935034,400
5010,2020,12,SW,activity_degC_days_m2,14851081443.064692,400
5011,2020,12,SW,mean_area_km2,43.81017872178258,400
5012,2020,12,SW,mean_duration_days,5.5,400
5013,2020,12,SW,mean_intensity_degC,1.4296832084655762,400
5014,2020,12,SW,number_of_events,2.0,400
5015,2020,12,SW,sum_area_km2,87.62035744356515,400
5016,2021,1,SW,activity_degC_days_m2,0.0,400
5017,2021,1,SW,mean_intensity_degC,,400
5018,2021,2,SW,activity_degC_days_m2,0.0,400
5019,2021,2,SW,mean_intensity_degC,,400
5020,2021,3,SW,activity_degC_days_m2,0.0,400
5021,2021,3,SW,mean_intensity_degC,,400
5022,2021,4,SW,activity_degC_days_m2,195991147986.66055,400
5023,2021,4,SW,mean_area_km2,47.89512321423869,400
5024,2021,4,SW,mean_duration_days,16.285714285714285,400
5025,2021,4,SW,mean_intensity_degC,1.3640661239624023,400
5026,2021,4,SW,number_of_events,14.0,400
5027,2021,4,SW,sum_area_km2,670.5317249993416,400
5028,2021,5,SW,activity_degC_days_m2,4158195046.002643,400
5029,2021,5,SW,mean_intensity_degC,1.1517850160598757,400
5030,2021,6,SW,activity_degC_days_m2,0.0,400
5031,2021,6,SW,mean_intensity_degC,,400
5032,2021,7,SW,activity_degC_days_m2,0.0,400
5033,2021,7,SW,mean_intensity_degC,,400
5034,2021,8,SW,activity_degC_days_m2,0.0,400
5035,2021,8,SW,mean_intensity_degC,,400
5036,2021,9,SW,activity_degC_days_m2,145284163265.26566,400
5037,2021,9,SW,mean_area_km2,49.69834397634372,400
5038,2021,9,SW,mean_duration_days,11.666666666666666,400
5039,2021,9,SW,mean_intensity_degC,1.639441728591919,400
5040,2021,9,SW,number_of_events,12.0,400
5041,2021,9,SW,sum_area_km2,596.3801277161247,400
5042,2021,10,SW,activity_degC_days_m2,0.0,400
5043,2021,10,SW,mean_intensity_degC,,400
5044,2021,11,SW,activity_degC_days_m2,0.0,400
5045,2021,11,SW,mean_intensity_degC,,400
5046,2021,12,SW,activity_degC_days_m2,0.0,400
5047,2021,12,SW,mean_intensity_degC,,400
5048,2022,1,SW,activity_degC_days_m2,0.0,400
5049,2022,1,SW,mean_intensity_degC,,400
5050,2022,2,SW,activity_degC_days_m2,0.0,400
5051,2022,2,SW,mean_intensity_degC,,400
5052,2022,3,SW,activity_degC_days_m2,0.0,400
5053,2022,3,SW,mean_intensity_degC,,400
5054,2022,4,SW,activity_degC_days_m2,0.0,400
5055,2022,4,SW,mean_intensity_degC,,400
5056,2022,5,SW,activity_degC_days_m2,27526482658.4163,400
5057,2022,5,SW,mean_area_km2,51.10199054400715,400
5058,2022,5,SW,mean_duration_days,10.666666666666666,400
5059,2022,5,SW,mean_intensity_degC,1.3872506618499756,400
5060,2022,5,SW,number_of_events,3.0,400
5061,2022,5,SW,sum_area_km2,153.30597163202145,400
5062,2022,6,SW,activity_degC_days_m2,83495018639.55177,400
5063,2022,6,SW,mean_area_km2,52.59626707727034,400
5064,2022,6,SW,mean_duration_days,9.88888888888889,400
5065,2022,6,SW,mean_intensity_degC,1.541570067405701,400
5066,2022,6,SW,number_of_events,9.0,400
5067,2022,6,SW,sum_area_km2,473.36640369543306,400
5068,2022,7,SW,activity_degC_days_m2,0.0,400
5069,2022,7,SW,mean_intensity_degC,,400
5070,2022,8,SW,activity_degC_days_m2,0.0,400
5071,2022,8,SW,mean_intensity_degC,,400
5072,2022,9,SW,activity_degC_days_m2,123221441682.26263,400
5073,2022,9,SW,mean_area_km2,51.549338039110374,400
5074,2022,9,SW,mean_duration_days,10.9,400
5075,2022,9,SW,mean_intensity_degC,1.7991900444030762,400
5076,2022,9,SW,number_of_events,10.0,400
5077,2022,9,SW,sum_area_km2,515.4933803911038,400
5078,2022,10,SW,activity_degC_days_m2,0.0,400
5079,2022,10,SW,mean_intensity_degC,,400
5080,2022,11,SW,activity_degC_days_m2,769479437.4585707,400
5081,2022,11,SW,mean_area_km2,58.949695276924594,400
5082,2022,11,SW,mean_duration_days,58.0,400
5083,2022,11,SW,mean_intensity_degC,1.2790260314941406,400
5084,2022,11,SW,number_of_events,1.0,400
5085,2022,11,SW,sum_area_km2,58.949695276924594,400
5086,2022,12,SW,activity_degC_days_m2,102895168271.67694,400
5087,2022,12,SW,mean_area_km2,46.33290747629422,400
5088,2022,12,SW,mean_duration_days,27.166666666666668,400
5089,2022,12,SW,mean_intensity_degC,1.3123685121536257,400
5090,2022,12,SW,number_of_events,12.0,400
5091,2022,12,SW,sum_area_km2,555.9948897155307,400
5092,2023,1,SW,activity_degC_days_m2,191070810088.8433,400
5093,2023,1,SW,mean_area_km2,54.46593549387011,400
5094,2023,1,SW,mean_duration_days,6.0,400
5095,2023,1,SW,mean_intensity_degC,1.1572250127792358,400
5096,2023,1,SW,number_of_events,3.0,400
5097,2023,1,SW,sum_area_km2,163.39780648161033,400
5098,2023,2,SW,activity_degC_days_m2,0.0,400
5099,2023,2,SW,mean_intensity_degC,,400
5100,2023,3,SW,activity_degC_days_m2,118147659913.97954,400
5101,2023,3,SW,mean_area_km2,48.18368343114528,400
5102,2023,3,SW,mean_duration_days,20.4,400
5103,2023,3,SW,mean_intensity_degC,1.0510319471359253,400
5104,2023,3,SW,number_of_events,15.0,400
5105,2023,3,SW,sum_area_km2,722.7552514671792,400
5106,2023,4,SW,activity_degC_days_m2,170761682266.51944,400
5107,2023,4,SW,mean_area_km2,52.702269480165185,400
5108,2023,4,SW,mean_duration_days,18.142857142857142,400
5109,2023,4,SW,mean_intensity_degC,1.480526566505432,400
5110,2023,4,SW,number_of_events,7.0,400
5111,2023,4,SW,sum_area_km2,368.9158863611563,400
5112,2023,5,SW,activity_degC_days_m2,103574086828.1604,400
5113,2023,5,SW,mean_area_km2,45.11765718477832,400
5114,2023,5,SW,mean_duration_days,8.666666666666666,400
5115,2023,5,SW,mean_intensity_degC,1.5135979652404783,400
5116,2023,5,SW,number_of_events,9.0,400
5117,2023,5,SW,sum_area_km2,406.05891466300494,400
5118,2023,6,SW,activity_degC_days_m2,228970639668.10547,400
5119,2023,6,SW,mean_area_km2,46.83791941454711,400
5120,2023,6,SW,mean_duration_days,13.933333333333334,400
5121,2023,6,SW,mean_intensity_degC,1.6215373277664185,400
5122,2023,6,SW,number_of_events,15.0,400
5123,2023,6,SW,sum_area_km2,702.5687912182067,400
5124,2023,7,SW,activity_degC_days_m2,10782448536.668344,400
5125,2023,7,SW,mean_intensity_degC,1.2712867259979248,400
5126,2023,8,SW,activity_degC_days_m2,4882708858.779418,400
5127,2023,8,SW,mean_area_km2,52.22352646783737,400
5128,2023,8,SW,mean_duration_days,5.0,400
5129,2023,8,SW,mean_intensity_degC,1.611925482749939,400
5130,2023,8,SW,number_of_events,1.0,400
5131,2023,8,SW,sum_area_km2,52.22352646783737,400
5132,2023,9,SW,activity_degC_days_m2,25576928235.75789,400
5133,2023,9,SW,mean_area_km2,57.268417641905494,400
5134,2023,9,SW,mean_duration_days,49.0,400
5135,2023,9,SW,mean_intensity_degC,1.6101471185684204,400
5136,2023,9,SW,number_of_events,4.0,400
5137,2023,9,SW,sum_area_km2,229.07367056762195,400
5138,2023,10,SW,activity_degC_days_m2,367215500583.9413,400
5139,2023,10,SW,mean_area_km2,45.18592676714601,400
5140,2023,10,SW,mean_duration_days,20.818181818181817,400
5141,2023,10,SW,mean_intensity_degC,1.8777832984924316,400
5142,2023,10,SW,number_of_events,11.0,400
5143,2023,10,SW,sum_area_km2,497.0451944386061,400
5144,2023,11,SW,activity_degC_days_m2,82703934574.93771,400
5145,2023,11,SW,mean_area_km2,47.735832483484025,400
5146,2023,11,SW,mean_duration_days,41.0,400
5147,2023,11,SW,mean_intensity_degC,1.524992823600769,400
5148,2023,11,SW,number_of_events,3.0,400
5149,2023,11,SW,sum_area_km2,143.20749745045205,400
5150,2023,12,SW,activity_degC_days_m2,171219304444.74036,400
5151,2023,12,SW,mean_area_km2,47.66871574125216,400
5152,2023,12,SW,mean_duration_days,36.1764705882353,400
5153,2023,12,SW,mean_intensity_degC,1.2315398454666138,400
5154,2023,12,SW,number_of_events,17.0,400
5155,2023,12,SW,sum_area_km2,810.3681676012868,400
5156,2024,1,SW,activity_degC_days_m2,303141541070.309,400
5157,2024,1,SW,mean_area_km2,54.46541703212618,400
5158,2024,1,SW,mean_duration_days,52.5,400
5159,2024,1,SW,mean_intensity_degC,1.2496248483657837,400
5160,2024,1,SW,number_of_events,6.0,400
5161,2024,1,SW,sum_area_km2,326.79250219275707,400
5162,2024,2,SW,activity_degC_days_m2,422994071048.01587,400
5163,2024,2,SW,mean_intensity_degC,1.7125083208084106,400
5164,2024,3,SW,activity_degC_days_m2,14592991781.997597,400
5165,2024,3,SW,mean_intensity_degC,0.957726001739502,400
5166,2024,4,SW,activity_degC_days_m2,114352881399.4198,400
5167,2024,4,SW,mean_area_km2,47.89512321423869,400
5168,2024,4,SW,mean_duration_days,9.285714285714286,400
5169,2024,4,SW,mean_intensity_degC,1.4413880109786987,400
5170,2024,4,SW,number_of_events,14.0,400
5171,2024,4,SW,sum_area_km2,670.5317249993416,400
5172,2024,5,SW,activity_degC_days_m2,0.0,400
5173,2024,5,SW,mean_intensity_degC,,400
5174,2024,6,SW,activity_degC_days_m2,0.0,400
5175,2024,6,SW,mean_intensity_degC,,400
5176,2024,7,SW,activity_degC_days_m2,3955667309.865679,400
5177,2024,7,SW,mean_area_km2,52.22352646783759,400
5178,2024,7,SW,mean_duration_days,6.0,400
5179,2024,7,SW,mean_intensity_degC,1.0882349014282229,400
5180,2024,7,SW,number_of_events,1.0,400
5181,2024,7,SW,sum_area_km2,52.22352646783759,400
5182,2024,8,SW,activity_degC_days_m2,0.0,400
5183,2024,8,SW,mean_intensity_degC,,400
5184,2024,9,SW,activity_degC_days_m2,0.0,400
5185,2024,9,SW,mean_intensity_degC,,400
5186,2024,10,SW,activity_degC_days_m2,22387317426.26676,400
5187,2024,10,SW,mean_area_km2,48.01585836709624,400
5188,2024,10,SW,mean_duration_days,6.75,400
5189,2024,10,SW,mean_intensity_degC,1.356889724731445,400
5190,2024,10,SW,number_of_events,4.0,400
5191,2024,10,SW,sum_area_km2,192.06343346838497,400
5192,2024,11,SW,activity_degC_days_m2,134983739598.05136,400
5193,2024,11,SW,mean_area_km2,46.23937133599919,400
5194,2024,11,SW,mean_duration_days,20.166666666666668,400
5195,2024,11,SW,mean_intensity_degC,1.6240822076797483,400
5196,2024,11,SW,number_of_events,18.0,400
5197,2024,11,SW,sum_area_km2,832.3086840479855,400
5198,2024,12,SW,activity_degC_days_m2,218695793466.712,400
5199,2024,12,SW,mean_area_km2,52.22145447757702,400
5200,2024,12,SW,mean_duration_days,12.2,400
5201,2024,12,SW,mean_intensity_degC,1.2449711561203003,400
5202,2024,12,SW,number_of_events,5.0,400
5203,2024,12,SW,sum_area_km2,261.1072723878851,400
5204,2025,1,SW,activity_degC_days_m2,67994838242.918,400
5205,2025,1,SW,mean_area_km2,49.23046178712258,400
5206,2025,1,SW,mean_duration_days,7.555555555555555,400
5207,2025,1,SW,mean_intensity_degC,1.0171046257019043,400
5208,2025,1,SW,number_of_events,9.0,400
5209,2025,1,SW,sum_area_km2,443.0741560841032,400
5210,2025,2,SW,activity_degC_days_m2,502709973.1464032,400
5211,2025,2,SW,mean_area_km2,58.949695276924594,400
5212,2025,2,SW,mean_duration_days,8.0,400
5213,2025,2,SW,mean_intensity_degC,0.8356027603149414,400
5214,2025,2,SW,number_of_events,1.0,400
5215,2025,2,SW,sum_area_km2,58.949695276924594,400
5216,2025,3,SW,activity_degC_days_m2,14916746753.154396,400
5217,2025,3,SW,mean_area_km2,56.7079917635658,400
5218,2025,3,SW,mean_duration_days,6.666666666666667,400
5219,2025,3,SW,mean_intensity_degC,0.9100217819213868,400
5220,2025,3,SW,number_of_events,3.0,400
5221,2025,3,SW,sum_area_km2,170.1239752906974,400
5222,2025,4,SW,activity_degC_days_m2,45883006128.7958,400
5223,2025,4,SW,mean_area_km2,55.58678725054949,400
5224,2025,4,SW,mean_duration_days,8.5,400
5225,2025,4,SW,mean_intensity_degC,1.4268120527267456,400
5226,2025,4,SW,number_of_events,6.0,400
5227,2025,4,SW,sum_area_km2,333.5207235032969,400
5228,2025,5,SW,activity_degC_days_m2,9566753144.566889,400
5229,2025,5,SW,mean_area_km2,55.58661087238098,400
5230,2025,5,SW,mean_duration_days,7.0,400
5231,2025,5,SW,mean_intensity_degC,1.4424290657043457,400
5232,2025,5,SW,number_of_events,2.0,400
5233,2025,5,SW,sum_area_km2,111.17322174476196,400
5234,2025,6,SW,activity_degC_days_m2,11051924454.670649,400
5235,2025,6,SW,mean_area_km2,51.10199054400715,400
5236,2025,6,SW,mean_duration_days,18.333333333333332,400
5237,2025,6,SW,mean_intensity_degC,1.6454674005508425,400
5238,2025,6,SW,number_of_events,3.0,400
5239,2025,6,SW,sum_area_km2,153.30597163202145,400
5240,2025,7,SW,activity_degC_days_m2,55376778284.616234,400
5241,2025,7,SW,mean_area_km2,37.07579864160852,400
5242,2025,7,SW,mean_duration_days,9.5,400
5243,2025,7,SW,mean_intensity_degC,1.3417880535125732,400
5244,2025,7,SW,number_of_events,2.0,400
5245,2025,7,SW,sum_area_km2,74.15159728321704,400
5246,2025,8,SW,activity_degC_days_m2,41784646476.18026,400
5247,2025,8,SW,mean_area_km2,42.125041250351465,400
5248,2025,8,SW,mean_duration_days,11.666666666666666,400
5249,2025,8,SW,mean_intensity_degC,1.8995118141174316,400
5250,2025,8,SW,number_of_events,3.0,400
5251,2025,8,SW,sum_area_km2,126.3751237510544,400
5252,2025,9,SW,activity_degC_days_m2,0.0,400
5253,2025,9,SW,mean_intensity_degC,,400
5254,2025,10,SW,activity_degC_days_m2,0.0,400
5255,2025,10,SW,mean_intensity_degC,,400
5256,2025,11,SW,activity_degC_days_m2,0.0,400
5257,2025,11,SW,mean_intensity_degC,,400
5258,2025,12,SW,activity_degC_days_m2,0.0,400
5259,2025,12,SW,mean_intensity_degC,,400
