Year,Month,Zone,Parameter,Value
1981,9,NW,activity_degC_days_m2,0.0
1981,9,NW,mean_intensity_degC,
1981,10,NW,activity_degC_days_m2,0.0
1981,10,NW,mean_intensity_degC,
1981,11,NW,activity_degC_days_m2,0.0
1981,11,NW,mean_intensity_degC,
1981,12,NW,activity_degC_days_m2,0.0
1981,12,NW,mean_intensity_degC,
1982,1,NW,activity_degC_days_m2,0.0
1982,1,NW,mean_intensity_degC,
1982,2,NW,activity_degC_days_m2,4392613740.840991
1982,2,NW,mean_area_km2,62.31112826154329
1982,2,NW,mean_duration_days,6.0
1982,2,NW,mean_intensity_degC,1.221205234527588
1982,2,NW,number_of_events,1.0
1982,2,NW,sum_area_km2,62.31112826154329
1982,3,NW,activity_degC_days_m2,0.0
1982,3,NW,mean_intensity_degC,
1982,4,NW,activity_degC_days_m2,0.0
1982,4,NW,mean_intensity_degC,
1982,5,NW,activity_degC_days_m2,0.0
1982,5,NW,mean_intensity_degC,
1982,6,NW,activity_degC_days_m2,0.0
1982,6,NW,mean_intensity_degC,
1982,7,NW,activity_degC_days_m2,3251664080.833272
1982,7,NW,mean_area_km2,62.31112826154345
1982,7,NW,mean_duration_days,5.0
1982,7,NW,mean_intensity_degC,1.0848071575164795
1982,7,NW,number_of_events,1.0
1982,7,NW,sum_area_km2,62.31112826154345
1982,8,NW,activity_degC_days_m2,0.0
1982,8,NW,mean_intensity_degC,
1982,9,NW,activity_degC_days_m2,0.0
1982,9,NW,mean_intensity_degC,
1982,10,NW,activity_degC_days_m2,0.0
1982,10,NW,mean_intensity_degC,
1982,11,NW,activity_degC_days_m2,0.0
1982,11,NW,mean_intensity_degC,
1982,12,NW,activity_degC_days_m2,0.0
1982,12,NW,mean_intensity_degC,
1983,1,NW,activity_degC_days_m2,0.0
1983,1,NW,mean_intensity_degC,
1983,2,NW,activity_degC_days_m2,0.0
1983,2,NW,mean_intensity_degC,
1983,3,NW,activity_degC_days_m2,0.0
1983,3,NW,mean_intensity_degC,
1983,4,NW,activity_degC_days_m2,0.0
1983,4,NW,mean_intensity_degC,
1983,5,NW,activity_degC_days_m2,0.0
1983,5,NW,mean_intensity_degC,
1983,6,NW,activity_degC_days_m2,0.0
1983,6,NW,mean_intensity_degC,
1983,7,NW,activity_degC_days_m2,46532548134.97229
1983,7,NW,mean_area_km2,81.96379916501739
1983,7,NW,mean_duration_days,7.714285714285714
1983,7,NW,mean_intensity_degC,1.4332821369171143
1983,7,NW,number_of_events,7.0
1983,7,NW,sum_area_km2,573.7465941551218
1983,8,NW,activity_degC_days_m2,12102410342.648714
1983,8,NW,mean_area_km2,63.99125161361358
1983,8,NW,mean_duration_days,7.5
1983,8,NW,mean_intensity_degC,1.3318192958831787
1983,8,NW,number_of_events,2.0
1983,8,NW,sum_area_km2,127.98250322722716
1983,9,NW,activity_degC_days_m2,0.0
1983,9,NW,mean_intensity_degC,
1983,10,NW,activity_degC_days_m2,0.0
1983,10,NW,mean_intensity_degC,
1983,11,NW,activity_degC_days_m2,169209378707.61438
1983,11,NW,mean_area_km2,78.55055794012836
1983,11,NW,mean_duration_days,12.838709677419354
1983,11,NW,mean_intensity_degC,1.6792508363723755
1983,11,NW,number_of_events,31.0
1983,11,NW,sum_area_km2,2435.067296143979
1983,12,NW,activity_degC_days_m2,249196818933.22595
1983,12,NW,mean_area_km2,76.40802552035197
1983,12,NW,mean_duration_days,5.0
1983,12,NW,mean_intensity_degC,1.3526837825775146
1983,12,NW,number_of_events,5.0
1983,12,NW,sum_area_km2,382.04012760175993
1984,1,NW,activity_degC_days_m2,0.0
1984,1,NW,mean_intensity_degC,
1984,2,NW,activity_degC_days_m2,0.0
1984,2,NW,mean_intensity_degC,
1984,3,NW,activity_degC_days_m2,0.0
1984,3,NW,mean_intensity_degC,
1984,4,NW,activity_degC_days_m2,0.0
1984,4,NW,mean_intensity_degC,
1984,5,NW,activity_degC_days_m2,0.0
1984,5,NW,mean_intensity_degC,
1984,6,NW,activity_degC_days_m2,0.0
1984,6,NW,mean_intensity_degC,
1984,7,NW,activity_degC_days_m2,61028676877.520676
1984,7,NW,mean_area_km2,66.93052179643644
1984,7,NW,mean_duration_days,7.75
1984,7,NW,mean_intensity_degC,1.6088106632232666
1984,7,NW,number_of_events,8.0
1984,7,NW,sum_area_km2,535.4441743714915
1984,8,NW,activity_degC_days_m2,0.0
1984,8,NW,mean_intensity_degC,
1984,9,NW,activity_degC_days_m2,0.0
1984,9,NW,mean_intensity_degC,
1984,10,NW,activity_degC_days_m2,0.0
1984,10,NW,mean_intensity_degC,
1984,11,NW,activity_degC_days_m2,0.0
1984,11,NW,mean_intensity_degC,
1984,12,NW,activity_degC_days_m2,0.0
1984,12,NW,mean_intensity_degC,
1985,1,NW,activity_degC_days_m2,0.0
1985,1,NW,mean_intensity_degC,
1985,2,NW,activity_degC_days_m2,0.0
1985,2,NW,mean_intensity_degC,
1985,3,NW,activity_degC_days_m2,0.0
1985,3,NW,mean_intensity_degC,
1985,4,NW,activity_degC_days_m2,0.0
1985,4,NW,mean_intensity_degC,
1985,5,NW,activity_degC_days_m2,0.0
1985,5,NW,mean_intensity_degC,
1985,6,NW,activity_degC_days_m2,0.0
1985,6,NW,mean_intensity_degC,
1985,7,NW,activity_degC_days_m2,64118711609.39675
1985,7,NW,mean_area_km2,81.61280345099061
1985,7,NW,mean_duration_days,5.333333333333333
1985,7,NW,mean_intensity_degC,1.6756300926208496
1985,7,NW,number_of_events,12.0
1985,7,NW,sum_area_km2,979.3536414118875
1985,8,NW,activity_degC_days_m2,0.0
1985,8,NW,mean_intensity_degC,
1985,9,NW,activity_degC_days_m2,0.0
1985,9,NW,mean_intensity_degC,
1985,10,NW,activity_degC_days_m2,0.0
1985,10,NW,mean_intensity_degC,
1985,11,NW,activity_degC_days_m2,0.0
1985,11,NW,mean_intensity_degC,
1985,12,NW,activity_degC_days_m2,0.0
1985,12,NW,mean_intensity_degC,
1986,1,NW,activity_degC_days_m2,0.0
1986,1,NW,mean_intensity_degC,
1986,2,NW,activity_degC_days_m2,0.0
1986,2,NW,mean_intensity_degC,
1986,3,NW,activity_degC_days_m2,0.0
1986,3,NW,mean_intensity_degC,
1986,4,NW,activity_degC_days_m2,0.0
1986,4,NW,mean_intensity_degC,
1986,5,NW,activity_degC_days_m2,0.0
1986,5,NW,mean_intensity_degC,
1986,6,NW,activity_degC_days_m2,0.0
1986,6,NW,mean_intensity_degC,
1986,7,NW,activity_degC_days_m2,0.0
1986,7,NW,mean_intensity_degC,
1986,8,NW,activity_degC_days_m2,0.0
1986,8,NW,mean_intensity_degC,
1986,9,NW,activity_degC_days_m2,154926767379.53555
1986,9,NW,mean_area_km2,74.16228136164742
1986,9,NW,mean_duration_days,7.647058823529412
1986,9,NW,mean_intensity_degC,1.8663618564605713
1986,9,NW,number_of_events,17.0
1986,9,NW,sum_area_km2,1260.758783148006
1986,10,NW,activity_degC_days_m2,2704177485.249396
1986,10,NW,mean_intensity_degC,1.5254827737808228
1986,11,NW,activity_degC_days_m2,0.0
1986,11,NW,mean_intensity_degC,
1986,12,NW,activity_degC_days_m2,0.0
1986,12,NW,mean_intensity_degC,
1987,1,NW,activity_degC_days_m2,0.0
1987,1,NW,mean_intensity_degC,
1987,2,NW,activity_degC_days_m2,0.0
1987,2,NW,mean_intensity_degC,
1987,3,NW,activity_degC_days_m2,38847741227.21188
1987,3,NW,mean_area_km2,75.32356599585563
1987,3,NW,mean_duration_days,6.0
1987,3,NW,mean_intensity_degC,1.289839506149292
1987,3,NW,number_of_events,8.0
1987,3,NW,sum_area_km2,602.588527966845
1987,4,NW,activity_degC_days_m2,0.0
1987,4,NW,mean_intensity_degC,
1987,5,NW,activity_degC_days_m2,0.0
1987,5,NW,mean_intensity_degC,
1987,6,NW,activity_degC_days_m2,0.0
1987,6,NW,mean_intensity_degC,
1987,7,NW,activity_degC_days_m2,0.0
1987,7,NW,mean_intensity_degC,
1987,8,NW,activity_degC_days_m2,0.0
1987,8,NW,mean_intensity_degC,
1987,9,NW,activity_degC_days_m2,20332983471.30605
1987,9,NW,mean_area_km2,71.03473370870176
1987,9,NW,mean_duration_days,5.2
1987,9,NW,mean_intensity_degC,1.7870235443115234
1987,9,NW,number_of_events,5.0
1987,9,NW,sum_area_km2,355.17366854350877
1987,10,NW,activity_degC_days_m2,6761800157.974371
1987,10,NW,mean_intensity_degC,1.6268954277038574
1987,11,NW,activity_degC_days_m2,0.0
1987,11,NW,mean_intensity_degC,
1987,12,NW,activity_degC_days_m2,0.0
1987,12,NW,mean_intensity_degC,
1988,1,NW,activity_degC_days_m2,0.0
1988,1,NW,mean_intensity_degC,
1988,2,NW,activity_degC_days_m2,0.0
1988,2,NW,mean_intensity_degC,
1988,3,NW,activity_degC_days_m2,17037222784.299187
1988,3,NW,mean_area_km2,84.4585738357571
1988,3,NW,mean_duration_days,5.0
1988,3,NW,mean_intensity_degC,1.151103138923645
1988,3,NW,number_of_events,5.0
1988,3,NW,sum_area_km2,422.29286917878545
1988,4,NW,activity_degC_days_m2,0.0
1988,4,NW,mean_intensity_degC,
1988,5,NW,activity_degC_days_m2,0.0
1988,5,NW,mean_intensity_degC,
1988,6,NW,activity_degC_days_m2,6034207914.769803
1988,6,NW,mean_area_km2,89.15451550496645
1988,6,NW,mean_duration_days,5.0
1988,6,NW,mean_intensity_degC,2.0732250213623047
1988,6,NW,number_of_events,1.0
1988,6,NW,sum_area_km2,89.15451550496645
1988,7,NW,activity_degC_days_m2,4736208700.0783825
1988,7,NW,mean_area_km2,95.84966563786587
1988,7,NW,mean_duration_days,5.0
1988,7,NW,mean_intensity_degC,1.6398169994354248
1988,7,NW,number_of_events,1.0
1988,7,NW,sum_area_km2,95.84966563786587
1988,8,NW,activity_degC_days_m2,0.0
1988,8,NW,mean_intensity_degC,
1988,9,NW,activity_degC_days_m2,0.0
1988,9,NW,mean_intensity_degC,
1988,10,NW,activity_degC_days_m2,0.0
1988,10,NW,mean_intensity_degC,
1988,11,NW,activity_degC_days_m2,103362091814.23657
1988,11,NW,mean_area_km2,71.81866404779781
1988,11,NW,mean_duration_days,9.833333333333334
1988,11,NW,mean_intensity_degC,1.5549205541610718
1988,11,NW,number_of_events,12.0
1988,11,NW,sum_area_km2,861.8239685735738
1988,12,NW,activity_degC_days_m2,8374683609.201977
1988,12,NW,mean_intensity_degC,1.2599422931671143
1989,1,NW,activity_degC_days_m2,5501910528.018648
1989,1,NW,mean_area_km2,94.17631837311566
1989,1,NW,mean_duration_days,5.0
1989,1,NW,mean_intensity_degC,0.9507481455802917
1989,1,NW,number_of_events,2.0
1989,1,NW,sum_area_km2,188.35263674623133
1989,2,NW,activity_degC_days_m2,11408851300.212358
1989,2,NW,mean_area_km2,73.49064072031774
1989,2,NW,mean_duration_days,6.333333333333333
1989,2,NW,mean_intensity_degC,1.0275508165359497
1989,2,NW,number_of_events,3.0
1989,2,NW,sum_area_km2,220.47192216095323
1989,3,NW,activity_degC_days_m2,15151294704.18602
1989,3,NW,mean_area_km2,64.83100072641079
1989,3,NW,mean_duration_days,6.0
1989,3,NW,mean_intensity_degC,1.036534309387207
1989,3,NW,number_of_events,4.0
1989,3,NW,sum_area_km2,259.32400290564317
1989,4,NW,activity_degC_days_m2,0.0
1989,4,NW,mean_intensity_degC,
1989,5,NW,activity_degC_days_m2,41302964837.91681
1989,5,NW,mean_area_km2,93.17195779948588
1989,5,NW,mean_duration_days,8.8
1989,5,NW,mean_intensity_degC,1.8171910047531128
1989,5,NW,number_of_events,5.0
1989,5,NW,sum_area_km2,465.85978899742935
1989,6,NW,activity_degC_days_m2,73398762839.98546
1989,6,NW,mean_area_km2,86.47046631476482
1989,6,NW,mean_duration_days,6.1
1989,6,NW,mean_intensity_degC,1.7420066595077515
1989,6,NW,number_of_events,10.0
1989,6,NW,sum_area_km2,864.7046631476483
1989,7,NW,activity_degC_days_m2,22378444578.26822
1989,7,NW,mean_area_km2,70.70853945991124
1989,7,NW,mean_duration_days,32.0
1989,7,NW,mean_intensity_degC,1.44424307346344
1989,7,NW,number_of_events,8.0
1989,7,NW,sum_area_km2,565.6683156792899
1989,8,NW,activity_degC_days_m2,763972028517.5808
1989,8,NW,mean_area_km2,79.54894159706049
1989,8,NW,mean_duration_days,21.545454545454547
1989,8,NW,mean_intensity_degC,1.7933462858200073
1989,8,NW,number_of_events,22.0
1989,8,NW,sum_area_km2,1750.0767151353307
1989,9,NW,activity_degC_days_m2,0.0
1989,9,NW,mean_intensity_degC,
1989,10,NW,activity_degC_days_m2,6579059303.158409
1989,10,NW,mean_area_km2,62.311128261543374
1989,10,NW,mean_duration_days,6.0
1989,10,NW,mean_intensity_degC,1.829066276550293
1989,10,NW,number_of_events,2.0
1989,10,NW,sum_area_km2,124.62225652308675
1989,11,NW,activity_degC_days_m2,5460328387.784783
1989,11,NW,mean_intensity_degC,1.518044114112854
1989,12,NW,activity_degC_days_m2,164559202976.74094
1989,12,NW,mean_area_km2,77.15053655371479
1989,12,NW,mean_duration_days,10.947368421052632
1989,12,NW,mean_intensity_degC,1.332692265510559
1989,12,NW,number_of_events,19.0
1989,12,NW,sum_area_km2,1465.8601945205808
1990,1,NW,activity_degC_days_m2,166639057621.70795
1990,1,NW,mean_area_km2,81.16678387394548
1990,1,NW,mean_duration_days,13.470588235294118
1990,1,NW,mean_intensity_degC,1.1135308742523193
1990,1,NW,number_of_events,34.0
1990,1,NW,sum_area_km2,2759.670651714146
1990,2,NW,activity_degC_days_m2,331724383199.35785
1990,2,NW,mean_area_km2,76.90407118131186
1990,2,NW,mean_duration_days,14.173913043478262
1990,2,NW,mean_intensity_degC,1.2142459154129028
1990,2,NW,number_of_events,23.0
1990,2,NW,sum_area_km2,1768.793637170173
1990,3,NW,activity_degC_days_m2,202181271144.5429
1990,3,NW,mean_area_km2,76.0565520822479
1990,3,NW,mean_duration_days,8.19047619047619
1990,3,NW,mean_intensity_degC,1.1657769680023193
1990,3,NW,number_of_events,21.0
1990,3,NW,sum_area_km2,1597.187593727206
1990,4,NW,activity_degC_days_m2,0.0
1990,4,NW,mean_intensity_degC,
1990,5,NW,activity_degC_days_m2,97795065471.95177
1990,5,NW,mean_area_km2,82.75187294954927
1990,5,NW,mean_duration_days,9.272727272727273
1990,5,NW,mean_intensity_degC,1.6727027893066406
1990,5,NW,number_of_events,11.0
1990,5,NW,sum_area_km2,910.270602445042
1990,6,NW,activity_degC_days_m2,1003016091.0845616
1990,6,NW,mean_intensity_degC,1.6851367950439453
1990,7,NW,activity_degC_days_m2,364455452146.5231
1990,7,NW,mean_area_km2,77.47291928957752
1990,7,NW,mean_duration_days,15.068965517241379
1990,7,NW,mean_intensity_degC,1.718558669090271
1990,7,NW,number_of_events,29.0
1990,7,NW,sum_area_km2,2246.714659397748
1990,8,NW,activity_degC_days_m2,162228359430.6775
1990,8,NW,mean_area_km2,69.02905722023768
1990,8,NW,mean_duration_days,7.1
1990,8,NW,mean_intensity_degC,1.6743175983428955
1990,8,NW,number_of_events,10.0
1990,8,NW,sum_area_km2,690.2905722023768
1990,9,NW,activity_degC_days_m2,0.0
1990,9,NW,mean_intensity_degC,
1990,10,NW,activity_degC_days_m2,0.0
1990,10,NW,mean_intensity_degC,
1990,11,NW,activity_degC_days_m2,0.0
1990,11,NW,mean_intensity_degC,
1990,12,NW,activity_degC_days_m2,0.0
1990,12,NW,mean_intensity_degC,
1991,1,NW,activity_degC_days_m2,0.0
1991,1,NW,mean_intensity_degC,
1991,2,NW,activity_degC_days_m2,0.0
1991,2,NW,mean_intensity_degC,
1991,3,NW,activity_degC_days_m2,0.0
1991,3,NW,mean_intensity_degC,
1991,4,NW,activity_degC_days_m2,0.0
1991,4,NW,mean_intensity_degC,
1991,5,NW,activity_degC_days_m2,0.0
1991,5,NW,mean_intensity_degC,
1991,6,NW,activity_degC_days_m2,0.0
1991,6,NW,mean_intensity_degC,
1991,7,NW,activity_degC_days_m2,0.0
1991,7,NW,mean_intensity_degC,
1991,8,NW,activity_degC_days_m2,33748650440.8118
1991,8,NW,mean_area_km2,77.02869402011048
1991,8,NW,mean_duration_days,25.26923076923077
1991,8,NW,mean_intensity_degC,1.7557637691497803
1991,8,NW,number_of_events,26.0
1991,8,NW,sum_area_km2,2002.7460445228724
1991,9,NW,activity_degC_days_m2,839232322377.6404
1991,9,NW,mean_area_km2,81.6052977439626
1991,9,NW,mean_duration_days,17.25
1991,9,NW,mean_intensity_degC,2.0375819206237793
1991,9,NW,number_of_events,4.0
1991,9,NW,sum_area_km2,326.4211909758504
1991,10,NW,activity_degC_days_m2,0.0
1991,10,NW,mean_intensity_degC,
1991,11,NW,activity_degC_days_m2,0.0
1991,11,NW,mean_intensity_degC,
1991,12,NW,activity_degC_days_m2,0.0
1991,12,NW,mean_intensity_degC,
1992,1,NW,activity_degC_days_m2,0.0
1992,1,NW,mean_intensity_degC,
1992,2,NW,activity_degC_days_m2,0.0
1992,2,NW,mean_intensity_degC,
1992,3,NW,activity_degC_days_m2,0.0
1992,3,NW,mean_intensity_degC,
1992,4,NW,activity_degC_days_m2,0.0
1992,4,NW,mean_intensity_degC,
1992,5,NW,activity_degC_days_m2,0.0
1992,5,NW,mean_intensity_degC,
1992,6,NW,activity_degC_days_m2,0.0
1992,6,NW,mean_intensity_degC,
1992,7,NW,activity_degC_days_m2,0.0
1992,7,NW,mean_intensity_degC,
1992,8,NW,activity_degC_days_m2,0.0
1992,8,NW,mean_intensity_degC,
1992,9,NW,activity_degC_days_m2,0.0
1992,9,NW,mean_intensity_degC,
1992,10,NW,activity_degC_days_m2,0.0
1992,10,NW,mean_intensity_degC,
1992,11,NW,activity_degC_days_m2,0.0
1992,11,NW,mean_intensity_degC,
1992,12,NW,activity_degC_days_m2,0.0
1992,12,NW,mean_intensity_degC,
1993,1,NW,activity_degC_days_m2,0.0
1993,1,NW,mean_intensity_degC,
1993,2,NW,activity_degC_days_m2,0.0
1993,2,NW,mean_intensity_degC,
1993,3,NW,activity_degC_days_m2,0.0
1993,3,NW,mean_intensity_degC,
1993,4,NW,activity_degC_days_m2,0.0
1993,4,NW,mean_intensity_degC,
1993,5,NW,activity_degC_days_m2,0.0
1993,5,NW,mean_intensity_degC,
1993,6,NW,activity_degC_days_m2,70705319697.97147
1993,6,NW,mean_area_km2,76.22039697930978
1993,6,NW,mean_duration_days,5.714285714285714
1993,6,NW,mean_intensity_degC,1.4598928689956665
1993,6,NW,number_of_events,14.0
1993,6,NW,sum_area_km2,1067.0855577103368
1993,7,NW,activity_degC_days_m2,0.0
1993,7,NW,mean_intensity_degC,
1993,8,NW,activity_degC_days_m2,0.0
1993,8,NW,mean_intensity_degC,
1993,9,NW,activity_degC_days_m2,0.0
1993,9,NW,mean_intensity_degC,
1993,10,NW,activity_degC_days_m2,0.0
1993,10,NW,mean_intensity_degC,
1993,11,NW,activity_degC_days_m2,0.0
1993,11,NW,mean_intensity_degC,
1993,12,NW,activity_degC_days_m2,0.0
1993,12,NW,mean_intensity_degC,
1994,1,NW,activity_degC_days_m2,0.0
1994,1,NW,mean_intensity_degC,
1994,2,NW,activity_degC_days_m2,0.0
1994,2,NW,mean_intensity_degC,
1994,3,NW,activity_degC_days_m2,0.0
1994,3,NW,mean_intensity_degC,
1994,4,NW,activity_degC_days_m2,0.0
1994,4,NW,mean_intensity_degC,
1994,5,NW,activity_degC_days_m2,0.0
1994,5,NW,mean_intensity_degC,
1994,6,NW,activity_degC_days_m2,99487609520.83078
1994,6,NW,mean_area_km2,76.44537955492186
1994,6,NW,mean_duration_days,5.684210526315789
1994,6,NW,mean_intensity_degC,1.5603538751602173
1994,6,NW,number_of_events,19.0
1994,6,NW,sum_area_km2,1452.4622115435152
1994,7,NW,activity_degC_days_m2,2817314289.171272
1994,7,NW,mean_area_km2,72.38805366641968
1994,7,NW,mean_duration_days,5.0
1994,7,NW,mean_intensity_degC,0.9500983953475952
1994,7,NW,number_of_events,1.0
1994,7,NW,sum_area_km2,72.38805366641968
1994,8,NW,activity_degC_days_m2,0.0
1994,8,NW,mean_intensity_degC,
1994,9,NW,activity_degC_days_m2,0.0
1994,9,NW,mean_intensity_degC,
1994,10,NW,activity_degC_days_m2,0.0
1994,10,NW,mean_intensity_degC,
1994,11,NW,activity_degC_days_m2,0.0
1994,11,NW,mean_intensity_degC,
1994,12,NW,activity_degC_days_m2,26081673953.908398
1994,12,NW,mean_area_km2,94.73410079469924
1994,12,NW,mean_duration_days,11.0
1994,12,NW,mean_intensity_degC,1.3341643810272217
1994,12,NW,number_of_events,3.0
1994,12,NW,sum_area_km2,284.2023023840978
1995,1,NW,activity_degC_days_m2,20927285859.64867
1995,1,NW,mean_area_km2,84.12793545842429
1995,1,NW,mean_duration_days,5.0
1995,1,NW,mean_intensity_degC,1.1918013095855713
1995,1,NW,number_of_events,6.0
1995,1,NW,sum_area_km2,504.76761275054577
1995,2,NW,activity_degC_days_m2,0.0
1995,2,NW,mean_intensity_degC,
1995,3,NW,activity_degC_days_m2,6738302857.725339
1995,3,NW,mean_area_km2,95.84966563786614
1995,3,NW,mean_duration_days,5.0
1995,3,NW,mean_intensity_degC,1.1665009260177612
1995,3,NW,number_of_events,2.0
1995,3,NW,sum_area_km2,191.69933127573228
1995,4,NW,activity_degC_days_m2,0.0
1995,4,NW,mean_intensity_degC,
1995,5,NW,activity_degC_days_m2,0.0
1995,5,NW,mean_intensity_degC,
1995,6,NW,activity_degC_days_m2,0.0
1995,6,NW,mean_intensity_degC,
1995,7,NW,activity_degC_days_m2,413393387824.7494
1995,7,NW,mean_area_km2,79.67607144625413
1995,7,NW,mean_duration_days,16.956521739130434
1995,7,NW,mean_intensity_degC,1.7609130144119263
1995,7,NW,number_of_events,23.0
1995,7,NW,sum_area_km2,1832.5496432638452
1995,8,NW,activity_degC_days_m2,5994356941.32156
1995,8,NW,mean_area_km2,62.311128261543374
1995,8,NW,mean_duration_days,5.0
1995,8,NW,mean_intensity_degC,1.6665111780166626
1995,8,NW,number_of_events,2.0
1995,8,NW,sum_area_km2,124.62225652308675
1995,9,NW,activity_degC_days_m2,3186432000.8248625
1995,9,NW,mean_intensity_degC,1.328805923461914
1995,10,NW,activity_degC_days_m2,0.0
1995,10,NW,mean_intensity_degC,
1995,11,NW,activity_degC_days_m2,72794174115.00223
1995,11,NW,mean_area_km2,67.90961609833803
1995,11,NW,mean_duration_days,6.583333333333333
1995,11,NW,mean_intensity_degC,1.5258833169937134
1995,11,NW,number_of_events,12.0
1995,11,NW,sum_area_km2,814.9153931800564
1995,12,NW,activity_degC_days_m2,129766862133.00017
1995,12,NW,mean_area_km2,77.47291928957752
1995,12,NW,mean_duration_days,24.20689655172414
1995,12,NW,mean_intensity_degC,1.1826077699661255
1995,12,NW,number_of_events,29.0
1995,12,NW,sum_area_km2,2246.714659397748
1996,1,NW,activity_degC_days_m2,386309539527.7559
1996,1,NW,mean_area_km2,86.5746907254483
1996,1,NW,mean_duration_days,6.384615384615385
1996,1,NW,mean_intensity_degC,1.188761830329895
1996,1,NW,number_of_events,13.0
1996,1,NW,sum_area_km2,1125.470979430828
1996,2,NW,activity_degC_days_m2,42948058969.03428
1996,2,NW,mean_area_km2,65.67137496568373
1996,2,NW,mean_duration_days,8.0
1996,2,NW,mean_intensity_degC,1.1229503154754639
1996,2,NW,number_of_events,1.0
1996,2,NW,sum_area_km2,65.67137496568373
1996,3,NW,activity_degC_days_m2,0.0
1996,3,NW,mean_intensity_degC,
1996,4,NW,activity_degC_days_m2,5196417368.051129
1996,4,NW,mean_area_km2,89.15451550496665
1996,4,NW,mean_duration_days,5.0
1996,4,NW,mean_intensity_degC,1.785378098487854
1996,4,NW,number_of_events,1.0
1996,4,NW,sum_area_km2,89.15451550496665
1996,5,NW,activity_degC_days_m2,0.0
1996,5,NW,mean_intensity_degC,
1996,6,NW,activity_degC_days_m2,0.0
1996,6,NW,mean_intensity_degC,
1996,7,NW,activity_degC_days_m2,0.0
1996,7,NW,mean_intensity_degC,
1996,8,NW,activity_degC_days_m2,0.0
1996,8,NW,mean_intensity_degC,
1996,9,NW,activity_degC_days_m2,0.0
1996,9,NW,mean_intensity_degC,
1996,10,NW,activity_degC_days_m2,0.0
1996,10,NW,mean_intensity_degC,
1996,11,NW,activity_degC_days_m2,0.0
1996,11,NW,mean_intensity_degC,
1996,12,NW,activity_degC_days_m2,0.0
1996,12,NW,mean_intensity_degC,
1997,1,NW,activity_degC_days_m2,0.0
1997,1,NW,mean_intensity_degC,
1997,2,NW,activity_degC_days_m2,69882214558.11232
1997,2,NW,mean_area_km2,73.45233126965509
1997,2,NW,mean_duration_days,71.0909090909091
1997,2,NW,mean_intensity_degC,1.087898850440979
1997,2,NW,number_of_events,22.0
1997,2,NW,sum_area_km2,1615.951287932412
1997,3,NW,activity_degC_days_m2,831599013554.6302
1997,3,NW,mean_area_km2,89.98973587128783
1997,3,NW,mean_duration_days,57.625
1997,3,NW,mean_intensity_degC,1.6289994716644287
1997,3,NW,number_of_events,8.0
1997,3,NW,sum_area_km2,719.9178869703027
1997,4,NW,activity_degC_days_m2,993498832597.0702
1997,4,NW,mean_area_km2,85.80109550027466
1997,4,NW,mean_duration_days,9.0
1997,4,NW,mean_intensity_degC,1.9577319622039795
1997,4,NW,number_of_events,2.0
1997,4,NW,sum_area_km2,171.6021910005493
1997,5,NW,activity_degC_days_m2,301589265829.1535
1997,5,NW,mean_area_km2,63.43121049625687
1997,5,NW,mean_duration_days,13.333333333333334
1997,5,NW,mean_intensity_degC,1.7432501316070557
1997,5,NW,number_of_events,3.0
1997,5,NW,sum_area_km2,190.29363148877061
1997,6,NW,activity_degC_days_m2,108205540488.99916
1997,6,NW,mean_area_km2,80.20675700286769
1997,6,NW,mean_duration_days,5.733333333333333
1997,6,NW,mean_intensity_degC,1.5087919235229492
1997,6,NW,number_of_events,15.0
1997,6,NW,sum_area_km2,1203.1013550430152
1997,7,NW,activity_degC_days_m2,0.0
1997,7,NW,mean_intensity_degC,
1997,8,NW,activity_degC_days_m2,10987420835.560154
1997,8,NW,mean_area_km2,94.17631837311545
1997,8,NW,mean_duration_days,6.0
1997,8,NW,mean_intensity_degC,1.5819464921951294
1997,8,NW,number_of_events,2.0
1997,8,NW,sum_area_km2,188.3526367462309
1997,9,NW,activity_degC_days_m2,828315482.1173563
1997,9,NW,mean_area_km2,79.09921989218388
1997,9,NW,mean_duration_days,6.0
1997,9,NW,mean_intensity_degC,1.4069976806640625
1997,9,NW,number_of_events,1.0
1997,9,NW,sum_area_km2,79.09921989218388
1997,10,NW,activity_degC_days_m2,149183708529.07495
1997,10,NW,mean_area_km2,82.75311952388276
1997,10,NW,mean_duration_days,6.590909090909091
1997,10,NW,mean_intensity_degC,1.6636276245117188
1997,10,NW,number_of_events,22.0
1997,10,NW,sum_area_km2,1820.5686295254206
1997,11,NW,activity_degC_days_m2,39639933928.1793
1997,11,NW,mean_area_km2,92.98056716289453
1997,11,NW,mean_duration_days,5.857142857142857
1997,11,NW,mean_intensity_degC,1.5167477130889893
1997,11,NW,number_of_events,7.0
1997,11,NW,sum_area_km2,650.8639701402618
1997,12,NW,activity_degC_days_m2,63508983354.04505
1997,12,NW,mean_area_km2,84.2780307181402
1997,12,NW,mean_duration_days,7.7272727272727275
1997,12,NW,mean_intensity_degC,1.2243942022323608
1997,12,NW,number_of_events,11.0
1997,12,NW,sum_area_km2,927.0583378995423
1998,1,NW,activity_degC_days_m2,144723490212.82227
1998,1,NW,mean_area_km2,82.78392999600213
1998,1,NW,mean_duration_days,10.85
1998,1,NW,mean_intensity_degC,1.0602461099624634
1998,1,NW,number_of_events,20.0
1998,1,NW,sum_area_km2,1655.6785999200424
1998,2,NW,activity_degC_days_m2,314204725281.2891
1998,2,NW,mean_area_km2,77.47291928957752
1998,2,NW,mean_duration_days,15.068965517241379
1998,2,NW,mean_intensity_degC,1.1412445306777954
1998,2,NW,number_of_events,29.0
1998,2,NW,sum_area_km2,2246.714659397748
1998,3,NW,activity_degC_days_m2,543368970687.0421
1998,3,NW,mean_area_km2,75.73792102558181
1998,3,NW,mean_duration_days,18.476190476190474
1998,3,NW,mean_intensity_degC,1.342867374420166
1998,3,NW,number_of_events,42.0
1998,3,NW,sum_area_km2,3180.9926830744357
1998,4,NW,activity_degC_days_m2,81498708214.2941
1998,4,NW,mean_intensity_degC,1.186354398727417
1998,5,NW,activity_degC_days_m2,0.0
1998,5,NW,mean_intensity_degC,
1998,6,NW,activity_degC_days_m2,0.0
1998,6,NW,mean_intensity_degC,
1998,7,NW,activity_degC_days_m2,0.0
1998,7,NW,mean_intensity_degC,
1998,8,NW,activity_degC_days_m2,0.0
1998,8,NW,mean_intensity_degC,
1998,9,NW,activity_degC_days_m2,0.0
1998,9,NW,mean_intensity_degC,
1998,10,NW,activity_degC_days_m2,0.0
1998,10,NW,mean_intensity_degC,
1998,11,NW,activity_degC_days_m2,0.0
1998,11,NW,mean_intensity_degC,
1998,12,NW,activity_degC_days_m2,0.0
1998,12,NW,mean_intensity_degC,
1999,1,NW,activity_degC_days_m2,0.0
1999,1,NW,mean_intensity_degC,
1999,2,NW,activity_degC_days_m2,0.0
1999,2,NW,mean_intensity_degC,
1999,3,NW,activity_degC_days_m2,0.0
1999,3,NW,mean_intensity_degC,
1999,4,NW,activity_degC_days_m2,0.0
1999,4,NW,mean_intensity_degC,
1999,5,NW,activity_degC_days_m2,0.0
1999,5,NW,mean_intensity_degC,
1999,6,NW,activity_degC_days_m2,21941309523.01254
1999,6,NW,mean_area_km2,77.42178884142643
1999,6,NW,mean_duration_days,5.25
1999,6,NW,mean_intensity_degC,1.738096833229065
1999,6,NW,number_of_events,4.0
1999,6,NW,sum_area_km2,309.68715536570573
1999,7,NW,activity_degC_days_m2,0.0
1999,7,NW,mean_intensity_degC,
1999,8,NW,activity_degC_days_m2,296842568530.5535
1999,8,NW,mean_area_km2,80.2390821702375
1999,8,NW,mean_duration_days,14.394736842105264
1999,8,NW,mean_intensity_degC,1.8464308977127075
1999,8,NW,number_of_events,38.0
1999,8,NW,sum_area_km2,3049.085122469025
1999,9,NW,activity_degC_days_m2,355756818017.4104
1999,9,NW,mean_area_km2,82.45205285629373
1999,9,NW,mean_duration_days,6.333333333333333
1999,9,NW,mean_intensity_degC,1.9895977973937988
1999,9,NW,number_of_events,3.0
1999,9,NW,sum_area_km2,247.35615856888123
1999,10,NW,activity_degC_days_m2,0.0
1999,10,NW,mean_intensity_degC,
1999,11,NW,activity_degC_days_m2,0.0
1999,11,NW,mean_intensity_degC,
1999,12,NW,activity_degC_days_m2,0.0
1999,12,NW,mean_intensity_degC,
2000,1,NW,activity_degC_days_m2,0.0
2000,1,NW,mean_intensity_degC,
2000,2,NW,activity_degC_days_m2,0.0
2000,2,NW,mean_intensity_degC,
2000,3,NW,activity_degC_days_m2,0.0
2000,3,NW,mean_intensity_degC,
2000,4,NW,activity_degC_days_m2,0.0
2000,4,NW,mean_intensity_degC,
2000,5,NW,activity_degC_days_m2,27413494409.55278
2000,5,NW,mean_area_km2,76.39859255290058
2000,5,NW,mean_duration_days,5.2
2000,5,NW,mean_intensity_degC,1.754702091217041
2000,5,NW,number_of_events,5.0
2000,5,NW,sum_area_km2,381.99296276450286
2000,6,NW,activity_degC_days_m2,17465890955.178146
2000,6,NW,mean_area_km2,74.43591483461071
2000,6,NW,mean_duration_days,8.0
2000,6,NW,mean_intensity_degC,1.236714482307434
2000,6,NW,number_of_events,18.0
2000,6,NW,sum_area_km2,1339.8464670229928
2000,7,NW,activity_degC_days_m2,118366866542.74384
2000,7,NW,mean_area_km2,62.31112826154316
2000,7,NW,mean_duration_days,5.0
2000,7,NW,mean_intensity_degC,1.5674564838409424
2000,7,NW,number_of_events,1.0
2000,7,NW,sum_area_km2,62.31112826154316
2000,8,NW,activity_degC_days_m2,0.0
2000,8,NW,mean_intensity_degC,
2000,9,NW,activity_degC_days_m2,0.0
2000,9,NW,mean_intensity_degC,
2000,10,NW,activity_degC_days_m2,0.0
2000,10,NW,mean_intensity_degC,
2000,11,NW,activity_degC_days_m2,0.0
2000,11,NW,mean_intensity_degC,
2000,12,NW,activity_degC_days_m2,0.0
2000,12,NW,mean_intensity_degC,
2001,1,NW,activity_degC_days_m2,0.0
2001,1,NW,mean_intensity_degC,
2001,2,NW,activity_degC_days_m2,0.0
2001,2,NW,mean_intensity_degC,
2001,3,NW,activity_degC_days_m2,3026191299.2529535
2001,3,NW,mean_area_km2,84.12846933834865
2001,3,NW,mean_duration_days,5.0
2001,3,NW,mean_intensity_degC,1.7291748523712158
2001,3,NW,number_of_events,2.0
2001,3,NW,sum_area_km2,168.2569386766973
2001,4,NW,activity_degC_days_m2,4874295292.95869
2001,4,NW,mean_intensity_degC,1.1715747117996216
2001,5,NW,activity_degC_days_m2,0.0
2001,5,NW,mean_intensity_degC,
2001,6,NW,activity_degC_days_m2,0.0
2001,6,NW,mean_intensity_degC,
2001,7,NW,activity_degC_days_m2,0.0
2001,7,NW,mean_intensity_degC,
2001,8,NW,activity_degC_days_m2,5807066105.459381
2001,8,NW,mean_area_km2,89.15451550496645
2001,8,NW,mean_duration_days,6.0
2001,8,NW,mean_intensity_degC,1.6626533269882202
2001,8,NW,number_of_events,1.0
2001,8,NW,sum_area_km2,89.15451550496645
2001,9,NW,activity_degC_days_m2,0.0
2001,9,NW,mean_intensity_degC,
2001,10,NW,activity_degC_days_m2,0.0
2001,10,NW,mean_intensity_degC,
2001,11,NW,activity_degC_days_m2,0.0
2001,11,NW,mean_intensity_degC,
2001,12,NW,activity_degC_days_m2,0.0
2001,12,NW,mean_intensity_degC,
2002,1,NW,activity_degC_days_m2,132389732074.11229
2002,1,NW,mean_area_km2,67.14004838818737
2002,1,NW,mean_duration_days,13.25
2002,1,NW,mean_intensity_degC,1.063443660736084
2002,1,NW,number_of_events,16.0
2002,1,NW,sum_area_km2,1074.2407742109979
2002,2,NW,activity_degC_days_m2,68704885652.903656
2002,2,NW,mean_area_km2,69.77549377120366
2002,2,NW,mean_duration_days,10.666666666666666
2002,2,NW,mean_intensity_degC,1.0094325542449951
2002,2,NW,number_of_events,9.0
2002,2,NW,sum_area_km2,627.9794439408329
2002,3,NW,activity_degC_days_m2,95860300882.86722
2002,3,NW,mean_area_km2,74.69012694336206
2002,3,NW,mean_duration_days,8.375
2002,3,NW,mean_intensity_degC,1.2209500074386597
2002,3,NW,number_of_events,16.0
2002,3,NW,sum_area_km2,1195.042031093793
2002,4,NW,activity_degC_days_m2,0.0
2002,4,NW,mean_intensity_degC,
2002,5,NW,activity_degC_days_m2,0.0
2002,5,NW,mean_intensity_degC,
2002,6,NW,activity_degC_days_m2,0.0
2002,6,NW,mean_intensity_degC,
2002,7,NW,activity_degC_days_m2,0.0
2002,7,NW,mean_intensity_degC,
2002,8,NW,activity_degC_days_m2,0.0
2002,8,NW,mean_intensity_degC,
2002,9,NW,activity_degC_days_m2,6740024122.103056
2002,9,NW,mean_area_km2,83.28184148844308
2002,9,NW,mean_duration_days,11.0
2002,9,NW,mean_intensity_degC,1.6212701797485352
2002,9,NW,number_of_events,4.0
2002,9,NW,sum_area_km2,333.1273659537723
2002,10,NW,activity_degC_days_m2,151262563322.37415
2002,10,NW,mean_area_km2,82.8966129284036
2002,10,NW,mean_duration_days,6.8
2002,10,NW,mean_intensity_degC,1.7907440662384033
2002,10,NW,number_of_events,15.0
2002,10,NW,sum_area_km2,1243.449193926054
2002,11,NW,activity_degC_days_m2,0.0
2002,11,NW,mean_intensity_degC,
2002,12,NW,activity_degC_days_m2,0.0
2002,12,NW,mean_intensity_degC,
2003,1,NW,activity_degC_days_m2,0.0
2003,1,NW,mean_intensity_degC,
2003,2,NW,activity_degC_days_m2,0.0
2003,2,NW,mean_intensity_degC,
2003,3,NW,activity_degC_days_m2,3074691430.0982447
2003,3,NW,mean_area_km2,92.50297110836502
2003,3,NW,mean_duration_days,5.0
2003,3,NW,mean_intensity_degC,1.060448408126831
2003,3,NW,number_of_events,1.0
2003,3,NW,sum_area_km2,92.50297110836502
2003,4,NW,activity_degC_days_m2,0.0
2003,4,NW,mean_intensity_degC,
2003,5,NW,activity_degC_days_m2,0.0
2003,5,NW,mean_intensity_degC,
2003,6,NW,activity_degC_days_m2,0.0
2003,6,NW,mean_intensity_degC,
2003,7,NW,activity_degC_days_m2,0.0
2003,7,NW,mean_intensity_degC,
2003,8,NW,activity_degC_days_m2,150482945528.37186
2003,8,NW,mean_area_km2,80.76779958456501
2003,8,NW,mean_duration_days,7.8
2003,8,NW,mean_intensity_degC,1.690842866897583
2003,8,NW,number_of_events,30.0
2003,8,NW,sum_area_km2,2423.0339875369505
2003,9,NW,activity_degC_days_m2,251283241632.87085
2003,9,NW,mean_area_km2,76.21556297661111
2003,9,NW,mean_duration_days,9.19047619047619
2003,9,NW,mean_intensity_degC,1.898603916168213
2003,9,NW,number_of_events,21.0
2003,9,NW,sum_area_km2,1600.5268225088334
2003,10,NW,activity_degC_days_m2,52154776544.82186
2003,10,NW,mean_intensity_degC,1.5273106098175049
2003,11,NW,activity_degC_days_m2,0.0
2003,11,NW,mean_intensity_degC,
2003,12,NW,activity_degC_days_m2,0.0
2003,12,NW,mean_intensity_degC,
2004,1,NW,activity_degC_days_m2,0.0
2004,1,NW,mean_intensity_degC,
2004,2,NW,activity_degC_days_m2,0.0
2004,2,NW,mean_intensity_degC,
2004,3,NW,activity_degC_days_m2,0.0
2004,3,NW,mean_intensity_degC,
2004,4,NW,activity_degC_days_m2,0.0
2004,4,NW,mean_intensity_degC,
2004,5,NW,activity_degC_days_m2,0.0
2004,5,NW,mean_intensity_degC,
2004,6,NW,activity_degC_days_m2,417011885267.731
2004,6,NW,mean_area_km2,79.29458558659297
2004,6,NW,mean_duration_days,11.727272727272727
2004,6,NW,mean_intensity_degC,1.8970837593078613
2004,6,NW,number_of_events,33.0
2004,6,NW,sum_area_km2,2616.7213243575684
2004,7,NW,activity_degC_days_m2,17189495753.5992
2004,7,NW,mean_area_km2,82.45257610097515
2004,7,NW,mean_duration_days,28.0
2004,7,NW,mean_intensity_degC,1.2162357568740845
2004,7,NW,number_of_events,1.0
2004,7,NW,sum_area_km2,82.45257610097515
2004,8,NW,activity_degC_days_m2,986401372690.5383
2004,8,NW,mean_area_km2,77.29507440345618
2004,8,NW,mean_duration_days,24.285714285714285
2004,8,NW,mean_intensity_degC,2.276827573776245
2004,8,NW,number_of_events,28.0
2004,8,NW,sum_area_km2,2164.2620832967727
2004,9,NW,activity_degC_days_m2,0.0
2004,9,NW,mean_intensity_degC,
2004,10,NW,activity_degC_days_m2,0.0
2004,10,NW,mean_intensity_degC,
2004,11,NW,activity_degC_days_m2,0.0
2004,11,NW,mean_intensity_degC,
2004,12,NW,activity_degC_days_m2,0.0
2004,12,NW,mean_intensity_degC,
2005,1,NW,activity_degC_days_m2,0.0
2005,1,NW,mean_intensity_degC,
2005,2,NW,activity_degC_days_m2,0.0
2005,2,NW,mean_intensity_degC,
2005,3,NW,activity_degC_days_m2,0.0
2005,3,NW,mean_intensity_degC,
2005,4,NW,activity_degC_days_m2,0.0
2005,4,NW,mean_intensity_degC,
2005,5,NW,activity_degC_days_m2,4635993498.529638
2005,5,NW,mean_area_km2,75.74435779066894
2005,5,NW,mean_duration_days,5.0
2005,5,NW,mean_intensity_degC,1.569156289100647
2005,5,NW,number_of_events,1.0
2005,5,NW,sum_area_km2,75.74435779066894
2005,6,NW,activity_degC_days_m2,33705309917.34694
2005,6,NW,mean_area_km2,83.19436743217894
2005,6,NW,mean_duration_days,6.111111111111111
2005,6,NW,mean_intensity_degC,1.5611821413040161
2005,6,NW,number_of_events,9.0
2005,6,NW,sum_area_km2,748.7493068896105
2005,7,NW,activity_degC_days_m2,116308464683.17592
2005,7,NW,mean_area_km2,75.90757140952915
2005,7,NW,mean_duration_days,5.85
2005,7,NW,mean_intensity_degC,1.383736491203308
2005,7,NW,number_of_events,20.0
2005,7,NW,sum_area_km2,1518.151428190583
2005,8,NW,activity_degC_days_m2,46700193130.18576
2005,8,NW,mean_area_km2,64.23109062777336
2005,8,NW,mean_duration_days,5.857142857142857
2005,8,NW,mean_intensity_degC,1.8372230529785156
2005,8,NW,number_of_events,7.0
2005,8,NW,sum_area_km2,449.6176343944135
2005,9,NW,activity_degC_days_m2,0.0
2005,9,NW,mean_intensity_degC,
2005,10,NW,activity_degC_days_m2,0.0
2005,10,NW,mean_intensity_degC,
2005,11,NW,activity_degC_days_m2,0.0
2005,11,NW,mean_intensity_degC,
2005,12,NW,activity_degC_days_m2,0.0
2005,12,NW,mean_intensity_degC,
2006,1,NW,activity_degC_days_m2,0.0
2006,1,NW,mean_intensity_degC,
2006,2,NW,activity_degC_days_m2,0.0
2006,2,NW,mean_intensity_degC,
2006,3,NW,activity_degC_days_m2,0.0
2006,3,NW,mean_intensity_degC,
2006,4,NW,activity_degC_days_m2,0.0
2006,4,NW,mean_intensity_degC,
2006,5,NW,activity_degC_days_m2,222863353920.8836
2006,5,NW,mean_area_km2,73.570250630203
2006,5,NW,mean_duration_days,24.352941176470587
2006,5,NW,mean_intensity_degC,1.6358916759490967
2006,5,NW,number_of_events,17.0
2006,5,NW,sum_area_km2,1250.694260713451
2006,6,NW,activity_degC_days_m2,681373709019.452
2006,6,NW,mean_area_km2,80.150024652036
2006,6,NW,mean_duration_days,15.421052631578947
2006,6,NW,mean_intensity_degC,2.2808117866516113
2006,6,NW,number_of_events,19.0
2006,6,NW,sum_area_km2,1522.8504683886838
2006,7,NW,activity_degC_days_m2,611713188563.357
2006,7,NW,mean_area_km2,76.49473922325275
2006,7,NW,mean_duration_days,19.35483870967742
2006,7,NW,mean_intensity_degC,1.7993215322494507
2006,7,NW,number_of_events,31.0
2006,7,NW,sum_area_km2,2371.336915920835
2006,8,NW,activity_degC_days_m2,77626852195.77953
2006,8,NW,mean_intensity_degC,1.5736483335494995
2006,9,NW,activity_degC_days_m2,5906185178.073968
2006,9,NW,mean_area_km2,62.3111282615433
2006,9,NW,mean_duration_days,13.666666666666666
2006,9,NW,mean_intensity_degC,1.641998291015625
2006,9,NW,number_of_events,3.0
2006,9,NW,sum_area_km2,186.9333847846299
2006,10,NW,activity_degC_days_m2,689252665553.4259
2006,10,NW,mean_area_km2,77.04240999951874
2006,10,NW,mean_duration_days,49.80555555555556
2006,10,NW,mean_intensity_degC,1.721557378768921
2006,10,NW,number_of_events,36.0
2006,10,NW,sum_area_km2,2773.526759982675
2006,11,NW,activity_degC_days_m2,1132506133150.978
2006,11,NW,mean_area_km2,62.31112826154364
2006,11,NW,mean_duration_days,39.0
2006,11,NW,mean_intensity_degC,2.213012456893921
2006,11,NW,number_of_events,1.0
2006,11,NW,sum_area_km2,62.31112826154364
2006,12,NW,activity_degC_days_m2,393795676255.0356
2006,12,NW,mean_area_km2,79.61222001763068
2006,12,NW,mean_duration_days,8.23076923076923
2006,12,NW,mean_intensity_degC,1.3531967401504517
2006,12,NW,number_of_events,13.0
2006,12,NW,sum_area_km2,1034.958860229199
2007,1,NW,activity_degC_days_m2,234644878134.6902
2007,1,NW,mean_area_km2,84.0262922688688
2007,1,NW,mean_duration_days,16.764705882352942
2007,1,NW,mean_intensity_degC,1.198395848274231
2007,1,NW,number_of_events,17.0
2007,1,NW,sum_area_km2,1428.4469685707695
2007,2,NW,activity_degC_days_m2,15478699307.358644
2007,2,NW,mean_area_km2,90.82787870672999
2007,2,NW,mean_duration_days,5.75
2007,2,NW,mean_intensity_degC,1.1487313508987427
2007,2,NW,number_of_events,4.0
2007,2,NW,sum_area_km2,363.31151482691996
2007,3,NW,activity_degC_days_m2,74688768242.04929
2007,3,NW,mean_area_km2,81.38754292892762
2007,3,NW,mean_duration_days,7.157894736842105
2007,3,NW,mean_intensity_degC,0.9382107853889465
2007,3,NW,number_of_events,19.0
2007,3,NW,sum_area_km2,1546.3633156496248
2007,4,NW,activity_degC_days_m2,0.0
2007,4,NW,mean_intensity_degC,
2007,5,NW,activity_degC_days_m2,0.0
2007,5,NW,mean_intensity_degC,
2007,6,NW,activity_degC_days_m2,0.0
2007,6,NW,mean_intensity_degC,
2007,7,NW,activity_degC_days_m2,4993334122.772051
2007,7,NW,mean_area_km2,79.08039694970473
2007,7,NW,mean_duration_days,6.5
2007,7,NW,mean_intensity_degC,1.41904616355896
2007,7,NW,number_of_events,4.0
2007,7,NW,sum_area_km2,316.32158779881894
2007,8,NW,activity_degC_days_m2,30598679834.376945
2007,8,NW,mean_area_km2,77.40704968495454
2007,8,NW,mean_duration_days,5.0
2007,8,NW,mean_intensity_degC,1.7378625869750977
2007,8,NW,number_of_events,2.0
2007,8,NW,sum_area_km2,154.8140993699091
2007,9,NW,activity_degC_days_m2,0.0
2007,9,NW,mean_intensity_degC,
2007,10,NW,activity_degC_days_m2,0.0
2007,10,NW,mean_intensity_degC,
2007,11,NW,activity_degC_days_m2,0.0
2007,11,NW,mean_intensity_degC,
2007,12,NW,activity_degC_days_m2,0.0
2007,12,NW,mean_intensity_degC,
2008,1,NW,activity_degC_days_m2,4969044897.616506
2008,1,NW,mean_area_km2,77.42178884142646
2008,1,NW,mean_duration_days,5.0
2008,1,NW,mean_intensity_degC,0.8424566388130188
2008,1,NW,number_of_events,2.0
2008,1,NW,sum_area_km2,154.84357768285292
2008,2,NW,activity_degC_days_m2,217894577261.72052
2008,2,NW,mean_area_km2,78.03990531268973
2008,2,NW,mean_duration_days,9.490196078431373
2008,2,NW,mean_intensity_degC,1.0771692991256714
2008,2,NW,number_of_events,51.0
2008,2,NW,sum_area_km2,3980.0351709471756
2008,3,NW,activity_degC_days_m2,104787972139.03026
2008,3,NW,mean_intensity_degC,1.0822477340698242
2008,4,NW,activity_degC_days_m2,2224084090.736504
2008,4,NW,mean_area_km2,70.14959883338823
2008,4,NW,mean_duration_days,5.0
2008,4,NW,mean_intensity_degC,1.247004508972168
2008,4,NW,number_of_events,3.0
2008,4,NW,sum_area_km2,210.44879650016466
2008,5,NW,activity_degC_days_m2,11333785133.066084
2008,5,NW,mean_intensity_degC,1.5886496305465698
2008,6,NW,activity_degC_days_m2,0.0
2008,6,NW,mean_intensity_degC,
2008,7,NW,activity_degC_days_m2,29485253563.013454
2008,7,NW,mean_area_km2,83.70475500345249
2008,7,NW,mean_duration_days,6.375
2008,7,NW,mean_intensity_degC,1.646464467048645
2008,7,NW,number_of_events,8.0
2008,7,NW,sum_area_km2,669.6380400276199
2008,8,NW,activity_degC_days_m2,23417638310.774593
2008,8,NW,mean_intensity_degC,1.7391939163208008
2008,9,NW,activity_degC_days_m2,13837254340.350037
2008,9,NW,mean_area_km2,94.17631837311593
2008,9,NW,mean_duration_days,7.5
2008,9,NW,mean_intensity_degC,1.5889990329742432
2008,9,NW,number_of_events,2.0
2008,9,NW,sum_area_km2,188.35263674623187
2008,10,NW,activity_degC_days_m2,0.0
2008,10,NW,mean_intensity_degC,
2008,11,NW,activity_degC_days_m2,0.0
2008,11,NW,mean_intensity_degC,
2008,12,NW,activity_degC_days_m2,0.0
2008,12,NW,mean_intensity_degC,
2009,1,NW,activity_degC_days_m2,0.0
2009,1,NW,mean_intensity_degC,
2009,2,NW,activity_degC_days_m2,0.0
2009,2,NW,mean_intensity_degC,
2009,3,NW,activity_degC_days_m2,0.0
2009,3,NW,mean_intensity_degC,
2009,4,NW,activity_degC_days_m2,0.0
2009,4,NW,mean_intensity_degC,
2009,5,NW,activity_degC_days_m2,0.0
2009,5,NW,mean_intensity_degC,
2009,6,NW,activity_degC_days_m2,290604365661.0105
2009,6,NW,mean_area_km2,77.47291928957752
2009,6,NW,mean_duration_days,18.482758620689655
2009,6,NW,mean_intensity_degC,1.9462594985961914
2009,6,NW,number_of_events,29.0
2009,6,NW,sum_area_km2,2246.714659397748
2009,7,NW,activity_degC_days_m2,383546925147.31775
2009,7,NW,mean_area_km2,62.311128261543374
2009,7,NW,mean_duration_days,5.0
2009,7,NW,mean_intensity_degC,1.7858234643936157
2009,7,NW,number_of_events,2.0
2009,7,NW,sum_area_km2,124.62225652308675
2009,8,NW,activity_degC_days_m2,0.0
2009,8,NW,mean_intensity_degC,
2009,9,NW,activity_degC_days_m2,0.0
2009,9,NW,mean_intensity_degC,
2009,10,NW,activity_degC_days_m2,362876041758.9356
2009,10,NW,mean_area_km2,77.94714924093937
2009,10,NW,mean_duration_days,10.272727272727273
2009,10,NW,mean_intensity_degC,1.5686928033828735
2009,10,NW,number_of_events,44.0
2009,10,NW,sum_area_km2,3429.674566601332
2009,11,NW,activity_degC_days_m2,99237745482.00082
2009,11,NW,mean_area_km2,79.09871792794273
2009,11,NW,mean_duration_days,5.0
2009,11,NW,mean_intensity_degC,1.5981457233428955
2009,11,NW,number_of_events,3.0
2009,11,NW,sum_area_km2,237.29615378382817
2009,12,NW,activity_degC_days_m2,1294233088.734448
2009,12,NW,mean_area_km2,95.84966563786587
2009,12,NW,mean_duration_days,5.0
2009,12,NW,mean_intensity_degC,1.120255470275879
2009,12,NW,number_of_events,1.0
2009,12,NW,sum_area_km2,95.84966563786587
2010,1,NW,activity_degC_days_m2,2175480975.9850035
2010,1,NW,mean_intensity_degC,1.2553609609603882
2010,2,NW,activity_degC_days_m2,0.0
2010,2,NW,mean_intensity_degC,
2010,3,NW,activity_degC_days_m2,0.0
2010,3,NW,mean_intensity_degC,
2010,4,NW,activity_degC_days_m2,439525881372.2913
2010,4,NW,mean_area_km2,76.96752625530974
2010,4,NW,mean_duration_days,12.566666666666666
2010,4,NW,mean_intensity_degC,2.027658700942993
2010,4,NW,number_of_events,30.0
2010,4,NW,sum_area_km2,2309.025787659292
2010,5,NW,activity_degC_days_m2,75542209132.35593
2010,5,NW,mean_area_km2,93.17195779948584
2010,5,NW,mean_duration_days,6.8
2010,5,NW,mean_intensity_degC,1.62468683719635
2010,5,NW,number_of_events,5.0
2010,5,NW,sum_area_km2,465.8597889974292
2010,6,NW,activity_degC_days_m2,61265543538.18545
2010,6,NW,mean_area_km2,76.4150418064251
2010,6,NW,mean_duration_days,6.2
2010,6,NW,mean_intensity_degC,2.009430170059204
2010,6,NW,number_of_events,5.0
2010,6,NW,sum_area_km2,382.0752090321255
2010,7,NW,activity_degC_days_m2,0.0
2010,7,NW,mean_intensity_degC,
2010,8,NW,activity_degC_days_m2,22376411462.511734
2010,8,NW,mean_area_km2,78.81788054498233
2010,8,NW,mean_duration_days,6.25
2010,8,NW,mean_intensity_degC,1.6264153718948364
2010,8,NW,number_of_events,12.0
2010,8,NW,sum_area_km2,945.814566539788
2010,9,NW,activity_degC_days_m2,80721679376.60997
2010,9,NW,mean_area_km2,82.4506139408855
2010,9,NW,mean_duration_days,6.75
2010,9,NW,mean_intensity_degC,1.9039037227630615
2010,9,NW,number_of_events,4.0
2010,9,NW,sum_area_km2,329.802455763542
2010,10,NW,activity_degC_days_m2,0.0
2010,10,NW,mean_intensity_degC,
2010,11,NW,activity_degC_days_m2,0.0
2010,11,NW,mean_intensity_degC,
2010,12,NW,activity_degC_days_m2,0.0
2010,12,NW,mean_intensity_degC,
2011,1,NW,activity_degC_days_m2,7896395798.5522995
2011,1,NW,mean_area_km2,69.02634766340844
2011,1,NW,mean_duration_days,7.777777777777778
2011,1,NW,mean_intensity_degC,0.8828909993171692
2011,1,NW,number_of_events,9.0
2011,1,NW,sum_area_km2,621.2371289706759
2011,2,NW,activity_degC_days_m2,69121330542.48656
2011,2,NW,mean_area_km2,76.48818414480677
2011,2,NW,mean_duration_days,6.555555555555555
2011,2,NW,mean_intensity_degC,1.0085692405700684
2011,2,NW,number_of_events,9.0
2011,2,NW,sum_area_km2,688.393657303261
2011,3,NW,activity_degC_days_m2,0.0
2011,3,NW,mean_intensity_degC,
2011,4,NW,activity_degC_days_m2,348697817116.4526
2011,4,NW,mean_area_km2,76.90182451246984
2011,4,NW,mean_duration_days,25.836734693877553
2011,4,NW,mean_intensity_degC,1.6152487993240356
2011,4,NW,number_of_events,49.0
2011,4,NW,sum_area_km2,3768.1894011110226
2011,5,NW,activity_degC_days_m2,1141885872480.454
2011,5,NW,mean_area_km2,95.84966563786587
2011,5,NW,mean_duration_days,8.0
2011,5,NW,mean_intensity_degC,2.2108254432678223
2011,5,NW,number_of_events,1.0
2011,5,NW,sum_area_km2,95.84966563786587
2011,6,NW,activity_degC_days_m2,74123211548.34206
2011,6,NW,mean_intensity_degC,1.6943988800048828
2011,7,NW,activity_degC_days_m2,0.0
2011,7,NW,mean_intensity_degC,
2011,8,NW,activity_degC_days_m2,0.0
2011,8,NW,mean_intensity_degC,
2011,9,NW,activity_degC_days_m2,996486941.9194877
2011,9,NW,mean_area_km2,62.31112826154316
2011,9,NW,mean_duration_days,7.0
2011,9,NW,mean_intensity_degC,1.6622200012207031
2011,9,NW,number_of_events,1.0
2011,9,NW,sum_area_km2,62.31112826154316
2011,10,NW,activity_degC_days_m2,60981243585.67443
2011,10,NW,mean_area_km2,68.72309073734925
2011,10,NW,mean_duration_days,5.545454545454546
2011,10,NW,mean_intensity_degC,1.52566659450531
2011,10,NW,number_of_events,11.0
2011,10,NW,sum_area_km2,755.9539981108418
2011,11,NW,activity_degC_days_m2,0.0
2011,11,NW,mean_intensity_degC,
2011,12,NW,activity_degC_days_m2,0.0
2011,12,NW,mean_intensity_degC,
2012,1,NW,activity_degC_days_m2,0.0
2012,1,NW,mean_intensity_degC,
2012,2,NW,activity_degC_days_m2,0.0
2012,2,NW,mean_intensity_degC,
2012,3,NW,activity_degC_days_m2,12875414130.176844
2012,3,NW,mean_area_km2,90.8253805690704
2012,3,NW,mean_duration_days,5.0
2012,3,NW,mean_intensity_degC,1.1088942289352417
2012,3,NW,number_of_events,4.0
2012,3,NW,sum_area_km2,363.3015222762816
2012,4,NW,activity_degC_days_m2,0.0
2012,4,NW,mean_intensity_degC,
2012,5,NW,activity_degC_days_m2,42102311894.825226
2012,5,NW,mean_area_km2,85.32118869110202
2012,5,NW,mean_duration_days,11.142857142857142
2012,5,NW,mean_intensity_degC,2.0027592182159424
2012,5,NW,number_of_events,14.0
2012,5,NW,sum_area_km2,1194.4966416754285
2012,6,NW,activity_degC_days_m2,173948911729.08044
2012,6,NW,mean_area_km2,76.22194841435312
2012,6,NW,mean_duration_days,8.428571428571429
2012,6,NW,mean_intensity_degC,1.5643515586853027
2012,6,NW,number_of_events,7.0
2012,6,NW,sum_area_km2,533.5536389004718
2012,7,NW,activity_degC_days_m2,0.0
2012,7,NW,mean_intensity_degC,
2012,8,NW,activity_degC_days_m2,479861043833.57166
2012,8,NW,mean_area_km2,77.47291928957752
2012,8,NW,mean_duration_days,14.96551724137931
2012,8,NW,mean_intensity_degC,1.8837331533432007
2012,8,NW,number_of_events,29.0
2012,8,NW,sum_area_km2,2246.714659397748
2012,9,NW,activity_degC_days_m2,105030892953.26479
2012,9,NW,mean_area_km2,69.63940799730099
2012,9,NW,mean_duration_days,7.0
2012,9,NW,mean_intensity_degC,1.6375099420547485
2012,9,NW,number_of_events,11.0
2012,9,NW,sum_area_km2,766.0334879703111
2012,10,NW,activity_degC_days_m2,34899400310.10522
2012,10,NW,mean_area_km2,62.983177602371526
2012,10,NW,mean_duration_days,8.0
2012,10,NW,mean_intensity_degC,1.3471665382385254
2012,10,NW,number_of_events,5.0
2012,10,NW,sum_area_km2,314.91588801185765
2012,11,NW,activity_degC_days_m2,0.0
2012,11,NW,mean_intensity_degC,
2012,12,NW,activity_degC_days_m2,0.0
2012,12,NW,mean_intensity_degC,
2013,1,NW,activity_degC_days_m2,0.0
2013,1,NW,mean_intensity_degC,
2013,2,NW,activity_degC_days_m2,0.0
2013,2,NW,mean_intensity_degC,
2013,3,NW,activity_degC_days_m2,0.0
2013,3,NW,mean_intensity_degC,
2013,4,NW,activity_degC_days_m2,0.0
2013,4,NW,mean_intensity_degC,
2013,5,NW,activity_degC_days_m2,0.0
2013,5,NW,mean_intensity_degC,
2013,6,NW,activity_degC_days_m2,0.0
2013,6,NW,mean_intensity_degC,
2013,7,NW,activity_degC_days_m2,207730848086.0153
2013,7,NW,mean_area_km2,83.09121667004865
2013,7,NW,mean_duration_days,14.76923076923077
2013,7,NW,mean_intensity_degC,1.787540078163147
2013,7,NW,number_of_events,26.0
2013,7,NW,sum_area_km2,2160.371633421265
2013,8,NW,activity_degC_days_m2,232281402056.27563
2013,8,NW,mean_area_km2,69.03037141687257
2013,8,NW,mean_duration_days,6.0
2013,8,NW,mean_intensity_degC,1.8981181383132935
2013,8,NW,number_of_events,1.0
2013,8,NW,sum_area_km2,69.03037141687257
2013,9,NW,activity_degC_days_m2,0.0
2013,9,NW,mean_intensity_degC,
2013,10,NW,activity_degC_days_m2,179115614624.65912
2013,10,NW,mean_area_km2,74.35867059176778
2013,10,NW,mean_duration_days,13.411764705882353
2013,10,NW,mean_intensity_degC,1.6216061115264893
2013,10,NW,number_of_events,17.0
2013,10,NW,sum_area_km2,1264.0974000600522
2013,11,NW,activity_degC_days_m2,68703972457.331245
2013,11,NW,mean_area_km2,79.09642718273022
2013,11,NW,mean_duration_days,6.666666666666667
2013,11,NW,mean_intensity_degC,1.5846930742263794
2013,11,NW,number_of_events,6.0
2013,11,NW,sum_area_km2,474.57856309638134
2013,12,NW,activity_degC_days_m2,0.0
2013,12,NW,mean_intensity_degC,
2014,1,NW,activity_degC_days_m2,0.0
2014,1,NW,mean_intensity_degC,
2014,2,NW,activity_degC_days_m2,0.0
2014,2,NW,mean_intensity_degC,
2014,3,NW,activity_degC_days_m2,0.0
2014,3,NW,mean_intensity_degC,
2014,4,NW,activity_degC_days_m2,44067709840.067474
2014,4,NW,mean_area_km2,91.54552386830262
2014,4,NW,mean_duration_days,5.428571428571429
2014,4,NW,mean_intensity_degC,1.9785542488098145
2014,4,NW,number_of_events,7.0
2014,4,NW,sum_area_km2,640.8186670781184
2014,5,NW,activity_degC_days_m2,43910267461.83665
2014,5,NW,mean_area_km2,75.74394578417348
2014,5,NW,mean_duration_days,7.142857142857143
2014,5,NW,mean_intensity_degC,1.423901081085205
2014,5,NW,number_of_events,7.0
2014,5,NW,sum_area_km2,530.2076204892143
2014,6,NW,activity_degC_days_m2,123984467628.42075
2014,6,NW,mean_area_km2,81.21088861331732
2014,6,NW,mean_duration_days,11.736842105263158
2014,6,NW,mean_intensity_degC,1.6825029850006104
2014,6,NW,number_of_events,19.0
2014,6,NW,sum_area_km2,1543.0068836530293
2014,7,NW,activity_degC_days_m2,83039645176.53712
2014,7,NW,mean_intensity_degC,1.4492353200912476
2014,8,NW,activity_degC_days_m2,129125831886.46567
2014,8,NW,mean_area_km2,82.62406930128935
2014,8,NW,mean_duration_days,6.315789473684211
2014,8,NW,mean_intensity_degC,2.0008695125579834
2014,8,NW,number_of_events,19.0
2014,8,NW,sum_area_km2,1569.8573167244977
2014,9,NW,activity_degC_days_m2,1242737486240.7852
2014,9,NW,mean_area_km2,77.47291928957752
2014,9,NW,mean_duration_days,56.48275862068966
2014,9,NW,mean_intensity_degC,2.531059741973877
2014,9,NW,number_of_events,29.0
2014,9,NW,sum_area_km2,2246.714659397748
2014,10,NW,activity_degC_days_m2,1173581933393.1152
2014,10,NW,mean_area_km2,67.76843992014123
2014,10,NW,mean_duration_days,17.75
2014,10,NW,mean_intensity_degC,2.340998649597168
2014,10,NW,number_of_events,8.0
2014,10,NW,sum_area_km2,542.1475193611299
2014,11,NW,activity_degC_days_m2,213689241215.98425
2014,11,NW,mean_area_km2,66.63054327923129
2014,11,NW,mean_duration_days,9.571428571428571
2014,11,NW,mean_intensity_degC,1.6252793073654175
2014,11,NW,number_of_events,7.0
2014,11,NW,sum_area_km2,466.41380295461903
2014,12,NW,activity_degC_days_m2,11347990745.651165
2014,12,NW,mean_intensity_degC,1.2259000539779663
2015,1,NW,activity_degC_days_m2,0.0
2015,1,NW,mean_intensity_degC,
2015,2,NW,activity_degC_days_m2,0.0
2015,2,NW,mean_intensity_degC,
2015,3,NW,activity_degC_days_m2,0.0
2015,3,NW,mean_intensity_degC,
2015,4,NW,activity_degC_days_m2,0.0
2015,4,NW,mean_intensity_degC,
2015,5,NW,activity_degC_days_m2,0.0
2015,5,NW,mean_intensity_degC,
2015,6,NW,activity_degC_days_m2,3226463143.4260087
2015,6,NW,mean_area_km2,90.82874330666573
2015,6,NW,mean_duration_days,5.5
2015,6,NW,mean_intensity_degC,1.8533716201782227
2015,6,NW,number_of_events,2.0
2015,6,NW,sum_area_km2,181.65748661333146
2015,7,NW,activity_degC_days_m2,70889928928.12988
2015,7,NW,mean_area_km2,71.47009029362283
2015,7,NW,mean_duration_days,6.636363636363637
2015,7,NW,mean_intensity_degC,1.4445674419403076
2015,7,NW,number_of_events,11.0
2015,7,NW,sum_area_km2,786.1709932298511
2015,8,NW,activity_degC_days_m2,9815464183.869272
2015,8,NW,mean_area_km2,62.3111282615434
2015,8,NW,mean_duration_days,5.5
2015,8,NW,mean_intensity_degC,1.7777925729751587
2015,8,NW,number_of_events,2.0
2015,8,NW,sum_area_km2,124.6222565230868
2015,9,NW,activity_degC_days_m2,1780694340.7533426
2015,9,NW,mean_intensity_degC,1.4851703643798828
2015,10,NW,activity_degC_days_m2,8106142877.041883
2015,10,NW,mean_area_km2,87.47943904034479
2015,10,NW,mean_duration_days,5.0
2015,10,NW,mean_intensity_degC,1.3899176120758057
2015,10,NW,number_of_events,2.0
2015,10,NW,sum_area_km2,174.95887808068957
2015,11,NW,activity_degC_days_m2,527481657523.41003
2015,11,NW,mean_area_km2,77.47291928957752
2015,11,NW,mean_duration_days,18.344827586206897
2015,11,NW,mean_intensity_degC,1.6351346969604492
2015,11,NW,number_of_events,29.0
2015,11,NW,sum_area_km2,2246.714659397748
2015,12,NW,activity_degC_days_m2,383939922357.59106
2015,12,NW,mean_area_km2,77.52712930966442
2015,12,NW,mean_duration_days,31.8
2015,12,NW,mean_intensity_degC,1.2916884422302246
2015,12,NW,number_of_events,30.0
2015,12,NW,sum_area_km2,2325.813879289932
2016,1,NW,activity_degC_days_m2,464646748141.1975
2016,1,NW,mean_area_km2,78.82432308926067
2016,1,NW,mean_duration_days,12.52
2016,1,NW,mean_intensity_degC,1.1516410112380981
2016,1,NW,number_of_events,25.0
2016,1,NW,sum_area_km2,1970.6080772315167
2016,2,NW,activity_degC_days_m2,191822312331.69
2016,2,NW,mean_area_km2,76.85546610858334
2016,2,NW,mean_duration_days,7.857142857142857
2016,2,NW,mean_intensity_degC,1.1354851722717285
2016,2,NW,number_of_events,21.0
2016,2,NW,sum_area_km2,1613.9647882802503
2016,3,NW,activity_degC_days_m2,0.0
2016,3,NW,mean_intensity_degC,
2016,4,NW,activity_degC_days_m2,0.0
2016,4,NW,mean_intensity_degC,
2016,5,NW,activity_degC_days_m2,0.0
2016,5,NW,mean_intensity_degC,
2016,6,NW,activity_degC_days_m2,314675609277.93964
2016,6,NW,mean_area_km2,77.47291928957752
2016,6,NW,mean_duration_days,8.551724137931034
2016,6,NW,mean_intensity_degC,2.060502529144287
2016,6,NW,number_of_events,29.0
2016,6,NW,sum_area_km2,2246.714659397748
2016,7,NW,activity_degC_days_m2,0.0
2016,7,NW,mean_intensity_degC,
2016,8,NW,activity_degC_days_m2,0.0
2016,8,NW,mean_intensity_degC,
2016,9,NW,activity_degC_days_m2,0.0
2016,9,NW,mean_intensity_degC,
2016,10,NW,activity_degC_days_m2,0.0
2016,10,NW,mean_intensity_degC,
2016,11,NW,activity_degC_days_m2,0.0
2016,11,NW,mean_intensity_degC,
2016,12,NW,activity_degC_days_m2,4211537000.3333383
2016,12,NW,mean_area_km2,95.84966563786587
2016,12,NW,mean_duration_days,6.0
2016,12,NW,mean_intensity_degC,1.2151333093643188
2016,12,NW,number_of_events,1.0
2016,12,NW,sum_area_km2,95.84966563786587
2017,1,NW,activity_degC_days_m2,0.0
2017,1,NW,mean_intensity_degC,
2017,2,NW,activity_degC_days_m2,0.0
2017,2,NW,mean_intensity_degC,
2017,3,NW,activity_degC_days_m2,5275372684.001795
2017,3,NW,mean_area_km2,95.84966563786614
2017,3,NW,mean_duration_days,5.0
2017,3,NW,mean_intensity_degC,0.9132458567619324
2017,3,NW,number_of_events,2.0
2017,3,NW,sum_area_km2,191.69933127573228
2017,4,NW,activity_degC_days_m2,110352637910.9924
2017,4,NW,mean_area_km2,78.61515469390562
2017,4,NW,mean_duration_days,7.5
2017,4,NW,mean_intensity_degC,1.7165260314941406
2017,4,NW,number_of_events,14.0
2017,4,NW,sum_area_km2,1100.6121657146787
2017,5,NW,activity_degC_days_m2,124512036004.69711
2017,5,NW,mean_area_km2,79.2943405224559
2017,5,NW,mean_duration_days,7.625
2017,5,NW,mean_intensity_degC,1.5500048398971558
2017,5,NW,number_of_events,16.0
2017,5,NW,sum_area_km2,1268.7094483592944
2017,6,NW,activity_degC_days_m2,45693425880.30996
2017,6,NW,mean_area_km2,63.43121049625686
2017,6,NW,mean_duration_days,7.0
2017,6,NW,mean_intensity_degC,1.655469298362732
2017,6,NW,number_of_events,6.0
2017,6,NW,sum_area_km2,380.5872629775412
2017,7,NW,activity_degC_days_m2,0.0
2017,7,NW,mean_intensity_degC,
2017,8,NW,activity_degC_days_m2,0.0
2017,8,NW,mean_intensity_degC,
2017,9,NW,activity_degC_days_m2,0.0
2017,9,NW,mean_intensity_degC,
2017,10,NW,activity_degC_days_m2,0.0
2017,10,NW,mean_intensity_degC,
2017,11,NW,activity_degC_days_m2,0.0
2017,11,NW,mean_intensity_degC,
2017,12,NW,activity_degC_days_m2,0.0
2017,12,NW,mean_intensity_degC,
2018,1,NW,activity_degC_days_m2,0.0
2018,1,NW,mean_intensity_degC,
2018,2,NW,activity_degC_days_m2,0.0
2018,2,NW,mean_intensity_degC,
2018,3,NW,activity_degC_days_m2,0.0
2018,3,NW,mean_intensity_degC,
2018,4,NW,activity_degC_days_m2,0.0
2018,4,NW,mean_intensity_degC,
2018,5,NW,activity_degC_days_m2,0.0
2018,5,NW,mean_intensity_degC,
2018,6,NW,activity_degC_days_m2,0.0
2018,6,NW,mean_intensity_degC,
2018,7,NW,activity_degC_days_m2,211294232416.24008
2018,7,NW,mean_area_km2,84.9068927258611
2018,7,NW,mean_duration_days,13.0
2018,7,NW,mean_intensity_degC,1.836227297782898
2018,7,NW,number_of_events,15.0
2018,7,NW,sum_area_km2,1273.6033908879165
2018,8,NW,activity_degC_days_m2,0.0
2018,8,NW,mean_intensity_degC,
2018,9,NW,activity_degC_days_m2,0.0
2018,9,NW,mean_intensity_degC,
2018,10,NW,activity_degC_days_m2,0.0
2018,10,NW,mean_intensity_degC,
2018,11,NW,activity_degC_days_m2,0.0
2018,11,NW,mean_intensity_degC,
2018,12,NW,activity_degC_days_m2,0.0
2018,12,NW,mean_intensity_degC,
2019,1,NW,activity_degC_days_m2,0.0
2019,1,NW,mean_intensity_degC,
2019,2,NW,activity_degC_days_m2,0.0
2019,2,NW,mean_intensity_degC,
2019,3,NW,activity_degC_days_m2,0.0
2019,3,NW,mean_intensity_degC,
2019,4,NW,activity_degC_days_m2,0.0
2019,4,NW,mean_intensity_degC,
2019,5,NW,activity_degC_days_m2,0.0
2019,5,NW,mean_intensity_degC,
2019,6,NW,activity_degC_days_m2,0.0
2019,6,NW,mean_intensity_degC,
2019,7,NW,activity_degC_days_m2,43758471925.275314
2019,7,NW,mean_area_km2,89.1519934457888
2019,7,NW,mean_duration_days,6.125
2019,7,NW,mean_intensity_degC,1.4557414054870605
2019,7,NW,number_of_events,8.0
2019,7,NW,sum_area_km2,713.2159475663104
2019,8,NW,activity_degC_days_m2,0.0
2019,8,NW,mean_intensity_degC,
2019,9,NW,activity_degC_days_m2,0.0
2019,9,NW,mean_intensity_degC,
2019,10,NW,activity_degC_days_m2,0.0
2019,10,NW,mean_intensity_degC,
2019,11,NW,activity_degC_days_m2,0.0
2019,11,NW,mean_intensity_degC,
2019,12,NW,activity_degC_days_m2,0.0
2019,12,NW,mean_intensity_degC,
2020,1,NW,activity_degC_days_m2,0.0
2020,1,NW,mean_intensity_degC,
2020,2,NW,activity_degC_days_m2,36949669958.81946
2020,2,NW,mean_area_km2,79.76147755207084
2020,2,NW,mean_duration_days,7.8
2020,2,NW,mean_intensity_degC,0.9266945719718933
2020,2,NW,number_of_events,10.0
2020,2,NW,sum_area_km2,797.6147755207085
2020,3,NW,activity_degC_days_m2,19163085007.148033
2020,3,NW,mean_area_km2,93.17195779948584
2020,3,NW,mean_duration_days,5.2
2020,3,NW,mean_intensity_degC,0.8962421417236328
2020,3,NW,number_of_events,5.0
2020,3,NW,sum_area_km2,465.8597889974292
2020,4,NW,activity_degC_days_m2,0.0
2020,4,NW,mean_intensity_degC,
2020,5,NW,activity_degC_days_m2,714354309809.3556
2020,5,NW,mean_area_km2,74.61894288568907
2020,5,NW,mean_duration_days,18.205128205128204
2020,5,NW,mean_intensity_degC,1.981640100479126
2020,5,NW,number_of_events,39.0
2020,5,NW,sum_area_km2,2910.1387725418735
2020,6,NW,activity_degC_days_m2,217916714933.09088
2020,6,NW,mean_intensity_degC,2.0374534130096436
2020,7,NW,activity_degC_days_m2,0.0
2020,7,NW,mean_intensity_degC,
2020,8,NW,activity_degC_days_m2,155235197019.89328
2020,8,NW,mean_area_km2,83.6313518939396
2020,8,NW,mean_duration_days,8.529411764705882
2020,8,NW,mean_intensity_degC,1.794847846031189
2020,8,NW,number_of_events,17.0
2020,8,NW,sum_area_km2,1421.7329821969731
2020,9,NW,activity_degC_days_m2,5254906051.377228
2020,9,NW,mean_area_km2,62.31112826154364
2020,9,NW,mean_duration_days,6.0
2020,9,NW,mean_intensity_degC,1.460934042930603
2020,9,NW,number_of_events,1.0
2020,9,NW,sum_area_km2,62.31112826154364
2020,10,NW,activity_degC_days_m2,0.0
2020,10,NW,mean_intensity_degC,
2020,11,NW,activity_degC_days_m2,0.0
2020,11,NW,mean_intensity_degC,
2020,12,NW,activity_degC_days_m2,11344903591.786907
2020,12,NW,mean_area_km2,87.47943904034453
2020,12,NW,mean_duration_days,8.0
2020,12,NW,mean_intensity_degC,1.2087452411651611
2020,12,NW,number_of_events,2.0
2020,12,NW,sum_area_km2,174.95887808068906
2021,1,NW,activity_degC_days_m2,0.0
2021,1,NW,mean_intensity_degC,
2021,2,NW,activity_degC_days_m2,0.0
2021,2,NW,mean_intensity_degC,
2021,3,NW,activity_degC_days_m2,0.0
2021,3,NW,mean_intensity_degC,
2021,4,NW,activity_degC_days_m2,498176315649.0181
2021,4,NW,mean_area_km2,78.71244043751909
2021,4,NW,mean_duration_days,11.545454545454545
2021,4,NW,mean_intensity_degC,1.6125982999801636
2021,4,NW,number_of_events,44.0
2021,4,NW,sum_area_km2,3463.3473792508403
2021,5,NW,activity_degC_days_m2,13525412784.685766
2021,5,NW,mean_area_km2,66.78887143791862
2021,5,NW,mean_duration_days,5.0
2021,5,NW,mean_intensity_degC,1.3875739574432373
2021,5,NW,number_of_events,3.0
2021,5,NW,sum_area_km2,200.36661431375583
2021,6,NW,activity_degC_days_m2,0.0
2021,6,NW,mean_intensity_degC,
2021,7,NW,activity_degC_days_m2,0.0
2021,7,NW,mean_intensity_degC,
2021,8,NW,activity_degC_days_m2,1721563486.7923715
2021,8,NW,mean_area_km2,89.15451550496665
2021,8,NW,mean_duration_days,20.0
2021,8,NW,mean_intensity_degC,1.4787311553955078
2021,8,NW,number_of_events,1.0
2021,8,NW,sum_area_km2,89.15451550496665
2021,9,NW,activity_degC_days_m2,544646748081.5283
2021,9,NW,mean_area_km2,77.0557194247422
2021,9,NW,mean_duration_days,15.107142857142858
2021,9,NW,mean_intensity_degC,2.0390937328338623
2021,9,NW,number_of_events,28.0
2021,9,NW,sum_area_km2,2157.560143892781
2021,10,NW,activity_degC_days_m2,0.0
2021,10,NW,mean_intensity_degC,
2021,11,NW,activity_degC_days_m2,0.0
2021,11,NW,mean_intensity_degC,
2021,12,NW,activity_degC_days_m2,0.0
2021,12,NW,mean_intensity_degC,
2022,1,NW,activity_degC_days_m2,0.0
2022,1,NW,mean_intensity_degC,
2022,2,NW,activity_degC_days_m2,0.0
2022,2,NW,mean_intensity_degC,
2022,3,NW,activity_degC_days_m2,0.0
2022,3,NW,mean_intensity_degC,
2022,4,NW,activity_degC_days_m2,0.0
2022,4,NW,mean_intensity_degC,
2022,5,NW,activity_degC_days_m2,0.0
2022,5,NW,mean_intensity_degC,
2022,6,NW,activity_degC_days_m2,322330910223.18695
2022,6,NW,mean_area_km2,76.92819638805972
2022,6,NW,mean_duration_days,10.580645161290322
2022,6,NW,mean_intensity_degC,1.5467699766159058
2022,6,NW,number_of_events,31.0
2022,6,NW,sum_area_km2,2384.7740880298516
2022,7,NW,activity_degC_days_m2,75967239033.9353
2022,7,NW,mean_area_km2,74.62233866923552
2022,7,NW,mean_duration_days,10.11111111111111
2022,7,NW,mean_intensity_degC,1.3274842500686646
2022,7,NW,number_of_events,9.0
2022,7,NW,sum_area_km2,671.6010480231196
2022,8,NW,activity_degC_days_m2,118156206026.90125
2022,8,NW,mean_area_km2,81.10700312718598
2022,8,NW,mean_duration_days,5.15
2022,8,NW,mean_intensity_degC,1.7812721729278564
2022,8,NW,number_of_events,20.0
2022,8,NW,sum_area_km2,1622.1400625437195
2022,9,NW,activity_degC_days_m2,537105346591.4037
2022,9,NW,mean_area_km2,77.20598214517206
2022,9,NW,mean_duration_days,12.1875
2022,9,NW,mean_intensity_degC,2.051969051361084
2022,9,NW,number_of_events,32.0
2022,9,NW,sum_area_km2,2470.591428645506
2022,10,NW,activity_degC_days_m2,23203604438.41573
2022,10,NW,mean_area_km2,76.58271281036417
2022,10,NW,mean_duration_days,92.25
2022,10,NW,mean_intensity_degC,1.2979944944381714
2022,10,NW,number_of_events,4.0
2022,10,NW,sum_area_km2,306.3308512414567
2022,11,NW,activity_degC_days_m2,427717025378.8908
2022,11,NW,mean_area_km2,79.82106284644988
2022,11,NW,mean_duration_days,31.434782608695652
2022,11,NW,mean_intensity_degC,1.4629744291305542
2022,11,NW,number_of_events,23.0
2022,11,NW,sum_area_km2,1835.8844454683474
2022,12,NW,activity_degC_days_m2,619124707605.3282
2022,12,NW,mean_area_km2,78.03188103478267
2022,12,NW,mean_duration_days,47.421052631578945
2022,12,NW,mean_intensity_degC,1.4474501609802246
2022,12,NW,number_of_events,19.0
2022,12,NW,sum_area_km2,1482.6057396608708
2023,1,NW,activity_degC_days_m2,680872992078.8492
2023,1,NW,mean_area_km2,72.72285720628788
2023,1,NW,mean_duration_days,7.0
2023,1,NW,mean_intensity_degC,1.4322574138641357
2023,1,NW,number_of_events,10.0
2023,1,NW,sum_area_km2,727.2285720628788
2023,2,NW,activity_degC_days_m2,63127863583.00022
2023,2,NW,mean_area_km2,73.82491299429843
2023,2,NW,mean_duration_days,5.857142857142857
2023,2,NW,mean_intensity_degC,0.927014946937561
2023,2,NW,number_of_events,7.0
2023,2,NW,sum_area_km2,516.774390960089
2023,3,NW,activity_degC_days_m2,302210218225.7533
2023,3,NW,mean_area_km2,77.41530057294725
2023,3,NW,mean_duration_days,39.8
2023,3,NW,mean_intensity_degC,1.1365405321121216
2023,3,NW,number_of_events,30.0
2023,3,NW,sum_area_km2,2322.4590171884174
2023,4,NW,activity_degC_days_m2,798725087078.9076
2023,4,NW,mean_area_km2,78.41939363415192
2023,4,NW,mean_duration_days,20.866666666666667
2023,4,NW,mean_intensity_degC,1.773796796798706
2023,4,NW,number_of_events,15.0
2023,4,NW,sum_area_km2,1176.2909045122788
2023,5,NW,activity_degC_days_m2,413963220377.6797
2023,5,NW,mean_area_km2,62.3111282615434
2023,5,NW,mean_duration_days,29.5
2023,5,NW,mean_intensity_degC,1.995010495185852
2023,5,NW,number_of_events,2.0
2023,5,NW,sum_area_km2,124.6222565230868
2023,6,NW,activity_degC_days_m2,523765831699.1595
2023,6,NW,mean_area_km2,78.59601492128375
2023,6,NW,mean_duration_days,16.185185185185187
2023,6,NW,mean_intensity_degC,1.7048414945602417
2023,6,NW,number_of_events,27.0
2023,6,NW,sum_area_km2,2122.0924028746613
2023,7,NW,activity_degC_days_m2,22599571486.4399
2023,7,NW,mean_area_km2,72.38568990270406
2023,7,NW,mean_duration_days,8.0
2023,7,NW,mean_intensity_degC,1.1822333335876465
2023,7,NW,number_of_events,4.0
2023,7,NW,sum_area_km2,289.54275961081623
2023,8,NW,activity_degC_days_m2,0.0
2023,8,NW,mean_intensity_degC,
2023,9,NW,activity_degC_days_m2,493771379654.2359
2023,9,NW,mean_area_km2,77.11996182953264
2023,9,NW,mean_duration_days,62.470588235294116
2023,9,NW,mean_intensity_degC,2.048414468765259
2023,9,NW,number_of_events,34.0
2023,9,NW,sum_area_km2,2622.0787022041095
2023,10,NW,activity_degC_days_m2,1426568675172.0544
2023,10,NW,mean_intensity_degC,2.693416118621826
2023,11,NW,activity_degC_days_m2,767418838707.7822
2023,11,NW,mean_area_km2,79.08502196643592
2023,11,NW,mean_duration_days,16.714285714285715
2023,11,NW,mean_intensity_degC,1.684674859046936
2023,11,NW,number_of_events,7.0
2023,11,NW,sum_area_km2,553.5951537650515
2023,12,NW,activity_degC_days_m2,272463600664.76297
2023,12,NW,mean_area_km2,77.41724667600387
2023,12,NW,mean_duration_days,15.5625
2023,12,NW,mean_intensity_degC,1.1440603733062744
2023,12,NW,number_of_events,16.0
2023,12,NW,sum_area_km2,1238.675946816062
2024,1,NW,activity_degC_days_m2,266517984359.20105
2024,1,NW,mean_area_km2,77.19228587425964
2024,1,NW,mean_duration_days,41.06666666666667
2024,1,NW,mean_intensity_degC,1.0553300380706787
2024,1,NW,number_of_events,30.0
2024,1,NW,sum_area_km2,2315.768576227789
2024,2,NW,activity_degC_days_m2,822602555074.3008
2024,2,NW,mean_area_km2,85.79701171426734
2024,2,NW,mean_duration_days,27.0
2024,2,NW,mean_intensity_degC,1.6674448251724243
2024,2,NW,number_of_events,2.0
2024,2,NW,sum_area_km2,171.59402342853468
2024,3,NW,activity_degC_days_m2,150898671499.47342
2024,3,NW,mean_area_km2,78.87340736973019
2024,3,NW,mean_duration_days,8.0
2024,3,NW,mean_intensity_degC,1.0138665437698364
2024,3,NW,number_of_events,15.0
2024,3,NW,sum_area_km2,1183.101110545953
2024,4,NW,activity_degC_days_m2,123962019493.02954
2024,4,NW,mean_area_km2,70.2874088792772
2024,4,NW,mean_duration_days,8.25
2024,4,NW,mean_intensity_degC,1.5422312021255493
2024,4,NW,number_of_events,16.0
2024,4,NW,sum_area_km2,1124.598542068435
2024,5,NW,activity_degC_days_m2,0.0
2024,5,NW,mean_intensity_degC,
2024,6,NW,activity_degC_days_m2,0.0
2024,6,NW,mean_intensity_degC,
2024,7,NW,activity_degC_days_m2,0.0
2024,7,NW,mean_intensity_degC,
2024,8,NW,activity_degC_days_m2,0.0
2024,8,NW,mean_intensity_degC,
2024,9,NW,activity_degC_days_m2,0.0
2024,9,NW,mean_intensity_degC,
2024,10,NW,activity_degC_days_m2,95267067873.54578
2024,10,NW,mean_area_km2,83.73373015733058
2024,10,NW,mean_duration_days,8.384615384615385
2024,10,NW,mean_intensity_degC,1.4650462865829468
2024,10,NW,number_of_events,13.0
2024,10,NW,sum_area_km2,1088.5384920452975
2024,11,NW,activity_degC_days_m2,153932845982.23938
2024,11,NW,mean_area_km2,76.45617112723163
2024,11,NW,mean_duration_days,24.107142857142858
2024,11,NW,mean_intensity_degC,1.3606449365615845
2024,11,NW,number_of_events,28.0
2024,11,NW,sum_area_km2,2140.7727915624855
2024,12,NW,activity_degC_days_m2,431421198095.0354
2024,12,NW,mean_area_km2,75.26105391106374
2024,12,NW,mean_duration_days,8.571428571428571
2024,12,NW,mean_intensity_degC,1.2629903554916382
2024,12,NW,number_of_events,7.0
2024,12,NW,sum_area_km2,526.8273773774462
2025,1,NW,activity_degC_days_m2,122285773194.72073
2025,1,NW,mean_area_km2,75.73737687203807
2025,1,NW,mean_duration_days,7.681818181818182
2025,1,NW,mean_intensity_degC,0.9395558834075928
2025,1,NW,number_of_events,22.0
2025,1,NW,sum_area_km2,1666.2222911848376
2025,2,NW,activity_degC_days_m2,45418747818.297005
2025,2,NW,mean_area_km2,83.64292189693427
2025,2,NW,mean_duration_days,9.5
2025,2,NW,mean_intensity_degC,0.9428019523620605
2025,2,NW,number_of_events,14.0
2025,2,NW,sum_area_km2,1171.0009065570798
2025,3,NW,activity_degC_days_m2,67496962190.56937
2025,3,NW,mean_area_km2,80.87020669132365
2025,3,NW,mean_duration_days,7.117647058823529
2025,3,NW,mean_intensity_degC,0.928317129611969
2025,3,NW,number_of_events,17.0
2025,3,NW,sum_area_km2,1374.793513752502
2025,4,NW,activity_degC_days_m2,223847594620.6668
2025,4,NW,mean_area_km2,76.90390368381549
2025,4,NW,mean_duration_days,6.565217391304348
2025,4,NW,mean_intensity_degC,1.6057010889053345
2025,4,NW,number_of_events,23.0
2025,4,NW,sum_area_km2,1768.7897847277561
2025,5,NW,activity_degC_days_m2,335863911566.74854
2025,5,NW,mean_area_km2,78.19709268796713
2025,5,NW,mean_duration_days,11.366666666666667
2025,5,NW,mean_intensity_degC,1.5585373640060425
2025,5,NW,number_of_events,30.0
2025,5,NW,sum_area_km2,2345.912780639014
2025,6,NW,activity_degC_days_m2,6214035072.919264
2025,6,NW,mean_area_km2,77.42178884142646
2025,6,NW,mean_duration_days,5.5
2025,6,NW,mean_intensity_degC,1.1965036392211914
2025,6,NW,number_of_events,2.0
2025,6,NW,sum_area_km2,154.84357768285292
2025,7,NW,activity_degC_days_m2,1172402367.6382315
2025,7,NW,mean_intensity_degC,0.9940052032470703
2025,8,NW,activity_degC_days_m2,0.0
2025,8,NW,mean_intensity_degC,
2025,9,NW,activity_degC_days_m2,0.0
2025,9,NW,mean_intensity_degC,
2025,10,NW,activity_degC_days_m2,0.0
2025,10,NW,mean_intensity_degC,
2025,11,NW,activity_degC_days_m2,3781851821.0903716
2025,11,NW,mean_area_km2,62.31112826154364
2025,11,NW,mean_duration_days,5.0
2025,11,NW,mean_intensity_degC,1.2616863250732422
2025,11,NW,number_of_events,1.0
2025,11,NW,sum_area_km2,62.31112826154364
2025,12,NW,activity_degC_days_m2,0.0
2025,12,NW,mean_intensity_degC,
1981,9,S,activity_degC_days_m2,0.0
1981,9,S,mean_intensity_degC,
1981,10,S,activity_degC_days_m2,0.0
1981,10,S,mean_intensity_degC,
1981,11,S,activity_degC_days_m2,998540252.8807513
1981,11,S,mean_area_km2,32.023208888210064
1981,11,S,mean_duration_days,5.0
1981,11,S,mean_intensity_degC,1.6153068542480469
1981,11,S,number_of_events,1.0
1981,11,S,sum_area_km2,32.023208888210064
1981,12,S,activity_degC_days_m2,3680840099.2641335
1981,12,S,mean_intensity_degC,1.4885945320129395
1982,1,S,activity_degC_days_m2,0.0
1982,1,S,mean_intensity_degC,
1982,2,S,activity_degC_days_m2,0.0
1982,2,S,mean_intensity_degC,
1982,3,S,activity_degC_days_m2,0.0
1982,3,S,mean_intensity_degC,
1982,4,S,activity_degC_days_m2,0.0
1982,4,S,mean_intensity_degC,
1982,5,S,activity_degC_days_m2,22506838518.33915
1982,5,S,mean_area_km2,33.70751777103843
1982,5,S,mean_duration_days,5.0
1982,5,S,mean_intensity_degC,1.810931921005249
1982,5,S,number_of_events,4.0
1982,5,S,sum_area_km2,134.83007108415373
1982,6,S,activity_degC_days_m2,0.0
1982,6,S,mean_intensity_degC,
1982,7,S,activity_degC_days_m2,0.0
1982,7,S,mean_intensity_degC,
1982,8,S,activity_degC_days_m2,0.0
1982,8,S,mean_intensity_degC,
1982,9,S,activity_degC_days_m2,45981551968.97427
1982,9,S,mean_area_km2,34.04437954760412
1982,9,S,mean_duration_days,7.6
1982,9,S,mean_intensity_degC,1.9339632987976074
1982,9,S,number_of_events,5.0
1982,9,S,sum_area_km2,170.2218977380206
1982,10,S,activity_degC_days_m2,0.0
1982,10,S,mean_intensity_degC,
1982,11,S,activity_degC_days_m2,0.0
1982,11,S,mean_intensity_degC,
1982,12,S,activity_degC_days_m2,0.0
1982,12,S,mean_intensity_degC,
1983,1,S,activity_degC_days_m2,0.0
1983,1,S,mean_intensity_degC,
1983,2,S,activity_degC_days_m2,0.0
1983,2,S,mean_intensity_degC,
1983,3,S,activity_degC_days_m2,18407201752.910477
1983,3,S,mean_area_km2,32.86536332962425
1983,3,S,mean_duration_days,6.5
1983,3,S,mean_intensity_degC,1.1203525066375732
1983,3,S,number_of_events,4.0
1983,3,S,sum_area_km2,131.461453318497
1983,4,S,activity_degC_days_m2,0.0
1983,4,S,mean_intensity_degC,
1983,5,S,activity_degC_days_m2,0.0
1983,5,S,mean_intensity_degC,
1983,6,S,activity_degC_days_m2,0.0
1983,6,S,mean_intensity_degC,
1983,7,S,activity_degC_days_m2,0.0
1983,7,S,mean_intensity_degC,
1983,8,S,activity_degC_days_m2,0.0
1983,8,S,mean_intensity_degC,
1983,9,S,activity_degC_days_m2,0.0
1983,9,S,mean_intensity_degC,
1983,10,S,activity_degC_days_m2,7123560724.650721
1983,10,S,mean_area_km2,35.39182665386684
1983,10,S,mean_duration_days,6.0
1983,10,S,mean_intensity_degC,1.926918387413025
1983,10,S,number_of_events,1.0
1983,10,S,sum_area_km2,35.39182665386684
1983,11,S,activity_degC_days_m2,34963681066.2394
1983,11,S,mean_area_km2,32.98567110696916
1983,11,S,mean_duration_days,7.571428571428571
1983,11,S,mean_intensity_degC,1.642931580543518
1983,11,S,number_of_events,7.0
1983,11,S,sum_area_km2,230.89969774878412
1983,12,S,activity_degC_days_m2,19528615262.742725
1983,12,S,mean_intensity_degC,1.624814510345459
1984,1,S,activity_degC_days_m2,0.0
1984,1,S,mean_intensity_degC,
1984,2,S,activity_degC_days_m2,0.0
1984,2,S,mean_intensity_degC,
1984,3,S,activity_degC_days_m2,0.0
1984,3,S,mean_intensity_degC,
1984,4,S,activity_degC_days_m2,0.0
1984,4,S,mean_intensity_degC,
1984,5,S,activity_degC_days_m2,0.0
1984,5,S,mean_intensity_degC,
1984,6,S,activity_degC_days_m2,0.0
1984,6,S,mean_intensity_degC,
1984,7,S,activity_degC_days_m2,0.0
1984,7,S,mean_intensity_degC,
1984,8,S,activity_degC_days_m2,0.0
1984,8,S,mean_intensity_degC,
1984,9,S,activity_degC_days_m2,0.0
1984,9,S,mean_intensity_degC,
1984,10,S,activity_degC_days_m2,0.0
1984,10,S,mean_intensity_degC,
1984,11,S,activity_degC_days_m2,0.0
1984,11,S,mean_intensity_degC,
1984,12,S,activity_degC_days_m2,0.0
1984,12,S,mean_intensity_degC,
1985,1,S,activity_degC_days_m2,0.0
1985,1,S,mean_intensity_degC,
1985,2,S,activity_degC_days_m2,0.0
1985,2,S,mean_intensity_degC,
1985,3,S,activity_degC_days_m2,0.0
1985,3,S,mean_intensity_degC,
1985,4,S,activity_degC_days_m2,0.0
1985,4,S,mean_intensity_degC,
1985,5,S,activity_degC_days_m2,0.0
1985,5,S,mean_intensity_degC,
1985,6,S,activity_degC_days_m2,0.0
1985,6,S,mean_intensity_degC,
1985,7,S,activity_degC_days_m2,0.0
1985,7,S,mean_intensity_degC,
1985,8,S,activity_degC_days_m2,0.0
1985,8,S,mean_intensity_degC,
1985,9,S,activity_degC_days_m2,5123421561.487721
1985,9,S,mean_area_km2,35.39182665386684
1985,9,S,mean_duration_days,6.0
1985,9,S,mean_intensity_degC,1.6630585193634033
1985,9,S,number_of_events,1.0
1985,9,S,sum_area_km2,35.39182665386684
1985,10,S,activity_degC_days_m2,5670653360.008413
1985,10,S,mean_area_km2,35.39182665386684
1985,10,S,mean_duration_days,5.0
1985,10,S,mean_intensity_degC,1.5339078903198242
1985,10,S,number_of_events,1.0
1985,10,S,sum_area_km2,35.39182665386684
1985,11,S,activity_degC_days_m2,0.0
1985,11,S,mean_intensity_degC,
1985,12,S,activity_degC_days_m2,0.0
1985,12,S,mean_intensity_degC,
1986,1,S,activity_degC_days_m2,0.0
1986,1,S,mean_intensity_degC,
1986,2,S,activity_degC_days_m2,0.0
1986,2,S,mean_intensity_degC,
1986,3,S,activity_degC_days_m2,0.0
1986,3,S,mean_intensity_degC,
1986,4,S,activity_degC_days_m2,0.0
1986,4,S,mean_intensity_degC,
1986,5,S,activity_degC_days_m2,0.0
1986,5,S,mean_intensity_degC,
1986,6,S,activity_degC_days_m2,0.0
1986,6,S,mean_intensity_degC,
1986,7,S,activity_degC_days_m2,0.0
1986,7,S,mean_intensity_degC,
1986,8,S,activity_degC_days_m2,0.0
1986,8,S,mean_intensity_degC,
1986,9,S,activity_degC_days_m2,0.0
1986,9,S,mean_intensity_degC,
1986,10,S,activity_degC_days_m2,0.0
1986,10,S,mean_intensity_degC,
1986,11,S,activity_degC_days_m2,0.0
1986,11,S,mean_intensity_degC,
1986,12,S,activity_degC_days_m2,0.0
1986,12,S,mean_intensity_degC,
1987,1,S,activity_degC_days_m2,0.0
1987,1,S,mean_intensity_degC,
1987,2,S,activity_degC_days_m2,0.0
1987,2,S,mean_intensity_degC,
1987,3,S,activity_degC_days_m2,32142496625.963795
1987,3,S,mean_area_km2,33.146081476762326
1987,3,S,mean_duration_days,6.833333333333333
1987,3,S,mean_intensity_degC,1.2004692554473877
1987,3,S,number_of_events,6.0
1987,3,S,sum_area_km2,198.87648886057394
1987,4,S,activity_degC_days_m2,0.0
1987,4,S,mean_intensity_degC,
1987,5,S,activity_degC_days_m2,0.0
1987,5,S,mean_intensity_degC,
1987,6,S,activity_degC_days_m2,0.0
1987,6,S,mean_intensity_degC,
1987,7,S,activity_degC_days_m2,9191629492.102331
1987,7,S,mean_area_km2,32.023208888210114
1987,7,S,mean_duration_days,5.5
1987,7,S,mean_intensity_degC,1.3305109739303589
1987,7,S,number_of_events,2.0
1987,7,S,sum_area_km2,64.04641777642023
1987,8,S,activity_degC_days_m2,10702799945.395113
1987,8,S,mean_area_km2,32.023208888210114
1987,8,S,mean_duration_days,5.0
1987,8,S,mean_intensity_degC,1.7313579320907593
1987,8,S,number_of_events,2.0
1987,8,S,sum_area_km2,64.04641777642023
1987,9,S,activity_degC_days_m2,104949741416.41568
1987,9,S,mean_area_km2,33.146081476762326
1987,9,S,mean_duration_days,14.333333333333334
1987,9,S,mean_intensity_degC,2.0332531929016113
1987,9,S,number_of_events,6.0
1987,9,S,sum_area_km2,198.87648886057394
1987,10,S,activity_degC_days_m2,3625439005.3011303
1987,10,S,mean_intensity_degC,1.4661893844604492
1987,11,S,activity_degC_days_m2,0.0
1987,11,S,mean_intensity_degC,
1987,12,S,activity_degC_days_m2,0.0
1987,12,S,mean_intensity_degC,
1988,1,S,activity_degC_days_m2,0.0
1988,1,S,mean_intensity_degC,
1988,2,S,activity_degC_days_m2,0.0
1988,2,S,mean_intensity_degC,
1988,3,S,activity_degC_days_m2,0.0
1988,3,S,mean_intensity_degC,
1988,4,S,activity_degC_days_m2,0.0
1988,4,S,mean_intensity_degC,
1988,5,S,activity_degC_days_m2,0.0
1988,5,S,mean_intensity_degC,
1988,6,S,activity_degC_days_m2,0.0
1988,6,S,mean_intensity_degC,
1988,7,S,activity_degC_days_m2,1078956802.049064
1988,7,S,mean_area_km2,35.39182665386666
1988,7,S,mean_duration_days,8.0
1988,7,S,mean_intensity_degC,1.7511425018310547
1988,7,S,number_of_events,1.0
1988,7,S,sum_area_km2,35.39182665386666
1988,8,S,activity_degC_days_m2,8468666777.838469
1988,8,S,mean_intensity_degC,1.9635159969329834
1988,9,S,activity_degC_days_m2,0.0
1988,9,S,mean_intensity_degC,
1988,10,S,activity_degC_days_m2,0.0
1988,10,S,mean_intensity_degC,
1988,11,S,activity_degC_days_m2,0.0
1988,11,S,mean_intensity_degC,
1988,12,S,activity_degC_days_m2,0.0
1988,12,S,mean_intensity_degC,
1989,1,S,activity_degC_days_m2,0.0
1989,1,S,mean_intensity_degC,
1989,2,S,activity_degC_days_m2,0.0
1989,2,S,mean_intensity_degC,
1989,3,S,activity_degC_days_m2,0.0
1989,3,S,mean_intensity_degC,
1989,4,S,activity_degC_days_m2,0.0
1989,4,S,mean_intensity_degC,
1989,5,S,activity_degC_days_m2,0.0
1989,5,S,mean_intensity_degC,
1989,6,S,activity_degC_days_m2,0.0
1989,6,S,mean_intensity_degC,
1989,7,S,activity_degC_days_m2,80001242280.46738
1989,7,S,mean_area_km2,33.146081476762326
1989,7,S,mean_duration_days,17.833333333333332
1989,7,S,mean_intensity_degC,2.209437131881714
1989,7,S,number_of_events,6.0
1989,7,S,sum_area_km2,198.87648886057394
1989,8,S,activity_degC_days_m2,82117500738.04662
1989,8,S,mean_area_km2,32.023208888210064
1989,8,S,mean_duration_days,5.0
1989,8,S,mean_intensity_degC,2.1062350273132324
1989,8,S,number_of_events,1.0
1989,8,S,sum_area_km2,32.023208888210064
1989,9,S,activity_degC_days_m2,0.0
1989,9,S,mean_intensity_degC,
1989,10,S,activity_degC_days_m2,62490176065.45884
1989,10,S,mean_area_km2,33.37065599447273
1989,10,S,mean_duration_days,11.8
1989,10,S,mean_intensity_degC,1.8233354091644287
1989,10,S,number_of_events,5.0
1989,10,S,sum_area_km2,166.85327997236365
1989,11,S,activity_degC_days_m2,4270705314.013714
1989,11,S,mean_intensity_degC,1.7328343391418457
1989,12,S,activity_degC_days_m2,0.0
1989,12,S,mean_intensity_degC,
1990,1,S,activity_degC_days_m2,0.0
1990,1,S,mean_intensity_degC,
1990,2,S,activity_degC_days_m2,0.0
1990,2,S,mean_intensity_degC,
1990,3,S,activity_degC_days_m2,4030091447.111765
1990,3,S,mean_area_km2,35.39182665386684
1990,3,S,mean_duration_days,6.0
1990,3,S,mean_intensity_degC,1.090137004852295
1990,3,S,number_of_events,1.0
1990,3,S,sum_area_km2,35.39182665386684
1990,4,S,activity_degC_days_m2,0.0
1990,4,S,mean_intensity_degC,
1990,5,S,activity_degC_days_m2,4460720256.1856785
1990,5,S,mean_area_km2,35.39182665386666
1990,5,S,mean_duration_days,6.0
1990,5,S,mean_intensity_degC,1.206621766090393
1990,5,S,number_of_events,1.0
1990,5,S,sum_area_km2,35.39182665386666
1990,6,S,activity_degC_days_m2,0.0
1990,6,S,mean_intensity_degC,
1990,7,S,activity_degC_days_m2,33613868293.385223
1990,7,S,mean_area_km2,32.02320888821012
1990,7,S,mean_duration_days,10.333333333333334
1990,7,S,mean_intensity_degC,1.7300721406936646
1990,7,S,number_of_events,3.0
1990,7,S,sum_area_km2,96.06962666463035
1990,8,S,activity_degC_days_m2,35114422238.936714
1990,8,S,mean_area_km2,33.70751777103844
1990,8,S,mean_duration_days,6.0
1990,8,S,mean_intensity_degC,2.1784069538116455
1990,8,S,number_of_events,4.0
1990,8,S,sum_area_km2,134.83007108415376
1990,9,S,activity_degC_days_m2,0.0
1990,9,S,mean_intensity_degC,
1990,10,S,activity_degC_days_m2,0.0
1990,10,S,mean_intensity_degC,
1990,11,S,activity_degC_days_m2,0.0
1990,11,S,mean_intensity_degC,
1990,12,S,activity_degC_days_m2,0.0
1990,12,S,mean_intensity_degC,
1991,1,S,activity_degC_days_m2,0.0
1991,1,S,mean_intensity_degC,
1991,2,S,activity_degC_days_m2,0.0
1991,2,S,mean_intensity_degC,
1991,3,S,activity_degC_days_m2,0.0
1991,3,S,mean_intensity_degC,
1991,4,S,activity_degC_days_m2,0.0
1991,4,S,mean_intensity_degC,
1991,5,S,activity_degC_days_m2,0.0
1991,5,S,mean_intensity_degC,
1991,6,S,activity_degC_days_m2,0.0
1991,6,S,mean_intensity_degC,
1991,7,S,activity_degC_days_m2,0.0
1991,7,S,mean_intensity_degC,
1991,8,S,activity_degC_days_m2,90917844284.40147
1991,8,S,mean_area_km2,32.584645182486206
1991,8,S,mean_duration_days,15.333333333333334
1991,8,S,mean_intensity_degC,2.226365566253662
1991,8,S,number_of_events,6.0
1991,8,S,sum_area_km2,195.50787109491725
1991,9,S,activity_degC_days_m2,55089148803.304214
1991,9,S,mean_area_km2,32.865363329624266
1991,9,S,mean_duration_days,6.5
1991,9,S,mean_intensity_degC,1.568298578262329
1991,9,S,number_of_events,4.0
1991,9,S,sum_area_km2,131.46145331849706
1991,10,S,activity_degC_days_m2,0.0
1991,10,S,mean_intensity_degC,
1991,11,S,activity_degC_days_m2,0.0
1991,11,S,mean_intensity_degC,
1991,12,S,activity_degC_days_m2,0.0
1991,12,S,mean_intensity_degC,
1992,1,S,activity_degC_days_m2,0.0
1992,1,S,mean_intensity_degC,
1992,2,S,activity_degC_days_m2,0.0
1992,2,S,mean_intensity_degC,
1992,3,S,activity_degC_days_m2,0.0
1992,3,S,mean_intensity_degC,
1992,4,S,activity_degC_days_m2,0.0
1992,4,S,mean_intensity_degC,
1992,5,S,activity_degC_days_m2,0.0
1992,5,S,mean_intensity_degC,
1992,6,S,activity_degC_days_m2,0.0
1992,6,S,mean_intensity_degC,
1992,7,S,activity_degC_days_m2,0.0
1992,7,S,mean_intensity_degC,
1992,8,S,activity_degC_days_m2,0.0
1992,8,S,mean_intensity_degC,
1992,9,S,activity_degC_days_m2,0.0
1992,9,S,mean_intensity_degC,
1992,10,S,activity_degC_days_m2,0.0
1992,10,S,mean_intensity_degC,
1992,11,S,activity_degC_days_m2,0.0
1992,11,S,mean_intensity_degC,
1992,12,S,activity_degC_days_m2,0.0
1992,12,S,mean_intensity_degC,
1993,1,S,activity_degC_days_m2,0.0
1993,1,S,mean_intensity_degC,
1993,2,S,activity_degC_days_m2,0.0
1993,2,S,mean_intensity_degC,
1993,3,S,activity_degC_days_m2,0.0
1993,3,S,mean_intensity_degC,
1993,4,S,activity_degC_days_m2,0.0
1993,4,S,mean_intensity_degC,
1993,5,S,activity_degC_days_m2,0.0
1993,5,S,mean_intensity_degC,
1993,6,S,activity_degC_days_m2,0.0
1993,6,S,mean_intensity_degC,
1993,7,S,activity_degC_days_m2,17298920241.863926
1993,7,S,mean_area_km2,33.14608147676231
1993,7,S,mean_duration_days,5.666666666666667
1993,7,S,mean_intensity_degC,1.8678640127182007
1993,7,S,number_of_events,3.0
1993,7,S,sum_area_km2,99.43824443028694
1993,8,S,activity_degC_days_m2,1742360747.7939634
1993,8,S,mean_intensity_degC,1.4117774963378906
1993,9,S,activity_degC_days_m2,0.0
1993,9,S,mean_intensity_degC,
1993,10,S,activity_degC_days_m2,0.0
1993,10,S,mean_intensity_degC,
1993,11,S,activity_degC_days_m2,0.0
1993,11,S,mean_intensity_degC,
1993,12,S,activity_degC_days_m2,0.0
1993,12,S,mean_intensity_degC,
1994,1,S,activity_degC_days_m2,0.0
1994,1,S,mean_intensity_degC,
1994,2,S,activity_degC_days_m2,0.0
1994,2,S,mean_intensity_degC,
1994,3,S,activity_degC_days_m2,0.0
1994,3,S,mean_intensity_degC,
1994,4,S,activity_degC_days_m2,0.0
1994,4,S,mean_intensity_degC,
1994,5,S,activity_degC_days_m2,0.0
1994,5,S,mean_intensity_degC,
1994,6,S,activity_degC_days_m2,0.0
1994,6,S,mean_intensity_degC,
1994,7,S,activity_degC_days_m2,0.0
1994,7,S,mean_intensity_degC,
1994,8,S,activity_degC_days_m2,0.0
1994,8,S,mean_intensity_degC,
1994,9,S,activity_degC_days_m2,0.0
1994,9,S,mean_intensity_degC,
1994,10,S,activity_degC_days_m2,0.0
1994,10,S,mean_intensity_degC,
1994,11,S,activity_degC_days_m2,0.0
1994,11,S,mean_intensity_degC,
1994,12,S,activity_degC_days_m2,10807191933.538095
1994,12,S,mean_area_km2,34.26895406531445
1994,12,S,mean_duration_days,5.666666666666667
1994,12,S,mean_intensity_degC,1.0828888416290283
1994,12,S,number_of_events,3.0
1994,12,S,sum_area_km2,102.80686219594337
1995,1,S,activity_degC_days_m2,0.0
1995,1,S,mean_intensity_degC,
1995,2,S,activity_degC_days_m2,25444844084.765316
1995,2,S,mean_area_km2,32.584645182486234
1995,2,S,mean_duration_days,6.5
1995,2,S,mean_intensity_degC,1.0374704599380493
1995,2,S,number_of_events,6.0
1995,2,S,sum_area_km2,195.50787109491742
1995,3,S,activity_degC_days_m2,0.0
1995,3,S,mean_intensity_degC,
1995,4,S,activity_degC_days_m2,29924546760.17875
1995,4,S,mean_area_km2,33.37065599447278
1995,4,S,mean_duration_days,7.8
1995,4,S,mean_intensity_degC,1.225888967514038
1995,4,S,number_of_events,5.0
1995,4,S,sum_area_km2,166.85327997236388
1995,5,S,activity_degC_days_m2,0.0
1995,5,S,mean_intensity_degC,
1995,6,S,activity_degC_days_m2,0.0
1995,6,S,mean_intensity_degC,
1995,7,S,activity_degC_days_m2,0.0
1995,7,S,mean_intensity_degC,
1995,8,S,activity_degC_days_m2,0.0
1995,8,S,mean_intensity_degC,
1995,9,S,activity_degC_days_m2,0.0
1995,9,S,mean_intensity_degC,
1995,10,S,activity_degC_days_m2,11553469039.436298
1995,10,S,mean_area_km2,33.70751777103836
1995,10,S,mean_duration_days,5.0
1995,10,S,mean_intensity_degC,1.8723955154418945
1995,10,S,number_of_events,2.0
1995,10,S,sum_area_km2,67.41503554207672
1995,11,S,activity_degC_days_m2,122491372073.15717
1995,11,S,mean_area_km2,33.466902216348686
1995,11,S,mean_duration_days,17.857142857142858
1995,11,S,mean_intensity_degC,1.5565991401672363
1995,11,S,number_of_events,7.0
1995,11,S,sum_area_km2,234.26831551444081
1995,12,S,activity_degC_days_m2,3098842890.278886
1995,12,S,mean_area_km2,35.39182665386684
1995,12,S,mean_duration_days,12.0
1995,12,S,mean_intensity_degC,1.257352352142334
1995,12,S,number_of_events,1.0
1995,12,S,sum_area_km2,35.39182665386684
1996,1,S,activity_degC_days_m2,38255962368.20663
1996,1,S,mean_area_km2,33.1460814767623
1996,1,S,mean_duration_days,8.0
1996,1,S,mean_intensity_degC,1.0983085632324219
1996,1,S,number_of_events,6.0
1996,1,S,sum_area_km2,198.87648886057377
1996,2,S,activity_degC_days_m2,0.0
1996,2,S,mean_intensity_degC,
1996,3,S,activity_degC_days_m2,0.0
1996,3,S,mean_intensity_degC,
1996,4,S,activity_degC_days_m2,0.0
1996,4,S,mean_intensity_degC,
1996,5,S,activity_degC_days_m2,0.0
1996,5,S,mean_intensity_degC,
1996,6,S,activity_degC_days_m2,38934788625.66623
1996,6,S,mean_area_km2,33.14608147676232
1996,6,S,mean_duration_days,6.777777777777778
1996,6,S,mean_intensity_degC,1.87419593334198
1996,6,S,number_of_events,9.0
1996,6,S,sum_area_km2,298.3147332908609
1996,7,S,activity_degC_days_m2,99259516205.48012
1996,7,S,mean_area_km2,33.146081476762326
1996,7,S,mean_duration_days,9.0
1996,7,S,mean_intensity_degC,1.8318490982055664
1996,7,S,number_of_events,6.0
1996,7,S,sum_area_km2,198.87648886057394
1996,8,S,activity_degC_days_m2,0.0
1996,8,S,mean_intensity_degC,
1996,9,S,activity_degC_days_m2,0.0
1996,9,S,mean_intensity_degC,
1996,10,S,activity_degC_days_m2,0.0
1996,10,S,mean_intensity_degC,
1996,11,S,activity_degC_days_m2,0.0
1996,11,S,mean_intensity_degC,
1996,12,S,activity_degC_days_m2,0.0
1996,12,S,mean_intensity_degC,
1997,1,S,activity_degC_days_m2,0.0
1997,1,S,mean_intensity_degC,
1997,2,S,activity_degC_days_m2,0.0
1997,2,S,mean_intensity_degC,
1997,3,S,activity_degC_days_m2,116190181677.13652
1997,3,S,mean_area_km2,32.86536332962427
1997,3,S,mean_duration_days,27.125
1997,3,S,mean_intensity_degC,1.204445719718933
1997,3,S,number_of_events,8.0
1997,3,S,sum_area_km2,262.9229066369942
1997,4,S,activity_degC_days_m2,89309617233.16788
1997,4,S,mean_area_km2,33.03379421790712
1997,4,S,mean_duration_days,6.9
1997,4,S,mean_intensity_degC,1.3398422002792358
1997,4,S,number_of_events,10.0
1997,4,S,sum_area_km2,330.3379421790712
1997,5,S,activity_degC_days_m2,24980059177.903152
1997,5,S,mean_intensity_degC,1.4671986103057861
1997,6,S,activity_degC_days_m2,5031088337.767868
1997,6,S,mean_area_km2,32.023208888210064
1997,6,S,mean_duration_days,6.0
1997,6,S,mean_intensity_degC,1.3564386367797852
1997,6,S,number_of_events,1.0
1997,6,S,sum_area_km2,32.023208888210064
1997,7,S,activity_degC_days_m2,1396210854.6503303
1997,7,S,mean_area_km2,32.023208888210114
1997,7,S,mean_duration_days,5.0
1997,7,S,mean_intensity_degC,1.129302978515625
1997,7,S,number_of_events,2.0
1997,7,S,sum_area_km2,64.04641777642023
1997,8,S,activity_degC_days_m2,6380482927.560298
1997,8,S,mean_intensity_degC,1.2901880741119385
1997,9,S,activity_degC_days_m2,95107047719.87071
1997,9,S,mean_area_km2,33.46690221634866
1997,9,S,mean_duration_days,12.285714285714286
1997,9,S,mean_intensity_degC,1.7593491077423096
1997,9,S,number_of_events,7.0
1997,9,S,sum_area_km2,234.26831551444062
1997,10,S,activity_degC_days_m2,43086051368.20216
1997,10,S,mean_area_km2,33.707517771038425
1997,10,S,mean_duration_days,6.666666666666667
1997,10,S,mean_intensity_degC,1.7451907396316528
1997,10,S,number_of_events,6.0
1997,10,S,sum_area_km2,202.24510662623058
1997,11,S,activity_degC_days_m2,2926133281.8587604
1997,11,S,mean_intensity_degC,1.5679240226745605
1997,12,S,activity_degC_days_m2,0.0
1997,12,S,mean_intensity_degC,
1998,1,S,activity_degC_days_m2,0.0
1998,1,S,mean_intensity_degC,
1998,2,S,activity_degC_days_m2,57521333905.598816
1998,2,S,mean_area_km2,33.146081476762326
1998,2,S,mean_duration_days,15.0
1998,2,S,mean_intensity_degC,1.206892728805542
1998,2,S,number_of_events,6.0
1998,2,S,sum_area_km2,198.87648886057394
1998,3,S,activity_degC_days_m2,76695962251.51111
1998,3,S,mean_area_km2,33.0337942179071
1998,3,S,mean_duration_days,13.9
1998,3,S,mean_intensity_degC,1.117317795753479
1998,3,S,number_of_events,10.0
1998,3,S,sum_area_km2,330.33794217907104
1998,4,S,activity_degC_days_m2,45077247568.76691
1998,4,S,mean_intensity_degC,1.5411897897720337
1998,5,S,activity_degC_days_m2,0.0
1998,5,S,mean_intensity_degC,
1998,6,S,activity_degC_days_m2,0.0
1998,6,S,mean_intensity_degC,
1998,7,S,activity_degC_days_m2,0.0
1998,7,S,mean_intensity_degC,
1998,8,S,activity_degC_days_m2,0.0
1998,8,S,mean_intensity_degC,
1998,9,S,activity_degC_days_m2,0.0
1998,9,S,mean_intensity_degC,
1998,10,S,activity_degC_days_m2,0.0
1998,10,S,mean_intensity_degC,
1998,11,S,activity_degC_days_m2,0.0
1998,11,S,mean_intensity_degC,
1998,12,S,activity_degC_days_m2,0.0
1998,12,S,mean_intensity_degC,
1999,1,S,activity_degC_days_m2,0.0
1999,1,S,mean_intensity_degC,
1999,2,S,activity_degC_days_m2,0.0
1999,2,S,mean_intensity_degC,
1999,3,S,activity_degC_days_m2,0.0
1999,3,S,mean_intensity_degC,
1999,4,S,activity_degC_days_m2,13716944910.953238
1999,4,S,mean_area_km2,33.146081476762376
1999,4,S,mean_duration_days,6.0
1999,4,S,mean_intensity_degC,1.2319815158843994
1999,4,S,number_of_events,3.0
1999,4,S,sum_area_km2,99.43824443028713
1999,5,S,activity_degC_days_m2,0.0
1999,5,S,mean_intensity_degC,
1999,6,S,activity_degC_days_m2,0.0
1999,6,S,mean_intensity_degC,
1999,7,S,activity_degC_days_m2,0.0
1999,7,S,mean_intensity_degC,
1999,8,S,activity_degC_days_m2,0.0
1999,8,S,mean_intensity_degC,
1999,9,S,activity_degC_days_m2,0.0
1999,9,S,mean_intensity_degC,
1999,10,S,activity_degC_days_m2,0.0
1999,10,S,mean_intensity_degC,
1999,11,S,activity_degC_days_m2,0.0
1999,11,S,mean_intensity_degC,
1999,12,S,activity_degC_days_m2,0.0
1999,12,S,mean_intensity_degC,
2000,1,S,activity_degC_days_m2,0.0
2000,1,S,mean_intensity_degC,
2000,2,S,activity_degC_days_m2,0.0
2000,2,S,mean_intensity_degC,
2000,3,S,activity_degC_days_m2,14635828186.460043
2000,3,S,mean_area_km2,33.70751777103843
2000,3,S,mean_duration_days,6.5
2000,3,S,mean_intensity_degC,0.8812055587768555
2000,3,S,number_of_events,4.0
2000,3,S,sum_area_km2,134.83007108415373
2000,4,S,activity_degC_days_m2,0.0
2000,4,S,mean_intensity_degC,
2000,5,S,activity_degC_days_m2,5479791568.752098
2000,5,S,mean_area_km2,32.02320888821012
2000,5,S,mean_duration_days,6.0
2000,5,S,mean_intensity_degC,1.4774141311645508
2000,5,S,number_of_events,1.0
2000,5,S,sum_area_km2,32.02320888821012
2000,6,S,activity_degC_days_m2,0.0
2000,6,S,mean_intensity_degC,
2000,7,S,activity_degC_days_m2,0.0
2000,7,S,mean_intensity_degC,
2000,8,S,activity_degC_days_m2,49018479704.71408
2000,8,S,mean_area_km2,32.86536332962425
2000,8,S,mean_duration_days,8.5
2000,8,S,mean_intensity_degC,2.332770824432373
2000,8,S,number_of_events,4.0
2000,8,S,sum_area_km2,131.461453318497
2000,9,S,activity_degC_days_m2,0.0
2000,9,S,mean_intensity_degC,
2000,10,S,activity_degC_days_m2,0.0
2000,10,S,mean_intensity_degC,
2000,11,S,activity_degC_days_m2,0.0
2000,11,S,mean_intensity_degC,
2000,12,S,activity_degC_days_m2,0.0
2000,12,S,mean_intensity_degC,
2001,1,S,activity_degC_days_m2,0.0
2001,1,S,mean_intensity_degC,
2001,2,S,activity_degC_days_m2,0.0
2001,2,S,mean_intensity_degC,
2001,3,S,activity_degC_days_m2,0.0
2001,3,S,mean_intensity_degC,
2001,4,S,activity_degC_days_m2,0.0
2001,4,S,mean_intensity_degC,
2001,5,S,activity_degC_days_m2,0.0
2001,5,S,mean_intensity_degC,
2001,6,S,activity_degC_days_m2,0.0
2001,6,S,mean_intensity_degC,
2001,7,S,activity_degC_days_m2,0.0
2001,7,S,mean_intensity_degC,
2001,8,S,activity_degC_days_m2,0.0
2001,8,S,mean_intensity_degC,
2001,9,S,activity_degC_days_m2,0.0
2001,9,S,mean_intensity_degC,
2001,10,S,activity_degC_days_m2,0.0
2001,10,S,mean_intensity_degC,
2001,11,S,activity_degC_days_m2,0.0
2001,11,S,mean_intensity_degC,
2001,12,S,activity_degC_days_m2,0.0
2001,12,S,mean_intensity_degC,
2002,1,S,activity_degC_days_m2,6566211021.50875
2002,1,S,mean_area_km2,35.39182665386675
2002,1,S,mean_duration_days,6.0
2002,1,S,mean_intensity_degC,0.8880777955055237
2002,1,S,number_of_events,2.0
2002,1,S,sum_area_km2,70.7836533077335
2002,2,S,activity_degC_days_m2,0.0
2002,2,S,mean_intensity_degC,
2002,3,S,activity_degC_days_m2,23265473809.71018
2002,3,S,mean_area_km2,33.146081476762326
2002,3,S,mean_duration_days,5.666666666666667
2002,3,S,mean_intensity_degC,1.0609824657440186
2002,3,S,number_of_events,6.0
2002,3,S,sum_area_km2,198.87648886057394
2002,4,S,activity_degC_days_m2,0.0
2002,4,S,mean_intensity_degC,
2002,5,S,activity_degC_days_m2,0.0
2002,5,S,mean_intensity_degC,
2002,6,S,activity_degC_days_m2,0.0
2002,6,S,mean_intensity_degC,
2002,7,S,activity_degC_days_m2,0.0
2002,7,S,mean_intensity_degC,
2002,8,S,activity_degC_days_m2,0.0
2002,8,S,mean_intensity_degC,
2002,9,S,activity_degC_days_m2,0.0
2002,9,S,mean_intensity_degC,
2002,10,S,activity_degC_days_m2,0.0
2002,10,S,mean_intensity_degC,
2002,11,S,activity_degC_days_m2,0.0
2002,11,S,mean_intensity_degC,
2002,12,S,activity_degC_days_m2,0.0
2002,12,S,mean_intensity_degC,
2003,1,S,activity_degC_days_m2,0.0
2003,1,S,mean_intensity_degC,
2003,2,S,activity_degC_days_m2,0.0
2003,2,S,mean_intensity_degC,
2003,3,S,activity_degC_days_m2,0.0
2003,3,S,mean_intensity_degC,
2003,4,S,activity_degC_days_m2,0.0
2003,4,S,mean_intensity_degC,
2003,5,S,activity_degC_days_m2,0.0
2003,5,S,mean_intensity_degC,
2003,6,S,activity_degC_days_m2,10249361319.882114
2003,6,S,mean_area_km2,33.70751777103839
2003,6,S,mean_duration_days,5.0
2003,6,S,mean_intensity_degC,1.635215401649475
2003,6,S,number_of_events,2.0
2003,6,S,sum_area_km2,67.41503554207678
2003,7,S,activity_degC_days_m2,0.0
2003,7,S,mean_intensity_degC,
2003,8,S,activity_degC_days_m2,45817102055.09422
2003,8,S,mean_area_km2,32.02320888821012
2003,8,S,mean_duration_days,7.75
2003,8,S,mean_intensity_degC,2.374602794647217
2003,8,S,number_of_events,4.0
2003,8,S,sum_area_km2,128.09283555284048
2003,9,S,activity_degC_days_m2,0.0
2003,9,S,mean_intensity_degC,
2003,10,S,activity_degC_days_m2,0.0
2003,10,S,mean_intensity_degC,
2003,11,S,activity_degC_days_m2,0.0
2003,11,S,mean_intensity_degC,
2003,12,S,activity_degC_days_m2,0.0
2003,12,S,mean_intensity_degC,
2004,1,S,activity_degC_days_m2,0.0
2004,1,S,mean_intensity_degC,
2004,2,S,activity_degC_days_m2,9009836568.333384
2004,2,S,mean_area_km2,33.14608147676234
2004,2,S,mean_duration_days,5.333333333333333
2004,2,S,mean_intensity_degC,0.8572930097579956
2004,2,S,number_of_events,3.0
2004,2,S,sum_area_km2,99.43824443028701
2004,3,S,activity_degC_days_m2,0.0
2004,3,S,mean_intensity_degC,
2004,4,S,activity_degC_days_m2,0.0
2004,4,S,mean_intensity_degC,
2004,5,S,activity_degC_days_m2,0.0
2004,5,S,mean_intensity_degC,
2004,6,S,activity_degC_days_m2,0.0
2004,6,S,mean_intensity_degC,
2004,7,S,activity_degC_days_m2,0.0
2004,7,S,mean_intensity_degC,
2004,8,S,activity_degC_days_m2,0.0
2004,8,S,mean_intensity_degC,
2004,9,S,activity_degC_days_m2,0.0
2004,9,S,mean_intensity_degC,
2004,10,S,activity_degC_days_m2,0.0
2004,10,S,mean_intensity_degC,
2004,11,S,activity_degC_days_m2,0.0
2004,11,S,mean_intensity_degC,
2004,12,S,activity_degC_days_m2,0.0
2004,12,S,mean_intensity_degC,
2005,1,S,activity_degC_days_m2,0.0
2005,1,S,mean_intensity_degC,
2005,2,S,activity_degC_days_m2,0.0
2005,2,S,mean_intensity_degC,
2005,3,S,activity_degC_days_m2,0.0
2005,3,S,mean_intensity_degC,
2005,4,S,activity_degC_days_m2,0.0
2005,4,S,mean_intensity_degC,
2005,5,S,activity_degC_days_m2,0.0
2005,5,S,mean_intensity_degC,
2005,6,S,activity_degC_days_m2,160984249593.48148
2005,6,S,mean_area_km2,33.466902216348686
2005,6,S,mean_duration_days,16.571428571428573
2005,6,S,mean_intensity_degC,2.142390489578247
2005,6,S,number_of_events,7.0
2005,6,S,sum_area_km2,234.26831551444081
2005,7,S,activity_degC_days_m2,10453636147.094984
2005,7,S,mean_area_km2,33.70751777103836
2005,7,S,mean_duration_days,5.0
2005,7,S,mean_intensity_degC,1.51316499710083
2005,7,S,number_of_events,2.0
2005,7,S,sum_area_km2,67.41503554207672
2005,8,S,activity_degC_days_m2,6034422700.680209
2005,8,S,mean_area_km2,32.023208888210064
2005,8,S,mean_duration_days,6.0
2005,8,S,mean_intensity_degC,1.6269489526748657
2005,8,S,number_of_events,1.0
2005,8,S,sum_area_km2,32.023208888210064
2005,9,S,activity_degC_days_m2,0.0
2005,9,S,mean_intensity_degC,
2005,10,S,activity_degC_days_m2,0.0
2005,10,S,mean_intensity_degC,
2005,11,S,activity_degC_days_m2,0.0
2005,11,S,mean_intensity_degC,
2005,12,S,activity_degC_days_m2,0.0
2005,12,S,mean_intensity_degC,
2006,1,S,activity_degC_days_m2,0.0
2006,1,S,mean_intensity_degC,
2006,2,S,activity_degC_days_m2,0.0
2006,2,S,mean_intensity_degC,
2006,3,S,activity_degC_days_m2,0.0
2006,3,S,mean_intensity_degC,
2006,4,S,activity_degC_days_m2,0.0
2006,4,S,mean_intensity_degC,
2006,5,S,activity_degC_days_m2,0.0
2006,5,S,mean_intensity_degC,
2006,6,S,activity_degC_days_m2,142363838809.257
2006,6,S,mean_area_km2,32.98567110696915
2006,6,S,mean_duration_days,14.857142857142858
2006,6,S,mean_intensity_degC,2.0985658168792725
2006,6,S,number_of_events,7.0
2006,6,S,sum_area_km2,230.89969774878406
2006,7,S,activity_degC_days_m2,142992958671.83356
2006,7,S,mean_area_km2,33.146081476762326
2006,7,S,mean_duration_days,19.666666666666668
2006,7,S,mean_intensity_degC,2.1808085441589355
2006,7,S,number_of_events,6.0
2006,7,S,sum_area_km2,198.87648886057394
2006,8,S,activity_degC_days_m2,25594537087.63474
2006,8,S,mean_area_km2,35.39182665386684
2006,8,S,mean_duration_days,8.0
2006,8,S,mean_intensity_degC,1.9575645923614502
2006,8,S,number_of_events,1.0
2006,8,S,sum_area_km2,35.39182665386684
2006,9,S,activity_degC_days_m2,106614580369.2533
2006,9,S,mean_area_km2,33.146081476762326
2006,9,S,mean_duration_days,12.0
2006,9,S,mean_intensity_degC,2.3433725833892822
2006,9,S,number_of_events,6.0
2006,9,S,sum_area_km2,198.87648886057394
2006,10,S,activity_degC_days_m2,0.0
2006,10,S,mean_intensity_degC,
2006,11,S,activity_degC_days_m2,129487607098.81009
2006,11,S,mean_area_km2,33.146081476762326
2006,11,S,mean_duration_days,20.5
2006,11,S,mean_intensity_degC,1.7138439416885376
2006,11,S,number_of_events,6.0
2006,11,S,sum_area_km2,198.87648886057394
2006,12,S,activity_degC_days_m2,19644411722.398533
2006,12,S,mean_area_km2,33.70751777103843
2006,12,S,mean_duration_days,5.5
2006,12,S,mean_intensity_degC,1.440603256225586
2006,12,S,number_of_events,4.0
2006,12,S,sum_area_km2,134.83007108415373
2007,1,S,activity_degC_days_m2,19072045949.599346
2007,1,S,mean_area_km2,32.69693244134146
2007,1,S,mean_duration_days,5.4
2007,1,S,mean_intensity_degC,1.058869481086731
2007,1,S,number_of_events,5.0
2007,1,S,sum_area_km2,163.4846622067073
2007,2,S,activity_degC_days_m2,0.0
2007,2,S,mean_intensity_degC,
2007,3,S,activity_degC_days_m2,0.0
2007,3,S,mean_intensity_degC,
2007,4,S,activity_degC_days_m2,0.0
2007,4,S,mean_intensity_degC,
2007,5,S,activity_degC_days_m2,0.0
2007,5,S,mean_intensity_degC,
2007,6,S,activity_degC_days_m2,0.0
2007,6,S,mean_intensity_degC,
2007,7,S,activity_degC_days_m2,0.0
2007,7,S,mean_intensity_degC,
2007,8,S,activity_degC_days_m2,0.0
2007,8,S,mean_intensity_degC,
2007,9,S,activity_degC_days_m2,0.0
2007,9,S,mean_intensity_degC,
2007,10,S,activity_degC_days_m2,37951139763.637405
2007,10,S,mean_area_km2,32.86536332962425
2007,10,S,mean_duration_days,7.5
2007,10,S,mean_intensity_degC,2.0178513526916504
2007,10,S,number_of_events,4.0
2007,10,S,sum_area_km2,131.461453318497
2007,11,S,activity_degC_days_m2,40465743030.20641
2007,11,S,mean_area_km2,33.1460814767623
2007,11,S,mean_duration_days,13.666666666666666
2007,11,S,mean_intensity_degC,1.594411015510559
2007,11,S,number_of_events,3.0
2007,11,S,sum_area_km2,99.43824443028689
2007,12,S,activity_degC_days_m2,11728938454.911055
2007,12,S,mean_area_km2,33.1460814767623
2007,12,S,mean_duration_days,7.333333333333333
2007,12,S,mean_intensity_degC,0.9755794405937195
2007,12,S,number_of_events,3.0
2007,12,S,sum_area_km2,99.43824443028689
2008,1,S,activity_degC_days_m2,22893311093.35957
2008,1,S,mean_area_km2,33.146081476762326
2008,1,S,mean_duration_days,9.0
2008,1,S,mean_intensity_degC,0.9292668700218201
2008,1,S,number_of_events,6.0
2008,1,S,sum_area_km2,198.87648886057394
2008,2,S,activity_degC_days_m2,74603069188.32172
2008,2,S,mean_area_km2,33.286440550331356
2008,2,S,mean_duration_days,19.25
2008,2,S,mean_intensity_degC,1.0553631782531738
2008,2,S,number_of_events,8.0
2008,2,S,sum_area_km2,266.29152440265085
2008,3,S,activity_degC_days_m2,46292036106.62826
2008,3,S,mean_intensity_degC,1.2553173303604126
2008,4,S,activity_degC_days_m2,0.0
2008,4,S,mean_intensity_degC,
2008,5,S,activity_degC_days_m2,0.0
2008,5,S,mean_intensity_degC,
2008,6,S,activity_degC_days_m2,7657336456.277546
2008,6,S,mean_area_km2,35.39182665386684
2008,6,S,mean_duration_days,6.0
2008,6,S,mean_intensity_degC,3.1069564819335938
2008,6,S,number_of_events,1.0
2008,6,S,sum_area_km2,35.39182665386684
2008,7,S,activity_degC_days_m2,3568493705.7429333
2008,7,S,mean_intensity_degC,2.8958253860473633
2008,8,S,activity_degC_days_m2,0.0
2008,8,S,mean_intensity_degC,
2008,9,S,activity_degC_days_m2,1786051233.911048
2008,9,S,mean_area_km2,32.02320888821012
2008,9,S,mean_duration_days,5.0
2008,9,S,mean_intensity_degC,1.4446191787719727
2008,9,S,number_of_events,1.0
2008,9,S,sum_area_km2,32.02320888821012
2008,10,S,activity_degC_days_m2,2763040394.032969
2008,10,S,mean_intensity_degC,1.4898942708969116
2008,11,S,activity_degC_days_m2,0.0
2008,11,S,mean_intensity_degC,
2008,12,S,activity_degC_days_m2,0.0
2008,12,S,mean_intensity_degC,
2009,1,S,activity_degC_days_m2,0.0
2009,1,S,mean_intensity_degC,
2009,2,S,activity_degC_days_m2,0.0
2009,2,S,mean_intensity_degC,
2009,3,S,activity_degC_days_m2,0.0
2009,3,S,mean_intensity_degC,
2009,4,S,activity_degC_days_m2,0.0
2009,4,S,mean_intensity_degC,
2009,5,S,activity_degC_days_m2,0.0
2009,5,S,mean_intensity_degC,
2009,6,S,activity_degC_days_m2,13289528883.658981
2009,6,S,mean_area_km2,33.1460814767623
2009,6,S,mean_duration_days,9.333333333333334
2009,6,S,mean_intensity_degC,1.5540683269500732
2009,6,S,number_of_events,3.0
2009,6,S,sum_area_km2,99.43824443028689
2009,7,S,activity_degC_days_m2,15708788283.607655
2009,7,S,mean_intensity_degC,1.4958277940750122
2009,8,S,activity_degC_days_m2,60526058489.68025
2009,8,S,mean_area_km2,32.86536332962431
2009,8,S,mean_duration_days,9.5
2009,8,S,mean_intensity_degC,2.5249392986297607
2009,8,S,number_of_events,4.0
2009,8,S,sum_area_km2,131.46145331849723
2009,9,S,activity_degC_days_m2,0.0
2009,9,S,mean_intensity_degC,
2009,10,S,activity_degC_days_m2,9290765933.680353
2009,10,S,mean_area_km2,32.023208888210114
2009,10,S,mean_duration_days,5.0
2009,10,S,mean_intensity_degC,1.8786721229553223
2009,10,S,number_of_events,2.0
2009,10,S,sum_area_km2,64.04641777642023
2009,11,S,activity_degC_days_m2,2360431835.349786
2009,11,S,mean_intensity_degC,1.9091978073120117
2009,12,S,activity_degC_days_m2,0.0
2009,12,S,mean_intensity_degC,
2010,1,S,activity_degC_days_m2,5280657172.145485
2010,1,S,mean_area_km2,35.39182665386684
2010,1,S,mean_duration_days,8.0
2010,1,S,mean_intensity_degC,1.0713106393814087
2010,1,S,number_of_events,1.0
2010,1,S,sum_area_km2,35.39182665386684
2010,2,S,activity_degC_days_m2,0.0
2010,2,S,mean_intensity_degC,
2010,3,S,activity_degC_days_m2,0.0
2010,3,S,mean_intensity_degC,
2010,4,S,activity_degC_days_m2,69895518310.22528
2010,4,S,mean_area_km2,33.146081476762326
2010,4,S,mean_duration_days,14.333333333333334
2010,4,S,mean_intensity_degC,1.708484172821045
2010,4,S,number_of_events,6.0
2010,4,S,sum_area_km2,198.87648886057394
2010,5,S,activity_degC_days_m2,26898840714.761295
2010,5,S,mean_area_km2,32.023208888210064
2010,5,S,mean_duration_days,5.0
2010,5,S,mean_intensity_degC,1.3583775758743286
2010,5,S,number_of_events,1.0
2010,5,S,sum_area_km2,32.023208888210064
2010,6,S,activity_degC_days_m2,1290400383.8489594
2010,6,S,mean_area_km2,35.39182665386684
2010,6,S,mean_duration_days,14.0
2010,6,S,mean_intensity_degC,2.0943145751953125
2010,6,S,number_of_events,1.0
2010,6,S,sum_area_km2,35.39182665386684
2010,7,S,activity_degC_days_m2,45653440692.78347
2010,7,S,mean_area_km2,33.146081476762355
2010,7,S,mean_duration_days,18.666666666666668
2010,7,S,mean_intensity_degC,2.476306438446045
2010,7,S,number_of_events,3.0
2010,7,S,sum_area_km2,99.43824443028707
2010,8,S,activity_degC_days_m2,152680291287.601
2010,8,S,mean_area_km2,33.466902216348664
2010,8,S,mean_duration_days,11.285714285714286
2010,8,S,mean_intensity_degC,2.4206604957580566
2010,8,S,number_of_events,7.0
2010,8,S,sum_area_km2,234.26831551444064
2010,9,S,activity_degC_days_m2,34898324766.87451
2010,9,S,mean_area_km2,35.39182665386684
2010,9,S,mean_duration_days,8.0
2010,9,S,mean_intensity_degC,2.2326667308807373
2010,9,S,number_of_events,1.0
2010,9,S,sum_area_km2,35.39182665386684
2010,10,S,activity_degC_days_m2,0.0
2010,10,S,mean_intensity_degC,
2010,11,S,activity_degC_days_m2,0.0
2010,11,S,mean_intensity_degC,
2010,12,S,activity_degC_days_m2,0.0
2010,12,S,mean_intensity_degC,
2011,1,S,activity_degC_days_m2,0.0
2011,1,S,mean_intensity_degC,
2011,2,S,activity_degC_days_m2,9047839400.996563
2011,2,S,mean_area_km2,35.39182665386675
2011,2,S,mean_duration_days,7.0
2011,2,S,mean_intensity_degC,1.0489004850387573
2011,2,S,number_of_events,2.0
2011,2,S,sum_area_km2,70.7836533077335
2011,3,S,activity_degC_days_m2,9190100921.321651
2011,3,S,mean_area_km2,32.696932441341424
2011,3,S,mean_duration_days,5.8
2011,3,S,mean_intensity_degC,1.048543930053711
2011,3,S,number_of_events,5.0
2011,3,S,sum_area_km2,163.48466220670713
2011,4,S,activity_degC_days_m2,128501395486.25648
2011,4,S,mean_area_km2,33.28644055033136
2011,4,S,mean_duration_days,44.375
2011,4,S,mean_intensity_degC,1.5261201858520508
2011,4,S,number_of_events,8.0
2011,4,S,sum_area_km2,266.2915244026509
2011,5,S,activity_degC_days_m2,256021000956.65402
2011,5,S,mean_area_km2,35.39182665386684
2011,5,S,mean_duration_days,18.0
2011,5,S,mean_intensity_degC,2.2602431774139404
2011,5,S,number_of_events,1.0
2011,5,S,sum_area_km2,35.39182665386684
2011,6,S,activity_degC_days_m2,130100331242.56516
2011,6,S,mean_area_km2,33.146081476762355
2011,6,S,mean_duration_days,11.333333333333334
2011,6,S,mean_intensity_degC,2.19093656539917
2011,6,S,number_of_events,3.0
2011,6,S,sum_area_km2,99.43824443028707
2011,7,S,activity_degC_days_m2,25272855462.22022
2011,7,S,mean_intensity_degC,2.16821026802063
2011,8,S,activity_degC_days_m2,0.0
2011,8,S,mean_intensity_degC,
2011,9,S,activity_degC_days_m2,15191717263.989862
2011,9,S,mean_area_km2,33.146081476762326
2011,9,S,mean_duration_days,20.833333333333332
2011,9,S,mean_intensity_degC,1.5266374349594116
2011,9,S,number_of_events,6.0
2011,9,S,sum_area_km2,198.87648886057394
2011,10,S,activity_degC_days_m2,163363888384.11166
2011,10,S,mean_area_km2,33.70751777103848
2011,10,S,mean_duration_days,11.0
2011,10,S,mean_intensity_degC,1.997514009475708
2011,10,S,number_of_events,2.0
2011,10,S,sum_area_km2,67.41503554207696
2011,11,S,activity_degC_days_m2,0.0
2011,11,S,mean_intensity_degC,
2011,12,S,activity_degC_days_m2,0.0
2011,12,S,mean_intensity_degC,
2012,1,S,activity_degC_days_m2,0.0
2012,1,S,mean_intensity_degC,
2012,2,S,activity_degC_days_m2,0.0
2012,2,S,mean_intensity_degC,
2012,3,S,activity_degC_days_m2,0.0
2012,3,S,mean_intensity_degC,
2012,4,S,activity_degC_days_m2,0.0
2012,4,S,mean_intensity_degC,
2012,5,S,activity_degC_days_m2,28870651392.5089
2012,5,S,mean_area_km2,32.69693244134146
2012,5,S,mean_duration_days,5.4
2012,5,S,mean_intensity_degC,1.7071218490600586
2012,5,S,number_of_events,5.0
2012,5,S,sum_area_km2,163.4846622067073
2012,6,S,activity_degC_days_m2,0.0
2012,6,S,mean_intensity_degC,
2012,7,S,activity_degC_days_m2,0.0
2012,7,S,mean_intensity_degC,
2012,8,S,activity_degC_days_m2,0.0
2012,8,S,mean_intensity_degC,
2012,9,S,activity_degC_days_m2,0.0
2012,9,S,mean_intensity_degC,
2012,10,S,activity_degC_days_m2,0.0
2012,10,S,mean_intensity_degC,
2012,11,S,activity_degC_days_m2,0.0
2012,11,S,mean_intensity_degC,
2012,12,S,activity_degC_days_m2,0.0
2012,12,S,mean_intensity_degC,
2013,1,S,activity_degC_days_m2,0.0
2013,1,S,mean_intensity_degC,
2013,2,S,activity_degC_days_m2,0.0
2013,2,S,mean_intensity_degC,
2013,3,S,activity_degC_days_m2,0.0
2013,3,S,mean_intensity_degC,
2013,4,S,activity_degC_days_m2,5380913096.92123
2013,4,S,mean_area_km2,35.39182665386684
2013,4,S,mean_duration_days,6.0
2013,4,S,mean_intensity_degC,1.4555333852767944
2013,4,S,number_of_events,1.0
2013,4,S,sum_area_km2,35.39182665386684
2013,5,S,activity_degC_days_m2,18818136415.28647
2013,5,S,mean_area_km2,33.146081476762355
2013,5,S,mean_duration_days,6.666666666666667
2013,5,S,mean_intensity_degC,1.4783645868301392
2013,5,S,number_of_events,3.0
2013,5,S,sum_area_km2,99.43824443028707
2013,6,S,activity_degC_days_m2,0.0
2013,6,S,mean_intensity_degC,
2013,7,S,activity_degC_days_m2,60469341458.289604
2013,7,S,mean_area_km2,32.696932441341424
2013,7,S,mean_duration_days,9.6
2013,7,S,mean_intensity_degC,1.9706573486328125
2013,7,S,number_of_events,5.0
2013,7,S,sum_area_km2,163.48466220670713
2013,8,S,activity_degC_days_m2,30948119121.49536
2013,8,S,mean_area_km2,33.28644055033136
2013,8,S,mean_duration_days,21.25
2013,8,S,mean_intensity_degC,2.1953980922698975
2013,8,S,number_of_events,8.0
2013,8,S,sum_area_km2,266.2915244026509
2013,9,S,activity_degC_days_m2,206694717997.95193
2013,9,S,mean_area_km2,32.02320888821012
2013,9,S,mean_duration_days,13.666666666666666
2013,9,S,mean_intensity_degC,2.1239418983459473
2013,9,S,number_of_events,3.0
2013,9,S,sum_area_km2,96.06962666463035
2013,10,S,activity_degC_days_m2,64844011899.46938
2013,10,S,mean_area_km2,32.8653633296243
2013,10,S,mean_duration_days,6.25
2013,10,S,mean_intensity_degC,1.7350841760635376
2013,10,S,number_of_events,4.0
2013,10,S,sum_area_km2,131.4614533184972
2013,11,S,activity_degC_days_m2,0.0
2013,11,S,mean_intensity_degC,
2013,12,S,activity_degC_days_m2,0.0
2013,12,S,mean_intensity_degC,
2014,1,S,activity_degC_days_m2,0.0
2014,1,S,mean_intensity_degC,
2014,2,S,activity_degC_days_m2,0.0
2014,2,S,mean_intensity_degC,
2014,3,S,activity_degC_days_m2,0.0
2014,3,S,mean_intensity_degC,
2014,4,S,activity_degC_days_m2,0.0
2014,4,S,mean_intensity_degC,
2014,5,S,activity_degC_days_m2,50175831946.789856
2014,5,S,mean_area_km2,33.146081476762326
2014,5,S,mean_duration_days,7.833333333333333
2014,5,S,mean_intensity_degC,1.7223337888717651
2014,5,S,number_of_events,6.0
2014,5,S,sum_area_km2,198.87648886057394
2014,6,S,activity_degC_days_m2,0.0
2014,6,S,mean_intensity_degC,
2014,7,S,activity_degC_days_m2,0.0
2014,7,S,mean_intensity_degC,
2014,8,S,activity_degC_days_m2,0.0
2014,8,S,mean_intensity_degC,
2014,9,S,activity_degC_days_m2,18449488716.72715
2014,9,S,mean_area_km2,33.707517771038454
2014,9,S,mean_duration_days,10.5
2014,9,S,mean_intensity_degC,1.75666081905365
2014,9,S,number_of_events,2.0
2014,9,S,sum_area_km2,67.41503554207691
2014,10,S,activity_degC_days_m2,21780466034.383125
2014,10,S,mean_area_km2,32.023208888210114
2014,10,S,mean_duration_days,10.0
2014,10,S,mean_intensity_degC,1.9479156732559204
2014,10,S,number_of_events,2.0
2014,10,S,sum_area_km2,64.04641777642023
2014,11,S,activity_degC_days_m2,17946834702.665665
2014,11,S,mean_area_km2,33.146081476762355
2014,11,S,mean_duration_days,25.666666666666668
2014,11,S,mean_intensity_degC,1.6312499046325684
2014,11,S,number_of_events,3.0
2014,11,S,sum_area_km2,99.43824443028707
2014,12,S,activity_degC_days_m2,56106527088.62059
2014,12,S,mean_intensity_degC,1.359925627708435
2015,1,S,activity_degC_days_m2,0.0
2015,1,S,mean_intensity_degC,
2015,2,S,activity_degC_days_m2,0.0
2015,2,S,mean_intensity_degC,
2015,3,S,activity_degC_days_m2,0.0
2015,3,S,mean_intensity_degC,
2015,4,S,activity_degC_days_m2,0.0
2015,4,S,mean_intensity_degC,
2015,5,S,activity_degC_days_m2,138241572138.22684
2015,5,S,mean_area_km2,33.146081476762326
2015,5,S,mean_duration_days,18.5
2015,5,S,mean_intensity_degC,1.760607123374939
2015,5,S,number_of_events,12.0
2015,5,S,sum_area_km2,397.75297772114794
2015,6,S,activity_degC_days_m2,157808169096.8047
2015,6,S,mean_area_km2,32.0232088882101
2015,6,S,mean_duration_days,8.666666666666666
2015,6,S,mean_intensity_degC,2.0424723625183105
2015,6,S,number_of_events,3.0
2015,6,S,sum_area_km2,96.06962666463029
2015,7,S,activity_degC_days_m2,0.0
2015,7,S,mean_intensity_degC,
2015,8,S,activity_degC_days_m2,0.0
2015,8,S,mean_intensity_degC,
2015,9,S,activity_degC_days_m2,0.0
2015,9,S,mean_intensity_degC,
2015,10,S,activity_degC_days_m2,0.0
2015,10,S,mean_intensity_degC,
2015,11,S,activity_degC_days_m2,56265282183.86091
2015,11,S,mean_area_km2,33.37065599447276
2015,11,S,mean_duration_days,11.2
2015,11,S,mean_intensity_degC,1.5699043273925781
2015,11,S,number_of_events,5.0
2015,11,S,sum_area_km2,166.85327997236382
2015,12,S,activity_degC_days_m2,101782301368.23311
2015,12,S,mean_area_km2,33.146081476762326
2015,12,S,mean_duration_days,41.166666666666664
2015,12,S,mean_intensity_degC,1.3854504823684692
2015,12,S,number_of_events,6.0
2015,12,S,sum_area_km2,198.87648886057394
2016,1,S,activity_degC_days_m2,112560447360.04504
2016,1,S,mean_area_km2,33.146081476762376
2016,1,S,mean_duration_days,35.0
2016,1,S,mean_intensity_degC,1.0403363704681396
2016,1,S,number_of_events,3.0
2016,1,S,sum_area_km2,99.43824443028713
2016,2,S,activity_degC_days_m2,54973437629.20917
2016,2,S,mean_area_km2,33.707517771038454
2016,2,S,mean_duration_days,6.5
2016,2,S,mean_intensity_degC,1.1795600652694702
2016,2,S,number_of_events,2.0
2016,2,S,sum_area_km2,67.41503554207691
2016,3,S,activity_degC_days_m2,0.0
2016,3,S,mean_intensity_degC,
2016,4,S,activity_degC_days_m2,0.0
2016,4,S,mean_intensity_degC,
2016,5,S,activity_degC_days_m2,0.0
2016,5,S,mean_intensity_degC,
2016,6,S,activity_degC_days_m2,0.0
2016,6,S,mean_intensity_degC,
2016,7,S,activity_degC_days_m2,106080631432.24988
2016,7,S,mean_area_km2,33.466902216348686
2016,7,S,mean_duration_days,10.571428571428571
2016,7,S,mean_intensity_degC,2.198909282684326
2016,7,S,number_of_events,7.0
2016,7,S,sum_area_km2,234.26831551444081
2016,8,S,activity_degC_days_m2,151444104013.18588
2016,8,S,mean_area_km2,33.466902216348686
2016,8,S,mean_duration_days,20.714285714285715
2016,8,S,mean_intensity_degC,2.5077786445617676
2016,8,S,number_of_events,7.0
2016,8,S,sum_area_km2,234.26831551444081
2016,9,S,activity_degC_days_m2,73704451971.38928
2016,9,S,mean_intensity_degC,2.4051740169525146
2016,10,S,activity_degC_days_m2,0.0
2016,10,S,mean_intensity_degC,
2016,11,S,activity_degC_days_m2,10569808706.869246
2016,11,S,mean_area_km2,35.39182665386675
2016,11,S,mean_duration_days,5.5
2016,11,S,mean_intensity_degC,1.5484529733657837
2016,11,S,number_of_events,2.0
2016,11,S,sum_area_km2,70.7836533077335
2016,12,S,activity_degC_days_m2,40535188532.51774
2016,12,S,mean_area_km2,33.707517771038425
2016,12,S,mean_duration_days,14.75
2016,12,S,mean_intensity_degC,1.1101691722869873
2016,12,S,number_of_events,4.0
2016,12,S,sum_area_km2,134.8300710841537
2017,1,S,activity_degC_days_m2,1179441303.6814337
2017,1,S,mean_intensity_degC,0.9571142196655273
2017,2,S,activity_degC_days_m2,0.0
2017,2,S,mean_intensity_degC,
2017,3,S,activity_degC_days_m2,0.0
2017,3,S,mean_intensity_degC,
2017,4,S,activity_degC_days_m2,6045592267.778449
2017,4,S,mean_area_km2,35.39182665386666
2017,4,S,mean_duration_days,7.0
2017,4,S,mean_intensity_degC,1.4017102718353271
2017,4,S,number_of_events,1.0
2017,4,S,sum_area_km2,35.39182665386666
2017,5,S,activity_degC_days_m2,120334706759.31442
2017,5,S,mean_area_km2,33.146081476762326
2017,5,S,mean_duration_days,10.916666666666666
2017,5,S,mean_intensity_degC,1.661864161491394
2017,5,S,number_of_events,12.0
2017,5,S,sum_area_km2,397.75297772114794
2017,6,S,activity_degC_days_m2,193179186406.3369
2017,6,S,mean_area_km2,33.146081476762326
2017,6,S,mean_duration_days,17.333333333333332
2017,6,S,mean_intensity_degC,2.448678493499756
2017,6,S,number_of_events,6.0
2017,6,S,sum_area_km2,198.87648886057394
2017,7,S,activity_degC_days_m2,0.0
2017,7,S,mean_intensity_degC,
2017,8,S,activity_degC_days_m2,34114094862.91134
2017,8,S,mean_area_km2,33.37065599447278
2017,8,S,mean_duration_days,5.4
2017,8,S,mean_intensity_degC,2.0307133197784424
2017,8,S,number_of_events,5.0
2017,8,S,sum_area_km2,166.85327997236388
2017,9,S,activity_degC_days_m2,0.0
2017,9,S,mean_intensity_degC,
2017,10,S,activity_degC_days_m2,62345864849.00583
2017,10,S,mean_area_km2,33.146081476762326
2017,10,S,mean_duration_days,30.5
2017,10,S,mean_intensity_degC,1.7235759496688843
2017,10,S,number_of_events,6.0
2017,10,S,sum_area_km2,198.87648886057394
2017,11,S,activity_degC_days_m2,169840805653.9205
2017,11,S,mean_area_km2,33.707517771038425
2017,11,S,mean_duration_days,27.0
2017,11,S,mean_intensity_degC,1.7681862115859985
2017,11,S,number_of_events,4.0
2017,11,S,sum_area_km2,134.8300710841537
2017,12,S,activity_degC_days_m2,79398511016.04433
2017,12,S,mean_intensity_degC,1.525071620941162
2018,1,S,activity_degC_days_m2,0.0
2018,1,S,mean_intensity_degC,
2018,2,S,activity_degC_days_m2,0.0
2018,2,S,mean_intensity_degC,
2018,3,S,activity_degC_days_m2,0.0
2018,3,S,mean_intensity_degC,
2018,4,S,activity_degC_days_m2,0.0
2018,4,S,mean_intensity_degC,
2018,5,S,activity_degC_days_m2,0.0
2018,5,S,mean_intensity_degC,
2018,6,S,activity_degC_days_m2,0.0
2018,6,S,mean_intensity_degC,
2018,7,S,activity_degC_days_m2,0.0
2018,7,S,mean_intensity_degC,
2018,8,S,activity_degC_days_m2,0.0
2018,8,S,mean_intensity_degC,
2018,9,S,activity_degC_days_m2,87974066850.93661
2018,9,S,mean_area_km2,33.146081476762326
2018,9,S,mean_duration_days,25.166666666666668
2018,9,S,mean_intensity_degC,2.5026512145996094
2018,9,S,number_of_events,6.0
2018,9,S,sum_area_km2,198.87648886057394
2018,10,S,activity_degC_days_m2,149228287978.6167
2018,10,S,mean_intensity_degC,2.45247220993042
2018,11,S,activity_degC_days_m2,0.0
2018,11,S,mean_intensity_degC,
2018,12,S,activity_degC_days_m2,0.0
2018,12,S,mean_intensity_degC,
2019,1,S,activity_degC_days_m2,0.0
2019,1,S,mean_intensity_degC,
2019,2,S,activity_degC_days_m2,4015712846.3748975
2019,2,S,mean_area_km2,35.39182665386666
2019,2,S,mean_duration_days,6.0
2019,2,S,mean_intensity_degC,1.0862475633621216
2019,2,S,number_of_events,1.0
2019,2,S,sum_area_km2,35.39182665386666
2019,3,S,activity_degC_days_m2,0.0
2019,3,S,mean_intensity_degC,
2019,4,S,activity_degC_days_m2,0.0
2019,4,S,mean_intensity_degC,
2019,5,S,activity_degC_days_m2,0.0
2019,5,S,mean_intensity_degC,
2019,6,S,activity_degC_days_m2,0.0
2019,6,S,mean_intensity_degC,
2019,7,S,activity_degC_days_m2,0.0
2019,7,S,mean_intensity_degC,
2019,8,S,activity_degC_days_m2,0.0
2019,8,S,mean_intensity_degC,
2019,9,S,activity_degC_days_m2,37858548185.93352
2019,9,S,mean_area_km2,33.70751777103843
2019,9,S,mean_duration_days,7.25
2019,9,S,mean_intensity_degC,2.0953869819641113
2019,9,S,number_of_events,4.0
2019,9,S,sum_area_km2,134.83007108415373
2019,10,S,activity_degC_days_m2,0.0
2019,10,S,mean_intensity_degC,
2019,11,S,activity_degC_days_m2,0.0
2019,11,S,mean_intensity_degC,
2019,12,S,activity_degC_days_m2,0.0
2019,12,S,mean_intensity_degC,
2020,1,S,activity_degC_days_m2,957907635.3565862
2020,1,S,mean_area_km2,32.023208888210114
2020,1,S,mean_duration_days,19.0
2020,1,S,mean_intensity_degC,0.7747883796691895
2020,1,S,number_of_events,2.0
2020,1,S,sum_area_km2,64.04641777642023
2020,2,S,activity_degC_days_m2,89432887670.71832
2020,2,S,mean_area_km2,33.70751777103843
2020,2,S,mean_duration_days,21.0
2020,2,S,mean_intensity_degC,1.1958037614822388
2020,2,S,number_of_events,4.0
2020,2,S,sum_area_km2,134.83007108415373
2020,3,S,activity_degC_days_m2,0.0
2020,3,S,mean_intensity_degC,
2020,4,S,activity_degC_days_m2,4171639281.6152725
2020,4,S,mean_area_km2,35.39182665386684
2020,4,S,mean_duration_days,5.0
2020,4,S,mean_intensity_degC,1.3541107177734375
2020,4,S,number_of_events,1.0
2020,4,S,sum_area_km2,35.39182665386684
2020,5,S,activity_degC_days_m2,60366168589.25783
2020,5,S,mean_area_km2,33.146081476762326
2020,5,S,mean_duration_days,15.5
2020,5,S,mean_intensity_degC,1.9839533567428589
2020,5,S,number_of_events,6.0
2020,5,S,sum_area_km2,198.87648886057394
2020,6,S,activity_degC_days_m2,68555577204.50355
2020,6,S,mean_intensity_degC,2.364373207092285
2020,7,S,activity_degC_days_m2,114168787942.30618
2020,7,S,mean_area_km2,33.146081476762326
2020,7,S,mean_duration_days,12.166666666666666
2020,7,S,mean_intensity_degC,2.4835596084594727
2020,7,S,number_of_events,6.0
2020,7,S,sum_area_km2,198.87648886057394
2020,8,S,activity_degC_days_m2,0.0
2020,8,S,mean_intensity_degC,
2020,9,S,activity_degC_days_m2,0.0
2020,9,S,mean_intensity_degC,
2020,10,S,activity_degC_days_m2,0.0
2020,10,S,mean_intensity_degC,
2020,11,S,activity_degC_days_m2,27623799940.146732
2020,11,S,mean_area_km2,33.37065599447279
2020,11,S,mean_duration_days,7.4
2020,11,S,mean_intensity_degC,1.3917795419692993
2020,11,S,number_of_events,5.0
2020,11,S,sum_area_km2,166.853279972364
2020,12,S,activity_degC_days_m2,15085421843.217863
2020,12,S,mean_area_km2,32.023208888210135
2020,12,S,mean_duration_days,5.0
2020,12,S,mean_intensity_degC,1.2212655544281006
2020,12,S,number_of_events,3.0
2020,12,S,sum_area_km2,96.06962666463039
2021,1,S,activity_degC_days_m2,0.0
2021,1,S,mean_intensity_degC,
2021,2,S,activity_degC_days_m2,0.0
2021,2,S,mean_intensity_degC,
2021,3,S,activity_degC_days_m2,0.0
2021,3,S,mean_intensity_degC,
2021,4,S,activity_degC_days_m2,88623227038.35408
2021,4,S,mean_area_km2,33.146081476762326
2021,4,S,mean_duration_days,17.833333333333332
2021,4,S,mean_intensity_degC,1.3627095222473145
2021,4,S,number_of_events,6.0
2021,4,S,sum_area_km2,198.87648886057394
2021,5,S,activity_degC_days_m2,2984882438.4972563
2021,5,S,mean_intensity_degC,1.2014427185058594
2021,6,S,activity_degC_days_m2,0.0
2021,6,S,mean_intensity_degC,
2021,7,S,activity_degC_days_m2,0.0
2021,7,S,mean_intensity_degC,
2021,8,S,activity_degC_days_m2,0.0
2021,8,S,mean_intensity_degC,
2021,9,S,activity_degC_days_m2,0.0
2021,9,S,mean_intensity_degC,
2021,10,S,activity_degC_days_m2,9917026917.680647
2021,10,S,mean_area_km2,32.02320888821012
2021,10,S,mean_duration_days,5.0
2021,10,S,mean_intensity_degC,1.604245901107788
2021,10,S,number_of_events,2.0
2021,10,S,sum_area_km2,64.04641777642024
2021,11,S,activity_degC_days_m2,0.0
2021,11,S,mean_intensity_degC,
2021,12,S,activity_degC_days_m2,0.0
2021,12,S,mean_intensity_degC,
2022,1,S,activity_degC_days_m2,0.0
2022,1,S,mean_intensity_degC,
2022,2,S,activity_degC_days_m2,0.0
2022,2,S,mean_intensity_degC,
2022,3,S,activity_degC_days_m2,0.0
2022,3,S,mean_intensity_degC,
2022,4,S,activity_degC_days_m2,0.0
2022,4,S,mean_intensity_degC,
2022,5,S,activity_degC_days_m2,18600169908.696346
2022,5,S,mean_area_km2,33.146081476762355
2022,5,S,mean_duration_days,5.333333333333333
2022,5,S,mean_intensity_degC,1.8853472471237183
2022,5,S,number_of_events,3.0
2022,5,S,sum_area_km2,99.43824443028707
2022,6,S,activity_degC_days_m2,0.0
2022,6,S,mean_intensity_degC,
2022,7,S,activity_degC_days_m2,52235033124.455185
2022,7,S,mean_area_km2,33.70751777103843
2022,7,S,mean_duration_days,9.5
2022,7,S,mean_intensity_degC,2.247591733932495
2022,7,S,number_of_events,4.0
2022,7,S,sum_area_km2,134.83007108415373
2022,8,S,activity_degC_days_m2,0.0
2022,8,S,mean_intensity_degC,
2022,9,S,activity_degC_days_m2,0.0
2022,9,S,mean_intensity_degC,
2022,10,S,activity_degC_days_m2,2017659079.779047
2022,10,S,mean_area_km2,35.39182665386684
2022,10,S,mean_duration_days,11.0
2022,10,S,mean_intensity_degC,1.6373262405395508
2022,10,S,number_of_events,1.0
2022,10,S,sum_area_km2,35.39182665386684
2022,11,S,activity_degC_days_m2,23165576376.710915
2022,11,S,mean_area_km2,32.02320888821012
2022,11,S,mean_duration_days,8.5
2022,11,S,mean_intensity_degC,1.4587198495864868
2022,11,S,number_of_events,2.0
2022,11,S,sum_area_km2,64.04641777642024
2022,12,S,activity_degC_days_m2,43411121630.31198
2022,12,S,mean_area_km2,33.146081476762326
2022,12,S,mean_duration_days,31.333333333333332
2022,12,S,mean_intensity_degC,1.191053867340088
2022,12,S,number_of_events,6.0
2022,12,S,sum_area_km2,198.87648886057394
2023,1,S,activity_degC_days_m2,121640561586.30424
2023,1,S,mean_intensity_degC,1.458004117012024
2023,2,S,activity_degC_days_m2,0.0
2023,2,S,mean_intensity_degC,
2023,3,S,activity_degC_days_m2,24955274939.17635
2023,3,S,mean_area_km2,32.98567110696915
2023,3,S,mean_duration_days,12.428571428571429
2023,3,S,mean_intensity_degC,0.9313480257987976
2023,3,S,number_of_events,7.0
2023,3,S,sum_area_km2,230.89969774878404
2023,4,S,activity_degC_days_m2,79620283284.17914
2023,4,S,mean_area_km2,32.69693244134146
2023,4,S,mean_duration_days,17.2
2023,4,S,mean_intensity_degC,1.2419553995132446
2023,4,S,number_of_events,5.0
2023,4,S,sum_area_km2,163.4846622067073
2023,5,S,activity_degC_days_m2,28746477520.258186
2023,5,S,mean_area_km2,35.39182665386666
2023,5,S,mean_duration_days,5.0
2023,5,S,mean_intensity_degC,1.3956339359283447
2023,5,S,number_of_events,1.0
2023,5,S,sum_area_km2,35.39182665386666
2023,6,S,activity_degC_days_m2,55091049794.72705
2023,6,S,mean_area_km2,32.98567110696916
2023,6,S,mean_duration_days,11.142857142857142
2023,6,S,mean_intensity_degC,1.941576361656189
2023,6,S,number_of_events,7.0
2023,6,S,sum_area_km2,230.89969774878412
2023,7,S,activity_degC_days_m2,59014613314.10461
2023,7,S,mean_area_km2,35.39182665386666
2023,7,S,mean_duration_days,5.0
2023,7,S,mean_intensity_degC,2.3845772743225098
2023,7,S,number_of_events,1.0
2023,7,S,sum_area_km2,35.39182665386666
2023,8,S,activity_degC_days_m2,0.0
2023,8,S,mean_intensity_degC,
2023,9,S,activity_degC_days_m2,0.0
2023,9,S,mean_intensity_degC,
2023,10,S,activity_degC_days_m2,167203849768.7336
2023,10,S,mean_area_km2,33.146081476762326
2023,10,S,mean_duration_days,20.5
2023,10,S,mean_intensity_degC,2.0942916870117188
2023,10,S,number_of_events,6.0
2023,10,S,sum_area_km2,198.87648886057394
2023,11,S,activity_degC_days_m2,5786132369.995935
2023,11,S,mean_area_km2,32.023208888210064
2023,11,S,mean_duration_days,97.0
2023,11,S,mean_intensity_degC,1.560007095336914
2023,11,S,number_of_events,1.0
2023,11,S,sum_area_km2,32.023208888210064
2023,12,S,activity_degC_days_m2,71840062292.64879
2023,12,S,mean_area_km2,33.37065599447278
2023,12,S,mean_duration_days,55.6
2023,12,S,mean_intensity_degC,1.2008590698242188
2023,12,S,number_of_events,5.0
2023,12,S,sum_area_km2,166.85327997236388
2024,1,S,activity_degC_days_m2,138295765231.1499
2024,1,S,mean_area_km2,35.39182665386675
2024,1,S,mean_duration_days,44.5
2024,1,S,mean_intensity_degC,1.265480399131775
2024,1,S,number_of_events,2.0
2024,1,S,sum_area_km2,70.7836533077335
2024,2,S,activity_degC_days_m2,184728296763.09903
2024,2,S,mean_intensity_degC,1.7192480564117432
2024,3,S,activity_degC_days_m2,2969505475.049233
2024,3,S,mean_intensity_degC,0.9580225944519043
2024,4,S,activity_degC_days_m2,54904956966.80613
2024,4,S,mean_area_km2,33.146081476762326
2024,4,S,mean_duration_days,9.833333333333334
2024,4,S,mean_intensity_degC,1.4849853515625
2024,4,S,number_of_events,6.0
2024,4,S,sum_area_km2,198.87648886057394
2024,5,S,activity_degC_days_m2,0.0
2024,5,S,mean_intensity_degC,
2024,6,S,activity_degC_days_m2,0.0
2024,6,S,mean_intensity_degC,
2024,7,S,activity_degC_days_m2,0.0
2024,7,S,mean_intensity_degC,
2024,8,S,activity_degC_days_m2,0.0
2024,8,S,mean_intensity_degC,
2024,9,S,activity_degC_days_m2,0.0
2024,9,S,mean_intensity_degC,
2024,10,S,activity_degC_days_m2,0.0
2024,10,S,mean_intensity_degC,
2024,11,S,activity_degC_days_m2,46237083609.53177
2024,11,S,mean_area_km2,32.696932441341424
2024,11,S,mean_duration_days,62.4
2024,11,S,mean_intensity_degC,1.4119387865066528
2024,11,S,number_of_events,5.0
2024,11,S,sum_area_km2,163.48466220670713
2024,12,S,activity_degC_days_m2,142046668940.4641
2024,12,S,mean_area_km2,35.39182665386684
2024,12,S,mean_duration_days,22.0
2024,12,S,mean_intensity_degC,1.2903366088867188
2024,12,S,number_of_events,1.0
2024,12,S,sum_area_km2,35.39182665386684
2025,1,S,activity_degC_days_m2,82843503640.1887
2025,1,S,mean_area_km2,33.70751777103848
2025,1,S,mean_duration_days,12.5
2025,1,S,mean_intensity_degC,0.9978196024894714
2025,1,S,number_of_events,2.0
2025,1,S,sum_area_km2,67.41503554207696
2025,2,S,activity_degC_days_m2,475524189.6520808
2025,2,S,mean_intensity_degC,0.7692403793334961
2025,3,S,activity_degC_days_m2,14412299177.83219
2025,3,S,mean_area_km2,32.02320888821012
2025,3,S,mean_duration_days,6.25
2025,3,S,mean_intensity_degC,0.9241350889205933
2025,3,S,number_of_events,4.0
2025,3,S,sum_area_km2,128.09283555284048
2025,4,S,activity_degC_days_m2,0.0
2025,4,S,mean_intensity_degC,
2025,5,S,activity_degC_days_m2,5064731956.188187
2025,5,S,mean_area_km2,35.39182665386684
2025,5,S,mean_duration_days,8.0
2025,5,S,mean_intensity_degC,2.7400131225585938
2025,5,S,number_of_events,1.0
2025,5,S,sum_area_km2,35.39182665386684
2025,6,S,activity_degC_days_m2,21532485820.90851
2025,6,S,mean_area_km2,33.37065599447278
2025,6,S,mean_duration_days,12.0
2025,6,S,mean_intensity_degC,2.5215139389038086
2025,6,S,number_of_events,5.0
2025,6,S,sum_area_km2,166.85327997236388
2025,7,S,activity_degC_days_m2,102227951020.89177
2025,7,S,mean_area_km2,32.023208888210064
2025,7,S,mean_duration_days,10.0
2025,7,S,mean_intensity_degC,2.6427316665649414
2025,7,S,number_of_events,1.0
2025,7,S,sum_area_km2,32.023208888210064
2025,8,S,activity_degC_days_m2,143711607596.17267
2025,8,S,mean_area_km2,33.146081476762326
2025,8,S,mean_duration_days,16.666666666666668
2025,8,S,mean_intensity_degC,2.2759902477264404
2025,8,S,number_of_events,6.0
2025,8,S,sum_area_km2,198.87648886057394
2025,9,S,activity_degC_days_m2,0.0
2025,9,S,mean_intensity_degC,
2025,10,S,activity_degC_days_m2,49609876667.248024
2025,10,S,mean_area_km2,33.146081476762326
2025,10,S,mean_duration_days,13.0
2025,10,S,mean_intensity_degC,1.7399139404296875
2025,10,S,number_of_events,6.0
2025,10,S,sum_area_km2,198.87648886057394
2025,11,S,activity_degC_days_m2,37843446033.1387
2025,11,S,mean_area_km2,35.39182665386684
2025,11,S,mean_duration_days,7.0
2025,11,S,mean_intensity_degC,1.53943932056427
2025,11,S,number_of_events,1.0
2025,11,S,sum_area_km2,35.39182665386684
2025,12,S,activity_degC_days_m2,0.0
2025,12,S,mean_intensity_degC,
1981,9,SW,activity_degC_days_m2,0.0
1981,9,SW,mean_intensity_degC,
1981,10,SW,activity_degC_days_m2,0.0
1981,10,SW,mean_intensity_degC,
1981,11,SW,activity_degC_days_m2,13449683038.280348
1981,11,SW,mean_area_km2,42.54674264370835
1981,11,SW,mean_duration_days,5.375
1981,11,SW,mean_intensity_degC,1.708693027496338
1981,11,SW,number_of_events,8.0
1981,11,SW,sum_area_km2,340.3739411496668
1981,12,SW,activity_degC_days_m2,34447591985.54343
1981,12,SW,mean_intensity_degC,1.705268383026123
1982,1,SW,activity_degC_days_m2,0.0
1982,1,SW,mean_intensity_degC,
1982,2,SW,activity_degC_days_m2,0.0
1982,2,SW,mean_intensity_degC,
1982,3,SW,activity_degC_days_m2,0.0
1982,3,SW,mean_intensity_degC,
1982,4,SW,activity_degC_days_m2,0.0
1982,4,SW,mean_intensity_degC,
1982,5,SW,activity_degC_days_m2,0.0
1982,5,SW,mean_intensity_degC,
1982,6,SW,activity_degC_days_m2,0.0
1982,6,SW,mean_intensity_degC,
1982,7,SW,activity_degC_days_m2,0.0
1982,7,SW,mean_intensity_degC,
1982,8,SW,activity_degC_days_m2,0.0
1982,8,SW,mean_intensity_degC,
1982,9,SW,activity_degC_days_m2,0.0
1982,9,SW,mean_intensity_degC,
1982,10,SW,activity_degC_days_m2,0.0
1982,10,SW,mean_intensity_degC,
1982,11,SW,activity_degC_days_m2,0.0
1982,11,SW,mean_intensity_degC,
1982,12,SW,activity_degC_days_m2,0.0
1982,12,SW,mean_intensity_degC,
1983,1,SW,activity_degC_days_m2,0.0
1983,1,SW,mean_intensity_degC,
1983,2,SW,activity_degC_days_m2,0.0
1983,2,SW,mean_intensity_degC,
1983,3,SW,activity_degC_days_m2,41886573974.56303
1983,3,SW,mean_area_km2,41.16458325709975
1983,3,SW,mean_duration_days,8.428571428571429
1983,3,SW,mean_intensity_degC,1.1593588590621948
1983,3,SW,number_of_events,7.0
1983,3,SW,sum_area_km2,288.15208279969823
1983,4,SW,activity_degC_days_m2,0.0
1983,4,SW,mean_intensity_degC,
1983,5,SW,activity_degC_days_m2,0.0
1983,5,SW,mean_intensity_degC,
1983,6,SW,activity_degC_days_m2,0.0
1983,6,SW,mean_intensity_degC,
1983,7,SW,activity_degC_days_m2,17480289189.834522
1983,7,SW,mean_area_km2,49.69865936433461
1983,7,SW,mean_duration_days,6.75
1983,7,SW,mean_intensity_degC,1.0610133409500122
1983,7,SW,number_of_events,4.0
1983,7,SW,sum_area_km2,198.79463745733844
1983,8,SW,activity_degC_days_m2,0.0
1983,8,SW,mean_intensity_degC,
1983,9,SW,activity_degC_days_m2,0.0
1983,9,SW,mean_intensity_degC,
1983,10,SW,activity_degC_days_m2,0.0
1983,10,SW,mean_intensity_degC,
1983,11,SW,activity_degC_days_m2,280606541068.7939
1983,11,SW,mean_area_km2,47.17405477353668
1983,11,SW,mean_duration_days,23.6875
1983,11,SW,mean_intensity_degC,1.7591592073440552
1983,11,SW,number_of_events,16.0
1983,11,SW,sum_area_km2,754.7848763765869
1983,12,SW,activity_degC_days_m2,128030099056.71213
1983,12,SW,mean_intensity_degC,1.5585205554962158
1984,1,SW,activity_degC_days_m2,0.0
1984,1,SW,mean_intensity_degC,
1984,2,SW,activity_degC_days_m2,0.0
1984,2,SW,mean_intensity_degC,
1984,3,SW,activity_degC_days_m2,0.0
1984,3,SW,mean_intensity_degC,
1984,4,SW,activity_degC_days_m2,0.0
1984,4,SW,mean_intensity_degC,
1984,5,SW,activity_degC_days_m2,0.0
1984,5,SW,mean_intensity_degC,
1984,6,SW,activity_degC_days_m2,0.0
1984,6,SW,mean_intensity_degC,
1984,7,SW,activity_degC_days_m2,0.0
1984,7,SW,mean_intensity_degC,
1984,8,SW,activity_degC_days_m2,0.0
1984,8,SW,mean_intensity_degC,
1984,9,SW,activity_degC_days_m2,0.0
1984,9,SW,mean_intensity_degC,
1984,10,SW,activity_degC_days_m2,0.0
1984,10,SW,mean_intensity_degC,
1984,11,SW,activity_degC_days_m2,0.0
1984,11,SW,mean_intensity_degC,
1984,12,SW,activity_degC_days_m2,0.0
1984,12,SW,mean_intensity_degC,
1985,1,SW,activity_degC_days_m2,0.0
1985,1,SW,mean_intensity_degC,
1985,2,SW,activity_degC_days_m2,0.0
1985,2,SW,mean_intensity_degC,
1985,3,SW,activity_degC_days_m2,0.0
1985,3,SW,mean_intensity_degC,
1985,4,SW,activity_degC_days_m2,0.0
1985,4,SW,mean_intensity_degC,
1985,5,SW,activity_degC_days_m2,0.0
1985,5,SW,mean_intensity_degC,
1985,6,SW,activity_degC_days_m2,0.0
1985,6,SW,mean_intensity_degC,
1985,7,SW,activity_degC_days_m2,8032718739.893671
1985,7,SW,mean_area_km2,55.587140006886386
1985,7,SW,mean_duration_days,5.0
1985,7,SW,mean_intensity_degC,1.3305280208587646
1985,7,SW,number_of_events,2.0
1985,7,SW,sum_area_km2,111.17428001377277
1985,8,SW,activity_degC_days_m2,0.0
1985,8,SW,mean_intensity_degC,
1985,9,SW,activity_degC_days_m2,0.0
1985,9,SW,mean_intensity_degC,
1985,10,SW,activity_degC_days_m2,4914917160.761978
1985,10,SW,mean_area_km2,35.39182665386661
1985,10,SW,mean_duration_days,5.0
1985,10,SW,mean_intensity_degC,1.5953781604766846
1985,10,SW,number_of_events,1.0
1985,10,SW,sum_area_km2,35.39182665386661
1985,11,SW,activity_degC_days_m2,0.0
1985,11,SW,mean_intensity_degC,
1985,12,SW,activity_degC_days_m2,0.0
1985,12,SW,mean_intensity_degC,
1986,1,SW,activity_degC_days_m2,0.0
1986,1,SW,mean_intensity_degC,
1986,2,SW,activity_degC_days_m2,0.0
1986,2,SW,mean_intensity_degC,
1986,3,SW,activity_degC_days_m2,0.0
1986,3,SW,mean_intensity_degC,
1986,4,SW,activity_degC_days_m2,0.0
1986,4,SW,mean_intensity_degC,
1986,5,SW,activity_degC_days_m2,0.0
1986,5,SW,mean_intensity_degC,
1986,6,SW,activity_degC_days_m2,0.0
1986,6,SW,mean_intensity_degC,
1986,7,SW,activity_degC_days_m2,0.0
1986,7,SW,mean_intensity_degC,
1986,8,SW,activity_degC_days_m2,0.0
1986,8,SW,mean_intensity_degC,
1986,9,SW,activity_degC_days_m2,9687801341.770943
1986,9,SW,mean_area_km2,53.905333237362
1986,9,SW,mean_duration_days,5.5
1986,9,SW,mean_intensity_degC,1.4355827569961548
1986,9,SW,number_of_events,2.0
1986,9,SW,sum_area_km2,107.810666474724
1986,10,SW,activity_degC_days_m2,5102705227.125173
1986,10,SW,mean_area_km2,52.22352646783737
1986,10,SW,mean_duration_days,6.0
1986,10,SW,mean_intensity_degC,1.4037939310073853
1986,10,SW,number_of_events,1.0
1986,10,SW,sum_area_km2,52.22352646783737
1986,11,SW,activity_degC_days_m2,0.0
1986,11,SW,mean_intensity_degC,
1986,12,SW,activity_degC_days_m2,0.0
1986,12,SW,mean_intensity_degC,
1987,1,SW,activity_degC_days_m2,0.0
1987,1,SW,mean_intensity_degC,
1987,2,SW,activity_degC_days_m2,0.0
1987,2,SW,mean_intensity_degC,
1987,3,SW,activity_degC_days_m2,3432069753.4802327
1987,3,SW,mean_area_km2,35.39182665386661
1987,3,SW,mean_duration_days,5.0
1987,3,SW,mean_intensity_degC,1.1140470504760742
1987,3,SW,number_of_events,1.0
1987,3,SW,sum_area_km2,35.39182665386661
1987,4,SW,activity_degC_days_m2,0.0
1987,4,SW,mean_intensity_degC,
1987,5,SW,activity_degC_days_m2,4134560361.6623077
1987,5,SW,mean_area_km2,58.949695276924615
1987,5,SW,mean_duration_days,5.0
1987,5,SW,mean_intensity_degC,1.3744903802871704
1987,5,SW,number_of_events,1.0
1987,5,SW,sum_area_km2,58.949695276924615
1987,6,SW,activity_degC_days_m2,0.0
1987,6,SW,mean_intensity_degC,
1987,7,SW,activity_degC_days_m2,0.0
1987,7,SW,mean_intensity_degC,
1987,8,SW,activity_degC_days_m2,34964886066.83912
1987,8,SW,mean_area_km2,42.12541021846583
1987,8,SW,mean_duration_days,5.333333333333333
1987,8,SW,mean_intensity_degC,1.7540863752365112
1987,8,SW,number_of_events,6.0
1987,8,SW,sum_area_km2,252.75246131079498
1987,9,SW,activity_degC_days_m2,116762732269.15176
1987,9,SW,mean_area_km2,43.349989189598745
1987,9,SW,mean_duration_days,12.636363636363637
1987,9,SW,mean_intensity_degC,1.8748815059661865
1987,9,SW,number_of_events,11.0
1987,9,SW,sum_area_km2,476.8498810855863
1987,10,SW,activity_degC_days_m2,48854764396.26767
1987,10,SW,mean_intensity_degC,1.7185161113739014
1987,11,SW,activity_degC_days_m2,0.0
1987,11,SW,mean_intensity_degC,
1987,12,SW,activity_degC_days_m2,0.0
1987,12,SW,mean_intensity_degC,
1988,1,SW,activity_degC_days_m2,0.0
1988,1,SW,mean_intensity_degC,
1988,2,SW,activity_degC_days_m2,0.0
1988,2,SW,mean_intensity_degC,
1988,3,SW,activity_degC_days_m2,0.0
1988,3,SW,mean_intensity_degC,
1988,4,SW,activity_degC_days_m2,0.0
1988,4,SW,mean_intensity_degC,
1988,5,SW,activity_degC_days_m2,0.0
1988,5,SW,mean_intensity_degC,
1988,6,SW,activity_degC_days_m2,0.0
1988,6,SW,mean_intensity_degC,
1988,7,SW,activity_degC_days_m2,0.0
1988,7,SW,mean_intensity_degC,
1988,8,SW,activity_degC_days_m2,0.0
1988,8,SW,mean_intensity_degC,
1988,9,SW,activity_degC_days_m2,0.0
1988,9,SW,mean_intensity_degC,
1988,10,SW,activity_degC_days_m2,0.0
1988,10,SW,mean_intensity_degC,
1988,11,SW,activity_degC_days_m2,148993588801.7571
1988,11,SW,mean_area_km2,51.260782678718876
1988,11,SW,mean_duration_days,11.857142857142858
1988,11,SW,mean_intensity_degC,1.5528382062911987
1988,11,SW,number_of_events,14.0
1988,11,SW,sum_area_km2,717.6509575020642
1988,12,SW,activity_degC_days_m2,9684493421.635754
1988,12,SW,mean_intensity_degC,1.34402334690094
1989,1,SW,activity_degC_days_m2,0.0
1989,1,SW,mean_intensity_degC,
1989,2,SW,activity_degC_days_m2,9550103715.042212
1989,2,SW,mean_area_km2,56.707639007228934
1989,2,SW,mean_duration_days,5.666666666666667
1989,2,SW,mean_intensity_degC,0.9343156218528748
1989,2,SW,number_of_events,3.0
1989,2,SW,sum_area_km2,170.1229170216868
1989,3,SW,activity_degC_days_m2,0.0
1989,3,SW,mean_intensity_degC,
1989,4,SW,activity_degC_days_m2,0.0
1989,4,SW,mean_intensity_degC,
1989,5,SW,activity_degC_days_m2,8086960181.116023
1989,5,SW,mean_area_km2,43.81017872178258
1989,5,SW,mean_duration_days,6.0
1989,5,SW,mean_intensity_degC,1.323451042175293
1989,5,SW,number_of_events,2.0
1989,5,SW,sum_area_km2,87.62035744356515
1989,6,SW,activity_degC_days_m2,1489493172.9820719
1989,6,SW,mean_intensity_degC,1.2187738418579102
1989,7,SW,activity_degC_days_m2,173457801750.14584
1989,7,SW,mean_area_km2,46.00967039949132
1989,7,SW,mean_duration_days,31.846153846153847
1989,7,SW,mean_intensity_degC,1.5831336975097656
1989,7,SW,number_of_events,13.0
1989,7,SW,sum_area_km2,598.1257151933871
1989,8,SW,activity_degC_days_m2,408718115068.37537
1989,8,SW,mean_area_km2,48.01274695926656
1989,8,SW,mean_duration_days,17.25
1989,8,SW,mean_intensity_degC,2.062160015106201
1989,8,SW,number_of_events,4.0
1989,8,SW,sum_area_km2,192.05098783706623
1989,9,SW,activity_degC_days_m2,0.0
1989,9,SW,mean_intensity_degC,
1989,10,SW,activity_degC_days_m2,97853938210.91382
1989,10,SW,mean_area_km2,42.686870470718006
1989,10,SW,mean_duration_days,9.0
1989,10,SW,mean_intensity_degC,1.6885087490081787
1989,10,SW,number_of_events,12.0
1989,10,SW,sum_area_km2,512.242445648616
1989,11,SW,activity_degC_days_m2,16998868370.642637
1989,11,SW,mean_intensity_degC,1.7869553565979004
1989,12,SW,activity_degC_days_m2,25151726386.41594
1989,12,SW,mean_area_km2,53.56856138316649
1989,12,SW,mean_duration_days,7.4
1989,12,SW,mean_intensity_degC,1.0899556875228882
1989,12,SW,number_of_events,5.0
1989,12,SW,sum_area_km2,267.84280691583245
1990,1,SW,activity_degC_days_m2,23016239575.228027
1990,1,SW,mean_area_km2,51.10199054400715
1990,1,SW,mean_duration_days,13.0
1990,1,SW,mean_intensity_degC,0.9739251136779785
1990,1,SW,number_of_events,3.0
1990,1,SW,sum_area_km2,153.30597163202145
1990,2,SW,activity_degC_days_m2,41630353922.572296
1990,2,SW,mean_area_km2,52.97032620848074
1990,2,SW,mean_duration_days,9.444444444444445
1990,2,SW,mean_intensity_degC,1.051902413368225
1990,2,SW,number_of_events,9.0
1990,2,SW,sum_area_km2,476.7329358763267
1990,3,SW,activity_degC_days_m2,52578047925.40661
1990,3,SW,mean_area_km2,46.613120415464074
1990,3,SW,mean_duration_days,5.333333333333333
1990,3,SW,mean_intensity_degC,0.9798951745033264
1990,3,SW,number_of_events,12.0
1990,3,SW,sum_area_km2,559.3574449855689
1990,4,SW,activity_degC_days_m2,0.0
1990,4,SW,mean_intensity_degC,
1990,5,SW,activity_degC_days_m2,34388527355.18059
1990,5,SW,mean_area_km2,56.7079917635658
1990,5,SW,mean_duration_days,13.333333333333334
1990,5,SW,mean_intensity_degC,1.3718736171722412
1990,5,SW,number_of_events,3.0
1990,5,SW,sum_area_km2,170.1239752906974
1990,6,SW,activity_degC_days_m2,0.0
1990,6,SW,mean_intensity_degC,
1990,7,SW,activity_degC_days_m2,149010388630.0297
1990,7,SW,mean_area_km2,47.89512321423869
1990,7,SW,mean_duration_days,13.285714285714286
1990,7,SW,mean_intensity_degC,1.6533914804458618
1990,7,SW,number_of_events,14.0
1990,7,SW,sum_area_km2,670.5317249993416
1990,8,SW,activity_degC_days_m2,112012091238.62247
1990,8,SW,mean_area_km2,43.937780514853785
1990,8,SW,mean_duration_days,6.461538461538462
1990,8,SW,mean_intensity_degC,1.5676325559616089
1990,8,SW,number_of_events,13.0
1990,8,SW,sum_area_km2,571.1911466930991
1990,9,SW,activity_degC_days_m2,56942452134.08332
1990,9,SW,mean_area_km2,46.71672283440454
1990,9,SW,mean_duration_days,7.090909090909091
1990,9,SW,mean_intensity_degC,1.529259204864502
1990,9,SW,number_of_events,11.0
1990,9,SW,sum_area_km2,513.8839511784499
1990,10,SW,activity_degC_days_m2,19102350319.440125
1990,10,SW,mean_intensity_degC,1.6490617990493774
1990,11,SW,activity_degC_days_m2,0.0
1990,11,SW,mean_intensity_degC,
1990,12,SW,activity_degC_days_m2,0.0
1990,12,SW,mean_intensity_degC,
1991,1,SW,activity_degC_days_m2,0.0
1991,1,SW,mean_intensity_degC,
1991,2,SW,activity_degC_days_m2,0.0
1991,2,SW,mean_intensity_degC,
1991,3,SW,activity_degC_days_m2,0.0
1991,3,SW,mean_intensity_degC,
1991,4,SW,activity_degC_days_m2,0.0
1991,4,SW,mean_intensity_degC,
1991,5,SW,activity_degC_days_m2,0.0
1991,5,SW,mean_intensity_degC,
1991,6,SW,activity_degC_days_m2,0.0
1991,6,SW,mean_intensity_degC,
1991,7,SW,activity_degC_days_m2,0.0
1991,7,SW,mean_intensity_degC,
1991,8,SW,activity_degC_days_m2,147367165349.46393
1991,8,SW,mean_area_km2,47.89512321423869
1991,8,SW,mean_duration_days,29.785714285714285
1991,8,SW,mean_intensity_degC,2.129885673522949
1991,8,SW,number_of_events,14.0
1991,8,SW,sum_area_km2,670.5317249993416
1991,9,SW,activity_degC_days_m2,353491930268.4166
1991,9,SW,mean_area_km2,52.22352646783737
1991,9,SW,mean_duration_days,14.0
1991,9,SW,mean_intensity_degC,1.8175634145736694
1991,9,SW,number_of_events,1.0
1991,9,SW,sum_area_km2,52.22352646783737
1991,10,SW,activity_degC_days_m2,0.0
1991,10,SW,mean_intensity_degC,
1991,11,SW,activity_degC_days_m2,0.0
1991,11,SW,mean_intensity_degC,
1991,12,SW,activity_degC_days_m2,0.0
1991,12,SW,mean_intensity_degC,
1992,1,SW,activity_degC_days_m2,0.0
1992,1,SW,mean_intensity_degC,
1992,2,SW,activity_degC_days_m2,0.0
1992,2,SW,mean_intensity_degC,
1992,3,SW,activity_degC_days_m2,0.0
1992,3,SW,mean_intensity_degC,
1992,4,SW,activity_degC_days_m2,0.0
1992,4,SW,mean_intensity_degC,
1992,5,SW,activity_degC_days_m2,0.0
1992,5,SW,mean_intensity_degC,
1992,6,SW,activity_degC_days_m2,0.0
1992,6,SW,mean_intensity_degC,
1992,7,SW,activity_degC_days_m2,0.0
1992,7,SW,mean_intensity_degC,
1992,8,SW,activity_degC_days_m2,0.0
1992,8,SW,mean_intensity_degC,
1992,9,SW,activity_degC_days_m2,0.0
1992,9,SW,mean_intensity_degC,
1992,10,SW,activity_degC_days_m2,0.0
1992,10,SW,mean_intensity_degC,
1992,11,SW,activity_degC_days_m2,0.0
1992,11,SW,mean_intensity_degC,
1992,12,SW,activity_degC_days_m2,0.0
1992,12,SW,mean_intensity_degC,
1993,1,SW,activity_degC_days_m2,0.0
1993,1,SW,mean_intensity_degC,
1993,2,SW,activity_degC_days_m2,0.0
1993,2,SW,mean_intensity_degC,
1993,3,SW,activity_degC_days_m2,0.0
1993,3,SW,mean_intensity_degC,
1993,4,SW,activity_degC_days_m2,0.0
1993,4,SW,mean_intensity_degC,
1993,5,SW,activity_degC_days_m2,0.0
1993,5,SW,mean_intensity_degC,
1993,6,SW,activity_degC_days_m2,0.0
1993,6,SW,mean_intensity_degC,
1993,7,SW,activity_degC_days_m2,0.0
1993,7,SW,mean_intensity_degC,
1993,8,SW,activity_degC_days_m2,0.0
1993,8,SW,mean_intensity_degC,
1993,9,SW,activity_degC_days_m2,0.0
1993,9,SW,mean_intensity_degC,
1993,10,SW,activity_degC_days_m2,0.0
1993,10,SW,mean_intensity_degC,
1993,11,SW,activity_degC_days_m2,0.0
1993,11,SW,mean_intensity_degC,
1993,12,SW,activity_degC_days_m2,0.0
1993,12,SW,mean_intensity_degC,
1994,1,SW,activity_degC_days_m2,0.0
1994,1,SW,mean_intensity_degC,
1994,2,SW,activity_degC_days_m2,0.0
1994,2,SW,mean_intensity_degC,
1994,3,SW,activity_degC_days_m2,0.0
1994,3,SW,mean_intensity_degC,
1994,4,SW,activity_degC_days_m2,0.0
1994,4,SW,mean_intensity_degC,
1994,5,SW,activity_degC_days_m2,0.0
1994,5,SW,mean_intensity_degC,
1994,6,SW,activity_degC_days_m2,19130338303.83848
1994,6,SW,mean_area_km2,56.7079917635658
1994,6,SW,mean_duration_days,7.0
1994,6,SW,mean_intensity_degC,1.440284252166748
1994,6,SW,number_of_events,3.0
1994,6,SW,sum_area_km2,170.1239752906974
1994,7,SW,activity_degC_days_m2,0.0
1994,7,SW,mean_intensity_degC,
1994,8,SW,activity_degC_days_m2,0.0
1994,8,SW,mean_intensity_degC,
1994,9,SW,activity_degC_days_m2,0.0
1994,9,SW,mean_intensity_degC,
1994,10,SW,activity_degC_days_m2,0.0
1994,10,SW,mean_intensity_degC,
1994,11,SW,activity_degC_days_m2,0.0
1994,11,SW,mean_intensity_degC,
1994,12,SW,activity_degC_days_m2,103763145036.7629
1994,12,SW,mean_area_km2,43.92114327769254
1994,12,SW,mean_duration_days,9.8
1994,12,SW,mean_intensity_degC,1.1724638938903809
1994,12,SW,number_of_events,15.0
1994,12,SW,sum_area_km2,658.8171491653881
1995,1,SW,activity_degC_days_m2,0.0
1995,1,SW,mean_intensity_degC,
1995,2,SW,activity_degC_days_m2,0.0
1995,2,SW,mean_intensity_degC,
1995,3,SW,activity_degC_days_m2,0.0
1995,3,SW,mean_intensity_degC,
1995,4,SW,activity_degC_days_m2,38777839073.44785
1995,4,SW,mean_area_km2,39.72150410080999
1995,4,SW,mean_duration_days,6.857142857142857
1995,4,SW,mean_intensity_degC,1.2058860063552856
1995,4,SW,number_of_events,7.0
1995,4,SW,sum_area_km2,278.0505287056699
1995,5,SW,activity_degC_days_m2,0.0
1995,5,SW,mean_intensity_degC,
1995,6,SW,activity_degC_days_m2,0.0
1995,6,SW,mean_intensity_degC,
1995,7,SW,activity_degC_days_m2,60481782976.32157
1995,7,SW,mean_area_km2,49.978255756005126
1995,7,SW,mean_duration_days,9.11111111111111
1995,7,SW,mean_intensity_degC,1.1804516315460205
1995,7,SW,number_of_events,9.0
1995,7,SW,sum_area_km2,449.8043018040461
1995,8,SW,activity_degC_days_m2,46739034116.8533
1995,8,SW,mean_area_km2,46.40905314165756
1995,8,SW,mean_duration_days,6.2727272727272725
1995,8,SW,mean_intensity_degC,1.6721123456954956
1995,8,SW,number_of_events,11.0
1995,8,SW,sum_area_km2,510.4995845582332
1995,9,SW,activity_degC_days_m2,24210080204.63255
1995,9,SW,mean_intensity_degC,1.4396722316741943
1995,10,SW,activity_degC_days_m2,49272946001.79488
1995,10,SW,mean_area_km2,39.43306426078172
1995,10,SW,mean_duration_days,28.8
1995,10,SW,mean_intensity_degC,1.827749252319336
1995,10,SW,number_of_events,5.0
1995,10,SW,sum_area_km2,197.1653213039086
1995,11,SW,activity_degC_days_m2,327923071328.3344
1995,11,SW,mean_area_km2,52.670695447108045
1995,11,SW,mean_duration_days,13.6
1995,11,SW,mean_intensity_degC,1.7666165828704834
1995,11,SW,number_of_events,15.0
1995,11,SW,sum_area_km2,790.0604317066206
1995,12,SW,activity_degC_days_m2,58431846489.77834
1995,12,SW,mean_area_km2,50.0805404503758
1995,12,SW,mean_duration_days,21.272727272727273
1995,12,SW,mean_intensity_degC,1.0724809169769287
1995,12,SW,number_of_events,11.0
1995,12,SW,sum_area_km2,550.8859449541338
1996,1,SW,activity_degC_days_m2,132492314101.98853
1996,1,SW,mean_area_km2,39.88192668173594
1996,1,SW,mean_duration_days,10.333333333333334
1996,1,SW,mean_intensity_degC,1.1669821739196777
1996,1,SW,number_of_events,3.0
1996,1,SW,sum_area_km2,119.64578004520783
1996,2,SW,activity_degC_days_m2,0.0
1996,2,SW,mean_intensity_degC,
1996,3,SW,activity_degC_days_m2,0.0
1996,3,SW,mean_intensity_degC,
1996,4,SW,activity_degC_days_m2,0.0
1996,4,SW,mean_intensity_degC,
1996,5,SW,activity_degC_days_m2,0.0
1996,5,SW,mean_intensity_degC,
1996,6,SW,activity_degC_days_m2,3562409683.1831465
1996,6,SW,mean_area_km2,35.39182665386661
1996,6,SW,mean_duration_days,10.0
1996,6,SW,mean_intensity_degC,1.445444107055664
1996,6,SW,number_of_events,1.0
1996,6,SW,sum_area_km2,35.39182665386661
1996,7,SW,activity_degC_days_m2,71994632066.9422
1996,7,SW,mean_area_km2,44.482166797076864
1996,7,SW,mean_duration_days,7.4
1996,7,SW,mean_intensity_degC,1.388074517250061
1996,7,SW,number_of_events,10.0
1996,7,SW,sum_area_km2,444.8216679707687
1996,8,SW,activity_degC_days_m2,0.0
1996,8,SW,mean_intensity_degC,
1996,9,SW,activity_degC_days_m2,0.0
1996,9,SW,mean_intensity_degC,
1996,10,SW,activity_degC_days_m2,0.0
1996,10,SW,mean_intensity_degC,
1996,11,SW,activity_degC_days_m2,0.0
1996,11,SW,mean_intensity_degC,
1996,12,SW,activity_degC_days_m2,0.0
1996,12,SW,mean_intensity_degC,
1997,1,SW,activity_degC_days_m2,0.0
1997,1,SW,mean_intensity_degC,
1997,2,SW,activity_degC_days_m2,45543077003.86745
1997,2,SW,mean_area_km2,46.2391788694102
1997,2,SW,mean_duration_days,43.5
1997,2,SW,mean_intensity_degC,1.0848631858825684
1997,2,SW,number_of_events,18.0
1997,2,SW,sum_area_km2,832.3052196493836
1997,3,SW,activity_degC_days_m2,372581076286.96136
1997,3,SW,mean_area_km2,45.491423939350156
1997,3,SW,mean_duration_days,50.666666666666664
1997,3,SW,mean_intensity_degC,1.4116264581680298
1997,3,SW,number_of_events,3.0
1997,3,SW,sum_area_km2,136.47427181805048
1997,4,SW,activity_degC_days_m2,443374042368.6847
1997,4,SW,mean_area_km2,42.12509692302485
1997,4,SW,mean_duration_days,10.2
1997,4,SW,mean_intensity_degC,1.8008649349212646
1997,4,SW,number_of_events,5.0
1997,4,SW,sum_area_km2,210.62548461512424
1997,5,SW,activity_degC_days_m2,149908900121.90097
1997,5,SW,mean_area_km2,47.510775790436654
1997,5,SW,mean_duration_days,10.1
1997,5,SW,mean_intensity_degC,1.5157713890075684
1997,5,SW,number_of_events,10.0
1997,5,SW,sum_area_km2,475.10775790436657
1997,6,SW,activity_degC_days_m2,123843877872.34218
1997,6,SW,mean_area_km2,48.01540119692541
1997,6,SW,mean_duration_days,8.0
1997,6,SW,mean_intensity_degC,1.4274260997772217
1997,6,SW,number_of_events,12.0
1997,6,SW,sum_area_km2,576.1848143631049
1997,7,SW,activity_degC_days_m2,22005221335.194534
1997,7,SW,mean_area_km2,46.614349950822835
1997,7,SW,mean_duration_days,7.333333333333333
1997,7,SW,mean_intensity_degC,1.3589874505996704
1997,7,SW,number_of_events,6.0
1997,7,SW,sum_area_km2,279.686099704937
1997,8,SW,activity_degC_days_m2,15530736141.809723
1997,8,SW,mean_intensity_degC,1.4169338941574097
1997,9,SW,activity_degC_days_m2,14964645227.079758
1997,9,SW,mean_area_km2,37.07579864160852
1997,9,SW,mean_duration_days,6.5
1997,9,SW,mean_intensity_degC,1.8607779741287231
1997,9,SW,number_of_events,2.0
1997,9,SW,sum_area_km2,74.15159728321704
1997,10,SW,activity_degC_days_m2,31625461077.93676
1997,10,SW,mean_area_km2,45.4915137830477
1997,10,SW,mean_duration_days,5.8
1997,10,SW,mean_intensity_degC,1.6659032106399536
1997,10,SW,number_of_events,5.0
1997,10,SW,sum_area_km2,227.4575689152385
1997,11,SW,activity_degC_days_m2,0.0
1997,11,SW,mean_intensity_degC,
1997,12,SW,activity_degC_days_m2,0.0
1997,12,SW,mean_intensity_degC,
1998,1,SW,activity_degC_days_m2,0.0
1998,1,SW,mean_intensity_degC,
1998,2,SW,activity_degC_days_m2,128412368007.4298
1998,2,SW,mean_area_km2,47.89512321423869
1998,2,SW,mean_duration_days,11.857142857142858
1998,2,SW,mean_intensity_degC,1.2494466304779053
1998,2,SW,number_of_events,14.0
1998,2,SW,sum_area_km2,670.5317249993416
1998,3,SW,activity_degC_days_m2,182883849643.9361
1998,3,SW,mean_area_km2,49.337554696082435
1998,3,SW,mean_duration_days,14.476190476190476
1998,3,SW,mean_intensity_degC,1.1163164377212524
1998,3,SW,number_of_events,21.0
1998,3,SW,sum_area_km2,1036.0886486177312
1998,4,SW,activity_degC_days_m2,32719121461.70383
1998,4,SW,mean_area_km2,50.541222582091926
1998,4,SW,mean_duration_days,5.5
1998,4,SW,mean_intensity_degC,1.0833594799041748
1998,4,SW,number_of_events,2.0
1998,4,SW,sum_area_km2,101.08244516418385
1998,5,SW,activity_degC_days_m2,0.0
1998,5,SW,mean_intensity_degC,
1998,6,SW,activity_degC_days_m2,0.0
1998,6,SW,mean_intensity_degC,
1998,7,SW,activity_degC_days_m2,0.0
1998,7,SW,mean_intensity_degC,
1998,8,SW,activity_degC_days_m2,0.0
1998,8,SW,mean_intensity_degC,
1998,9,SW,activity_degC_days_m2,0.0
1998,9,SW,mean_intensity_degC,
1998,10,SW,activity_degC_days_m2,0.0
1998,10,SW,mean_intensity_degC,
1998,11,SW,activity_degC_days_m2,0.0
1998,11,SW,mean_intensity_degC,
1998,12,SW,activity_degC_days_m2,0.0
1998,12,SW,mean_intensity_degC,
1999,1,SW,activity_degC_days_m2,0.0
1999,1,SW,mean_intensity_degC,
1999,2,SW,activity_degC_days_m2,0.0
1999,2,SW,mean_intensity_degC,
1999,3,SW,activity_degC_days_m2,0.0
1999,3,SW,mean_intensity_degC,
1999,4,SW,activity_degC_days_m2,0.0
1999,4,SW,mean_intensity_degC,
1999,5,SW,activity_degC_days_m2,8568174079.3687525
1999,5,SW,mean_area_km2,48.858453607866274
1999,5,SW,mean_duration_days,5.5
1999,5,SW,mean_intensity_degC,1.279204249382019
1999,5,SW,number_of_events,2.0
1999,5,SW,sum_area_km2,97.71690721573255
1999,6,SW,activity_degC_days_m2,0.0
1999,6,SW,mean_intensity_degC,
1999,7,SW,activity_degC_days_m2,0.0
1999,7,SW,mean_intensity_degC,
1999,8,SW,activity_degC_days_m2,9580665898.512793
1999,8,SW,mean_area_km2,57.828843520245194
1999,8,SW,mean_duration_days,10.333333333333334
1999,8,SW,mean_intensity_degC,1.5739645957946777
1999,8,SW,number_of_events,3.0
1999,8,SW,sum_area_km2,173.4865305607356
1999,9,SW,activity_degC_days_m2,38531197792.8166
1999,9,SW,mean_area_km2,44.37124606382012
1999,9,SW,mean_duration_days,7.666666666666667
1999,9,SW,mean_intensity_degC,1.4393022060394287
1999,9,SW,number_of_events,3.0
1999,9,SW,sum_area_km2,133.11373819146033
1999,10,SW,activity_degC_days_m2,0.0
1999,10,SW,mean_intensity_degC,
1999,11,SW,activity_degC_days_m2,0.0
1999,11,SW,mean_intensity_degC,
1999,12,SW,activity_degC_days_m2,0.0
1999,12,SW,mean_intensity_degC,
2000,1,SW,activity_degC_days_m2,0.0
2000,1,SW,mean_intensity_degC,
2000,2,SW,activity_degC_days_m2,0.0
2000,2,SW,mean_intensity_degC,
2000,3,SW,activity_degC_days_m2,20037377967.917675
2000,3,SW,mean_area_km2,47.73298307888383
2000,3,SW,mean_duration_days,5.166666666666667
2000,3,SW,mean_intensity_degC,1.0419331789016724
2000,3,SW,number_of_events,6.0
2000,3,SW,sum_area_km2,286.397898473303
2000,4,SW,activity_degC_days_m2,0.0
2000,4,SW,mean_intensity_degC,
2000,5,SW,activity_degC_days_m2,6222059834.548587
2000,5,SW,mean_area_km2,58.949695276924615
2000,5,SW,mean_duration_days,7.0
2000,5,SW,mean_intensity_degC,1.4774694442749023
2000,5,SW,number_of_events,1.0
2000,5,SW,sum_area_km2,58.949695276924615
2000,6,SW,activity_degC_days_m2,28867395805.93256
2000,6,SW,mean_area_km2,47.45410665292981
2000,6,SW,mean_duration_days,8.166666666666666
2000,6,SW,mean_intensity_degC,1.3503777980804443
2000,6,SW,number_of_events,12.0
2000,6,SW,sum_area_km2,569.4492798351578
2000,7,SW,activity_degC_days_m2,52361764052.800415
2000,7,SW,mean_area_km2,52.22352646783737
2000,7,SW,mean_duration_days,5.0
2000,7,SW,mean_intensity_degC,1.2118099927902222
2000,7,SW,number_of_events,1.0
2000,7,SW,sum_area_km2,52.22352646783737
2000,8,SW,activity_degC_days_m2,21351365058.80612
2000,8,SW,mean_area_km2,37.07579864160852
2000,8,SW,mean_duration_days,8.0
2000,8,SW,mean_intensity_degC,2.169144630432129
2000,8,SW,number_of_events,2.0
2000,8,SW,sum_area_km2,74.15159728321704
2000,9,SW,activity_degC_days_m2,0.0
2000,9,SW,mean_intensity_degC,
2000,10,SW,activity_degC_days_m2,0.0
2000,10,SW,mean_intensity_degC,
2000,11,SW,activity_degC_days_m2,0.0
2000,11,SW,mean_intensity_degC,
2000,12,SW,activity_degC_days_m2,0.0
2000,12,SW,mean_intensity_degC,
2001,1,SW,activity_degC_days_m2,0.0
2001,1,SW,mean_intensity_degC,
2001,2,SW,activity_degC_days_m2,0.0
2001,2,SW,mean_intensity_degC,
2001,3,SW,activity_degC_days_m2,0.0
2001,3,SW,mean_intensity_degC,
2001,4,SW,activity_degC_days_m2,0.0
2001,4,SW,mean_intensity_degC,
2001,5,SW,activity_degC_days_m2,0.0
2001,5,SW,mean_intensity_degC,
2001,6,SW,activity_degC_days_m2,0.0
2001,6,SW,mean_intensity_degC,
2001,7,SW,activity_degC_days_m2,0.0
2001,7,SW,mean_intensity_degC,
2001,8,SW,activity_degC_days_m2,0.0
2001,8,SW,mean_intensity_degC,
2001,9,SW,activity_degC_days_m2,6723570543.247814
2001,9,SW,mean_area_km2,52.22352646783747
2001,9,SW,mean_duration_days,5.0
2001,9,SW,mean_intensity_degC,1.1098239421844482
2001,9,SW,number_of_events,2.0
2001,9,SW,sum_area_km2,104.44705293567495
2001,10,SW,activity_degC_days_m2,0.0
2001,10,SW,mean_intensity_degC,
2001,11,SW,activity_degC_days_m2,0.0
2001,11,SW,mean_intensity_degC,
2001,12,SW,activity_degC_days_m2,0.0
2001,12,SW,mean_intensity_degC,
2002,1,SW,activity_degC_days_m2,109001989379.98734
2002,1,SW,mean_area_km2,48.108628200454085
2002,1,SW,mean_duration_days,11.11111111111111
2002,1,SW,mean_intensity_degC,1.0510199069976807
2002,1,SW,number_of_events,18.0
2002,1,SW,sum_area_km2,865.9553076081735
2002,2,SW,activity_degC_days_m2,57164146067.42438
2002,2,SW,mean_area_km2,50.30008701276563
2002,2,SW,mean_duration_days,8.571428571428571
2002,2,SW,mean_intensity_degC,1.0102745294570923
2002,2,SW,number_of_events,7.0
2002,2,SW,sum_area_km2,352.1006090893594
2002,3,SW,activity_degC_days_m2,81542534751.0574
2002,3,SW,mean_area_km2,47.89512321423869
2002,3,SW,mean_duration_days,7.928571428571429
2002,3,SW,mean_intensity_degC,1.2080390453338623
2002,3,SW,number_of_events,14.0
2002,3,SW,sum_area_km2,670.5317249993416
2002,4,SW,activity_degC_days_m2,631606023.6138651
2002,4,SW,mean_intensity_degC,1.0498533248901367
2002,5,SW,activity_degC_days_m2,0.0
2002,5,SW,mean_intensity_degC,
2002,6,SW,activity_degC_days_m2,0.0
2002,6,SW,mean_intensity_degC,
2002,7,SW,activity_degC_days_m2,0.0
2002,7,SW,mean_intensity_degC,
2002,8,SW,activity_degC_days_m2,0.0
2002,8,SW,mean_intensity_degC,
2002,9,SW,activity_degC_days_m2,16621902714.611046
2002,9,SW,mean_area_km2,52.22327790972696
2002,9,SW,mean_duration_days,13.5
2002,9,SW,mean_intensity_degC,1.6065086126327515
2002,9,SW,number_of_events,4.0
2002,9,SW,sum_area_km2,208.89311163890784
2002,10,SW,activity_degC_days_m2,53443266279.23604
2002,10,SW,mean_area_km2,51.10199054400715
2002,10,SW,mean_duration_days,5.0
2002,10,SW,mean_intensity_degC,1.7326427698135376
2002,10,SW,number_of_events,3.0
2002,10,SW,sum_area_km2,153.30597163202145
2002,11,SW,activity_degC_days_m2,2346267274.5246553
2002,11,SW,mean_intensity_degC,1.2894083261489868
2002,12,SW,activity_degC_days_m2,0.0
2002,12,SW,mean_intensity_degC,
2003,1,SW,activity_degC_days_m2,0.0
2003,1,SW,mean_intensity_degC,
2003,2,SW,activity_degC_days_m2,0.0
2003,2,SW,mean_intensity_degC,
2003,3,SW,activity_degC_days_m2,0.0
2003,3,SW,mean_intensity_degC,
2003,4,SW,activity_degC_days_m2,0.0
2003,4,SW,mean_intensity_degC,
2003,5,SW,activity_degC_days_m2,0.0
2003,5,SW,mean_intensity_degC,
2003,6,SW,activity_degC_days_m2,0.0
2003,6,SW,mean_intensity_degC,
2003,7,SW,activity_degC_days_m2,2593357002.464096
2003,7,SW,mean_area_km2,58.949695276924594
2003,7,SW,mean_duration_days,5.0
2003,7,SW,mean_intensity_degC,0.862133800983429
2003,7,SW,number_of_events,1.0
2003,7,SW,sum_area_km2,58.949695276924594
2003,8,SW,activity_degC_days_m2,140050871917.79044
2003,8,SW,mean_area_km2,47.95875186512186
2003,8,SW,mean_duration_days,9.533333333333333
2003,8,SW,mean_intensity_degC,1.705445647239685
2003,8,SW,number_of_events,15.0
2003,8,SW,sum_area_km2,719.381277976828
2003,9,SW,activity_degC_days_m2,45554696955.76245
2003,9,SW,mean_area_km2,54.241072437174125
2003,9,SW,mean_duration_days,7.8
2003,9,SW,mean_intensity_degC,1.5088528394699097
2003,9,SW,number_of_events,5.0
2003,9,SW,sum_area_km2,271.2053621858706
2003,10,SW,activity_degC_days_m2,4239034247.784097
2003,10,SW,mean_intensity_degC,1.3446495532989502
2003,11,SW,activity_degC_days_m2,0.0
2003,11,SW,mean_intensity_degC,
2003,12,SW,activity_degC_days_m2,0.0
2003,12,SW,mean_intensity_degC,
2004,1,SW,activity_degC_days_m2,0.0
2004,1,SW,mean_intensity_degC,
2004,2,SW,activity_degC_days_m2,0.0
2004,2,SW,mean_intensity_degC,
2004,3,SW,activity_degC_days_m2,0.0
2004,3,SW,mean_intensity_degC,
2004,4,SW,activity_degC_days_m2,0.0
2004,4,SW,mean_intensity_degC,
2004,5,SW,activity_degC_days_m2,0.0
2004,5,SW,mean_intensity_degC,
2004,6,SW,activity_degC_days_m2,24914112139.18474
2004,6,SW,mean_area_km2,53.06157529752148
2004,6,SW,mean_duration_days,7.0
2004,6,SW,mean_intensity_degC,1.419714093208313
2004,6,SW,number_of_events,4.0
2004,6,SW,sum_area_km2,212.24630119008592
2004,7,SW,activity_degC_days_m2,0.0
2004,7,SW,mean_intensity_degC,
2004,8,SW,activity_degC_days_m2,195345457965.89276
2004,8,SW,mean_area_km2,48.85691525734424
2004,8,SW,mean_duration_days,13.0
2004,8,SW,mean_intensity_degC,1.7552404403686523
2004,8,SW,number_of_events,13.0
2004,8,SW,sum_area_km2,635.1398983454751
2004,9,SW,activity_degC_days_m2,4344626608.766508
2004,9,SW,mean_area_km2,45.49338074789496
2004,9,SW,mean_duration_days,5.0
2004,9,SW,mean_intensity_degC,1.4244991540908813
2004,9,SW,number_of_events,1.0
2004,9,SW,sum_area_km2,45.49338074789496
2004,10,SW,activity_degC_days_m2,0.0
2004,10,SW,mean_intensity_degC,
2004,11,SW,activity_degC_days_m2,0.0
2004,11,SW,mean_intensity_degC,
2004,12,SW,activity_degC_days_m2,0.0
2004,12,SW,mean_intensity_degC,
2005,1,SW,activity_degC_days_m2,0.0
2005,1,SW,mean_intensity_degC,
2005,2,SW,activity_degC_days_m2,0.0
2005,2,SW,mean_intensity_degC,
2005,3,SW,activity_degC_days_m2,0.0
2005,3,SW,mean_intensity_degC,
2005,4,SW,activity_degC_days_m2,0.0
2005,4,SW,mean_intensity_degC,
2005,5,SW,activity_degC_days_m2,0.0
2005,5,SW,mean_intensity_degC,
2005,6,SW,activity_degC_days_m2,125279587372.17627
2005,6,SW,mean_area_km2,45.23262777687378
2005,6,SW,mean_duration_days,9.846153846153847
2005,6,SW,mean_intensity_degC,1.7229052782058716
2005,6,SW,number_of_events,13.0
2005,6,SW,sum_area_km2,588.024161099359
2005,7,SW,activity_degC_days_m2,65996494035.94116
2005,7,SW,mean_area_km2,48.596974175257536
2005,7,SW,mean_duration_days,5.769230769230769
2005,7,SW,mean_intensity_degC,1.2546353340148926
2005,7,SW,number_of_events,13.0
2005,7,SW,sum_area_km2,631.7606642783479
2005,8,SW,activity_degC_days_m2,60065497028.23424
2005,8,SW,mean_area_km2,45.86573984169089
2005,8,SW,mean_duration_days,6.555555555555555
2005,8,SW,mean_intensity_degC,1.589400291442871
2005,8,SW,number_of_events,9.0
2005,8,SW,sum_area_km2,412.79165857521804
2005,9,SW,activity_degC_days_m2,3260020718.668525
2005,9,SW,mean_intensity_degC,1.3411915302276611
2005,10,SW,activity_degC_days_m2,5946219805.675985
2005,10,SW,mean_area_km2,55.5871400068864
2005,10,SW,mean_duration_days,7.0
2005,10,SW,mean_intensity_degC,1.4070333242416382
2005,10,SW,number_of_events,1.0
2005,10,SW,sum_area_km2,55.5871400068864
2005,11,SW,activity_degC_days_m2,9907128774.808468
2005,11,SW,mean_area_km2,57.26841764190551
2005,11,SW,mean_duration_days,5.5
2005,11,SW,mean_intensity_degC,1.4798516035079956
2005,11,SW,number_of_events,2.0
2005,11,SW,sum_area_km2,114.53683528381102
2005,12,SW,activity_degC_days_m2,0.0
2005,12,SW,mean_intensity_degC,
2006,1,SW,activity_degC_days_m2,0.0
2006,1,SW,mean_intensity_degC,
2006,2,SW,activity_degC_days_m2,0.0
2006,2,SW,mean_intensity_degC,
2006,3,SW,activity_degC_days_m2,1407531021.1840162
2006,3,SW,mean_area_km2,38.75977062935038
2006,3,SW,mean_duration_days,5.0
2006,3,SW,mean_intensity_degC,1.1460046768188477
2006,3,SW,number_of_events,2.0
2006,3,SW,sum_area_km2,77.51954125870076
2006,4,SW,activity_degC_days_m2,5009640437.764788
2006,4,SW,mean_intensity_degC,1.0197060108184814
2006,5,SW,activity_degC_days_m2,11442868542.530922
2006,5,SW,mean_area_km2,58.949695276924594
2006,5,SW,mean_duration_days,16.0
2006,5,SW,mean_intensity_degC,1.1887685060501099
2006,5,SW,number_of_events,1.0
2006,5,SW,sum_area_km2,58.949695276924594
2006,6,SW,activity_degC_days_m2,408478670020.51624
2006,6,SW,mean_area_km2,46.9873577714707
2006,6,SW,mean_duration_days,29.166666666666668
2006,6,SW,mean_intensity_degC,1.9937024116516113
2006,6,SW,number_of_events,18.0
2006,6,SW,sum_area_km2,845.7724398864725
2006,7,SW,activity_degC_days_m2,352848813156.9206
2006,7,SW,mean_area_km2,49.52910101122108
2006,7,SW,mean_duration_days,35.5
2006,7,SW,mean_intensity_degC,1.572770118713379
2006,7,SW,number_of_events,10.0
2006,7,SW,sum_area_km2,495.2910101122108
2006,8,SW,activity_degC_days_m2,239435565820.03064
2006,8,SW,mean_area_km2,52.22352646783737
2006,8,SW,mean_duration_days,6.0
2006,8,SW,mean_intensity_degC,1.8149563074111938
2006,8,SW,number_of_events,1.0
2006,8,SW,sum_area_km2,52.22352646783737
2006,9,SW,activity_degC_days_m2,37544253318.80634
2006,9,SW,mean_area_km2,45.97118885375748
2006,9,SW,mean_duration_days,8.714285714285714
2006,9,SW,mean_intensity_degC,1.694902777671814
2006,9,SW,number_of_events,7.0
2006,9,SW,sum_area_km2,321.79832197630236
2006,10,SW,activity_degC_days_m2,130342039725.76442
2006,10,SW,mean_area_km2,48.148772207149406
2006,10,SW,mean_duration_days,33.473684210526315
2006,10,SW,mean_intensity_degC,1.6851401329040527
2006,10,SW,number_of_events,19.0
2006,10,SW,sum_area_km2,914.8266719358387
2006,11,SW,activity_degC_days_m2,564835255420.5614
2006,11,SW,mean_area_km2,35.39182665386661
2006,11,SW,mean_duration_days,30.0
2006,11,SW,mean_intensity_degC,2.210247039794922
2006,11,SW,number_of_events,1.0
2006,11,SW,sum_area_km2,35.39182665386661
2006,12,SW,activity_degC_days_m2,160080221951.1216
2006,12,SW,mean_area_km2,35.39182665386661
2006,12,SW,mean_duration_days,6.0
2006,12,SW,mean_intensity_degC,1.62925124168396
2006,12,SW,number_of_events,1.0
2006,12,SW,sum_area_km2,35.39182665386661
2007,1,SW,activity_degC_days_m2,0.0
2007,1,SW,mean_intensity_degC,
2007,2,SW,activity_degC_days_m2,0.0
2007,2,SW,mean_intensity_degC,
2007,3,SW,activity_degC_days_m2,0.0
2007,3,SW,mean_intensity_degC,
2007,4,SW,activity_degC_days_m2,0.0
2007,4,SW,mean_intensity_degC,
2007,5,SW,activity_degC_days_m2,0.0
2007,5,SW,mean_intensity_degC,
2007,6,SW,activity_degC_days_m2,0.0
2007,6,SW,mean_intensity_degC,
2007,7,SW,activity_degC_days_m2,6590712729.8574505
2007,7,SW,mean_area_km2,57.268417641905494
2007,7,SW,mean_duration_days,7.25
2007,7,SW,mean_intensity_degC,1.218199610710144
2007,7,SW,number_of_events,4.0
2007,7,SW,sum_area_km2,229.07367056762197
2007,8,SW,activity_degC_days_m2,19140347822.872192
2007,8,SW,mean_intensity_degC,1.588034749031067
2007,9,SW,activity_degC_days_m2,0.0
2007,9,SW,mean_intensity_degC,
2007,10,SW,activity_degC_days_m2,8610709960.13028
2007,10,SW,mean_area_km2,35.39182665386661
2007,10,SW,mean_duration_days,7.0
2007,10,SW,mean_intensity_degC,1.996449589729309
2007,10,SW,number_of_events,1.0
2007,10,SW,sum_area_km2,35.39182665386661
2007,11,SW,activity_degC_days_m2,25074660475.90402
2007,11,SW,mean_area_km2,37.63712263752246
2007,11,SW,mean_duration_days,8.333333333333334
2007,11,SW,mean_intensity_degC,1.6306120157241821
2007,11,SW,number_of_events,3.0
2007,11,SW,sum_area_km2,112.91136791256737
2007,12,SW,activity_degC_days_m2,45462211043.71344
2007,12,SW,mean_area_km2,44.145805443171966
2007,12,SW,mean_duration_days,8.3
2007,12,SW,mean_intensity_degC,0.9860228300094604
2007,12,SW,number_of_events,10.0
2007,12,SW,sum_area_km2,441.4580544317197
2008,1,SW,activity_degC_days_m2,26302897651.215828
2008,1,SW,mean_area_km2,42.798377733469685
2008,1,SW,mean_duration_days,8.6
2008,1,SW,mean_intensity_degC,0.8992325663566589
2008,1,SW,number_of_events,5.0
2008,1,SW,sum_area_km2,213.99188866734843
2008,2,SW,activity_degC_days_m2,207710791276.7366
2008,2,SW,mean_area_km2,47.48569461932439
2008,2,SW,mean_duration_days,16.22222222222222
2008,2,SW,mean_intensity_degC,1.2023171186447144
2008,2,SW,number_of_events,27.0
2008,2,SW,sum_area_km2,1282.1137547217586
2008,3,SW,activity_degC_days_m2,127427285952.61563
2008,3,SW,mean_intensity_degC,1.1843311786651611
2008,4,SW,activity_degC_days_m2,0.0
2008,4,SW,mean_intensity_degC,
2008,5,SW,activity_degC_days_m2,0.0
2008,5,SW,mean_intensity_degC,
2008,6,SW,activity_degC_days_m2,0.0
2008,6,SW,mean_intensity_degC,
2008,7,SW,activity_degC_days_m2,0.0
2008,7,SW,mean_intensity_degC,
2008,8,SW,activity_degC_days_m2,0.0
2008,8,SW,mean_intensity_degC,
2008,9,SW,activity_degC_days_m2,0.0
2008,9,SW,mean_intensity_degC,
2008,10,SW,activity_degC_days_m2,0.0
2008,10,SW,mean_intensity_degC,
2008,11,SW,activity_degC_days_m2,0.0
2008,11,SW,mean_intensity_degC,
2008,12,SW,activity_degC_days_m2,0.0
2008,12,SW,mean_intensity_degC,
2009,1,SW,activity_degC_days_m2,0.0
2009,1,SW,mean_intensity_degC,
2009,2,SW,activity_degC_days_m2,0.0
2009,2,SW,mean_intensity_degC,
2009,3,SW,activity_degC_days_m2,0.0
2009,3,SW,mean_intensity_degC,
2009,4,SW,activity_degC_days_m2,0.0
2009,4,SW,mean_intensity_degC,
2009,5,SW,activity_degC_days_m2,0.0
2009,5,SW,mean_intensity_degC,
2009,6,SW,activity_degC_days_m2,193340089420.5804
2009,6,SW,mean_area_km2,47.89512321423869
2009,6,SW,mean_duration_days,20.071428571428573
2009,6,SW,mean_intensity_degC,1.7520183324813843
2009,6,SW,number_of_events,14.0
2009,6,SW,sum_area_km2,670.5317249993416
2009,7,SW,activity_degC_days_m2,142362550457.33575
2009,7,SW,mean_area_km2,58.94969527692461
2009,7,SW,mean_duration_days,5.0
2009,7,SW,mean_intensity_degC,1.687726616859436
2009,7,SW,number_of_events,2.0
2009,7,SW,sum_area_km2,117.89939055384922
2009,8,SW,activity_degC_days_m2,0.0
2009,8,SW,mean_intensity_degC,
2009,9,SW,activity_degC_days_m2,0.0
2009,9,SW,mean_intensity_degC,
2009,10,SW,activity_degC_days_m2,110503606306.48743
2009,10,SW,mean_area_km2,48.549219547518284
2009,10,SW,mean_duration_days,15.636363636363637
2009,10,SW,mean_intensity_degC,1.6872575283050537
2009,10,SW,number_of_events,11.0
2009,10,SW,sum_area_km2,534.0414150227011
2009,11,SW,activity_degC_days_m2,98141074328.24287
2009,11,SW,mean_area_km2,53.34473098085379
2009,11,SW,mean_duration_days,7.333333333333333
2009,11,SW,mean_intensity_degC,1.7907506227493286
2009,11,SW,number_of_events,3.0
2009,11,SW,sum_area_km2,160.03419294256136
2009,12,SW,activity_degC_days_m2,0.0
2009,12,SW,mean_intensity_degC,
2010,1,SW,activity_degC_days_m2,0.0
2010,1,SW,mean_intensity_degC,
2010,2,SW,activity_degC_days_m2,1830287352.0349345
2010,2,SW,mean_area_km2,40.44337366251045
2010,2,SW,mean_duration_days,7.5
2010,2,SW,mean_intensity_degC,0.9840166568756104
2010,2,SW,number_of_events,2.0
2010,2,SW,sum_area_km2,80.8867473250209
2010,3,SW,activity_degC_days_m2,17545889340.74151
2010,3,SW,mean_area_km2,41.00457467356387
2010,3,SW,mean_duration_days,6.0
2010,3,SW,mean_intensity_degC,0.9404187202453613
2010,3,SW,number_of_events,3.0
2010,3,SW,sum_area_km2,123.01372402069164
2010,4,SW,activity_degC_days_m2,215987940063.8767
2010,4,SW,mean_area_km2,48.183471215536535
2010,4,SW,mean_duration_days,11.4
2010,4,SW,mean_intensity_degC,1.632508635520935
2010,4,SW,number_of_events,20.0
2010,4,SW,sum_area_km2,963.6694243107307
2010,5,SW,activity_degC_days_m2,54093541959.6884
2010,5,SW,mean_area_km2,45.49092680918812
2010,5,SW,mean_duration_days,6.333333333333333
2010,5,SW,mean_intensity_degC,1.297378659248352
2010,5,SW,number_of_events,6.0
2010,5,SW,sum_area_km2,272.9455608551287
2010,6,SW,activity_degC_days_m2,5535418992.316745
2010,6,SW,mean_intensity_degC,1.5255889892578125
2010,7,SW,activity_degC_days_m2,4251211480.531687
2010,7,SW,mean_area_km2,45.49338074789496
2010,7,SW,mean_duration_days,5.0
2010,7,SW,mean_intensity_degC,1.3938705921173096
2010,7,SW,number_of_events,1.0
2010,7,SW,sum_area_km2,45.49338074789496
2010,8,SW,activity_degC_days_m2,0.0
2010,8,SW,mean_intensity_degC,
2010,9,SW,activity_degC_days_m2,0.0
2010,9,SW,mean_intensity_degC,
2010,10,SW,activity_degC_days_m2,0.0
2010,10,SW,mean_intensity_degC,
2010,11,SW,activity_degC_days_m2,0.0
2010,11,SW,mean_intensity_degC,
2010,12,SW,activity_degC_days_m2,0.0
2010,12,SW,mean_intensity_degC,
2011,1,SW,activity_degC_days_m2,19975613394.433617
2011,1,SW,mean_area_km2,48.61666279238355
2011,1,SW,mean_duration_days,11.642857142857142
2011,1,SW,mean_intensity_degC,1.0151225328445435
2011,1,SW,number_of_events,14.0
2011,1,SW,sum_area_km2,680.6332790933698
2011,2,SW,activity_degC_days_m2,106208068201.24149
2011,2,SW,mean_area_km2,42.80009710329625
2011,2,SW,mean_duration_days,5.0
2011,2,SW,mean_intensity_degC,1.1166120767593384
2011,2,SW,number_of_events,5.0
2011,2,SW,sum_area_km2,214.00048551648126
2011,3,SW,activity_degC_days_m2,14978394886.470192
2011,3,SW,mean_area_km2,45.97307663962116
2011,3,SW,mean_duration_days,9.857142857142858
2011,3,SW,mean_intensity_degC,1.170168399810791
2011,3,SW,number_of_events,7.0
2011,3,SW,sum_area_km2,321.81153647734817
2011,4,SW,activity_degC_days_m2,329262042936.1613
2011,4,SW,mean_area_km2,49.6044014865487
2011,4,SW,mean_duration_days,47.27777777777778
2011,4,SW,mean_intensity_degC,1.5384293794631958
2011,4,SW,number_of_events,18.0
2011,4,SW,sum_area_km2,892.8792267578766
2011,5,SW,activity_degC_days_m2,611696708588.2416
2011,5,SW,mean_intensity_degC,2.315145492553711
2011,6,SW,activity_degC_days_m2,187708665792.0339
2011,6,SW,mean_area_km2,55.5871400068864
2011,6,SW,mean_duration_days,6.0
2011,6,SW,mean_intensity_degC,1.8018605709075928
2011,6,SW,number_of_events,1.0
2011,6,SW,sum_area_km2,55.5871400068864
2011,7,SW,activity_degC_days_m2,0.0
2011,7,SW,mean_intensity_degC,
2011,8,SW,activity_degC_days_m2,0.0
2011,8,SW,mean_intensity_degC,
2011,9,SW,activity_degC_days_m2,4380734233.567438
2011,9,SW,mean_area_km2,49.976220645892525
2011,9,SW,mean_duration_days,14.666666666666666
2011,9,SW,mean_intensity_degC,1.44051992893219
2011,9,SW,number_of_events,3.0
2011,9,SW,sum_area_km2,149.92866193767756
2011,10,SW,activity_degC_days_m2,165888247392.5561
2011,10,SW,mean_area_km2,49.69756349977205
2011,10,SW,mean_duration_days,9.333333333333334
2011,10,SW,mean_intensity_degC,1.773193597793579
2011,10,SW,number_of_events,12.0
2011,10,SW,sum_area_km2,596.3707619972646
2011,11,SW,activity_degC_days_m2,0.0
2011,11,SW,mean_intensity_degC,
2011,12,SW,activity_degC_days_m2,0.0
2011,12,SW,mean_intensity_degC,
2012,1,SW,activity_degC_days_m2,0.0
2012,1,SW,mean_intensity_degC,
2012,2,SW,activity_degC_days_m2,0.0
2012,2,SW,mean_intensity_degC,
2012,3,SW,activity_degC_days_m2,0.0
2012,3,SW,mean_intensity_degC,
2012,4,SW,activity_degC_days_m2,0.0
2012,4,SW,mean_intensity_degC,
2012,5,SW,activity_degC_days_m2,0.0
2012,5,SW,mean_intensity_degC,
2012,6,SW,activity_degC_days_m2,0.0
2012,6,SW,mean_intensity_degC,
2012,7,SW,activity_degC_days_m2,0.0
2012,7,SW,mean_intensity_degC,
2012,8,SW,activity_degC_days_m2,72621561103.00867
2012,8,SW,mean_area_km2,57.268417641905494
2012,8,SW,mean_duration_days,13.5
2012,8,SW,mean_intensity_degC,2.1029422283172607
2012,8,SW,number_of_events,4.0
2012,8,SW,sum_area_km2,229.07367056762197
2012,9,SW,activity_degC_days_m2,194161321180.7889
2012,9,SW,mean_area_km2,49.52976825519408
2012,9,SW,mean_duration_days,17.3
2012,9,SW,mean_intensity_degC,1.8190312385559082
2012,9,SW,number_of_events,10.0
2012,9,SW,sum_area_km2,495.29768255194074
2012,10,SW,activity_degC_days_m2,43609923978.820015
2012,10,SW,mean_area_km2,51.10004479203266
2012,10,SW,mean_duration_days,6.666666666666667
2012,10,SW,mean_intensity_degC,1.7591842412948608
2012,10,SW,number_of_events,6.0
2012,10,SW,sum_area_km2,306.600268752196
2012,11,SW,activity_degC_days_m2,6034018718.460583
2012,11,SW,mean_area_km2,52.22352646783759
2012,11,SW,mean_duration_days,7.0
2012,11,SW,mean_intensity_degC,1.422861933708191
2012,11,SW,number_of_events,1.0
2012,11,SW,sum_area_km2,52.22352646783759
2012,12,SW,activity_degC_days_m2,0.0
2012,12,SW,mean_intensity_degC,
2013,1,SW,activity_degC_days_m2,0.0
2013,1,SW,mean_intensity_degC,
2013,2,SW,activity_degC_days_m2,0.0
2013,2,SW,mean_intensity_degC,
2013,3,SW,activity_degC_days_m2,0.0
2013,3,SW,mean_intensity_degC,
2013,4,SW,activity_degC_days_m2,0.0
2013,4,SW,mean_intensity_degC,
2013,5,SW,activity_degC_days_m2,0.0
2013,5,SW,mean_intensity_degC,
2013,6,SW,activity_degC_days_m2,0.0
2013,6,SW,mean_intensity_degC,
2013,7,SW,activity_degC_days_m2,43487547754.96783
2013,7,SW,mean_area_km2,44.36877077033511
2013,7,SW,mean_duration_days,8.5
2013,7,SW,mean_intensity_degC,1.3981505632400513
2013,7,SW,number_of_events,6.0
2013,7,SW,sum_area_km2,266.21262462201065
2013,8,SW,activity_degC_days_m2,3129848642.0665884
2013,8,SW,mean_area_km2,35.39182665386661
2013,8,SW,mean_duration_days,18.0
2013,8,SW,mean_intensity_degC,1.3336063623428345
2013,8,SW,number_of_events,1.0
2013,8,SW,sum_area_km2,35.39182665386661
2013,9,SW,activity_degC_days_m2,57822710982.86594
2013,9,SW,mean_area_km2,38.75966521375558
2013,9,SW,mean_duration_days,9.0
2013,9,SW,mean_intensity_degC,1.6471716165542603
2013,9,SW,number_of_events,7.0
2013,9,SW,sum_area_km2,271.3176564962891
2013,10,SW,activity_degC_days_m2,158672848690.81128
2013,10,SW,mean_area_km2,49.86706618098496
2013,10,SW,mean_duration_days,12.8
2013,10,SW,mean_intensity_degC,1.6404610872268677
2013,10,SW,number_of_events,10.0
2013,10,SW,sum_area_km2,498.67066180984966
2013,11,SW,activity_degC_days_m2,0.0
2013,11,SW,mean_intensity_degC,
2013,12,SW,activity_degC_days_m2,0.0
2013,12,SW,mean_intensity_degC,
2014,1,SW,activity_degC_days_m2,0.0
2014,1,SW,mean_intensity_degC,
2014,2,SW,activity_degC_days_m2,0.0
2014,2,SW,mean_intensity_degC,
2014,3,SW,activity_degC_days_m2,0.0
2014,3,SW,mean_intensity_degC,
2014,4,SW,activity_degC_days_m2,0.0
2014,4,SW,mean_intensity_degC,
2014,5,SW,activity_degC_days_m2,4973942873.933273
2014,5,SW,mean_area_km2,35.39182665386661
2014,5,SW,mean_duration_days,6.0
2014,5,SW,mean_intensity_degC,1.3454481363296509
2014,5,SW,number_of_events,1.0
2014,5,SW,sum_area_km2,35.39182665386661
2014,6,SW,activity_degC_days_m2,0.0
2014,6,SW,mean_intensity_degC,
2014,7,SW,activity_degC_days_m2,0.0
2014,7,SW,mean_intensity_degC,
2014,8,SW,activity_degC_days_m2,6598437555.4998455
2014,8,SW,mean_area_km2,55.58714000688637
2014,8,SW,mean_duration_days,5.0
2014,8,SW,mean_intensity_degC,2.1859116554260254
2014,8,SW,number_of_events,1.0
2014,8,SW,sum_area_km2,55.58714000688637
2014,9,SW,activity_degC_days_m2,532513843342.4034
2014,9,SW,mean_area_km2,47.89512321423869
2014,9,SW,mean_duration_days,34.714285714285715
2014,9,SW,mean_intensity_degC,2.430759906768799
2014,9,SW,number_of_events,14.0
2014,9,SW,sum_area_km2,670.5317249993416
2014,10,SW,activity_degC_days_m2,403794500568.8778
2014,10,SW,mean_area_km2,47.89512321423869
2014,10,SW,mean_duration_days,18.0
2014,10,SW,mean_intensity_degC,2.0604777336120605
2014,10,SW,number_of_events,14.0
2014,10,SW,sum_area_km2,670.5317249993416
2014,11,SW,activity_degC_days_m2,110242704545.51009
2014,11,SW,mean_area_km2,48.85473295313747
2014,11,SW,mean_duration_days,7.5
2014,11,SW,mean_intensity_degC,1.7796316146850586
2014,11,SW,number_of_events,2.0
2014,11,SW,sum_area_km2,97.70946590627494
2014,12,SW,activity_degC_days_m2,0.0
2014,12,SW,mean_intensity_degC,
2015,1,SW,activity_degC_days_m2,0.0
2015,1,SW,mean_intensity_degC,
2015,2,SW,activity_degC_days_m2,0.0
2015,2,SW,mean_intensity_degC,
2015,3,SW,activity_degC_days_m2,0.0
2015,3,SW,mean_intensity_degC,
2015,4,SW,activity_degC_days_m2,5946824902.53118
2015,4,SW,mean_area_km2,40.44311700863392
2015,4,SW,mean_duration_days,17.833333333333332
2015,4,SW,mean_intensity_degC,1.0637032985687256
2015,4,SW,number_of_events,6.0
2015,4,SW,sum_area_km2,242.65870205180352
2015,5,SW,activity_degC_days_m2,141214226382.42755
2015,5,SW,mean_area_km2,51.66227206561482
2015,5,SW,mean_duration_days,9.5
2015,5,SW,mean_intensity_degC,1.4773935079574585
2015,5,SW,number_of_events,6.0
2015,5,SW,sum_area_km2,309.97363239368894
2015,6,SW,activity_degC_days_m2,34340807345.212933
2015,6,SW,mean_area_km2,37.07579864160852
2015,6,SW,mean_duration_days,14.0
2015,6,SW,mean_intensity_degC,1.959472894668579
2015,6,SW,number_of_events,2.0
2015,6,SW,sum_area_km2,74.15159728321704
2015,7,SW,activity_degC_days_m2,10215656857.121677
2015,7,SW,mean_area_km2,52.22220083088562
2015,7,SW,mean_duration_days,5.0
2015,7,SW,mean_intensity_degC,1.1793394088745117
2015,7,SW,number_of_events,3.0
2015,7,SW,sum_area_km2,156.66660249265686
2015,8,SW,activity_degC_days_m2,20496377318.26593
2015,8,SW,mean_area_km2,53.90449404071758
2015,8,SW,mean_duration_days,5.5
2015,8,SW,mean_intensity_degC,1.4897899627685547
2015,8,SW,number_of_events,6.0
2015,8,SW,sum_area_km2,323.4269642443055
2015,9,SW,activity_degC_days_m2,7453688815.349554
2015,9,SW,mean_intensity_degC,1.1147023439407349
2015,10,SW,activity_degC_days_m2,62195790107.596725
2015,10,SW,mean_area_km2,54.62566317137764
2015,10,SW,mean_duration_days,8.0
2015,10,SW,mean_intensity_degC,1.7554274797439575
2015,10,SW,number_of_events,7.0
2015,10,SW,sum_area_km2,382.37964219964346
2015,11,SW,activity_degC_days_m2,177885117785.9024
2015,11,SW,mean_area_km2,48.856625313319654
2015,11,SW,mean_duration_days,10.6875
2015,11,SW,mean_intensity_degC,1.6814548969268799
2015,11,SW,number_of_events,16.0
2015,11,SW,sum_area_km2,781.7060050131145
2015,12,SW,activity_degC_days_m2,204333760051.00793
2015,12,SW,mean_area_km2,47.89512321423869
2015,12,SW,mean_duration_days,34.57142857142857
2015,12,SW,mean_intensity_degC,1.2751350402832031
2015,12,SW,number_of_events,14.0
2015,12,SW,sum_area_km2,670.5317249993416
2016,1,SW,activity_degC_days_m2,244896165029.75064
2016,1,SW,mean_area_km2,45.49199944147579
2016,1,SW,mean_duration_days,20.8125
2016,1,SW,mean_intensity_degC,1.0615692138671875
2016,1,SW,number_of_events,16.0
2016,1,SW,sum_area_km2,727.8719910636127
2016,2,SW,activity_degC_days_m2,131792241969.41101
2016,2,SW,mean_area_km2,38.75977062935038
2016,2,SW,mean_duration_days,5.5
2016,2,SW,mean_intensity_degC,1.0689671039581299
2016,2,SW,number_of_events,2.0
2016,2,SW,sum_area_km2,77.51954125870076
2016,3,SW,activity_degC_days_m2,0.0
2016,3,SW,mean_intensity_degC,
2016,4,SW,activity_degC_days_m2,0.0
2016,4,SW,mean_intensity_degC,
2016,5,SW,activity_degC_days_m2,0.0
2016,5,SW,mean_intensity_degC,
2016,6,SW,activity_degC_days_m2,7991099576.695745
2016,6,SW,mean_area_km2,58.94969527692461
2016,6,SW,mean_duration_days,5.0
2016,6,SW,mean_intensity_degC,1.328277826309204
2016,6,SW,number_of_events,2.0
2016,6,SW,sum_area_km2,117.89939055384922
2016,7,SW,activity_degC_days_m2,11590121736.509075
2016,7,SW,mean_area_km2,35.39182665386661
2016,7,SW,mean_duration_days,9.0
2016,7,SW,mean_intensity_degC,2.0900800228118896
2016,7,SW,number_of_events,1.0
2016,7,SW,sum_area_km2,35.39182665386661
2016,8,SW,activity_degC_days_m2,192523874422.93015
2016,8,SW,mean_area_km2,43.24828088487579
2016,8,SW,mean_duration_days,20.444444444444443
2016,8,SW,mean_intensity_degC,2.2756354808807373
2016,8,SW,number_of_events,9.0
2016,8,SW,sum_area_km2,389.2345279638821
2016,9,SW,activity_degC_days_m2,46359956114.45384
2016,9,SW,mean_intensity_degC,1.7426179647445679
2016,10,SW,activity_degC_days_m2,0.0
2016,10,SW,mean_intensity_degC,
2016,11,SW,activity_degC_days_m2,5819986322.471607
2016,11,SW,mean_area_km2,35.39182665386661
2016,11,SW,mean_duration_days,6.0
2016,11,SW,mean_intensity_degC,1.574302315711975
2016,11,SW,number_of_events,1.0
2016,11,SW,sum_area_km2,35.39182665386661
2016,12,SW,activity_degC_days_m2,138654298147.9514
2016,12,SW,mean_area_km2,45.18592676714601
2016,12,SW,mean_duration_days,16.818181818181817
2016,12,SW,mean_intensity_degC,1.1655974388122559
2016,12,SW,number_of_events,11.0
2016,12,SW,sum_area_km2,497.0451944386061
2017,1,SW,activity_degC_days_m2,7705795981.042985
2017,1,SW,mean_area_km2,55.58661087238099
2017,1,SW,mean_duration_days,5.5
2017,1,SW,mean_intensity_degC,0.971777081489563
2017,1,SW,number_of_events,2.0
2017,1,SW,sum_area_km2,111.17322174476197
2017,2,SW,activity_degC_days_m2,0.0
2017,2,SW,mean_intensity_degC,
2017,3,SW,activity_degC_days_m2,0.0
2017,3,SW,mean_intensity_degC,
2017,4,SW,activity_degC_days_m2,15763663607.036669
2017,4,SW,mean_area_km2,38.75952465962917
2017,4,SW,mean_duration_days,6.0
2017,4,SW,mean_intensity_degC,1.370821237564087
2017,4,SW,number_of_events,3.0
2017,4,SW,sum_area_km2,116.27857397888752
2017,5,SW,activity_degC_days_m2,270242321469.1796
2017,5,SW,mean_area_km2,48.63209468508442
2017,5,SW,mean_duration_days,21.133333333333333
2017,5,SW,mean_intensity_degC,1.4587256908416748
2017,5,SW,number_of_events,15.0
2017,5,SW,sum_area_km2,729.4814202762662
2017,6,SW,activity_degC_days_m2,143574352052.76926
2017,6,SW,mean_area_km2,47.7345681486341
2017,6,SW,mean_duration_days,9.0
2017,6,SW,mean_intensity_degC,1.9027104377746582
2017,6,SW,number_of_events,12.0
2017,6,SW,sum_area_km2,572.8148177836091
2017,7,SW,activity_degC_days_m2,0.0
2017,7,SW,mean_intensity_degC,
2017,8,SW,activity_degC_days_m2,4523843899.946366
2017,8,SW,mean_area_km2,35.39182665386661
2017,8,SW,mean_duration_days,5.0
2017,8,SW,mean_intensity_degC,1.4684360027313232
2017,8,SW,number_of_events,1.0
2017,8,SW,sum_area_km2,35.39182665386661
2017,9,SW,activity_degC_days_m2,0.0
2017,9,SW,mean_intensity_degC,
2017,10,SW,activity_degC_days_m2,1140284736.621457
2017,10,SW,mean_area_km2,35.39182665386661
2017,10,SW,mean_duration_days,9.0
2017,10,SW,mean_intensity_degC,1.850677490234375
2017,10,SW,number_of_events,1.0
2017,10,SW,sum_area_km2,35.39182665386661
2017,11,SW,activity_degC_days_m2,24423813941.92322
2017,11,SW,mean_area_km2,38.75952465962917
2017,11,SW,mean_duration_days,8.0
2017,11,SW,mean_intensity_degC,1.7927523851394653
2017,11,SW,number_of_events,3.0
2017,11,SW,sum_area_km2,116.27857397888752
2017,12,SW,activity_degC_days_m2,9042600348.924736
2017,12,SW,mean_intensity_degC,1.4676103591918945
2018,1,SW,activity_degC_days_m2,0.0
2018,1,SW,mean_intensity_degC,
2018,2,SW,activity_degC_days_m2,0.0
2018,2,SW,mean_intensity_degC,
2018,3,SW,activity_degC_days_m2,0.0
2018,3,SW,mean_intensity_degC,
2018,4,SW,activity_degC_days_m2,0.0
2018,4,SW,mean_intensity_degC,
2018,5,SW,activity_degC_days_m2,0.0
2018,5,SW,mean_intensity_degC,
2018,6,SW,activity_degC_days_m2,0.0
2018,6,SW,mean_intensity_degC,
2018,7,SW,activity_degC_days_m2,5012814253.697136
2018,7,SW,mean_area_km2,55.5871400068864
2018,7,SW,mean_duration_days,8.0
2018,7,SW,mean_intensity_degC,1.0378942489624023
2018,7,SW,number_of_events,1.0
2018,7,SW,sum_area_km2,55.5871400068864
2018,8,SW,activity_degC_days_m2,0.0
2018,8,SW,mean_intensity_degC,
2018,9,SW,activity_degC_days_m2,14966978327.331114
2018,9,SW,mean_area_km2,38.75952465962917
2018,9,SW,mean_duration_days,15.333333333333334
2018,9,SW,mean_intensity_degC,1.8253146409988403
2018,9,SW,number_of_events,3.0
2018,9,SW,sum_area_km2,116.27857397888752
2018,10,SW,activity_degC_days_m2,78381709897.64864
2018,10,SW,mean_area_km2,42.96837720520267
2018,10,SW,mean_duration_days,6.5
2018,10,SW,mean_intensity_degC,1.9729077816009521
2018,10,SW,number_of_events,4.0
2018,10,SW,sum_area_km2,171.87350882081068
2018,11,SW,activity_degC_days_m2,0.0
2018,11,SW,mean_intensity_degC,
2018,12,SW,activity_degC_days_m2,0.0
2018,12,SW,mean_intensity_degC,
2019,1,SW,activity_degC_days_m2,0.0
2019,1,SW,mean_intensity_degC,
2019,2,SW,activity_degC_days_m2,5927214436.285576
2019,2,SW,mean_area_km2,37.07579864160852
2019,2,SW,mean_duration_days,6.0
2019,2,SW,mean_intensity_degC,1.0777130126953125
2019,2,SW,number_of_events,2.0
2019,2,SW,sum_area_km2,74.15159728321704
2019,3,SW,activity_degC_days_m2,1547450630.8004894
2019,3,SW,mean_intensity_degC,0.8371686935424805
2019,4,SW,activity_degC_days_m2,0.0
2019,4,SW,mean_intensity_degC,
2019,5,SW,activity_degC_days_m2,0.0
2019,5,SW,mean_intensity_degC,
2019,6,SW,activity_degC_days_m2,0.0
2019,6,SW,mean_intensity_degC,
2019,7,SW,activity_degC_days_m2,0.0
2019,7,SW,mean_intensity_degC,
2019,8,SW,activity_degC_days_m2,0.0
2019,8,SW,mean_intensity_degC,
2019,9,SW,activity_degC_days_m2,0.0
2019,9,SW,mean_intensity_degC,
2019,10,SW,activity_degC_days_m2,0.0
2019,10,SW,mean_intensity_degC,
2019,11,SW,activity_degC_days_m2,0.0
2019,11,SW,mean_intensity_degC,
2019,12,SW,activity_degC_days_m2,0.0
2019,12,SW,mean_intensity_degC,
2020,1,SW,activity_degC_days_m2,0.0
2020,1,SW,mean_intensity_degC,
2020,2,SW,activity_degC_days_m2,6380145562.051269
2020,2,SW,mean_area_km2,57.26841764190549
2020,2,SW,mean_duration_days,5.0
2020,2,SW,mean_intensity_degC,1.0585882663726807
2020,2,SW,number_of_events,2.0
2020,2,SW,sum_area_km2,114.53683528381097
2020,3,SW,activity_degC_days_m2,0.0
2020,3,SW,mean_intensity_degC,
2020,4,SW,activity_degC_days_m2,0.0
2020,4,SW,mean_intensity_degC,
2020,5,SW,activity_degC_days_m2,200607748773.77716
2020,5,SW,mean_area_km2,49.361287650526464
2020,5,SW,mean_duration_days,15.5
2020,5,SW,mean_intensity_degC,1.5150259733200073
2020,5,SW,number_of_events,20.0
2020,5,SW,sum_area_km2,987.2257530105293
2020,6,SW,activity_degC_days_m2,138353329101.45135
2020,6,SW,mean_intensity_degC,2.169886589050293
2020,7,SW,activity_degC_days_m2,39459336378.631805
2020,7,SW,mean_area_km2,42.68679829540362
2020,7,SW,mean_duration_days,7.0
2020,7,SW,mean_intensity_degC,1.5937244892120361
2020,7,SW,number_of_events,6.0
2020,7,SW,sum_area_km2,256.12078977242174
2020,8,SW,activity_degC_days_m2,5173838721.017602
2020,8,SW,mean_area_km2,45.49338074789496
2020,8,SW,mean_duration_days,6.0
2020,8,SW,mean_intensity_degC,1.413648247718811
2020,8,SW,number_of_events,1.0
2020,8,SW,sum_area_km2,45.49338074789496
2020,9,SW,activity_degC_days_m2,0.0
2020,9,SW,mean_intensity_degC,
2020,10,SW,activity_degC_days_m2,0.0
2020,10,SW,mean_intensity_degC,
2020,11,SW,activity_degC_days_m2,1748985315.0230675
2020,11,SW,mean_area_km2,38.75977062935034
2020,11,SW,mean_duration_days,8.0
2020,11,SW,mean_intensity_degC,1.4240150451660156
2020,11,SW,number_of_events,1.0
2020,11,SW,sum_area_km2,38.75977062935034
2020,12,SW,activity_degC_days_m2,14851081443.064692
2020,12,SW,mean_area_km2,43.81017872178258
2020,12,SW,mean_duration_days,5.5
2020,12,SW,mean_intensity_degC,1.4296832084655762
2020,12,SW,number_of_events,2.0
2020,12,SW,sum_area_km2,87.62035744356515
2021,1,SW,activity_degC_days_m2,0.0
2021,1,SW,mean_intensity_degC,
2021,2,SW,activity_degC_days_m2,0.0
2021,2,SW,mean_intensity_degC,
2021,3,SW,activity_degC_days_m2,0.0
2021,3,SW,mean_intensity_degC,
2021,4,SW,activity_degC_days_m2,195991147986.66058
2021,4,SW,mean_area_km2,47.89512321423869
2021,4,SW,mean_duration_days,16.285714285714285
2021,4,SW,mean_intensity_degC,1.3640661239624023
2021,4,SW,number_of_events,14.0
2021,4,SW,sum_area_km2,670.5317249993416
2021,5,SW,activity_degC_days_m2,4158195046.0026436
2021,5,SW,mean_intensity_degC,1.1517850160598755
2021,6,SW,activity_degC_days_m2,0.0
2021,6,SW,mean_intensity_degC,
2021,7,SW,activity_degC_days_m2,0.0
2021,7,SW,mean_intensity_degC,
2021,8,SW,activity_degC_days_m2,0.0
2021,8,SW,mean_intensity_degC,
2021,9,SW,activity_degC_days_m2,145284163265.26566
2021,9,SW,mean_area_km2,49.69834397634372
2021,9,SW,mean_duration_days,11.666666666666666
2021,9,SW,mean_intensity_degC,1.639441728591919
2021,9,SW,number_of_events,12.0
2021,9,SW,sum_area_km2,596.3801277161247
2021,10,SW,activity_degC_days_m2,0.0
2021,10,SW,mean_intensity_degC,
2021,11,SW,activity_degC_days_m2,0.0
2021,11,SW,mean_intensity_degC,
2021,12,SW,activity_degC_days_m2,0.0
2021,12,SW,mean_intensity_degC,
2022,1,SW,activity_degC_days_m2,0.0
2022,1,SW,mean_intensity_degC,
2022,2,SW,activity_degC_days_m2,0.0
2022,2,SW,mean_intensity_degC,
2022,3,SW,activity_degC_days_m2,0.0
2022,3,SW,mean_intensity_degC,
2022,4,SW,activity_degC_days_m2,0.0
2022,4,SW,mean_intensity_degC,
2022,5,SW,activity_degC_days_m2,27526482658.4163
2022,5,SW,mean_area_km2,51.10199054400715
2022,5,SW,mean_duration_days,10.666666666666666
2022,5,SW,mean_intensity_degC,1.3872506618499756
2022,5,SW,number_of_events,3.0
2022,5,SW,sum_area_km2,153.30597163202145
2022,6,SW,activity_degC_days_m2,83495018639.55177
2022,6,SW,mean_area_km2,52.59626707727034
2022,6,SW,mean_duration_days,9.88888888888889
2022,6,SW,mean_intensity_degC,1.5415700674057007
2022,6,SW,number_of_events,9.0
2022,6,SW,sum_area_km2,473.36640369543306
2022,7,SW,activity_degC_days_m2,0.0
2022,7,SW,mean_intensity_degC,
2022,8,SW,activity_degC_days_m2,0.0
2022,8,SW,mean_intensity_degC,
2022,9,SW,activity_degC_days_m2,123221441682.26265
2022,9,SW,mean_area_km2,51.549338039110374
2022,9,SW,mean_duration_days,10.9
2022,9,SW,mean_intensity_degC,1.7991900444030762
2022,9,SW,number_of_events,10.0
2022,9,SW,sum_area_km2,515.4933803911038
2022,10,SW,activity_degC_days_m2,0.0
2022,10,SW,mean_intensity_degC,
2022,11,SW,activity_degC_days_m2,769479437.4585707
2022,11,SW,mean_area_km2,58.949695276924594
2022,11,SW,mean_duration_days,58.0
2022,11,SW,mean_intensity_degC,1.2790260314941406
2022,11,SW,number_of_events,1.0
2022,11,SW,sum_area_km2,58.949695276924594
2022,12,SW,activity_degC_days_m2,102895168271.67694
2022,12,SW,mean_area_km2,46.33290747629422
2022,12,SW,mean_duration_days,27.166666666666668
2022,12,SW,mean_intensity_degC,1.3123685121536255
2022,12,SW,number_of_events,12.0
2022,12,SW,sum_area_km2,555.9948897155307
2023,1,SW,activity_degC_days_m2,191070810088.8433
2023,1,SW,mean_area_km2,54.46593549387011
2023,1,SW,mean_duration_days,6.0
2023,1,SW,mean_intensity_degC,1.1572250127792358
2023,1,SW,number_of_events,3.0
2023,1,SW,sum_area_km2,163.39780648161033
2023,2,SW,activity_degC_days_m2,0.0
2023,2,SW,mean_intensity_degC,
2023,3,SW,activity_degC_days_m2,118147659913.97954
2023,3,SW,mean_area_km2,48.18368343114528
2023,3,SW,mean_duration_days,20.4
2023,3,SW,mean_intensity_degC,1.0510319471359253
2023,3,SW,number_of_events,15.0
2023,3,SW,sum_area_km2,722.7552514671792
2023,4,SW,activity_degC_days_m2,170761682266.51944
2023,4,SW,mean_area_km2,52.702269480165185
2023,4,SW,mean_duration_days,18.142857142857142
2023,4,SW,mean_intensity_degC,1.4805265665054321
2023,4,SW,number_of_events,7.0
2023,4,SW,sum_area_km2,368.9158863611563
2023,5,SW,activity_degC_days_m2,103574086828.1604
2023,5,SW,mean_area_km2,45.117657184778324
2023,5,SW,mean_duration_days,8.666666666666666
2023,5,SW,mean_intensity_degC,1.5135979652404785
2023,5,SW,number_of_events,9.0
2023,5,SW,sum_area_km2,406.05891466300494
2023,6,SW,activity_degC_days_m2,228970639668.10547
2023,6,SW,mean_area_km2,46.83791941454711
2023,6,SW,mean_duration_days,13.933333333333334
2023,6,SW,mean_intensity_degC,1.6215373277664185
2023,6,SW,number_of_events,15.0
2023,6,SW,sum_area_km2,702.5687912182067
2023,7,SW,activity_degC_days_m2,10782448536.668343
2023,7,SW,mean_intensity_degC,1.2712867259979248
2023,8,SW,activity_degC_days_m2,4882708858.779418
2023,8,SW,mean_area_km2,52.22352646783737
2023,8,SW,mean_duration_days,5.0
2023,8,SW,mean_intensity_degC,1.611925482749939
2023,8,SW,number_of_events,1.0
2023,8,SW,sum_area_km2,52.22352646783737
2023,9,SW,activity_degC_days_m2,25576928235.75789
2023,9,SW,mean_area_km2,57.268417641905494
2023,9,SW,mean_duration_days,49.0
2023,9,SW,mean_intensity_degC,1.6101471185684204
2023,9,SW,number_of_events,4.0
2023,9,SW,sum_area_km2,229.07367056762197
2023,10,SW,activity_degC_days_m2,367215500583.9413
2023,10,SW,mean_area_km2,45.18592676714601
2023,10,SW,mean_duration_days,20.818181818181817
2023,10,SW,mean_intensity_degC,1.8777832984924316
2023,10,SW,number_of_events,11.0
2023,10,SW,sum_area_km2,497.0451944386061
2023,11,SW,activity_degC_days_m2,82703934574.93771
2023,11,SW,mean_area_km2,47.735832483484025
2023,11,SW,mean_duration_days,41.0
2023,11,SW,mean_intensity_degC,1.524992823600769
2023,11,SW,number_of_events,3.0
2023,11,SW,sum_area_km2,143.20749745045205
2023,12,SW,activity_degC_days_m2,171219304444.74036
2023,12,SW,mean_area_km2,47.668715741252164
2023,12,SW,mean_duration_days,36.1764705882353
2023,12,SW,mean_intensity_degC,1.2315398454666138
2023,12,SW,number_of_events,17.0
2023,12,SW,sum_area_km2,810.3681676012868
2024,1,SW,activity_degC_days_m2,303141541070.309
2024,1,SW,mean_area_km2,54.46541703212618
2024,1,SW,mean_duration_days,52.5
2024,1,SW,mean_intensity_degC,1.2496248483657837
2024,1,SW,number_of_events,6.0
2024,1,SW,sum_area_km2,326.79250219275707
2024,2,SW,activity_degC_days_m2,422994071048.01587
2024,2,SW,mean_intensity_degC,1.7125083208084106
2024,3,SW,activity_degC_days_m2,14592991781.997597
2024,3,SW,mean_intensity_degC,0.957726001739502
2024,4,SW,activity_degC_days_m2,114352881399.4198
2024,4,SW,mean_area_km2,47.89512321423869
2024,4,SW,mean_duration_days,9.285714285714286
2024,4,SW,mean_intensity_degC,1.4413880109786987
2024,4,SW,number_of_events,14.0
2024,4,SW,sum_area_km2,670.5317249993416
2024,5,SW,activity_degC_days_m2,0.0
2024,5,SW,mean_intensity_degC,
2024,6,SW,activity_degC_days_m2,0.0
2024,6,SW,mean_intensity_degC,
2024,7,SW,activity_degC_days_m2,3955667309.865679
2024,7,SW,mean_area_km2,52.22352646783759
2024,7,SW,mean_duration_days,6.0
2024,7,SW,mean_intensity_degC,1.0882349014282227
2024,7,SW,number_of_events,1.0
2024,7,SW,sum_area_km2,52.22352646783759
2024,8,SW,activity_degC_days_m2,0.0
2024,8,SW,mean_intensity_degC,
2024,9,SW,activity_degC_days_m2,0.0
2024,9,SW,mean_intensity_degC,
2024,10,SW,activity_degC_days_m2,22387317426.26676
2024,10,SW,mean_area_km2,48.015858367096236
2024,10,SW,mean_duration_days,6.75
2024,10,SW,mean_intensity_degC,1.3568897247314453
2024,10,SW,number_of_events,4.0
2024,10,SW,sum_area_km2,192.06343346838494
2024,11,SW,activity_degC_days_m2,134983739598.05135
2024,11,SW,mean_area_km2,46.23937133599919
2024,11,SW,mean_duration_days,20.166666666666668
2024,11,SW,mean_intensity_degC,1.6240822076797485
2024,11,SW,number_of_events,18.0
2024,11,SW,sum_area_km2,832.3086840479855
2024,12,SW,activity_degC_days_m2,218695793466.71198
2024,12,SW,mean_area_km2,52.22145447757702
2024,12,SW,mean_duration_days,12.2
2024,12,SW,mean_intensity_degC,1.2449711561203003
2024,12,SW,number_of_events,5.0
2024,12,SW,sum_area_km2,261.1072723878851
2025,1,SW,activity_degC_days_m2,67994838242.918
2025,1,SW,mean_area_km2,49.23046178712258
2025,1,SW,mean_duration_days,7.555555555555555
2025,1,SW,mean_intensity_degC,1.0171046257019043
2025,1,SW,number_of_events,9.0
2025,1,SW,sum_area_km2,443.0741560841032
2025,2,SW,activity_degC_days_m2,502709973.1464032
2025,2,SW,mean_area_km2,58.949695276924594
2025,2,SW,mean_duration_days,8.0
2025,2,SW,mean_intensity_degC,0.8356027603149414
2025,2,SW,number_of_events,1.0
2025,2,SW,sum_area_km2,58.949695276924594
2025,3,SW,activity_degC_days_m2,14916746753.154396
2025,3,SW,mean_area_km2,56.7079917635658
2025,3,SW,mean_duration_days,6.666666666666667
2025,3,SW,mean_intensity_degC,0.9100217819213867
2025,3,SW,number_of_events,3.0
2025,3,SW,sum_area_km2,170.1239752906974
2025,4,SW,activity_degC_days_m2,45883006128.7958
2025,4,SW,mean_area_km2,55.586787250549484
2025,4,SW,mean_duration_days,8.5
2025,4,SW,mean_intensity_degC,1.4268120527267456
2025,4,SW,number_of_events,6.0
2025,4,SW,sum_area_km2,333.5207235032969
2025,5,SW,activity_degC_days_m2,9566753144.566887
2025,5,SW,mean_area_km2,55.58661087238098
2025,5,SW,mean_duration_days,7.0
2025,5,SW,mean_intensity_degC,1.4424290657043457
2025,5,SW,number_of_events,2.0
2025,5,SW,sum_area_km2,111.17322174476196
2025,6,SW,activity_degC_days_m2,11051924454.670647
2025,6,SW,mean_area_km2,51.10199054400715
2025,6,SW,mean_duration_days,18.333333333333332
2025,6,SW,mean_intensity_degC,1.6454674005508423
2025,6,SW,number_of_events,3.0
2025,6,SW,sum_area_km2,153.30597163202145
2025,7,SW,activity_degC_days_m2,55376778284.616234
2025,7,SW,mean_area_km2,37.07579864160852
2025,7,SW,mean_duration_days,9.5
2025,7,SW,mean_intensity_degC,1.3417880535125732
2025,7,SW,number_of_events,2.0
2025,7,SW,sum_area_km2,74.15159728321704
2025,8,SW,activity_degC_days_m2,41784646476.18026
2025,8,SW,mean_area_km2,42.125041250351465
2025,8,SW,mean_duration_days,11.666666666666666
2025,8,SW,mean_intensity_degC,1.8995118141174316
2025,8,SW,number_of_events,3.0
2025,8,SW,sum_area_km2,126.3751237510544
2025,9,SW,activity_degC_days_m2,0.0
2025,9,SW,mean_intensity_degC,
2025,10,SW,activity_degC_days_m2,0.0
2025,10,SW,mean_intensity_degC,
2025,11,SW,activity_degC_days_m2,0.0
2025,11,SW,mean_intensity_degC,
2025,12,SW,activity_degC_days_m2,0.0
2025,12,SW,mean_intensity_degC,
