x,seasonal,trend,remainder,remainder_l1,remainder_l2,anomaly,observed,Zone
1981.6666666666667,-2.1750156827782403,66.90436042823679,-2.418216483915259,-23.568104453708795,23.30521204333615,No,62.31112826154329,NW
1981.75,-1.4553202298211199,67.06159351142018,-3.2951450200557773,-23.568104453708795,23.30521204333615,No,62.31112826154329,NW
1981.8333333333335,-1.2977740682553973,67.21882659460357,-3.6099242648048815,-23.568104453708795,23.30521204333615,No,62.31112826154329,NW
1981.9166666666667,0.14589597251456188,67.37605967778697,-5.21082738875824,-23.568104453708795,23.30521204333615,No,62.31112826154329,NW
1982,1.0146732185102292,67.53329276097035,-6.2368377179372985,-23.568104453708795,23.30521204333615,No,62.31112826154329,NW
1982.0833333333335,0.84658370879333,67.69052584415375,-6.225981291403798,-23.568104453708795,23.30521204333615,No,62.31112826154329,NW
1982.1666666666667,1.4548731979299316,67.84775892733714,-6.99150386372375,-23.568104453708795,23.30521204333615,No,62.311128261543324,NW
1982.25,1.1774605176264374,68.00499201052054,-6.871324266603622,-23.568104453708795,23.30521204333615,No,62.31112826154335,NW
1982.3333333333335,0.664445473512813,68.16222509370394,-6.515542305673364,-23.568104453708795,23.30521204333615,No,62.31112826154339,NW
1982.4166666666667,0.9907248134872764,68.31945817688732,-6.999054728831183,-23.568104453708795,23.30521204333615,No,62.311128261543416,NW
1982.5,-0.20348200073916795,68.47669126007072,-5.962080997788107,-23.568104453708795,23.30521204333615,No,62.31112826154345,NW
1982.5833333333335,-1.1630649359078813,68.63392434325411,-3.522008570513279,-23.568104453708795,23.30521204333615,No,63.948850836832946,NW
1982.6666666666667,-2.1750156827782403,68.79115742643751,-1.0295683315368223,-23.568104453708795,23.30521204333615,No,65.58657341212245,NW
1982.75,-1.4553202298211199,68.948390509620893,-0.2687742923878318,-23.568104453708795,23.30521204333615,No,67.22429598741194,NW
1982.8333333333335,-1.2977740682553973,69.10562359280429,1.054169038152537,-23.568104453708795,23.30521204333615,No,68.86201856270144,NW
1982.9166666666667,0.14589597251456188,69.25296556409397,1.1008796013823883,-23.568104453708795,23.30521204333615,No,70.49974113799092,NW
1983,1.0146732185102292,69.40030753538366,1.7224829593865394,-23.568104453708795,23.30521204333615,No,72.13746371328043,NW
1983.0833333333335,0.84658370879333,69.54764950667334,3.3809530731032424,-23.568104453708795,23.30521204333615,No,73.77518628856991,NW
1983.1666666666667,1.4548731979299316,69.69499147796301,4.2630441879664716,-23.568104453708795,23.30521204333615,No,75.41290886385941,NW
1983.25,1.1774605176264374,69.8423334492527,6.030837472269752,-23.568104453708795,23.30521204333615,No,77.0506314391489,NW
1983.3333333333335,0.664445473512813,69.98967542054238,8.034233120383206,-23.568104453708795,23.30521204333615,No,78.6883540144384,NW
1983.4166666666667,0.9907248134872764,70.13701739183207,9.19833438440854,-23.568104453708795,23.30521204333615,No,80.32607658972789,NW
1983.5,-0.20348200073916795,70.28435936312175,11.882921802634812,-23.568104453708795,23.30521204333615,No,81.96379916501739,NW
1983.5833333333335,-1.1630649359078813,70.43170133441143,-5.277384784889975,-23.568104453708795,23.30521204333615,No,63.99125161361357,NW
1983.6666666666667,-2.1750156827782403,70.57904330570112,0.09445793803733693,-23.568104453708795,23.30521204333615,No,68.49848556096022,NW
1983.75,-1.4553202298211199,70.7263852769908,3.734654461137197,-23.568104453708795,23.30521204333615,No,73.00571950830687,NW
1983.8333333333335,-1.2977740682553973,70.87372724828047,7.937000275628435,-23.568104453708795,23.30521204333615,No,77.51295345565352,NW
1983.9166666666667,0.14589597251456188,71.02106921957017,5.241060328267238,-23.568104453708795,23.30521204333615,No,76.40802552035197,NW
1984,1.0146732185102292,71.16841119085984,2.8710120075653975,-23.568104453708795,23.30521204333615,No,75.05409641693547,NW
1984.0833333333335,0.84658370879333,71.30836946411748,1.5452141406081523,-23.568104453708795,23.30521204333615,No,73.70016731351896,NW
1984.1666666666667,1.4548731979299316,71.4483277373751,-0.5569627252025668,-23.568104453708795,23.30521204333615,No,72.34623821010246,NW
1984.25,1.1774605176264374,71.58828601063273,-1.7734374215732203,-23.568104453708795,23.30521204333615,No,70.99230910668595,NW
1984.3333333333335,0.664445473512813,71.72824428389036,-2.754309754133729,-23.568104453708795,23.30521204333615,No,69.63838000326945,NW
1984.4166666666667,0.9907248134872764,71.86820255714798,-4.574476470782315,-23.568104453708795,23.30521204333615,No,68.28445089985294,NW
1984.5,-0.20348200073916795,72.00816083040561,-4.874157033230006,-23.568104453708795,23.30521204333615,No,66.93052179643644,NW
1984.5833333333335,-1.1630649359078813,72.14811910366323,-2.8310089001060703,-23.568104453708795,23.30521204333615,No,68.15404526764928,NW
1984.6666666666667,-2.1750156827782403,72.28807737692087,-0.7354929552804919,-23.568104453708795,23.30521204333615,No,69.37756873886214,NW
1984.75,-1.4553202298211199,72.4280356501785,-0.37162321028239376,-23.568104453708795,23.30521204333615,No,70.60109221007498,NW
1984.8333333333335,-1.2977740682553973,72.56799392343612,0.5543958261070969,-23.568104453708795,23.30521204333615,No,71.82461568128782,NW
1984.9166666666667,0.14589597251456188,72.70795219669375,0.19429098329236183,-23.568104453708795,23.30521204333615,No,73.04813915250068,NW
1985,1.0146732185102292,72.84791046995139,0.4090789352519124,-23.568104453708795,23.30521204333615,No,74.27166262371352,NW
1985.0833333333335,0.84658370879333,72.987868743209,1.6607336429240291,-23.568104453708795,23.30521204333615,No,75.49518609492637,NW
1985.1666666666667,1.4548731979299316,73.12782701646664,2.1360093517426577,-23.568104453708795,23.30521204333615,No,76.71870956613922,NW
1985.25,1.1774605176264374,73.26019347737947,3.504579042346151,-23.568104453708795,23.30521204333615,No,77.94223303735207,NW
1985.3333333333335,0.664445473512813,73.3925599382923,5.1087510967598035,-23.568104453708795,23.30521204333615,No,79.16575650856491,NW
1985.4166666666667,0.9907248134872764,73.52492639920513,5.873628767085364,-23.568104453708795,23.30521204333615,No,80.38927997977777,NW
1985.5,-0.20348200073916795,73.65729286011795,8.158992591611835,-23.568104453708795,23.30521204333615,No,81.61280345099061,NW
1985.5833333333335,-1.1630649359078813,73.78965932103078,8.433664194625834,-23.568104453708795,23.30521204333615,No,81.06025857974873,NW
1985.6666666666667,-2.1750156827782403,73.9220257819436,8.76070360934149,-23.568104453708795,23.30521204333615,No,80.50771370850686,NW
1985.75,-1.4553202298211199,74.05439224285644,7.356096824229667,-23.568104453708795,23.30521204333615,No,79.95516883726498,NW
1985.8333333333335,-1.2977740682553973,74.18675870376927,6.5136393305092355,-23.568104453708795,23.30521204333615,No,79.40262396602311,NW
1985.9166666666667,0.14589597251456188,74.31912516468209,4.3850579575845785,-23.568104453708795,23.30521204333615,No,78.85007909478124,NW
1986,1.0146732185102292,74.45149162559493,2.831369379434207,-23.568104453708795,23.30521204333615,No,78.29753422353936,NW
1986.0833333333335,0.84658370879333,74.58385808650775,2.314547556996402,-23.568104453708795,23.30521204333615,No,77.74498935229748,NW
1986.1666666666667,1.4548731979299316,74.71622454742058,1.0213467357050945,-23.568104453708795,23.30521204333615,No,77.1924444810556,NW
1986.25,1.1774605176264374,74.8485910083334,0.6138480838538811,-23.568104453708795,23.30521204333615,No,76.63989960981372,NW
1986.3333333333335,0.664445473512813,74.98095746924623,0.4419517958127983,-23.568104453708795,23.30521204333615,No,76.08735473857185,NW
1986.4166666666667,0.9907248134872764,75.07270968516717,-0.5286246313244618,-23.568104453708795,23.30521204333615,No,75.53480986732998,NW
1986.5,-0.20348200073916795,75.1644619010881,0.0212850957391737,-23.568104453708795,23.30521204333615,No,74.9822649960881,NW
1986.5833333333335,-1.1630649359078813,75.25621411700902,0.33657094374508745,-23.568104453708795,23.30521204333615,No,74.42972012484623,NW
1986.6666666666667,-2.1750156827782403,75.34796633292996,0.70422460345263,-23.568104453708795,23.30521204333615,No,73.87717525360435,NW
1986.75,-1.4553202298211199,75.43971854885089,0.1338420582831361,-23.568104453708795,23.30521204333615,No,74.1182403773129,NW
1986.8333333333335,-1.2977740682553973,75.53147076477183,0.12560880450500633,-23.568104453708795,23.30521204333615,No,74.35930550102144,NW
1986.9166666666667,0.14589597251456188,75.62322298069276,-1.168748328477335,-23.568104453708795,23.30521204333615,No,74.60037062472999,NW
1987,1.0146732185102292,75.71497519661368,-1.8882126666853623,-23.568104453708795,23.30521204333615,No,74.84143574843854,NW
1987.0833333333335,0.84658370879333,75.80672741253461,-1.570810249180866,-23.568104453708795,23.30521204333615,No,75.08250087214708,NW
1987.1666666666667,1.4548731979299316,75.89847962845555,-2.0297868305298437,-23.568104453708795,23.30521204333615,No,75.32356599585563,NW
1987.25,1.1774605176264374,75.99023184437648,-2.5589317473395994,-23.568104453708795,23.30521204333615,No,74.60876061466332,NW
1987.3333333333335,0.664445473512813,76.0819840602974,-2.8524743003392103,-23.568104453708795,23.30521204333615,No,73.893955233471,NW
1987.4166666666667,0.9907248134872764,76.17373627621834,-3.985311237426913,-23.568104453708795,23.30521204333615,No,73.1791498522787,NW
1987.5,-0.20348200073916795,76.26548849213927,-3.597662020313706,-23.568104453708795,23.30521204333615,No,72.46434447108639,NW
1987.5833333333335,-1.1630649359078813,76.31744026303383,-3.4048362372318763,-23.568104453708795,23.30521204333615,No,71.74953908989407,NW
1987.6666666666667,-2.1750156827782403,76.36939203392839,-3.1596426424483894,-23.568104453708795,23.30521204333615,No,71.03473370870176,NW
1987.75,-1.4553202298211199,76.42134380482294,-1.5635403543127921,-23.568104453708795,23.30521204333615,No,73.40248322068902,NW
1987.8333333333335,-1.2977740682553973,76.4732955757175,0.5947112252141551,-23.568104453708795,23.30521204333615,No,75.77023273267626,NW
1987.9166666666667,0.14589597251456188,76.52524734661206,1.4668389255368908,-23.568104453708795,23.30521204333615,No,78.13798224466352,NW
1988,1.0146732185102292,76.57719911750662,2.9138594206339263,-23.568104453708795,23.30521204333615,No,80.50573175665077,NW
1988.0833333333335,0.84658370879333,76.62915088840117,5.397746671443514,-23.568104453708795,23.30521204333615,No,82.87348126863802,NW
1988.1666666666667,1.4548731979299316,76.68110265929573,7.105254923399613,-23.568104453708795,23.30521204333615,No,85.24123078062527,NW
1988.25,1.1774605176264374,76.7330544301903,8.635144074255592,-23.568104453708795,23.30521204333615,No,86.54565902207233,NW
1988.3333333333335,0.664445473512813,76.78500620108485,10.40063558892173,-23.568104453708795,23.30521204333615,No,87.8500872635194,NW
1988.4166666666667,0.9907248134872764,76.83695797197942,11.326832719499762,-23.568104453708795,23.30521204333615,No,89.15451550496645,NW
1988.5,-0.20348200073916795,76.88890974287396,19.16423789573109,-23.568104453708795,23.30521204333615,No,95.84966563786588,NW
1988.5833333333335,-1.1630649359078813,76.94086151376852,13.812737482569005,-23.568104453708795,23.30521204333615,No,89.59053406042965,NW
1988.6666666666667,-2.1750156827782403,76.99281328466309,8.513604881108563,-23.568104453708795,23.30521204333615,No,83.33140248299341,NW
1988.75,-1.4553202298211199,77.05098567195479,1.4766054634234962,-23.568104453708795,23.30521204333615,No,77.07227090555716,NW
1988.8333333333335,-1.2977740682553973,77.10915805924648,-4.998244662870164,-23.568104453708795,23.30521204333615,No,70.81313932812093,NW
1988.9166666666667,0.14589597251456188,77.16733044653819,0.4306785303269578,-23.568104453708795,23.30521204333615,No,77.74390494937971,NW
1989,1.0146732185102292,77.22550283382989,6.434494518298379,-23.568104453708795,23.30521204333615,No,84.6746705706385,NW
1989.0833333333335,0.84658370879333,77.2836752211216,-4.639618209597188,-23.568104453708795,23.30521204333615,No,73.49064072031774,NW
1989.1666666666667,1.4548731979299316,77.34184760841329,-13.965720079932431,-23.568104453708795,23.30521204333615,No,64.83100072641079,NW
1989.25,1.1774605176264374,77.400019995705,0.08921189174026267,-23.568104453708795,23.30521204333615,No,78.6666924050717,NW
1989.3333333333335,0.664445473512813,77.4581923829967,14.37974622722308,-23.568104453708795,23.30521204333615,No,92.5023840837326,NW
1989.4166666666667,0.9907248134872764,77.51636477028839,7.963376730989154,-23.568104453708795,23.30521204333615,No,86.47046631476482,NW
1989.5,-0.20348200073916795,77.5745371575801,-7.3340489506563245,-23.568104453708795,23.30521204333615,No,70.0370062061846,NW
1989.5833333333335,-1.1630649359078813,77.6327095448718,2.353314613902697,-23.568104453708795,23.30521204333615,No,78.82295922286661,NW
1989.6666666666667,-2.1750156827782403,77.6908819321635,-4.948822507180282,-23.568104453708795,23.30521204333615,No,70.56704374220499,NW
1989.75,-1.4553202298211199,77.7490543194552,-13.982605828090705,-23.568104453708795,23.30521204333615,No,62.311128261543374,NW
1989.8333333333335,-1.2977740682553973,77.8072267067469,-6.77862023086243,-23.568104453708795,23.30521204333615,No,69.73083240762908,NW
1989.9166666666667,0.14589597251456188,77.85517769465179,-0.8505371134515656,-23.568104453708795,23.30521204333615,No,77.15053655371479,NW
1990,1.0146732185102292,77.90312868255667,2.248981972878582,-23.568104453708795,23.30521204333615,No,81.16678387394548,NW
1990.0833333333335,0.84658370879333,77.95107967046155,-2.657848037145726,-23.568104453708795,23.30521204333615,No,76.13981534210916,NW
1990.1666666666667,1.4548731979299316,77.99903065836645,-3.133361219381399,-23.568104453708795,23.30521204333615,No,76.32054263691498,NW
1990.25,1.1774605176264374,78.04698164627133,0.3117656293343458,-23.568104453708795,23.30521204333615,No,79.53620779323212,NW
1990.3333333333335,0.664445473512813,78.09493263417622,3.9924948418602355,-23.568104453708795,23.30521204333615,No,82.75187294954927,NW
1990.4166666666667,0.9907248134872764,78.1428836220811,0.6702416187661839,-23.568104453708795,23.30521204333615,No,79.80385005433456,NW
1990.5,-0.20348200073916795,78.19083460998598,-1.131525450126972,-23.568104453708795,23.30521204333615,No,76.85582715911984,NW
1990.5833333333335,-1.1630649359078813,78.23878559789087,-8.046543969323977,-23.568104453708795,23.30521204333615,No,69.02917669265901,NW
1990.6666666666667,-2.1750156827782403,78.28673658579575,-6.473523842766312,-23.568104453708795,23.30521204333615,No,69.6381970602512,NW
1990.75,-1.4553202298211199,78.33468757370065,-6.632149916036141,-23.568104453708795,23.30521204333615,No,70.24721742784338,NW
1990.8333333333335,-1.2977740682553973,78.38263856160553,-6.228626697914564,-23.568104453708795,23.30521204333615,No,70.85623779543558,NW
1990.9166666666667,0.14589597251456188,78.43058954951042,-7.111227358997212,-23.568104453708795,23.30521204333615,No,71.46525816302777,NW
1991,1.0146732185102292,78.4785405374153,-7.41893522530556,-23.568104453708795,23.30521204333615,No,72.07427853061996,NW
1991.0833333333335,0.84658370879333,78.51633714783516,-6.679621958416348,-23.568104453708795,23.30521204333615,No,72.68329889821214,NW
1991.1666666666667,1.4548731979299316,78.55413375825502,-6.71668769038061,-23.568104453708795,23.30521204333615,No,73.29231926580434,NW
1991.25,1.1774605176264374,78.59193036867488,-5.868051252904792,-23.568104453708795,23.30521204333615,No,73.90133963339653,NW
1991.3333333333335,0.664445473512813,78.62972697909474,-4.783812451618829,-23.568104453708795,23.30521204333615,No,74.51036000098873,NW
1991.4166666666667,0.9907248134872764,78.6675235895146,-4.5388680344209575,-23.568104453708795,23.30521204333615,No,75.11938036858092,NW
1991.5,-0.20348200073916795,78.70532019993446,-2.7734374630221907,-23.568104453708795,23.30521204333615,No,75.7284007361731,NW
1991.5833333333335,-1.1630649359078813,78.74311681035432,-1.2426307706811457,-23.568104453708795,23.30521204333615,No,76.3374211037653,NW
1991.6666666666667,-2.1750156827782403,78.78091342077418,3.6019491697541923,-23.568104453708795,23.30521204333615,No,80.20784690775014,NW
1991.75,-1.4553202298211199,78.81871003119404,3.3707317297428716,-23.568104453708795,23.30521204333615,No,80.73412153111579,NW
1991.8333333333335,-1.2977740682553973,78.8565066416139,3.7016635811229293,-23.568104453708795,23.30521204333615,No,81.26039615448144,NW
1991.9166666666667,0.14589597251456188,78.89430325203377,2.746471553298761,-23.568104453708795,23.30521204333615,No,81.78667077784709,NW
1992,1.0146732185102292,78.93209986245363,2.366172320248893,-23.568104453708795,23.30521204333615,No,82.31294540121274,NW
1992.0833333333335,0.84658370879333,78.96989647287349,3.022739842911591,-23.568104453708795,23.30521204333615,No,82.83922002457841,NW
1992.1666666666667,1.4548731979299316,79.00769308329335,2.9029283667207864,-23.568104453708795,23.30521204333615,No,83.36549464794406,NW
1992.25,1.1774605176264374,79.04926144874996,3.66504730493331,-23.568104453708795,23.30521204333615,No,83.89176927130971,NW
1992.3333333333335,0.664445473512813,79.09082981420657,4.662768606955979,-23.568104453708795,23.30521204333615,No,84.41804389467536,NW
1992.4166666666667,0.9907248134872764,79.13239817966318,4.821195524890555,-23.568104453708795,23.30521204333615,No,84.94431851804102,NW
1992.5,-0.20348200073916795,79.1739665451198,6.500108597026042,-23.568104453708795,23.30521204333615,No,85.47059314140667,NW
1992.5833333333335,-1.1630649359078813,79.21553491057641,7.9443977901037925,-23.568104453708795,23.30521204333615,No,85.99686776477232,NW
1992.6666666666667,-2.1750156827782403,79.25710327603302,9.441054794883186,-23.568104453708795,23.30521204333615,No,86.52314238813797,NW
1992.75,-1.4553202298211199,79.29867164148963,9.206065599835114,-23.568104453708795,23.30521204333615,No,87.04941701150362,NW
1992.8333333333335,-1.2977740682553973,79.34024000694626,9.53322569617842,-23.568104453708795,23.30521204333615,No,87.57569163486929,NW
1992.9166666666667,0.14589597251456188,79.38180837240287,8.5742619133175,-23.568104453708795,23.30521204333615,No,88.10196625823494,NW
1993,1.0146732185102292,79.42337673785948,8.19019092523088,-23.568104453708795,23.30521204333615,No,88.62824088160059,NW
1993.0833333333335,0.84658370879333,79.4649451033161,8.842986692856812,-23.568104453708795,23.30521204333615,No,89.15451550496624,NW
1993.1666666666667,1.4548731979299316,79.50651346877271,4.959599206849489,-23.568104453708795,23.30521204333615,No,85.92098587355213,NW
1993.25,1.1774605176264374,79.54808183422932,1.961913890282247,-23.568104453708795,23.30521204333615,No,82.68745624213801,NW
1993.3333333333335,0.664445473512813,79.58965019968593,-0.8001690624748505,-23.568104453708795,23.30521204333615,No,79.4539266107239,NW
1993.4166666666667,0.9907248134872764,79.62590863711378,-4.3962364712912745,-23.568104453708795,23.30521204333615,No,76.22039697930978,NW
1993.5,-0.20348200073916795,79.66216707454163,-3.25043541376688,-23.568104453708795,23.30521204333615,No,76.20824966003558,NW
1993.5833333333335,-1.1630649359078813,79.69842551196948,-2.339258235300207,-23.568104453708795,23.30521204333615,No,76.19610234076139,NW
1993.6666666666667,-2.1750156827782403,79.73468394939734,-1.3757132451319194,-23.568104453708795,23.30521204333615,No,76.18395502148718,NW
1993.75,-1.4553202298211199,79.77094238682518,-2.143814454791084,-23.568104453708795,23.30521204333615,No,76.17180770221297,NW
1993.8333333333335,-1.2977740682553973,79.80720082425303,-2.3497663730588556,-23.568104453708795,23.30521204333615,No,76.15966038293878,NW
1993.9166666666667,0.14589597251456188,79.84345926168088,-3.8418421705308674,-23.568104453708795,23.30521204333615,No,76.14751306366458,NW
1994,1.0146732185102292,79.87971769910872,-4.759025173228579,-23.568104453708795,23.30521204333615,No,76.13536574439037,NW
1994.0833333333335,0.84658370879333,79.91597613653657,-4.639341420213725,-23.568104453708795,23.30521204333615,No,76.12321842511618,NW
1994.1666666666667,1.4548731979299316,79.95223457396442,-5.296036666052373,-23.568104453708795,23.30521204333615,No,76.11107110584197,NW
1994.25,1.1774605176264374,79.98849301139228,-5.067029742450956,-23.568104453708795,23.30521204333615,No,76.09892378656777,NW
1994.3333333333335,0.664445473512813,80.02475144882013,-4.602420455039365,-23.568104453708795,23.30521204333615,No,76.08677646729357,NW
1994.4166666666667,0.9907248134872764,80.06100988624797,-4.97710555171588,-23.568104453708795,23.30521204333615,No,76.07462914801937,NW
1994.5,-0.20348200073916795,80.09726832367582,-9.184573781290638,-23.568104453708795,23.30521204333615,No,70.70921254164601,NW
1994.5833333333335,-1.1630649359078813,80.08999673692529,-3.41274160876074,-23.568104453708795,23.30521204333615,No,75.51419019225666,NW
1994.6666666666667,-2.1750156827782403,80.08272515017475,2.4114583754707866,-23.568104453708795,23.30521204333615,No,80.3191678428673,NW
1994.75,-1.4553202298211199,80.07545356342422,6.504012159874861,-23.568104453708795,23.30521204333615,No,85.12414549347795,NW
1994.8333333333335,-1.2977740682553973,80.06818197667369,11.1587152356703,-23.568104453708795,23.30521204333615,No,89.92912314408859,NW
1994.9166666666667,0.14589597251456188,80.06091038992315,14.527294432261527,-23.568104453708795,23.30521204333615,No,94.73410079469924,NW
1995,1.0146732185102292,80.05363880317262,3.0596234367414468,-23.568104453708795,23.30521204333615,No,84.12793545842429,NW
1995.0833333333335,0.84658370879333,80.04636721642208,9.09584962292979,-23.568104453708795,23.30521204333615,No,89.9888005481452,NW
1995.1666666666667,1.4548731979299316,80.03909562967154,14.355696810264675,-23.568104453708795,23.30521204333615,No,95.84966563786614,NW
1995.25,1.1774605176264374,80.031824042921,10.585309969709002,-23.568104453708795,23.30521204333615,No,91.79459453025645,NW
1995.3333333333335,0.664445473512813,80.02455245617047,7.050525492963473,-23.568104453708795,23.30521204333615,No,87.73952342264676,NW
1995.4166666666667,0.9907248134872764,80.01728086941993,2.6764466321298386,-23.568104453708795,23.30521204333615,No,83.68445231503705,NW
1995.5,-0.20348200073916795,80.0100092826694,-0.1771460745028719,-23.568104453708795,23.30521204333615,No,79.62938120742736,NW
1995.5833333333335,-1.1630649359078813,80.00273769591887,-16.52854449846761,-23.568104453708795,23.30521204333615,No,62.311128261543374,NW
1995.6666666666667,-2.1750156827782403,79.99546610916833,-13.643159552581835,-23.568104453708795,23.30521204333615,No,64.17729087380826,NW
1995.75,-1.4553202298211199,79.9537243858036,-12.454950669909323,-23.568104453708795,23.30521204333615,No,66.04345348607315,NW
1995.8333333333335,-1.2977740682553973,79.91198266243886,-10.704592495845432,-23.568104453708795,23.30521204333615,No,67.90961609833803,NW
1995.9166666666667,0.14589597251456188,79.87024093907412,-2.8107956214239778,-23.568104453708795,23.30521204333615,No,77.20534129016471,NW
1996,1.0146732185102292,79.82849921570939,4.509952225878962,-23.568104453708795,23.30521204333615,No,85.35312466009857,NW
1996.0833333333335,0.84658370879333,79.78675749234465,-14.961966235454256,-23.568104453708795,23.30521204333615,No,65.67137496568373,NW
1996.1666666666667,1.4548731979299316,79.74501576897991,-3.7869437315847563,-23.568104453708795,23.30521204333615,No,77.41294523532508,NW
1996.25,1.1774605176264374,79.70327404561517,8.273780941724823,-23.568104453708795,23.30521204333615,No,89.15451550496644,NW
1996.3333333333335,0.664445473512813,79.66153232225042,7.178383795829163,-23.568104453708795,23.30521204333615,No,87.5043615915924,NW
1996.4166666666667,0.9907248134872764,79.61979059888569,5.243692265845411,-23.568104453708795,23.30521204333615,No,85.85420767821837,NW
1996.5,-0.20348200073916795,79.57804887552095,4.8294868900625545,-23.568104453708795,23.30521204333615,No,84.20405376484433,NW
1996.5833333333335,-1.1630649359078813,79.53630715215621,4.180657635221976,-23.568104453708795,23.30521204333615,No,82.5538998514703,NW
1996.6666666666667,-2.1750156827782403,79.49456542879147,3.584196192083027,-23.568104453708795,23.30521204333615,No,80.90374593809626,NW
1996.75,-1.4553202298211199,79.45282370542674,1.2560885491166118,-23.568104453708795,23.30521204333615,No,79.25359202472222,NW
1996.8333333333335,-1.2977740682553973,79.411081982062,-0.509869802458411,-23.568104453708795,23.30521204333615,No,77.6034381113482,NW
1996.9166666666667,0.14589597251456188,79.3863854531989,-3.5789972277393076,-23.568104453708795,23.30521204333615,No,75.95328419797416,NW
1997,1.0146732185102292,79.3616889243358,-6.07323185824589,-23.568104453708795,23.30521204333615,No,74.30313028460013,NW
1997.0833333333335,0.84658370879333,79.33699239547269,-7.530599733039935,-23.568104453708795,23.30521204333615,No,72.65297637122609,NW
1997.1666666666667,1.4548731979299316,79.31229586660959,9.129764543823697,-23.568104453708795,23.30521204333615,No,89.89693360836321,NW
1997.25,1.1774605176264374,79.28759933774649,6.45384231313227,-23.568104453708795,23.30521204333615,No,86.9189021685052,NW
1997.3333333333335,0.664445473512813,79.26290280888338,-16.49613778613933,-23.568104453708795,23.30521204333615,No,63.43121049625687,NW
1997.4166666666667,0.9907248134872764,79.2382062800203,-0.7206981897646045,-23.568104453708795,23.30521204333615,No,79.50823290374296,NW
1997.5,-0.20348200073916795,79.21350975115719,7.832247888011182,-23.568104453708795,23.30521204333615,No,86.8422756384292,NW
1997.5833333333335,-1.1630649359078813,79.18881322229409,16.150570086729232,-23.568104453708795,23.30521204333615,No,94.17631837311544,NW
1997.6666666666667,-2.1750156827782403,79.16411669343098,2.110118881531136,-23.568104453708795,23.30521204333615,No,79.09921989218388,NW
1997.75,-1.4553202298211199,79.13942016456788,3.894040003578482,-23.568104453708795,23.30521204333615,No,81.57813993832524,NW
1997.8333333333335,-1.2977740682553973,79.11472363570478,14.685361138204101,-23.568104453708795,23.30521204333615,No,92.50231070565349,NW
1997.9166666666667,0.14589597251456188,79.09002710684167,5.448481371019469,-23.568104453708795,23.30521204333615,No,84.68440445037571,NW
1998,1.0146732185102292,79.06533057797857,3.0072874142258996,-23.568104453708795,23.30521204333615,No,83.0872912107147,NW
1998.0833333333335,0.84658370879333,79.05992285612952,-3.379633882080526,-23.568104453708795,23.30521204333615,No,76.52687268284232,NW
1998.1666666666667,1.4548731979299316,79.05451513428048,-5.889827378649656,-23.568104453708795,23.30521204333615,No,74.61956095356075,NW
1998.25,1.1774605176264374,79.04910741243143,-5.42019178397274,-23.568104453708795,23.30521204333615,No,74.80637614608513,NW
1998.3333333333335,0.664445473512813,79.04369969058237,-4.714953825485679,-23.568104453708795,23.30521204333615,No,74.9931913386095,NW
1998.4166666666667,0.9907248134872764,79.03829196873332,-4.84901025108671,-23.568104453708795,23.30521204333615,No,75.18000653113388,NW
1998.5,-0.20348200073916795,79.03288424688428,-3.462580522486846,-23.568104453708795,23.30521204333615,No,75.36682172365826,NW
1998.5833333333335,-1.1630649359078813,79.02747652503523,-2.310774672944703,-23.568104453708795,23.30521204333615,No,75.55363691618264,NW
1998.6666666666667,-2.1750156827782403,79.02206880318617,-1.106601011700917,-23.568104453708795,23.30521204333615,No,75.74045210870702,NW
1998.75,-1.4553202298211199,79.01666108133713,-1.6340735502846115,-23.568104453708795,23.30521204333615,No,75.9272673012314,NW
1998.8333333333335,-1.2977740682553973,79.01125335948808,-1.5993967974768992,-23.568104453708795,23.30521204333615,No,76.11408249375579,NW
1998.9166666666667,0.14589597251456188,79.00584563763903,-2.850843923873427,-23.568104453708795,23.30521204333615,No,76.30089768628017,NW
1999,1.0146732185102292,79.00043791578997,-3.5273982554956547,-23.568104453708795,23.30521204333615,No,76.48771287880454,NW
1999.0833333333335,0.84658370879333,78.99503019394093,-3.1670858314053447,-23.568104453708795,23.30521204333615,No,76.67452807132892,NW
1999.1666666666667,1.4548731979299316,78.98962247209188,-3.5831524061685087,-23.568104453708795,23.30521204333615,No,76.8613432638533,NW
1999.25,1.1774605176264374,78.99075478875307,-3.1200568500018306,-23.568104453708795,23.30521204333615,No,77.04815845637768,NW
1999.3333333333335,0.664445473512813,78.99188710541425,-2.421358930025008,-23.568104453708795,23.30521204333615,No,77.23497364890206,NW
1999.4166666666667,0.9907248134872764,78.99301942207543,-2.5619553941362767,-23.568104453708795,23.30521204333615,No,77.42178884142643,NW
1999.5,-0.20348200073916795,78.99415173873662,-0.2220163076656405,-23.568104453708795,23.30521204333615,No,78.5686534303318,NW
1999.5833333333335,-1.1630649359078813,78.9952840553978,1.8832988997472455,-23.568104453708795,23.30521204333615,No,79.71551801923717,NW
1999.6666666666667,-2.1750156827782403,78.99641637205899,5.6306521670129825,-23.568104453708795,23.30521204333615,No,82.45205285629373,NW
1999.75,-1.4553202298211199,78.99754868872017,4.153141859470537,-23.568104453708795,23.30521204333615,No,81.69537031836958,NW
1999.8333333333335,-1.2977740682553973,78.99868100538134,3.2377808433194986,-23.568104453708795,23.30521204333615,No,80.93868778044545,NW
1999.9166666666667,0.14589597251456188,78.99981332204253,1.0362959479642058,-23.568104453708795,23.30521204333615,No,80.1820052425213,NW
2000,1.0146732185102292,79.00094563870371,-0.5902961526167729,-23.568104453708795,23.30521204333615,No,79.42532270459716,NW
2000.0833333333335,0.84658370879333,79.0020779553649,-1.180021497485214,-23.568104453708795,23.30521204333615,No,78.66864016667301,NW
2000.1666666666667,1.4548731979299316,79.00321027202608,-2.546125841207143,-23.568104453708795,23.30521204333615,No,77.91195762874887,NW
2000.25,1.1774605176264374,79.00434258868727,-3.026528015488978,-23.568104453708795,23.30521204333615,No,77.15527509082473,NW
2000.3333333333335,0.664445473512813,79.00547490534845,-3.2713278259606824,-23.568104453708795,23.30521204333615,No,76.39859255290058,NW
2000.4166666666667,0.9907248134872764,78.99202806946477,-5.546838048341328,-23.568104453708795,23.30521204333615,No,74.43591483461071,NW
2000.5,-0.20348200073916795,78.97858123358108,-13.104349393634152,-23.568104453708795,23.30521204333615,No,65.67074983920776,NW
2000.5833333333335,-1.1630649359078813,78.9651343976974,-9.824104685189141,-23.568104453708795,23.30521204333615,No,67.97796477660037,NW
2000.6666666666667,-2.1750156827782403,78.95168756181371,-6.491492165042487,-23.568104453708795,23.30521204333615,No,70.28517971399299,NW
2000.75,-1.4553202298211199,78.93824072593003,-4.890525844723314,-23.568104453708795,23.30521204333615,No,72.59239465138559,NW
2000.8333333333335,-1.2977740682553973,78.92479389004635,-2.7274102330127477,-23.568104453708795,23.30521204333615,No,74.8996095887782,NW
2000.9166666666667,0.14589597251456188,78.91134705416266,-1.8504185005064073,-23.568104453708795,23.30521204333615,No,77.20682452617082,NW
2001,1.0146732185102292,78.89790021827899,-0.39853397322579553,-23.568104453708795,23.30521204333615,No,79.51403946356342,NW
2001.0833333333335,0.84658370879333,78.88445338239531,2.0902173097673966,-23.568104453708795,23.30521204333615,No,81.82125440095604,NW
2001.1666666666667,1.4548731979299316,78.87100654651162,3.8025895939071006,-23.568104453708795,23.30521204333615,No,84.12846933834865,NW
2001.25,1.1774605176264374,78.85755971062794,5.098658343417824,-23.568104453708795,23.30521204333615,No,85.1336785716722,NW
2001.3333333333335,0.664445473512813,78.84411287474425,6.630329456738707,-23.568104453708795,23.30521204333615,No,86.13888780499578,NW
2001.4166666666667,0.9907248134872764,78.83066603886057,7.322706185971484,-23.568104453708795,23.30521204333615,No,87.14409703831933,NW
2001.5,-0.20348200073916795,78.81721920297689,9.535569069405184,-23.568104453708795,23.30521204333615,No,88.1493062716429,NW
2001.5833333333335,-1.1630649359078813,78.78365672161225,11.533923719262091,-23.568104453708795,23.30521204333615,No,89.15451550496645,NW
2001.6666666666667,-2.1750156827782403,78.7500942402476,8.170587579282795,-23.568104453708795,23.30521204333615,No,84.74566613675216,NW
2001.75,-1.4553202298211199,78.71653175888297,3.075605239476019,-23.568104453708795,23.30521204333615,No,80.33681676853786,NW
2001.8333333333335,-1.2977740682553973,78.68296927751832,-1.4572278089393649,-23.568104453708795,23.30521204333615,No,75.92796740032357,NW
2001.9166666666667,0.14589597251456188,78.64940679615368,-7.276184736558989,-23.568104453708795,23.30521204333615,No,71.51911803210926,NW
2002,1.0146732185102292,78.61584431478904,-12.520248869404298,-23.568104453708795,23.30521204333615,No,67.11026866389497,NW
2002.0833333333335,0.84658370879333,78.5822818334244,-9.727884006447212,-23.568104453708795,23.30521204333615,No,69.70098153577052,NW
2002.1666666666667,1.4548731979299316,78.54871935205976,-5.313465606627631,-23.568104453708795,23.30521204333615,No,74.69012694336206,NW
2002.25,1.1774605176264374,78.51515687069512,-3.5705380207793382,-23.568104453708795,23.30521204333615,No,76.12207936754223,NW
2002.3333333333335,0.664445473512813,78.48159438933048,-1.592008071120901,-23.568104453708795,23.30521204333615,No,77.5540317917224,NW
2002.4166666666667,0.9907248134872764,78.44803190796584,-0.4527725055505556,-23.568104453708795,23.30521204333615,No,78.98598421590256,NW
2002.5,-0.20348200073916795,78.4144694266012,2.206949214220714,-23.568104453708795,23.30521204333615,No,80.41793664008274,NW
2002.5833333333335,-1.1630649359078813,78.38090694523656,4.632047054934233,-23.568104453708795,23.30521204333615,No,81.84988906426291,NW
2002.6666666666667,-2.1750156827782403,78.34734446387192,7.1095127073493956,-23.568104453708795,23.30521204333615,No,83.28184148844308,NW
2002.75,-1.4553202298211199,78.31623694591269,6.426815123347197,-23.568104453708795,23.30521204333615,No,83.28773183943876,NW
2002.8333333333335,-1.2977740682553973,78.28512942795346,8.143424333525942,-23.568104453708795,23.30521204333615,No,85.13077969322401,NW
2002.9166666666667,0.14589597251456188,78.25402190999425,8.573909664500448,-23.568104453708795,23.30521204333615,No,86.97382754700926,NW
2003,1.0146732185102292,78.22291439203502,9.579287790249268,-23.568104453708795,23.30521204333615,No,88.81687540079452,NW
2003.0833333333335,0.84658370879333,78.1918068740758,11.62153267171064,-23.568104453708795,23.30521204333615,No,90.65992325457977,NW
2003.1666666666667,1.4548731979299316,78.16069935611657,12.887398554318523,-23.568104453708795,23.30521204333615,No,92.50297110836502,NW
2003.25,1.1774605176264374,78.12959183815735,10.751488159957475,-23.568104453708795,23.30521204333615,No,90.05854051574127,NW
2003.3333333333335,0.664445473512813,78.09848432019812,8.851180129406572,-23.568104453708795,23.30521204333615,No,87.61410992311751,NW
2003.4166666666667,0.9907248134872764,78.0673768022389,6.111577714767591,-23.568104453708795,23.30521204333615,No,85.16967933049376,NW
2003.5,-0.20348200073916795,78.03626928427967,4.892461454329506,-23.568104453708795,23.30521204333615,No,82.72524873787,NW
2003.5833333333335,-1.1630649359078813,78.00516176632044,3.4387213148336997,-23.568104453708795,23.30521204333615,No,80.28081814524626,NW
2003.6666666666667,-2.1750156827782403,77.97405424836123,-0.19686019110140762,-23.568104453708795,23.30521204333615,No,75.60217837448158,NW
2003.75,-1.4553202298211199,77.942946730402,-0.6315827285569497,-23.568104453708795,23.30521204333615,No,75.85604377202392,NW
2003.8333333333335,-1.2977740682553973,77.91183921244277,-0.5041559746211135,-23.568104453708795,23.30521204333615,No,76.10990916956627,NW
2003.9166666666667,0.14589597251456188,77.88895918349621,-1.6710805889021856,-23.568104453708795,23.30521204333615,No,76.36377456710859,NW
2004,1.0146732185102292,77.86607915454965,-2.2631124084089436,-23.568104453708795,23.30521204333615,No,76.61763996465093,NW
2004.0833333333335,0.84658370879333,77.84319912560309,-1.8182774722031496,-23.568104453708795,23.30521204333615,No,76.87150536219328,NW
2004.1666666666667,1.4548731979299316,77.82031909665653,-2.149821534850844,-23.568104453708795,23.30521204333615,No,77.12537075973562,NW
2004.25,1.1774605176264374,77.79743906770997,-1.5956634280584723,-23.568104453708795,23.30521204333615,No,77.37923615727794,NW
2004.3333333333335,0.664445473512813,77.77455903876341,-0.8059029574559418,-23.568104453708795,23.30521204333615,No,77.63310155482029,NW
2004.4166666666667,0.9907248134872764,77.75167900981685,-0.855436870941503,-23.568104453708795,23.30521204333615,No,77.88696695236263,NW
2004.5,-0.20348200073916795,77.7287989808703,4.9272591208440275,-23.568104453708795,23.30521204333615,No,82.45257610097515,NW
2004.5833333333335,-1.1630649359078813,77.705918951923735,0.1380747386710084,-23.568104453708795,23.30521204333615,No,76.68092875468686,NW
2004.6666666666667,-2.1750156827782403,77.68303892297718,1.0688420740414841,-23.568104453708795,23.30521204333615,No,76.57686531424042,NW
2004.75,-1.4553202298211199,77.66015889403062,0.2679632095844937,-23.568104453708795,23.30521204333615,No,76.47280187379398,NW
2004.8333333333335,-1.2977740682553973,77.63727886508406,0.029233636518895878,-23.568104453708795,23.30521204333615,No,76.36873843334756,NW
2004.9166666666667,0.14589597251456188,77.6143988361375,-1.495619815750942,-23.568104453708795,23.30521204333615,No,76.26467499290112,NW
2005,1.0146732185102292,77.59151880719094,-2.44558047324648,-23.568104453708795,23.30521204333615,No,76.16061155245468,NW
2005.0833333333335,0.84658370879333,77.57520252108498,-2.3652381178700637,-23.568104453708795,23.30521204333615,No,76.05654811200824,NW
2005.1666666666667,1.4548731979299316,77.55888623497901,-3.0612747613471214,-23.568104453708795,23.30521204333615,No,75.95248467156182,NW
2005.25,1.1774605176264374,77.54256994887305,-2.8716092353841134,-23.568104453708795,23.30521204333615,No,75.84842123111538,NW
2005.3333333333335,0.664445473512813,77.52625366276708,-2.4463413456109464,-23.568104453708795,23.30521204333615,No,75.74435779066894,NW
2005.4166666666667,0.9907248134872764,77.50993737666111,4.693705242030546,-23.568104453708795,23.30521204333615,No,83.19436743217894,NW
2005.5,-0.20348200073916795,77.49362109055515,-1.8700056061842218,-23.568104453708795,23.30521204333615,No,75.42013348363176,NW
2005.5833333333335,-1.1630649359078813,77.47730480444919,-11.315164294275917,-23.568104453708795,23.30521204333615,No,64.99907557426539,NW
2005.6666666666667,-2.1750156827782403,77.46098851834323,-9.35969456020392,-23.568104453708795,23.30521204333615,No,65.92627827536107,NW
2005.75,-1.4553202298211199,77.44467223223727,-9.13587102595939,-23.568104453708795,23.30521204333615,No,66.85348097645675,NW
2005.8333333333335,-1.2977740682553973,77.4283559461313,-8.349898200323466,-23.568104453708795,23.30521204333615,No,67.78068367755245,NW
2005.9166666666667,0.14589597251456188,77.41203966002533,-8.850049253891768,-23.568104453708795,23.30521204333615,No,68.70788637864813,NW
2006,1.0146732185102292,77.39572337391937,-8.775307512685785,-23.568104453708795,23.30521204333615,No,69.6350890797438,NW
2006.0833333333335,0.84658370879333,77.3794070878134,-7.66369901576725,-23.568104453708795,23.30521204333615,No,70.56229178083949,NW
2006.1666666666667,1.4548731979299316,77.36309080170744,-7.328469517702189,-23.568104453708795,23.30521204333615,No,71.48949448193518,NW
2006.25,1.1774605176264374,77.36140758938642,-6.122170923981997,-23.568104453708795,23.30521204333615,No,72.41669718303086,NW
2006.3333333333335,0.664445473512813,77.3597243770654,-4.680269966451675,-23.568104453708795,23.30521204333615,No,73.34389988412654,NW
2006.4166666666667,0.9907248134872764,77.35804116474438,1.5405844436414071,-23.568104453708795,23.30521204333615,No,79.88935042187306,NW
2006.5,-0.20348200073916795,77.35635795242337,-1.415766847802928,-23.568104453708795,23.30521204333615,No,75.73710910388127,NW
2006.5833333333335,-1.1630649359078813,77.35467474010234,-7.167491121482172,-23.568104453708795,23.30521204333615,No,69.02411868271228,NW
2006.6666666666667,-2.1750156827782403,77.35299152778133,-12.866847583459787,-23.568104453708795,23.30521204333615,No,62.3111282615433,NW
2006.75,-1.4553202298211199,77.3513083154603,0.5437946753701937,-23.568104453708795,23.30521204333615,No,76.43978276100937,NW
2006.8333333333335,-1.2977740682553973,77.34962510313927,-11.500558303913209,-23.568104453708795,23.30521204333615,No,64.55129273097067,NW
2006.9166666666667,0.14589597251456188,77.34794189081826,2.799974689107543,-23.568104453708795,23.30521204333615,No,80.29381255244037,NW
2007,1.0146732185102292,77.34625867849724,4.645642743906635,-23.568104453708795,23.30521204333615,No,83.0065746409141,NW
2007.0833333333335,0.84658370879333,77.34457546617622,12.636719531760448,-23.568104453708795,23.30521204333615,No,90.82787870673,NW
2007.1666666666667,1.4548731979299316,77.3428922538552,2.5897774771424906,-23.568104453708795,23.30521204333615,No,81.38754292892762,NW
2007.25,1.1774605176264374,77.34120904153419,2.292086874961271,-23.568104453708795,23.30521204333615,No,80.8107564341219,NW
2007.3333333333335,0.664445473512813,77.33952582921316,2.22999863659021,-23.568104453708795,23.30521204333615,No,80.23396993931618,NW
2007.4166666666667,0.9907248134872764,77.36848764126631,1.2979709897568625,-23.568104453708795,23.30521204333615,No,79.65718344451045,NW
2007.5,-0.20348200073916795,77.39744945331948,1.8864294971244249,-23.568104453708795,23.30521204333615,No,79.08039694970473,NW
2007.5833333333335,-1.1630649359078813,77.42641126537264,-2.7681882176004677,-23.568104453708795,23.30521204333615,No,73.49515811186428,NW
2007.6666666666667,-2.1750156827782403,77.4553730774258,-0.9998731368708462,-23.568104453708795,23.30521204333615,No,74.28048425777672,NW
2007.75,-1.4553202298211199,77.48433488947896,-0.9632042559686766,-23.568104453708795,23.30521204333615,No,75.06581040368916,NW
2007.8333333333335,-1.2977740682553973,77.51329670153213,-0.3643860836751429,-23.568104453708795,23.30521204333615,No,75.85113654960159,NW
2007.9166666666667,0.14589597251456188,77.54225851358528,-1.0516917905858207,-23.568104453708795,23.30521204333615,No,76.63646269551403,NW
2008,1.0146732185102292,77.57122032563844,-1.1641047027221987,-23.568104453708795,23.30521204333615,No,77.42178884142646,NW
2008.0833333333335,0.84658370879333,77.6001821376916,-1.1740464455766642,-23.568104453708795,23.30521204333615,No,77.27271940090827,NW
2008.1666666666667,1.4548731979299316,77.62914394974476,-5.372858030526444,-23.568104453708795,23.30521204333615,No,73.71115911714824,NW
2008.25,1.1774605176264374,77.65810576179793,-8.685967446036145,-23.568104453708795,23.30521204333615,No,70.14959883338823,NW
2008.3333333333335,0.664445473512813,77.68706757385108,-3.683528823954248,-23.568104453708795,23.30521204333615,No,74.66798422340965,NW
2008.4166666666667,0.9907248134872764,77.71602938590425,0.479615414039543,-23.568104453708795,23.30521204333615,No,79.18636961343107,NW
2008.5,-0.20348200073916795,77.7449911979574,6.163245806234258,-23.568104453708795,23.30521204333615,No,83.70475500345249,NW
2008.5833333333335,-1.1630649359078813,77.78434195454481,12.53323848632931,-23.568104453708795,23.30521204333615,No,89.15451550496624,NW
2008.6666666666667,-2.1750156827782403,77.82369271113222,18.527641344761932,-23.568104453708795,23.30521204333615,No,94.17631837311592,NW
2008.75,-1.4553202298211199,77.86304346771965,15.844096111440052,-23.568104453708795,23.30521204333615,No,92.25181934933858,NW
2008.8333333333335,-1.2977740682553973,77.90239422430706,13.722700169509565,-23.568104453708795,23.30521204333615,No,90.32732032556123,NW
2008.9166666666667,0.14589597251456188,77.94174498089447,10.315180348374852,-23.568104453708795,23.30521204333615,No,88.40282130178389,NW
2009,1.0146732185102292,77.98109573748188,7.482553322014439,-23.568104453708795,23.30521204333615,No,86.47832227800654,NW
2009.0833333333335,0.84658370879333,78.0204464940693,5.686793051366578,-23.568104453708795,23.30521204333615,No,84.55382325422921,NW
2009.1666666666667,1.4548731979299316,78.05979725065671,3.114653781865229,-23.568104453708795,23.30521204333615,No,82.62932423045187,NW
2009.25,1.1774605176264374,78.09914800724412,1.4282166818039599,-23.568104453708795,23.30521204333615,No,80.70482520667453,NW
2009.3333333333335,0.664445473512813,78.13849876383154,-0.02261805444716458,-23.568104453708795,23.30521204333615,No,78.78032618289718,NW
2009.4166666666667,0.9907248134872764,78.17784952041895,-2.312747174786381,-23.568104453708795,23.30521204333615,No,76.85582715911984,NW
2009.5,-0.20348200073916795,78.21720027700637,-15.702590014723832,-23.568104453708795,23.30521204333615,No,62.311128261543374,NW
2009.5833333333335,-1.1630649359078813,78.25655103359378,-9.882434234084272,-23.568104453708795,23.30521204333615,No,67.21105186360163,NW
2009.6666666666667,-2.1750156827782403,78.29590179018119,-4.009910641743076,-23.568104453708795,23.30521204333615,No,72.11097546565988,NW
2009.75,-1.4553202298211199,78.32353367720218,0.1426856203370761,-23.568104453708795,23.30521204333615,No,77.01089906771813,NW
2009.8333333333335,-1.2977740682553973,78.35116556422315,2.0453264319749707,-23.568104453708795,23.30521204333615,No,79.09871792794273,NW
2009.9166666666667,0.14589597251456188,78.37879745124414,17.324972214107177,-23.568104453708795,23.30521204333615,No,95.84966563786588,NW
2010,1.0146732185102292,78.40642933826513,11.573157145980659,-23.568104453708795,23.30521204333615,No,90.99425970275601,NW
2010.0833333333335,0.84658370879333,78.43406122528611,6.858208833566692,-23.568104453708795,23.30521204333615,No,86.13885376764614,NW
2010.1666666666667,1.4548731979299316,78.46169311230709,1.3668815222992663,-23.568104453708795,23.30521204333615,No,81.28344783253628,NW
2010.25,1.1774605176264374,78.48932499932808,-3.2387436195281083,-23.568104453708795,23.30521204333615,No,76.42804189742641,NW
2010.3333333333335,0.664445473512813,78.51695688634906,13.99055543962396,-23.568104453708795,23.30521204333615,No,93.17195779948584,NW
2010.4166666666667,0.9907248134872764,78.54458877337004,-3.120271780432219,-23.568104453708795,23.30521204333615,No,76.4150418064251,NW
2010.5,-0.20348200073916795,78.57222066039103,-0.7522774839481485,-23.568104453708795,23.30521204333615,No,77.6164611757037,NW
2010.5833333333335,-1.1630649359078813,78.59985254741201,1.3810929334782003,-23.568104453708795,23.30521204333615,No,78.81788054498233,NW
2010.6666666666667,-2.1750156827782403,78.627484434433,5.9981451892307405,-23.568104453708795,23.30521204333615,No,82.4506139408855,NW
2010.75,-1.4553202298211199,78.65511632145397,1.7550445790086968,-23.568104453708795,23.30521204333615,No,78.95484067064154,NW
2010.8333333333335,-1.2977740682553973,78.68274820847496,-1.9259067398219685,-23.568104453708795,23.30521204333615,No,75.4590674003976,NW
2010.9166666666667,0.14589597251456188,78.68216850138855,-6.864770343749456,-23.568104453708795,23.30521204333615,No,71.96329413015366,NW
2011,1.0146732185102292,78.68158879430213,-11.228741152902657,-23.568104453708795,23.30521204333615,No,68.4675208599097,NW
2011.0833333333335,0.84658370879333,78.68100908721571,-3.0394086512022795,-23.568104453708795,23.30521204333615,No,76.48818414480677,NW
2011.1666666666667,1.4548731979299316,78.6804293801293,-3.7574852879590424,-23.568104453708795,23.30521204333615,No,76.37781729010018,NW
2011.25,1.1774605176264374,78.67984967304288,-3.589859755275725,-23.568104453708795,23.30521204333615,No,76.2674504353936,NW
2011.3333333333335,0.664445473512813,78.67926996595646,16.505950198396604,-23.568104453708795,23.30521204333615,No,95.84966563786588,NW
2011.4166666666667,0.9907248134872764,78.67869025887005,9.893358762159423,-23.568104453708795,23.30521204333615,No,89.56277383451675,NW
2011.5,-0.20348200073916795,78.67811055178365,4.801253480123137,-23.568104453708795,23.30521204333615,No,83.27588203116761,NW
2011.5833333333335,-1.1630649359078813,78.67753084469723,-0.5254756809708709,-23.568104453708795,23.30521204333615,No,76.98899022781848,NW
2011.6666666666667,-2.1750156827782403,78.67695113761081,-5.799837030363236,-23.568104453708795,23.30521204333615,No,70.70209842446934,NW
2011.75,-1.4553202298211199,78.6763714305244,-8.672042921398258,-23.568104453708795,23.30521204333615,No,68.54900827930501,NW
2011.8333333333335,-1.2977740682553973,78.67579172343798,1.4737442369530385,-23.568104453708795,23.30521204333615,No,78.85176189213563,NW
2011.9166666666667,0.14589597251456188,78.67521201635157,10.33340751610011,-23.568104453708795,23.30521204333615,No,89.15451550496624,NW
2012,1.0146732185102292,78.67463230926515,9.910773994285307,-23.568104453708795,23.30521204333615,No,89.60007952206068,NW
2012.0833333333335,0.84658370879333,78.67210033875898,10.526959491602824,-23.568104453708795,23.30521204333615,No,90.04564353915514,NW
2012.1666666666667,1.4548731979299316,78.66956836825281,10.366765990066838,-23.568104453708795,23.30521204333615,No,90.49120755624958,NW
2012.25,1.1774605176264374,78.66703639774664,8.061701208302722,-23.568104453708795,23.30521204333615,No,87.90619812367581,NW
2012.3333333333335,0.664445473512813,78.66450442724047,5.992238790348736,-23.568104453708795,23.30521204333615,No,85.32118869110202,NW
2012.4166666666667,0.9907248134872764,78.6619724567343,-3.4307488558684582,-23.568104453708795,23.30521204333615,No,76.22194841435312,NW
2012.5,-0.20348200073916795,78.65944048622814,-1.9170706987524824,-23.568104453708795,23.30521204333615,No,76.53888778673648,NW
2012.5833333333335,-1.1630649359078813,78.65690851572195,-0.6380164206942283,-23.568104453708795,23.30521204333615,No,76.85582715911984,NW
2012.6666666666667,-2.1750156827782403,78.65437654521578,-7.4503173396838775,-23.568104453708795,23.30521204333615,No,69.02904352275367,NW
2012.75,-1.4553202298211199,78.65184457470961,-12.965433717115104,-23.568104453708795,23.30521204333615,No,64.23109062777338,NW
2012.8333333333335,-1.2977740682553973,78.64931260420344,-10.99992650086459,-23.568104453708795,23.30521204333615,No,66.35161203508346,NW
2012.9166666666667,0.14589597251456188,78.64678063369728,-10.3205431638183,-23.568104453708795,23.30521204333615,No,68.47213344239354,NW
2013,1.0146732185102292,78.6442486631911,-9.066267031997697,-23.568104453708795,23.30521204333615,No,70.59265484970364,NW
2013.0833333333335,0.84658370879333,78.64171669268494,-6.775124144464556,-23.568104453708795,23.30521204333615,No,72.71317625701371,NW
2013.1666666666667,1.4548731979299316,78.63918472217877,-5.260360255784903,-23.568104453708795,23.30521204333615,No,74.8336976643238,NW
2013.25,1.1774605176264374,78.64315156421107,-2.8663930102036375,-23.568104453708795,23.30521204333615,No,76.95421907163387,NW
2013.3333333333335,0.664445473512813,78.64711840624337,-0.23682340081221298,-23.568104453708795,23.30521204333615,No,79.07474047894397,NW
2013.4166666666667,0.9907248134872764,78.65108524827565,1.5534518244911197,-23.568104453708795,23.30521204333615,No,81.19526188625404,NW
2013.5,-0.20348200073916795,78.65505209030795,4.864213203995348,-23.568104453708795,23.30521204333615,No,83.31578329356412,NW
2013.5833333333335,-1.1630649359078813,78.65901893234025,-8.465582579559793,-23.568104453708795,23.30521204333615,No,69.03037141687257,NW
2013.6666666666667,-2.1750156827782403,78.66298577437254,-4.941457397687898,-23.568104453708795,23.30521204333615,No,71.54651269390641,NW
2013.75,-1.4553202298211199,78.66695261640483,-3.1489784156434553,-23.568104453708795,23.30521204333615,No,74.06265397094025,NW
2013.8333333333335,-1.2977740682553973,78.67091945843713,1.723281792548491,-23.568104453708795,23.30521204333615,No,79.09642718273022,NW
2013.9166666666667,0.14589597251456188,78.67488630046942,2.7654642468607165,-23.568104453708795,23.30521204333615,No,81.5862465198447,NW
2014,1.0146732185102292,78.67885314250172,4.382539495947242,-23.568104453708795,23.30521204333615,No,84.07606585695919,NW
2014.0833333333335,0.84658370879333,78.68281998453402,7.036481500746305,-23.568104453708795,23.30521204333615,No,86.56588519407366,NW
2014.1666666666667,1.4548731979299316,78.6867868265663,8.914044506691909,-23.568104453708795,23.30521204333615,No,89.05570453118814,NW
2014.25,1.1774605176264374,78.6907536685986,11.677309682077578,-23.568104453708795,23.30521204333615,No,91.54552386830262,NW
2014.3333333333335,0.664445473512813,78.6947205106309,-3.6152201999702385,-23.568104453708795,23.30521204333615,No,75.74394578417348,NW
2014.4166666666667,0.9907248134872764,78.73620792361208,1.282199195037208,-23.568104453708795,23.30521204333615,No,81.00913193213657,NW
2014.5,-0.20348200073916795,78.77769533659328,2.620229497505804,-23.568104453708795,23.30521204333615,No,81.19444283335991,NW
2014.5833333333335,-1.1630649359078813,78.81918274957447,3.723635920916678,-23.568104453708795,23.30521204333615,No,81.37975373458326,NW
2014.6666666666667,-2.1750156827782403,78.86067016255565,0.8917502402092481,-23.568104453708795,23.30521204333615,No,77.57740471998666,NW
2014.75,-1.4553202298211199,78.90215757553685,-9.94496091759116,-23.568104453708795,23.30521204333615,No,67.50187642812456,NW
2014.8333333333335,-1.2977740682553973,78.94364498851803,-10.967178489976703,-23.568104453708795,23.30521204333615,No,66.67869243028593,NW
2014.9166666666667,0.14589597251456188,78.98513240149921,-9.002328675673596,-23.568104453708795,23.30521204333615,No,70.12869969834018,NW
2015,1.0146732185102292,79.02661981448041,-6.462586066596188,-23.568104453708795,23.30521204333615,No,73.57870696639445,NW
2015.0833333333335,0.84658370879333,79.0681072274616,-2.8859767018062286,-23.568104453708795,23.30521204333615,No,77.0287142344487,NW
2015.1666666666667,1.4548731979299316,79.1095946404428,-0.08574633586977143,-23.568104453708795,23.30521204333615,No,80.47872150250295,NW
2015.25,1.1774605176264374,79.15108205342398,3.60018619950678,-23.568104453708795,23.30521204333615,No,83.9287287705572,NW
2015.3333333333335,0.664445473512813,79.19256946640516,7.52172109869349,-23.568104453708795,23.30521204333615,No,87.37873603861146,NW
2015.4166666666667,0.9907248134872764,79.23405687938636,10.60396161379208,-23.568104453708795,23.30521204333615,No,90.82874330666571,NW
2015.5,-0.20348200073916795,79.27554429236754,-8.60462553605042,-23.568104453708795,23.30521204333615,No,70.46743675557795,NW
2015.5833333333335,-1.1630649359078813,79.33494262460874,-14.18062607508719,-23.568104453708795,23.30521204333615,No,63.99125161361367,NW
2015.6666666666667,-2.1750156827782403,79.39434095684994,-1.4839799470924788,-23.568104453708795,23.30521204333615,No,75.73534532697923,NW
2015.75,-1.4553202298211199,79.45373928909113,9.48101998107478,-23.568104453708795,23.30521204333615,No,87.47943904034479,NW
2015.8333333333335,-1.2977740682553973,79.51313762133233,-1.3595363939571001,-23.568104453708795,23.30521204333615,No,76.85582715911984,NW
2015.9166666666667,0.14589597251456188,79.57253595357354,-2.7966226277604846,-23.568104453708795,23.30521204333615,No,76.92180929832762,NW
2016,1.0146732185102292,79.63193428581474,-2.710893225541369,-23.568104453708795,23.30521204333615,No,77.93571427878359,NW
2016.0833333333335,0.84658370879333,79.69133261805592,-4.508936558901155,-23.568104453708795,23.30521204333615,No,76.0289797679481,NW
2016.1666666666667,1.4548731979299316,79.75073095029713,-4.882533999724799,-23.568104453708795,23.30521204333615,No,76.32307014850225,NW
2016.25,1.1774605176264374,79.81012928253833,-4.370429271108364,-23.568104453708795,23.30521204333615,No,76.6171605290564,NW
2016.3333333333335,0.664445473512813,79.86952761477953,-3.6227221786817836,-23.568104453708795,23.30521204333615,No,76.91125090961056,NW
2016.4166666666667,0.9907248134872764,79.92892594702073,-3.714309470343295,-23.568104453708795,23.30521204333615,No,77.20534129016471,NW
2016.5,-0.20348200073916795,79.98832427926192,0.527886402925489,-23.568104453708795,23.30521204333615,No,80.31272868144823,NW
2016.5833333333335,-1.1630649359078813,80.04772261150312,4.535458397136537,-23.568104453708795,23.30521204333615,No,83.42011607273177,NW
2016.6666666666667,-2.1750156827782403,80.10712094374432,8.595398203049214,-23.568104453708795,23.30521204333615,No,86.5275034640153,NW
2016.75,-1.4553202298211199,80.14530199620897,10.944909088910975,-23.568104453708795,23.30521204333615,No,89.63489085529882,NW
2016.8333333333335,-1.2977740682553973,80.18348304867364,13.856569266164115,-23.568104453708795,23.30521204333615,No,92.74227824658236,NW
2016.9166666666667,0.14589597251456188,80.22166410113829,15.482105564213029,-23.568104453708795,23.30521204333615,No,95.84966563786588,NW
2017,1.0146732185102292,80.25984515360294,14.575147265752804,-23.568104453708795,23.30521204333615,No,95.84966563786597,NW
2017.0833333333335,0.84658370879333,80.2980262060676,14.705055723005117,-23.568104453708795,23.30521204333615,No,95.84966563786605,NW
2017.1666666666667,1.4548731979299316,80.33620725853226,14.058585181403956,-23.568104453708795,23.30521204333615,No,95.84966563786614,NW
2017.25,1.1774605176264374,80.3743883109969,-2.936694134717726,-23.568104453708795,23.30521204333615,No,78.61515469390562,NW
2017.3333333333335,0.664445473512813,80.41256936346157,-2.6977141108886826,-23.568104453708795,23.30521204333615,No,78.3793007260857,NW
2017.4166666666667,0.9907248134872764,80.45075041592622,-17.450223615799864,-23.568104453708795,23.30521204333615,No,63.991251613613635,NW
2017.5,-0.20348200073916795,80.48893146839089,-14.66488112050412,-23.568104453708795,23.30521204333615,No,65.6205683471476,NW
2017.5833333333335,-1.1630649359078813,80.52711252085554,-12.11416250426609,-23.568104453708795,23.30521204333615,No,67.24988508068157,NW
2017.6666666666667,-2.1750156827782403,80.56529357332019,-9.511076076326418,-23.568104453708795,23.30521204333615,No,68.87920181421553,NW
2017.75,-1.4553202298211199,80.60347462578486,-8.63963584821424,-23.568104453708795,23.30521204333615,No,70.50851854774949,NW
2017.8333333333335,-1.2977740682553973,80.6416556782495,-7.206046328710656,-23.568104453708795,23.30521204333615,No,72.13783528128346,NW
2017.9166666666667,0.14589597251456188,80.63296700068122,-7.011710958378359,-23.568104453708795,23.30521204333615,No,73.76715201481743,NW
2018,1.0146732185102292,80.62427832311293,-6.242482793271762,-23.568104453708795,23.30521204333615,No,75.3964687483514,NW
2018.0833333333335,0.84658370879333,80.61558964554463,-4.436387872452613,-23.568104453708795,23.30521204333615,No,77.02578548188535,NW
2018.1666666666667,1.4548731979299316,80.60690096797634,-3.4066719504869525,-23.568104453708795,23.30521204333615,No,78.65510221541932,NW
2018.25,1.1774605176264374,80.59821229040806,-1.4912538590812119,-23.568104453708795,23.30521204333615,No,80.28441894895329,NW
2018.3333333333335,0.664445473512813,80.58952361283977,0.6597665961346735,-23.568104453708795,23.30521204333615,No,81.91373568248726,NW
2018.4166666666667,0.9907248134872764,80.58083493527148,1.9714926672624529,-23.568104453708795,23.30521204333615,No,83.54305241602121,NW
2018.5,-0.20348200073916795,80.57214625770318,4.8037048925911705,-23.568104453708795,23.30521204333615,No,85.17236914955518,NW
2018.5833333333335,-1.1630649359078813,80.5634575801349,6.103611863347638,-23.568104453708795,23.30521204333615,No,85.50400450757465,NW
2018.6666666666667,-2.1750156827782403,80.55476890256661,7.455886645805748,-23.568104453708795,23.30521204333615,No,85.83563986559412,NW
2018.75,-1.4553202298211199,80.54608022499832,7.076515228436392,-23.568104453708795,23.30521204333615,No,86.16727522361359,NW
2018.8333333333335,-1.2977740682553973,80.53739154743002,7.259293102458429,-23.568104453708795,23.30521204333615,No,86.49891058163306,NW
2018.9166666666667,0.14589597251456188,80.52870286986173,6.155947097276226,-23.568104453708795,23.30521204333615,No,86.83054593965252,NW
2019,1.0146732185102292,80.52001419229344,5.627493886868322,-23.568104453708795,23.30521204333615,No,87.16218129767199,NW
2019.0833333333335,0.84658370879333,80.4841942254601,6.163038721438028,-23.568104453708795,23.30521204333615,No,87.49381665569146,NW
2019.1666666666667,1.4548731979299316,80.44837425862676,5.922204557154245,-23.568104453708795,23.30521204333615,No,87.82545201371093,NW
2019.25,1.1774605176264374,80.41255429179343,6.567072562310528,-23.568104453708795,23.30521204333615,No,88.1570873717304,NW
2019.3333333333335,0.664445473512813,80.37673432496008,7.4475429312769705,-23.568104453708795,23.30521204333615,No,88.48872272974987,NW
2019.4166666666667,0.9907248134872764,80.34091435812674,7.488718916155321,-23.568104453708795,23.30521204333615,No,88.82035808776934,NW
2019.5,-0.20348200073916795,80.3050943912934,9.050381055234581,-23.568104453708795,23.30521204333615,No,89.1519934457888,NW
2019.5833333333335,-1.1630649359078813,80.26927442446006,8.51261277811328,-23.568104453708795,23.30521204333615,No,87.61882226666546,NW
2019.6666666666667,-2.1750156827782403,80.23345445762672,8.027212312693635,-23.568104453708795,23.30521204333615,No,86.08565108754212,NW
2019.75,-1.4553202298211199,80.19763449079338,5.810165647446524,-23.568104453708795,23.30521204333615,No,84.55247990841877,NW
2019.8333333333335,-1.2977740682553973,80.16181452396003,4.155268273590806,-23.568104453708795,23.30521204333615,No,83.01930872929545,NW
2019.9166666666667,0.14589597251456188,80.12599455712669,1.2142470205308484,-23.568104453708795,23.30521204333615,No,81.4861375501721,NW
2020,1.0146732185102292,80.09017459029336,-1.1518814377548239,-23.568104453708795,23.30521204333615,No,79.95296637104876,NW
2020.0833333333335,0.84658370879333,80.05435462346001,-2.48114314032793,-23.568104453708795,23.30521204333615,No,78.41979519192542,NW
2020.1666666666667,1.4548731979299316,80.01853465662667,11.69854994492924,-23.568104453708795,23.30521204333615,No,93.17195779948584,NW
2020.25,1.1774605176264374,79.928688713901,2.436781089338524,-23.568104453708795,23.30521204333615,No,83.54293032086596,NW
2020.3333333333335,0.664445473512813,79.83884277117534,-6.589385402442048,-23.568104453708795,23.30521204333615,No,73.9139028422461,NW
2020.4166666666667,0.9907248134872764,79.74899682844966,-3.4843883081813942,-23.568104453708795,23.30521204333615,No,77.25533333375554,NW
2020.5,-0.20348200073916795,79.65915088572399,1.141094940280155,-23.568104453708795,23.30521204333615,No,80.59676382526497,NW
2020.5833333333335,-1.1630649359078813,79.56930494299833,5.531954309683968,-23.568104453708795,23.30521204333615,No,83.93819431677441,NW
2020.6666666666667,-2.1750156827782403,79.47945900027266,-14.993315055950774,-23.568104453708795,23.30521204333615,No,62.311128261543644,NW
2020.75,-1.4553202298211199,79.389613057547,-7.233727639915273,-23.568104453708795,23.30521204333615,No,70.7005651878106,NW
2020.8333333333335,-1.2977740682553973,79.29976711482132,1.088009067511635,-23.568104453708795,23.30521204333615,No,79.09000211407756,NW
2020.9166666666667,0.14589597251456188,79.20992117209565,8.123621895734317,-23.568104453708795,23.30521204333615,No,87.47943904034453,NW
2021,1.0146732185102292,79.12007522936999,5.0770223201792675,-23.568104453708795,23.30521204333615,No,85.21177076805948,NW
2021.0833333333335,0.84658370879333,79.03022928664431,3.0672895003367984,-23.568104453708795,23.30521204333615,No,82.94410249577444,NW
2021.1666666666667,1.4548731979299316,78.94038334391864,0.2811776816408269,-23.568104453708795,23.30521204333615,No,80.6764342234894,NW
2021.25,1.1774605176264374,78.85053740119298,-1.6192319676150788,-23.568104453708795,23.30521204333615,No,78.40876595120434,NW
2021.3333333333335,0.664445473512813,78.7606914584673,-13.083264082955367,-23.568104453708795,23.30521204333615,No,66.34187284902475,NW
2021.4166666666667,0.9907248134872764,78.64805567809809,-5.692693423913312,-23.568104453708795,23.30521204333615,No,73.94608706767205,NW
2021.5,-0.20348200073916795,78.53541989772887,3.218363389329653,-23.568104453708795,23.30521204333615,No,81.55030128631935,NW
2021.5833333333335,-1.1630649359078813,78.42278411735964,11.894796323514896,-23.568104453708795,23.30521204333615,No,89.15451550496665,NW
2021.6666666666667,-2.1750156827782403,78.31014833699042,0.3363604940999352,-23.568104453708795,23.30521204333615,No,76.47149314831212,NW
2021.75,-1.4553202298211199,78.1975125566212,-0.3421729672961362,-23.568104453708795,23.30521204333615,No,76.40001935950394,NW
2021.8333333333335,-1.2977740682553973,78.08487677625199,-0.45855713730082925,-23.568104453708795,23.30521204333615,No,76.32854557069577,NW
2021.9166666666667,0.14589597251456188,77.97224099588277,-1.861065186509748,-23.568104453708795,23.30521204333615,No,76.25707178188759,NW
2022,1.0146732185102292,77.85960521551354,-2.6886804409443528,-23.568104453708795,23.30521204333615,No,76.18559799307941,NW
2022.0833333333335,0.84658370879333,77.74696943514432,-2.4794289396664055,-23.568104453708795,23.30521204333615,No,76.11412420427125,NW
2022.1666666666667,1.4548731979299316,77.6343336547751,-3.0465564372419607,-23.568104453708795,23.30521204333615,No,76.04265041546307,NW
2022.25,1.1774605176264374,77.52169787440589,-2.727981765377436,-23.568104453708795,23.30521204333615,No,75.9711766266549,NW
2022.3333333333335,0.664445473512813,77.40906209403666,-2.173804729702752,-23.568104453708795,23.30521204333615,No,75.89970283784672,NW
2022.4166666666667,0.9907248134872764,77.29642631366744,-2.4589220781161742,-23.568104453708795,23.30521204333615,No,75.82822904903854,NW
2022.5,-0.20348200073916795,77.18379053329822,-3.0473327728416564,-23.568104453708795,23.30521204333615,No,73.9329757597174,NW
2022.5833333333335,-1.1630649359078813,77.06287696641125,5.590405971815002,-23.568104453708795,23.30521204333615,No,81.49021800231837,NW
2022.6666666666667,-2.1750156827782403,76.94196339952428,1.9030263248848627,-23.568104453708795,23.30521204333615,No,76.66997404163091,NW
2022.75,-1.4553202298211199,76.82104983263731,1.4937273492016487,-23.568104453708795,23.30521204333615,No,76.85945695201784,NW
2022.8333333333335,-1.2977740682553973,76.70013626575036,1.722833946119792,-23.568104453708795,23.30521204333615,No,77.12519614361476,NW
2022.9166666666667,0.14589597251456188,76.57922269886339,1.3067623634047152,-23.568104453708795,23.30521204333615,No,78.03188103478267,NW
2023,1.0146732185102292,76.45830913197642,-4.750125144198762,-23.568104453708795,23.30521204333615,No,72.72285720628788,NW
2023.0833333333335,0.84658370879333,76.33739556508945,-4.378258533161144,-23.568104453708795,23.30521204333615,No,72.80572074072164,NW
2023.1666666666667,1.4548731979299316,76.21648199820248,-0.8482183125552467,-23.568104453708795,23.30521204333615,No,76.82313688357716,NW
2023.25,1.1774605176264374,76.09556843131551,1.14636468520996,-23.568104453708795,23.30521204333615,No,78.41939363415192,NW
2023.3333333333335,0.664445473512813,75.97465486442854,-12.64784872432768,-23.568104453708795,23.30521204333615,No,63.99125161361368,NW
2023.4166666666667,0.9907248134872764,75.85374129754159,1.7857852612642375,-23.568104453708795,23.30521204333615,No,78.6302513722931,NW
2023.5,-0.20348200073916795,75.73282773065462,-3.891371126614686,-23.568104453708795,23.30521204333615,No,71.63797460330076,NW
2023.5833333333335,-1.1630649359078813,75.61191416376765,-0.4165707662838969,-23.568104453708795,23.30521204333615,No,74.03227846157587,NW
2023.6666666666667,-2.1750156827782403,75.49100059688068,3.1105974057485355,-23.568104453708795,23.30521204333615,No,76.42658231985098,NW
2023.75,-1.4553202298211199,75.36656975405684,3.006199681360755,-23.568104453708795,23.30521204333615,No,76.91744920559647,NW
2023.8333333333335,-1.2977740682553973,75.24213891123301,3.4639512483643387,-23.568104453708795,23.30521204333615,No,77.40831609134196,NW
2023.9166666666667,0.14589597251456188,75.11770806840917,1.1465751425396888,-23.568104453708795,23.30521204333615,No,76.41017918346343,NW
2024,1.0146732185102292,74.99327722558533,0.9503779836411468,-23.568104453708795,23.30521204333615,No,76.9583284277367,NW
2024.0833333333335,0.84658370879333,74.8688463827615,10.081581622712505,-23.568104453708795,23.30521204333615,No,85.79701171426734,NW
2024.1666666666667,1.4548731979299316,74.74441553993766,2.058928884808978,-23.568104453708795,23.30521204333615,No,78.25821762267657,NW
2024.25,1.1774605176264374,74.61998469711384,-5.09113626865819,-23.568104453708795,23.30521204333615,No,70.70630894608209,NW
2024.3333333333335,0.664445473512813,74.49555385429,-9.488624362118628,-23.568104453708795,23.30521204333615,No,65.67137496568418,NW
2024.4166666666667,0.9907248134872764,74.37112301146615,-6.713352684986859,-23.568104453708795,23.30521204333615,No,68.64849513996657,NW
2024.5,-0.20348200073916795,74.24669216864233,-2.417594853654194,-23.568104453708795,23.30521204333615,No,71.62561531424896,NW
2024.5833333333335,-1.1630649359078813,74.12226132581849,1.6435390986207352,-23.568104453708795,23.30521204333615,No,74.60273548853134,NW
2024.6666666666667,-2.1750156827782403,73.99783048299464,5.7570408625973215,-23.568104453708795,23.30521204333615,No,77.57985566281373,NW
2024.75,-1.4553202298211199,73.87339964017082,8.138896426746427,-23.568104453708795,23.30521204333615,No,80.55697583709612,NW
2024.8333333333335,-1.2977740682553973,73.74896879734698,3.0995848617111506,-23.568104453708795,23.30521204333615,No,75.55077959080273,NW
2024.9166666666667,0.14589597251456188,73.62307096510501,1.4920869734441595,-23.568104453708795,23.30521204333615,No,75.26105391106374,NW
2025,1.0146732185102292,73.49717313286305,0.15197014994981828,-23.568104453708795,23.30521204333615,No,74.6638165013231,NW
2025.0833333333335,0.84658370879333,73.3712753006211,7.634974637256988,-23.568104453708795,23.30521204333615,No,81.85283364667141,NW
2025.1666666666667,1.4548731979299316,73.24537746837913,5.806033766488426,-23.568104453708795,23.30521204333615,No,80.50628443279749,NW
2025.25,1.1774605176264374,73.11947963613717,1.9370384233090618,-23.568104453708795,23.30521204333615,No,76.23397857707268,NW
2025.3333333333335,0.664445473512813,72.99358180389521,3.854926178245506,-23.568104453708795,23.30521204333615,No,77.51295345565353,NW
2025.4166666666667,0.9907248134872764,72.86768397165325,-2.3118268815853185,-23.568104453708795,23.30521204333615,No,71.54658190355521,NW
2025.5,-0.20348200073916795,72.74178613941129,-2.166846972887967,-23.568104453708795,23.30521204333615,No,70.37145716578415,NW
2025.5833333333335,-1.1630649359078813,72.61588830716933,-2.2564909432483518,-23.568104453708795,23.30521204333615,No,69.1963324280131,NW
2025.6666666666667,-2.1750156827782403,72.48999047492737,-2.2937671019071075,-23.568104453708795,23.30521204333615,No,68.02120769024202,NW
2025.75,-1.4553202298211199,72.3640926426854,-4.062689460393315,-23.568104453708795,23.30521204333615,No,66.84608295247097,NW
2025.8333333333335,-1.2977740682553973,72.23819481044345,-5.269462527488145,-23.568104453708795,23.30521204333615,No,65.67095821469991,NW
2025.9166666666667,0.14589597251456188,72.11229697820148,-6.587234736016143,-23.568104453708795,23.30521204333615,No,65.67095821469991,NW
1981.6666666666667,-0.6097586466732126,43.30142315377653,-0.22919585711530743,-21.90355719929988,22.029892367467777,No,42.46246864998801,SW
1981.75,-1.022387491543129,43.37368246072312,0.11117368080802237,-21.90355719929988,22.029892367467777,No,42.46246864998801,SW
1981.8333333333335,-1.2723298117814081,43.44594176766971,0.2888566940997137,-21.90355719929988,22.029892367467777,No,42.46246864998801,SW
1981.9166666666667,-0.7657945607821033,43.51820107461629,-0.4372140351599896,-21.90355719929988,22.029892367467777,No,42.3151924786742,SW
1982,-0.6738025444192531,43.590460381562885,-0.7487415297832527,-21.90355719929988,22.029892367467777,No,42.16791630736038,SW
1982.0833333333335,-0.9722623643275354,43.66271968850947,-0.6698171881353687,-21.90355719929988,22.029892367467777,No,42.020640136046566,SW
1982.1666666666667,-1.3448693797901958,43.73497899545606,-0.5167456509331103,-21.90355719929988,22.029892367467777,No,41.873363964732754,SW
1982.25,0.11556741395600906,43.807238302402645,-2.196717922939719,-21.90355719929988,22.029892367467777,No,41.726087793418934,SW
1982.3333333333335,1.9537450661107578,43.87949760934923,-4.254431053354864,-21.90355719929988,22.029892367467777,No,41.57881162210512,SW
1982.4166666666667,1.559250926105427,43.95175691629582,-4.07947239160994,-21.90355719929988,22.029892367467777,No,41.43153545079131,SW
1982.5,2.051533979107519,44.024016223242405,-4.791290922872427,-21.90355719929988,22.029892367467777,No,41.284259279477496,SW
1982.5833333333335,0.9811074522372959,44.096275530189,-3.940399874262617,-21.90355719929988,22.029892367467777,No,41.136983108163676,SW
1982.6666666666667,-0.6097586466732126,44.16853483713558,-2.569069253612504,-21.90355719929988,22.029892367467777,No,40.98970693684986,SW
1982.75,-1.022387491543129,44.24079414408217,-2.375975887002994,-21.90355719929988,22.029892367467777,No,40.84243076553605,SW
1982.8333333333335,-1.2723298117814081,44.31305345102876,-2.3455690450251154,-21.90355719929988,22.029892367467777,No,40.69515459422223,SW
1982.9166666666667,-0.7657945607821033,44.37960956940375,-3.0659365857132244,-21.90355719929988,22.029892367467777,No,40.54787842290842,SW
1983,-0.6738025444192531,44.44616568777873,-3.371760891764872,-21.90355719929988,22.029892367467777,No,40.400602251594606,SW
1983.0833333333335,-0.9722623643275354,44.51272180615372,-3.2871333615454006,-21.90355719929988,22.029892367467777,No,40.253326080280786,SW
1983.1666666666667,-1.3448693797901958,44.57927792452871,-3.1283586357715407,-21.90355719929988,22.029892367467777,No,40.10604990896697,SW
1983.25,0.11556741395600906,44.645834042903694,-2.707795682375526,-21.90355719929988,22.029892367467777,No,42.053605774484176,SW
1983.3333333333335,1.9537450661107578,44.712390161278684,-2.6649735873880545,-21.90355719929988,22.029892367467777,No,44.001161640001385,SW
1983.4166666666667,1.559250926105427,44.77894627965367,-0.38947970024050704,-21.90355719929988,22.029892367467777,No,45.94871750551859,SW
1983.5,2.051533979107519,44.84550239802866,0.9992369938996148,-21.90355719929988,22.029892367467777,No,47.89627337103579,SW
1983.5833333333335,0.9811074522372959,44.91205851640365,1.4341619448566547,-21.90355719929988,22.029892367467777,No,47.3273279134976,SW
1983.6666666666667,-0.6097586466732126,44.97861463477863,2.3895264678539903,-21.90355719929988,22.029892367467777,No,46.758382455959406,SW
1983.75,-1.022387491543129,45.04517075315362,2.16665373681073,-21.90355719929988,22.029892367467777,No,46.18943699842122,SW
1983.8333333333335,-1.2723298117814081,45.11172687152861,1.7810944811358311,-21.90355719929988,22.029892367467777,No,45.62049154088303,SW
1983.9166666666667,-0.7657945607821033,45.17828298990359,1.7063355350617115,-21.90355719929988,22.029892367467777,No,46.1188239641832,SW
1984,-0.6738025444192531,45.24483910827858,2.046119823624039,-21.90355719929988,22.029892367467777,No,46.61715638748337,SW
1984.0833333333335,-0.9722623643275354,45.31003624235408,2.777714932756986,-21.90355719929988,22.029892367467777,No,47.11548881078353,SW
1984.1666666666667,-1.3448693797901958,45.375233376429584,3.583457237444314,-21.90355719929988,22.029892367467777,No,47.6138212340837,SW
1984.25,0.11556741395600906,45.44043051050508,2.5561557329227824,-21.90355719929988,22.029892367467777,No,48.11215365738387,SW
1984.3333333333335,1.9537450661107578,45.50562764458058,1.1511133699927,-21.90355719929988,22.029892367467777,No,48.610486080684034,SW
1984.4166666666667,1.559250926105427,45.570824778656075,1.978742799222701,-21.90355719929988,22.029892367467777,No,49.1088185039842,SW
1984.5,2.051533979107519,45.63602191273158,1.9195950354452762,-21.90355719929988,22.029892367467777,No,49.60715092728437,SW
1984.5833333333335,0.9811074522372959,45.701219046807076,3.4231568515401705,-21.90355719929988,22.029892367467777,No,50.10548335058454,SW
1984.6666666666667,-0.6097586466732126,45.76641618088257,5.447158239675346,-21.90355719929988,22.029892367467777,No,50.603815773884705,SW
1984.75,-1.022387491543129,45.831613314958076,6.292922373769926,-21.90355719929988,22.029892367467777,No,51.102148197184874,SW
1984.8333333333335,-1.2723298117814081,45.89681044903357,6.975999983232882,-21.90355719929988,22.029892367467777,No,51.600480620485044,SW
1984.9166666666667,-0.7657945607821033,45.96200758310907,6.902600021458248,-21.90355719929988,22.029892367467777,No,52.09881304378521,SW
1985,-0.6738025444192531,46.02720471718457,7.243743294320062,-21.90355719929988,22.029892367467777,No,52.597145467085376,SW
1985.0833333333335,-0.9722623643275354,46.09240185126007,7.975338403453009,-21.90355719929988,22.029892367467777,No,53.095477890385546,SW
1985.1666666666667,-1.3448693797901958,46.15759898533557,8.781080708140344,-21.90355719929988,22.029892367467777,No,53.593810313685715,SW
1985.25,0.11556741395600906,46.22585112562804,7.750724197401837,-21.90355719929988,22.029892367467777,No,54.092142736985885,SW
1985.3333333333335,1.9537450661107578,46.29410326592052,6.3426268282547795,-21.90355719929988,22.029892367467777,No,54.590475160286054,SW
1985.4166666666667,1.559250926105427,46.36235540621299,7.167201251267798,-21.90355719929988,22.029892367467777,No,55.08880758358622,SW
1985.5,2.051533979107519,46.43060754650546,7.104998481273405,-21.90355719929988,22.029892367467777,No,55.587140006886386,SW
1985.5833333333335,0.9811074522372959,46.49885968679794,1.3754017501778861,-21.90355719929988,22.029892367467777,No,48.855368889213125,SW
1985.6666666666667,-0.6097586466732126,46.567111827090415,-3.8337554088773302,-21.90355719929988,22.029892367467777,No,42.12359777153987,SW
1985.75,-1.022387491543129,46.635363967382894,-10.221149821973157,-21.90355719929988,22.029892367467777,No,35.39182665386661,SW
1985.8333333333335,-1.2723298117814081,46.703616107675366,-8.356413588982313,-21.90355719929988,22.029892367467777,No,37.07487270691164,SW
1985.9166666666667,-0.7657945607821033,46.77186824796784,-7.248154927229052,-21.90355719929988,22.029892367467777,No,38.75791875995668,SW
1986,-0.6738025444192531,46.84012038826032,-5.725353030839351,-21.90355719929988,22.029892367467777,No,40.44096481300171,SW
1986.0833333333335,-0.9722623643275354,46.90837252855279,-3.8120992981785022,-21.90355719929988,22.029892367467777,No,42.12401086604675,SW
1986.1666666666667,-1.3448693797901958,46.97662466884526,-1.8246983699632793,-21.90355719929988,22.029892367467777,No,43.807056919091785,SW
1986.25,0.11556741395600906,47.04487680913774,-1.6703412509569233,-21.90355719929988,22.029892367467777,No,45.490102972136825,SW
1986.3333333333335,1.9537450661107578,47.11312894943021,-1.893724990359111,-21.90355719929988,22.029892367467777,No,47.17314902518186,SW
1986.4166666666667,1.559250926105427,47.169094393064185,0.12784975905728402,-21.90355719929988,22.029892367467777,No,48.8561950782269,SW
1986.5,2.051533979107519,47.22505983669815,1.2626473154662605,-21.90355719929988,22.029892367467777,No,50.53924113127193,SW
1986.5833333333335,0.9811074522372959,47.28102528033212,3.9601544517475418,-21.90355719929988,22.029892367467777,No,52.22228718431696,SW
1986.6666666666667,-0.6097586466732126,47.336990723966096,7.178101160069119,-21.90355719929988,22.029892367467777,No,53.905333237362,SW
1986.75,-1.022387491543129,47.39295616760006,5.852957791780433,-21.90355719929988,22.029892367467777,No,52.22352646783737,SW
1986.8333333333335,-1.2723298117814081,47.448921611234034,2.680594705590593,-21.90355719929988,22.029892367467777,No,48.85718650504322,SW
1986.9166666666667,-0.7657945607821033,47.504887054868,-1.2482459518368287,-21.90355719929988,22.029892367467777,No,45.490846542249066,SW
1987,-0.6738025444192531,47.56085249850197,-4.7625433746278105,-21.90355719929988,22.029892367467777,No,42.12450657945491,SW
1987.0833333333335,-0.9722623643275354,47.616817942135945,-7.886388961147652,-21.90355719929988,22.029892367467777,No,38.75816661666076,SW
1987.1666666666667,-1.3448693797901958,47.67278338576991,-10.936087352113105,-21.90355719929988,22.029892367467777,No,35.39182665386661,SW
1987.25,0.11556741395600906,47.728748829403884,-0.673555277964276,-21.90355719929988,22.029892367467777,No,47.170760965395615,SW
1987.3333333333335,1.9537450661107578,47.78471427303786,9.211235937776003,-21.90355719929988,22.029892367467777,No,58.949695276924615,SW
1987.4166666666667,1.559250926105427,47.84067971667182,3.9417448097809356,-21.90355719929988,22.029892367467777,No,53.341675452558185,SW
1987.5,2.051533979107519,47.896645160305795,-2.2145235112215502,-21.90355719929988,22.029892367467777,No,47.73365562819176,SW
1987.5833333333335,0.9811074522372959,47.936049089167426,-6.79152073757939,-21.90355719929988,22.029892367467777,No,42.12563580382533,SW
1987.6666666666667,-0.6097586466732126,47.97545301802906,-5.240032955791428,-21.90355719929988,22.029892367467777,No,42.125661415564416,SW
1987.75,-1.022387491543129,48.014856946890696,-4.19069648252286,-21.90355719929988,22.029892367467777,No,42.80177297282471,SW
1987.8333333333335,-1.2723298117814081,48.05426087575233,-3.3040465338859235,-21.90355719929988,22.029892367467777,No,43.47788453008499,SW
1987.9166666666667,-0.7657945607821033,48.09366480461396,-3.173874156486569,-21.90355719929988,22.029892367467777,No,44.153996087345284,SW
1988,-0.6738025444192531,48.13306873347559,-2.6291585444507604,-21.90355719929988,22.029892367467777,No,44.830107644605576,SW
1988.0833333333335,-0.9722623643275354,48.17247266233722,-1.6939910961438258,-21.90355719929988,22.029892367467777,No,45.50621920186586,SW
1988.1666666666667,-1.3448693797901958,48.21187659119886,-0.6846764522825097,-21.90355719929988,22.029892367467777,No,46.18233075912615,SW
1988.25,0.11556741395600906,48.25128052006049,-1.5084056176300535,-21.90355719929988,22.029892367467777,No,46.858442316386444,SW
1988.3333333333335,1.9537450661107578,48.29068444892212,-2.709875641386148,-21.90355719929988,22.029892367467777,No,47.53455387364673,SW
1988.4166666666667,1.559250926105427,48.33008837778375,-1.6786738729821593,-21.90355719929988,22.029892367467777,No,48.21066543090702,SW
1988.5,2.051533979107519,48.36949230664539,-1.5342492975856032,-21.90355719929988,22.029892367467777,No,48.886776988167306,SW
1988.5833333333335,0.9811074522372959,48.40889623550702,0.17288485768327888,-21.90355719929988,22.029892367467777,No,49.5628885454276,SW
1988.6666666666667,-0.6097586466732126,48.44830016436865,2.4004585849924496,-21.90355719929988,22.029892367467777,No,50.23900010268789,SW
1988.75,-1.022387491543129,48.53026084881014,3.407238302681165,-21.90355719929988,22.029892367467777,No,50.915111659948174,SW
1988.8333333333335,-1.2723298117814081,48.61222153325163,4.251331495738249,-21.90355719929988,22.029892367467777,No,51.591223217208466,SW
1988.9166666666667,-0.7657945607821033,48.69418221769311,5.555145512778921,-21.90355719929988,22.029892367467777,No,53.48353316968993,SW
1989,-0.6738025444192531,48.776142902134595,7.2735027644560475,-21.90355719929988,22.029892367467777,No,55.37584312217139,SW
1989.0833333333335,-0.9722623643275354,48.858103586576085,9.3823118524043,-21.90355719929988,22.029892367467777,No,57.26815307465285,SW
1989.1666666666667,-1.3448693797901958,48.94006427101757,6.869135238595618,-21.90355719929988,22.029892367467777,No,54.46433012982299,SW
1989.25,0.11556741395600906,49.02202495545906,2.522914815578055,-21.90355719929988,22.029892367467777,No,51.66050718499312,SW
1989.3333333333335,1.9537450661107578,49.10398563990054,-2.2010464658480373,-21.90355719929988,22.029892367467777,No,48.85668424016326,SW
1989.4166666666667,1.559250926105427,49.18594632434203,-4.191070985504602,-21.90355719929988,22.029892367467777,No,46.55412626494285,SW
1989.5,2.051533979107519,49.26790700878352,-7.0678726981686,-21.90355719929988,22.029892367467777,No,44.251568289722435,SW
1989.5833333333335,0.9811074522372959,49.349867693225,-3.8806493744326076,-21.90355719929988,22.029892367467777,No,46.45032577102969,SW
1989.6666666666667,-0.6097586466732126,49.431828377666484,-4.646360182577105,-21.90355719929988,22.029892367467777,No,44.175709548416165,SW
1989.75,-1.022387491543129,49.513789062107975,-6.5903082447622054,-21.90355719929988,22.029892367467777,No,41.90109332580264,SW
1989.8333333333335,-1.2723298117814081,49.59574974654946,-0.9810628041851359,-21.90355719929988,22.029892367467777,No,47.34235713058291,SW
1989.9166666666667,-0.7657945607821033,49.68337963904418,3.866035857101103,-21.90355719929988,22.029892367467777,No,52.78362093536318,SW
1990,-0.6738025444192531,49.77100953153891,1.4440155949723703,-21.90355719929988,22.029892367467777,No,50.541222582092026,SW
1990.0833333333335,-0.9722623643275354,49.85863942403363,4.083949148774643,-21.90355719929988,22.029892367467777,No,52.97032620848074,SW
1990.1666666666667,-1.3448693797901958,49.946269316528365,-2.212285195039435,-21.90355719929988,22.029892367467777,No,46.389114741698734,SW
1990.25,0.11556741395600906,50.03389920902309,1.3990866296531692,-21.90355719929988,22.029892367467777,No,51.54855325263227,SW
1990.3333333333335,1.9537450661107578,50.121529101517815,4.63271759593723,-21.90355719929988,22.029892367467777,No,56.7079917635658,SW
1990.4166666666667,1.559250926105427,50.20915899401254,-0.5847688555680435,-21.90355719929988,22.029892367467777,No,51.183641064549924,SW
1990.5,2.051533979107519,50.296788886507265,-6.689032500080735,-21.90355719929988,22.029892367467777,No,45.65929036553405,SW
1990.5833333333335,0.9811074522372959,50.38441877900199,-7.65598214377588,-21.90355719929988,22.029892367467777,No,43.70954408746341,SW
1990.6666666666667,-0.6097586466732126,50.472048671496715,-2.92692078774936,-21.90355719929988,22.029892367467777,No,46.93536923707414,SW
1990.75,-1.022387491543129,50.55967856399145,-2.7179290055141863,-21.90355719929988,22.029892367467777,No,46.81936206693413,SW
1990.8333333333335,-1.2723298117814081,50.64730845648617,-2.671623747910637,-21.90355719929988,22.029892367467777,No,46.703354896794124,SW
1990.9166666666667,-0.7657945607821033,50.7349383489809,-3.3817960615446765,-21.90355719929988,22.029892367467777,No,46.587347726654116,SW
1991,-0.6738025444192531,50.82256824147562,-3.6774251405422618,-21.90355719929988,22.029892367467777,No,46.47134055651411,SW
1991.0833333333335,-0.9722623643275354,50.83710991602436,-3.5095141653227273,-21.90355719929988,22.029892367467777,No,46.3553333863741,SW
1991.1666666666667,-1.3448693797901958,50.8516515905731,-3.2674559945488113,-21.90355719929988,22.029892367467777,No,46.23932621623409,SW
1991.25,0.11556741395600906,50.86619326512184,-4.858441632983762,-21.90355719929988,22.029892367467777,No,46.12331904609408,SW
1991.3333333333335,1.9537450661107578,50.880734939670575,-6.827168129827257,-21.90355719929988,22.029892367467777,No,46.00731187595407,SW
1991.4166666666667,1.559250926105427,50.89527661421931,-6.563222834510675,-21.90355719929988,22.029892367467777,No,45.891304705814065,SW
1991.5,2.051533979107519,50.90981828876805,-7.186054732201512,-21.90355719929988,22.029892367467777,No,45.775297535674056,SW
1991.5833333333335,0.9811074522372959,50.92435996331679,-6.246177050020037,-21.90355719929988,22.029892367467777,No,45.65929036553405,SW
1991.6666666666667,-0.6097586466732126,50.93890163786553,5.257467881188674,-21.90355719929988,22.029892367467777,No,55.58661087238099,SW
1991.75,-1.022387491543129,50.953443312414265,5.68953629063666,-21.90355719929988,22.029892367467777,No,55.6205921115078,SW
1991.8333333333335,-1.2723298117814081,50.967984986963,5.958918175453022,-21.90355719929988,22.029892367467777,No,55.654573350634614,SW
1991.9166666666667,-0.7657945607821033,50.98252666151174,5.471822489031787,-21.90355719929988,22.029892367467777,No,55.688554589761424,SW
1992,-0.6738025444192531,50.99706833606048,5.399270037247014,-21.90355719929988,22.029892367467777,No,55.72253582888824,SW
1992.0833333333335,-0.9722623643275354,51.01161001060922,5.717169421733367,-21.90355719929988,22.029892367467777,No,55.75651706801505,SW
1992.1666666666667,-1.3448693797901958,51.026151685157956,6.109216001774101,-21.90355719929988,22.029892367467777,No,55.79049830714186,SW
1992.25,0.11556741395600906,50.97401664836807,4.734895483944598,-21.90355719929988,22.029892367467777,No,55.82447954626868,SW
1992.3333333333335,1.9537450661107578,50.921881611578186,2.9828341077065446,-21.90355719929988,22.029892367467777,No,55.858460785395486,SW
1992.4166666666667,1.559250926105427,50.869746574788294,3.4634445236285814,-21.90355719929988,22.029892367467777,No,55.8924420245223,SW
1992.5,2.051533979107519,50.81761153799841,3.0572777465431855,-21.90355719929988,22.029892367467777,No,55.92642326364911,SW
1992.5833333333335,0.9811074522372959,50.765476501208525,4.2138205493301015,-21.90355719929988,22.029892367467777,No,55.96040450277592,SW
1992.6666666666667,-0.6097586466732126,50.71334146441864,5.890802924157313,-21.90355719929988,22.029892367467777,No,55.99438574190274,SW
1992.75,-1.022387491543129,50.661206427628755,6.389548044943922,-21.90355719929988,22.029892367467777,No,56.02836698102955,SW
1992.8333333333335,-1.2723298117814081,50.609071390838864,6.7256066410989135,-21.90355719929988,22.029892367467777,No,56.062348220156366,SW
1992.9166666666667,-0.7657945607821033,50.55693635404898,6.305187666016302,-21.90355719929988,22.029892367467777,No,56.096329459283176,SW
1993,-0.6738025444192531,50.504801317259094,6.299311925570144,-21.90355719929988,22.029892367467777,No,56.130310698409986,SW
1993.0833333333335,-0.9722623643275354,50.45266628046921,6.683888021395127,-21.90355719929988,22.029892367467777,No,56.1642919375368,SW
1993.1666666666667,-1.3448693797901958,50.40053124367932,7.142611312774491,-21.90355719929988,22.029892367467777,No,56.19827317666361,SW
1993.25,0.11556741395600906,50.34839620688943,5.768290794944981,-21.90355719929988,22.029892367467777,No,56.23225441579042,SW
1993.3333333333335,1.9537450661107578,50.29626117009955,4.016229418706935,-21.90355719929988,22.029892367467777,No,56.26623565491724,SW
1993.4166666666667,1.559250926105427,50.23640394678677,4.504562021151848,-21.90355719929988,22.029892367467777,No,56.30021689404405,SW
1993.5,2.051533979107519,50.176546723474,4.10611743058935,-21.90355719929988,22.029892367467777,No,56.334198133170865,SW
1993.5833333333335,0.9811074522372959,50.11668950016122,5.270382419899157,-21.90355719929988,22.029892367467777,No,56.368179372297675,SW
1993.6666666666667,-0.6097586466732126,50.056832276848446,6.955086981249252,-21.90355719929988,22.029892367467777,No,56.402160611424485,SW
1993.75,-1.022387491543129,49.99697505353567,7.461554288558759,-21.90355719929988,22.029892367467777,No,56.4361418505513,SW
1993.8333333333335,-1.2723298117814081,49.937117830222896,7.805335071236627,-21.90355719929988,22.029892367467777,No,56.47012308967811,SW
1993.9166666666667,-0.7657945607821033,49.87726060691012,7.392638282676913,-21.90355719929988,22.029892367467777,No,56.50410432880493,SW
1994,-0.6738025444192531,49.817403383597345,7.394484728753646,-21.90355719929988,22.029892367467777,No,56.53808556793174,SW
1994.0833333333335,-0.9722623643275354,49.75754616028457,7.786783011101512,-21.90355719929988,22.029892367467777,No,56.57206680705855,SW
1994.1666666666667,-1.3448693797901958,49.697688936971794,8.253228489003767,-21.90355719929988,22.029892367467777,No,56.606048046185364,SW
1994.25,0.11556741395600906,49.63783171365902,6.886630157697148,-21.90355719929988,22.029892367467777,No,56.640029285312174,SW
1994.3333333333335,1.9537450661107578,49.57797449034624,5.142290967981992,-21.90355719929988,22.029892367467777,No,56.67401052443899,SW
1994.4166666666667,1.559250926105427,49.51811726703347,5.630623570426906,-21.90355719929988,22.029892367467777,No,56.7079917635658,SW
1994.5,2.051533979107519,49.45826004372069,2.9081156226106515,-21.90355719929988,22.029892367467777,No,54.41790964543886,SW
1994.5833333333335,0.9811074522372959,49.3924586359496,1.7542614391250169,-21.90355719929988,22.029892367467777,No,52.127827527311915,SW
1994.6666666666667,-0.6097586466732126,49.326657228178505,1.120846827679685,-21.90355719929988,22.029892367467777,No,49.837745409184976,SW
1994.75,-1.022387491543129,49.260855820407414,-0.6908050378062498,-21.90355719929988,22.029892367467777,No,47.547663291058036,SW
1994.8333333333335,-1.2723298117814081,49.19505441263632,-2.665143427923816,-21.90355719929988,22.029892367467777,No,45.25758117293109,SW
1994.9166666666667,-0.7657945607821033,49.12925300486523,-5.395959389278971,-21.90355719929988,22.029892367467777,No,42.96749905480415,SW
1995,-0.6738025444192531,49.06345159709413,-10.052140639753596,-21.90355719929988,22.029892367467777,No,38.33750841292128,SW
1995.0833333333335,-0.9722623643275354,48.99765018932304,-14.317870053957094,-21.90355719929988,22.029892367467777,No,33.70751777103841,SW
1995.1666666666667,-1.3448693797901958,48.93184878155195,-11.143073306271518,-21.90355719929988,22.029892367467777,No,36.443906095490235,SW
1995.25,0.11556741395600906,48.86604737378085,-9.801320367794794,-21.90355719929988,22.029892367467777,No,39.180294419942065,SW
1995.3333333333335,1.9537450661107578,48.80024596600976,-8.607042224638413,-21.90355719929988,22.029892367467777,No,42.146948807482104,SW
1995.4166666666667,1.559250926105427,48.734444558238664,-5.180092289321941,-21.90355719929988,22.029892367467777,No,45.11360319502215,SW
1995.5,2.051533979107519,48.668643150467574,-2.6399195470129015,-21.90355719929988,22.029892367467777,No,48.08025758256219,SW
1995.5833333333335,0.9811074522372959,48.60284174269648,-2.9707405903854607,-21.90355719929988,22.029892367467777,No,46.61320860454831,SW
1995.6666666666667,-0.6097586466732126,48.537040334925386,-5.240897486897616,-21.90355719929988,22.029892367467777,No,42.68638420135456,SW
1995.75,-1.022387491543129,48.44014724598137,-8.65819995627745,-21.90355719929988,22.029892367467777,No,38.759559798160794,SW
1995.8333333333335,-1.2723298117814081,48.343254157037364,1.7858145769671978,-21.90355719929988,22.029892367467777,No,48.85673892222315,SW
1995.9166666666667,-0.7657945607821033,48.24636106809335,2.2737612507534593,-21.90355719929988,22.029892367467777,No,49.754327758064704,SW
1996,-0.6738025444192531,48.149467979149335,-8.716189969045125,-21.90355719929988,22.029892367467777,No,38.75947546568496,SW
1996.0833333333335,-0.9722623643275354,48.05257489020533,-8.994366822556508,-21.90355719929988,22.029892367467777,No,38.085945703321286,SW
1996.1666666666667,-1.3448693797901958,47.95568180126131,-9.198396480513502,-21.90355719929988,22.029892367467777,No,37.412415940957615,SW
1996.25,0.11556741395600906,47.858788712317306,-11.235469947679363,-21.90355719929988,22.029892367467777,No,36.73888617859395,SW
1996.3333333333335,1.9537450661107578,47.76189562337329,-13.650284273253767,-21.90355719929988,22.029892367467777,No,36.06535641623028,SW
1996.4166666666667,1.559250926105427,47.66500253442928,-13.832426806668096,-21.90355719929988,22.029892367467777,No,35.39182665386661,SW
1996.5,2.051533979107519,47.56810944548527,-6.652409031961049,-21.90355719929988,22.029892367467777,No,42.96723439263174,SW
1996.5833333333335,0.9811074522372959,47.471216356541255,-4.99907966046333,-21.90355719929988,22.029892367467777,No,43.45324414831522,SW
1996.6666666666667,-0.6097586466732126,47.37432326759724,-2.8253107169253227,-21.90355719929988,22.029892367467777,No,43.939253903998704,SW
1996.75,-1.022387491543129,47.27743017865323,-1.829779027427918,-21.90355719929988,22.029892367467777,No,44.42526365968219,SW
1996.8333333333335,-1.2723298117814081,47.18053708970922,-0.9969338625621447,-21.90355719929988,22.029892367467777,No,44.91127341536566,SW
1996.9166666666667,-0.7657945607821033,47.11453665257535,-0.951458920744102,-21.90355719929988,22.029892367467777,No,45.397283171049146,SW
1997,-0.6738025444192531,47.04853621544148,-0.49144074428959783,-21.90355719929988,22.029892367467777,No,45.88329292673263,SW
1997.0833333333335,-0.9722623643275354,46.982535778307614,0.3590292684360321,-21.90355719929988,22.029892367467777,No,46.36930268241611,SW
1997.1666666666667,-1.3448693797901958,46.91653534117374,-4.793804489358081,-21.90355719929988,22.029892367467777,No,40.777861472025464,SW
1997.25,0.11556741395600906,46.850534904039876,-5.683306285058251,-21.90355719929988,22.029892367467777,No,41.28279603293763,SW
1997.3333333333335,1.9537450661107578,46.784534466906,-3.728173620721023,-21.90355719929988,22.029892367467777,No,45.010105912295735,SW
1997.4166666666667,1.559250926105427,46.71853402977214,-1.3137936351046093,-21.90355719929988,22.029892367467777,No,46.963991320772955,SW
1997.5,2.051533979107519,46.65253359263827,-1.7690649429909797,-21.90355719929988,22.029892367467777,No,46.93500262875481,SW
1997.5833333333335,0.9811074522372959,46.5865331555044,-5.562239972560029,-21.90355719929988,22.029892367467777,No,42.005400635181665,SW
1997.6666666666667,-0.6097586466732126,46.52053271837053,-8.834975430088797,-21.90355719929988,22.029892367467777,No,37.07579864160852,SW
1997.75,-1.022387491543129,46.45453228123666,0.059368993354169675,-21.90355719929988,22.029892367467777,No,45.4915137830477,SW
1997.8333333333335,-1.2723298117814081,46.38853184410279,0.575475002435887,-21.90355719929988,22.029892367467777,No,45.69167703475727,SW
1997.9166666666667,-0.7657945607821033,46.32253140696892,0.33510344028002237,-21.90355719929988,22.029892367467777,No,45.89184028646684,SW
1998,-0.6738025444192531,46.256530969835055,0.509275112760605,-21.90355719929988,22.029892367467777,No,46.09200353817641,SW
1998.0833333333335,-0.9722623643275354,46.277015356163,0.9874137980505111,-21.90355719929988,22.029892367467777,No,46.292166789885975,SW
1998.1666666666667,-1.3448693797901958,46.297499742490935,3.4053176957185443,-21.90355719929988,22.029892367467777,No,48.35794805841928,SW
1998.25,0.11556741395600906,46.31798412881888,3.546903077401943,-21.90355719929988,22.029892367467777,No,49.98045462017683,SW
1998.3333333333335,1.9537450661107578,46.33846851514682,1.5372292731359138,-21.90355719929988,22.029892367467777,No,49.82944285439349,SW
1998.4166666666667,1.559250926105427,46.358952901474765,1.7602272610299678,-21.90355719929988,22.029892367467777,No,49.67843108861016,SW
1998.5,2.051533979107519,46.3794372878027,1.0964480559166034,-21.90355719929988,22.029892367467777,No,49.52741932282682,SW
1998.5833333333335,0.9811074522372959,46.399921674130645,1.9953784306755509,-21.90355719929988,22.029892367467777,No,49.37640755704349,SW
1998.6666666666667,-0.6097586466732126,46.42040606045859,3.4147483774747798,-21.90355719929988,22.029892367467777,No,49.225395791260155,SW
1998.75,-1.022387491543129,46.440890446786526,3.655881070233427,-21.90355719929988,22.029892367467777,No,49.074384025476824,SW
1998.8333333333335,-1.2723298117814081,46.46137483311447,3.7343272383604287,-21.90355719929988,22.029892367467777,No,48.92337225969349,SW
1998.9166666666667,-0.7657945607821033,46.48185921944241,3.0562958352498484,-21.90355719929988,22.029892367467777,No,48.772360493910156,SW
1999,-0.6738025444192531,46.502343605770356,2.7928076667757153,-21.90355719929988,22.029892367467777,No,48.62134872812682,SW
1999.0833333333335,-0.9722623643275354,46.52282799209829,2.9197713345727294,-21.90355719929988,22.029892367467777,No,48.47033696234349,SW
1999.1666666666667,-1.3448693797901958,46.543312378426236,3.120882197924111,-21.90355719929988,22.029892367467777,No,48.31932519656015,SW
1999.25,0.11556741395600906,46.607321513595934,1.4454245032248778,-21.90355719929988,22.029892367467777,No,48.16831343077682,SW
1999.3333333333335,1.9537450661107578,46.67133064876564,-0.607774049882913,-21.90355719929988,22.029892367467777,No,48.01730166499348,SW
1999.4166666666667,1.559250926105427,46.73533978393534,-0.6214721301563628,-21.90355719929988,22.029892367467777,No,47.6731185798844,SW
1999.5,2.051533979107519,46.79934891910504,-1.5219474034372311,-21.90355719929988,22.029892367467777,No,47.32893549477533,SW
1999.5833333333335,0.9811074522372959,46.86335805427474,-0.8597130968457876,-21.90355719929988,22.029892367467777,No,46.98475240966625,SW
1999.6666666666667,-0.6097586466732126,46.927367189444446,-1.9463624789511158,-21.90355719929988,22.029892367467777,No,44.37124606382012,SW
1999.75,-1.022387491543129,46.991376324614144,-1.2244469088978747,-21.90355719929988,22.029892367467777,No,44.74454192417314,SW
1999.8333333333335,-1.2723298117814081,47.05538545978384,-0.6652178634762578,-21.90355719929988,22.029892367467777,No,45.117837784526174,SW
1999.9166666666667,-0.7657945607821033,47.11939459495355,-0.8624663892922442,-21.90355719929988,22.029892367467777,No,45.4911336448792,SW
2000,-0.6738025444192531,47.183403730123246,-0.6451716804717691,-21.90355719929988,22.029892367467777,No,45.86442950523222,SW
2000.0833333333335,-0.9722623643275354,47.24741286529295,-0.03742513538016112,-21.90355719929988,22.029892367467777,No,46.237725365585256,SW
2000.1666666666667,-1.3448693797901958,47.31142200046265,0.6444686052658284,-21.90355719929988,22.029892367467777,No,46.61102122593828,SW
2000.25,0.11556741395600906,47.375431135632354,5.28935970184309,-21.90355719929988,22.029892367467777,No,52.78035825143145,SW
2000.3333333333335,1.9537450661107578,47.43944027080205,9.556509940011807,-21.90355719929988,22.029892367467777,No,58.949695276924615,SW
2000.4166666666667,1.559250926105427,47.46941604791136,-3.1415991352940296,-21.90355719929988,22.029892367467777,No,45.88706783872276,SW
2000.5,2.051533979107519,47.499391825020666,2.672600663709183,-21.90355719929988,22.029892367467777,No,52.22352646783737,SW
2000.5833333333335,0.9811074522372959,47.52936760212998,-11.434676412758755,-21.90355719929988,22.029892367467777,No,37.07579864160852,SW
2000.6666666666667,-0.6097586466732126,47.55934337923929,-8.708576258170709,-21.90355719929988,22.029892367467777,No,38.241008474395365,SW
2000.75,-1.022387491543129,47.589319156348594,-7.1607133576232584,-21.90355719929988,22.029892367467777,No,39.40621830718221,SW
2000.8333333333335,-1.2723298117814081,47.6192949334579,-5.77553698170744,-21.90355719929988,22.029892367467777,No,40.57142813996905,SW
2000.9166666666667,-0.7657945607821033,47.649270710567215,-5.146838177029217,-21.90355719929988,22.029892367467777,No,41.736637972755894,SW
2001,-0.6738025444192531,47.67924648767652,-4.103596137714533,-21.90355719929988,22.029892367467777,No,42.90184780554274,SW
2001.0833333333335,-0.9722623643275354,47.70922226478583,-2.6699022621287156,-21.90355719929988,22.029892367467777,No,44.06705763832958,SW
2001.1666666666667,-1.3448693797901958,47.739198041895136,-1.1620611909885241,-21.90355719929988,22.029892367467777,No,45.232267471116415,SW
2001.25,0.11556741395600906,47.76917381900444,-1.4872639290571925,-21.90355719929988,22.029892367467777,No,46.39747730390326,SW
2001.3333333333335,1.9537450661107578,47.79914959611376,-2.1902075255344116,-21.90355719929988,22.029892367467777,No,47.5626871366901,SW
2001.4166666666667,1.559250926105427,47.829125373223064,-0.6604793298515474,-21.90355719929988,22.029892367467777,No,48.727896969476944,SW
2001.5,2.051533979107519,47.85910115033237,-0.017528327176101755,-21.90355719929988,22.029892367467777,No,49.89310680226379,SW
2001.5833333333335,0.9811074522372959,47.85584657807583,2.2213626047375072,-21.90355719929988,22.029892367467777,No,51.05831663505063,SW
2001.6666666666667,-0.6097586466732126,47.85259200581928,4.980693108691405,-21.90355719929988,22.029892367467777,No,52.22352646783747,SW
2001.75,-1.022387491543129,47.84933743356273,4.420221545134815,-21.90355719929988,22.029892367467777,No,51.24717148715442,SW
2001.8333333333335,-1.2723298117814081,47.846082861306186,3.6970634569465943,-21.90355719929988,22.029892367467777,No,50.27081650647137,SW
2001.9166666666667,-0.7657945607821033,47.84282828904964,2.2174277975207843,-21.90355719929988,22.029892367467777,No,49.29446152578832,SW
2002,-0.6738025444192531,47.8395737167931,1.1523353727314216,-21.90355719929988,22.029892367467777,No,48.318106545105266,SW
2002.0833333333335,-0.9722623643275354,47.836319144536546,3.436030232556618,-21.90355719929988,22.029892367467777,No,50.30008701276563,SW
2002.1666666666667,-1.3448693797901958,47.83306457228,-0.15608910050426772,-21.90355719929988,22.029892367467777,No,46.33210609198554,SW
2002.25,0.11556741395600906,47.82981000002346,-0.7435546594830384,-21.90355719929988,22.029892367467777,No,47.201822754496426,SW
2002.3333333333335,1.9537450661107578,47.82655542776691,-1.7087610768703456,-21.90355719929988,22.029892367467777,No,48.07153941700732,SW
2002.4166666666667,1.559250926105427,47.82330085551037,-0.44129570209758384,-21.90355719929988,22.029892367467777,No,48.94125607951821,SW
2002.5,2.051533979107519,47.82004628325382,-0.06060752033222627,-21.90355719929988,22.029892367467777,No,49.81097274202911,SW
2002.5833333333335,0.9811074522372959,47.81679171099727,1.882790241305436,-21.90355719929988,22.029892367467777,No,50.680689404540004,SW
2002.6666666666667,-0.6097586466732126,47.81353713874073,4.34662757498338,-21.90355719929988,22.029892367467777,No,51.55040606705089,SW
2002.75,-1.022387491543129,47.802790911580296,4.321587123969984,-21.90355719929988,22.029892367467777,No,51.10199054400715,SW
2002.8333333333335,-1.2723298117814081,47.792044684419864,4.706669834524533,-21.90355719929988,22.029892367467777,No,51.226384707162985,SW
2002.9166666666667,-0.7657945607821033,47.78129845725944,4.335274973841486,-21.90355719929988,22.029892367467777,No,51.35077887031882,SW
2003,-0.6738025444192531,47.77055223009901,4.3784233477949,-21.90355719929988,22.029892367467777,No,51.475173033474654,SW
2003.0833333333335,-0.9722623643275354,47.759806002938575,4.8120235580194475,-21.90355719929988,22.029892367467777,No,51.59956719663049,SW
2003.1666666666667,-1.3448693797901958,47.74905977577814,5.319770963798376,-21.90355719929988,22.029892367467777,No,51.72396135978632,SW
2003.25,0.11556741395600906,47.73831354861772,3.994474560368431,-21.90355719929988,22.029892367467777,No,51.84835552294216,SW
2003.3333333333335,1.9537450661107578,47.727567321457286,2.2914372985299494,-21.90355719929988,22.029892367467777,No,51.97274968609799,SW
2003.4166666666667,1.559250926105427,47.716821094296854,2.8210718288515437,-21.90355719929988,22.029892367467777,No,52.097143849253825,SW
2003.5,2.051533979107519,47.70607486713642,2.4639291661657197,-21.90355719929988,22.029892367467777,No,52.22153801240966,SW
2003.5833333333335,0.9811074522372959,47.69532863997599,-3.59004162275253,-21.90355719929988,22.029892367467777,No,45.08639446946076,SW
2003.6666666666667,-0.6097586466732126,47.684582412815566,1.444054466914551,-21.90355719929988,22.029892367467777,No,48.5188782330569,SW
2003.75,-1.022387491543129,47.673836185655134,1.9581284979844682,-21.90355719929988,22.029892367467777,No,48.609577192096474,SW
2003.8333333333335,-1.2723298117814081,47.6630899584947,2.309516004422761,-21.90355719929988,22.029892367467777,No,48.70027615113605,SW
2003.9166666666667,-0.7657945607821033,47.666691529467926,1.890078141489802,-21.90355719929988,22.029892367467777,No,48.79097511017562,SW
2004,-0.6738025444192531,47.67029310044115,1.8851835131932972,-21.90355719929988,22.029892367467777,No,48.881674069215194,SW
2004.0833333333335,-0.9722623643275354,47.67389467141437,2.2707407211679396,-21.90355719929988,22.029892367467777,No,48.97237302825477,SW
2004.1666666666667,-1.3448693797901958,47.67749624238759,2.7304451246969492,-21.90355719929988,22.029892367467777,No,49.06307198729434,SW
2004.25,0.11556741395600906,47.681097813360815,1.3571057190170919,-21.90355719929988,22.029892367467777,No,49.153770946333914,SW
2004.3333333333335,1.9537450661107578,47.68469938433404,-0.3939745450713019,-21.90355719929988,22.029892367467777,No,49.24446990537349,SW
2004.4166666666667,1.559250926105427,47.688300955307255,0.08761698300038034,-21.90355719929988,22.029892367467777,No,49.33516886441306,SW
2004.5,2.051533979107519,47.69190252628048,-1.6572601748379938,-21.90355719929988,22.029892367467777,No,48.08617633055,SW
2004.5833333333335,0.9811074522372959,47.6955040972537,-1.8394277528040632,-21.90355719929988,22.029892367467777,No,46.837183796686936,SW
2004.6666666666667,-0.6097586466732126,47.69910566822693,-2.718100957733583,-21.90355719929988,22.029892367467777,No,44.37124606382013,SW
2004.75,-1.022387491543129,47.70270723920015,-2.5896407721095898,-21.90355719929988,22.029892367467777,No,44.090678975547434,SW
2004.8333333333335,-1.2723298117814081,47.70630881017337,-2.623867111117214,-21.90355719929988,22.029892367467777,No,43.81011188727474,SW
2004.9166666666667,-0.7657945607821033,47.70991038114659,-3.414571021362441,-21.90355719929988,22.029892367467777,No,43.529544799002046,SW
2005,-0.6738025444192531,47.713511952119816,-3.790731696971214,-21.90355719929988,22.029892367467777,No,43.24897771072935,SW
2005.0833333333335,-0.9722623643275354,47.71293708577435,-3.7722640989901564,-21.90355719929988,22.029892367467777,No,42.96841062245666,SW
2005.1666666666667,-1.3448693797901958,47.71236221942888,-3.679649305454724,-21.90355719929988,22.029892367467777,No,42.68784353418396,SW
2005.25,0.11556741395600906,47.711787353083416,-5.420078321128152,-21.90355719929988,22.029892367467777,No,42.40727644591127,SW
2005.3333333333335,1.9537450661107578,47.71121248673795,-7.53824819521013,-21.90355719929988,22.029892367467777,No,42.126709357638575,SW
2005.4166666666667,1.559250926105427,47.71063762039248,-5.549980998566419,-21.90355719929988,22.029892367467777,No,43.71990754793149,SW
2005.5,2.051533979107519,47.710062754047016,-3.2005982889631355,-21.90355719929988,22.029892367467777,No,46.5609984441914,SW
2005.5833333333335,0.9811074522372959,47.70948788770155,-4.994212614168362,-21.90355719929988,22.029892367467777,No,43.696382725770484,SW
2005.6666666666667,-0.6097586466732126,47.70891302135608,2.5426069916455702,-21.90355719929988,22.029892367467777,No,49.64176136632844,SW
2005.75,-1.022387491543129,47.708338155010615,8.901189343418913,-21.90355719929988,22.029892367467777,No,55.5871400068864,SW
2005.8333333333335,-1.2723298117814081,47.70776328866515,10.83298416502177,-21.90355719929988,22.029892367467777,No,57.26841764190551,SW
2005.9166666666667,-0.7657945607821033,47.70718842231968,5.194636741397943,-21.90355719929988,22.029892367467777,No,52.13603060293552,SW
2006,-0.6738025444192531,47.706613555974215,-0.02916744758942258,-21.90355719929988,22.029892367467777,No,47.00364356396554,SW
2006.0833333333335,-0.9722623643275354,47.70603868962875,-4.862519800305655,-21.90355719929988,22.029892367467777,No,41.87125652499556,SW
2006.1666666666667,-1.3448693797901958,47.70546382328328,-9.621724957467514,-21.90355719929988,22.029892367467777,No,36.73886948602557,SW
2006.25,0.11556741395600906,47.690747841301736,0.03796712621734599,-21.90355719929988,22.029892367467777,No,47.84428238147509,SW
2006.3333333333335,1.9537450661107578,47.6760318593202,9.319918351493655,-21.90355719929988,22.029892367467777,No,58.94969527692461,SW
2006.4166666666667,1.559250926105427,47.66131587733865,-3.479952917581052,-21.90355719929988,22.029892367467777,No,45.74061388586303,SW
2006.5,2.051533979107519,47.646599895357106,-2.413171857337346,-21.90355719929988,22.029892367467777,No,47.28496201712728,SW
2006.5833333333335,0.9811074522372959,47.63188391337557,3.610535102224503,-21.90355719929988,22.029892367467777,No,52.22352646783737,SW
2006.6666666666667,-0.6097586466732126,47.61716793139402,-1.8231737181649166,-21.90355719929988,22.029892367467777,No,45.18423556655589,SW
2006.75,-1.022387491543129,47.60245194941248,0.1451239799132651,-21.90355719929988,22.029892367467777,No,46.72518843778262,SW
2006.8333333333335,-1.2723298117814081,47.58773596743094,-12.607888384611144,-21.90355719929988,22.029892367467777,No,33.70751777103838,SW
2006.9166666666667,-0.7657945607821033,47.57301998544939,-11.415398770800635,-21.90355719929988,22.029892367467777,No,35.39182665386665,SW
2007,-0.6738025444192531,47.55830400346785,-11.492899401906229,-21.90355719929988,22.029892367467777,No,35.39160205714237,SW
2007.0833333333335,-0.9722623643275354,47.54358802148631,-7.533587669222548,-21.90355719929988,22.029892367467777,No,39.037737987936225,SW
2007.1666666666667,-1.3448693797901958,47.52887203950476,-3.5001287409844863,-21.90355719929988,22.029892367467777,No,42.68387391873008,SW
2007.25,0.11556741395600906,47.51415605752322,-1.2997136219552985,-21.90355719929988,22.029892367467777,No,46.33000984952393,SW
2007.3333333333335,1.9537450661107578,47.49944007554168,0.5229606386653529,-21.90355719929988,22.029892367467777,No,49.976145780317786,SW
2007.4166666666667,1.559250926105427,47.51556370767269,4.547467077333522,-21.90355719929988,22.029892367467777,No,53.62228171111164,SW
2007.5,2.051533979107519,47.5316873398037,7.685196322994273,-21.90355719929988,22.029892367467777,No,57.268417641905494,SW
2007.5833333333335,0.9811074522372959,47.547810971934716,10.420776852752603,-21.90355719929988,22.029892367467777,No,58.949695276924615,SW
2007.6666666666667,-0.6097586466732126,47.56393460406572,-0.6255694334110089,-21.90355719929988,22.029892367467777,No,46.3286065239815,SW
2007.75,-1.022387491543129,47.580058236196734,-12.850152973615224,-21.90355719929988,22.029892367467777,No,33.70751777103838,SW
2007.8333333333335,-1.2723298117814081,47.59618186832775,-10.258571365617499,-21.90355719929988,22.029892367467777,No,36.06528069092884,SW
2007.9166666666667,-0.7657945607821033,47.61230550045876,-4.0475002698507865,-21.90355719929988,22.029892367467777,No,42.79901066982587,SW
2008,-0.6738025444192531,47.62842913258977,-5.4413564991989105,-21.90355719929988,22.029892367467777,No,41.51327008897161,SW
2008.0833333333335,-0.9722623643275354,47.644552764720785,-0.6888438175082143,-21.90355719929988,22.029892367467777,No,45.98344658288504,SW
2008.1666666666667,-1.3448693797901958,47.6606763968518,-0.5773933516717236,-21.90355719929988,22.029892367467777,No,45.73841366538988,SW
2008.25,0.11556741395600906,47.676800028982804,-2.2989866950440927,-21.90355719929988,22.029892367467777,No,45.49338074789472,SW
2008.3333333333335,1.9537450661107578,47.69292366111382,0.3321501970134477,-21.90355719929988,22.029892367467777,No,49.97881892423802,SW
2008.4166666666667,1.559250926105427,47.70904729324483,5.195958881231057,-21.90355719929988,22.029892367467777,No,54.464257100581314,SW
2008.5,2.051533979107519,47.72517092537584,9.172990372441255,-21.90355719929988,22.029892367467777,No,58.949695276924615,SW
2008.5833333333335,0.9811074522372959,47.75851270343318,9.059390713341529,-21.90355719929988,22.029892367467777,No,57.79901086901201,SW
2008.6666666666667,-0.6097586466732126,47.79185448149052,9.466230626282105,-21.90355719929988,22.029892367467777,No,56.64832646109941,SW
2008.75,-1.022387491543129,47.82519625954786,8.69483328518207,-21.90355719929988,22.029892367467777,No,55.4976420531868,SW
2008.8333333333335,-1.2723298117814081,47.8585380376052,7.760749419450413,-21.90355719929988,22.029892367467777,No,54.3469576452742,SW
2008.9166666666667,-0.7657945607821033,47.891879815662534,6.0701879824811655,-21.90355719929988,22.029892367467777,No,53.196273237361595,SW
2009,-0.6738025444192531,47.925221593719876,4.794169780148373,-21.90355719929988,22.029892367467777,No,52.045588829448995,SW
2009.0833333333335,-0.9722623643275354,47.95856337177721,3.9086034140867127,-21.90355719929988,22.029892367467777,No,50.89490442153639,SW
2009.1666666666667,-1.3448693797901958,47.99190514983455,3.0971842435794343,-21.90355719929988,22.029892367467777,No,49.74422001362379,SW
2009.25,0.11556741395600906,48.02524692789189,0.4527212638632818,-21.90355719929988,22.029892367467777,No,48.59353560571118,SW
2009.3333333333335,1.9537450661107578,48.05858870594923,-2.5694825742614,-21.90355719929988,22.029892367467777,No,47.44285119779858,SW
2009.4166666666667,1.559250926105427,48.09193048400657,-3.35901462022602,-21.90355719929988,22.029892367467777,No,46.292166789885975,SW
2009.5,2.051533979107519,48.12527226206391,8.772889035753181,-21.90355719929988,22.029892367467777,No,58.94969527692461,SW
2009.5833333333335,0.9811074522372959,48.15861404012124,5.964236397194988,-21.90355719929988,22.029892367467777,No,55.10395788955353,SW
2009.6666666666667,-0.6097586466732126,48.191955818178585,3.6760233306770687,-21.90355719929988,22.029892367467777,No,51.25822050218244,SW
2009.75,-1.022387491543129,48.191555746313085,0.24331486004140146,-21.90355719929988,22.029892367467777,No,47.41248311481136,SW
2009.8333333333335,-1.2723298117814081,48.191155674447586,5.304452047060828,-21.90355719929988,22.029892367467777,No,52.223277909727,SW
2009.9166666666667,-0.7657945607821033,48.19075560258208,0.6846151151703808,-21.90355719929988,22.029892367467777,No,48.109576156970355,SW
2010,-0.6738025444192531,48.19035553071658,-3.520678582083619,-21.90355719929988,22.029892367467777,No,43.99587440421371,SW
2010.0833333333335,-0.9722623643275354,48.18995545885108,-7.3355204430664855,-21.90355719929988,22.029892367467777,No,39.88217265145706,SW
2010.1666666666667,-1.3448693797901958,48.18955538698558,-5.840111333631512,-21.90355719929988,22.029892367467777,No,41.00457467356387,SW
2010.25,0.11556741395600906,48.189155315120075,-1.4427522883725885,-21.90355719929988,22.029892367467777,No,46.861970440703494,SW
2010.3333333333335,1.9537450661107578,48.188755243254576,-6.8958875211928685,-21.90355719929988,22.029892367467777,No,43.24661278817246,SW
2010.4166666666667,1.559250926105427,48.18835517138908,-5.377609329460789,-21.90355719929988,22.029892367467777,No,44.369996768033715,SW
2010.5,2.051533979107519,48.18795509952358,-4.746108330736135,-21.90355719929988,22.029892367467777,No,45.49338074789496,SW
2010.5833333333335,0.9811074522372959,48.18755502765808,-8.72605877901455,-21.90355719929988,22.029892367467777,No,40.442603700880824,SW
2010.6666666666667,-0.6097586466732126,48.18715495579257,-12.185569655252678,-21.90355719929988,22.029892367467777,No,35.39182665386668,SW
2010.75,-1.022387491543129,48.18675488392707,-8.301092822817672,-21.90355719929988,22.029892367467777,No,38.86327456956627,SW
2010.8333333333335,-1.2723298117814081,48.18635481206157,-4.579302515014291,-21.90355719929988,22.029892367467777,No,42.33472248526587,SW
2010.9166666666667,-0.7657945607821033,48.15280022552674,-1.5808352637791643,-21.90355719929988,22.029892367467777,No,45.80617040096547,SW
2011,-0.6738025444192531,48.1192456389919,1.8321752220924168,-21.90355719929988,22.029892367467777,No,49.27761831666506,SW
2011.0833333333335,-0.9722623643275354,48.085691052457065,-5.360935327766903,-21.90355719929988,22.029892367467777,No,41.75249336036263,SW
2011.1666666666667,-1.3448693797901958,48.05213646592223,-3.2868348716176214,-21.90355719929988,22.029892367467777,No,43.42043221451441,SW
2011.25,0.11556741395600906,48.01858187938739,-1.250760213759186,-21.90355719929988,22.029892367467777,No,46.88338907958421,SW
2011.3333333333335,1.9537450661107578,47.98502729285256,1.2964921842719903,-21.90355719929988,22.029892367467777,No,51.2352645432353,SW
2011.4166666666667,1.559250926105427,47.951472706317716,6.076416374463257,-21.90355719929988,22.029892367467777,No,55.5871400068864,SW
2011.5,2.051533979107519,47.91791811978288,3.747381454331375,-21.90355719929988,22.029892367467777,No,53.716833553221775,SW
2011.5833333333335,0.9811074522372959,47.88436353324805,2.981056114071805,-21.90355719929988,22.029892367467777,No,51.84652709955715,SW
2011.6666666666667,-0.6097586466732126,47.85080894671321,2.7351703458525307,-21.90355719929988,22.029892367467777,No,49.976220645892525,SW
2011.75,-1.022387491543129,47.817254360178374,-0.12654855666548315,-21.90355719929988,22.029892367467777,No,46.66831831196976,SW
2011.8333333333335,-1.2723298117814081,47.78369977364354,2.613223743098601,-21.90355719929988,22.029892367467777,No,49.12459370496073,SW
2011.9166666666667,-0.7657945607821033,47.7501451871087,4.59651847162511,-21.90355719929988,22.029892367467777,No,51.580869097951705,SW
2012,-0.6738025444192531,47.716590600573866,6.99435643478806,-21.90355719929988,22.029892367467777,No,54.03714449094267,SW
2012.0833333333335,-0.9722623643275354,47.66638234334536,9.79929990491582,-21.90355719929988,22.029892367467777,No,56.49341988393365,SW
2012.1666666666667,-1.3448693797901958,47.616174086116864,12.678390570597948,-21.90355719929988,22.029892367467777,No,58.949695276924615,SW
2012.25,0.11556741395600906,47.56596582888836,10.210900786927098,-21.90355719929988,22.029892367467777,No,57.892434029771465,SW
2012.3333333333335,1.9537450661107578,47.515757571659854,7.365670144847705,-21.90355719929988,22.029892367467777,No,56.835172782618315,SW
2012.4166666666667,1.559250926105427,47.46554931443135,6.753111294928388,-21.90355719929988,22.029892367467777,No,55.777911535465165,SW
2012.5,2.051533979107519,47.41534105720285,5.253775252001645,-21.90355719929988,22.029892367467777,No,54.720650288312015,SW
2012.5833333333335,0.9811074522372959,47.36513279997435,5.317148788947222,-21.90355719929988,22.029892367467777,No,53.663389041158865,SW
2012.6666666666667,-0.6097586466732126,47.31492454274584,-0.7937192024711592,-21.90355719929988,22.029892367467777,No,45.91144669360147,SW
2012.75,-1.022387491543129,47.264716285517345,3.960595222929051,-21.90355719929988,22.029892367467777,No,50.20292401690327,SW
2012.8333333333335,-1.2723298117814081,47.21450802828884,6.281348251330158,-21.90355719929988,22.029892367467777,No,52.22352646783759,SW
2012.9166666666667,-0.7657945607821033,47.164299771060335,4.61527141634884,-21.90355719929988,22.029892367467777,No,51.01377662662707,SW
2013,-0.6738025444192531,47.11409151383183,3.363737816003976,-21.90355719929988,22.029892367467777,No,49.80402678541655,SW
2013.0833333333335,-0.9722623643275354,47.06388325660333,2.502656051930238,-21.90355719929988,22.029892367467777,No,48.59427694420604,SW
2013.1666666666667,-1.3448693797901958,47.01367499937483,1.7157214834108885,-21.90355719929988,22.029892367467777,No,47.38452710299552,SW
2013.25,0.11556741395600906,46.9587523296063,-0.8995424817773028,-21.90355719929988,22.029892367467777,No,46.174777261785,SW
2013.3333333333335,1.9537450661107578,46.90382965983777,-3.8925473053740376,-21.90355719929988,22.029892367467777,No,44.965027420574486,SW
2013.4166666666667,1.559250926105427,46.84890699006924,-4.652880336810696,-21.90355719929988,22.029892367467777,No,43.75527757936397,SW
2013.5,2.051533979107519,46.79398432030071,-6.2999905612547735,-21.90355719929988,22.029892367467777,No,42.54552773815345,SW
2013.5833333333335,0.9811074522372959,46.73906165053218,-12.328342448902823,-21.90355719929988,22.029892367467777,No,35.39182665386665,SW
2013.6666666666667,-0.6097586466732126,46.68413898076365,-7.688907691923099,-21.90355719929988,22.029892367467777,No,38.385472642167336,SW
2013.75,-1.022387491543129,46.62921631099512,3.2506171085102196,-21.90355719929988,22.029892367467777,No,48.85744592796221,SW
2013.8333333333335,-1.2723298117814081,46.57429364122659,1.6318222022176627,-21.90355719929988,22.029892367467777,No,46.93378603166284,SW
2013.9166666666667,-0.7657945607821033,46.51937097145806,-0.7434502753124903,-21.90355719929988,22.029892367467777,No,45.010126135363464,SW
2014,-0.6738025444192531,46.46444830168953,-2.704179518206182,-21.90355719929988,22.029892367467777,No,43.086466239064094,SW
2014.0833333333335,-0.9722623643275354,46.409525631921,-4.2744569248287405,-21.90355719929988,22.029892367467777,No,41.162806342764725,SW
2014.1666666666667,-1.3448693797901958,46.35460296215247,-5.770587135896918,-21.90355719929988,22.029892367467777,No,39.239146446465355,SW
2014.25,0.11556741395600906,46.29968029238394,-9.099761156173969,-21.90355719929988,22.029892367467777,No,37.31548655016598,SW
2014.3333333333335,1.9537450661107578,46.24475762261541,-12.806676034859557,-21.90355719929988,22.029892367467777,No,35.39182665386661,SW
2014.4166666666667,1.559250926105427,46.16022766970854,-5.035454945934397,-21.90355719929988,22.029892367467777,No,42.68402364987957,SW
2014.5,2.051533979107519,46.07569771680166,1.848988949983351,-21.90355719929988,22.029892367467777,No,49.97622064589253,SW
2014.5833333333335,0.9811074522372959,45.991167763894794,10.296142425773404,-21.90355719929988,22.029892367467777,No,57.268417641905494,SW
2014.6666666666667,-0.6097586466732126,45.906637810987924,0.9952876255712653,-21.90355719929988,22.029892367467777,No,46.292166789885975,SW
2014.75,-1.022387491543129,45.82210785808105,2.639886110832869,-21.90355719929988,22.029892367467777,No,47.43960647737079,SW
2014.8333333333335,-1.2723298117814081,45.73757790517418,0.4626814854690906,-21.90355719929988,22.029892367467777,No,44.92792957886186,SW
2014.9166666666667,-0.7657945607821033,45.6530479522673,-0.6879332410114856,-21.90355719929988,22.029892367467777,No,44.19932015047371,SW
2015,-0.6738025444192531,45.56851799936043,-1.4240047328556145,-21.90355719929988,22.029892367467777,No,43.47071072208556,SW
2015.0833333333335,-0.9722623643275354,45.48398804645356,-1.7696243884286034,-21.90355719929988,22.029892367467777,No,42.742101293697424,SW
2015.1666666666667,-1.3448693797901958,45.399458093546684,-2.0410968484472107,-21.90355719929988,22.029892367467777,No,42.01349186530928,SW
2015.25,0.11556741395600906,45.314928140639815,-4.145613117674692,-21.90355719929988,22.029892367467777,No,41.28488243692113,SW
2015.3333333333335,1.9537450661107578,45.230398187732945,-1.131833695091366,-21.90355719929988,22.029892367467777,No,46.052309558752334,SW
2015.4166666666667,1.559250926105427,45.14586823482607,-10.752080809513025,-21.90355719929988,22.029892367467777,No,35.95303835141847,SW
2015.5,2.051533979107519,45.0613382819192,5.782171032158907,-21.90355719929988,22.029892367467777,No,52.89504329318562,SW
2015.5833333333335,0.9811074522372959,44.96908329682412,7.0196935804354155,-21.90355719929988,22.029892367467777,No,52.96988432949683,SW
2015.6666666666667,-0.6097586466732126,44.87682831172903,8.702980368797313,-21.90355719929988,22.029892367467777,No,52.97005003385313,SW
2015.75,-1.022387491543129,44.78457332663395,9.2080299031186,-21.90355719929988,22.029892367467777,No,52.97021573820942,SW
2015.8333333333335,-1.2723298117814081,44.692318341538865,3.6804368007372474,-21.90355719929988,22.029892367467777,No,47.1004253304947,SW
2015.9166666666667,-0.7657945607821033,44.600063356443776,2.4578979942243038,-21.90355719929988,22.029892367467777,No,46.292166789885975,SW
2016,-0.6738025444192531,44.507808371348695,0.4865829020999328,-21.90355719929988,22.029892367467777,No,44.320588729029375,SW
2016.0833333333335,-0.9722623643275354,44.415553386253606,-4.68352039257573,-21.90355719929988,22.029892367467777,No,38.75977062935034,SW
2016.1666666666667,-1.3448693797901958,44.323298401158524,0.828822769875579,-21.90355719929988,22.029892367467777,No,43.80725179124391,SW
2016.25,0.11556741395600906,44.23104341606344,4.508122123118021,-21.90355719929988,22.029892367467777,No,48.85473295313747,SW
2016.3333333333335,1.9537450661107578,44.138788430968354,7.809680617951933,-21.90355719929988,22.029892367467777,No,53.90221411503104,SW
2016.4166666666667,1.559250926105427,44.04653344587327,13.343910904945908,-21.90355719929988,22.029892367467777,No,58.94969527692461,SW
2016.5,2.051533979107519,43.95427846077819,-10.6139857860191,-21.90355719929988,22.029892367467777,No,35.39182665386661,SW
2016.5833333333335,0.9811074522372959,43.8620234756831,-2.7174240777282677,-21.90355719929988,22.029892367467777,No,42.12570685019213,SW
2016.6666666666667,-0.6097586466732126,43.76976849058802,-3.2789297258311834,-21.90355719929988,22.029892367467777,No,39.881080118083624,SW
2016.75,-1.022387491543129,43.73439745074217,-5.075556573223928,-21.90355719929988,22.029892367467777,No,37.636453385975116,SW
2016.8333333333335,-1.2723298117814081,43.69902641089632,-7.034869945248303,-21.90355719929988,22.029892367467777,No,35.39182665386661,SW
2016.9166666666667,-0.7657945607821033,43.663655371050474,1.817211481179278,-21.90355719929988,22.029892367467777,No,44.71507229144765,SW
2017,-0.6738025444192531,43.62828433120463,12.632129085595608,-21.90355719929988,22.029892367467777,No,55.58661087238099,SW
2017.0833333333335,-0.9722623643275354,43.592913291358784,7.356931207765797,-21.90355719929988,22.029892367467777,No,49.977582134797046,SW
2017.1666666666667,-1.3448693797901958,43.557542251512935,2.1558805254903746,-21.90355719929988,22.029892367467777,No,44.36855339721311,SW
2017.25,0.11556741395600906,43.522171211667086,-4.878213965993922,-21.90355719929988,22.029892367467777,No,38.75952465962917,SW
2017.3333333333335,1.9537450661107578,43.48680017182124,1.3118756799707114,-21.90355719929988,22.029892367467777,No,46.752420917902704,SW
2017.4166666666667,1.559250926105427,43.45142913197539,0.8537464238928649,-21.90355719929988,22.029892367467777,No,45.86442648197368,SW
2017.5,2.051533979107519,43.41605809212954,-4.839465503316909,-21.90355719929988,22.029892367467777,No,40.62812656792015,SW
2017.5833333333335,0.9811074522372959,43.3806870522837,-8.969967850654385,-21.90355719929988,22.029892367467777,No,35.39182665386661,SW
2017.6666666666667,-0.6097586466732126,43.34531601243785,-7.343730711898026,-21.90355719929988,22.029892367467777,No,35.39182665386661,SW
2017.75,-1.022387491543129,43.309944972592,-6.895730827182263,-21.90355719929988,22.029892367467777,No,35.39182665386661,SW
2017.8333333333335,-1.2723298117814081,43.27457393274615,-4.926798404190322,-21.90355719929988,22.029892367467777,No,37.07544571677442,SW
2017.9166666666667,-0.7657945607821033,43.2796201330011,-3.124418069180585,-21.90355719929988,22.029892367467777,No,39.38940750303841,SW
2018,-0.6738025444192531,43.284666333256055,-0.907494499534387,-21.90355719929988,22.029892367467777,No,41.703369289302415,SW
2018.0833333333335,-0.9722623643275354,43.28971253351101,1.699880906382937,-21.90355719929988,22.029892367467777,No,44.01733107556641,SW
2018.1666666666667,-1.3448693797901958,43.29475873376596,4.3814035078546425,-21.90355719929988,22.029892367467777,No,46.331292861830406,SW
2018.25,0.11556741395600906,43.29980493402091,5.229882300117488,-21.90355719929988,22.029892367467777,No,48.64525464809441,SW
2018.3333333333335,1.9537450661107578,43.304851134275864,5.700620233971783,-21.90355719929988,22.029892367467777,No,50.9592164343584,SW
2018.4166666666667,1.559250926105427,43.30989733453082,8.404029959986161,-21.90355719929988,22.029892367467777,No,53.273178220622405,SW
2018.5,2.051533979107519,43.31494353478576,10.220662492993121,-21.90355719929988,22.029892367467777,No,55.5871400068864,SW
2018.5833333333335,0.9811074522372959,43.319989735040714,1.8618337682616257,-21.90355719929988,22.029892367467777,No,46.162930955539636,SW
2018.6666666666667,-0.6097586466732126,43.325035935295666,-5.976555384429581,-21.90355719929988,22.029892367467777,No,36.73872190419287,SW
2018.75,-1.022387491543129,43.33008213555062,-0.1810387539752938,-21.90355719929988,22.029892367467777,No,42.1266558900322,SW
2018.8333333333335,-1.2723298117814081,43.33512833580557,-1.3391879450763682,-21.90355719929988,22.029892367467777,No,40.72361057894779,SW
2018.9166666666667,-0.7657945607821033,43.34017453606052,-3.2538147074150316,-21.90355719929988,22.029892367467777,No,39.32056526786339,SW
2019,-0.6738025444192531,43.345220736315476,-4.753898235117241,-21.90355719929988,22.029892367467777,No,37.91751995677898,SW
2019.0833333333335,-0.9722623643275354,43.37708241937853,-5.890345409356421,-21.90355719929988,22.029892367467777,No,36.51447464569458,SW
2019.1666666666667,-1.3448693797901958,43.40894410244158,-6.672584963871174,-21.90355719929988,22.029892367467777,No,35.39148975878021,SW
2019.25,0.11556741395600906,43.44080578550464,-9.00695365832295,-21.90355719929988,22.029892367467777,No,34.549419541137695,SW
2019.3333333333335,1.9537450661107578,43.472667468567685,-11.719063211183265,-21.90355719929988,22.029892367467777,No,33.70734932349518,SW
2019.4166666666667,1.559250926105427,43.50452915163074,-12.198500971883504,-21.90355719929988,22.029892367467777,No,32.865279105852665,SW
2019.5,2.051533979107519,43.53639083469379,-13.564715925591159,-21.90355719929988,22.029892367467777,No,32.02320888821015,SW
2019.5833333333335,0.9811074522372959,43.56825251775685,-12.526151081783993,-21.90355719929988,22.029892367467777,No,32.02320888821015,SW
2019.6666666666667,-0.6097586466732126,43.6001142008199,-10.96714666593654,-21.90355719929988,22.029892367467777,No,32.02320888821015,SW
2019.75,-1.022387491543129,43.63197588388295,-10.586379504129674,-21.90355719929988,22.029892367467777,No,32.02320888821015,SW
2019.8333333333335,-1.2723298117814081,43.66383756694601,-10.368298866954447,-21.90355719929988,22.029892367467777,No,32.02320888821015,SW
2019.9166666666667,-0.7657945607821033,43.695699250009056,-10.906695801016802,-21.90355719929988,22.029892367467777,No,32.02320888821015,SW
2020,-0.6738025444192531,43.72756093307211,-11.03054950044271,-21.90355719929988,22.029892367467777,No,32.02320888821015,SW
2020.0833333333335,-0.9722623643275354,43.75942261613516,6.629292191220323,-21.90355719929988,22.029892367467777,No,49.41645244302795,SW
2020.1666666666667,-1.3448693797901958,43.79128429919822,6.1872884054943995,-21.90355719929988,22.029892367467777,No,48.63370332490242,SW
2020.25,0.11556741395600906,43.871031277926306,3.8643555148945836,-21.90355719929988,22.029892367467777,No,47.8509542067769,SW
2020.3333333333335,1.9537450661107578,43.950778256654395,1.163681765886217,-21.90355719929988,22.029892367467777,No,47.06820508865137,SW
2020.4166666666667,1.559250926105427,44.03052523538249,-1.2333438724273478,-21.90355719929988,22.029892367467777,No,44.35643228906057,SW
2020.5,2.051533979107519,44.11027221411058,-4.517146703748324,-21.90355719929988,22.029892367467777,No,41.644659489469774,SW
2020.5833333333335,0.9811074522372959,44.19001919283867,0.3219654015614779,-21.90355719929988,22.029892367467777,No,45.49309204663744,SW
2020.6666666666667,-0.6097586466732126,44.26976617156676,8.561386136887485,-21.90355719929988,22.029892367467777,No,52.22139366178103,SW
2020.75,-1.022387491543129,44.349513150294854,15.62256961817289,-21.90355719929988,22.029892367467777,No,58.949695276924615,SW
2020.8333333333335,-1.2723298117814081,44.42926012902294,-6.9232861170471764,-21.90355719929988,22.029892367467777,No,36.233644200194355,SW
2020.9166666666667,-0.7657945607821033,44.50900710775103,0.06696617481372868,-21.90355719929988,22.029892367467777,No,43.810178721782655,SW
2021,-0.6738025444192531,44.58875408647912,0.5157241967486215,-21.90355719929988,22.029892367467777,No,44.43067573880849,SW
2021.0833333333335,-0.9722623643275354,44.66850106520721,1.35493405495464,-21.90355719929988,22.029892367467777,No,45.051172755834315,SW
2021.1666666666667,-1.3448693797901958,44.748248043935305,2.268291108715033,-21.90355719929988,22.029892367467777,No,45.67166977286014,SW
2021.25,0.11556741395600906,44.827995022663394,1.3486043532665732,-21.90355719929988,22.029892367467777,No,46.292166789885975,SW
2021.3333333333335,1.9537450661107578,44.90774200139148,12.088208209422376,-21.90355719929988,22.029892367467777,No,58.949695276924615,SW
2021.4166666666667,1.559250926105427,44.9872719284862,9.484018946831199,-21.90355719929988,22.029892367467777,No,56.03054180142283,SW
2021.5,2.051533979107519,45.06680185558093,5.993052491232596,-21.90355719929988,22.029892367467777,No,53.11138832592104,SW
2021.5833333333335,0.9811074522372959,45.146331782675645,4.06479561550632,-21.90355719929988,22.029892367467777,No,50.19223485041926,SW
2021.6666666666667,-0.6097586466732126,45.22586170977036,2.6569783118203247,-21.90355719929988,22.029892367467777,No,47.273081374917474,SW
2021.75,-1.022387491543129,45.30539163686508,-12.259795257111804,-21.90355719929988,22.029892367467777,No,32.02320888821015,SW
2021.8333333333335,-1.2723298117814081,45.38492156395981,-10.405242428683216,-21.90355719929988,22.029892367467777,No,33.70734932349518,SW
2021.9166666666667,-0.7657945607821033,45.464451491054525,-9.30716717149221,-21.90355719929988,22.029892367467777,No,35.39148975878021,SW
2022,-0.6738025444192531,45.543981418149244,-7.794548679664743,-21.90355719929988,22.029892367467777,No,37.07563019406525,SW
2022.0833333333335,-0.9722623643275354,45.62351134524397,-5.891478351566157,-21.90355719929988,22.029892367467777,No,38.75977062935028,SW
2022.1666666666667,-1.3448693797901958,45.70304127233869,-3.0742264296290074,-21.90355719929988,22.029892367467777,No,41.28394546291948,SW
2022.25,0.11556741395600906,45.782571199433406,-2.090018316900718,-21.90355719929988,22.029892367467777,No,43.808120296488696,SW
2022.3333333333335,1.9537450661107578,45.862101126528124,-1.483551062580979,-21.90355719929988,22.029892367467777,No,46.3322951300579,SW
2022.4166666666667,1.559250926105427,45.94163105362285,5.238971381312005,-21.90355719929988,22.029892367467777,No,52.73985336104028,SW
2022.5,2.051533979107519,46.02116098071757,0.7839892803382682,-21.90355719929988,22.029892367467777,No,48.856684240163354,SW
2022.5833333333335,0.9811074522372959,46.10275487846679,11.865832946220529,-21.90355719929988,22.029892367467777,No,58.949695276924615,SW
2022.6666666666667,-0.6097586466732126,46.18434877621601,2.29179458891079,-21.90355719929988,22.029892367467777,No,47.86638471845359,SW
2022.75,-1.022387491543129,46.26594267396523,3.452843711638117,-21.90355719929988,22.029892367467777,No,48.696398894060216,SW
2022.8333333333335,-1.2723298117814081,46.34753657171445,4.451206309733806,-21.90355719929988,22.029892367467777,No,49.526413069666845,SW
2022.9166666666667,-0.7657945607821033,46.42913046946367,-1.2939485738554595,-21.90355719929988,22.029892367467777,No,44.36938733482611,SW
2023,-0.6738025444192531,46.510724367212894,8.629013671076471,-21.90355719929988,22.029892367467777,No,54.46593549387011,SW
2023.0833333333335,-0.9722623643275354,46.59231826496211,-10.228566141854365,-21.90355719929988,22.029892367467777,No,35.39148975878021,SW
2023.1666666666667,-1.3448693797901958,46.67391216271133,1.385850254401575,-21.90355719929988,22.029892367467777,No,46.71489303732271,SW
2023.25,0.11556741395600906,46.755506060460554,1.1437716938025062,-21.90355719929988,22.029892367467777,No,48.01484516821907,SW
2023.3333333333335,1.9537450661107578,46.83709995820978,-5.730714605775546,-21.90355719929988,22.029892367467777,No,43.060130418544986,SW
2023.4166666666667,1.559250926105427,46.918693855959,-2.8179615499976407,-21.90355719929988,22.029892367467777,No,45.659983232066786,SW
2023.5,2.051533979107519,47.000287753708214,9.897873544108883,-21.90355719929988,22.029892367467777,No,58.949695276924615,SW
2023.5833333333335,0.9811074522372959,47.08188165145744,7.5236217686862545,-21.90355719929988,22.029892367467777,No,55.58661087238099,SW
2023.6666666666667,-0.6097586466732126,47.16347554920666,5.2467198371493495,-21.90355719929988,22.029892367467777,No,51.800436739682794,SW
2023.75,-1.022387491543129,47.24763727712017,-2.416739165789224,-21.90355719929988,22.029892367467777,No,43.80851061978782,SW
2023.8333333333335,-1.2723298117814081,47.33179900503368,0.10576816197752237,-21.90355719929988,22.029892367467777,No,46.16523735522979,SW
2023.9166666666667,-0.7657945607821033,47.41596073294719,-1.3199375804231508,-21.90355719929988,22.029892367467777,No,45.330228591741935,SW
2024,-0.6738025444192531,47.50012246086071,7.639097115684727,-21.90355719929988,22.029892367467777,No,54.46541703212618,SW
2024.0833333333335,-0.9722623643275354,47.58428418877422,1.6841750394517732,-21.90355719929988,22.029892367467777,No,48.29619686389846,SW
2024.1666666666667,-1.3448693797901958,47.66844591668773,-4.196599841226799,-21.90355719929988,22.029892367467777,No,42.126976695670734,SW
2024.25,0.11556741395600906,47.75260764460124,-1.0309912618703123,-21.90355719929988,22.029892367467777,No,46.837183796686936,SW
2024.3333333333335,1.9537450661107578,47.83676937251475,-1.1578830848883541,-21.90355719929988,22.029892367467777,No,48.63263135373715,SW
2024.4166666666667,1.559250926105427,47.92093110042826,0.9478968842536801,-21.90355719929988,22.029892367467777,No,50.42807891078737,SW
2024.5,2.051533979107519,48.00509282834177,2.166899660388296,-21.90355719929988,22.029892367467777,No,52.22352646783759,SW
2024.5833333333335,0.9811074522372959,48.08925455625529,1.8908391736167047,-21.90355719929988,22.029892367467777,No,50.96120118210929,SW
2024.6666666666667,-0.6097586466732126,48.1734162841688,2.1352182588854163,-21.90355719929988,22.029892367467777,No,49.698875896381004,SW
2024.75,-1.022387491543129,48.25757801208231,1.2013600901135248,-21.90355719929988,22.029892367467777,No,48.43655061065271,SW
2024.8333333333335,-1.2723298117814081,48.34173973999582,-2.614159064465831,-21.90355719929988,22.029892367467777,No,44.45525086374858,SW
2024.9166666666667,-0.7657945607821033,48.425780131351964,2.15800895994186,-21.90355719929988,22.029892367467777,No,49.81799453051172,SW
2025,-0.6738025444192531,48.509820522708104,1.2796072140911434,-21.90355719929988,22.029892367467777,No,49.115625192379994,SW
2025.0833333333335,-0.9722623643275354,48.593860914064244,11.328096727187884,-21.90355719929988,22.029892367467777,No,58.949695276924594,SW
2025.1666666666667,-1.3448693797901958,48.677901305420384,4.886343965536241,-21.90355719929988,22.029892367467777,No,52.21937589116643,SW
2025.25,0.11556741395600906,48.761941696776525,6.288658073838498,-21.90355719929988,22.029892367467777,No,55.16616718457103,SW
2025.3333333333335,1.9537450661107578,48.845982088132665,5.9079118529854355,-21.90355719929988,22.029892367467777,No,56.707639007228856,SW
2025.4166666666667,1.559250926105427,48.930022479488805,0.6127171384129184,-21.90355719929988,22.029892367467777,No,51.10199054400715,SW
2025.5,2.051533979107519,49.014062870844946,-8.942317046450377,-21.90355719929988,22.029892367467777,No,42.123279803502086,SW
2025.5833333333335,0.9811074522372959,49.098103262201086,-11.320889060691464,-21.90355719929988,22.029892367467777,No,38.75832165374692,SW
2025.6666666666667,-0.6097586466732126,49.182143653557226,-9.813338865335417,-21.90355719929988,22.029892367467777,No,38.759046141548595,SW
2025.75,-1.022387491543129,49.266184044913366,-9.48402592401996,-21.90355719929988,22.029892367467777,No,38.75977062935028,SW
2025.8333333333335,-1.2723298117814081,49.35022443626951,-14.370376853449685,-21.90355719929988,22.029892367467777,No,33.70751777103841,SW
2025.9166666666667,-0.7657945607821033,49.43426482762565,-14.960952495805131,-21.90355719929988,22.029892367467777,No,33.70751777103841,SW
1981.6666666666667,-0.07075699015590413,32.29586249412334,-0.20189661575737006,-5.848977071313509,5.951724504167128,No,32.023208888210064,S
1981.75,0.27127043652874766,32.310590745669494,-0.5586522939881782,-5.848977071313509,5.951724504167128,No,32.023208888210064,S
1981.8333333333335,0.2427434312366585,32.325318997215646,-0.5448535402422401,-5.848977071313509,5.951724504167128,No,32.023208888210064,S
1981.9166666666667,0.23579947566954723,32.3400472487618,-0.9270503658028986,-5.848977071313509,5.951724504167128,No,31.64879635862845,S
1982,0.029063895662067976,32.354775500307944,-1.1094555669231845,-5.848977071313509,5.951724504167128,No,31.27438382904683,S
1982.0833333333335,0.05587085949980628,32.3695037518541,-1.525403311888688,-5.848977071313509,5.951724504167128,No,30.899971299465214,S
1982.1666666666667,0.026722372736285447,32.38423200340025,-1.8853956062529384,-5.848977071313509,5.951724504167128,No,30.525558769883595,S
1982.25,0.07095738431433696,32.3989602549464,-2.318771398958763,-5.848977071313509,5.951724504167128,No,30.151146240301976,S
1982.3333333333335,-0.1963436349281134,32.413688506492555,-2.4406111608440817,-5.848977071313509,5.951724504167128,No,29.77673371072036,S
1982.4166666666667,-0.23246244801880198,32.42841675803871,-1.4966784728924587,-5.848977071313509,5.951724504167128,No,30.69927583712745,S
1982.5,-0.3710865130013371,32.44314500958486,-0.4502405330489836,-5.848977071313509,5.951724504167128,No,31.62181796353454,S
1982.5833333333335,-0.06177827035854998,32.457873261131006,0.14826509916917274,-5.848977071313509,5.951724504167128,No,32.54436008994163,S
1982.6666666666667,-0.07075699015590413,32.47260151267716,1.0650576938274625,-5.848977071313509,5.951724504167128,No,33.466902216348714,S
1982.75,0.27127043652874766,32.48732976422331,0.5799737197621155,-5.848977071313509,5.951724504167128,No,33.33857392051417,S
1982.8333333333335,0.2427434312366585,32.502058015769464,0.465444177673497,-5.848977071313509,5.951724504167128,No,33.21024562467962,S
1982.9166666666667,0.23579947566954723,32.51509828868205,0.3310195644934879,-5.848977071313509,5.951724504167128,No,33.08191732884508,S
1983,0.029063895662067976,32.52813856159464,0.39638657575382297,-5.848977071313509,5.951724504167128,No,32.95358903301053,S
1983.0833333333335,0.05587085949980628,32.54117883450722,0.22821104316895457,-5.848977071313509,5.951724504167128,No,32.82526073717598,S
1983.1666666666667,0.026722372736285447,32.55421910741981,0.11599096118533936,-5.848977071313509,5.951724504167128,No,32.69693244134144,S
1983.25,0.07095738431433696,32.567259380332395,0.4437005641983305,-5.848977071313509,5.951724504167128,No,33.081917328845066,S
1983.3333333333335,-0.1963436349281134,32.580299653244985,1.0829461980318271,-5.848977071313509,5.951724504167128,No,33.4669022163487,S
1983.4166666666667,-0.23246244801880198,32.59333992615757,1.4910096257135592,-5.848977071313509,5.951724504167128,No,33.85188710385233,S
1983.5,-0.3710865130013371,32.60638019907015,2.00157830528714,-5.848977071313509,5.951724504167128,No,34.236871991355954,S
1983.5833333333335,-0.06177827035854998,32.61942047198274,2.064214677235391,-5.848977071313509,5.951724504167128,No,34.62185687885958,S
1983.6666666666667,-0.07075699015590413,32.632460744895326,2.445138011623797,-5.848977071313509,5.951724504167128,No,35.006841766363216,S
1983.75,0.27127043652874766,32.645501017807916,2.475055199530182,-5.848977071313509,5.951724504167128,No,35.39182665386684,S
1983.8333333333335,0.2427434312366585,32.6585412907205,-1.2527446261711148,-5.848977071313509,5.951724504167128,No,31.648540095786043,S
1983.9166666666667,0.23579947566954723,32.67158156363309,-1.1652510491869386,-5.848977071313509,5.951724504167128,No,31.7421299901157,S
1984,0.029063895662067976,32.684621836545674,-0.8779658477623862,-5.848977071313509,5.951724504167128,No,31.835719884445357,S
1984.0833333333335,0.05587085949980628,32.69639212138723,-0.8229532021120178,-5.848977071313509,5.951724504167128,No,31.929309778775014,S
1984.1666666666667,0.026722372736285447,32.70816240622878,-0.7119851058603892,-5.848977071313509,5.951724504167128,No,32.022899673104675,S
1984.25,0.07095738431433696,32.71993269107033,-0.6744005079503452,-5.848977071313509,5.951724504167128,No,32.11648956743433,S
1984.3333333333335,-0.1963436349281134,32.73170297591189,-0.3252798792197851,-5.848977071313509,5.951724504167128,No,32.21007946176399,S
1984.4166666666667,-0.23246244801880198,32.74347326075344,-0.20734145664099657,-5.848977071313509,5.951724504167128,No,32.30366935609364,S
1984.5,-0.3710865130013371,32.75524354559499,0.0131022178296476,-5.848977071313509,5.951724504167128,No,32.3972592504233,S
1984.5833333333335,-0.06177827035854998,32.76701383043654,-0.21438641532502345,-5.848977071313509,5.951724504167128,No,32.490849144752964,S
1984.6666666666667,-0.07075699015590413,32.77878411527809,-0.12358808603956817,-5.848977071313509,5.951724504167128,No,32.58443903908262,S
1984.75,0.27127043652874766,32.790554400119646,-0.3837959032361127,-5.848977071313509,5.951724504167128,No,32.67802893341228,S
1984.8333333333335,0.2427434312366585,32.8023246849612,-0.27344928845592875,-5.848977071313509,5.951724504167128,No,32.77161882774193,S
1984.9166666666667,0.23579947566954723,32.81409496980275,-0.18468572340070466,-5.848977071313509,5.951724504167128,No,32.86520872207159,S
1985,0.029063895662067976,32.825865254644306,0.10386946609487069,-5.848977071313509,5.951724504167128,No,32.958798616401246,S
1985.0833333333335,0.05587085949980628,32.83763553948586,0.15888211174524258,-5.848977071313509,5.951724504167128,No,33.05238851073091,S
1985.1666666666667,0.026722372736285447,32.84940582432741,0.26985020799686765,-5.848977071313509,5.951724504167128,No,33.14597840506057,S
1985.25,0.07095738431433696,32.85998720802048,0.30862370705540343,-5.848977071313509,5.951724504167128,No,33.23956829939022,S
1985.3333333333335,-0.1963436349281134,32.87056859171354,0.6589332369344518,-5.848977071313509,5.951724504167128,No,33.33315819371988,S
1985.4166666666667,-0.23246244801880198,32.8811499754066,0.7780605606617357,-5.848977071313509,5.951724504167128,No,33.426748088049536,S
1985.5,-0.3710865130013371,32.891731359099666,0.9996931362808681,-5.848977071313509,5.951724504167128,No,33.520337982379196,S
1985.5833333333335,-0.06177827035854998,32.90231274279273,0.7733934042746711,-5.848977071313509,5.951724504167128,No,33.61392787670885,S
1985.6666666666667,-0.07075699015590413,32.912894126485796,0.8653806347086217,-5.848977071313509,5.951724504167128,No,33.70751777103851,S
1985.75,0.27127043652874766,32.923475510178854,2.1970807071592446,-5.848977071313509,5.951724504167128,No,35.39182665386684,S
1985.8333333333335,0.2427434312366585,32.93405689387192,1.998848563180843,-5.848977071313509,5.951724504167128,No,35.17564888828942,S
1985.9166666666667,0.23579947566954723,32.944638277564984,1.7790333694774745,-5.848977071313509,5.951724504167128,No,34.959471122712,S
1986,0.029063895662067976,32.95521966125805,1.7590098002144643,-5.848977071313509,5.951724504167128,No,34.74329335713458,S
1986.0833333333335,0.05587085949980628,32.965801044951114,1.5054436871062435,-5.848977071313509,5.951724504167128,No,34.52711559155716,S
1986.1666666666667,0.026722372736285447,32.97638242864417,1.307833024599283,-5.848977071313509,5.951724504167128,No,34.31093782597974,S
1986.25,0.07095738431433696,32.98696381233724,1.036838863750738,-5.848977071313509,5.951724504167128,No,34.094760060402315,S
1986.3333333333335,-0.1963436349281134,32.9975451960303,1.0773807337227055,-5.848977071313509,5.951724504167128,No,33.878582294824895,S
1986.4166666666667,-0.23246244801880198,33.00001658008264,0.8948503971836388,-5.848977071313509,5.951724504167128,No,33.662404529247475,S
1986.5,-0.3710865130013371,33.00248796413497,0.8148253125364207,-5.848977071313509,5.951724504167128,No,33.446226763670055,S
1986.5833333333335,-0.06177827035854998,33.004959348187306,0.2868679202638802,-5.848977071313509,5.951724504167128,No,33.230048998092634,S
1986.6666666666667,-0.07075699015590413,33.00743073223964,0.07719749043148028,-5.848977071313509,5.951724504167128,No,33.013871232515214,S
1986.75,0.27127043652874766,33.009902116291975,-0.48347908588292654,-5.848977071313509,5.951724504167128,No,32.797693466937794,S
1986.8333333333335,0.2427434312366585,33.01237350034431,-0.6736012302205978,-5.848977071313509,5.951724504167128,No,32.581515701360374,S
1986.9166666666667,0.23579947566954723,33.014844884396645,-0.885306424283236,-5.848977071313509,5.951724504167128,No,32.365337935782954,S
1987,0.029063895662067976,33.01731626844897,-0.8972199939055088,-5.848977071313509,5.951724504167128,No,32.14916017020553,S
1987.0833333333335,0.05587085949980628,33.01978765250131,-1.1426761073730027,-5.848977071313509,5.951724504167128,No,31.93298240462811,S
1987.1666666666667,0.026722372736285447,33.02225903655364,-1.3321767702392364,-5.848977071313509,5.951724504167128,No,31.71680463905069,S
1987.25,0.07095738431433696,33.02473042060598,-1.512858817581165,-5.848977071313509,5.951724504167128,No,31.58282898733915,S
1987.3333333333335,-0.1963436349281134,33.02720180465831,-1.3820048341025917,-5.848977071313509,5.951724504167128,No,31.448853335627607,S
1987.4166666666667,-0.23246244801880198,33.029673188710646,-1.4823330567757793,-5.848977071313509,5.951724504167128,No,31.314877683916066,S
1987.5,-0.3710865130013371,33.03214457276298,-1.4801560275571184,-5.848977071313509,5.951724504167128,No,31.180902032204525,S
1987.5833333333335,-0.06177827035854998,33.017569400928316,-0.9325822423596506,-5.848977071313509,5.951724504167128,No,32.023208888210114,S
1987.6666666666667,-0.07075699015590413,33.002994229093645,-0.572227539998508,-5.848977071313509,5.951724504167128,No,32.36000969893923,S
1987.75,0.27127043652874766,32.98841905725898,-0.5964980993557489,-5.848977071313509,5.951724504167128,No,32.663191394431976,S
1987.8333333333335,0.2427434312366585,32.97384388542431,-0.2502142267362544,-5.848977071313509,5.951724504167128,No,32.966373089924716,S
1987.9166666666667,0.23579947566954723,32.959268713589644,0.07448659615826614,-5.848977071313509,5.951724504167128,No,33.269554785417455,S
1988,0.029063895662067976,32.94469354175497,0.5989790434931592,-5.848977071313509,5.951724504167128,No,33.5727364809102,S
1988.0833333333335,0.05587085949980628,32.93011836992031,0.8899289469828346,-5.848977071313509,5.951724504167128,No,33.87591817640295,S
1988.1666666666667,0.026722372736285447,32.91554319808564,1.2368343010737561,-5.848977071313509,5.951724504167128,No,34.17909987189569,S
1988.25,0.07095738431433696,32.90096802625097,1.5103561568231143,-5.848977071313509,5.951724504167128,No,34.482281567388426,S
1988.3333333333335,-0.1963436349281134,32.88639285441631,2.095414043392978,-5.848977071313509,5.951724504167128,No,34.78546326288117,S
1988.4166666666667,-0.23246244801880198,32.871817682581636,2.4492897238110842,-5.848977071313509,5.951724504167128,No,35.08864495837392,S
1988.5,-0.3710865130013371,32.85724251074697,2.905670656121025,-5.848977071313509,5.951724504167128,No,35.39182665386666,S
1988.5833333333335,-0.06177827035854998,32.8426673389123,2.242467107618893,-5.848977071313509,5.951724504167128,No,35.02335617617264,S
1988.6666666666667,-0.07075699015590413,32.828092167077635,1.8975505215568944,-5.848977071313509,5.951724504167128,No,34.65488569847862,S
1988.75,0.27127043652874766,32.81341112784331,1.20173365641255,-5.848977071313509,5.951724504167128,No,34.286415220784605,S
1988.8333333333335,0.2427434312366585,32.79873008860898,0.8764712232449483,-5.848977071313509,5.951724504167128,No,33.91794474309059,S
1988.9166666666667,0.23579947566954723,32.78404904937465,0.5296257403523725,-5.848977071313509,5.951724504167128,No,33.54947426539657,S
1989,0.029063895662067976,32.769368010140326,0.3825718819001551,-5.848977071313509,5.951724504167128,No,33.18100378770255,S
1989.0833333333335,0.05587085949980628,32.754686970906,0.001975479602727148,-5.848977071313509,5.951724504167128,No,32.81253331000853,S
1989.1666666666667,0.026722372736285447,32.74000593167167,-0.32266547209344054,-5.848977071313509,5.951724504167128,No,32.444062832314515,S
1989.25,0.07095738431433696,32.72532489243734,-0.7206899221311858,-5.848977071313509,5.951724504167128,No,32.0755923546205,S
1989.3333333333335,-0.1963436349281134,32.71064385320302,-0.8071783413484219,-5.848977071313509,5.951724504167128,No,31.707121876926482,S
1989.4166666666667,-0.23246244801880198,32.695962813968684,-1.124848966717419,-5.848977071313509,5.951724504167128,No,31.338651399232464,S
1989.5,-0.3710865130013371,32.68128177473436,-1.3400143401945748,-5.848977071313509,5.951724504167128,No,30.970180921538446,S
1989.5833333333335,-0.06177827035854998,32.66660073550003,-5.29906465475603,-5.848977071313509,5.951724504167128,No,27.305757810385455,S
1989.6666666666667,-0.07075699015590413,32.65191969626571,-2.676107349148399,-5.848977071313509,5.951724504167128,No,29.905055356961405,S
1989.75,0.27127043652874766,32.637238657031375,-0.4041561900227606,-5.848977071313509,5.951724504167128,No,32.50435290353736,S
1989.8333333333335,0.2427434312366585,32.62255761779705,0.2165466045695439,-5.848977071313509,5.951724504167128,No,33.081847653603255,S
1989.9166666666667,0.23579947566954723,32.61241743399803,0.8111254940015726,-5.848977071313509,5.951724504167128,No,33.65934240366915,S
1990,0.029063895662067976,32.60227725019902,1.6054960078739597,-5.848977071313509,5.951724504167128,No,34.23683715373505,S
1990.0833333333335,0.05587085949980628,32.592137066400014,2.166323977901129,-5.848977071313509,5.951724504167128,No,34.81433190380095,S
1990.1666666666667,0.026722372736285447,32.581996882601,2.783107398529559,-5.848977071313509,5.951724504167128,No,35.39182665386684,S
1990.25,0.07095738431433696,32.57185669880198,2.7490125707504305,-5.848977071313509,5.951724504167128,No,35.39182665386675,S
1990.3333333333335,-0.1963436349281134,32.56171651500297,3.0264537737918005,-5.848977071313509,5.951724504167128,No,35.39182665386666,S
1990.4166666666667,-0.23246244801880198,32.55157633120396,1.0514811454509925,-5.848977071313509,5.951724504167128,No,33.37059502863615,S
1990.5,-0.3710865130013371,32.541436147404944,-0.8209862309979634,-5.848977071313509,5.951724504167128,No,31.349363403405643,S
1990.5833333333335,-0.06177827035854998,32.53129596360593,0.6765637835149931,-5.848977071313509,5.951724504167128,No,33.14608147676237,S
1990.6666666666667,-0.07075699015590413,32.52115577980692,0.41491248629002087,-5.848977071313509,5.951724504167128,No,32.86531127594103,S
1990.75,0.27127043652874766,32.51101559600791,-0.1977449574169583,-5.848977071313509,5.951724504167128,No,32.584541075119695,S
1990.8333333333335,0.2427434312366585,32.50087541220889,-0.4398479691471877,-5.848977071313509,5.951724504167128,No,32.303770874298365,S
1990.9166666666667,0.23579947566954723,32.490735228409875,-0.7035340306023947,-5.848977071313509,5.951724504167128,No,32.02300067347703,S
1991,0.029063895662067976,32.480595044610865,-0.7674284676172434,-5.848977071313509,5.951724504167128,No,31.74223047265569,S
1991.0833333333335,0.05587085949980628,32.46991766683183,-1.0643282544972834,-5.848977071313509,5.951724504167128,No,31.461460271834355,S
1991.1666666666667,0.026722372736285447,32.459240289052794,-1.3052725907760596,-5.848977071313509,5.951724504167128,No,31.180690071013018,S
1991.25,0.07095738431433696,32.448562911273754,-1.6196004253964063,-5.848977071313509,5.951724504167128,No,30.899919870191685,S
1991.3333333333335,-0.1963436349281134,32.43788553349472,-1.6223922291962616,-5.848977071313509,5.951724504167128,No,30.619149669370348,S
1991.4166666666667,-0.23246244801880198,32.42720815571569,-1.856366239147878,-5.848977071313509,5.951724504167128,No,30.33837946854901,S
1991.5,-0.3710865130013371,32.41653077793665,-1.987834997207635,-5.848977071313509,5.951724504167128,No,30.057609267727678,S
1991.5833333333335,-0.06177827035854998,32.40585340015761,-2.5672360628927215,-5.848977071313509,5.951724504167128,No,29.77683906690634,S
1991.6666666666667,-0.07075699015590413,32.39517602237858,-1.2639336449283647,-5.848977071313509,5.951724504167128,No,31.06048538729431,S
1991.75,0.27127043652874766,32.384498644599546,-1.5004838715854376,-5.848977071313509,5.951724504167128,No,31.155285209542857,S
1991.8333333333335,0.2427434312366585,32.37382126682051,-1.3664796662657643,-5.848977071313509,5.951724504167128,No,31.2500850317914,S
1991.9166666666667,0.23579947566954723,32.36314388904147,-1.2540585106710687,-5.848977071313509,5.951724504167128,No,31.344884854039947,S
1992,0.029063895662067976,32.352466511262435,-0.9418457306360111,-5.848977071313509,5.951724504167128,No,31.439684676288493,S
1992.0833333333335,0.05587085949980628,32.3417891334834,-0.8631754944461711,-5.848977071313509,5.951724504167128,No,31.534484498537037,S
1992.1666666666667,0.026722372736285447,32.33111175570436,-0.7285498076550638,-5.848977071313509,5.951724504167128,No,31.629284320785583,S
1992.25,0.07095738431433696,32.319939071878316,-0.6668123131585233,-5.848977071313509,5.951724504167128,No,31.72408414303413,S
1992.3333333333335,-0.1963436349281134,32.30876638805228,-0.29353878784149146,-5.848977071313509,5.951724504167128,No,31.818883965282673,S
1992.4166666666667,-0.23246244801880198,32.29759370422623,-0.15144746867620995,-5.848977071313509,5.951724504167128,No,31.91368378753122,S
1992.5,-0.3710865130013371,32.28642102040019,0.09314910238091301,-5.848977071313509,5.951724504167128,No,32.008483609779766,S
1992.5833333333335,-0.06177827035854998,32.275248336574144,-0.11018663418727925,-5.848977071313509,5.951724504167128,No,32.10328343202831,S
1992.6666666666667,-0.07075699015590413,32.264075652748105,0.004764591684661923,-5.848977071313509,5.951724504167128,No,32.19808325427686,S
1992.75,0.27127043652874766,32.25290296892206,-0.2312903289254038,-5.848977071313509,5.951724504167128,No,32.2928830765254,S
1992.8333333333335,0.2427434312366585,32.24173028509601,-0.09679081755872687,-5.848977071313509,5.951724504167128,No,32.387682898773946,S
1992.9166666666667,0.23579947566954723,32.23055760126997,0.01612564408297601,-5.848977071313509,5.951724504167128,No,32.48248272102249,S
1993,0.029063895662067976,32.219384917443925,0.32883373016504436,-5.848977071313509,5.951724504167128,No,32.57728254327104,S
1993.0833333333335,0.05587085949980628,32.208212233617886,0.40799927240189504,-5.848977071313509,5.951724504167128,No,32.672082365519586,S
1993.1666666666667,0.026722372736285447,32.19703954979184,0.543120265240006,-5.848977071313509,5.951724504167128,No,32.76688218776813,S
1993.25,0.07095738431433696,32.1858668659658,0.6048577597365323,-5.848977071313509,5.951724504167128,No,32.86168201001667,S
1993.3333333333335,-0.1963436349281134,32.17469418213975,0.9781312850535784,-5.848977071313509,5.951724504167128,No,32.95648183226522,S
1993.4166666666667,-0.23246244801880198,32.169555757746096,1.11418834478647,-5.848977071313509,5.951724504167128,No,33.051281654513765,S
1993.5,-0.3710865130013371,32.16441733335244,1.3527506564112102,-5.848977071313509,5.951724504167128,No,33.14608147676231,S
1993.5833333333335,-0.06177827035854998,32.15927890895878,0.9082217645930655,-5.848977071313509,5.951724504167128,No,33.005722403193296,S
1993.6666666666667,-0.07075699015590413,32.154140484565126,0.7819798352150613,-5.848977071313509,5.951724504167128,No,32.86536332962428,S
1993.75,0.27127043652874766,32.14900206017147,0.30473175935505026,-5.848977071313509,5.951724504167128,No,32.725004256055264,S
1993.8333333333335,0.2427434312366585,32.14386363577781,0.19803811547176764,-5.848977071313509,5.951724504167128,No,32.58464518248624,S
1993.9166666666667,0.23579947566954723,32.138725211384156,0.06976142186352519,-5.848977071313509,5.951724504167128,No,32.444286108917225,S
1994,0.029063895662067976,32.133586786990506,0.141276352695634,-5.848977071313509,5.951724504167128,No,32.30392703534821,S
1994.0833333333335,0.05587085949980628,32.12844836259685,-0.020751260317460662,-5.848977071313509,5.951724504167128,No,32.163567961779194,S
1994.1666666666667,0.026722372736285447,32.12330993820319,-0.12682342272929858,-5.848977071313509,5.951724504167128,No,32.02320888821018,S
1994.25,0.07095738431433696,32.118171513809536,0.021225421511658737,-5.848977071313509,5.951724504167128,No,32.210354319635535,S
1994.3333333333335,-0.1963436349281134,32.11303308941588,0.48081029657312513,-5.848977071313509,5.951724504167128,No,32.39749975106089,S
1994.4166666666667,-0.23246244801880198,32.10789466502222,0.709212965482827,-5.848977071313509,5.951724504167128,No,32.58464518248625,S
1994.5,-0.3710865130013371,32.102756240628565,1.0401208862843774,-5.848977071313509,5.951724504167128,No,32.771790613911605,S
1994.5833333333335,-0.06177827035854998,32.09728102433945,0.923433291356055,-5.848977071313509,5.951724504167128,No,32.958936045336955,S
1994.6666666666667,-0.07075699015590413,32.091805808050346,1.1250326588678732,-5.848977071313509,5.951724504167128,No,33.14608147676231,S
1994.75,0.27127043652874766,32.08633059176123,0.9756258798976916,-5.848977071313509,5.951724504167128,No,33.33322690818767,S
1994.8333333333335,0.2427434312366585,32.080855375472126,1.1967735329042384,-5.848977071313509,5.951724504167128,No,33.520372339613026,S
1994.9166666666667,0.23579947566954723,32.07538015918301,1.3963381361858254,-5.848977071313509,5.951724504167128,No,33.70751777103838,S
1995,0.029063895662067976,32.069904942893906,0.044356447053864656,-5.848977071313509,5.951724504167128,No,32.14332528560984,S
1995.0833333333335,0.05587085949980628,32.06442972660479,-1.5411677859232995,-5.848977071313509,5.951724504167128,No,30.5791328001813,S
1995.1666666666667,0.026722372736285447,32.05895451031568,-0.22306974458014395,-5.848977071313509,5.951724504167128,No,31.86260713847182,S
1995.25,0.07095738431433696,32.05347929402657,1.021644798421427,-5.848977071313509,5.951724504167128,No,33.14608147676234,S
1995.3333333333335,-0.1963436349281134,32.04800407773746,-0.3902528490679984,-5.848977071313509,5.951724504167128,No,31.46140759374135,S
1995.4166666666667,-0.23246244801880198,32.04252886144835,-2.033332702709199,-5.848977071313509,5.951724504167128,No,29.776733710720354,S
1995.5,-0.3710865130013371,32.03705364515924,-3.573907304458544,-5.848977071313509,5.951724504167128,No,28.09205982769936,S
1995.5833333333335,-0.06177827035854998,32.031578428870134,-5.562414213833218,-5.848977071313509,5.951724504167128,No,26.407385944678367,S
1995.6666666666667,-0.07075699015590413,32.02610321258102,-2.1786125117047845,-5.848977071313509,5.951724504167128,No,29.776733710720332,S
1995.75,0.27127043652874766,32.02245036239558,0.8523606778379715,-5.848977071313509,5.951724504167128,No,33.1460814767623,S
1995.8333333333335,0.2427434312366585,32.018797512210135,0.37408847866769435,-5.848977071313509,5.951724504167128,No,32.63562942211449,S
1995.9166666666667,0.23579947566954723,32.015144662024696,-2.6345692221099952,-5.848977071313509,5.951724504167128,No,29.61637491558425,S
1996,0.029063895662067976,32.01149181183925,-0.8600026387711317,-5.848977071313509,5.951724504167128,No,31.180553068730188,S
1996.0833333333335,0.05587085949980628,32.00783896165381,-0.49005107081700316,-5.848977071313509,5.951724504167128,No,31.573658750336612,S
1996.1666666666667,0.026722372736285447,32.00418611146837,-0.06414405226161435,-5.848977071313509,5.951724504167128,No,31.96676443194304,S
1996.25,0.07095738431433696,32.000533261282925,0.28837946795220404,-5.848977071313509,5.951724504167128,No,32.35987011354947,S
1996.3333333333335,-0.1963436349281134,31.996880411097486,0.9524390189865173,-5.848977071313509,5.951724504167128,No,32.75297579515589,S
1996.4166666666667,-0.23246244801880198,31.993227560912043,1.3853163638690766,-5.848977071313509,5.951724504167128,No,33.14608147676232,S
1996.5,-0.3710865130013371,31.9895747107266,0.404609843509256,-5.848977071313509,5.951724504167128,No,32.02309804123452,S
1996.5833333333335,-0.06177827035854998,31.985921860541158,0.16374941780187768,-5.848977071313509,5.951724504167128,No,32.08789300798448,S
1996.6666666666667,-0.07075699015590413,31.98226901035572,0.24117595453463636,-5.848977071313509,5.951724504167128,No,32.15268797473445,S
1996.75,0.27127043652874766,31.978616160170276,-0.03240365521461186,-5.848977071313509,5.951724504167128,No,32.21748294148441,S
1996.8333333333335,0.2427434312366585,31.974963309984833,0.06457116701288257,-5.848977071313509,5.951724504167128,No,32.28227790823438,S
1996.9166666666667,0.23579947566954723,31.98069247860573,0.13058092070907534,-5.848977071313509,5.951724504167128,No,32.34707287498435,S
1997,0.029063895662067976,31.98642164722662,0.3963822988456229,-5.848977071313509,5.951724504167128,No,32.41186784173431,S
1997.0833333333335,0.05587085949980628,31.992150815847516,0.4286411331369564,-5.848977071313509,5.951724504167128,No,32.47666280848428,S
1997.1666666666667,0.026722372736285447,31.997879984468412,0.516855418029543,-5.848977071313509,5.951724504167128,No,32.54145777523424,S
1997.25,0.07095738431433696,32.00360915308931,-0.2621469485799146,-5.848977071313509,5.951724504167128,No,31.81241958882373,S
1997.3333333333335,-0.1963436349281134,32.009338321710196,0.21021420142808012,-5.848977071313509,5.951724504167128,No,32.023208888210164,S
1997.4166666666667,-0.23246244801880198,32.01506749033109,0.24060384589777328,-5.848977071313509,5.951724504167128,No,32.023208888210064,S
1997.5,-0.3710865130013371,32.02079665895199,0.37349874225948554,-5.848977071313509,5.951724504167128,No,32.023208888210135,S
1997.5833333333335,-0.06177827035854998,32.02652582757288,0.05839098579975399,-5.848977071313509,5.951724504167128,No,32.023138543014085,S
1997.6666666666667,-0.07075699015590413,32.03225499619378,0.06157019178015588,-5.848977071313509,5.951724504167128,No,32.02306819781803,S
1997.75,0.27127043652874766,32.037984164814674,0.9771859489879517,-5.848977071313509,5.951724504167128,No,33.28644055033137,S
1997.8333333333335,0.2427434312366585,32.04371333343556,-2.0418995893949656,-5.848977071313509,5.951724504167128,No,30.244557175277254,S
1997.9166666666667,0.23579947566954723,32.04944250205646,-5.082568177502864,-5.848977071313509,5.951724504167128,No,27.202673800223142,S
1998,0.029063895662067976,32.05517167067735,-7.923445141170397,-5.848977071313509,5.951724504167128,Yes,24.160790425169026,S
1998.0833333333335,0.05587085949980628,32.0621257624185,-1.5389807170567984,-5.848977071313509,5.951724504167128,No,30.57901590486151,S
1998.1666666666667,0.026722372736285447,32.069079854159654,-2.0382514319521334,-5.848977071313509,5.951724504167128,No,30.057550794943804,S
1998.25,0.07095738431433696,32.0760339459008,-10.233037105135125,-5.848977071313509,5.951724504167128,Yes,21.91395422508001,S
1998.3333333333335,-0.1963436349281134,32.08298803764195,-9.074108659612033,-5.848977071313509,5.951724504167128,Yes,22.8125357431018,S
1998.4166666666667,-0.23246244801880198,32.0899421293831,-8.146362420240706,-5.848977071313509,5.951724504167128,Yes,23.71111726112359,S
1998.5,-0.3710865130013371,32.09689622112425,-7.116110928977527,-5.848977071313509,5.951724504167128,Yes,24.609698779145383,S
1998.5833333333335,-0.06177827035854998,32.1038503128654,-6.533791745339673,-5.848977071313509,5.951724504167128,Yes,25.508280297167175,S
1998.6666666666667,-0.07075699015590413,32.11080440460654,-5.633185599261669,-5.848977071313509,5.951724504167128,No,26.406861815188968,S
1998.75,0.27127043652874766,32.11775849634769,-5.083585599665678,-5.848977071313509,5.951724504167128,No,27.30544333321076,S
1998.8333333333335,0.2427434312366585,32.12471258808884,-4.1634311680929486,-5.848977071313509,5.951724504167128,No,28.20402485123255,S
1998.9166666666667,0.23579947566954723,32.13166667982999,-3.2648597862451965,-5.848977071313509,5.951724504167128,No,29.102606369254342,S
1999,0.029063895662067976,32.138620771571134,-2.1664967799570682,-5.848977071313509,5.951724504167128,No,30.001187887276135,S
1999.0833333333335,0.05587085949980628,32.145574863312284,-1.3016763175141612,-5.848977071313509,5.951724504167128,No,30.899769405297928,S
1999.1666666666667,0.026722372736285447,32.152528955053434,-0.38090040447000106,-5.848977071313509,5.951724504167128,No,31.798350923319717,S
1999.25,0.07095738431433696,32.15689236056351,0.4690826964636585,-5.848977071313509,5.951724504167128,No,32.69693244134151,S
1999.3333333333335,-0.1963436349281134,32.16125576607359,-7.804121705976449,-5.848977071313509,5.951724504167128,Yes,24.160790425169026,S
1999.4166666666667,-0.23246244801880198,32.165619171583664,-5.151560144048791,-5.848977071313509,5.951724504167128,No,26.781596579516073,S
1999.5,-0.3710865130013371,32.16998257709374,-2.396493330229287,-5.848977071313509,5.951724504167128,No,29.402402733863116,S
1999.5833333333335,-0.06177827035854998,32.17434598260382,-0.0893588240351022,-5.848977071313509,5.951724504167128,No,32.023208888210164,S
1999.6666666666667,-0.07075699015590413,32.178709388113894,0.07566686004534517,-5.848977071313509,5.951724504167128,No,32.18361925800333,S
1999.75,0.27127043652874766,32.18307279362397,-0.11031360235621435,-5.848977071313509,5.951724504167128,No,32.3440296277965,S
1999.8333333333335,0.2427434312366585,32.18743619913405,0.07426036721896168,-5.848977071313509,5.951724504167128,No,32.50443999758967,S
1999.9166666666667,0.23579947566954723,32.191799604644125,0.23725128706917786,-5.848977071313509,5.951724504167128,No,32.66485036738285,S
2000,0.029063895662067976,32.1961630101542,0.6000338313597453,-5.848977071313509,5.951724504167128,No,32.825260737176016,S
2000.0833333333335,0.05587085949980628,32.20052641566428,0.7292738318051022,-5.848977071313509,5.951724504167128,No,32.985671106969185,S
2000.1666666666667,0.026722372736285447,32.204889821174355,0.9144692828517123,-5.848977071313509,5.951724504167128,No,33.146081476762355,S
2000.25,0.07095738431433696,32.20925322668443,-1.3803155192616678,-5.848977071313509,5.951724504167128,No,30.8998950917371,S
2000.3333333333335,-0.1963436349281134,32.21361663219451,-3.363564290554546,-5.848977071313509,5.951724504167128,No,28.65370870671185,S
2000.4166666666667,-0.23246244801880198,32.21525898931496,-5.575672661794936,-5.848977071313509,5.951724504167128,No,26.407123879501224,S
2000.5,-0.3710865130013371,32.216901346435414,-2.20957122887134,-5.848977071313509,5.951724504167128,No,29.636243604562736,S
2000.5833333333335,-0.06177827035854998,32.21854370355586,0.7085978964269444,-5.848977071313509,5.951724504167128,No,32.86536332962425,S
2000.6666666666667,-0.07075699015590413,32.22018606067631,0.864549748765171,-5.848977071313509,5.951724504167128,No,33.013978819285576,S
2000.75,0.27127043652874766,32.221828417796765,0.6694954546213907,-5.848977071313509,5.951724504167128,No,33.1625943089469,S
2000.8333333333335,0.2427434312366585,32.22347077491722,0.844995592454346,-5.848977071313509,5.951724504167128,No,33.311209798608225,S
2000.9166666666667,0.23579947566954723,32.22511313203766,0.9989126805623414,-5.848977071313509,5.951724504167128,No,33.45982528826955,S
2001,0.029063895662067976,32.226755489158116,1.352621393110681,-5.848977071313509,5.951724504167128,No,33.608440777930866,S
2001.0833333333335,0.05587085949980628,32.22839784627857,1.472787561813817,-5.848977071313509,5.951724504167128,No,33.75705626759219,S
2001.1666666666667,0.026722372736285447,32.23004020339902,1.6489091811182064,-5.848977071313509,5.951724504167128,No,33.905671757253515,S
2001.25,0.07095738431433696,32.231682560519474,1.7516473020810253,-5.848977071313509,5.951724504167128,No,34.05428724691484,S
2001.3333333333335,-0.1963436349281134,32.23332491763992,2.1659214538643567,-5.848977071313509,5.951724504167128,No,34.20290273657616,S
2001.4166666666667,-0.23246244801880198,32.23496727476037,2.3490133994959166,-5.848977071313509,5.951724504167128,No,34.35151822623749,S
2001.5,-0.3710865130013371,32.236609631880825,2.634610597019325,-5.848977071313509,5.951724504167128,No,34.50013371589881,S
2001.5833333333335,-0.06177827035854998,32.23472554769038,2.4758019282283072,-5.848977071313509,5.951724504167128,No,34.64874920556014,S
2001.6666666666667,-0.07075699015590413,32.23284146349994,2.635280221877423,-5.848977071313509,5.951724504167128,No,34.797364695221454,S
2001.75,0.27127043652874766,32.230957379309494,2.443752369044539,-5.848977071313509,5.951724504167128,No,34.94598018488278,S
2001.8333333333335,0.2427434312366585,32.22907329511905,2.6227789481883903,-5.848977071313509,5.951724504167128,No,35.0945956745441,S
2001.9166666666667,0.23579947566954723,32.22718921092861,2.780222477607275,-5.848977071313509,5.951724504167128,No,35.24321116420543,S
2002,0.029063895662067976,32.225305126738164,3.1374576314665177,-5.848977071313509,5.951724504167128,No,35.39182665386675,S
2002.0833333333335,0.05587085949980628,32.22342104254771,0.529635797995013,-5.848977071313509,5.951724504167128,No,32.80892770004253,S
2002.1666666666667,0.026722372736285447,32.22153695835727,-2.0222305848752384,-5.848977071313509,5.951724504167128,No,30.226028746218315,S
2002.25,0.07095738431433696,32.219652874166826,-1.8324822439415094,-5.848977071313509,5.951724504167128,No,30.458128014539653,S
2002.3333333333335,-0.1963436349281134,32.21776878997638,-1.3311978721872784,-5.848977071313509,5.951724504167128,No,30.69022728286099,S
2002.4166666666667,-0.23246244801880198,32.21588470578594,-1.0610957065848083,-5.848977071313509,5.951724504167128,No,30.92232655118233,S
2002.5,-0.3710865130013371,32.214000621595495,-0.6884882890904898,-5.848977071313509,5.951724504167128,No,31.15442581950367,S
2002.5833333333335,-0.06177827035854998,32.21211653740505,-0.763813179221497,-5.848977071313509,5.951724504167128,No,31.386525087825007,S
2002.6666666666667,-0.07075699015590413,32.21023245321461,-0.5208511069123603,-5.848977071313509,5.951724504167128,No,31.618624356146345,S
2002.75,0.27127043652874766,32.194206978681315,-0.6147537907423803,-5.848977071313509,5.951724504167128,No,31.850723624467683,S
2002.8333333333335,0.2427434312366585,32.17818150414802,-0.33810204259566135,-5.848977071313509,5.951724504167128,No,32.08282289278902,S
2002.9166666666667,0.23579947566954723,32.16215602961472,-0.08303334417390573,-5.848977071313509,5.951724504167128,No,32.31492216111036,S
2003,0.029063895662067976,32.14613055508143,0.3718269786881976,-5.848977071313509,5.951724504167128,No,32.547021429431695,S
2003.0833333333335,0.05587085949980628,32.130105080548134,0.5931447577050974,-5.848977071313509,5.951724504167128,No,32.77912069775304,S
2003.1666666666667,0.026722372736285447,32.11407960601484,0.8704179873232505,-5.848977071313509,5.951724504167128,No,33.01121996607438,S
2003.25,0.07095738431433696,32.09805413148154,1.074307718599833,-5.848977071313509,5.951724504167128,No,33.24331923439571,S
2003.3333333333335,-0.1963436349281134,32.082028656948246,1.5897334806969212,-5.848977071313509,5.951724504167128,No,33.475418502717055,S
2003.4166666666667,-0.23246244801880198,32.06600318241495,1.8739770366422377,-5.848977071313509,5.951724504167128,No,33.70751777103839,S
2003.5,-0.3710865130013371,32.04997770788166,0.27933048097239066,-5.848977071313509,5.951724504167128,No,31.958221675852712,S
2003.5833333333335,-0.06177827035854998,32.033952233348366,-1.7632483823227822,-5.848977071313509,5.951724504167128,No,30.208925580667035,S
2003.6666666666667,-0.07075699015590413,32.017926758815065,-1.3422909210222542,-5.848977071313509,5.951724504167128,No,30.604878847636908,S
2003.75,0.27127043652874766,32.00190128428177,-1.2723396062037438,-5.848977071313509,5.951724504167128,No,31.000832114606776,S
2003.8333333333335,0.2427434312366585,31.985875809748478,-0.8318338594084871,-5.848977071313509,5.951724504167128,No,31.39678538157665,S
2003.9166666666667,0.23579947566954723,31.95577544665983,-0.39883627378285524,-5.848977071313509,5.951724504167128,No,31.79273864854652,S
2004,0.029063895662067976,31.925675083571182,0.23395293628314207,-5.848977071313509,5.951724504167128,No,32.188691915516394,S
2004.0833333333335,0.05587085949980628,31.895574720482532,0.6331996025039253,-5.848977071313509,5.951724504167128,No,32.58464518248626,S
2004.1666666666667,0.026722372736285447,31.865474357393886,0.5520893787870662,-5.848977071313509,5.951724504167128,No,32.44428610891724,S
2004.25,0.07095738431433696,31.835373994305236,0.3975956567286332,-5.848977071313509,5.951724504167128,No,32.30392703534821,S
2004.3333333333335,-0.1963436349281134,31.80527363121659,0.5546379654907092,-5.848977071313509,5.951724504167128,No,32.16356796177919,S
2004.4166666666667,-0.23246244801880198,31.77517326812794,0.48049806810102424,-5.848977071313509,5.951724504167128,No,32.023208888210164,S
2004.5,-0.3710865130013371,31.74507290503929,0.6492224961722108,-5.848977071313509,5.951724504167128,No,32.023208888210164,S
2004.5833333333335,-0.06177827035854998,31.714972541950644,0.37001461661807156,-5.848977071313509,5.951724504167128,No,32.023208888210164,S
2004.6666666666667,-0.07075699015590413,31.684872178861994,-9.700160963626082,-5.848977071313509,5.951724504167128,Yes,21.91395422508001,S
2004.75,0.27127043652874766,31.654771815773348,-6.641833727088564,-5.848977071313509,5.951724504167128,Yes,25.284208525213533,S
2004.8333333333335,0.2427434312366585,31.624671452684698,-5.740847643468044,-5.848977071313509,5.951724504167128,No,26.126567240453312,S
2004.9166666666667,0.23579947566954723,31.59457108959605,-4.861444609572509,-5.848977071313509,5.951724504167128,No,26.96892595569309,S
2005,0.029063895662067976,31.564470726507402,-3.782249951236601,-5.848977071313509,5.951724504167128,No,27.81128467093287,S
2005.0833333333335,0.05587085949980628,31.533368078011762,-2.9355955513389205,-5.848977071313509,5.951724504167128,No,28.653643386172647,S
2005.1666666666667,0.026722372736285447,31.50226542951612,-2.03298570083998,-5.848977071313509,5.951724504167128,No,29.496002101412426,S
2005.25,0.07095738431433696,31.47116278102048,-1.2037593486826133,-5.848977071313509,5.951724504167128,No,30.338360816652205,S
2005.3333333333335,-0.1963436349281134,31.44006013252484,-0.06299696570474467,-5.848977071313509,5.951724504167128,No,31.180719531891985,S
2005.4166666666667,-0.23246244801880198,31.4089574840292,0.8465832111213629,-5.848977071313509,5.951724504167128,No,32.023078247131764,S
2005.5,-0.3710865130013371,31.37785483553356,2.1393131542300736,-5.848977071313509,5.951724504167128,No,33.1460814767623,S
2005.5833333333335,-0.06177827035854998,31.34675218703792,0.7382349715307441,-5.848977071313509,5.951724504167128,No,32.023208888210114,S
2005.6666666666667,-0.07075699015590413,31.315649538542285,0.7783163398237427,-5.848977071313509,5.951724504167128,No,32.02320888821012,S
2005.75,0.27127043652874766,31.284546890046645,0.4673915616347344,-5.848977071313509,5.951724504167128,No,32.02320888821013,S
2005.8333333333335,0.2427434312366585,31.253444241551005,0.5270212154224723,-5.848977071313509,5.951724504167128,No,32.023208888210135,S
2005.9166666666667,0.23579947566954723,31.222341593055365,0.565067819485229,-5.848977071313509,5.951724504167128,No,32.02320888821014,S
2006,0.029063895662067976,31.191238944559725,0.8029060479883547,-5.848977071313509,5.951724504167128,No,32.02320888821015,S
2006.0833333333335,0.05587085949980628,31.160136296064085,0.8072017326462664,-5.848977071313509,5.951724504167128,No,32.023208888210156,S
2006.1666666666667,0.026722372736285447,31.129033647568445,0.8674528679054347,-5.848977071313509,5.951724504167128,No,32.023208888210164,S
2006.25,0.07095738431433696,31.11523011912953,0.8369923534155319,-5.848977071313509,5.951724504167128,No,32.0231798568594,S
2006.3333333333335,-0.1963436349281134,31.10142659069062,1.1180678697461275,-5.848977071313509,5.951724504167128,No,32.02315082550864,S
2006.4166666666667,-0.23246244801880198,31.08762306225171,1.1679611799249656,-5.848977071313509,5.951724504167128,No,32.02312179415787,S
2006.5,-0.3710865130013371,31.0738195338128,-0.57495722972007,-5.848977071313509,5.951724504167128,No,30.12777579109139,S
2006.5833333333335,-0.06177827035854998,31.060016005373885,-1.2213088154109606,-5.848977071313509,5.951724504167128,No,29.776928919604376,S
2006.6666666666667,-0.07075699015590413,31.046212476934976,-0.1557071319080201,-5.848977071313509,5.951724504167128,No,30.819748354871052,S
2006.75,0.27127043652874766,31.032408948496062,-0.5302574689787711,-5.848977071313509,5.951724504167128,No,30.77342191604604,S
2006.8333333333335,0.2427434312366585,31.01860542005715,-0.5342533740727795,-5.848977071313509,5.951724504167128,No,30.727095477221027,S
2006.9166666666667,0.23579947566954723,31.00480189161824,1.7450697396814014,-5.848977071313509,5.951724504167128,No,32.985671106969185,S
2007,0.029063895662067976,30.990998363179326,0.6661629211299136,-5.848977071313509,5.951724504167128,No,31.68622517997131,S
2007.0833333333335,0.05587085949980628,30.977194834740416,-0.41384329006186604,-5.848977071313509,5.951724504167128,No,30.619222404178355,S
2007.1666666666667,0.026722372736285447,30.963391306301503,-1.437894050652389,-5.848977071313509,5.951724504167128,No,29.552219628385398,S
2007.25,0.07095738431433696,30.949587777862593,-2.535328309584486,-5.848977071313509,5.951724504167128,No,28.485216852592444,S
2007.3333333333335,-0.1963436349281134,30.93578424942368,-3.321226537696081,-5.848977071313509,5.951724504167128,No,27.418214076799487,S
2007.4166666666667,-0.23246244801880198,30.933099909414494,-4.349426160389164,-5.848977071313509,5.951724504167128,No,26.35121130100653,S
2007.5,-0.3710865130013371,30.930415569405312,-5.2751205311903995,-5.848977071313509,5.951724504167128,No,25.284208525213575,S
2007.5833333333335,-0.06177827035854998,30.927731229396127,-3.110836461781382,-5.848977071313509,5.951724504167128,No,27.755116497256196,S
2007.6666666666667,-0.07075699015590413,30.925046889386945,-0.6282654299322239,-5.848977071313509,5.951724504167128,No,30.226024469298817,S
2007.75,0.27127043652874766,30.92236254937776,1.5032994554349344,-5.848977071313509,5.951724504167128,No,32.69693244134144,S
2007.8333333333335,0.2427434312366585,30.919678209368577,1.7029416890190205,-5.848977071313509,5.951724504167128,No,32.86536332962426,S
2007.9166666666667,0.23579947566954723,30.91699386935939,1.5441390963125237,-5.848977071313509,5.951724504167128,No,32.69693244134146,S
2008,0.029063895662067976,30.914309529350206,1.921989904612012,-5.848977071313509,5.951724504167128,No,32.86536332962429,S
2008.0833333333335,0.05587085949980628,30.911625189341024,0.11959706152353533,-5.848977071313509,5.951724504167128,No,31.087093110364364,S
2008.1666666666667,0.026722372736285447,30.908940849331838,-9.021708996988114,-5.848977071313509,5.951724504167128,Yes,21.91395422508001,S
2008.25,0.07095738431433696,30.906256509322656,-3.446490075773962,-5.848977071313509,5.951724504167128,No,27.53072381786303,S
2008.3333333333335,-0.1963436349281134,30.90357216931347,-2.133679167661718,-5.848977071313509,5.951724504167128,No,28.57354936672364,S
2008.4166666666667,-0.23246244801880198,30.90088782930429,-1.0520504657012388,-5.848977071313509,5.951724504167128,No,29.61637491558425,S
2008.5,-0.3710865130013371,30.898203489295103,-0.8571812751725645,-5.848977071313509,5.951724504167128,No,29.6699357011212,S
2008.5833333333335,-0.06177827035854998,30.89699809923987,-1.111723342223172,-5.848977071313509,5.951724504167128,No,29.72349648665815,S
2008.6666666666667,-0.07075699015590413,30.895792709184636,-1.047978446833632,-5.848977071313509,5.951724504167128,No,29.7770572721951,S
2008.75,0.27127043652874766,30.894587319129403,-1.4868852402763544,-5.848977071313509,5.951724504167128,No,29.678972515381798,S
2008.8333333333335,0.2427434312366585,30.893381929074167,-1.555237601742327,-5.848977071313509,5.951724504167128,No,29.580887758568498,S
2008.9166666666667,0.23579947566954723,30.892176539018934,-1.645173012933288,-5.848977071313509,5.951724504167128,No,29.482803001755194,S
2009,0.029063895662067976,30.8909711489637,-1.5353167996838764,-5.848977071313509,5.951724504167128,No,29.384718244941894,S
2009.0833333333335,0.05587085949980628,30.889765758908467,-1.6590031302796824,-5.848977071313509,5.951724504167128,No,29.28663348812859,S
2009.1666666666667,0.026722372736285447,30.888560368853234,-1.7267340102742281,-5.848977071313509,5.951724504167128,No,29.18854873131529,S
2009.25,0.07095738431433696,30.887354978798,-1.8678483886103514,-5.848977071313509,5.951724504167128,No,29.090463974501986,S
2009.3333333333335,-0.1963436349281134,30.886149588742768,-1.6974267361259692,-5.848977071313509,5.951724504167128,No,28.992379217688686,S
2009.4166666666667,-0.23246244801880198,30.88494419868753,-1.758187289793348,-5.848977071313509,5.951724504167128,No,28.894294460875383,S
2009.5,-0.3710865130013371,30.883738808632298,-5.228443770417428,-5.848977071313509,5.951724504167128,No,25.284208525213533,S
2009.5833333333335,-0.06177827035854998,30.882533418577065,-0.635461281135985,-5.848977071313509,5.951724504167128,No,30.18529386708253,S
2009.6666666666667,-0.07075699015590413,30.881328028521832,-0.5486265167252036,-5.848977071313509,5.951724504167128,No,30.261944521640725,S
2009.75,0.27127043652874766,30.875071498027385,-0.8077467583572151,-5.848977071313509,5.951724504167128,No,30.33859517619892,S
2009.8333333333335,0.2427434312366585,30.868814967532934,-9.197604173689584,-5.848977071313509,5.951724504167128,Yes,21.91395422508001,S
2009.9166666666667,0.23579947566954723,30.862558437038487,-9.184403687628027,-5.848977071313509,5.951724504167128,Yes,21.91395422508001,S
2010,0.029063895662067976,30.856301906544036,4.506460851660737,-5.848977071313509,5.951724504167128,No,35.39182665386684,S
2010.0833333333335,0.05587085949980628,30.85004537604959,3.269414309188715,-5.848977071313509,5.951724504167128,No,34.17533054473811,S
2010.1666666666667,0.026722372736285447,30.84378884555514,2.0883232173179493,-5.848977071313509,5.951724504167128,No,32.958834435609376,S
2010.25,0.07095738431433696,30.83753231506069,0.8338486271056098,-5.848977071313509,5.951724504167128,No,31.74233832648064,S
2010.3333333333335,-0.1963436349281134,30.831275784566245,1.3882767385719816,-5.848977071313509,5.951724504167128,No,32.023208888210114,S
2010.4166666666667,-0.23246244801880198,30.825019254071794,4.79926984781385,-5.848977071313509,5.951724504167128,No,35.39182665386684,S
2010.5,-0.3710865130013371,30.818762723577347,0.0439110586903908,-5.848977071313509,5.951724504167128,No,30.4915872692664,S
2010.5833333333335,-0.06177827035854998,30.812506193082896,-0.8013562790762023,-5.848977071313509,5.951724504167128,No,29.949371643648146,S
2010.6666666666667,-0.07075699015590413,30.80624966258845,4.656333981434301,-5.848977071313509,5.951724504167128,No,35.39182665386684,S
2010.75,0.27127043652874766,30.799993132094,3.646721876667204,-5.848977071313509,5.951724504167128,No,34.71798544528995,S
2010.8333333333335,0.2427434312366585,30.79373660159955,3.007664203876839,-5.848977071313509,5.951724504167128,No,34.04414423671305,S
2010.9166666666667,0.23579947566954723,30.794434070351002,2.3400694821156023,-5.848977071313509,5.951724504167128,No,33.37030302813615,S
2011,0.029063895662067976,30.795131539102453,1.872266384794731,-5.848977071313509,5.951724504167128,No,32.696461819559254,S
2011.0833333333335,0.05587085949980628,30.795829007853907,1.1709207436286455,-5.848977071313509,5.951724504167128,No,32.02262061098236,S
2011.1666666666667,0.026722372736285447,30.796526476605358,1.7613963331445746,-5.848977071313509,5.951724504167128,No,32.58464518248622,S
2011.25,0.07095738431433696,30.79722394535681,1.1549199717685639,-5.848977071313509,5.951724504167128,No,32.02310130143971,S
2011.3333333333335,-0.1963436349281134,30.79792141410826,-1.7072099700110996,-5.848977071313509,5.951724504167128,No,28.894367809169047,S
2011.4166666666667,-0.23246244801880198,30.798618882859714,-1.2998857189520336,-5.848977071313509,5.951724504167128,No,29.26627071588888,S
2011.5,-0.3710865130013371,30.799316351611164,-5.14418176711602,-5.848977071313509,5.951724504167128,No,25.284048071493807,S
2011.5833333333335,-0.06177827035854998,30.800013820362615,-0.39964037380500983,-5.848977071313509,5.951724504167128,No,30.338595176199057,S
2011.6666666666667,-0.07075699015590413,30.800711289114066,0.986850340092527,-5.848977071313509,5.951724504167128,No,31.71680463905069,S
2011.75,0.27127043652874766,30.801408757865516,1.624253246947248,-5.848977071313509,5.951724504167128,No,32.69693244134151,S
2011.8333333333335,0.2427434312366585,30.80210622661697,1.5558268844950547,-5.848977071313509,5.951724504167128,No,32.60067654234869,S
2011.9166666666667,0.23579947566954723,30.80280369536842,1.465817472317891,-5.848977071313509,5.951724504167128,No,32.50442064335586,S
2012,0.029063895662067976,30.803501164119872,1.5755996845810927,-5.848977071313509,5.951724504167128,No,32.408164744363035,S
2012.0833333333335,0.05587085949980628,30.808746497085494,1.4472914887849058,-5.848977071313509,5.951724504167128,No,32.311908845370205,S
2012.1666666666667,0.026722372736285447,30.813991830051116,1.3749387435899791,-5.848977071313509,5.951724504167128,No,32.21565294637738,S
2012.25,0.07095738431433696,30.819237163016737,1.229202500053475,-5.848977071313509,5.951724504167128,No,32.11939704738455,S
2012.3333333333335,-0.1963436349281134,30.82448249598236,1.3950022873374834,-5.848977071313509,5.951724504167128,No,32.02314114839173,S
2012.4166666666667,-0.23246244801880198,30.82972782894798,-0.5959616171997943,-5.848977071313509,5.951724504167128,No,30.001303763729386,S
2012.5,-0.3710865130013371,30.834973161913602,-2.4844202698452236,-5.848977071313509,5.951724504167128,No,27.97946637906704,S
2012.5833333333335,-0.06177827035854998,30.840218494879228,-4.820811230115982,-5.848977071313509,5.951724504167128,No,25.957628994404697,S
2012.6666666666667,-0.07075699015590413,30.84546382784485,-6.838915227946593,-5.848977071313509,5.951724504167128,Yes,23.935791609742353,S
2012.75,0.27127043652874766,30.85070916081047,-9.208025372259211,-5.848977071313509,5.951724504167128,Yes,21.91395422508001,S
2012.8333333333335,0.2427434312366585,30.855954493776093,-6.938431628468269,-5.848977071313509,5.951724504167128,Yes,24.16026629654448,S
2012.9166666666667,0.23579947566954723,30.861199826741714,-4.690420934402308,-5.848977071313509,5.951724504167128,No,26.406578368008955,S
2013,0.029063895662067976,30.866445159707336,-2.2426186158959815,-5.848977071313509,5.951724504167128,No,28.652890439473424,S
2013.0833333333335,0.05587085949980628,30.871690492672958,-0.02835884123486565,-5.848977071313509,5.951724504167128,No,30.899202510937897,S
2013.1666666666667,0.026722372736285447,30.87693582563858,2.2418563840275034,-5.848977071313509,5.951724504167128,No,33.14551458240237,S
2013.25,0.07095738431433696,30.871694301845665,4.449174967706838,-5.848977071313509,5.951724504167128,No,35.39182665386684,S
2013.3333333333335,-0.1963436349281134,30.866452778052754,-0.6686067781548743,-5.848977071313509,5.951724504167128,No,30.001502364969767,S
2013.4166666666667,-0.23246244801880198,30.86121125425984,0.6643249674869551,-5.848977071313509,5.951724504167128,No,31.293073773727993,S
2013.5,-0.3710865130013371,30.855969730466924,2.099761965020633,-5.848977071313509,5.951724504167128,No,32.58464518248622,S
2013.5833333333335,-0.06177827035854998,30.850728206674013,0.347466471625566,-5.848977071313509,5.951724504167128,No,31.13641640794103,S
2013.6666666666667,-0.07075699015590413,30.8454866828811,0.5746337106804944,-5.848977071313509,5.951724504167128,No,31.34936340340569,S
2013.75,0.27127043652874766,30.840245159088187,-1.6155000320346211,-5.848977071313509,5.951724504167128,No,29.496015563582315,S
2013.8333333333335,0.2427434312366585,30.835003635295273,-2.423765602343998,-5.848977071313509,5.951724504167128,No,28.653981464187932,S
2013.9166666666667,0.23579947566954723,30.829762111502358,-2.748557416881436,-5.848977071313509,5.951724504167128,No,28.31700417029047,S
2014,0.029063895662067976,30.824520587709447,-2.8735576069785083,-5.848977071313509,5.951724504167128,No,27.98002687639301,S
2014.0833333333335,0.05587085949980628,30.819279063916532,-3.232100340920791,-5.848977071313509,5.951724504167128,No,27.643049582495546,S
2014.1666666666667,0.026722372736285447,30.814037540123618,-3.5346876242618173,-5.848977071313509,5.951724504167128,No,27.306072288598084,S
2014.25,0.07095738431433696,30.808796016330707,-3.910658405944421,-5.848977071313509,5.951724504167128,No,26.969094994700622,S
2014.3333333333335,-0.1963436349281134,30.803554492537792,0.8031574346150698,-5.848977071313509,5.951724504167128,No,31.41036829222475,S
2014.4166666666667,-0.23246244801880198,30.790317333755752,0.2399156618578644,-5.848977071313509,5.951724504167128,No,30.797770547594816,S
2014.5,-0.3710865130013371,30.777080174973708,-0.2208208590074925,-5.848977071313509,5.951724504167128,No,30.18517280296488,S
2014.5833333333335,-0.06177827035854998,30.763843016191665,-1.1294896874981717,-5.848977071313509,5.951724504167128,No,29.572575058334944,S
2014.6666666666667,-0.07075699015590413,30.750605857409624,-1.7198715535487104,-5.848977071313509,5.951724504167128,No,28.95997731370501,S
2014.75,0.27127043652874766,30.737368698627584,-1.1295832467698546,-5.848977071313509,5.951724504167128,No,29.87905588838648,S
2014.8333333333335,0.2427434312366585,30.72413153984554,-1.7006042551933191,-5.848977071313509,5.951724504167128,No,29.26627071588888,S
2014.9166666666667,0.23579947566954723,30.710894381063497,-1.4895473702738897,-5.848977071313509,5.951724504167128,No,29.457146486459155,S
2015,0.029063895662067976,30.697657222281457,-1.0786988609140984,-5.848977071313509,5.951724504167128,No,29.648022257029428,S
2015.0833333333335,0.05587085949980628,30.684420063499417,-0.9013928953995176,-5.848977071313509,5.951724504167128,No,29.838898027599704,S
2015.1666666666667,0.026722372736285447,30.671182904717373,-0.6681314792836766,-5.848977071313509,5.951724504167128,No,30.02977379816998,S
2015.25,0.07095738431433696,30.65794574593533,-0.508253561509413,-5.848977071313509,5.951724504167128,No,30.220649568740253,S
2015.3333333333335,-0.1963436349281134,30.64470858715329,-0.036839612914647546,-5.848977071313509,5.951724504167128,No,30.41152533931053,S
2015.4166666666667,-0.23246244801880198,30.63147142837125,0.6134316806509688,-5.848977071313509,5.951724504167128,No,31.012440661003417,S
2015.5,-0.3710865130013371,30.618234269589205,1.135877438139726,-5.848977071313509,5.951724504167128,No,31.383025194727594,S
2015.5833333333335,-0.06177827035854998,30.610321206811662,1.2050667919986573,-5.848977071313509,5.951724504167128,No,31.75360972845177,S
2015.6666666666667,-0.07075699015590413,30.602408144034115,1.5925431082977397,-5.848977071313509,5.951724504167128,No,32.12419426217595,S
2015.75,0.27127043652874766,30.59449508125657,1.6290132781148081,-5.848977071313509,5.951724504167128,No,32.494778795900125,S
2015.8333333333335,0.2427434312366585,30.586582018479028,2.036037879908612,-5.848977071313509,5.951724504167128,No,32.8653633296243,S
2015.9166666666667,0.23579947566954723,30.578668955701485,-0.5884396851527178,-5.848977071313509,5.951724504167128,No,30.226028746218315,S
2016,0.029063895662067976,30.570755892923938,-1.4647928777010648,-5.848977071313509,5.951724504167128,No,29.135026910884942,S
2016.0833333333335,0.05587085949980628,30.562842830146394,1.4043427839725524,-5.848977071313509,5.951724504167128,No,32.02305647361875,S
2016.1666666666667,0.026722372736285447,30.55492976736885,1.0867320097341278,-5.848977071313509,5.951724504167128,No,31.668384149839262,S
2016.25,0.07095738431433696,30.547016704591304,0.6957377371541327,-5.848977071313509,5.951724504167128,No,31.313711826059773,S
2016.3333333333335,-0.1963436349281134,30.53910364181376,0.6162794953946324,-5.848977071313509,5.951724504167128,No,30.95903950228028,S
2016.4166666666667,-0.23246244801880198,30.531190579036217,0.3056390474833748,-5.848977071313509,5.951724504167128,No,30.60436717850079,S
2016.5,-0.3710865130013371,30.523277516258673,0.09750385146396567,-5.848977071313509,5.951724504167128,No,30.2496948547213,S
2016.5833333333335,-0.06177827035854998,30.515364453481126,1.5694920640091894,-5.848977071313509,5.951724504167128,No,32.023078247131764,S
2016.6666666666667,-0.07075699015590413,30.507451390703583,-5.152485875334147,-5.848977071313509,5.951724504167128,No,25.284208525213533,S
2016.75,0.27127043652874766,30.500798447946142,-0.43405129493474703,-5.848977071313509,5.951724504167128,No,30.338017589540144,S
2016.8333333333335,0.2427434312366585,30.494145505188705,4.654937717441385,-5.848977071313509,5.951724504167128,No,35.39182665386675,S
2016.9166666666667,0.23579947566954723,30.487492562431264,2.9842257329376167,-5.848977071313509,5.951724504167128,No,33.707517771038425,S
2017,0.029063895662067976,30.480839619673823,2.776460827699694,-5.848977071313509,5.951724504167128,No,33.286364343035586,S
2017.0833333333335,0.05587085949980628,30.474186676916386,2.335153378616557,-5.848977071313509,5.951724504167128,No,32.86521091503275,S
2017.1666666666667,0.026722372736285447,30.467533734158945,1.9498013801346836,-5.848977071313509,5.951724504167128,No,32.444057487029916,S
2017.25,0.07095738431433696,30.460880791401507,1.491065883311233,-5.848977071313509,5.951724504167128,No,32.02290405902708,S
2017.3333333333335,-0.1963436349281134,30.454227848644067,0.8462125563776333,-5.848977071313509,5.951724504167128,No,31.104096770093587,S
2017.4166666666667,-0.23246244801880198,30.447574905886626,-0.006401623954243263,-5.848977071313509,5.951724504167128,No,30.20871083391358,S
2017.5,-0.3710865130013371,30.44092196312919,0.7651228166159321,-5.848977071313509,5.951724504167128,No,30.834958266743783,S
2017.5833333333335,-0.06177827035854998,30.434269020371747,1.088714949560785,-5.848977071313509,5.951724504167128,No,31.461205699573984,S
2017.6666666666667,-0.07075699015590413,30.427616077614307,-3.9493929159200682,-5.848977071313509,5.951724504167128,No,26.407466171538335,S
2017.75,0.27127043652874766,30.42096313485687,-0.7750344942956353,-5.848977071313509,5.951724504167128,No,29.917199077089982,S
2017.8333333333335,0.2427434312366585,30.41431019209943,2.7136023711366875,-5.848977071313509,5.951724504167128,No,33.37065599447278,S
2017.9166666666667,0.23579947566954723,30.402598166955347,-1.9844161784369625,-5.848977071313509,5.951724504167128,No,28.653981464187932,S
2018,0.029063895662067976,30.390886141811265,-1.5912966530598034,-5.848977071313509,5.951724504167128,No,28.82865338441353,S
2018.0833333333335,0.05587085949980628,30.379174116667183,-1.4317196715278584,-5.848977071313509,5.951724504167128,No,29.00332530463913,S
2018.1666666666667,0.026722372736285447,30.3674620915231,-1.2161872393946602,-5.848977071313509,5.951724504167128,No,29.177997224864725,S
2018.25,0.07095738431433696,30.35575006637902,-1.0740383056030325,-5.848977071313509,5.951724504167128,No,29.352669145090324,S
2018.3333333333335,-0.1963436349281134,30.34403804123494,-0.6203533409909028,-5.848977071313509,5.951724504167128,No,29.527341065315923,S
2018.4166666666667,-0.23246244801880198,30.332326016090857,-0.39785058253053407,-5.848977071313509,5.951724504167128,No,29.702012985541522,S
2018.5,-0.3710865130013371,30.32061399094677,-0.0728425721783168,-5.848977071313509,5.951724504167128,No,29.876684905767117,S
2018.5833333333335,-0.06177827035854998,30.30890196580269,-0.1957668694514254,-5.848977071313509,5.951724504167128,No,30.051356825992716,S
2018.6666666666667,-0.07075699015590413,30.29718994065861,-4.042042843899196e-4,-5.848977071313509,5.951724504167128,No,30.226028746218315,S
2018.75,0.27127043652874766,30.285477915514527,-0.7237314263326162,-5.848977071313509,5.951724504167128,No,29.83301692571066,S
2018.8333333333335,0.2427434312366585,30.273765890370445,-1.0765042164040963,-5.848977071313509,5.951724504167128,No,29.440005105203007,S
2018.9166666666667,0.23579947566954723,30.262053865226363,-1.4508600562005611,-5.848977071313509,5.951724504167128,No,29.04699328469535,S
2019,0.029063895662067976,30.25034184008228,-1.625424271556657,-5.848977071313509,5.951724504167128,No,28.653981464187694,S
2019.0833333333335,0.05587085949980628,30.233451853304587,5.102503941062267,-5.848977071313509,5.951724504167128,No,35.39182665386666,S
2019.1666666666667,0.026722372736285447,30.21656186652689,0.09531093693579251,-5.848977071313509,5.951724504167128,No,30.338595176198968,S
2019.25,0.07095738431433696,30.199671879749197,0.6294530112753449,-5.848977071313509,5.951724504167128,No,30.900082275338878,S
2019.3333333333335,-0.1963436349281134,30.1827818929715,1.4751311164353993,-5.848977071313509,5.951724504167128,No,31.46156937447879,S
2019.4166666666667,-0.23246244801880198,30.165891906193806,2.0896270154436962,-5.848977071313509,5.951724504167128,No,32.0230564736187,S
2019.5,-0.3710865130013371,30.14900191941611,2.806628166343838,-5.848977071313509,5.951724504167128,No,32.58454357275861,S
2019.5833333333335,-0.06177827035854998,30.132111932638416,3.0756970096186578,-5.848977071313509,5.951724504167128,No,33.14603067189852,S
2019.6666666666667,-0.07075699015590413,30.11522194586072,3.663052815333618,-5.848977071313509,5.951724504167128,No,33.70751777103843,S
2019.75,0.27127043652874766,30.098331959083026,-0.031563423203888163,-5.848977071313509,5.951724504167128,No,30.338038972407887,S
2019.8333333333335,0.2427434312366585,30.08144197230533,-3.3556252297646516,-5.848977071313509,5.951724504167128,No,26.968560173777337,S
2019.9166666666667,0.23579947566954723,30.064551985527636,-6.701270086050393,-5.848977071313509,5.951724504167128,Yes,23.599081375146792,S
2020,0.029063895662067976,30.04766199874994,-1.0485070530999643,-5.848977071313509,5.951724504167128,No,29.028218841312047,S
2020.0833333333335,0.05587085949980628,30.030772011972246,0.813119406203267,-5.848977071313509,5.951724504167128,No,30.89976227767532,S
2020.1666666666667,0.026722372736285447,30.01388202519455,-4.756516213007082,-5.848977071313509,5.951724504167128,No,25.284088184923753,S
2020.25,0.07095738431433696,29.99756495495337,5.323304314599135,-5.848977071313509,5.951724504167128,No,35.39182665386684,S
2020.3333333333335,-0.1963436349281134,29.981247884712182,0.4411244964342451,-5.848977071313509,5.951724504167128,No,30.226028746218315,S
2020.4166666666667,-0.23246244801880198,29.964930814470996,-1.0784869022647037,-5.848977071313509,5.951724504167128,No,28.653981464187492,S
2020.5,-0.3710865130013371,29.948613744229814,0.5201315048475621,-5.848977071313509,5.951724504167128,No,30.09765873607604,S
2020.5833333333335,-0.06177827035854998,29.93229667398863,-1.3371415382417524,-5.848977071313509,5.951724504167128,No,28.53337686538833,S
2020.6666666666667,-0.07075699015590413,29.915979603747445,-2.8761276188909193,-5.848977071313509,5.951724504167128,No,26.969094994700622,S
2020.75,0.27127043652874766,29.89966253350626,-0.827983153159348,-5.848977071313509,5.951724504167128,No,29.34294981687566,S
2020.8333333333335,0.2427434312366585,29.883345463265076,1.590715744548966,-5.848977071313509,5.951724504167128,No,31.7168046390507,S
2020.9166666666667,0.23579947566954723,29.867028393023894,1.4390628160849417,-5.848977071313509,5.951724504167128,No,31.541890684778384,S
2021,0.029063895662067976,29.850711322782708,1.1382397648973672,-5.848977071313509,5.951724504167128,No,31.018014983342145,S
2021.0833333333335,0.05587085949980628,29.83439425254152,0.6038741698645822,-5.848977071313509,5.951724504167128,No,30.49413928190591,S
2021.1666666666667,0.026722372736285447,29.81807718230034,0.1254640254330468,-5.848977071313509,5.951724504167128,No,29.97026358046967,S
2021.25,0.07095738431433696,29.801760112059156,-0.4263296173400626,-5.848977071313509,5.951724504167128,No,29.44638787903343,S
2021.3333333333335,-0.1963436349281134,29.78544304181797,-2.2238012047663744,-5.848977071313509,5.951724504167128,No,27.365298202123483,S
2021.4166666666667,-0.23246244801880198,29.77049182541991,-4.253820852187577,-5.848977071313509,5.951724504167128,No,25.284208525213533,S
2021.5,-0.3710865130013371,29.755540609021846,-1.853912116474767,-5.848977071313509,5.951724504167128,No,27.530541979545742,S
2021.5833333333335,-0.06177827035854998,29.740589392623786,0.09806431161271689,-5.848977071313509,5.951724504167128,No,29.776875433877954,S
2021.6666666666667,-0.07075699015590413,29.725638176225726,2.368327702140345,-5.848977071313509,5.951724504167128,No,32.023208888210164,S
2021.75,0.27127043652874766,29.710686959827665,-0.5793799523752092,-5.848977071313509,5.951724504167128,No,29.402577443981205,S
2021.8333333333335,0.2427434312366585,29.6957357434296,-0.522553427884894,-5.848977071313509,5.951724504167128,No,29.415925746781365,S
2021.9166666666667,0.23579947566954723,29.68078452703154,-0.48730995311956704,-5.848977071313509,5.951724504167128,No,29.429274049581522,S
2022,0.029063895662067976,29.66583331063348,-0.2522748539138675,-5.848977071313509,5.951724504167128,No,29.442622352381683,S
2022.0833333333335,0.05587085949980628,29.650882094235417,-0.2507822985533821,-5.848977071313509,5.951724504167128,No,29.45597065518184,S
2022.1666666666667,0.026722372736285447,29.635930877837357,-0.19333429259163992,-5.848977071313509,5.951724504167128,No,29.469318957982,S
2022.25,0.07095738431433696,29.620979661439296,-0.2092697849714753,-5.848977071313509,5.951724504167128,No,29.482667260782158,S
2022.3333333333335,-0.1963436349281134,29.606028445041236,0.08633075346919483,-5.848977071313509,5.951724504167128,No,29.49601556358232,S
2022.4166666666667,-0.23246244801880198,29.591077228643172,-5.197824355455346,-5.848977071313509,5.951724504167128,No,24.160790425169026,S
2022.5,-0.3710865130013371,29.576126012245112,-0.3740494757656343,-5.848977071313509,5.951724504167128,No,28.83099002347814,S
2022.5833333333335,-0.06177827035854998,29.561907808895434,-1.1775908966473345,-5.848977071313509,5.951724504167128,No,28.32253864188955,S
2022.6666666666667,-0.07075699015590413,29.547689605545752,-1.6628453550888906,-5.848977071313509,5.951724504167128,No,27.81408726030096,S
2022.75,0.27127043652874766,29.533471402196074,-2.4991059600124537,-5.848977071313509,5.951724504167128,No,27.30563587871237,S
2022.8333333333335,0.2427434312366585,29.519253198846393,1.138136450119589,-5.848977071313509,5.951724504167128,No,30.90013308020264,S
2022.9166666666667,0.23579947566954723,29.505034995496715,2.282263570068256,-5.848977071313509,5.951724504167128,No,32.02309804123452,S
2023,0.029063895662067976,29.490816792147033,1.2398124929048144,-5.848977071313509,5.951724504167128,No,30.759693180713917,S
2023.0833333333335,0.05587085949980628,29.476598588797355,-0.03618112810384133,-5.848977071313509,5.951724504167128,No,29.49628832019332,S
2023.1666666666667,0.026722372736285447,29.462380385447677,0.9483589459157429,-5.848977071313509,5.951724504167128,No,30.437461704099704,S
2023.25,0.07095738431433696,29.448162182097995,0.6318791483974096,-5.848977071313509,5.951724504167128,No,30.15099871480974,S
2023.3333333333335,-0.1963436349281134,29.433943978748317,4.469917427218206,-5.848977071313509,5.951724504167128,No,33.70751777103841,S
2023.4166666666667,-0.23246244801880198,29.419725775398636,1.7127157297138247,-5.848977071313509,5.951724504167128,No,30.89997905709366,S
2023.5,-0.3710865130013371,29.405507572048958,6.357405594819038,-5.848977071313509,5.951724504167128,Yes,35.39182665386666,S
2023.5833333333335,-0.06177827035854998,29.391289368699276,4.3403829196431545,-5.848977071313509,5.951724504167128,No,33.66989401798388,S
2023.6666666666667,-0.07075699015590413,29.377071165349598,2.6416472069074004,-5.848977071313509,5.951724504167128,No,31.947961382101095,S
2023.75,0.27127043652874766,29.36342186320961,0.5913364464799571,-5.848977071313509,5.951724504167128,No,30.226028746218315,S
2023.8333333333335,0.2427434312366585,29.34977256106962,-1.781174311744973,-5.848977071313509,5.951724504167128,No,27.811341680561306,S
2023.9166666666667,0.23579947566954723,29.336123258929632,3.4137483723700086,-5.848977071313509,5.951724504167128,No,32.985671106969185,S
2024,0.029063895662067976,29.322473956789644,6.040288801415038,-5.848977071313509,5.951724504167128,Yes,35.39182665386675,S
2024.0833333333335,0.05587085949980628,29.308824654649655,0.9732017351007904,-5.848977071313509,5.951724504167128,No,30.33789724925025,S
2024.1666666666667,0.026722372736285447,29.295175352509666,-4.0379298806122,-5.848977071313509,5.951724504167128,No,25.28396784463375,S
2024.25,0.07095738431433696,29.281526050369678,0.9858690704087927,-5.848977071313509,5.951724504167128,No,30.338352505092807,S
2024.3333333333335,-0.1963436349281134,29.26787674822969,-1.5413133682130358,-5.848977071313509,5.951724504167128,No,27.53021974508854,S
2024.4166666666667,-0.23246244801880198,29.2542274460897,-4.299678012986625,-5.848977071313509,5.951724504167128,No,24.722086985084275,S
2024.5,-0.3710865130013371,29.240578143949712,-6.955537405868366,-5.848977071313509,5.951724504167128,Yes,21.91395422508001,S
2024.5833333333335,-0.06177827035854998,29.226928841809723,-3.8809420462376423,-5.848977071313509,5.951724504167128,No,25.284208525213533,S
2024.6666666666667,-0.07075699015590413,29.213279539669735,-2.485564793033827,-5.848977071313509,5.951724504167128,No,26.656957756480004,S
2024.75,0.27127043652874766,29.199630237529746,-1.4411936863120154,-5.848977071313509,5.951724504167128,No,28.02970698774648,S
2024.8333333333335,0.2427434312366585,29.185980935389757,-0.02626814761346452,-5.848977071313509,5.951724504167128,No,29.40245621901295,S
2024.9166666666667,0.23579947566954723,29.172461592065865,5.983565586131434,-5.848977071313509,5.951724504167128,Yes,35.39182665386684,S
2025,0.029063895662067976,29.158942248741972,-0.19742924574728704,-5.848977071313509,5.951724504167128,No,28.990576898656755,S
2025.0833333333335,0.05587085949980628,29.14542290541808,-2.2321987702172628,-5.848977071313509,5.951724504167128,No,26.969094994700622,S
2025.1666666666667,0.026722372736285447,29.131903562094184,1.420403715789643,-5.848977071313509,5.951724504167128,No,30.57902965062011,S
2025.25,0.07095738431433696,29.11838421877029,0.4269821165786176,-5.848977071313509,5.951724504167128,No,29.616323719663246,S
2025.3333333333335,-0.1963436349281134,29.1048648754464,-0.25490345181190577,-5.848977071313509,5.951724504167128,No,28.65361778870638,S
2025.4166666666667,-0.23246244801880198,29.091345532122507,0.03528989903816182,-5.848977071313509,5.951724504167128,No,28.894172983141868,S
2025.5,-0.3710865130013371,29.077826188798614,0.7895486443960209,-5.848977071313509,5.951724504167128,No,29.496288320193297,S
2025.5833333333335,-0.06177827035854998,29.06430684547472,1.3358239299766268,-5.848977071313509,5.951724504167128,No,30.3383525050928,S
2025.6666666666667,-0.07075699015590413,29.050787502150826,-4.819240086825896,-5.848977071313509,5.951724504167128,No,24.160790425169026,S
2025.75,0.27127043652874766,29.037268158826933,1.9370205156428746,-5.848977071313509,5.951724504167128,No,31.245559110998556,S
2025.8333333333335,0.2427434312366585,29.02374881550304,6.125334407127141,-5.848977071313509,5.951724504167128,Yes,35.39182665386684,S
2025.9166666666667,0.23579947566954723,29.010229472179148,6.145797706018151,-5.848977071313509,5.951724504167128,Yes,35.39182665386684,S
