x,seasonal,trend,remainder,remainder_l1,remainder_l2,anomaly,observed,Zone
1981.6666666666667,0.08627014781436138,1.3110169047876776,-0.17608181807445122,-0.9811313106262008,1.012379829042528,No,1.221205234527588,NW
1981.75,0.0282650332135772,1.3154762126903758,-0.12253601137636516,-0.9811313106262008,1.012379829042528,No,1.221205234527588,NW
1981.8333333333335,0.009344120450342362,1.319935520593074,-0.10807440651582856,-0.9811313106262008,1.012379829042528,No,1.221205234527588,NW
1981.9166666666667,-0.110873571556773,1.3243948284957723,0.007683977588588631,-0.9811313106262008,1.012379829042528,No,1.221205234527588,NW
1982,-0.153567926216969,1.3288541363984705,0.0459190243460863,-0.9811313106262008,1.012379829042528,No,1.221205234527588,NW
1982.0833333333335,-0.14142958240084783,1.3333134443011687,0.029321372627266973,-0.9811313106262008,1.012379829042528,No,1.221205234527588,NW
1982.1666666666667,-0.0923575279116856,1.337772752203867,-0.05148960516681522,-0.9811313106262008,1.012379829042528,No,1.1939256191253662,NW
1982.25,0.041889068009216074,1.3422320601065652,-0.21747512439263672,-0.9811313106262008,1.012379829042528,No,1.1666460037231445,NW
1982.3333333333335,0.09243571525189714,1.3466913680092636,-0.2997606949402378,-0.9811313106262008,1.012379829042528,No,1.1393663883209229,NW
1982.4166666666667,0.10175386248178307,1.3511506759119618,-0.3408177654750437,-0.9811313106262008,1.012379829042528,No,1.1120867729187012,NW
1982.5,0.02813382627372609,1.35560998381466,-0.2989366525719066,-0.9811313106262008,1.012379829042528,No,1.0848071575164795,NW
1982.5833333333335,0.1101368372474084,1.3600692917173582,-0.35635938983156756,-0.9811313106262008,1.012379829042528,No,1.113846739133199,NW
1982.6666666666667,0.08627014781436138,1.3645285996200565,-0.30791242668449903,-0.9811313106262008,1.012379829042528,No,1.142886320749919,NW
1982.75,0.0282650332135772,1.3689879075227547,-0.2253270383696937,-0.9811313106262008,1.012379829042528,No,1.1719259023666382,NW
1982.8333333333335,0.009344120450342362,1.373447215425453,-0.18182585189243738,-0.9811313106262008,1.012379829042528,No,1.200965483983358,NW
1982.9166666666667,-0.110873571556773,1.3773400648173175,-0.036461427660467116,-0.9811313106262008,1.012379829042528,No,1.2300050656000774,NW
1983,-0.153567926216969,1.3812329142091824,0.03137965922458341,-0.9811313106262008,1.012379829042528,No,1.2590446472167969,NW
1983.0833333333335,-0.14142958240084783,1.385125763601047,0.044388047633317385,-0.9811313106262008,1.012379829042528,No,1.2880842288335166,NW
1983.1666666666667,-0.0923575279116856,1.3890186129929116,0.02046272536900995,-0.9811313106262008,1.012379829042528,No,1.317123810450236,NW
1983.25,0.041889068009216074,1.3929114623847765,-0.08863713832703679,-0.9811313106262008,1.012379829042528,No,1.3461633920669558,NW
1983.3333333333335,0.09243571525189714,1.396804311776641,-0.11403705334486292,-0.9811313106262008,1.012379829042528,No,1.3752029736836753,NW
1983.4166666666667,0.10175386248178307,1.400697161168506,-0.09820846834989405,-0.9811313106262008,1.012379829042528,No,1.404242555300395,NW
1983.5,0.02813382627372609,1.4045900105603706,5.583000830178264e-4,-0.9811313106262008,1.012379829042528,No,1.4332821369171145,NW
1983.5833333333335,0.1101368372474084,1.4084828599522352,-0.1868004013164648,-0.9811313106262008,1.012379829042528,No,1.3318192958831787,NW
1983.6666666666667,0.08627014781436138,1.4123757093441,-0.05123829363103627,-0.9811313106262008,1.012379829042528,No,1.4474075635274253,NW
1983.75,0.0282650332135772,1.4162685587359647,0.11846223922212973,-0.9811313106262008,1.012379829042528,No,1.5629958311716716,NW
1983.8333333333335,0.009344120450342362,1.4201614081278293,0.24907857023774627,-0.9811313106262008,1.012379829042528,No,1.678584098815918,NW
1983.9166666666667,-0.110873571556773,1.4240542575196942,0.036171077762359616,-0.9811313106262008,1.012379829042528,No,1.3493517637252808,NW
1984,-0.153567926216969,1.4279471069115588,0.11203814010183177,-0.9811313106262008,1.012379829042528,No,1.3864173207964217,NW
1984.0833333333335,-0.14142958240084783,1.431470070319406,0.13344238994900404,-0.9811313106262008,1.012379829042528,No,1.4234828778675623,NW
1984.1666666666667,-0.0923575279116856,1.4349930337272534,0.11791292912313533,-0.9811313106262008,1.012379829042528,No,1.4605484349387032,NW
1984.25,0.041889068009216074,1.438515997135101,0.017208926865527108,-0.9811313106262008,1.012379829042528,No,1.4976139920098441,NW
1984.3333333333335,0.09243571525189714,1.4420389605429482,2.0487328613971734e-4,-0.9811313106262008,1.012379829042528,No,1.534679549080985,NW
1984.4166666666667,0.10175386248178307,1.4455619239507955,0.024429319719547093,-0.9811313106262008,1.012379829042528,No,1.5717451061521257,NW
1984.5,0.02813382627372609,1.4490848873586428,0.1315919495908977,-0.9811313106262008,1.012379829042528,No,1.6088106632232666,NW
1984.5833333333335,0.1101368372474084,1.4526078507664903,0.05163426099249979,-0.9811313106262008,1.012379829042528,No,1.6143789490063984,NW
1984.6666666666667,0.08627014781436138,1.4561308141743377,0.0775462728008316,-0.9811313106262008,1.012379829042528,No,1.6199472347895307,NW
1984.75,0.0282650332135772,1.459653777582185,0.1375967097769002,-0.9811313106262008,1.012379829042528,No,1.6255155205726624,NW
1984.8333333333335,0.009344120450342362,1.4631767409900323,0.15856294491541956,-0.9811313106262008,1.012379829042528,No,1.6310838063557942,NW
1984.9166666666667,-0.110873571556773,1.4666997043978796,0.2808259592978197,-0.9811313106262008,1.012379829042528,No,1.6366520921389263,NW
1985,-0.153567926216969,1.470222667805727,0.32556563633329993,-0.9811313106262008,1.012379829042528,No,1.642220377922058,NW
1985.0833333333335,-0.14142958240084783,1.4737456312135744,0.31547261489246337,-0.9811313106262008,1.012379829042528,No,1.64778866370519,NW
1985.1666666666667,-0.0923575279116856,1.4772685946214217,0.26844588277858583,-0.9811313106262008,1.012379829042528,No,1.653356949488322,NW
1985.25,0.041889068009216074,1.4807593955678253,0.13627677169441244,-0.9811313106262008,1.012379829042528,No,1.6589252352714539,NW
1985.3333333333335,0.09243571525189714,1.484250196514229,0.08780760928845965,-0.9811313106262008,1.012379829042528,No,1.6644935210545857,NW
1985.4166666666667,0.10175386248178307,1.4877409974606324,0.0805669468953023,-0.9811313106262008,1.012379829042528,No,1.6700618068377178,NW
1985.5,0.02813382627372609,1.491231798407036,0.15626446794008753,-0.9811313106262008,1.012379829042528,No,1.6756300926208496,NW
1985.5833333333335,0.1101368372474084,1.4947225993534397,0.08357964309253751,-0.9811313106262008,1.012379829042528,No,1.6884390796933855,NW
1985.6666666666667,0.08627014781436138,1.4982134002998433,0.11676451865171655,-0.9811313106262008,1.012379829042528,No,1.7012480667659213,NW
1985.75,0.0282650332135772,1.5017042012462467,0.1840878193786335,-0.9811313106262008,1.012379829042528,No,1.7140570538384574,NW
1985.8333333333335,0.009344120450342362,1.5051950021926503,0.21232691826800054,-0.9811313106262008,1.012379829042528,No,1.7268660409109933,NW
1985.9166666666667,-0.110873571556773,1.508685803139054,0.34186279640124817,-0.9811313106262008,1.012379829042528,No,1.7396750279835291,NW
1986,-0.153567926216969,1.5121766040854576,0.3938753371875763,-0.9811313106262008,1.012379829042528,No,1.752484015056065,NW
1986.0833333333335,-0.14142958240084783,1.5156674050318613,0.3910551794975876,-0.9811313106262008,1.012379829042528,No,1.765293002128601,NW
1986.1666666666667,-0.0923575279116856,1.5191582059782647,0.35130131113455776,-0.9811313106262008,1.012379829042528,No,1.778101989201137,NW
1986.25,0.041889068009216074,1.5226490069246683,0.22637290133978838,-0.9811313106262008,1.012379829042528,No,1.7909109762736728,NW
1986.3333333333335,0.09243571525189714,1.526139807871072,0.18514444022323961,-0.9811313106262008,1.012379829042528,No,1.8037199633462087,NW
1986.4166666666667,0.10175386248178307,1.5289383378404098,0.18583675009655165,-0.9811313106262008,1.012379829042528,No,1.8165289504187445,NW
1986.5,0.02813382627372609,1.5317368678097478,0.2694672434078067,-0.9811313106262008,1.012379829042528,No,1.8293379374912806,NW
1986.5833333333335,0.1101368372474084,1.5345353977790857,0.1974746895373225,-0.9811313106262008,1.012379829042528,No,1.8421469245638165,NW
1986.6666666666667,0.08627014781436138,1.5373339277484235,0.23135183607356757,-0.9811313106262008,1.012379829042528,No,1.8549559116363525,NW
1986.75,0.0282650332135772,1.5401324577177613,-0.04291471715051576,-0.9811313106262008,1.012379829042528,No,1.5254827737808228,NW
1986.8333333333335,0.009344120450342362,1.5429309876870994,-0.07392098788292523,-0.9811313106262008,1.012379829042528,No,1.4783541202545165,NW
1986.9166666666667,-0.110873571556773,1.5457295176564372,-0.0036304793714536654,-0.9811313106262008,1.012379829042528,No,1.4312254667282105,NW
1987,-0.153567926216969,1.548528047625775,-0.010863308206901845,-0.9811313106262008,1.012379829042528,No,1.3840968132019043,NW
1987.0833333333335,-0.14142958240084783,1.551326577595113,-0.07292883551866702,-0.9811313106262008,1.012379829042528,No,1.3369681596755982,NW
1987.1666666666667,-0.0923575279116856,1.5541251075644509,-0.1719280735034734,-0.9811313106262008,1.012379829042528,No,1.289839506149292,NW
1987.25,0.041889068009216074,1.5569236375337887,-0.22610919303334098,-0.9811313106262008,1.012379829042528,No,1.3727035125096638,NW
1987.3333333333335,0.09243571525189714,1.5597221675031265,-0.19659036388498774,-0.9811313106262008,1.012379829042528,No,1.4555675188700359,NW
1987.4166666666667,0.10175386248178307,1.5625206974724646,-0.12584303472383995,-0.9811313106262008,1.012379829042528,No,1.5384315252304077,NW
1987.5,0.02813382627372609,1.5653192274418024,0.02784247787525107,-0.9811313106262008,1.012379829042528,No,1.6212955315907795,NW
1987.5833333333335,0.1101368372474084,1.5653375152730216,0.028685185430721738,-0.9811313106262008,1.012379829042528,No,1.7041595379511516,NW
1987.6666666666667,0.08627014781436138,1.565355803104241,0.135397593392921,-0.9811313106262008,1.012379829042528,No,1.7870235443115234,NW
1987.75,0.0282650332135772,1.5653740909354603,0.0332563035548199,-0.9811313106262008,1.012379829042528,No,1.6268954277038574,NW
1987.8333333333335,0.009344120450342362,1.5653923787666795,-0.049768566515911106,-0.9811313106262008,1.012379829042528,No,1.5249679327011108,NW
1987.9166666666667,-0.110873571556773,1.5654106665978986,-0.031496657342761525,-0.9811313106262008,1.012379829042528,No,1.423040437698364,NW
1988,-0.153567926216969,1.565428954429118,-0.09074808551653146,-0.9811313106262008,1.012379829042528,No,1.3211129426956176,NW
1988.0833333333335,-0.14142958240084783,1.5654472422603374,-0.20483221216661862,-0.9811313106262008,1.012379829042528,No,1.219185447692871,NW
1988.1666666666667,-0.0923575279116856,1.5654655300915565,-0.35585004948974674,-0.9811313106262008,1.012379829042528,No,1.1172579526901243,NW
1988.25,0.041889068009216074,1.5654838179227757,-0.17145924368447396,-0.9811313106262008,1.012379829042528,No,1.4359136422475178,NW
1988.3333333333335,0.09243571525189714,1.565502105753995,0.096631510799019,-0.9811313106262008,1.012379829042528,No,1.7545693318049111,NW
1988.4166666666667,0.10175386248178307,1.5655203935852144,0.40595076529530716,-0.9811313106262008,1.012379829042528,No,2.0732250213623047,NW
1988.5,0.02813382627372609,1.5655386814164336,0.04614449174526514,-0.9811313106262008,1.012379829042528,No,1.6398169994354248,NW
1988.5833333333335,0.1101368372474084,1.5655569692476528,-0.05950039276062502,-0.9811313106262008,1.012379829042528,No,1.616193413734436,NW
1988.6666666666667,0.08627014781436138,1.5655752570788721,-0.05927557685978635,-0.9811313106262008,1.012379829042528,No,1.5925698280334473,NW
1988.75,0.0282650332135772,1.563485775873415,-0.022804566754534017,-0.9811313106262008,1.012379829042528,No,1.5689462423324583,NW
1988.8333333333335,0.009344120450342362,1.561396294667958,-0.02541775848683092,-0.9811313106262008,1.012379829042528,No,1.5453226566314695,NW
1988.9166666666667,-0.110873571556773,1.5593068134625008,-0.18849094873861327,-0.9811313106262008,1.012379829042528,No,1.2599422931671145,NW
1989,-0.153567926216969,1.5572173322570437,-0.4529012604597831,-0.9811313106262008,1.012379829042528,No,0.9507481455802916,NW
1989.0833333333335,-0.14142958240084783,1.5551278510515867,-0.3861474521147892,-0.9811313106262008,1.012379829042528,No,1.0275508165359497,NW
1989.1666666666667,-0.0923575279116856,1.5530383698461296,-0.4241465325472371,-0.9811313106262008,1.012379829042528,No,1.036534309387207,NW
1989.25,0.041889068009216074,1.5509488886406724,-0.17891350100718828,-0.9811313106262008,1.012379829042528,No,1.4139244556427002,NW
1989.3333333333335,0.09243571525189714,1.5488594074352153,0.15001947921108094,-0.9811313106262008,1.012379829042528,No,1.7913146018981934,NW
1989.4166666666667,0.10175386248178307,1.5467699262297583,0.09062208626557045,-0.9811313106262008,1.012379829042528,No,1.7391458749771118,NW
1989.5,0.02813382627372609,1.5446804450243012,-0.17790798887310055,-0.9811313106262008,1.012379829042528,No,1.3949062824249268,NW
1989.5833333333335,0.1101368372474084,1.5425909638188442,0.131103795308259,-0.9811313106262008,1.012379829042528,No,1.7838315963745115,NW
1989.6666666666667,0.08627014781436138,1.540501482613387,0.17967730603465393,-0.9811313106262008,1.012379829042528,No,1.8064489364624023,NW
1989.75,0.0282650332135772,1.5384120014079299,0.2623892419287859,-0.9811313106262008,1.012379829042528,No,1.829066276550293,NW
1989.8333333333335,0.009344120450342362,1.5363225202024728,-0.027622526539961223,-0.9811313106262008,1.012379829042528,No,1.518044114112854,NW
1989.9166666666667,-0.110873571556773,1.5338460875773892,-0.09028025051005706,-0.9811313106262008,1.012379829042528,No,1.332692265510559,NW
1990,-0.153567926216969,1.5313696549523053,-0.26427085448301724,-0.9811313106262008,1.012379829042528,No,1.1135308742523191,NW
1990.0833333333335,-0.14142958240084783,1.5288932223272216,-0.17809564943259937,-0.9811313106262008,1.012379829042528,No,1.2093679904937744,NW
1990.1666666666667,-0.0923575279116856,1.526416789702138,-0.277985572329698,-0.9811313106262008,1.012379829042528,No,1.1560736894607544,NW
1990.25,0.041889068009216074,1.5239403570770542,-0.1514411857025728,-0.9811313106262008,1.012379829042528,No,1.4143882393836975,NW
1990.3333333333335,0.09243571525189714,1.5214639244519703,0.05880314960277322,-0.9811313106262008,1.012379829042528,No,1.6727027893066406,NW
1990.4166666666667,0.10175386248178307,1.5189874918268866,0.06439544073527537,-0.9811313106262008,1.012379829042528,No,1.685136795043945,NW
1990.5,0.02813382627372609,1.516511059201803,0.1436235376049153,-0.9811313106262008,1.012379829042528,No,1.6882684230804443,NW
1990.5833333333335,0.1101368372474084,1.514034626576719,0.03575125517764266,-0.9811313106262008,1.012379829042528,No,1.65992271900177,NW
1990.6666666666667,0.08627014781436138,1.5115581939516354,0.06877460753540521,-0.9811313106262008,1.012379829042528,No,1.666602949301402,NW
1990.75,0.0282650332135772,1.5090817613265517,0.13593638506090455,-0.9811313106262008,1.012379829042528,No,1.6732831796010335,NW
1990.8333333333335,0.009344120450342362,1.506605328701468,0.16401396074885488,-0.9811313106262008,1.012379829042528,No,1.6799634099006653,NW
1990.9166666666667,-0.110873571556773,1.5041288960763841,0.293388315680686,-0.9811313106262008,1.012379829042528,No,1.6866436402002971,NW
1991,-0.153567926216969,1.5016524634513004,0.3452393332655972,-0.9811313106262008,1.012379829042528,No,1.6933238704999287,NW
1991.0833333333335,-0.14142958240084783,1.4999831438806264,0.341450539319782,-0.9811313106262008,1.012379829042528,No,1.7000041007995605,NW
1991.1666666666667,-0.0923575279116856,1.498313824309952,0.3007280347009258,-0.9811313106262008,1.012379829042528,No,1.7066843310991924,NW
1991.25,0.041889068009216074,1.4966445047392778,0.1748309886503301,-0.9811313106262008,1.012379829042528,No,1.713364561398824,NW
1991.3333333333335,0.09243571525189714,1.4949751851686037,0.132633891277955,-0.9811313106262008,1.012379829042528,No,1.7200447916984558,NW
1991.4166666666667,0.10175386248178307,1.4933058655979297,0.1316652939183749,-0.9811313106262008,1.012379829042528,No,1.7267250219980876,NW
1991.5,0.02813382627372609,1.4916365460272554,0.2136348799967378,-0.9811313106262008,1.012379829042528,No,1.7334052522977192,NW
1991.5833333333335,0.1101368372474084,1.489967226456581,0.1399814188933617,-0.9811313106262008,1.012379829042528,No,1.740085482597351,NW
1991.6666666666667,0.08627014781436138,1.488297906885907,0.44020745990239263,-0.9811313106262008,1.012379829042528,No,2.014775514602661,NW
1991.75,0.0282650332135772,1.486628587315233,0.43356940919239384,-0.9811313106262008,1.012379829042528,No,1.948463029721204,NW
1991.8333333333335,0.009344120450342362,1.4849592677445587,0.3878471566448458,-0.9811313106262008,1.012379829042528,No,1.8821505448397469,NW
1991.9166666666667,-0.110873571556773,1.4832899481738844,0.4434216833411784,-0.9811313106262008,1.012379829042528,No,1.8158380599582897,NW
1992,-0.153567926216969,1.4816206286032103,0.4214728726905912,-0.9811313106262008,1.012379829042528,No,1.7495255750768326,NW
1992.0833333333335,-0.14142958240084783,1.4799513090325362,0.3446913635636868,-0.9811313106262008,1.012379829042528,No,1.6832130901953752,NW
1992.1666666666667,-0.0923575279116856,1.478281989461862,0.23097614376374165,-0.9811313106262008,1.012379829042528,No,1.616900605313918,NW
1992.25,0.041889068009216074,1.4768225720338328,0.03187648038941204,-0.9811313106262008,1.012379829042528,No,1.550588120432461,NW
1992.3333333333335,0.09243571525189714,1.4753631546058035,-0.08352323430669673,-0.9811313106262008,1.012379829042528,No,1.4842756355510038,NW
1992.4166666666667,0.10175386248178307,1.4739037371777743,-0.15769444899001073,-0.9811313106262008,1.012379829042528,No,1.4179631506695467,NW
1992.5,0.02813382627372609,1.4724443197497452,-0.14892748023538172,-0.9811313106262008,1.012379829042528,No,1.3516506657880896,NW
1992.5833333333335,0.1101368372474084,1.4709849023217159,-0.29578355866249173,-0.9811313106262008,1.012379829042528,No,1.2853381809066324,NW
1992.6666666666667,0.08627014781436138,1.4695254848936867,-0.33676993668287314,-0.9811313106262008,1.012379829042528,No,1.219025696025175,NW
1992.75,0.0282650332135772,1.4680660674656574,-0.3436178895355164,-0.9811313106262008,1.012379829042528,No,1.1527132111437182,NW
1992.8333333333335,0.009344120450342362,1.4666066500376282,-0.3895500442257096,-0.9811313106262008,1.012379829042528,No,1.086400726262261,NW
1992.9166666666667,-0.110873571556773,1.4651472326095991,-0.3341854196720224,-0.9811313106262008,1.012379829042528,No,1.0200882413808037,NW
1993,-0.153567926216969,1.4636878151815698,-0.3563441324652543,-0.9811313106262008,1.012379829042528,No,0.9537757564993464,NW
1993.0833333333335,-0.14142958240084783,1.4622283977535406,-0.43333554373480343,-0.9811313106262008,1.012379829042528,No,0.8874632716178894,NW
1993.1666666666667,-0.0923575279116856,1.4607689803255115,-0.3378407814514923,-0.9811313106262008,1.012379829042528,No,1.0305706709623337,NW
1993.25,0.041889068009216074,1.4593095628974821,-0.3275205605999203,-0.9811313106262008,1.012379829042528,No,1.173678070306778,NW
1993.3333333333335,0.09243571525189714,1.457850145469453,-0.23350039107012788,-0.9811313106262008,1.012379829042528,No,1.3167854696512222,NW
1993.4166666666667,0.10175386248178307,1.4557643374479974,-0.09762533093411396,-0.9811313106262008,1.012379829042528,No,1.4598928689956665,NW
1993.5,0.02813382627372609,1.4536785294265415,-0.01406510450753884,-0.9811313106262008,1.012379829042528,No,1.4677472511927288,NW
1993.5833333333335,0.1101368372474084,1.4515927214050857,-0.08612792526270319,-0.9811313106262008,1.012379829042528,No,1.4756016333897908,NW
1993.6666666666667,0.08627014781436138,1.44950691338363,-0.052321045611138484,-0.9811313106262008,1.012379829042528,No,1.483456015586853,NW
1993.75,0.0282650332135772,1.4474211053621744,0.015624259208163682,-0.9811313106262008,1.012379829042528,No,1.4913103977839153,NW
1993.8333333333335,0.009344120450342362,1.4453352973407185,0.04448536218991639,-0.9811313106262008,1.012379829042528,No,1.4991647799809773,NW
1993.9166666666667,-0.110873571556773,1.4432494893192627,0.1746432444155499,-0.9811313106262008,1.012379829042528,No,1.5070191621780396,NW
1994,-0.153567926216969,1.441163681297807,0.22727778929426368,-0.9811313106262008,1.012379829042528,No,1.5148735443751018,NW
1994.0833333333335,-0.14142958240084783,1.4390778732763514,0.22507963569666023,-0.9811313106262008,1.012379829042528,No,1.5227279265721638,NW
1994.1666666666667,-0.0923575279116856,1.4369920652548955,0.18594777142601604,-0.9811313106262008,1.012379829042528,No,1.530582308769226,NW
1994.25,0.041889068009216074,1.4349062572334397,0.061641365723632546,-0.9811313106262008,1.012379829042528,No,1.5384366909662883,NW
1994.3333333333335,0.09243571525189714,1.432820449211984,0.021034908699469224,-0.9811313106262008,1.012379829042528,No,1.5462910731633503,NW
1994.4166666666667,0.10175386248178307,1.4307346411905284,0.02165695168810111,-0.9811313106262008,1.012379829042528,No,1.5541454553604126,NW
1994.5,0.02813382627372609,1.4286488331690725,-0.5016017164305611,-0.9811313106262008,1.012379829042528,No,0.9551809430122375,NW
1994.5833333333335,0.1101368372474084,1.4276364215340256,-0.5067956281661997,-0.9811313106262008,1.012379829042528,No,1.0309776306152343,NW
1994.6666666666667,0.08627014781436138,1.4266240098989784,-0.40611983949510844,-0.9811313106262008,1.012379829042528,No,1.1067743182182315,NW
1994.75,0.0282650332135772,1.4256115982639315,-0.2713056256562807,-0.9811313106262008,1.012379829042528,No,1.182571005821228,NW
1994.8333333333335,0.009344120450342362,1.4245991866288845,-0.17557561365500196,-0.9811313106262008,1.012379829042528,No,1.258367693424225,NW
1994.9166666666667,-0.110873571556773,1.4235867749938376,0.021451177590157133,-0.9811313106262008,1.012379829042528,No,1.3341643810272217,NW
1995,-0.153567926216969,1.4225743633587904,-0.0772051275562502,-0.9811313106262008,1.012379829042528,No,1.1918013095855713,NW
1995.0833333333335,-0.14142958240084783,1.4215619517237434,-0.10098125152122939,-0.9811313106262008,1.012379829042528,No,1.1791511178016663,NW
1995.1666666666667,-0.0923575279116856,1.4205495400886965,-0.16169108615924976,-0.9811313106262008,1.012379829042528,No,1.1665009260177612,NW
1995.25,0.041889068009216074,1.4195371284536493,-0.15158438480591352,-0.9811313106262008,1.012379829042528,No,1.309841811656952,NW
1995.3333333333335,0.09243571525189714,1.4185247168186024,-0.05777773477435688,-0.9811313106262008,1.012379829042528,No,1.4531826972961426,NW
1995.4166666666667,0.10175386248178307,1.4175123051835554,0.07725741526999474,-0.9811313106262008,1.012379829042528,No,1.5965235829353333,NW
1995.5,0.02813382627372609,1.4164998935485085,0.2952307487522894,-0.9811313106262008,1.012379829042528,No,1.739864468574524,NW
1995.5833333333335,0.1101368372474084,1.4154874819134613,0.140886858855793,-0.9811313106262008,1.012379829042528,No,1.6665111780166626,NW
1995.6666666666667,0.08627014781436138,1.4144750702784143,-0.17193929463086177,-0.9811313106262008,1.012379829042528,No,1.328805923461914,NW
1995.75,0.0282650332135772,1.4165854755473213,-0.017505888533084768,-0.9811313106262008,1.012379829042528,No,1.4273446202278137,NW
1995.8333333333335,0.009344120450342362,1.4186958808162282,0.09784331572714278,-0.9811313106262008,1.012379829042528,No,1.5258833169937134,NW
1995.9166666666667,-0.110873571556773,1.4208062860851352,-0.13911045176438508,-0.9811313106262008,1.012379829042528,No,1.170822262763977,NW
1996,-0.153567926216969,1.4229166913540423,-0.08626487326848209,-0.9811313106262008,1.012379829042528,No,1.1830838918685913,NW
1996.0833333333335,-0.14142958240084783,1.4250270966229492,-0.16323356349273155,-0.9811313106262008,1.012379829042528,No,1.12036395072937,NW
1996.1666666666667,-0.0923575279116856,1.4271375018918562,0.11054289722802002,-0.9811313106262008,1.012379829042528,No,1.4453228712081907,NW
1996.25,0.041889068009216074,1.429247907160763,0.2991448165170323,-0.9811313106262008,1.012379829042528,No,1.7702817916870115,NW
1996.3333333333335,0.09243571525189714,1.43135831242967,0.17733637440659789,-0.9811313106262008,1.012379829042528,No,1.701130402088165,NW
1996.4166666666667,0.10175386248178307,1.433468717698577,0.0967564323089587,-0.9811313106262008,1.012379829042528,No,1.6319790124893188,NW
1996.5,0.02813382627372609,1.435579122967484,0.0991146736492623,-0.9811313106262008,1.012379829042528,No,1.5628276228904723,NW
1996.5833333333335,0.1101368372474084,1.437689528236391,-0.05415013219217357,-0.9811313106262008,1.012379829042528,No,1.4936762332916258,NW
1996.6666666666667,0.08627014781436138,1.439799933505298,-0.10154523762687995,-0.9811313106262008,1.012379829042528,No,1.4245248436927795,NW
1996.75,0.0282650332135772,1.441910338774205,-0.11480191789384908,-0.9811313106262008,1.012379829042528,No,1.355373454093933,NW
1996.8333333333335,0.009344120450342362,1.4440207440431119,-0.16714279999836767,-0.9811313106262008,1.012379829042528,No,1.2862220644950866,NW
1996.9166666666667,-0.110873571556773,1.446605981802362,-0.11866173534934887,-0.9811313106262008,1.012379829042528,No,1.21707067489624,NW
1997,-0.153567926216969,1.4491912195616121,-0.14770400804724937,-0.9811313106262008,1.012379829042528,No,1.1479192852973938,NW
1997.0833333333335,-0.14142958240084783,1.4517764573208622,-0.23157897922146709,-0.9811313106262008,1.012379829042528,No,1.0787678956985474,NW
1997.1666666666667,-0.0923575279116856,1.4543616950801124,0.2519361909934996,-0.9811313106262008,1.012379829042528,No,1.6139403581619265,NW
1997.25,0.041889068009216074,1.4569469328393625,0.44408241898937306,-0.9811313106262008,1.012379829042528,No,1.9429184198379517,NW
1997.3333333333335,0.09243571525189714,1.4595321705986126,0.17997238361970513,-0.9811313106262008,1.012379829042528,No,1.7319402694702148,NW
1997.4166666666667,0.10175386248178307,1.4621174083578627,-0.06289220494456527,-0.9811313106262008,1.012379829042528,No,1.5009790658950806,NW
1997.5,0.02813382627372609,1.4647026461171129,0.04862630665426604,-0.9811313106262008,1.012379829042528,No,1.541462779045105,NW
1997.5833333333335,0.1101368372474084,1.467287883876363,0.004521771071358094,-0.9811313106262008,1.012379829042528,No,1.5819464921951294,NW
1997.6666666666667,0.08627014781436138,1.4698731216356131,-0.1491455887859121,-0.9811313106262008,1.012379829042528,No,1.4069976806640625,NW
1997.75,0.0282650332135772,1.4724583593948632,0.0717409542772407,-0.9811313106262008,1.012379829042528,No,1.5724643468856812,NW
1997.8333333333335,0.009344120450342362,1.4750435971541134,0.009132184624853323,-0.9811313106262008,1.012379829042528,No,1.493519902229309,NW
1997.9166666666667,-0.110873571556773,1.4776288349133635,-0.15190400317134878,-0.9811313106262008,1.012379829042528,No,1.2148512601852417,NW
1998,-0.153567926216969,1.4802140726726136,-0.2747755619677297,-0.9811313106262008,1.012379829042528,No,1.051870584487915,NW
1998.0833333333335,-0.14142958240084783,1.4812669448344522,-0.1982839604865827,-0.9811313106262008,1.012379829042528,No,1.1415534019470217,NW
1998.1666666666667,-0.0923575279116856,1.482319816996291,-0.06966993545453959,-0.9811313106262008,1.012379829042528,No,1.320292353630066,NW
1998.25,0.041889068009216074,1.4833726891581298,-0.34977781513548556,-0.9811313106262008,1.012379829042528,No,1.1754839420318604,NW
1998.3333333333335,0.09243571525189714,1.4844255613199684,-0.36119069945449045,-0.9811313106262008,1.012379829042528,No,1.215670577117375,NW
1998.4166666666667,0.10175386248178307,1.485478433481807,-0.3313750837607006,-0.9811313106262008,1.012379829042528,No,1.2558572122028895,NW
1998.5,0.02813382627372609,1.4865313056436458,-0.21862128462896768,-0.9811313106262008,1.012379829042528,No,1.2960438472884042,NW
1998.5833333333335,0.1101368372474084,1.4875841778054846,-0.26149053267897404,-0.9811313106262008,1.012379829042528,No,1.3362304823739188,NW
1998.6666666666667,0.08627014781436138,1.4886370499673232,-0.1984900803222509,-0.9811313106262008,1.012379829042528,No,1.3764171174594337,NW
1998.75,0.0282650332135772,1.4896899221291617,-0.10135120279779097,-0.9811313106262008,1.012379829042528,No,1.416603752544948,NW
1998.8333333333335,0.009344120450342362,1.4907427942910005,-0.04329652711088028,-0.9811313106262008,1.012379829042528,No,1.4567903876304626,NW
1998.9166666666667,-0.110873571556773,1.4917956664528393,0.116054927819911,-0.9811313106262008,1.012379829042528,No,1.4969770227159773,NW
1999,-0.153567926216969,1.492848538614678,0.197883045403783,-0.9811313106262008,1.012379829042528,No,1.537163657801492,NW
1999.0833333333335,-0.14142958240084783,1.4939014107765165,0.22487846451133775,-0.9811313106262008,1.012379829042528,No,1.5773502928870065,NW
1999.1666666666667,-0.0923575279116856,1.4949542829383553,0.21494017294585133,-0.9811313106262008,1.012379829042528,No,1.6175369279725211,NW
1999.25,0.041889068009216074,1.4962369232561452,0.11959757179267427,-0.9811313106262008,1.012379829042528,No,1.6577235630580356,NW
1999.3333333333335,0.09243571525189714,1.4975195635739351,0.10795491931771806,-0.9811313106262008,1.012379829042528,No,1.6979101981435503,NW
1999.4166666666667,0.10175386248178307,1.4988022038917248,0.13754076685555705,-0.9811313106262008,1.012379829042528,No,1.738096833229065,NW
1999.5,0.02813382627372609,1.5000848442095147,0.2363082331460622,-0.9811313106262008,1.012379829042528,No,1.764526903629303,NW
1999.5833333333335,0.1101368372474084,1.5013674845273046,0.1794526522548281,-0.9811313106262008,1.012379829042528,No,1.790956974029541,NW
1999.6666666666667,0.08627014781436138,1.5026501248450945,0.3853332626112349,-0.9811313106262008,1.012379829042528,No,1.974253535270691,NW
1999.75,0.0282650332135772,1.5039327651628844,0.41461180638752304,-0.9811313106262008,1.012379829042528,No,1.9468096047639847,NW
1999.8333333333335,0.009344120450342362,1.5052154054806741,0.40480614832626194,-0.9811313106262008,1.012379829042528,No,1.9193656742572784,NW
1999.9166666666667,-0.110873571556773,1.506498045798464,0.496297269508881,-0.9811313106262008,1.012379829042528,No,1.891921743750572,NW
2000,-0.153567926216969,1.507780686116254,0.5102650533445812,-0.9811313106262008,1.012379829042528,No,1.8644778132438662,NW
2000.0833333333335,-0.14142958240084783,1.5090633264340438,0.4694001387039637,-0.9811313106262008,1.012379829042528,No,1.8370338827371597,NW
2000.1666666666667,-0.0923575279116856,1.5103459667518335,0.39160151339030547,-0.9811313106262008,1.012379829042528,No,1.8095899522304535,NW
2000.25,0.041889068009216074,1.5116286070696234,0.22862834664490772,-0.9811313106262008,1.012379829042528,No,1.7821460217237473,NW
2000.3333333333335,0.09243571525189714,1.5129112473874133,0.1493551285777306,-0.9811313106262008,1.012379829042528,No,1.754702091217041,NW
2000.4166666666667,0.10175386248178307,1.5154607104655071,-0.3805000906398561,-0.9811313106262008,1.012379829042528,No,1.236714482307434,NW
2000.5,0.02813382627372609,1.518010173543601,0.0012343018031564235,-0.9811313106262008,1.012379829042528,No,1.5473783016204834,NW
2000.5833333333335,0.1101368372474084,1.5205596366216947,-0.06059360340477804,-0.9811313106262008,1.012379829042528,No,1.570102870464325,NW
2000.6666666666667,0.08627014781436138,1.5231090996997885,-0.016551808205983454,-0.9811313106262008,1.012379829042528,No,1.5928274393081665,NW
2000.75,0.0282650332135772,1.5256585627778823,0.061628412160548596,-0.9811313106262008,1.012379829042528,No,1.615552008152008,NW
2000.8333333333335,0.009344120450342362,1.528208025855976,0.10072443068953119,-0.9811313106262008,1.012379829042528,No,1.6382765769958496,NW
2000.9166666666667,-0.110873571556773,1.53075748893407,0.24111722846239414,-0.9811313106262008,1.012379829042528,No,1.6610011458396912,NW
2001,-0.153567926216969,1.5333069520121638,0.3039866888883378,-0.9811313106262008,1.012379829042528,No,1.6837257146835327,NW
2001.0833333333335,-0.14142958240084783,1.5358564150902576,0.31202345083796446,-0.9811313106262008,1.012379829042528,No,1.7064502835273743,NW
2001.1666666666667,-0.0923575279116856,1.5384058781683514,0.2831265021145499,-0.9811313106262008,1.012379829042528,No,1.7291748523712158,NW
2001.25,0.041889068009216074,1.5409553412464452,-0.4112696974560397,-0.9811313106262008,1.012379829042528,No,1.1715747117996216,NW
2001.3333333333335,0.09243571525189714,1.543504804324539,-0.3415961539796648,-0.9811313106262008,1.012379829042528,No,1.2943443655967712,NW
2001.4166666666667,0.10175386248178307,1.5460542674026327,-0.23069411049049493,-0.9811313106262008,1.012379829042528,No,1.417114019393921,NW
2001.5,0.02813382627372609,1.5486037304807265,-0.03685388356338204,-0.9811313106262008,1.012379829042528,No,1.5398836731910706,NW
2001.5833333333335,0.1101368372474084,1.5508794930838223,0.0016369966569895755,-0.9811313106262008,1.012379829042528,No,1.6626533269882202,NW
2001.6666666666667,0.08627014781436138,1.553155255686918,-0.0988048380868507,-0.9811313106262008,1.012379829042528,No,1.5406205654144287,NW
2001.75,0.0282650332135772,1.5554310182900137,-0.16510824766295373,-0.9811313106262008,1.012379829042528,No,1.4185878038406372,NW
2001.8333333333335,0.009344120450342362,1.5577067808931095,-0.2704958590766062,-0.9811313106262008,1.012379829042528,No,1.2965550422668457,NW
2001.9166666666667,-0.110873571556773,1.5599825434962051,-0.2745866912463779,-0.9811313106262008,1.012379829042528,No,1.1745222806930542,NW
2002,-0.153567926216969,1.562258306099301,-0.35620086076306934,-0.9811313106262008,1.012379829042528,No,1.0524895191192627,NW
2002.0833333333335,-0.14142958240084783,1.5645340687023965,-0.423632762268193,-0.9811313106262008,1.012379829042528,No,0.9994717240333557,NW
2002.1666666666667,-0.0923575279116856,1.5668098313054923,-0.25350229595514717,-0.9811313106262008,1.012379829042528,No,1.2209500074386597,NW
2002.25,0.041889068009216074,1.5690855939085881,-0.3233046257608321,-0.9811313106262008,1.012379829042528,No,1.2876700361569722,NW
2002.3333333333335,0.09243571525189714,1.5713613565116837,-0.3094070068882959,-0.9811313106262008,1.012379829042528,No,1.354390064875285,NW
2002.4166666666667,0.10175386248178307,1.5736371191147795,-0.2542808880029652,-0.9811313106262008,1.012379829042528,No,1.4211100935935974,NW
2002.5,0.02813382627372609,1.5759128817178754,-0.11621658567969151,-0.9811313106262008,1.012379829042528,No,1.48783012231191,NW
2002.5833333333335,0.1101368372474084,1.578188644320971,-0.1337753305381566,-0.9811313106262008,1.012379829042528,No,1.5545501510302226,NW
2002.6666666666667,0.08627014781436138,1.5804644069240668,-0.045464374989893086,-0.9811313106262008,1.012379829042528,No,1.6212701797485352,NW
2002.75,0.0282650332135772,1.5803071266247806,0.17075129883321205,-0.9811313106262008,1.012379829042528,No,1.7793234586715698,NW
2002.8333333333335,0.009344120450342362,1.5801498463254946,0.04605448178678517,-0.9811313106262008,1.012379829042528,No,1.6355484485626222,NW
2002.9166666666667,-0.110873571556773,1.5799925660262084,0.02265444398423888,-0.9811313106262008,1.012379829042528,No,1.4917734384536743,NW
2003,-0.153567926216969,1.5798352857269224,-0.07826893116522693,-0.9811313106262008,1.012379829042528,No,1.3479984283447266,NW
2003.0833333333335,-0.14142958240084783,1.5796780054276363,-0.23402500479100974,-0.9811313106262008,1.012379829042528,No,1.2042234182357787,NW
2003.1666666666667,-0.0923575279116856,1.5795207251283503,-0.42671478908983373,-0.9811313106262008,1.012379829042528,No,1.060448408126831,NW
2003.25,0.041889068009216074,1.579363444829064,-0.43645834913436166,-0.9811313106262008,1.012379829042528,No,1.1847941637039185,NW
2003.3333333333335,0.09243571525189714,1.579206164529778,-0.3625019605006692,-0.9811313106262008,1.012379829042528,No,1.3091399192810058,NW
2003.4166666666667,0.10175386248178307,1.579048884230492,-0.24731707185418172,-0.9811313106262008,1.012379829042528,No,1.4334856748580933,NW
2003.5,0.02813382627372609,1.5788916039312058,-0.04919399976975103,-0.9811313106262008,1.012379829042528,No,1.5578314304351808,NW
2003.5833333333335,0.1101368372474084,1.5787343236319198,-0.006693974867060026,-0.9811313106262008,1.012379829042528,No,1.682177186012268,NW
2003.6666666666667,0.08627014781436138,1.5785770433326336,0.2251442114790425,-0.9811313106262008,1.012379829042528,No,1.8899914026260376,NW
2003.75,0.0282650332135772,1.5784197630333476,-0.09770583334867045,-0.9811313106262008,1.012379829042528,No,1.5089789628982544,NW
2003.8333333333335,0.009344120450342362,1.5782624827340614,-0.03024923233097976,-0.9811313106262008,1.012379829042528,No,1.557357370853424,NW
2003.9166666666667,-0.110873571556773,1.5778210451063963,0.13878830525897046,-0.9811313106262008,1.012379829042528,No,1.6057357788085938,NW
2004,-0.153567926216969,1.5773796074787312,0.23030250550200115,-0.9811313106262008,1.012379829042528,No,1.6541141867637634,NW
2004.0833333333335,-0.14142958240084783,1.576938169851066,0.26698400726871485,-0.9811313106262008,1.012379829042528,No,1.702492594718933,NW
2004.1666666666667,-0.0923575279116856,1.576496732223401,0.2667317983623876,-0.9811313106262008,1.012379829042528,No,1.750871002674103,NW
2004.25,0.041889068009216074,1.5760552945957358,0.1813050480243208,-0.9811313106262008,1.012379829042528,No,1.7992494106292727,NW
2004.3333333333335,0.09243571525189714,1.5756138569680707,0.17957824636447461,-0.9811313106262008,1.012379829042528,No,1.8476278185844424,NW
2004.4166666666667,0.10175386248178307,1.5751724193404053,0.21907994471742365,-0.9811313106262008,1.012379829042528,No,1.896006226539612,NW
2004.5,0.02813382627372609,1.5747309817127402,-0.3745660246841591,-0.9811313106262008,1.012379829042528,No,1.2282987833023071,NW
2004.5833333333335,0.1101368372474084,1.574289544085075,0.5728141524962518,-0.9811313106262008,1.012379829042528,No,2.2572405338287354,NW
2004.6666666666667,0.08627014781436138,1.57384810645741,0.5206684745871764,-0.9811313106262008,1.012379829042528,No,2.1807867288589478,NW
2004.75,0.0282650332135772,1.5734066688297448,0.5026612218458384,-0.9811313106262008,1.012379829042528,No,2.10433292388916,NW
2004.8333333333335,0.009344120450342362,1.5729652312020797,0.44556976726695074,-0.9811313106262008,1.012379829042528,No,2.0278791189193726,NW
2004.9166666666667,-0.110873571556773,1.5725237935744145,0.48977509193194324,-0.9811313106262008,1.012379829042528,No,1.9514253139495847,NW
2005,-0.153567926216969,1.5720823559467494,0.4564570792500171,-0.9811313106262008,1.012379829042528,No,1.8749715089797976,NW
2005.0833333333335,-0.14142958240084783,1.5731925770182342,0.36675470939262333,-0.9811313106262008,1.012379829042528,No,1.7985177040100098,NW
2005.1666666666667,-0.0923575279116856,1.574302798089719,0.2401186288621886,-0.9811313106262008,1.012379829042528,No,1.7220638990402222,NW
2005.25,0.041889068009216074,1.575413019161204,0.02830800690001456,-0.9811313106262008,1.012379829042528,No,1.6456100940704346,NW
2005.3333333333335,0.09243571525189714,1.5765232402326887,-0.09980266638393887,-0.9811313106262008,1.012379829042528,No,1.569156289100647,NW
2005.4166666666667,0.10175386248178307,1.5776334613041736,-0.11820518248194078,-0.9811313106262008,1.012379829042528,No,1.561182141304016,NW
2005.5,0.02813382627372609,1.5787436823756584,-0.2271723179908154,-0.9811313106262008,1.012379829042528,No,1.3797051906585691,NW
2005.5833333333335,0.1101368372474084,1.5798539034471433,0.1396115008215617,-0.9811313106262008,1.012379829042528,No,1.8296022415161133,NW
2005.6666666666667,0.08627014781436138,1.5809641245186281,0.13890457427633818,-0.9811313106262008,1.012379829042528,No,1.8061388466093278,NW
2005.75,0.0282650332135772,1.582074345590113,0.17233607289885167,-0.9811313106262008,1.012379829042528,No,1.7826754517025418,NW
2005.8333333333335,0.009344120450342362,1.5831845666615978,0.16668336968381592,-0.9811313106262008,1.012379829042528,No,1.759212056795756,NW
2005.9166666666667,-0.110873571556773,1.5842947877330826,0.26232744571266076,-0.9811313106262008,1.012379829042528,No,1.7357486618889704,NW
2006,-0.153567926216969,1.5854050088045675,0.28044818439458585,-0.9811313106262008,1.012379829042528,No,1.7122852669821844,NW
2006.0833333333335,-0.14142958240084783,1.5865152298760523,0.24373622460019417,-0.9811313106262008,1.012379829042528,No,1.6888218720753987,NW
2006.1666666666667,-0.0923575279116856,1.5876254509475372,0.1700905541327613,-0.9811313106262008,1.012379829042528,No,1.665358477168613,NW
2006.25,0.041889068009216074,1.5879482611625169,0.01205775309009427,-0.9811313106262008,1.012379829042528,No,1.6418950822618272,NW
2006.3333333333335,0.09243571525189714,1.5882710713774963,-0.06227509927435193,-0.9811313106262008,1.012379829042528,No,1.6184316873550415,NW
2006.4166666666667,0.10175386248178307,1.5885938815924758,0.5824827422233487,-0.9811313106262008,1.012379829042528,No,2.2728304862976074,NW
2006.5,0.02813382627372609,1.5889166918074555,0.17010451407671634,-0.9811313106262008,1.012379829042528,No,1.787155032157898,NW
2006.5833333333335,0.1101368372474084,1.5892395020224352,-0.11698471958753154,-0.9811313106262008,1.012379829042528,No,1.582391619682312,NW
2006.6666666666667,0.08627014781436138,1.5895623122374147,-0.03383416903615122,-0.9811313106262008,1.012379829042528,No,1.641998291015625,NW
2006.75,0.0282650332135772,1.5898851224523942,0.08692367779960475,-0.9811313106262008,1.012379829042528,No,1.7050738334655762,NW
2006.8333333333335,0.009344120450342362,1.590207932667374,0.5827280105114343,-0.9811313106262008,1.012379829042528,No,2.1822800636291504,NW
2006.9166666666667,-0.110873571556773,1.5905307428823536,-0.14202773387898637,-0.9811313106262008,1.012379829042528,No,1.3376294374465942,NW
2007,-0.153567926216969,1.5908535530973331,-0.24261542653246382,-0.9811313106262008,1.012379829042528,No,1.1946702003479004,NW
2007.0833333333335,-0.14142958240084783,1.5911763633123126,-0.3010154300127219,-0.9811313106262008,1.012379829042528,No,1.148731350898743,NW
2007.1666666666667,-0.0923575279116856,1.5914991735272923,-0.5609308602266603,-0.9811313106262008,1.012379829042528,No,0.9382107853889464,NW
2007.25,0.041889068009216074,1.591821983742272,-0.5752914218200382,-0.9811313106262008,1.012379829042528,No,1.05841962993145,NW
2007.3333333333335,0.09243571525189714,1.5921447939572515,-0.5059520347351953,-0.9811313106262008,1.012379829042528,No,1.1786284744739532,NW
2007.4166666666667,0.10175386248178307,1.5902071702213763,-0.39312371368670274,-0.9811313106262008,1.012379829042528,No,1.2988373190164566,NW
2007.5,0.02813382627372609,1.588269546485501,-0.19735720920026711,-0.9811313106262008,1.012379829042528,No,1.41904616355896,NW
2007.5833333333335,0.1101368372474084,1.5863319227496258,-0.024581958277368532,-0.9811313106262008,1.012379829042528,No,1.6718868017196655,NW
2007.6666666666667,0.08627014781436138,1.5843942990137503,-0.1646636776897754,-0.9811313106262008,1.012379829042528,No,1.5060007691383364,NW
2007.75,0.0282650332135772,1.582456675277875,-0.2706069719344455,-0.9811313106262008,1.012379829042528,No,1.3401147365570067,NW
2007.8333333333335,0.009344120450342362,1.5805190515419998,-0.4156344680166646,-0.9811313106262008,1.012379829042528,No,1.1742287039756776,NW
2007.9166666666667,-0.110873571556773,1.5785814278061245,-0.45936518485500333,-0.9811313106262008,1.012379829042528,No,1.0083426713943482,NW
2008,-0.153567926216969,1.5766438040702493,-0.5806192390402615,-0.9811313106262008,1.012379829042528,No,0.8424566388130188,NW
2008.0833333333335,-0.14142958240084783,1.574706180334374,-0.35702676005816003,-0.9811313106262008,1.012379829042528,No,1.0762498378753662,NW
2008.1666666666667,-0.0923575279116856,1.5727685565984988,-0.3949976919329681,-0.9811313106262008,1.012379829042528,No,1.0854133367538452,NW
2008.25,0.041889068009216074,1.5708309328626233,-0.36571549189967145,-0.9811313106262008,1.012379829042528,No,1.247004508972168,NW
2008.3333333333335,0.09243571525189714,1.568893309126748,-0.07267939383207533,-0.9811313106262008,1.012379829042528,No,1.5886496305465698,NW
2008.4166666666667,0.10175386248178307,1.5669556853908728,-0.051152499075048485,-0.9811313106262008,1.012379829042528,No,1.6175570487976074,NW
2008.5,0.02813382627372609,1.5650180616549976,0.05331257911992138,-0.9811313106262008,1.012379829042528,No,1.646464467048645,NW
2008.5833333333335,0.1101368372474084,1.5635014365240791,0.03773815483263854,-0.9811313106262008,1.012379829042528,No,1.711376428604126,NW
2008.6666666666667,0.08627014781436138,1.5619848113931607,-0.06327792845343283,-0.9811313106262008,1.012379829042528,No,1.5849770307540894,NW
2008.75,0.0282650332135772,1.5604681862622423,0.032064520612749225,-0.9811313106262008,1.012379829042528,No,1.6207977400885687,NW
2008.8333333333335,0.009344120450342362,1.558951561131324,0.08832276784138182,-0.9811313106262008,1.012379829042528,No,1.6566184494230483,NW
2008.9166666666667,-0.110873571556773,1.5574349360004056,0.245877794313895,-0.9811313106262008,1.012379829042528,No,1.6924391587575276,NW
2009,-0.153567926216969,1.5559183108694872,0.3259094834394889,-0.9811313106262008,1.012379829042528,No,1.7282598680920072,NW
2009.0833333333335,-0.14142958240084783,1.5544016857385687,0.35110847408876555,-0.9811313106262008,1.012379829042528,No,1.7640805774264865,NW
2009.1666666666667,-0.0923575279116856,1.5528850606076503,0.33937375406500125,-0.9811313106262008,1.012379829042528,No,1.799901286760966,NW
2009.25,0.041889068009216074,1.5513684354767319,0.24246449260949743,-0.9811313106262008,1.012379829042528,No,1.8357219960954454,NW
2009.3333333333335,0.09243571525189714,1.5498518103458134,0.22925517983221422,-0.9811313106262008,1.012379829042528,No,1.8715427054299247,NW
2009.4166666666667,0.10175386248178307,1.5483351852148952,0.257274367067726,-0.9811313106262008,1.012379829042528,No,1.9073634147644043,NW
2009.5,0.02813382627372609,1.5468185600839768,0.19337604191072977,-0.9811313106262008,1.012379829042528,No,1.7683284282684326,NW
2009.5833333333335,0.1101368372474084,1.5453019349530583,0.0431950972885673,-0.9811313106262008,1.012379829042528,No,1.698633869489034,NW
2009.6666666666667,0.08627014781436138,1.54378530982214,-0.0011161469268656798,-0.9811313106262008,1.012379829042528,No,1.6289393107096357,NW
2009.75,0.0282650332135772,1.5446440287764256,-0.013664310059765983,-0.9811313106262008,1.012379829042528,No,1.5592447519302368,NW
2009.8333333333335,0.009344120450342362,1.545502747730711,0.027989402151282983,-0.9811313106262008,1.012379829042528,No,1.5828362703323364,NW
2009.9166666666667,-0.110873571556773,1.5463614666849967,-0.3152324248523448,-0.9811313106262008,1.012379829042528,No,1.120255470275879,NW
2010,-0.153567926216969,1.5472201856392824,-0.13829129846192534,-0.9811313106262008,1.012379829042528,No,1.2553609609603882,NW
2010.0833333333335,-0.14142958240084783,1.548078904593568,0.09939943663194617,-0.9811313106262008,1.012379829042528,No,1.5060487588246663,NW
2010.1666666666667,-0.0923575279116856,1.5489376235478536,0.3001564610527765,-0.9811313106262008,1.012379829042528,No,1.7567365566889446,NW
2010.25,0.041889068009216074,1.5497963425021393,0.4157389440418673,-0.9811313106262008,1.012379829042528,No,2.0074243545532227,NW
2010.3333333333335,0.09243571525189714,1.5506550614564247,-0.024395159986214887,-0.9811313106262008,1.012379829042528,No,1.618695616722107,NW
2010.4166666666667,0.10175386248178307,1.5515137804107104,0.3561625271667106,-0.9811313106262008,1.012379829042528,No,2.009430170059204,NW
2010.5,0.02813382627372609,1.5523724993649959,0.2374164453382983,-0.9811313106262008,1.012379829042528,No,1.8179227709770203,NW
2010.5833333333335,0.1101368372474084,1.5532312183192816,-0.03695268367185345,-0.9811313106262008,1.012379829042528,No,1.6264153718948364,NW
2010.6666666666667,0.08627014781436138,1.5540899372735673,0.2635436376751328,-0.9811313106262008,1.012379829042528,No,1.9039037227630615,NW
2010.75,0.0282650332135772,1.5549486562278527,0.06626575935388868,-0.9811313106262008,1.012379829042528,No,1.6494794487953186,NW
2010.8333333333335,0.009344120450342362,1.5558073751821384,-0.1700963208049051,-0.9811313106262008,1.012379829042528,No,1.3950551748275757,NW
2010.9166666666667,-0.110873571556773,1.5570982483338245,-0.3055937759172187,-0.9811313106262008,1.012379829042528,No,1.1406309008598328,NW
2011,-0.153567926216969,1.5583891214855103,-0.5186145683764516,-0.9811313106262008,1.012379829042528,No,0.8862066268920897,NW
2011.0833333333335,-0.14142958240084783,1.5596799946371962,-0.4095142786609087,-0.9811313106262008,1.012379829042528,No,1.0087361335754397,NW
2011.1666666666667,-0.0923575279116856,1.5609708677888823,-0.16030432126528882,-0.9811313106262008,1.012379829042528,No,1.308309018611908,NW
2011.25,0.041889068009216074,1.5622617409405684,0.003731094698592008,-0.9811313106262008,1.012379829042528,No,1.6078819036483765,NW
2011.3333333333335,0.09243571525189714,1.5635526140922542,0.5255054298111219,-0.9811313106262008,1.012379829042528,No,2.1814937591552734,NW
2011.4166666666667,0.10175386248178307,1.56484348724394,0.0012725757732392484,-0.9811313106262008,1.012379829042528,No,1.6678699254989624,NW
2011.5,0.02813382627372609,1.5661343603956261,0.027195628701843333,-0.9811313106262008,1.012379829042528,No,1.6214638153711955,NW
2011.5833333333335,0.1101368372474084,1.5674252335473122,-0.10250436555129205,-0.9811313106262008,1.012379829042528,No,1.5750577052434285,NW
2011.6666666666667,0.08627014781436138,1.568716106698998,-0.12633465939769795,-0.9811313106262008,1.012379829042528,No,1.5286515951156616,NW
2011.75,0.0282650332135772,1.570006979850684,-0.05945305764281339,-0.9811313106262008,1.012379829042528,No,1.5388189554214478,NW
2011.8333333333335,0.009344120450342362,1.57129785300237,-0.3420911912490381,-0.9811313106262008,1.012379829042528,No,1.2385507822036743,NW
2011.9166666666667,-0.110873571556773,1.572588726154056,-0.5234325456113824,-0.9811313106262008,1.012379829042528,No,0.9382826089859007,NW
2012,-0.153567926216969,1.573879599305742,-0.42398065686613706,-0.9811313106262008,1.012379829042528,No,0.9963310162226359,NW
2012.0833333333335,-0.14142958240084783,1.573529450500158,-0.37772044463993937,-0.9811313106262008,1.012379829042528,No,1.0543794234593709,NW
2012.1666666666667,-0.0923575279116856,1.5731793016945743,-0.36839394308678286,-0.9811313106262008,1.012379829042528,No,1.112427830696106,NW
2012.25,0.041889068009216074,1.5728291528889904,-0.05712469644218232,-0.9811313106262008,1.012379829042528,No,1.5575935244560242,NW
2012.3333333333335,0.09243571525189714,1.5724790040834065,0.33784449888063883,-0.9811313106262008,1.012379829042528,No,2.0027592182159424,NW
2012.4166666666667,0.10175386248178307,1.5721288552778225,-0.10953115907430289,-0.9811313106262008,1.012379829042528,No,1.5643515586853027,NW
2012.5,0.02813382627372609,1.5717787064722388,0.11634623152100287,-0.9811313106262008,1.012379829042528,No,1.7162587642669678,NW
2012.5833333333335,0.1101368372474084,1.571428557666655,0.1866005749345696,-0.9811313106262008,1.012379829042528,No,1.8681659698486328,NW
2012.6666666666667,0.08627014781436138,1.571078408861071,-0.04459552303743197,-0.9811313106262008,1.012379829042528,No,1.6127530336380005,NW
2012.75,0.0282650332135772,1.5707282600554873,-0.27909623764314895,-0.9811313106262008,1.012379829042528,No,1.3198970556259155,NW
2012.8333333333335,0.009344120450342362,1.5703781112499033,-0.20916704277948295,-0.9811313106262008,1.012379829042528,No,1.3705551889207628,NW
2012.9166666666667,-0.110873571556773,1.5700279624443194,-0.03794106867193636,-0.9811313106262008,1.012379829042528,No,1.42121332221561,NW
2013,-0.153567926216969,1.5696778136387355,0.055761568088690705,-0.9811313106262008,1.012379829042528,No,1.4718714555104573,NW
2013.0833333333335,-0.14142958240084783,1.5693276648331518,0.09463150637300055,-0.9811313106262008,1.012379829042528,No,1.5225295888053045,NW
2013.1666666666667,-0.0923575279116856,1.5689775160275679,0.09656773398426965,-0.9811313106262008,1.012379829042528,No,1.573187722100152,NW
2013.25,0.041889068009216074,1.5690230568901984,0.012933730495584772,-0.9811313106262008,1.012379829042528,No,1.6238458553949993,NW
2013.3333333333335,0.09243571525189714,1.569068597752829,0.012999675685120504,-0.9811313106262008,1.012379829042528,No,1.6745039886898465,NW
2013.4166666666667,0.10175386248178307,1.5691141386154595,0.054294120887451225,-0.9811313106262008,1.012379829042528,No,1.7251621219846938,NW
2013.5,0.02813382627372609,1.5691596794780902,0.17852674952772474,-0.9811313106262008,1.012379829042528,No,1.775820255279541,NW
2013.5833333333335,0.1101368372474084,1.5692052203407207,0.20738205682990052,-0.9811313106262008,1.012379829042528,No,1.8867241144180296,NW
2013.6666666666667,0.08627014781436138,1.5692507612033513,0.09630525808891566,-0.9811313106262008,1.012379829042528,No,1.7518261671066284,NW
2013.75,0.0282650332135772,1.5692963020659818,0.019366884515668037,-0.9811313106262008,1.012379829042528,No,1.616928219795227,NW
2013.8333333333335,0.009344120450342362,1.5693418429286123,0.006007110847424668,-0.9811313106262008,1.012379829042528,No,1.5846930742263794,NW
2013.9166666666667,-0.110873571556773,1.5693873837912429,0.2049514969085966,-0.9811313106262008,1.012379829042528,No,1.6634653091430665,NW
2014,-0.153567926216969,1.5694329246538734,0.326372545622849,-0.9811313106262008,1.012379829042528,No,1.7422375440597535,NW
2014.0833333333335,-0.14142958240084783,1.5694784655165042,0.392960895860784,-0.9811313106262008,1.012379829042528,No,1.8210097789764403,NW
2014.1666666666667,-0.0923575279116856,1.5695240063791347,0.4226155354256782,-0.9811313106262008,1.012379829042528,No,1.8997820138931274,NW
2014.25,0.041889068009216074,1.5695695472417652,0.3670956335588331,-0.9811313106262008,1.012379829042528,No,1.9785542488098145,NW
2014.3333333333335,0.09243571525189714,1.5696150881043958,-0.23814972227108777,-0.9811313106262008,1.012379829042528,No,1.423901081085205,NW
2014.4166666666667,0.10175386248178307,1.5707065119069898,-0.009487447295266849,-0.9811313106262008,1.012379829042528,No,1.662972927093506,NW
2014.5,0.02813382627372609,1.571797935709584,-0.16525892949429632,-0.9811313106262008,1.012379829042528,No,1.4346728324890137,NW
2014.5833333333335,0.1101368372474084,1.572889359512178,0.3019584395471764,-0.9811313106262008,1.012379829042528,No,1.9849846363067627,NW
2014.6666666666667,0.08627014781436138,1.573980783314772,0.8375818439868332,-0.9811313106262008,1.012379829042528,No,2.497832775115967,NW
2014.75,0.0282650332135772,1.5750722071173662,0.6956019877269182,-0.9811313106262008,1.012379829042528,No,2.2989392280578613,NW
2014.8333333333335,0.009344120450342362,1.5761636309199603,0.025017856692441276,-0.9811313106262008,1.012379829042528,No,1.610525608062744,NW
2014.9166666666667,-0.110873571556773,1.5772550547225543,-0.24481802472309333,-0.9811313106262008,1.012379829042528,No,1.221563458442688,NW
2015,-0.153567926216969,1.5783464785251482,-0.09791373357623545,-0.9811313106262008,1.012379829042528,No,1.3268648187319438,NW
2015.0833333333335,-0.14142958240084783,1.5794379023277423,-0.005842140905694793,-0.9811313106262008,1.012379829042528,No,1.4321661790211997,NW
2015.1666666666667,-0.0923575279116856,1.5805293261303364,0.04929574109180446,-0.9811313106262008,1.012379829042528,No,1.5374675393104553,NW
2015.25,0.041889068009216074,1.5816207499329304,0.019259081657564625,-0.9811313106262008,1.012379829042528,No,1.6427688995997112,NW
2015.3333333333335,0.09243571525189714,1.5827121737355245,0.07292237090154541,-0.9811313106262008,1.012379829042528,No,1.748070259888967,NW
2015.4166666666667,0.10175386248178307,1.5838035975381186,0.16781416015832118,-0.9811313106262008,1.012379829042528,No,1.8533716201782229,NW
2015.5,0.02813382627372609,1.5848950213407127,-0.22798451129546926,-0.9811313106262008,1.012379829042528,No,1.3850443363189695,NW
2015.5833333333335,0.1101368372474084,1.5846592190746545,0.0060019783459059894,-0.9811313106262008,1.012379829042528,No,1.7007980346679688,NW
2015.6666666666667,0.08627014781436138,1.5844234168085962,-0.3076545478993249,-0.9811313106262008,1.012379829042528,No,1.3630390167236328,NW
2015.75,0.0282650332135772,1.584187614542538,-0.22253503568030952,-0.9811313106262008,1.012379829042528,No,1.3899176120758057,NW
2015.8333333333335,0.009344120450342362,1.5839518122764797,0.020103096051254044,-0.9811313106262008,1.012379829042528,No,1.6133990287780762,NW
2015.9166666666667,-0.110873571556773,1.5837160100104215,-0.18406914019009868,-0.9811313106262008,1.012379829042528,No,1.2887732982635498,NW
2016,-0.153567926216969,1.5834802077443633,-0.28926725436675005,-0.9811313106262008,1.012379829042528,No,1.1406450271606443,NW
2016.0833333333335,-0.14142958240084783,1.583244405478305,-0.3158863019211462,-0.9811313106262008,1.012379829042528,No,1.125928521156311,NW
2016.1666666666667,-0.0923575279116856,1.5830086032122468,-0.13375369137226234,-0.9811313106262008,1.012379829042528,No,1.356897383928299,NW
2016.25,0.041889068009216074,1.5827728009461886,-0.03679562225511779,-0.9811313106262008,1.012379829042528,No,1.5878662467002869,NW
2016.3333333333335,0.09243571525189714,1.5825369986801303,0.14386239554024738,-0.9811313106262008,1.012379829042528,No,1.8188351094722748,NW
2016.4166666666667,0.10175386248178307,1.582301196414072,0.36574891334840753,-0.9811313106262008,1.012379829042528,No,2.0498039722442627,NW
2016.5,0.02813382627372609,1.5820653941480138,0.30049297467586555,-0.9811313106262008,1.012379829042528,No,1.9106921950976055,NW
2016.5833333333335,0.1101368372474084,1.5818295918819556,0.0796139888215841,-0.9811313106262008,1.012379829042528,No,1.771580417950948,NW
2016.6666666666667,0.08627014781436138,1.5815937896158974,-0.035395296625968076,-0.9811313106262008,1.012379829042528,No,1.6324686408042908,NW
2016.75,0.0282650332135772,1.5802134602781799,-0.11512162983412355,-0.9811313106262008,1.012379829042528,No,1.4933568636576335,NW
2016.8333333333335,0.009344120450342362,1.5788331309404624,-0.2339321648798287,-0.9811313106262008,1.012379829042528,No,1.354245086510976,NW
2016.9166666666667,-0.110873571556773,1.577452801602745,-0.25144592068165306,-0.9811313106262008,1.012379829042528,No,1.2151333093643188,NW
2017,-0.153567926216969,1.5760724722650274,-0.30800038755120185,-0.9811313106262008,1.012379829042528,No,1.1145041584968567,NW
2017.0833333333335,-0.14142958240084783,1.57469214292731,-0.41938755289706764,-0.9811313106262008,1.012379829042528,No,1.0138750076293945,NW
2017.1666666666667,-0.0923575279116856,1.5733118135895925,-0.5677084289159746,-0.9811313106262008,1.012379829042528,No,0.9132458567619323,NW
2017.25,0.041889068009216074,1.571931484251875,0.10270547923304951,-0.9811313106262008,1.012379829042528,No,1.7165260314941406,NW
2017.3333333333335,0.09243571525189714,1.5705511549141575,-0.12257241761325921,-0.9811313106262008,1.012379829042528,No,1.5404144525527954,NW
2017.4166666666667,0.10175386248178307,1.56917082557644,-0.013886118607844722,-0.9811313106262008,1.012379829042528,No,1.6570385694503784,NW
2017.5,0.02813382627372609,1.5677904962387226,0.0742742830983254,-0.9811313106262008,1.012379829042528,No,1.670198605610774,NW
2017.5833333333335,0.1101368372474084,1.566410166901005,0.0068116376227564945,-0.9811313106262008,1.012379829042528,No,1.68335864177117,NW
2017.6666666666667,0.08627014781436138,1.5650298375632876,0.04521869255391664,-0.9811313106262008,1.012379829042528,No,1.6965186779315657,NW
2017.75,0.0282650332135772,1.5636495082255701,0.1177641726528138,-0.9811313106262008,1.012379829042528,No,1.7096787140919611,NW
2017.8333333333335,0.009344120450342362,1.5622691788878527,0.15122545091416195,-0.9811313106262008,1.012379829042528,No,1.722838750252357,NW
2017.9166666666667,-0.110873571556773,1.5615959687404848,0.28527638922904086,-0.9811313106262008,1.012379829042528,No,1.7359987864127526,NW
2018,-0.153567926216969,1.5609227585931167,0.3418039901970005,-0.9811313106262008,1.012379829042528,No,1.7491588225731483,NW
2018.0833333333335,-0.14142958240084783,1.5602495484457486,0.3434988926886431,-0.9811313106262008,1.012379829042528,No,1.7623188587335439,NW
2018.1666666666667,-0.0923575279116856,1.5595763382983807,0.3082600845072445,-0.9811313106262008,1.012379829042528,No,1.7754788948939397,NW
2018.25,0.041889068009216074,1.5589031281510128,0.18784673489410642,-0.9811313106262008,1.012379829042528,No,1.7886389310543354,NW
2018.3333333333335,0.09243571525189714,1.5582299180036447,0.15113333395918915,-0.9811313106262008,1.012379829042528,No,1.801798967214731,NW
2018.4166666666667,0.10175386248178307,1.5575567078562766,0.1556484330370671,-0.9811313106262008,1.012379829042528,No,1.8149590033751268,NW
2018.5,0.02813382627372609,1.5568834977089088,0.24310171555288762,-0.9811313106262008,1.012379829042528,No,1.8281190395355225,NW
2018.5833333333335,0.1101368372474084,1.556210287561541,0.1307404452225347,-0.9811313106262008,1.012379829042528,No,1.797087570031484,NW
2018.6666666666667,0.08627014781436138,1.5555370774141728,0.12424887529891149,-0.9811313106262008,1.012379829042528,No,1.7660561005274458,NW
2018.75,0.0282650332135772,1.5548638672668047,0.15189573054302508,-0.9811313106262008,1.012379829042528,No,1.735024631023407,NW
2018.8333333333335,0.009344120450342362,1.5541906571194368,0.1404583839495892,-0.9811313106262008,1.012379829042528,No,1.7039931615193684,NW
2018.9166666666667,-0.110873571556773,1.553517446972069,0.23031781660003392,-0.9811313106262008,1.012379829042528,No,1.6729616920153298,NW
2019,-0.153567926216969,1.5528442368247009,0.24265391190355956,-0.9811313106262008,1.012379829042528,No,1.6419302225112915,NW
2019.0833333333335,-0.14142958240084783,1.5523385926944266,0.1999897427136741,-0.9811313106262008,1.012379829042528,No,1.610898753007253,NW
2019.1666666666667,-0.0923575279116856,1.5518329485641522,0.12039186285074766,-0.9811313106262008,1.012379829042528,No,1.5798672835032144,NW
2019.25,0.041889068009216074,1.5513273044338778,-0.04438055844391808,-0.9811313106262008,1.012379829042528,No,1.5488358139991758,NW
2019.3333333333335,0.09243571525189714,1.5508216603036036,-0.12545303106036343,-0.9811313106262008,1.012379829042528,No,1.5178043444951372,NW
2019.4166666666667,0.10175386248178307,1.5503160161733294,-0.16529700366401356,-0.9811313106262008,1.012379829042528,No,1.486772874991099,NW
2019.5,0.02813382627372609,1.549810372043055,-0.12220279282972069,-0.9811313106262008,1.012379829042528,No,1.4557414054870603,NW
2019.5833333333335,0.1101368372474084,1.5493047279127805,-0.27859690399249937,-0.9811313106262008,1.012379829042528,No,1.3808446611676894,NW
2019.6666666666667,0.08627014781436138,1.5487990837825063,-0.329121314748549,-0.9811313106262008,1.012379829042528,No,1.3059479168483188,NW
2019.75,0.0282650332135772,1.548293439652232,-0.3455073003368614,-0.9811313106262008,1.012379829042528,No,1.231051172528948,NW
2019.8333333333335,0.009344120450342362,1.5477877955219577,-0.4009774877627228,-0.9811313106262008,1.012379829042528,No,1.1561544282095773,NW
2019.9166666666667,-0.110873571556773,1.5472821513916832,-0.35515089594470384,-0.9811313106262008,1.012379829042528,No,1.0812576838902064,NW
2020,-0.153567926216969,1.546776507261409,-0.3868476414736044,-0.9811313106262008,1.012379829042528,No,1.0063609395708357,NW
2020.0833333333335,-0.14142958240084783,1.5462708631311348,-0.4733770854788222,-0.9811313106262008,1.012379829042528,No,0.9314641952514648,NW
2020.1666666666667,-0.0923575279116856,1.5457652190008604,-0.5784367185511804,-0.9811313106262008,1.012379829042528,No,0.8749709725379944,NW
2020.25,0.041889068009216074,1.5428266445735659,-0.16710873297424622,-0.9811313106262008,1.012379829042528,No,1.4176069796085358,NW
2020.3333333333335,0.09243571525189714,1.5398880701462714,0.3279192012809087,-0.9811313106262008,1.012379829042528,No,1.9602429866790771,NW
2020.4166666666667,0.10175386248178307,1.5369494957189769,0.40366529223564185,-0.9811313106262008,1.012379829042528,No,2.042368650436402,NW
2020.5,0.02813382627372609,1.5340109212916826,0.3582806078690093,-0.9811313106262008,1.012379829042528,No,1.920425355434418,NW
2020.5833333333335,0.1101368372474084,1.531072346864388,0.1572728763206377,-0.9811313106262008,1.012379829042528,No,1.798482060432434,NW
2020.6666666666667,0.08627014781436138,1.5281337724370936,-0.15346987732085204,-0.9811313106262008,1.012379829042528,No,1.460934042930603,NW
2020.75,0.0282650332135772,1.525195198009799,-0.17658912221458722,-0.9811313106262008,1.012379829042528,No,1.376871109008789,NW
2020.8333333333335,0.009344120450342362,1.5222566235825046,-0.23879256894587186,-0.9811313106262008,1.012379829042528,No,1.292808175086975,NW
2020.9166666666667,-0.110873571556773,1.51931804915521,-0.19969923643327592,-0.9811313106262008,1.012379829042528,No,1.2087452411651611,NW
2021,-0.153567926216969,1.5163794747279156,-0.056348128119863894,-0.9811313106262008,1.012379829042528,No,1.3064634203910828,NW
2021.0833333333335,-0.14142958240084783,1.5134409003006213,0.03217028171723091,-0.9811313106262008,1.012379829042528,No,1.4041815996170044,NW
2021.1666666666667,-0.0923575279116856,1.5105023258733268,0.08375498088128475,-0.9811313106262008,1.012379829042528,No,1.501899778842926,NW
2021.25,0.041889068009216074,1.5075637514460323,0.05016513861359928,-0.9811313106262008,1.012379829042528,No,1.5996179580688477,NW
2021.3333333333335,0.09243571525189714,1.5046251770187378,-0.2097084256873829,-0.9811313106262008,1.012379829042528,No,1.387352466583252,NW
2021.4166666666667,0.10175386248178307,1.5009226479692,-0.18486448093031238,-0.9811313106262008,1.012379829042528,No,1.4178120295206706,NW
2021.5,0.02813382627372609,1.4972201189196621,-0.07708235273529906,-0.9811313106262008,1.012379829042528,No,1.4482715924580891,NW
2021.5833333333335,0.1101368372474084,1.4935175898701243,-0.12492327172202478,-0.9811313106262008,1.012379829042528,No,1.4787311553955078,NW
2021.6666666666667,0.08627014781436138,1.4898150608205862,0.4477232706741343,-0.9811313106262008,1.012379829042528,No,2.023808479309082,NW
2021.75,0.0282650332135772,1.4861125317710484,0.4557365734066572,-0.9811313106262008,1.012379829042528,No,1.9701141383912828,NW
2021.8333333333335,0.009344120450342362,1.4824100027215106,0.4246656743016306,-0.9811313106262008,1.012379829042528,No,1.9164197974734836,NW
2021.9166666666667,-0.110873571556773,1.4787074736719727,0.4948915544404846,-0.9811313106262008,1.012379829042528,No,1.8627254565556843,NW
2022,-0.153567926216969,1.475004944622435,0.4875940972324191,-0.9811313106262008,1.012379829042528,No,1.809031115637885,NW
2022.0833333333335,-0.14142958240084783,1.471302415572897,0.4254639415480368,-0.9811313106262008,1.012379829042528,No,1.755336774720086,NW
2022.1666666666667,-0.0923575279116856,1.4675998865233593,0.3264000751906131,-0.9811313106262008,1.012379829042528,No,1.7016424338022869,NW
2022.25,0.041889068009216074,1.4638973574738212,0.1421616674014503,-0.9811313106262008,1.012379829042528,No,1.6479480928844876,NW
2022.3333333333335,0.09243571525189714,1.4601948284242834,0.04162320829050792,-0.9811313106262008,1.012379829042528,No,1.5942537519666884,NW
2022.4166666666667,0.10175386248178307,1.4564922993747456,-0.017686750807639484,-0.9811313106262008,1.012379829042528,No,1.5405594110488892,NW
2022.5,0.02813382627372609,1.4527897703252077,-0.16624576208813058,-0.9811313106262008,1.012379829042528,No,1.3146778345108032,NW
2022.5833333333335,0.1101368372474084,1.4491429923189505,0.2180394825292833,-0.9811313106262008,1.012379829042528,No,1.777319312095642,NW
2022.6666666666667,0.08627014781436138,1.445496214312693,0.49951344019533317,-0.9811313106262008,1.012379829042528,No,2.0312798023223877,NW
2022.75,0.0282650332135772,1.4418494363064358,-0.1759318113245174,-0.9811313106262008,1.012379829042528,No,1.2941826581954956,NW
2022.8333333333335,0.009344120450342362,1.4382026583001783,0.010750712323087663,-0.9811313106262008,1.012379829042528,No,1.4582974910736084,NW
2022.9166666666667,-0.110873571556773,1.4345558802939211,0.11880671923984143,-0.9811313106262008,1.012379829042528,No,1.4424890279769895,NW
2023,-0.153567926216969,1.4309091022876637,0.15627093215989607,-0.9811313106262008,1.012379829042528,No,1.4336121082305908,NW
2023.0833333333335,-0.14142958240084783,1.4272623242814064,-0.36286769213690606,-0.9811313106262008,1.012379829042528,No,0.9229650497436526,NW
2023.1666666666667,-0.0923575279116856,1.4236155462751492,-0.2308631733546136,-0.9811313106262008,1.012379829042528,No,1.10039484500885,NW
2023.25,0.041889068009216074,1.4199687682688917,0.31404634234127693,-0.9811313106262008,1.012379829042528,No,1.7759041786193848,NW
2023.3333333333335,0.09243571525189714,1.4163219902626345,0.48027885454406194,-0.9811313106262008,1.012379829042528,No,1.9890365600585935,NW
2023.4166666666667,0.10175386248178307,1.412675212256377,0.18533565380798245,-0.9811313106262008,1.012379829042528,No,1.6997647285461426,NW
2023.5,0.02813382627372609,1.4090284342501198,-0.2501159710798764,-0.9811313106262008,1.012379829042528,No,1.1870462894439695,NW
2023.5833333333335,0.1101368372474084,1.4053816562438624,0.11077290074243296,-0.9811313106262008,1.012379829042528,No,1.6262913942337036,NW
2023.6666666666667,0.08627014781436138,1.4017348782376051,0.5775314729714709,-0.9811313106262008,1.012379829042528,No,2.0655364990234375,NW
2023.75,0.0282650332135772,1.3980027896998275,1.2546480096061268,-0.9811313106262008,1.012379829042528,Yes,2.6809158325195312,NW
2023.8333333333335,0.009344120450342362,1.3942707011620499,0.2651520345811502,-0.9811313106262008,1.012379829042528,No,1.6687668561935425,NW
2023.9166666666667,-0.110873571556773,1.3905386126242723,-0.14260153780211837,-0.9811313106262008,1.012379829042528,No,1.1370635032653809,NW
2024,-0.153567926216969,1.3868065240864949,-0.18142118072475055,-0.9811313106262008,1.012379829042528,No,1.0518174171447754,NW
2024.0833333333335,-0.14142958240084783,1.3830744355487172,0.42723584791719427,-0.9811313106262008,1.012379829042528,No,1.6688807010650637,NW
2024.1666666666667,-0.0923575279116856,1.3793423470109396,-0.2794540106504626,-0.9811313106262008,1.012379829042528,No,1.0075308084487915,NW
2024.25,0.041889068009216074,1.375610258473162,0.12417671798173302,-0.9811313106262008,1.012379829042528,No,1.541676044464111,NW
2024.3333333333335,0.09243571525189714,1.3718781699353844,0.0627615843065843,-0.9811313106262008,1.012379829042528,No,1.5270754694938657,NW
2024.4166666666667,0.10175386248178307,1.3681460813976067,0.04257495064423056,-0.9811313106262008,1.012379829042528,No,1.5124748945236204,NW
2024.5,0.02813382627372609,1.3644139928598291,0.10532650041982006,-0.9811313106262008,1.012379829042528,No,1.4978743195533752,NW
2024.5833333333335,0.1101368372474084,1.3606819043220517,0.012455003013669863,-0.9811313106262008,1.012379829042528,No,1.4832737445831299,NW
2024.6666666666667,0.08627014781436138,1.356949815784274,0.02545320601424894,-0.9811313106262008,1.012379829042528,No,1.4686731696128845,NW
2024.75,0.0282650332135772,1.3532177272464965,0.07258983418256548,-0.9811313106262008,1.012379829042528,No,1.4540725946426392,NW
2024.8333333333335,0.009344120450342362,1.3494856387087188,3.6034723284550374e-4,-0.9811313106262008,1.012379829042528,No,1.3591901063919067,NW
2024.9166666666667,-0.110873571556773,1.345518806288199,0.03563608011842745,-0.9811313106262008,1.012379829042528,No,1.2702813148498535,NW
2025,-0.153567926216969,1.3415519738676793,-0.20965701174677953,-0.9811313106262008,1.012379829042528,No,0.9783270359039308,NW
2025.0833333333335,-0.14142958240084783,1.3375851414471596,-0.25473261974577444,-0.9811313106262008,1.012379829042528,No,0.9414229393005373,NW
2025.1666666666667,-0.0923575279116856,1.33361830902664,-0.3121202729400583,-0.9811313106262008,1.012379829042528,No,0.9291405081748961,NW
2025.25,0.041889068009216074,1.3296514766061203,0.21980035485213212,-0.9811313106262008,1.012379829042528,No,1.5913408994674685,NW
2025.3333333333335,0.09243571525189714,1.3256846441856005,0.13007857893225339,-0.9811313106262008,1.012379829042528,No,1.548198938369751,NW
2025.4166666666667,0.10175386248178307,1.3217178117650807,-0.16751156739719342,-0.9811313106262008,1.012379829042528,No,1.2559601068496704,NW
2025.5,0.02813382627372609,1.317750979344561,-0.3518796023712166,-0.9811313106262008,1.012379829042528,No,0.9940052032470704,NW
2025.5833333333335,0.1101368372474084,1.3137841469240412,-0.37357255329948613,-0.9811313106262008,1.012379829042528,No,1.0503484308719635,NW
2025.6666666666667,0.08627014781436138,1.3098173145035217,-0.2893958038210265,-0.9811313106262008,1.012379829042528,No,1.1066916584968567,NW
2025.75,0.0282650332135772,1.305850482083002,-0.17108062917482925,-0.9811313106262008,1.012379829042528,No,1.1630348861217499,NW
2025.8333333333335,0.009344120450342362,1.3018836496624822,-0.09184965636618148,-0.9811313106262008,1.012379829042528,No,1.219378113746643,NW
2025.9166666666667,-0.110873571556773,1.2979168172419624,0.03233486806145369,-0.9811313106262008,1.012379829042528,No,1.219378113746643,NW
1981.6666666666667,0.12352137992633709,1.4167469036368736,0.15861083917085916,-0.886949501970497,0.9183022305370697,No,1.6988791227340698,SW
1981.75,0.15325700029869757,1.4173004541127041,0.12832166832266823,-0.886949501970497,0.9183022305370697,No,1.6988791227340698,SW
1981.8333333333335,0.0988381442990923,1.4178540045885346,0.182186973846443,-0.886949501970497,0.9183022305370697,No,1.6988791227340698,SW
1981.9166666666667,-0.02682154805272779,1.4184075550643653,0.2761557685010576,-0.886949501970497,0.9183022305370697,No,1.667741775512695,SW
1982,-0.10026755804507265,1.4189611055401958,0.3142939517419372,-0.886949501970497,0.9183022305370697,No,1.6329874992370603,SW
1982.0833333333335,-0.12256607216673064,1.4195146560160263,0.30128463911212977,-0.886949501970497,0.9183022305370697,No,1.5982332229614256,SW
1982.1666666666667,-0.139810718862055,1.4200682064918568,0.28322145905598894,-0.886949501970497,0.9183022305370697,No,1.5634789466857908,SW
1982.25,-0.06391445409953458,1.4206217569676876,0.17201736754200314,-0.886949501970497,0.9183022305370697,No,1.528724670410156,SW
1982.3333333333335,-0.051636401059369494,1.421175307443518,0.12443148775037272,-0.886949501970497,0.9183022305370697,No,1.4939703941345213,SW
1982.4166666666667,0.02830537120825432,1.4217288579193486,0.00918188873128356,-0.886949501970497,0.9183022305370697,No,1.4592161178588865,SW
1982.5,-0.0059430786301755256,1.422282408395179,0.00812251181824819,-0.886949501970497,0.9183022305370697,No,1.4244618415832517,SW
1982.5833333333335,0.10703794011672803,1.4228359588710096,-0.14016633368012044,-0.886949501970497,0.9183022305370697,No,1.3897075653076172,SW
1982.6666666666667,0.12352137992633709,1.4233895093468403,-0.1919576002411949,-0.886949501970497,0.9183022305370697,No,1.3549532890319824,SW
1982.75,0.15325700029869757,1.4239430598226708,-0.2570010473650206,-0.886949501970497,0.9183022305370697,No,1.3201990127563477,SW
1982.8333333333335,0.0988381442990923,1.4244966102985013,-0.2378900181168806,-0.886949501970497,0.9183022305370697,No,1.285444736480713,SW
1982.9166666666667,-0.02682154805272779,1.425088848676495,-0.14757684041868901,-0.886949501970497,0.9183022305370697,No,1.2506904602050781,SW
1983,-0.10026755804507265,1.4256810870544885,-0.10947734507997242,-0.886949501970497,0.9183022305370697,No,1.2159361839294434,SW
1983.0833333333335,-0.12256607216673064,1.426273325432482,-0.12252534561194284,-0.886949501970497,0.9183022305370697,No,1.1811819076538086,SW
1983.1666666666667,-0.139810718862055,1.4268655638104757,-0.14062721357024688,-0.886949501970497,0.9183022305370697,No,1.1464276313781738,SW
1983.25,-0.06391445409953458,1.4274578021884694,-0.23413308121271403,-0.886949501970497,0.9183022305370697,No,1.1294102668762207,SW
1983.3333333333335,-0.051636401059369494,1.428050040566463,-0.2640207371328258,-0.886949501970497,0.9183022305370697,No,1.1123929023742676,SW
1983.4166666666667,0.02830537120825432,1.4286422789444564,-0.36157211228039654,-0.886949501970497,0.9183022305370697,No,1.0953755378723142,SW
1983.5,-0.0059430786301755256,1.42923451732245,-0.3449332653219135,-0.886949501970497,0.9183022305370697,No,1.078358173370361,SW
1983.5833333333335,0.10703794011672803,1.4298267557004438,-0.2949728348552578,-0.886949501970497,0.9183022305370697,No,1.241891860961914,SW
1983.6666666666667,0.12352137992633709,1.4304189940784373,-0.14851482545130756,-0.886949501970497,0.9183022305370697,No,1.4054255485534668,SW
1983.75,0.15325700029869757,1.4310112324564308,-0.01530899661010876,-0.886949501970497,0.9183022305370697,No,1.5689592361450195,SW
1983.8333333333335,0.0988381442990923,1.4316034708344245,0.20205130860305576,-0.886949501970497,0.9183022305370697,No,1.7324929237365725,SW
1983.9166666666667,-0.02682154805272779,1.4321957092124182,0.1204415641668477,-0.886949501970497,0.9183022305370697,No,1.525815725326538,SW
1984,-0.10026755804507265,1.4327879475904117,0.1830170355460532,-0.886949501970497,0.9183022305370697,No,1.5155374250913922,SW
1984.0833333333335,-0.12256607216673064,1.4333754796968892,0.1944497173260875,-0.886949501970497,0.9183022305370697,No,1.5052591248562461,SW
1984.1666666666667,-0.139810718862055,1.4339630118033666,0.20082853167978865,-0.886949501970497,0.9183022305370697,No,1.4949808246211003,SW
1984.25,-0.06391445409953458,1.434550543909844,0.1140664345756448,-0.886949501970497,0.9183022305370697,No,1.4847025243859542,SW
1984.3333333333335,-0.051636401059369494,1.4351380760163217,0.09092254919385612,-0.886949501970497,0.9183022305370697,No,1.4744242241508083,SW
1984.4166666666667,0.02830537120825432,1.4357256081227991,1.149445846087005e-4,-0.886949501970497,0.9183022305370697,No,1.4641459239156622,SW
1984.5,-0.0059430786301755256,1.4363131402292766,0.02349756208141529,-0.886949501970497,0.9183022305370697,No,1.4538676236805164,SW
1984.5833333333335,0.10703794011672803,1.436900672335754,-0.10034928900711182,-0.886949501970497,0.9183022305370697,No,1.4435893234453703,SW
1984.6666666666667,0.12352137992633709,1.4374882044422315,-0.1276985611583441,-0.886949501970497,0.9183022305370697,No,1.4333110232102244,SW
1984.75,0.15325700029869757,1.438075736548709,-0.16830001387232807,-0.886949501970497,0.9183022305370697,No,1.4230327229750783,SW
1984.8333333333335,0.0988381442990923,1.4386632686551863,-0.1247469902143461,-0.886949501970497,0.9183022305370697,No,1.4127544227399325,SW
1984.9166666666667,-0.02682154805272779,1.439250800761664,-0.009953130204149785,-0.886949501970497,0.9183022305370697,No,1.4024761225047864,SW
1985,-0.10026755804507265,1.4398383328681414,0.05262704744657176,-0.886949501970497,0.9183022305370697,No,1.3921978222696405,SW
1985.0833333333335,-0.12256607216673064,1.4404258649746189,0.06405972922660608,-0.886949501970497,0.9183022305370697,No,1.3819195220344944,SW
1985.1666666666667,-0.139810718862055,1.4410133970810963,0.07043854358030721,-0.886949501970497,0.9183022305370697,No,1.3716412217993486,SW
1985.25,-0.06391445409953458,1.4417343129224547,-0.016456937258717552,-0.886949501970497,0.9183022305370697,No,1.3613629215642025,SW
1985.3333333333335,-0.051636401059369494,1.4424552287638128,-0.039734206375386716,-0.886949501970497,0.9183022305370697,No,1.3510846213290566,SW
1985.4166666666667,0.02830537120825432,1.4431761446051712,-0.13067519471951483,-0.886949501970497,0.9183022305370697,No,1.3408063210939107,SW
1985.5,-0.0059430786301755256,1.4438970604465295,-0.10742596095758938,-0.886949501970497,0.9183022305370697,No,1.3305280208587646,SW
1985.5833333333335,0.10703794011672803,1.4446179762878877,-0.1328445156732112,-0.886949501970497,0.9183022305370697,No,1.4188114007314045,SW
1985.6666666666667,0.12352137992633709,1.445338892129246,-0.061765491451538423,-0.886949501970497,0.9183022305370697,No,1.5070947806040447,SW
1985.75,0.15325700029869757,1.4460598079706044,-0.0039386477926173225,-0.886949501970497,0.9183022305370697,No,1.5953781604766846,SW
1985.8333333333335,0.0988381442990923,1.4467807238119625,0.03523243750376337,-0.886949501970497,0.9183022305370697,No,1.5808513056148181,SW
1985.9166666666667,-0.02682154805272779,1.447501639653321,0.14564435915235885,-0.886949501970497,0.9183022305370697,No,1.566324450752952,SW
1986,-0.10026755804507265,1.448222555494679,0.20384259844147912,-0.886949501970497,0.9183022305370697,No,1.5517975958910855,SW
1986.0833333333335,-0.12256607216673064,1.4489434713360374,0.21089334185991238,-0.886949501970497,0.9183022305370697,No,1.5372707410292192,SW
1986.1666666666667,-0.139810718862055,1.4496643871773958,0.212890217852012,-0.886949501970497,0.9183022305370697,No,1.5227438861673528,SW
1986.25,-0.06391445409953458,1.450385303018754,0.12174618238626733,-0.886949501970497,0.9183022305370697,No,1.5082170313054866,SW
1986.3333333333335,-0.051636401059369494,1.4511062188601123,0.09422035864287737,-0.886949501970497,0.9183022305370697,No,1.4936901764436201,SW
1986.4166666666667,0.02830537120825432,1.4527646857313634,-0.001906735357863898,-0.886949501970497,0.9183022305370697,No,1.479163321581754,SW
1986.5,-0.0059430786301755256,1.4544231526026148,0.01615639274744818,-0.886949501970497,0.9183022305370697,No,1.4646364667198875,SW
1986.5833333333335,0.10703794011672803,1.4560816194738662,-0.113009947732573,-0.886949501970497,0.9183022305370697,No,1.4501096118580212,SW
1986.6666666666667,0.12352137992633709,1.4577400863451173,-0.14567870927529958,-0.886949501970497,0.9183022305370697,No,1.4355827569961548,SW
1986.75,0.15325700029869757,1.4593985532163685,-0.2088616225076807,-0.886949501970497,0.9183022305370697,No,1.4037939310073853,SW
1986.8333333333335,0.0988381442990923,1.4610570200876198,-0.21405060948558896,-0.886949501970497,0.9183022305370697,No,1.345844554901123,SW
1986.9166666666667,-0.02682154805272779,1.4627154869588712,-0.14799876011128243,-0.886949501970497,0.9183022305370697,No,1.287895178794861,SW
1987,-0.10026755804507265,1.4643739538301224,-0.13416059309645112,-0.886949501970497,0.9183022305370697,No,1.2299458026885985,SW
1987.0833333333335,-0.12256607216673064,1.4660324207013735,-0.1714699219523066,-0.886949501970497,0.9183022305370697,No,1.1719964265823364,SW
1987.1666666666667,-0.139810718862055,1.467690887572625,-0.2138331182344957,-0.886949501970497,0.9183022305370697,No,1.1140470504760742,SW
1987.25,-0.06391445409953458,1.4693493544438763,-0.16116618496271928,-0.886949501970497,0.9183022305370697,No,1.2442687153816223,SW
1987.3333333333335,-0.051636401059369494,1.4710078213151274,-0.0448810399685875,-0.886949501970497,0.9183022305370697,No,1.3744903802871704,SW
1987.4166666666667,0.02830537120825432,1.4726662881863786,-0.04268386400990809,-0.886949501970497,0.9183022305370697,No,1.4582877953847249,SW
1987.5,-0.0059430786301755256,1.47432475505763,0.0737035340548251,-0.886949501970497,0.9183022305370697,No,1.5420852104822795,SW
1987.5833333333335,0.10703794011672803,1.4772516440018646,0.04159304146124132,-0.886949501970497,0.9183022305370697,No,1.625882625579834,SW
1987.6666666666667,0.12352137992633709,1.4801785329460992,0.189047703895447,-0.886949501970497,0.9183022305370697,No,1.7927476167678833,SW
1987.75,0.15325700029869757,1.483105421890334,0.0641056411654608,-0.886949501970497,0.9183022305370697,No,1.7004680633544922,SW
1987.8333333333335,0.0988381442990923,1.4860323108345683,0.10370215337393596,-0.886949501970497,0.9183022305370697,No,1.6885726085075965,SW
1987.9166666666667,-0.02682154805272779,1.488959199778803,0.21453950193462568,-0.886949501970497,0.9183022305370697,No,1.6766771536607008,SW
1988,-0.10026755804507265,1.4918860887230376,0.2731631681358402,-0.886949501970497,0.9183022305370697,No,1.6647816988138051,SW
1988.0833333333335,-0.12256607216673064,1.4948129776672723,0.2806393384663679,-0.886949501970497,0.9183022305370697,No,1.6528862439669096,SW
1988.1666666666667,-0.139810718862055,1.497739866611507,0.283061641370562,-0.886949501970497,0.9183022305370697,No,1.640990789120014,SW
1988.25,-0.06391445409953458,1.5006667555557416,0.19234303281691134,-0.886949501970497,0.9183022305370697,No,1.6290953342731183,SW
1988.3333333333335,-0.051636401059369494,1.5035936444999762,0.16524263598561584,-0.886949501970497,0.9183022305370697,No,1.6171998794262226,SW
1988.4166666666667,0.02830537120825432,1.5065205334442107,0.07047851992686183,-0.886949501970497,0.9183022305370697,No,1.6053044245793269,SW
1988.5,-0.0059430786301755256,1.5094474223884453,0.08990462597416138,-0.886949501970497,0.9183022305370697,No,1.5934089697324312,SW
1988.5833333333335,0.10703794011672803,1.51237431133268,-0.037898736563872326,-0.886949501970497,0.9183022305370697,No,1.5815135148855357,SW
1988.6666666666667,0.12352137992633709,1.5153012002769146,-0.06920452016461165,-0.886949501970497,0.9183022305370697,No,1.56961806003864,SW
1988.75,0.15325700029869757,1.517801290078705,-0.11333568518565817,-0.886949501970497,0.9183022305370697,No,1.5577226051917443,SW
1988.8333333333335,0.0988381442990923,1.5203013798804954,-0.07331237383473899,-0.886949501970497,0.9183022305370697,No,1.5458271503448486,SW
1988.9166666666667,-0.02682154805272779,1.5228014696822858,-0.151956574728618,-0.886949501970497,0.9183022305370697,No,1.34402334690094,SW
1989,-0.10026755804507265,1.5253015594840762,-0.28586451706209615,-0.886949501970497,0.9183022305370697,No,1.1391694843769073,SW
1989.0833333333335,-0.12256607216673064,1.5278016492858666,-0.4709199552662613,-0.886949501970497,0.9183022305370697,No,0.9343156218528746,SW
1989.1666666666667,-0.139810718862055,1.530301739087657,-0.32646359159858784,-0.886949501970497,0.9183022305370697,No,1.0640274286270142,SW
1989.25,-0.06391445409953458,1.5328018288894472,-0.27514813938875893,-0.886949501970497,0.9183022305370697,No,1.1937392354011536,SW
1989.3333333333335,-0.051636401059369494,1.5353019186912376,-0.16021447545657508,-0.886949501970497,0.9183022305370697,No,1.323451042175293,SW
1989.4166666666667,0.02830537120825432,1.537802008493028,-0.3473335378433722,-0.886949501970497,0.9183022305370697,No,1.2187738418579102,SW
1989.5,-0.0059430786301755256,1.5403020982948183,0.03874762687313793,-0.886949501970497,0.9183022305370697,No,1.5731066465377808,SW
1989.5833333333335,0.10703794011672803,1.5428021880966087,0.41908954402787413,-0.886949501970497,0.9183022305370697,No,2.068929672241211,SW
1989.6666666666667,0.12352137992633709,1.5453022778983991,0.20616388480450576,-0.886949501970497,0.9183022305370697,No,1.874987542629242,SW
1989.75,0.15325700029869757,1.5478023677001895,-0.02001395498161407,-0.886949501970497,0.9183022305370697,No,1.681045413017273,SW
1989.8333333333335,0.0988381442990923,1.55030245750198,0.016270155263746977,-0.886949501970497,0.9183022305370697,No,1.6654107570648191,SW
1989.9166666666667,-0.02682154805272779,1.5507968898079774,-0.4457533053935552,-0.886949501970497,0.9183022305370697,No,1.0782220363616943,SW
1990,-0.10026755804507265,1.5512913221139748,-0.4927536911318906,-0.886949501970497,0.9183022305370697,No,0.9582700729370115,SW
1990.0833333333335,-0.12256607216673064,1.551785754419972,-0.3773172688850164,-0.886949501970497,0.9183022305370697,No,1.051902413368225,SW
1990.1666666666667,-0.139810718862055,1.5522801867259695,-0.43528451655852507,-0.886949501970497,0.9183022305370697,No,0.9771849513053894,SW
1990.25,-0.06391445409953458,1.552774619031967,-0.3143308806936169,-0.886949501970497,0.9183022305370697,No,1.1745292842388153,SW
1990.3333333333335,-0.051636401059369494,1.5532690513379643,-0.12975903310635362,-0.886949501970497,0.9183022305370697,No,1.3718736171722412,SW
1990.4166666666667,0.02830537120825432,1.5537634836439616,-0.07129460005332677,-0.886949501970497,0.9183022305370697,No,1.5107742547988892,SW
1990.5,-0.0059430786301755256,1.554257915949959,0.10136005510575363,-0.886949501970497,0.9183022305370697,No,1.649674892425537,SW
1990.5833333333335,0.10703794011672803,1.5547523482559564,-0.09966818182056048,-0.886949501970497,0.9183022305370697,No,1.562122106552124,SW
1990.6666666666667,0.12352137992633709,1.5552467805619539,-0.164459111835642,-0.886949501970497,0.9183022305370697,No,1.514309048652649,SW
1990.75,0.15325700029869757,1.5557412128679513,-0.10195625817244713,-0.886949501970497,0.9183022305370697,No,1.6070419549942017,SW
1990.8333333333335,0.0988381442990923,1.5562356451739485,4.524313254516965e-4,-0.886949501970497,0.9183022305370697,No,1.6555262207984924,SW
1990.9166666666667,-0.02682154805272779,1.556730077479946,0.1741019571755651,-0.886949501970497,0.9183022305370697,No,1.7040104866027832,SW
1991,-0.10026755804507265,1.5572245097859434,0.2955378006662035,-0.886949501970497,0.9183022305370697,No,1.7524947524070742,SW
1991.0833333333335,-0.12256607216673064,1.5559729437481924,0.3675721466299031,-0.886949501970497,0.9183022305370697,No,1.800979018211365,SW
1991.1666666666667,-0.139810718862055,1.5547213777104414,0.43455262516726934,-0.886949501970497,0.9183022305370697,No,1.8494632840156557,SW
1991.25,-0.06391445409953458,1.5534698116726904,0.4083921922467908,-0.886949501970497,0.9183022305370697,No,1.8979475498199465,SW
1991.3333333333335,-0.051636401059369494,1.5522182456349392,0.44584997104866764,-0.886949501970497,0.9183022305370697,No,1.9464318156242373,SW
1991.4166666666667,0.02830537120825432,1.5509666795971881,0.41564403062308575,-0.886949501970497,0.9183022305370697,No,1.9949160814285283,SW
1991.5,-0.0059430786301755256,1.5497151135594371,0.4996283123035574,-0.886949501970497,0.9183022305370697,No,2.043400347232819,SW
1991.5833333333335,0.10703794011672803,1.5484635475216861,0.4363831253986956,-0.886949501970497,0.9183022305370697,No,2.09188461303711,SW
1991.6666666666667,0.12352137992633709,1.5472119814839351,0.1245213459261536,-0.886949501970497,0.9183022305370697,No,1.7952547073364258,SW
1991.75,0.15325700029869757,1.5459604154461841,0.08528061113185692,-0.886949501970497,0.9183022305370697,No,1.7844980268767385,SW
1991.8333333333335,0.0988381442990923,1.5447088494084331,0.13019435270952595,-0.886949501970497,0.9183022305370697,No,1.7737413464170513,SW
1991.9166666666667,-0.02682154805272779,1.5434572833706819,0.2463489306394102,-0.886949501970497,0.9183022305370697,No,1.7629846659573642,SW
1992,-0.10026755804507265,1.5422057173329309,0.3102898262098188,-0.886949501970497,0.9183022305370697,No,1.752227985497677,SW
1992.0833333333335,-0.12256607216673064,1.5409541512951799,0.3230832259095404,-0.886949501970497,0.9183022305370697,No,1.7414713050379897,SW
1992.1666666666667,-0.139810718862055,1.5397025852574289,0.3308227581829286,-0.886949501970497,0.9183022305370697,No,1.7307146245783025,SW
1992.25,-0.06391445409953458,1.5376616253936437,0.2462107728245062,-0.886949501970497,0.9183022305370697,No,1.7199579441186152,SW
1992.3333333333335,-0.051636401059369494,1.5356206655298585,0.22521699918843918,-0.886949501970497,0.9183022305370697,No,1.7092012636589282,SW
1992.4166666666667,0.02830537120825432,1.5335797056660734,0.1365595063249132,-0.886949501970497,0.9183022305370697,No,1.698444583199241,SW
1992.5,-0.0059430786301755256,1.5315387458022882,0.162092235567441,-0.886949501970497,0.9183022305370697,No,1.6876879027395537,SW
1992.5833333333335,0.10703794011672803,1.529497785938503,0.04039549622463534,-0.886949501970497,0.9183022305370697,No,1.6769312222798665,SW
1992.6666666666667,0.12352137992633709,1.5274568260747179,0.015196335819124496,-0.886949501970497,0.9183022305370697,No,1.6661745418201794,SW
1992.75,0.15325700029869757,1.5254158662109327,-0.02325500514913803,-0.886949501970497,0.9183022305370697,No,1.6554178613604922,SW
1992.8333333333335,0.0988381442990923,1.5233749063471476,0.022448130254565157,-0.886949501970497,0.9183022305370697,No,1.644661180900805,SW
1992.9166666666667,-0.02682154805272779,1.5213339464833624,0.13939210201048313,-0.886949501970497,0.9183022305370697,No,1.6339045004411177,SW
1993,-0.10026755804507265,1.5192929866195772,0.2041223914069259,-0.886949501970497,0.9183022305370697,No,1.6231478199814304,SW
1993.0833333333335,-0.12256607216673064,1.517252026755792,0.21770518493268187,-0.886949501970497,0.9183022305370697,No,1.6123911395217434,SW
1993.1666666666667,-0.139810718862055,1.515211066892007,0.22623411103210422,-0.886949501970497,0.9183022305370697,No,1.6016344590620561,SW
1993.25,-0.06391445409953458,1.5131701070282217,0.14162212567368182,-0.886949501970497,0.9183022305370697,No,1.590877778602369,SW
1993.3333333333335,-0.051636401059369494,1.5111291471644366,0.12062835203761457,-0.886949501970497,0.9183022305370697,No,1.5801210981426816,SW
1993.4166666666667,0.02830537120825432,1.5078220705626417,0.03323697591209829,-0.886949501970497,0.9183022305370697,No,1.5693644176829944,SW
1993.5,-0.0059430786301755256,1.5045149939608469,0.06003582189263601,-0.886949501970497,0.9183022305370697,No,1.5586077372233074,SW
1993.5833333333335,0.10703794011672803,1.501207917359052,-0.06039480071215997,-0.886949501970497,0.9183022305370697,No,1.5478510567636201,SW
1993.6666666666667,0.12352137992633709,1.4979008407572572,-0.08432784437966134,-0.886949501970497,0.9183022305370697,No,1.5370943763039329,SW
1993.75,0.15325700029869757,1.4945937641554623,-0.12151306860991418,-0.886949501970497,0.9183022305370697,No,1.5263376958442456,SW
1993.8333333333335,0.0988381442990923,1.4912866875536674,-0.07454381646820107,-0.886949501970497,0.9183022305370697,No,1.5155810153845586,SW
1993.9166666666667,-0.02682154805272779,1.4879796109518728,0.04366627202572637,-0.886949501970497,0.9183022305370697,No,1.5048243349248713,SW
1994,-0.10026755804507265,1.484672534350078,0.10966267816017883,-0.886949501970497,0.9183022305370697,No,1.494067654465184,SW
1994.0833333333335,-0.12256607216673064,1.481365457748283,0.12451158842394427,-0.886949501970497,0.9183022305370697,No,1.4833109740054968,SW
1994.1666666666667,-0.139810718862055,1.4780583811464882,0.13430663126137632,-0.886949501970497,0.9183022305370697,No,1.4725542935458096,SW
1994.25,-0.06391445409953458,1.4747513045446934,0.05096076264096361,-0.886949501970497,0.9183022305370697,No,1.4617976130861223,SW
1994.3333333333335,-0.051636401059369494,1.4714442279428985,0.031233105742906275,-0.886949501970497,0.9183022305370697,No,1.4510409326264353,SW
1994.4166666666667,0.02830537120825432,1.4681371513411037,-0.05615827038261001,-0.886949501970497,0.9183022305370697,No,1.440284252166748,SW
1994.5,-0.0059430786301755256,1.4648300747393088,-0.06604249795163208,-0.886949501970497,0.9183022305370697,No,1.3928444981575012,SW
1994.5833333333335,0.10703794011672803,1.4600943588722832,-0.2217275548407569,-0.886949501970497,0.9183022305370697,No,1.3454047441482544,SW
1994.6666666666667,0.12352137992633709,1.4553586430052576,-0.2809150327925871,-0.886949501970497,0.9183022305370697,No,1.2979649901390076,SW
1994.75,0.15325700029869757,1.450622927138232,-0.3533546913071688,-0.886949501970497,0.9183022305370697,No,1.2505252361297607,SW
1994.8333333333335,0.0988381442990923,1.4458872112712065,-0.34163987344978475,-0.886949501970497,0.9183022305370697,No,1.203085482120514,SW
1994.9166666666667,-0.02682154805272779,1.4411514954041809,-0.2586842192401859,-0.886949501970497,0.9183022305370697,No,1.155645728111267,SW
1995,-0.10026755804507265,1.4364157795371553,-0.25313218355110356,-0.886949501970497,0.9183022305370697,No,1.083016037940979,SW
1995.0833333333335,-0.12256607216673064,1.4316800636701297,-0.2987276437327082,-0.886949501970497,0.9183022305370697,No,1.010386347770691,SW
1995.1666666666667,-0.139810718862055,1.4269443478031039,-0.19522994241761138,-0.886949501970497,0.9183022305370697,No,1.0919036865234375,SW
1995.25,-0.06391445409953458,1.4222086319360783,-0.18487315256035952,-0.886949501970497,0.9183022305370697,No,1.173421025276184,SW
1995.3333333333335,-0.051636401059369494,1.4174729160690527,-0.19308528699505523,-0.886949501970497,0.9183022305370697,No,1.172751228014628,SW
1995.4166666666667,0.02830537120825432,1.412737200202027,-0.26896114065720944,-0.886949501970497,0.9183022305370697,No,1.172081430753072,SW
1995.5,-0.0059430786301755256,1.4080014843350015,-0.2306467722133101,-0.886949501970497,0.9183022305370697,No,1.171411633491516,SW
1995.5833333333335,0.10703794011672803,1.403265768467976,0.11367502543171448,-0.886949501970497,0.9183022305370697,No,1.6239787340164185,SW
1995.6666666666667,0.12352137992633709,1.3985300526009503,-0.08237920085309303,-0.886949501970497,0.9183022305370697,No,1.4396722316741943,SW
1995.75,0.15325700029869757,1.3949484115945299,0.2652271623789286,-0.886949501970497,0.9183022305370697,No,1.813432574272156,SW
1995.8333333333335,0.0988381442990923,1.3913667705881094,0.2473491584465386,-0.886949501970497,0.9183022305370697,No,1.7375540733337402,SW
1995.9166666666667,-0.02682154805272779,1.3877851295816892,-0.2919505819943544,-0.886949501970497,0.9183022305370697,No,1.069012999534607,SW
1996,-0.10026755804507265,1.3842034885752688,-0.12476434926188573,-0.886949501970497,0.9183022305370697,No,1.1591715812683103,SW
1996.0833333333335,-0.12256607216673064,1.3806218475688483,-0.04162968897633679,-0.886949501970497,0.9183022305370697,No,1.216426086425781,SW
1996.1666666666667,-0.139810718862055,1.3770402065624279,0.03645110388287898,-0.886949501970497,0.9183022305370697,No,1.2736805915832519,SW
1996.25,-0.06391445409953458,1.3734585655560076,0.021390985284249542,-0.886949501970497,0.9183022305370697,No,1.3309350967407225,SW
1996.3333333333335,-0.051636401059369494,1.3698769245495872,0.0699490784079757,-0.886949501970497,0.9183022305370697,No,1.3881896018981934,SW
1996.4166666666667,0.02830537120825432,1.3662952835431668,0.05084345230424292,-0.886949501970497,0.9183022305370697,No,1.445444107055664,SW
1996.5,-0.0059430786301755256,1.3627136425367463,0.0364489070712124,-0.886949501970497,0.9183022305370697,No,1.3932194709777832,SW
1996.5833333333335,0.10703794011672803,1.3591320015303259,-0.11738115230662594,-0.886949501970497,0.9183022305370697,No,1.348788789340428,SW
1996.6666666666667,0.12352137992633709,1.3555503605239057,-0.1747136327471701,-0.886949501970497,0.9183022305370697,No,1.3043581077030726,SW
1996.75,0.15325700029869757,1.3519687195174852,-0.2452982937504653,-0.886949501970497,0.9183022305370697,No,1.2599274260657174,SW
1996.8333333333335,0.0988381442990923,1.3483870785110648,-0.23172847838179478,-0.886949501970497,0.9183022305370697,No,1.2154967444283622,SW
1996.9166666666667,-0.02682154805272779,1.3470082653032576,-0.14912065445952272,-0.886949501970497,0.9183022305370697,No,1.171066062791007,SW
1997,-0.10026755804507265,1.3456294520954504,-0.11872651289672609,-0.886949501970497,0.9183022305370697,No,1.1266353811536516,SW
1997.0833333333335,-0.12256607216673064,1.3442506388876432,-0.13947986720461625,-0.886949501970497,0.9183022305370697,No,1.0822046995162964,SW
1997.1666666666667,-0.139810718862055,1.342871825679836,0.1798809736799607,-0.886949501970497,0.9183022305370697,No,1.3829420804977417,SW
1997.25,-0.06391445409953458,1.3414930124720288,0.4992453199157749,-0.886949501970497,0.9183022305370697,No,1.776823878288269,SW
1997.3333333333335,-0.051636401059369494,1.3401141992642216,0.2198643486686218,-0.886949501970497,0.9183022305370697,No,1.508342146873474,SW
1997.4166666666667,0.02830537120825432,1.3387353860564144,0.07040249911350505,-0.886949501970497,0.9183022305370697,No,1.4374432563781738,SW
1997.5,-0.0059430786301755256,1.337356572848607,0.019111169706739428,-0.886949501970497,0.9183022305370697,No,1.350524663925171,SW
1997.5833333333335,0.10703794011672803,1.3359777596407998,-0.04963374651808694,-0.886949501970497,0.9183022305370697,No,1.393381953239441,SW
1997.6666666666667,0.12352137992633709,1.3345989464329926,0.4026576477693935,-0.886949501970497,0.9183022305370697,No,1.8607779741287231,SW
1997.75,0.15325700029869757,1.3332201332251854,0.17942607711607073,-0.886949501970497,0.9183022305370697,No,1.6659032106399536,SW
1997.8333333333335,0.0988381442990923,1.3318413200173782,0.12690070869912407,-0.886949501970497,0.9183022305370697,No,1.5575801730155945,SW
1997.9166666666667,-0.02682154805272779,1.330462506809571,0.1456161766343922,-0.886949501970497,0.9183022305370697,No,1.4492571353912354,SW
1998,-0.10026755804507265,1.3290836936017638,0.11211796221018511,-0.886949501970497,0.9183022305370697,No,1.3409340977668762,SW
1998.0833333333335,-0.12256607216673064,1.3286834358347481,0.026493696474499506,-0.886949501970497,0.9183022305370697,No,1.232611060142517,SW
1998.1666666666667,-0.139810718862055,1.3282831780677327,-0.08058519113927143,-0.886949501970497,0.9183022305370697,No,1.1078872680664062,SW
1998.25,-0.06391445409953458,1.327882920300717,-0.17895436135804266,-0.886949501970497,0.9183022305370697,No,1.0850141048431396,SW
1998.3333333333335,-0.051636401059369494,1.3274826625337013,-0.17339192926936642,-0.886949501970497,0.9183022305370697,No,1.1024543322049654,SW
1998.4166666666667,0.02830537120825432,1.3270824047666858,-0.2354932164081489,-0.886949501970497,0.9183022305370697,No,1.1198945595667913,SW
1998.5,-0.0059430786301755256,1.3266821469996701,-0.18340428144087761,-0.886949501970497,0.9183022305370697,No,1.137334786928617,SW
1998.5833333333335,0.10703794011672803,1.3262818892326547,-0.2785448150589398,-0.886949501970497,0.9183022305370697,No,1.154775014290443,SW
1998.6666666666667,0.12352137992633709,1.325881631465639,-0.2771877697397074,-0.886949501970497,0.9183022305370697,No,1.1722152416522686,SW
1998.75,0.15325700029869757,1.3254813736986233,-0.2890829049832264,-0.886949501970497,0.9183022305370697,No,1.1896554690140944,SW
1998.8333333333335,0.0988381442990923,1.3250811159316078,-0.21682356385477974,-0.886949501970497,0.9183022305370697,No,1.2070956963759203,SW
1998.9166666666667,-0.02682154805272779,1.3246808581645921,-0.07332338637411828,-0.886949501970497,0.9183022305370697,No,1.224535923737746,SW
1999,-0.10026755804507265,1.3242806003975764,0.01796310874706797,-0.886949501970497,0.9183022305370697,No,1.2419761510995717,SW
1999.0833333333335,-0.12256607216673064,1.323880342630561,0.05810210799756721,-0.886949501970497,0.9183022305370697,No,1.2594163784613976,SW
1999.1666666666667,-0.139810718862055,1.3234800848635453,0.09318723982173305,-0.886949501970497,0.9183022305370697,No,1.2768566058232234,SW
1999.25,-0.06391445409953458,1.3235603735442971,0.03465091374028684,-0.886949501970497,0.9183022305370697,No,1.2942968331850493,SW
1999.3333333333335,-0.051636401059369494,1.323640662225049,0.03973279938119556,-0.886949501970497,0.9183022305370697,No,1.311737060546875,SW
1999.4166666666667,0.02830537120825432,1.323720950905801,0.04295883712412407,-0.886949501970497,0.9183022305370697,No,1.3949851592381795,SW
1999.5,-0.0059430786301755256,1.3238012395865528,0.1603750969731068,-0.886949501970497,0.9183022305370697,No,1.4782332579294841,SW
1999.5833333333335,0.10703794011672803,1.3238815282673047,0.13056188823675585,-0.886949501970497,0.9183022305370697,No,1.5614813566207886,SW
1999.6666666666667,0.12352137992633709,1.3239618169480565,0.0069076865713459945,-0.886949501970497,0.9183022305370697,No,1.4543908834457395,SW
1999.75,0.15325700029869757,1.3240421056288085,-0.09577660938616517,-0.886949501970497,0.9183022305370697,No,1.3815224965413408,SW
1999.8333333333335,0.0988381442990923,1.3241223943095604,-0.11430642897171017,-0.886949501970497,0.9183022305370697,No,1.3086541096369424,SW
1999.9166666666667,-0.02682154805272779,1.3242026829903122,-0.06159541220504061,-0.886949501970497,0.9183022305370697,No,1.2357857227325437,SW
2000,-0.10026755804507265,1.324282971671064,-0.06109807779784626,-0.886949501970497,0.9183022305370697,No,1.162917335828145,SW
2000.0833333333335,-0.12256607216673064,1.3243632603518158,-0.1117482392613387,-0.886949501970497,0.9183022305370697,No,1.0900489489237466,SW
2000.1666666666667,-0.139810718862055,1.324443549032568,-0.16745226815116498,-0.886949501970497,0.9183022305370697,No,1.017180562019348,SW
2000.25,-0.06391445409953458,1.3245238377133197,-0.013284380466659806,-0.886949501970497,0.9183022305370697,No,1.2473250031471252,SW
2000.3333333333335,-0.051636401059369494,1.3246041263940715,0.2045017189402003,-0.886949501970497,0.9183022305370697,No,1.4774694442749023,SW
2000.4166666666667,0.02830537120825432,1.325529290943709,-0.005538615894944421,-0.886949501970497,0.9183022305370697,No,1.348296046257019,SW
2000.5,-0.0059430786301755256,1.3264544554933468,-0.13290063143317843,-0.886949501970497,0.9183022305370697,No,1.187610745429993,SW
2000.5833333333335,0.10703794011672803,1.3273796200429844,0.7347270702724165,-0.886949501970497,0.9183022305370697,No,2.169144630432129,SW
2000.6666666666667,0.12352137992633709,1.328304784592622,0.6358322591248866,-0.886949501970497,0.9183022305370697,No,2.0876584236438456,SW
2000.75,0.15325700029869757,1.3292299491422594,0.5236852674146057,-0.886949501970497,0.9183022305370697,No,2.0061722168555627,SW
2000.8333333333335,0.0988381442990923,1.3301551136918972,0.49569275207629016,-0.886949501970497,0.9183022305370697,No,1.9246860100672796,SW
2000.9166666666667,-0.02682154805272779,1.3310802782415347,0.5389410730901896,-0.886949501970497,0.9183022305370697,No,1.8431998032789965,SW
2001,-0.10026755804507265,1.3320054427911723,0.5299757117446138,-0.886949501970497,0.9183022305370697,No,1.7617135964907134,SW
2001.0833333333335,-0.12256607216673064,1.33293060734081,0.4698628545283505,-0.886949501970497,0.9183022305370697,No,1.68022738970243,SW
2001.1666666666667,-0.139810718862055,1.3338557718904476,0.40469612988575454,-0.886949501970497,0.9183022305370697,No,1.5987411829141471,SW
2001.25,-0.06391445409953458,1.334780936440085,0.24638849378531336,-0.886949501970497,0.9183022305370697,No,1.5172549761258638,SW
2001.3333333333335,-0.051636401059369494,1.3357061009897226,0.15169906940722755,-0.886949501970497,0.9183022305370697,No,1.4357687693375807,SW
2001.4166666666667,0.02830537120825432,1.3366312655393604,-0.01065407419831721,-0.886949501970497,0.9183022305370697,No,1.3542825625492976,SW
2001.5,-0.0059430786301755256,1.337556430088998,-0.05881699569780796,-0.886949501970497,0.9183022305370697,No,1.2727963557610145,SW
2001.5833333333335,0.10703794011672803,1.3388943504637263,-0.254622141607723,-0.886949501970497,0.9183022305370697,No,1.1913101489727314,SW
2001.6666666666667,0.12352137992633709,1.3402322708384549,-0.35392970858034367,-0.886949501970497,0.9183022305370697,No,1.1098239421844482,SW
2001.75,0.15325700029869757,1.3415701912131834,-0.3996247753303167,-0.886949501970497,0.9183022305370697,No,1.0952024161815643,SW
2001.8333333333335,0.0988381442990923,1.3429081115879118,-0.3611653657083237,-0.886949501970497,0.9183022305370697,No,1.0805808901786804,SW
2001.9166666666667,-0.02682154805272779,1.3442460319626401,-0.2514651197341158,-0.886949501970497,0.9183022305370697,No,1.0659593641757965,SW
2002,-0.10026755804507265,1.3455839523373687,-0.19397855611938342,-0.886949501970497,0.9183022305370697,No,1.0513378381729126,SW
2002.0833333333335,-0.12256607216673064,1.3469218727120973,-0.21505115786805962,-0.886949501970497,0.9183022305370697,No,1.0093046426773071,SW
2002.1666666666667,-0.139810718862055,1.3482597930868256,-0.014403649763405912,-0.886949501970497,0.9183022305370697,No,1.1940454244613647,SW
2002.25,-0.06391445409953458,1.349597713461554,-0.2358299344718826,-0.886949501970497,0.9183022305370697,No,1.0498533248901367,SW
2002.3333333333335,-0.051636401059369494,1.3509356338362826,-0.14345130186871002,-0.886949501970497,0.9183022305370697,No,1.155847930908203,SW
2002.4166666666667,0.02830537120825432,1.3522735542110111,-0.11873638849299595,-0.886949501970497,0.9183022305370697,No,1.2618425369262696,SW
2002.5,-0.0059430786301755256,1.3536114745857395,0.020168746988771913,-0.886949501970497,0.9183022305370697,No,1.367837142944336,SW
2002.5833333333335,0.10703794011672803,1.3549493949604678,0.011844413885206517,-0.886949501970497,0.9183022305370697,No,1.4738317489624024,SW
2002.6666666666667,0.12352137992633709,1.3562873153351964,0.10001765971893528,-0.886949501970497,0.9183022305370697,No,1.5798263549804688,SW
2002.75,0.15325700029869757,1.3571794615140262,0.19090814744783535,-0.886949501970497,0.9183022305370697,No,1.701344609260559,SW
2002.8333333333335,0.0988381442990923,1.358071607692856,-0.16750142584296146,-0.886949501970497,0.9183022305370697,No,1.2894083261489868,SW
2002.9166666666667,-0.02682154805272779,1.3589637538716859,-0.07210871754533743,-0.886949501970497,0.9183022305370697,No,1.2600334882736206,SW
2003,-0.10026755804507265,1.3598559000505157,-0.028929691607188612,-0.886949501970497,0.9183022305370697,No,1.2306586503982544,SW
2003.0833333333335,-0.12256607216673064,1.3607480462293455,-0.036898161539726804,-0.886949501970497,0.9183022305370697,No,1.2012838125228882,SW
2003.1666666666667,-0.139810718862055,1.3616401924081754,-0.0499204988985984,-0.886949501970497,0.9183022305370697,No,1.171908974647522,SW
2003.25,-0.06391445409953458,1.3625323385870052,-0.15608374771531475,-0.886949501970497,0.9183022305370697,No,1.1425341367721558,SW
2003.3333333333335,-0.051636401059369494,1.363424484765835,-0.19862878480967594,-0.886949501970497,0.9183022305370697,No,1.1131592988967896,SW
2003.4166666666667,0.02830537120825432,1.3643166309446648,-0.30883754113149586,-0.886949501970497,0.9183022305370697,No,1.0837844610214233,SW
2003.5,-0.0059430786301755256,1.3652087771234946,-0.304856075347262,-0.886949501970497,0.9183022305370697,No,1.0544096231460571,SW
2003.5833333333335,0.10703794011672803,1.3661009233023245,0.23413581195021016,-0.886949501970497,0.9183022305370697,No,1.7072746753692627,SW
2003.6666666666667,0.12352137992633709,1.3669930694811543,0.008805342386331905,-0.886949501970497,0.9183022305370697,No,1.4993197917938232,SW
2003.75,0.15325700029869757,1.3678852156599841,-0.13112911724194576,-0.886949501970497,0.9183022305370697,No,1.3900130987167358,SW
2003.8333333333335,0.0988381442990923,1.368777361838814,-0.07388978310972316,-0.886949501970497,0.9183022305370697,No,1.393725723028183,SW
2003.9166666666667,-0.02682154805272779,1.3693807105943574,0.05487918479800058,-0.886949501970497,0.9183022305370697,No,1.3974383473396301,SW
2004,-0.10026755804507265,1.3699840593499009,0.1314344703462491,-0.886949501970497,0.9183022305370697,No,1.4011509716510773,SW
2004.0833333333335,-0.12256607216673064,1.3705874081054443,0.15684226002381063,-0.886949501970497,0.9183022305370697,No,1.4048635959625244,SW
2004.1666666666667,-0.139810718862055,1.371190756860988,0.17719618227503853,-0.886949501970497,0.9183022305370697,No,1.4085762202739716,SW
2004.25,-0.06391445409953458,1.3717941056165315,0.10440919306842189,-0.886949501970497,0.9183022305370697,No,1.4122888445854187,SW
2004.3333333333335,-0.051636401059369494,1.372397454372075,0.09524041558416041,-0.886949501970497,0.9183022305370697,No,1.4160014688968658,SW
2004.4166666666667,0.02830537120825432,1.3730008031276184,0.0184079188724402,-0.886949501970497,0.9183022305370697,No,1.419714093208313,SW
2004.5,-0.0059430786301755256,1.3736041518831619,0.20885668750064523,-0.886949501970497,0.9183022305370697,No,1.5765177607536316,SW
2004.5833333333335,0.10703794011672803,1.3742075006387053,0.2520759875435168,-0.886949501970497,0.9183022305370697,No,1.7333214282989502,SW
2004.6666666666667,0.12352137992633709,1.3748108493942488,0.24077382975381623,-0.886949501970497,0.9183022305370697,No,1.739106059074402,SW
2004.75,0.15325700029869757,1.3754141981497925,0.13557270828788415,-0.886949501970497,0.9183022305370697,No,1.6642439067363741,SW
2004.8333333333335,0.0988381442990923,1.376017546905336,0.114526063193918,-0.886949501970497,0.9183022305370697,No,1.5893817543983462,SW
2004.9166666666667,-0.02682154805272779,1.3766208956608794,0.16472025445216665,-0.886949501970497,0.9183022305370697,No,1.5145196020603182,SW
2005,-0.10026755804507265,1.3772242444164229,0.16270076335093986,-0.886949501970497,0.9183022305370697,No,1.43965744972229,SW
2005.0833333333335,-0.12256607216673064,1.3787601178371276,0.10860125171386503,-0.886949501970497,0.9183022305370697,No,1.364795297384262,SW
2005.1666666666667,-0.139810718862055,1.3802959912578323,0.0494478726504568,-0.886949501970497,0.9183022305370697,No,1.2899331450462341,SW
2005.25,-0.06391445409953458,1.3818318646785372,-0.1028464178707964,-0.886949501970497,0.9183022305370697,No,1.2150709927082062,SW
2005.3333333333335,-0.051636401059369494,1.383367738099242,-0.19152249666969423,-0.886949501970497,0.9183022305370697,No,1.1402088403701782,SW
2005.4166666666667,0.02830537120825432,1.3849036115199467,0.29523942730597863,-0.886949501970497,0.9183022305370697,No,1.7084484100341797,SW
2005.5,-0.0059430786301755256,1.3864394849406514,-0.10883774732915263,-0.886949501970497,0.9183022305370697,No,1.2716586589813232,SW
2005.5833333333335,0.10703794011672803,1.387975358361356,0.14025634339813653,-0.886949501970497,0.9183022305370697,No,1.6352696418762207,SW
2005.6666666666667,0.12352137992633709,1.389511231782061,-0.17184108148073696,-0.886949501970497,0.9183022305370697,No,1.3411915302276611,SW
2005.75,0.15325700029869757,1.3910471052027658,-0.13727078125982506,-0.886949501970497,0.9183022305370697,No,1.4070333242416382,SW
2005.8333333333335,0.0988381442990923,1.3925829786234705,-0.011569519414567075,-0.886949501970497,0.9183022305370697,No,1.4798516035079956,SW
2005.9166666666667,-0.02682154805272779,1.3941188520441752,0.024272310418953058,-0.886949501970497,0.9183022305370697,No,1.3915696144104004,SW
2006,-0.10026755804507265,1.3956547254648801,0.007900457892997759,-0.886949501970497,0.9183022305370697,No,1.3032876253128052,SW
2006.0833333333335,-0.12256607216673064,1.3971905988855848,-0.05961889050364433,-0.886949501970497,0.9183022305370697,No,1.21500563621521,SW
2006.1666666666667,-0.139810718862055,1.3987264723062895,-0.13219210632661982,-0.886949501970497,0.9183022305370697,No,1.1267236471176147,SW
2006.25,-0.06391445409953458,1.399929930145452,-0.32008935338051203,-0.886949501970497,0.9183022305370697,No,1.0159261226654053,SW
2006.3333333333335,-0.051636401059369494,1.4011333879846142,-0.16072848087513458,-0.886949501970497,0.9183022305370697,No,1.18876850605011,SW
2006.4166666666667,0.02830537120825432,1.4023368458237766,0.5380710665067874,-0.886949501970497,0.9183022305370697,No,1.9687132835388184,SW
2006.5,-0.0059430786301755256,1.403540303662939,0.18574878422169205,-0.886949501970497,0.9183022305370697,No,1.5833460092544556,SW
2006.5833333333335,0.10703794011672803,1.4047437615021012,0.29686199707349226,-0.886949501970497,0.9183022305370697,No,1.8086436986923216,SW
2006.6666666666667,0.12352137992633709,1.4059472193412637,0.11373167901456482,-0.886949501970497,0.9183022305370697,No,1.6432002782821655,SW
2006.75,0.15325700029869757,1.4071506771804259,0.13472982328381633,-0.886949501970497,0.9183022305370697,No,1.6951375007629397,SW
2006.8333333333335,0.0988381442990923,1.4083541350195883,0.6591590390406943,-0.886949501970497,0.9183022305370697,No,2.166351318359375,SW
2006.9166666666667,-0.02682154805272779,1.4095575928587507,0.23558060558460214,-0.886949501970497,0.9183022305370697,No,1.618316650390625,SW
2007,-0.10026755804507265,1.410761050697913,-0.21362867312616785,-0.886949501970497,0.9183022305370697,No,1.0968648195266724,SW
2007.0833333333335,-0.12256607216673064,1.4119645085370753,-0.17231115164642707,-0.886949501970497,0.9183022305370697,No,1.1170872847239177,SW
2007.1666666666667,-0.139810718862055,1.4131679663762378,-0.13604749759301993,-0.886949501970497,0.9183022305370697,No,1.1373097499211628,SW
2007.25,-0.06391445409953458,1.4143714242154,-0.1929247549974571,-0.886949501970497,0.9183022305370697,No,1.1575322151184082,SW
2007.3333333333335,-0.051636401059369494,1.4155748820545624,-0.18618380067953932,-0.886949501970497,0.9183022305370697,No,1.1777546803156536,SW
2007.4166666666667,0.02830537120825432,1.4168834315694099,-0.24721165726476557,-0.886949501970497,0.9183022305370697,No,1.1979771455128987,SW
2007.5,-0.0059430786301755256,1.4181919810842571,-0.1940492917439376,-0.886949501970497,0.9183022305370697,No,1.218199610710144,SW
2007.5833333333335,0.10703794011672803,1.4195005305991046,0.06149627831523419,-0.886949501970497,0.9183022305370697,No,1.588034749031067,SW
2007.6666666666667,0.12352137992633709,1.4208090801139521,0.2479117093398988,-0.886949501970497,0.9183022305370697,No,1.792242169380188,SW
2007.75,0.15325700029869757,1.4221176296287996,0.421074959801812,-0.886949501970497,0.9183022305370697,No,1.996449589729309,SW
2007.8333333333335,0.0988381442990923,1.4234261791436469,0.06963614442988053,-0.886949501970497,0.9183022305370697,No,1.5919004678726196,SW
2007.9166666666667,-0.02682154805272779,1.4247347286584944,-0.42502411486327385,-0.886949501970497,0.9183022305370697,No,0.9728890657424928,SW
2008,-0.10026755804507265,1.4260432781733419,-0.43199721718713757,-0.886949501970497,0.9183022305370697,No,0.8937785029411316,SW
2008.0833333333335,-0.12256607216673064,1.4273518276881891,-0.10103252256552597,-0.886949501970497,0.9183022305370697,No,1.2037532329559326,SW
2008.1666666666667,-0.139810718862055,1.4286603772030366,-0.12148363050895039,-0.886949501970497,0.9183022305370697,No,1.1673660278320312,SW
2008.25,-0.06391445409953458,1.4299689267178841,-0.21113747089410628,-0.886949501970497,0.9183022305370697,No,1.1549170017242432,SW
2008.3333333333335,-0.051636401059369494,1.4312774762327316,-0.18161474163694158,-0.886949501970497,0.9183022305370697,No,1.1980263335364205,SW
2008.4166666666667,0.02830537120825432,1.4325860257475789,-0.21975573160723538,-0.886949501970497,0.9183022305370697,No,1.2411356653485979,SW
2008.5,-0.0059430786301755256,1.4338945752624264,-0.14370649947147562,-0.886949501970497,0.9183022305370697,No,1.2842449971607752,SW
2008.5833333333335,0.10703794011672803,1.4357255143137206,-0.2154091254574959,-0.886949501970497,0.9183022305370697,No,1.3273543289729528,SW
2008.6666666666667,0.12352137992633709,1.437556453365015,-0.1906141725062218,-0.886949501970497,0.9183022305370697,No,1.3704636607851302,SW
2008.75,0.15325700029869757,1.4393873924163092,-0.17907140011769918,-0.886949501970497,0.9183022305370697,No,1.4135729925973075,SW
2008.8333333333335,0.0988381442990923,1.4412183314676035,-0.08337415135721082,-0.886949501970497,0.9183022305370697,No,1.4566823244094849,SW
2008.9166666666667,-0.02682154805272779,1.4430492705188978,0.08356393375549231,-0.886949501970497,0.9183022305370697,No,1.4997916562216622,SW
2009,-0.10026755804507265,1.444880209570192,0.19828833650872024,-0.886949501970497,0.9183022305370697,No,1.5429009880338396,SW
2009.0833333333335,-0.12256607216673064,1.4467111486214863,0.26186524339126116,-0.886949501970497,0.9183022305370697,No,1.586010319846017,SW
2009.1666666666667,-0.139810718862055,1.4485420876727804,0.3203882828474691,-0.886949501970497,0.9183022305370697,No,1.6291196516581945,SW
2009.25,-0.06391445409953458,1.4503730267240746,0.2857704108458319,-0.886949501970497,0.9183022305370697,No,1.6722289834703719,SW
2009.3333333333335,-0.051636401059369494,1.452203965775369,0.3147707505665498,-0.886949501970497,0.9183022305370697,No,1.7153383152825492,SW
2009.4166666666667,0.02830537120825432,1.4540349048266632,0.276107371059809,-0.886949501970497,0.9183022305370697,No,1.7584476470947266,SW
2009.5,-0.0059430786301755256,1.4558658438779575,0.247765337474386,-0.886949501970497,0.9183022305370697,No,1.697688102722168,SW
2009.5833333333335,0.10703794011672803,1.4576967829292518,0.12407598309263101,-0.886949501970497,0.9183022305370697,No,1.6888107061386108,SW
2009.6666666666667,0.12352137992633709,1.459527721980546,0.09688420764817063,-0.886949501970497,0.9183022305370697,No,1.6799333095550537,SW
2009.75,0.15325700029869757,1.4615872099681466,0.05621170270465248,-0.886949501970497,0.9183022305370697,No,1.6710559129714966,SW
2009.8333333333335,0.0988381442990923,1.4636466979557472,0.2223364296415229,-0.886949501970497,0.9183022305370697,No,1.7848212718963623,SW
2009.9166666666667,-0.02682154805272779,1.4657061859433478,0.07900176233215839,-0.886949501970497,0.9183022305370697,No,1.5178864002227783,SW
2010,-0.10026755804507265,1.4677656739309486,-0.11654658733668155,-0.886949501970497,0.9183022305370697,No,1.2509515285491943,SW
2010.0833333333335,-0.12256607216673064,1.4698251619185492,-0.3632424328762083,-0.886949501970497,0.9183022305370697,No,0.9840166568756102,SW
2010.1666666666667,-0.139810718862055,1.4718846499061498,-0.39165521079873344,-0.886949501970497,0.9183022305370697,No,0.9404187202453613,SW
2010.25,-0.06391445409953458,1.4739441378937503,0.20175548962192202,-0.886949501970497,0.9183022305370697,No,1.6117851734161377,SW
2010.3333333333335,-0.051636401059369494,1.476003625881351,-0.158657943854269,-0.886949501970497,0.9183022305370697,No,1.2657092809677124,SW
2010.4166666666667,0.02830537120825432,1.4780631138689515,-0.0429873138507042,-0.886949501970497,0.9183022305370697,No,1.4633811712265017,SW
2010.5,-0.0059430786301755256,1.480122601856552,-0.080308931109067,-0.886949501970497,0.9183022305370697,No,1.3938705921173096,SW
2010.5833333333335,0.10703794011672803,1.482182089844153,-0.14633641923547813,-0.886949501970497,0.9183022305370697,No,1.4428836107254028,SW
2010.6666666666667,0.12352137992633709,1.4842415778317535,-0.11586632842459443,-0.886949501970497,0.9183022305370697,No,1.491896629333496,SW
2010.75,0.15325700029869757,1.486301065819354,-0.2671013665082951,-0.886949501970497,0.9183022305370697,No,1.3724566996097565,SW
2010.8333333333335,0.0988381442990923,1.4883605538069546,-0.33418192822003,-0.886949501970497,0.9183022305370697,No,1.2530167698860168,SW
2010.9166666666667,-0.02682154805272779,1.4893898221326827,-0.3289914339176776,-0.886949501970497,0.9183022305370697,No,1.1335768401622772,SW
2011,-0.10026755804507265,1.490419090458411,-0.3760146219748006,-0.886949501970497,0.9183022305370697,No,1.0141369104385376,SW
2011.0833333333335,-0.12256607216673064,1.491448358784139,-0.2598994851800305,-0.886949501970497,0.9183022305370697,No,1.108982801437378,SW
2011.1666666666667,-0.139810718862055,1.492477627109867,-0.2215546903446748,-0.886949501970497,0.9183022305370697,No,1.1311122179031372,SW
2011.25,-0.06391445409953458,1.493506895435595,0.09027140258178656,-0.886949501970497,0.9183022305370697,No,1.519863843917847,SW
2011.3333333333335,-0.051636401059369494,1.4945361637613233,0.8604485401392328,-0.886949501970497,0.9183022305370697,No,2.3033483028411865,SW
2011.4166666666667,0.02830537120825432,1.4955654320870513,0.2774307952535835,-0.886949501970497,0.9183022305370697,No,1.8013015985488892,SW
2011.5,-0.0059430786301755256,1.4965947004127793,0.1903894202273857,-0.886949501970497,0.9183022305370697,No,1.6810410420099895,SW
2011.5833333333335,0.10703794011672803,1.4976239687385076,-0.04388142338414602,-0.886949501970497,0.9183022305370697,No,1.5607804854710896,SW
2011.6666666666667,0.12352137992633709,1.4986532370642356,-0.1816546880583827,-0.886949501970497,0.9183022305370697,No,1.44051992893219,SW
2011.75,0.15325700029869757,1.4996825053899636,0.10518353451061868,-0.886949501970497,0.9183022305370697,No,1.7581230401992798,SW
2011.8333333333335,0.0988381442990923,1.5007117737156916,0.1811324550320912,-0.886949501970497,0.9183022305370697,No,1.780682373046875,SW
2011.9166666666667,-0.02682154805272779,1.50174104204142,0.32832221190577826,-0.886949501970497,0.9183022305370697,No,1.8032417058944703,SW
2012,-0.10026755804507265,1.502770310367148,0.4232982864199901,-0.886949501970497,0.9183022305370697,No,1.8258010387420653,SW
2012.0833333333335,-0.12256607216673064,1.5025721736383109,0.4683542701180803,-0.886949501970497,0.9183022305370697,No,1.8483603715896606,SW
2012.1666666666667,-0.139810718862055,1.5023740369094736,0.5083563863898373,-0.886949501970497,0.9183022305370697,No,1.8709197044372559,SW
2012.25,-0.06391445409953458,1.5021759001806365,0.45521759120374927,-0.886949501970497,0.9183022305370697,No,1.8934790372848511,SW
2012.3333333333335,-0.051636401059369494,1.5019777634517995,0.46569700774001643,-0.886949501970497,0.9183022305370697,No,1.9160383701324464,SW
2012.4166666666667,0.02830537120825432,1.5017796267229624,0.40851270504882464,-0.886949501970497,0.9183022305370697,No,1.9385977029800414,SW
2012.5,-0.0059430786301755256,1.501581489994125,0.4655186244636871,-0.886949501970497,0.9183022305370697,No,1.9611570358276367,SW
2012.5833333333335,0.10703794011672803,1.501383353265288,0.3752950752932158,-0.886949501970497,0.9183022305370697,No,1.983716368675232,SW
2012.6666666666667,0.12352137992633709,1.501185216536451,0.24897041884177762,-0.886949501970497,0.9183022305370697,No,1.8736770153045657,SW
2012.75,0.15325700029869757,1.5009870798076137,0.14126740403980698,-0.886949501970497,0.9183022305370697,No,1.7955114841461182,SW
2012.8333333333335,0.0988381442990923,1.5007889430787766,-0.17676515366967793,-0.886949501970497,0.9183022305370697,No,1.422861933708191,SW
2012.9166666666667,-0.02682154805272779,1.5005908063499396,-0.05907609645200451,-0.886949501970497,0.9183022305370697,No,1.4146931618452072,SW
2013,-0.10026755804507265,1.5003926696211025,0.006399278406193698,-0.886949501970497,0.9183022305370697,No,1.4065243899822235,SW
2013.0833333333335,-0.12256607216673064,1.5001945328922652,0.02072715739370512,-0.886949501970497,0.9183022305370697,No,1.3983556181192398,SW
2013.1666666666667,-0.139810718862055,1.4999963961634282,0.030001168954882917,-0.886949501970497,0.9183022305370697,No,1.390186846256256,SW
2013.25,-0.06391445409953458,1.499157901368283,-0.05322537287547591,-0.886949501970497,0.9183022305370697,No,1.3820180743932724,SW
2013.3333333333335,-0.051636401059369494,1.4983194065731378,-0.07283370298347958,-0.886949501970497,0.9183022305370697,No,1.3738493025302887,SW
2013.4166666666667,0.02830537120825432,1.4974809117779926,-0.16010575231894197,-0.886949501970497,0.9183022305370697,No,1.365680530667305,SW
2013.5,-0.0059430786301755256,1.4966424169828474,-0.1331875795483506,-0.886949501970497,0.9183022305370697,No,1.3575117588043213,SW
2013.5833333333335,0.10703794011672803,1.4958039221877022,-0.343198903663378,-0.886949501970497,0.9183022305370697,No,1.2596429586410522,SW
2013.6666666666667,0.12352137992633709,1.494965427392557,0.02092345002058349,-0.886949501970497,0.9183022305370697,No,1.6394102573394775,SW
2013.75,0.15325700029869757,1.4941269325974118,-0.01578081113860219,-0.886949501970497,0.9183022305370697,No,1.631603121757507,SW
2013.8333333333335,0.0988381442990923,1.4932884378022666,-0.0014027439764026095,-0.886949501970497,0.9183022305370697,No,1.5907238381249562,SW
2013.9166666666667,-0.02682154805272779,1.4924499430071214,0.08421615953801176,-0.886949501970497,0.9183022305370697,No,1.5498445544924053,SW
2014,-0.10026755804507265,1.4916114482119762,0.11762138069295092,-0.886949501970497,0.9183022305370697,No,1.5089652708598544,SW
2014.0833333333335,-0.12256607216673064,1.490772953416831,0.09987910597720306,-0.886949501970497,0.9183022305370697,No,1.4680859872273035,SW
2014.1666666666667,-0.139810718862055,1.4899344586216858,0.07708296383512181,-0.886949501970497,0.9183022305370697,No,1.4272067035947527,SW
2014.25,-0.06391445409953458,1.4890959638265406,-0.0388540897648042,-0.886949501970497,0.9183022305370697,No,1.3863274199622018,SW
2014.3333333333335,-0.051636401059369494,1.4882574690313954,-0.09117293164237505,-0.886949501970497,0.9183022305370697,No,1.3454481363296509,SW
2014.4166666666667,0.02830537120825432,1.4862372868746154,0.11105998461223932,-0.886949501970497,0.9183022305370697,No,1.6256026426951091,SW
2014.5,-0.0059430786301755256,1.4842171047178356,0.427483122972907,-0.886949501970497,0.9183022305370697,No,1.9057571490605671,SW
2014.5833333333335,0.10703794011672803,1.4821969225610556,0.5966767927482417,-0.886949501970497,0.9183022305370697,No,2.1859116554260254,SW
2014.6666666666667,0.12352137992633709,1.4801767404042758,0.8517226121675558,-0.886949501970497,0.9183022305370697,No,2.455420732498169,SW
2014.75,0.15325700029869757,1.4781565582474958,0.4031900371874493,-0.886949501970497,0.9183022305370697,No,2.0346035957336426,SW
2014.8333333333335,0.0988381442990923,1.476136376090716,0.05834569197438855,-0.886949501970497,0.9183022305370697,No,1.6333202123641968,SW
2014.9166666666667,-0.02682154805272779,1.474116193933936,0.07183548870131129,-0.886949501970497,0.9183022305370697,No,1.5191301345825194,SW
2015,-0.10026755804507265,1.472096011777156,0.03311160306875882,-0.886949501970497,0.9183022305370697,No,1.404940056800842,SW
2015.0833333333335,-0.12256607216673064,1.4700758296203762,-0.05675977843448066,-0.886949501970497,0.9183022305370697,No,1.290749979019165,SW
2015.1666666666667,-0.139810718862055,1.4680556474635962,-0.15168502736405354,-0.886949501970497,0.9183022305370697,No,1.1765599012374877,SW
2015.25,-0.06391445409953458,1.4660354653068164,-0.3397511877514714,-0.886949501970497,0.9183022305370697,No,1.0623698234558103,SW
2015.3333333333335,-0.051636401059369494,1.4640152831500364,0.06444254048623743,-0.886949501970497,0.9183022305370697,No,1.4768214225769043,SW
2015.4166666666667,0.02830537120825432,1.4619951009932566,0.314443294583157,-0.886949501970497,0.9183022305370697,No,1.804743766784668,SW
2015.5,-0.0059430786301755256,1.4599749188364766,-0.2895916851770042,-0.886949501970497,0.9183022305370697,No,1.1644401550292969,SW
2015.5833333333335,0.10703794011672803,1.4564436732324886,-0.05110232467581577,-0.886949501970497,0.9183022305370697,No,1.5123792886734009,SW
2015.6666666666667,0.12352137992633709,1.4529124276285006,-0.4542310535341467,-0.886949501970497,0.9183022305370697,No,1.122202754020691,SW
2015.75,0.15325700029869757,1.4493811820245128,0.036077919323212804,-0.886949501970497,0.9183022305370697,No,1.6387161016464231,SW
2015.8333333333335,0.0988381442990923,1.4458499364205248,0.11345520121702846,-0.886949501970497,0.9183022305370697,No,1.6581432819366455,SW
2015.9166666666667,-0.02682154805272779,1.4423186908165369,-0.1523271388728178,-0.886949501970497,0.9183022305370697,No,1.2631700038909912,SW
2016,-0.10026755804507265,1.4387874452125489,-0.3008257906022296,-0.886949501970497,0.9183022305370697,No,1.0376940965652466,SW
2016.0833333333335,-0.12256607216673064,1.435256199608561,-0.24798070246929638,-0.886949501970497,0.9183022305370697,No,1.0647094249725342,SW
2016.1666666666667,-0.139810718862055,1.4317249540045731,-0.16131270983581647,-0.886949501970497,0.9183022305370697,No,1.1306015253067017,SW
2016.25,-0.06391445409953458,1.4281937084005851,-0.16778562866018132,-0.886949501970497,0.9183022305370697,No,1.1964936256408691,SW
2016.3333333333335,-0.051636401059369494,1.4246624627965971,-0.11064033576219101,-0.886949501970497,0.9183022305370697,No,1.2623857259750366,SW
2016.4166666666667,0.02830537120825432,1.4211312171926092,-0.12115876209165943,-0.886949501970497,0.9183022305370697,No,1.328277826309204,SW
2016.5,-0.0059430786301755256,1.4175999715886214,0.6784231298534438,-0.886949501970497,0.9183022305370697,No,2.0900800228118896,SW
2016.5833333333335,0.10703794011672803,1.4140687259846334,0.712445551382159,-0.886949501970497,0.9183022305370697,No,2.2335522174835205,SW
2016.6666666666667,0.12352137992633709,1.4105374803806454,0.21312160157656246,-0.886949501970497,0.9183022305370697,No,1.747180461883545,SW
2016.75,0.15325700029869757,1.4084731534352803,0.09901123506378218,-0.886949501970497,0.9183022305370697,No,1.66074138879776,SW
2016.8333333333335,0.0988381442990923,1.4064088264899155,0.06905534492296739,-0.886949501970497,0.9183022305370697,No,1.574302315711975,SW
2016.9166666666667,-0.02682154805272779,1.4043444995445507,-0.22087801111554128,-0.886949501970497,0.9183022305370697,No,1.1566449403762815,SW
2017,-0.10026755804507265,1.4022801725991856,-0.3302355330645499,-0.886949501970497,0.9183022305370697,No,0.971777081489563,SW
2017.0833333333335,-0.12256607216673064,1.4002158456538205,-0.17285797330601893,-0.886949501970497,0.9183022305370697,No,1.104791800181071,SW
2017.1666666666667,-0.139810718862055,1.3981515187084557,-0.020534280973821817,-0.886949501970497,0.9183022305370697,No,1.2378065188725789,SW
2017.25,-0.06391445409953458,1.3960871917630908,0.038648499900530764,-0.886949501970497,0.9183022305370697,No,1.370821237564087,SW
2017.3333333333335,-0.051636401059369494,1.3940228648177257,0.09531118524371895,-0.886949501970497,0.9183022305370697,No,1.4376976490020752,SW
2017.4166666666667,0.02830537120825432,1.3919585378723607,0.4607367289275026,-0.886949501970497,0.9183022305370697,No,1.8810006380081177,SW
2017.5,-0.0059430786301755256,1.3898942109269958,0.29076718807290014,-0.886949501970497,0.9183022305370697,No,1.6747183203697205,SW
2017.5833333333335,0.10703794011672803,1.387829883981631,-0.026431821367035813,-0.886949501970497,0.9183022305370697,No,1.4684360027313232,SW
2017.6666666666667,0.12352137992633709,1.385765557036266,0.15026980952024616,-0.886949501970497,0.9183022305370697,No,1.6595567464828491,SW
2017.75,0.15325700029869757,1.3837012300909008,0.31371925984477667,-0.886949501970497,0.9183022305370697,No,1.850677490234375,SW
2017.8333333333335,0.0988381442990923,1.381636903145536,0.3122773376948369,-0.886949501970497,0.9183022305370697,No,1.792752385139465,SW
2017.9166666666667,-0.02682154805272779,1.3811443263267085,0.11328758091791369,-0.886949501970497,0.9183022305370697,No,1.4676103591918943,SW
2018,-0.10026755804507265,1.3806517495078812,0.12583815198201553,-0.886949501970497,0.9183022305370697,No,1.406222343444824,SW
2018.0833333333335,-0.12256607216673064,1.3801591726890536,0.08724122717543059,-0.886949501970497,0.9183022305370697,No,1.3448343276977537,SW
2018.1666666666667,-0.139810718862055,1.3796665958702263,0.043590434942512024,-0.886949501970497,0.9183022305370697,No,1.2834463119506834,SW
2018.25,-0.06391445409953458,1.3791740190513988,-0.09320126874825085,-0.886949501970497,0.9183022305370697,No,1.2220582962036133,SW
2018.3333333333335,-0.051636401059369494,1.3786814422325715,-0.16637476071665902,-0.886949501970497,0.9183022305370697,No,1.160670280456543,SW
2018.4166666666667,0.02830537120825432,1.378188865413744,-0.3072119719125257,-0.886949501970497,0.9183022305370697,No,1.0992822647094727,SW
2018.5,-0.0059430786301755256,1.3776962885949164,-0.3338589610023386,-0.886949501970497,0.9183022305370697,No,1.0378942489624023,SW
2018.5833333333335,0.10703794011672803,1.3772037117760891,-0.06440656125561017,-0.886949501970497,0.9183022305370697,No,1.419835090637207,SW
2018.6666666666667,0.12352137992633709,1.3767111349572616,0.30154341742841284,-0.886949501970497,0.9183022305370697,No,1.8017759323120115,SW
2018.75,0.15325700029869757,1.3762185581384343,0.42614258464453325,-0.886949501970497,0.9183022305370697,No,1.955618143081665,SW
2018.8333333333335,0.0988381442990923,1.3757259813196068,0.26110241762661657,-0.886949501970497,0.9183022305370697,No,1.7356665432453156,SW
2018.9166666666667,-0.02682154805272779,1.3752334045007795,0.16730308696091445,-0.886949501970497,0.9183022305370697,No,1.515714943408966,SW
2019,-0.10026755804507265,1.374740827681952,0.02129007393573734,-0.886949501970497,0.9183022305370697,No,1.2957633435726166,SW
2019.0833333333335,-0.12256607216673064,1.3748616018061575,-0.17648378590315983,-0.886949501970497,0.9183022305370697,No,1.075811743736267,SW
2019.1666666666667,-0.139810718862055,1.3749823759303632,-0.41216455028730237,-0.886949501970497,0.9183022305370697,No,0.8230071067810059,SW
2019.25,-0.06391445409953458,1.375103150054569,-0.4732838579565575,-0.886949501970497,0.9183022305370697,No,0.8379048379984769,SW
2019.3333333333335,-0.051636401059369494,1.3752239241787745,-0.4707849539034571,-0.886949501970497,0.9183022305370697,No,0.8528025692159479,SW
2019.4166666666667,0.02830537120825432,1.37534469830298,-0.5359497690778153,-0.886949501970497,0.9183022305370697,No,0.867700300433419,SW
2019.5,-0.0059430786301755256,1.3754654724271858,-0.4869243621461202,-0.886949501970497,0.9183022305370697,No,0.88259803165089,SW
2019.5833333333335,0.10703794011672803,1.3755862465513915,-0.5851284237997586,-0.886949501970497,0.9183022305370697,No,0.897495762868361,SW
2019.6666666666667,0.12352137992633709,1.375707020675597,-0.586834906516102,-0.886949501970497,0.9183022305370697,No,0.912393494085832,SW
2019.75,0.15325700029869757,1.3758277947998026,-0.6017935697951972,-0.886949501970497,0.9183022305370697,No,0.927291225303303,SW
2019.8333333333335,0.0988381442990923,1.3759485689240083,-0.5325977567023266,-0.886949501970497,0.9183022305370697,No,0.9421889565207741,SW
2019.9166666666667,-0.02682154805272779,1.376069343048214,-0.3921611072572412,-0.886949501970497,0.9183022305370697,No,0.9570866877382451,SW
2020,-0.10026755804507265,1.3761901171724196,-0.3039381401716308,-0.886949501970497,0.9183022305370697,No,0.9719844189557161,SW
2020.0833333333335,-0.12256607216673064,1.376310891296625,-0.2668626689567073,-0.886949501970497,0.9183022305370697,No,0.9868821501731871,SW
2020.1666666666667,-0.139810718862055,1.3764316654208308,-0.07598925017561764,-0.886949501970497,0.9183022305370697,No,1.1606316963831582,SW
2020.25,-0.06391445409953458,1.3763039031432198,0.02199179354944425,-0.886949501970497,0.9183022305370697,No,1.3343812425931294,SW
2020.3333333333335,-0.051636401059369494,1.376176140865609,0.18359104899686107,-0.886949501970497,0.9183022305370697,No,1.5081307888031006,SW
2020.4166666666667,0.02830537120825432,1.376048378587998,0.6537090420280884,-0.886949501970497,0.9183022305370697,No,2.058062791824341,SW
2020.5,-0.0059430786301755256,1.375920616310387,0.21538000912612398,-0.886949501970497,0.9183022305370697,No,1.5853575468063354,SW
2020.5833333333335,0.10703794011672803,1.375792854032776,-0.11797276287661584,-0.886949501970497,0.9183022305370697,No,1.3648580312728882,SW
2020.6666666666667,0.12352137992633709,1.3756650917551652,-0.11122802454303371,-0.886949501970497,0.9183022305370697,No,1.3879584471384685,SW
2020.75,0.15325700029869757,1.3755373294775541,-0.11773546677220303,-0.886949501970497,0.9183022305370697,No,1.4110588630040486,SW
2020.8333333333335,0.0988381442990923,1.3754095671999431,-0.04008843262940642,-0.886949501970497,0.9183022305370697,No,1.434159278869629,SW
2020.9166666666667,-0.02682154805272779,1.3752818049223323,0.045808732693384036,-0.886949501970497,0.9183022305370697,No,1.3942689895629885,SW
2021,-0.10026755804507265,1.3751540426447213,0.10936883523410712,-0.886949501970497,0.9183022305370697,No,1.3842553198337557,SW
2021.0833333333335,-0.12256607216673064,1.3750262803671103,0.12178144190414297,-0.886949501970497,0.9183022305370697,No,1.3742416501045227,SW
2021.1666666666667,-0.139810718862055,1.3748985180894993,0.12914018114784565,-0.886949501970497,0.9183022305370697,No,1.36422798037529,SW
2021.25,-0.06391445409953458,1.3747707558118885,0.04335800893370334,-0.886949501970497,0.9183022305370697,No,1.3542143106460571,SW
2021.3333333333335,-0.051636401059369494,1.3746429935342774,-0.16382499762627512,-0.886949501970497,0.9183022305370697,No,1.1591815948486328,SW
2021.4166666666667,0.02830537120825432,1.3748310510968602,-0.12308879700184616,-0.886949501970497,0.9183022305370697,No,1.2800476253032684,SW
2021.5,-0.0059430786301755256,1.3750191086594428,0.0318376257286368,-0.886949501970497,0.9183022305370697,No,1.400913655757904,SW
2021.5833333333335,0.10703794011672803,1.3752071662220255,0.03953457987378606,-0.886949501970497,0.9183022305370697,No,1.5217796862125397,SW
2021.6666666666667,0.12352137992633709,1.3753952237846083,0.14372911295622992,-0.886949501970497,0.9183022305370697,No,1.6426457166671753,SW
2021.75,0.15325700029869757,1.375583281347191,0.08188105316913674,-0.886949501970497,0.9183022305370697,No,1.6107213348150253,SW
2021.8333333333335,0.0988381442990923,1.3757713389097737,0.1041874697540095,-0.886949501970497,0.9183022305370697,No,1.5787969529628754,SW
2021.9166666666667,-0.02682154805272779,1.3759593964723564,0.19773472269109682,-0.886949501970497,0.9183022305370697,No,1.5468725711107254,SW
2022,-0.10026755804507265,1.3761474540349392,0.23906829326870893,-0.886949501970497,0.9183022305370697,No,1.5149481892585754,SW
2022.0833333333335,-0.12256607216673064,1.3763355115975218,0.22925436797563425,-0.886949501970497,0.9183022305370697,No,1.4830238074064255,SW
2022.1666666666667,-0.139810718862055,1.3765235691601045,0.21438657525622595,-0.886949501970497,0.9183022305370697,No,1.4510994255542755,SW
2022.25,-0.06391445409953458,1.3767116267226873,0.1063778710789729,-0.886949501970497,0.9183022305370697,No,1.4191750437021255,SW
2022.3333333333335,-0.051636401059369494,1.37689968428527,0.061987378624074996,-0.886949501970497,0.9183022305370697,No,1.3872506618499756,SW
2022.4166666666667,0.02830537120825432,1.3770877418478527,0.11877859695823623,-0.886949501970497,0.9183022305370697,No,1.5241717100143433,SW
2022.5,-0.0059430786301755256,1.3772757994104354,0.10633222672950571,-0.886949501970497,0.9183022305370697,No,1.4776649475097656,SW
2022.5833333333335,0.10703794011672803,1.3776649216013754,0.15151675898654737,-0.886949501970497,0.9183022305370697,No,1.6362196207046509,SW
2022.6666666666667,0.12352137992633709,1.3780540437923154,0.2931988701808834,-0.886949501970497,0.9183022305370697,No,1.794774293899536,SW
2022.75,0.15325700029869757,1.3784431659832554,0.005199996414885444,-0.886949501970497,0.9183022305370697,No,1.5369001626968384,SW
2022.8333333333335,0.0988381442990923,1.3788322881741955,-0.19864440097914704,-0.886949501970497,0.9183022305370697,No,1.2790260314941406,SW
2022.9166666666667,-0.02682154805272779,1.3792214103651355,-0.0519531135788871,-0.886949501970497,0.9183022305370697,No,1.3004467487335205,SW
2023,-0.10026755804507265,1.3796105325560755,-0.1316671026619427,-0.886949501970497,0.9183022305370697,No,1.14767587184906,SW
2023.0833333333335,-0.12256607216673064,1.3799996547470152,-0.16398691061754667,-0.886949501970497,0.9183022305370697,No,1.093446671962738,SW
2023.1666666666667,-0.139810718862055,1.3803887769379553,-0.20136058599948425,-0.886949501970497,0.9183022305370697,No,1.039217472076416,SW
2023.25,-0.06391445409953458,1.3807778991288953,0.11791536451806373,-0.886949501970497,0.9183022305370697,No,1.4347788095474243,SW
2023.3333333333335,-0.051636401059369494,1.3811670213198353,0.11635682614303766,-0.886949501970497,0.9183022305370697,No,1.4458874464035034,SW
2023.4166666666667,0.02830537120825432,1.3815561435107753,0.17319767698476674,-0.886949501970497,0.9183022305370697,No,1.5830591917037964,SW
2023.5,-0.0059430786301755256,1.3819452657017153,-0.10471546107361496,-0.886949501970497,0.9183022305370697,No,1.2712867259979248,SW
2023.5833333333335,0.10703794011672803,1.3823343878926553,0.12255315474055561,-0.886949501970497,0.9183022305370697,No,1.611925482749939,SW
2023.6666666666667,0.12352137992633709,1.3827235100835953,0.08782196828169364,-0.886949501970497,0.9183022305370697,No,1.594066858291626,SW
2023.75,0.15325700029869757,1.3830969574472294,0.3645940898920128,-0.886949501970497,0.9183022305370697,No,1.9009480476379397,SW
2023.8333333333335,0.0988381442990923,1.3834704048108637,0.12170465546462905,-0.886949501970497,0.9183022305370697,No,1.604013204574585,SW
2023.9166666666667,-0.02682154805272779,1.3838438521744978,-0.06423594433478264,-0.886949501970497,0.9183022305370697,No,1.2927863597869873,SW
2024,-0.10026755804507265,1.3842172995381319,0.0021798523561227245,-0.886949501970497,0.9183022305370697,No,1.286129593849182,SW
2024.0833333333335,-0.12256607216673064,1.3845907469017662,0.4517026802683213,-0.886949501970497,0.9183022305370697,No,1.713727355003357,SW
2024.1666666666667,-0.139810718862055,1.3849641942654003,-0.29700468838170835,-0.886949501970497,0.9183022305370697,No,0.948148787021637,SW
2024.25,-0.06391445409953458,1.3853376416290346,0.10809896918589312,-0.886949501970497,0.9183022305370697,No,1.429522156715393,SW
2024.3333333333335,-0.051636401059369494,1.3857110889926687,-0.018314949646962786,-0.886949501970497,0.9183022305370697,No,1.3157597382863364,SW
2024.4166666666667,0.02830537120825432,1.3860845363563028,-0.21239258770727765,-0.886949501970497,0.9183022305370697,No,1.2019973198572795,SW
2024.5,-0.0059430786301755256,1.3864579837199371,-0.2922800036615387,-0.886949501970497,0.9183022305370697,No,1.0882349014282229,SW
2024.5833333333335,0.10703794011672803,1.3868314310835712,-0.316387680157717,-0.886949501970497,0.9183022305370697,No,1.1774816910425823,SW
2024.6666666666667,0.12352137992633709,1.3872048784472053,-0.24399777771660047,-0.886949501970497,0.9183022305370697,No,1.2667284806569419,SW
2024.75,0.15325700029869757,1.3875783258108396,-0.18486005583823584,-0.886949501970497,0.9183022305370697,No,1.3559752702713013,SW
2024.8333333333335,0.0988381442990923,1.3879517731744737,0.12888290929340185,-0.886949501970497,0.9183022305370697,No,1.6156728267669678,SW
2024.9166666666667,-0.02682154805272779,1.3882122329837001,-0.12176618465631406,-0.886949501970497,0.9183022305370697,No,1.2396245002746582,SW
2025,-0.10026755804507265,1.3884726927929265,-0.29643319833122783,-0.886949501970497,0.9183022305370697,No,0.991771936416626,SW
2025.0833333333335,-0.12256607216673064,1.3887331526021531,-0.43056432012048107,-0.886949501970497,0.9183022305370697,No,0.8356027603149414,SW
2025.1666666666667,-0.139810718862055,1.3889936124113795,-0.3391611116279376,-0.886949501970497,0.9183022305370697,No,0.9100217819213869,SW
2025.25,-0.06391445409953458,1.389254072220606,0.07690578421504934,-0.886949501970497,0.9183022305370697,No,1.4022454023361206,SW
2025.3333333333335,-0.051636401059369494,1.3895145320298323,0.10455093473388288,-0.886949501970497,0.9183022305370697,No,1.4424290657043457,SW
2025.4166666666667,0.02830537120825432,1.389774991839059,0.22738703750352918,-0.886949501970497,0.9183022305370697,No,1.6454674005508425,SW
2025.5,-0.0059430786301755256,1.3900354516482853,-0.07075755036338593,-0.886949501970497,0.9183022305370697,No,1.313334822654724,SW
2025.5833333333335,0.10703794011672803,1.3902959114575117,0.4196565477864169,-0.886949501970497,0.9183022305370697,No,1.9169903993606567,SW
2025.6666666666667,0.12352137992633709,1.3905563712667381,0.22633396749334644,-0.886949501970497,0.9183022305370697,No,1.7404117186864216,SW
2025.75,0.15325700029869757,1.3908168310759648,0.019759206637524507,-0.886949501970497,0.9183022305370697,No,1.5638330380121868,SW
2025.8333333333335,0.0988381442990923,1.3910772908851912,-0.10266107784633172,-0.886949501970497,0.9183022305370697,No,1.3872543573379517,SW
2025.9166666666667,-0.02682154805272779,1.3913377506944176,0.022738154696261947,-0.886949501970497,0.9183022305370697,No,1.3872543573379517,SW
1981.6666666666667,0.17139408382356647,1.552020235513128,-0.10810746508864777,-1.104464872579758,1.0940188830348467,No,1.6153068542480469,S
1981.75,0.09528005721306243,1.5516520823523299,-0.03162528531734554,-1.104464872579758,1.0940188830348467,No,1.6153068542480469,S
1981.8333333333335,0.010347671447072312,1.551283929191532,0.0536752536094427,-1.104464872579758,1.0940188830348467,No,1.6153068542480469,S
1981.9166666666667,-0.11252671664037649,1.5509157760307337,0.05020547262258246,-1.104464872579758,1.0940188830348467,No,1.4885945320129397,S
1982,-0.20078164762796602,1.5505476228699355,0.17888411783664404,-1.104464872579758,1.0940188830348467,No,1.5286500930786135,S
1982.0833333333335,-0.2104697118252839,1.5501794697091376,0.22899589626043348,-1.104464872579758,1.0940188830348467,No,1.5687056541442872,S
1982.1666666666667,-0.22204197508717727,1.5498113165483394,0.2809918737487991,-1.104464872579758,1.0940188830348467,No,1.6087612152099613,S
1982.25,-0.10181106185544811,1.5494431633875414,0.20118467474354151,-1.104464872579758,1.0940188830348467,No,1.6488167762756347,S
1982.3333333333335,0.01458119582739252,1.5490750102267432,0.1252161312871729,-1.104464872579758,1.0940188830348467,No,1.6888723373413086,S
1982.4166666666667,0.15502750258551395,1.548706857065945,0.028986313432800115,-1.104464872579758,1.0940188830348467,No,1.732720673084259,S
1982.5,0.1602453992139245,1.548338703905147,0.06798490570813787,-1.104464872579758,1.0940188830348467,No,1.7765690088272095,S
1982.5833333333335,0.24075521591341498,1.5479705507443489,0.031691577912396074,-1.104464872579758,1.0940188830348467,No,1.82041734457016,S
1982.6666666666667,0.17139408382356647,1.5476023975835507,0.1452691989059931,-1.104464872579758,1.0940188830348467,No,1.8642656803131104,S
1982.75,0.09528005721306243,1.5472342444227527,0.097905503414081,-1.104464872579758,1.0940188830348467,No,1.7404198050498962,S
1982.8333333333335,0.010347671447072312,1.5468660912619545,0.059360167077655346,-1.104464872579758,1.0940188830348467,No,1.6165739297866821,S
1982.9166666666667,-0.11252671664037649,1.546934561337142,0.05832020982670261,-1.104464872579758,1.0940188830348467,No,1.492728054523468,S
1983,-0.20078164762796602,1.547003031412329,0.022660795475890838,-1.104464872579758,1.0940188830348467,No,1.368882179260254,S
1983.0833333333335,-0.2104697118252839,1.5470715014875163,-0.09156548566519263,-1.104464872579758,1.0940188830348467,No,1.2450363039970398,S
1983.1666666666667,-0.22204197508717727,1.5471399715627037,-0.20390756774170082,-1.104464872579758,1.0940188830348467,No,1.1211904287338257,S
1983.25,-0.10181106185544811,1.547208441637891,-0.20910295695158876,-1.104464872579758,1.0940188830348467,No,1.2362944228308541,S
1983.3333333333335,0.01458119582739252,1.5472769117130782,-0.21045969061258818,-1.104464872579758,1.0940188830348467,No,1.3513984169278825,S
1983.4166666666667,0.15502750258551395,1.5473453817882654,-0.23587047334886835,-1.104464872579758,1.0940188830348467,No,1.466502411024911,S
1983.5,0.1602453992139245,1.5474138518634528,-0.12605284595543798,-1.104464872579758,1.0940188830348467,No,1.5816064051219394,S
1983.5833333333335,0.24075521591341498,1.5474823219386402,-0.09152713863308715,-1.104464872579758,1.0940188830348467,No,1.696710399218968,S
1983.6666666666667,0.17139408382356647,1.5475507920138274,0.09286951747860273,-1.104464872579758,1.0940188830348467,No,1.8118143933159967,S
1983.75,0.09528005721306243,1.5476192620890146,0.2840190681109478,-1.104464872579758,1.0940188830348467,No,1.926918387413025,S
1983.8333333333335,0.010347671447072312,1.547687732164202,0.06883630144396258,-1.104464872579758,1.0940188830348467,No,1.6268717050552368,S
1983.9166666666667,-0.11252671664037649,1.5477562022393894,0.1606888121686263,-1.104464872579758,1.0940188830348467,No,1.5959182977676392,S
1984,-0.20078164762796602,1.5478246723145765,0.24487154961860602,-1.104464872579758,1.0940188830348467,No,1.5919145743052165,S
1984.0833333333335,-0.2104697118252839,1.5483560175098061,0.25002454515827144,-1.104464872579758,1.0940188830348467,No,1.5879108508427937,S
1984.1666666666667,-0.22204197508717727,1.5488873627050357,0.25706173976251256,-1.104464872579758,1.0940188830348467,No,1.583907127380371,S
1984.25,-0.10181106185544811,1.5494187079002653,0.13229575787313141,-1.104464872579758,1.0940188830348467,No,1.5799034039179485,S
1984.3333333333335,0.01458119582739252,1.549950053095495,0.011368431532638112,-1.104464872579758,1.0940188830348467,No,1.5758996804555256,S
1984.4166666666667,0.15502750258551395,1.5504813982907246,-0.1336129438831355,-1.104464872579758,1.0940188830348467,No,1.571895956993103,S
1984.5,0.1602453992139245,1.5510127434859542,-0.14336590916919834,-1.104464872579758,1.0940188830348467,No,1.5678922335306804,S
1984.5833333333335,0.24075521591341498,1.5515440886811838,-0.22841079452634117,-1.104464872579758,1.0940188830348467,No,1.5638885100682576,S
1984.6666666666667,0.17139408382356647,1.5520754338764133,-0.16358473109414495,-1.104464872579758,1.0940188830348467,No,1.559884786605835,S
1984.75,0.09528005721306243,1.552606779071643,-0.09200577314129288,-1.104464872579758,1.0940188830348467,No,1.5558810631434126,S
1984.8333333333335,0.010347671447072312,1.5531381242668725,-0.011608456032955239,-1.104464872579758,1.0940188830348467,No,1.5518773396809895,S
1984.9166666666667,-0.11252671664037649,1.5536694694621023,0.10673086339684112,-1.104464872579758,1.0940188830348467,No,1.547873616218567,S
1985,-0.20078164762796602,1.5542008146573318,0.19045072572677846,-1.104464872579758,1.0940188830348467,No,1.5438698927561443,S
1985.0833333333335,-0.2104697118252839,1.5547321598525614,0.19560372126644388,-1.104464872579758,1.0940188830348467,No,1.5398661692937214,S
1985.1666666666667,-0.22204197508717727,1.555263505047791,0.202640915870685,-1.104464872579758,1.0940188830348467,No,1.5358624458312988,S
1985.25,-0.10181106185544811,1.556155471893947,0.07751431233037742,-1.104464872579758,1.0940188830348467,No,1.5318587223688762,S
1985.3333333333335,0.01458119582739252,1.557047438740103,-0.04377363566104209,-1.104464872579758,1.0940188830348467,No,1.5278549989064534,S
1985.4166666666667,0.15502750258551395,1.557939405586259,-0.18911563272774212,-1.104464872579758,1.0940188830348467,No,1.5238512754440308,S
1985.5,0.1602453992139245,1.5588313724324152,-0.19922921966473162,-1.104464872579758,1.0940188830348467,No,1.5198475519816081,S
1985.5833333333335,0.24075521591341498,1.5597233392785712,-0.2846347266728009,-1.104464872579758,1.0940188830348467,No,1.5158438285191853,S
1985.6666666666667,0.17139408382356647,1.5606153061247272,-0.2201692848915311,-1.104464872579758,1.0940188830348467,No,1.5118401050567627,S
1985.75,0.09528005721306243,1.5615072729708832,-0.1609221043920146,-1.104464872579758,1.0940188830348467,No,1.4958652257919312,S
1985.8333333333335,0.010347671447072312,1.5623992398170392,-0.09616597589809794,-1.104464872579758,1.0940188830348467,No,1.4765809353660135,S
1985.9166666666667,-0.11252671664037649,1.5632912066631952,0.006532154917276989,-1.104464872579758,1.0940188830348467,No,1.4572966449400957,S
1986,-0.20078164762796602,1.5641831735093512,0.07461082863279289,-1.104464872579758,1.0940188830348467,No,1.438012354514178,S
1986.0833333333335,-0.2104697118252839,1.5650751403555074,0.06412263555803688,-1.104464872579758,1.0940188830348467,No,1.4187280640882605,S
1986.1666666666667,-0.22204197508717727,1.5659671072016634,0.05551864154785657,-1.104464872579758,1.0940188830348467,No,1.3994437736623428,S
1986.25,-0.10181106185544811,1.5668590740478194,-0.08488852895594623,-1.104464872579758,1.0940188830348467,No,1.380159483236425,S
1986.3333333333335,0.01458119582739252,1.5677510408939754,-0.22145704391086052,-1.104464872579758,1.0940188830348467,No,1.3608751928105074,S
1986.4166666666667,0.15502750258551395,1.5693500324584504,-0.3827866326593745,-1.104464872579758,1.0940188830348467,No,1.3415909023845898,S
1986.5,0.1602453992139245,1.5709490240229256,-0.4088878112781782,-1.104464872579758,1.0940188830348467,No,1.322306611958672,S
1986.5833333333335,0.24075521591341498,1.5725480155874005,-0.5102809099680612,-1.104464872579758,1.0940188830348467,No,1.3030223215327543,S
1986.6666666666667,0.17139408382356647,1.5741470071518755,-0.46180305986860537,-1.104464872579758,1.0940188830348467,No,1.2837380311068367,S
1986.75,0.09528005721306243,1.5757459987163505,-0.40657231524849413,-1.104464872579758,1.0940188830348467,No,1.2644537406809189,S
1986.8333333333335,0.010347671447072312,1.5773449902808256,-0.34252321147289666,-1.104464872579758,1.0940188830348467,No,1.2451694502550013,S
1986.9166666666667,-0.11252671664037649,1.5789439818453006,-0.24053210537584047,-1.104464872579758,1.0940188830348467,No,1.2258851598290836,S
1987,-0.20078164762796602,1.5805429734097756,-0.17316045637864352,-1.104464872579758,1.0940188830348467,No,1.206600869403166,S
1987.0833333333335,-0.2104697118252839,1.5821419649742507,-0.18435567417171872,-1.104464872579758,1.0940188830348467,No,1.1873165789772482,S
1987.1666666666667,-0.22204197508717727,1.5837409565387257,-0.19366669290021798,-1.104464872579758,1.0940188830348467,No,1.1680322885513306,S
1987.25,-0.10181106185544811,1.5853399481032007,-0.2986221353303178,-1.104464872579758,1.0940188830348467,No,1.1849067509174347,S
1987.3333333333335,0.01458119582739252,1.5869389396676756,-0.3997389222115293,-1.104464872579758,1.0940188830348467,No,1.2017812132835388,S
1987.4166666666667,0.15502750258551395,1.5885379312321508,-0.5249097581680218,-1.104464872579758,1.0940188830348467,No,1.218655675649643,S
1987.5,0.1602453992139245,1.5901369227966258,-0.5148521839948033,-1.104464872579758,1.0940188830348467,No,1.235530138015747,S
1987.5833333333335,0.24075521591341498,1.5931782485035193,-0.102575532326175,-1.104464872579758,1.0940188830348467,No,1.7313579320907593,S
1987.6666666666667,0.17139408382356647,1.5962195742104126,0.13962577906929274,-1.104464872579758,1.0940188830348467,No,1.907239437103272,S
1987.75,0.09528005721306243,1.5992608999173061,-0.27626417032616946,-1.104464872579758,1.0940188830348467,No,1.4182767868041992,S
1987.8333333333335,0.010347671447072312,1.6023022256241994,-0.15738803081964403,-1.104464872579758,1.0940188830348467,No,1.4552618662516277,S
1987.9166666666667,-0.11252671664037649,1.605343551331093,-5.698889916603278e-4,-1.104464872579758,1.0940188830348467,No,1.4922469456990561,S
1988,-0.20078164762796602,1.6083848770379863,0.12162879573646412,-1.104464872579758,1.0940188830348467,No,1.5292320251464844,S
1988.0833333333335,-0.2104697118252839,1.6114262027448798,0.16526061367431688,-1.104464872579758,1.0940188830348467,No,1.5662171045939128,S
1988.1666666666667,-0.22204197508717727,1.6144675284517733,0.21077663067674512,-1.104464872579758,1.0940188830348467,No,1.6032021840413413,S
1988.25,-0.10181106185544811,1.6175088541586666,0.12448947118555131,-1.104464872579758,1.0940188830348467,No,1.6401872634887698,S
1988.3333333333335,0.01458119582739252,1.6205501798655602,0.04204096724324535,-1.104464872579758,1.0940188830348467,No,1.677172342936198,S
1988.4166666666667,0.15502750258551395,1.6235915055724535,-0.06446158577434091,-1.104464872579758,1.0940188830348467,No,1.7141574223836265,S
1988.5,0.1602453992139245,1.626632831279347,-0.03573572866221664,-1.104464872579758,1.0940188830348467,No,1.751142501831055,S
1988.5833333333335,0.24075521591341498,1.6296741569862403,0.0930866240333279,-1.104464872579758,1.0940188830348467,No,1.9635159969329832,S
1988.6666666666667,0.17139408382356647,1.6327154826931338,0.16168382635827716,-1.104464872579758,1.0940188830348467,No,1.9657933928749776,S
1988.75,0.09528005721306243,1.6354401458621648,0.23735058574174484,-1.104464872579758,1.0940188830348467,No,1.9680707888169722,S
1988.8333333333335,0.010347671447072312,1.638164809031196,0.3218357042806983,-1.104464872579758,1.0940188830348467,No,1.9703481847589666,S
1988.9166666666667,-0.11252671664037649,1.640889472200227,0.44426282514111026,-1.104464872579758,1.0940188830348467,No,1.9726255807009607,S
1989,-0.20078164762796602,1.6436141353692582,0.5320704889016634,-1.104464872579758,1.0940188830348467,No,1.9749029766429556,S
1989.0833333333335,-0.2104697118252839,1.6463387985382891,0.5413112858719449,-1.104464872579758,1.0940188830348467,No,1.9771803725849502,S
1989.1666666666667,-0.22204197508717727,1.6490634617073203,0.5524362819068012,-1.104464872579758,1.0940188830348467,No,1.9794577685269443,S
1989.25,-0.10181106185544811,1.6517881248763513,0.4317581014480356,-1.104464872579758,1.0940188830348467,No,1.9817351644689387,S
1989.3333333333335,0.01458119582739252,1.6545127880453823,0.31491857653815836,-1.104464872579758,1.0940188830348467,No,1.984012560410933,S
1989.4166666666667,0.15502750258551395,1.6572374512144135,0.17402500255300035,-1.104464872579758,1.0940188830348467,No,1.9862899563529277,S
1989.5,0.1602453992139245,1.6599621143834444,0.1683598386975531,-1.104464872579758,1.0940188830348467,No,1.988567352294922,S
1989.5833333333335,0.24075521591341498,1.6626867775524756,0.10904684854460744,-1.104464872579758,1.0940188830348467,No,2.012488842010498,S
1989.6666666666667,0.17139408382356647,1.6654114407215066,0.06241309432470832,-1.104464872579758,1.0940188830348467,No,1.8992186188697815,S
1989.75,0.09528005721306243,1.6681361038905378,0.02253223462546461,-1.104464872579758,1.0940188830348467,No,1.785948395729065,S
1989.8333333333335,0.010347671447072312,1.6708607670595688,0.05162590063520467,-1.104464872579758,1.0940188830348467,No,1.7328343391418457,S
1989.9166666666667,-0.11252671664037649,1.6705464722773102,0.014140249932524274,-1.104464872579758,1.0940188830348467,No,1.572160005569458,S
1990,-0.20078164762796602,1.6702321774950515,-0.05796485787001515,-1.104464872579758,1.0940188830348467,No,1.4114856719970703,S
1990.0833333333335,-0.2104697118252839,1.669917882712793,-0.2086368324628265,-1.104464872579758,1.0940188830348467,No,1.2508113384246826,S
1990.1666666666667,-0.22204197508717727,1.6696035879305344,-0.35742460799106235,-1.104464872579758,1.0940188830348467,No,1.090137004852295,S
1990.25,-0.10181106185544811,1.669289293148276,-0.4190988458214837,-1.104464872579758,1.0940188830348467,No,1.148379385471344,S
1990.3333333333335,0.01458119582739252,1.6689749983660171,-0.47693442810301656,-1.104464872579758,1.0940188830348467,No,1.206621766090393,S
1990.4166666666667,0.15502750258551395,1.6686607035837586,-0.385085460636283,-1.104464872579758,1.0940188830348467,No,1.4386027455329895,S
1990.5,0.1602453992139245,1.6683464088015,-0.1580080830398387,-1.104464872579758,1.0940188830348467,No,1.670583724975586,S
1990.5833333333335,0.24075521591341498,1.6680321140192413,0.14417545006612298,-1.104464872579758,1.0940188830348467,No,2.0529627799987793,S
1990.6666666666667,0.17139408382356647,1.6677178192369828,0.21723510945928703,-1.104464872579758,1.0940188830348467,No,2.0563470125198364,S
1990.75,0.09528005721306243,1.6674035244547243,0.29704766337310673,-1.104464872579758,1.0940188830348467,No,2.0597312450408936,S
1990.8333333333335,0.010347671447072312,1.6670892296724658,0.38567857644241244,-1.104464872579758,1.0940188830348467,No,2.0631154775619507,S
1990.9166666666667,-0.11252671664037649,1.666774934890207,0.5122514918331771,-1.104464872579758,1.0940188830348467,No,2.066499710083008,S
1991,-0.20078164762796602,1.6664606401079485,0.6042049501240825,-1.104464872579758,1.0940188830348467,No,2.069883942604065,S
1991.0833333333335,-0.2104697118252839,1.66281949416322,0.620918392787186,-1.104464872579758,1.0940188830348467,No,2.073268175125122,S
1991.1666666666667,-0.22204197508717727,1.6591783482184912,0.6395160345148652,-1.104464872579758,1.0940188830348467,No,2.076652407646179,S
1991.25,-0.10181106185544811,1.6555372022737624,0.5263104997489219,-1.104464872579758,1.0940188830348467,No,2.0800366401672363,S
1991.3333333333335,0.01458119582739252,1.651896056329034,0.41694362053186684,-1.104464872579758,1.0940188830348467,No,2.0834208726882935,S
1991.4166666666667,0.15502750258551395,1.6482549103843054,0.2835226922395313,-1.104464872579758,1.0940188830348467,No,2.0868051052093506,S
1991.5,0.1602453992139245,1.6446137644395766,0.28533017407690653,-1.104464872579758,1.0940188830348467,No,2.0901893377304077,S
1991.5833333333335,0.24075521591341498,1.6409726184948479,0.211845735843202,-1.104464872579758,1.0940188830348467,No,2.093573570251465,S
1991.6666666666667,0.17139408382356647,1.6373314725501193,-0.2467407789231244,-1.104464872579758,1.0940188830348467,No,1.5619847774505615,S
1991.75,0.09528005721306243,1.6336903266053908,-0.15308200476481737,-1.104464872579758,1.0940188830348467,No,1.575888379053636,S
1991.8333333333335,0.010347671447072312,1.630049180660662,-0.05060487145102388,-1.104464872579758,1.0940188830348467,No,1.5897919806567105,S
1991.9166666666667,-0.11252671664037649,1.6264080347159333,0.08981426418422833,-1.104464872579758,1.0940188830348467,No,1.6036955822597851,S
1992,-0.20078164762796602,1.6227668887712048,0.19561394271962085,-1.104464872579758,1.0940188830348467,No,1.6175991838628596,S
1992.0833333333335,-0.2104697118252839,1.6191257428264763,0.22284675446474167,-1.104464872579758,1.0940188830348467,No,1.631502785465934,S
1992.1666666666667,-0.22204197508717727,1.6154845968817475,0.2519637652744384,-1.104464872579758,1.0940188830348467,No,1.6454063870690088,S
1992.25,-0.10181106185544811,1.611071177842172,0.1500498726853594,-1.104464872579758,1.0940188830348467,No,1.6593099886720832,S
1992.3333333333335,0.01458119582739252,1.6066577588025963,0.05197463564516891,-1.104464872579758,1.0940188830348467,No,1.6732135902751577,S
1992.4166666666667,0.15502750258551395,1.6022443397630208,-0.07015465047030256,-1.104464872579758,1.0940188830348467,No,1.6871171918782322,S
1992.5,0.1602453992139245,1.5978309207234453,-0.057055526456063266,-1.104464872579758,1.0940188830348467,No,1.7010207934813066,S
1992.5833333333335,0.24075521591341498,1.5934175016838696,-0.11924832251290352,-1.104464872579758,1.0940188830348467,No,1.714924395084381,S
1992.6666666666667,0.17139408382356647,1.5890040826442942,-0.03157016978040472,-1.104464872579758,1.0940188830348467,No,1.728827996687456,S
1992.75,0.09528005721306243,1.5845906636047187,0.06286087747274927,-1.104464872579758,1.0940188830348467,No,1.7427315982905305,S
1992.8333333333335,0.010347671447072312,1.580177244565143,0.1661102838813895,-1.104464872579758,1.0940188830348467,No,1.7566351998936047,S
1992.9166666666667,-0.11252671664037649,1.5757638255255675,0.3073016926114882,-1.104464872579758,1.0940188830348467,No,1.7705388014966792,S
1993,-0.20078164762796602,1.5713504064859918,0.4138736442417281,-1.104464872579758,1.0940188830348467,No,1.7844424030997539,S
1993.0833333333335,-0.2104697118252839,1.5669369874464163,0.4418787290816959,-1.104464872579758,1.0940188830348467,No,1.7983460047028283,S
1993.1666666666667,-0.22204197508717727,1.5625235684068408,0.47176801298623916,-1.104464872579758,1.0940188830348467,No,1.8122496063059028,S
1993.25,-0.10181106185544811,1.558110149367265,0.36985412039716037,-1.104464872579758,1.0940188830348467,No,1.8261532079089773,S
1993.3333333333335,0.01458119582739252,1.5536967303276896,0.27177888335696987,-1.104464872579758,1.0940188830348467,No,1.840056809512052,S
1993.4166666666667,0.15502750258551395,1.5494074472142123,0.14952546131540023,-1.104464872579758,1.0940188830348467,No,1.8539604111151264,S
1993.5,0.1602453992139245,1.5451181641007348,0.16250044940354158,-1.104464872579758,1.0940188830348467,No,1.867864012718201,S
1993.5833333333335,0.24075521591341498,1.5408288809872575,-0.3698066005627818,-1.104464872579758,1.0940188830348467,No,1.4117774963378906,S
1993.6666666666667,0.17139408382356647,1.5365395978737801,-0.382395676549685,-1.104464872579758,1.0940188830348467,No,1.3255380051476617,S
1993.75,0.09528005721306243,1.5322503147603026,-0.38823185801593274,-1.104464872579758,1.0940188830348467,No,1.2392985139574324,S
1993.8333333333335,0.010347671447072312,1.5279610316468253,-0.38524968032669427,-1.104464872579758,1.0940188830348467,No,1.1530590227672033,S
1993.9166666666667,-0.11252671664037649,1.523671748533348,-0.3443255003159973,-1.104464872579758,1.0940188830348467,No,1.0668195315769742,S
1994,-0.20078164762796602,1.5193824654198704,-0.33802077740515957,-1.104464872579758,1.0940188830348467,No,0.9805800403867448,S
1994.0833333333335,-0.2104697118252839,1.5150931823063931,-0.4102829212845933,-1.104464872579758,1.0940188830348467,No,0.894340549196516,S
1994.1666666666667,-0.22204197508717727,1.5108038991929156,-0.4806608660994518,-1.104464872579758,1.0940188830348467,No,0.8081010580062865,S
1994.25,-0.10181106185544811,1.5065146160794383,-0.5713833206670308,-1.104464872579758,1.0940188830348467,No,0.8333202335569594,S
1994.3333333333335,0.01458119582739252,1.502225332965961,-0.6582671196857213,-1.104464872579758,1.0940188830348467,No,0.8585394091076322,S
1994.4166666666667,0.15502750258551395,1.4979360498524834,-0.7692049677796926,-1.104464872579758,1.0940188830348467,No,0.8837585846583047,S
1994.5,0.1602453992139245,1.493646766739006,-0.744914405743953,-1.104464872579758,1.0940188830348467,No,0.9089777602089777,S
1994.5833333333335,0.24075521591341498,1.488923053990035,-0.7954813341437997,-1.104464872579758,1.0940188830348467,No,0.9341969357596503,S
1994.6666666666667,0.17139408382356647,1.4841993412410641,-0.6961773137543075,-1.104464872579758,1.0940188830348467,No,0.9594161113103231,S
1994.75,0.09528005721306243,1.4794756284920931,-0.5901203988441598,-1.104464872579758,1.0940188830348467,No,0.9846352868609958,S
1994.8333333333335,0.010347671447072312,1.4747519157431221,-0.4752451247785259,-1.104464872579758,1.0940188830348467,No,1.0098544624116685,S
1994.9166666666667,-0.11252671664037649,1.4700282029941512,-0.32242784839143335,-1.104464872579758,1.0940188830348467,No,1.0350736379623413,S
1995,-0.20078164762796602,1.4653044902451802,-0.24085956022280497,-1.104464872579758,1.0940188830348467,No,1.0236632823944092,S
1995.0833333333335,-0.2104697118252839,1.4605807774962092,-0.23785813884444829,-1.104464872579758,1.0940188830348467,No,1.012252926826477,S
1995.1666666666667,-0.22204197508717727,1.4558570647472384,-0.12170930285967674,-1.104464872579758,1.0940188830348467,No,1.1121057868003845,S
1995.25,-0.10181106185544811,1.4511333519982674,-0.13736364336852724,-1.104464872579758,1.0940188830348467,No,1.211958646774292,S
1995.3333333333335,0.01458119582739252,1.4464096392492964,-0.07873736704003731,-1.104464872579758,1.0940188830348467,No,1.3822534680366516,S
1995.4166666666667,0.15502750258551395,1.4416859265003255,-0.04416513978682812,-1.104464872579758,1.0940188830348467,No,1.5525482892990112,S
1995.5,0.1602453992139245,1.4369622137513545,0.12563549759609183,-1.104464872579758,1.0940188830348467,No,1.7228431105613708,S
1995.5833333333335,0.24075521591341498,1.4322385010023835,0.220144214907932,-1.104464872579758,1.0940188830348467,No,1.8931379318237305,S
1995.6666666666667,0.17139408382356647,1.4275147882534125,2.994828729721011e-4,-1.104464872579758,1.0940188830348467,No,1.5992083549499512,S
1995.75,0.09528005721306243,1.424463144878356,0.2134962102163207,-1.104464872579758,1.0940188830348467,No,1.7332394123077393,S
1995.8333333333335,0.010347671447072312,1.4214115015032995,0.06666726442755788,-1.104464872579758,1.0940188830348467,No,1.4984264373779297,S
1995.9166666666667,-0.11252671664037649,1.418359858128243,-0.28560535160902134,-1.104464872579758,1.0940188830348467,No,1.0202277898788452,S
1996,-0.20078164762796602,1.4153082147531864,-0.1843765112399054,-1.104464872579758,1.0940188830348467,No,1.030150055885315,S
1996.0833333333335,-0.2104697118252839,1.4122565713781299,-0.0028276281761980826,-1.104464872579758,1.0940188830348467,No,1.198959231376648,S
1996.1666666666667,-0.22204197508717727,1.4092049280030734,0.18060545395208472,-1.104464872579758,1.0940188830348467,No,1.367768406867981,S
1996.25,-0.10181106185544811,1.406153284628017,0.23223535958674524,-1.104464872579758,1.0940188830348467,No,1.536577582359314,S
1996.3333333333335,0.01458119582739252,1.4031016412529604,0.28770392077029405,-1.104464872579758,1.0940188830348467,No,1.705386757850647,S
1996.4166666666667,0.15502750258551395,1.400049997877904,0.3191184328785621,-1.104464872579758,1.0940188830348467,No,1.87419593334198,S
1996.5,0.1602453992139245,1.3969983545028475,0.24032456751125508,-1.104464872579758,1.0940188830348467,No,1.7975683212280271,S
1996.5833333333335,0.24075521591341498,1.3939467111277908,0.08437789526065864,-1.104464872579758,1.0940188830348467,No,1.7190798223018644,S
1996.6666666666667,0.17139408382356647,1.3908950677527343,0.07830217179940102,-1.104464872579758,1.0940188830348467,No,1.640591323375702,S
1996.75,0.09528005721306243,1.3878434243776778,0.07897934285879882,-1.104464872579758,1.0940188830348467,No,1.5621028244495392,S
1996.8333333333335,0.010347671447072312,1.3847917810026213,0.08847487307368285,-1.104464872579758,1.0940188830348467,No,1.4836143255233765,S
1996.9166666666667,-0.11252671664037649,1.3842872870362393,0.13336525620135098,-1.104464872579758,1.0940188830348467,No,1.4051258265972137,S
1997,-0.20078164762796602,1.383782793069857,0.14363618222916008,-1.104464872579758,1.0940188830348467,No,1.326637327671051,S
1997.0833333333335,-0.2104697118252839,1.3832782991034749,0.07534024146669727,-1.104464872579758,1.0940188830348467,No,1.2481488287448883,S
1997.1666666666667,-0.22204197508717727,1.3827738051370928,0.008928499768809939,-1.104464872579758,1.0940188830348467,No,1.1696603298187256,S
1997.25,-0.10181106185544811,1.3822693111707107,0.051349602476119305,-1.104464872579758,1.0940188830348467,No,1.3318078517913818,S
1997.3333333333335,0.01458119582739252,1.3817648172043284,0.09343071750569365,-1.104464872579758,1.0940188830348467,No,1.4897767305374146,S
1997.4166666666667,0.15502750258551395,1.3812603232379463,-0.16915456605020585,-1.104464872579758,1.0940188830348467,No,1.3671332597732544,S
1997.5,0.1602453992139245,1.3807558292715643,-0.5636312643627166,-1.104464872579758,1.0940188830348467,No,0.9773699641227722,S
1997.5833333333335,0.24075521591341498,1.380251335305182,-0.4118197588449397,-1.104464872579758,1.0940188830348467,No,1.2091867923736572,S
1997.6666666666667,0.17139408382356647,1.3797468413387999,0.13660631490416186,-1.104464872579758,1.0940188830348467,No,1.6877472400665283,S
1997.75,0.09528005721306243,1.3792423473724178,0.22632808216989075,-1.104464872579758,1.0940188830348467,No,1.700850486755371,S
1997.8333333333335,0.010347671447072312,1.3787378534060357,0.17883849782145234,-1.104464872579758,1.0940188830348467,No,1.5679240226745603,S
1997.9166666666667,-0.11252671664037649,1.3782333594396534,0.164489841130675,-1.104464872579758,1.0940188830348467,No,1.430196483929952,S
1998,-0.20078164762796602,1.3777288654732713,0.11552172734003796,-1.104464872579758,1.0940188830348467,No,1.2924689451853433,S
1998.0833333333335,-0.2104697118252839,1.3772897795328043,-0.012078661266785584,-1.104464872579758,1.0940188830348467,No,1.1547414064407349,S
1998.1666666666667,-0.22204197508717727,1.3768506935923372,-0.07704301530386615,-1.104464872579758,1.0940188830348467,No,1.077765703201294,S
1998.25,-0.10181106185544811,1.37641160765187,0.2268994646939959,-1.104464872579758,1.0940188830348467,No,1.5015000104904177,S
1998.3333333333335,0.01458119582739252,1.375972521711403,0.08423364686461166,-1.104464872579758,1.0940188830348467,No,1.474787364403407,S
1998.4166666666667,0.15502750258551395,1.375533435770936,-0.08248622004005357,-1.104464872579758,1.0940188830348467,No,1.4480747183163962,S
1998.5,0.1602453992139245,1.3750943498304689,-0.11397767681500781,-1.104464872579758,1.0940188830348467,No,1.4213620722293856,S
1998.5833333333335,0.24075521591341498,1.3746552638900016,-0.22076105366104182,-1.104464872579758,1.0940188830348467,No,1.3946494261423747,S
1998.6666666666667,0.17139408382356647,1.3742161779495345,-0.177673481717737,-1.104464872579758,1.0940188830348467,No,1.3679367800553641,S
1998.75,0.09528005721306243,1.3737770920090675,-0.12783301525377677,-1.104464872579758,1.0940188830348467,No,1.3412241339683533,S
1998.8333333333335,0.010347671447072312,1.3733380060686005,-0.06917418963433009,-1.104464872579758,1.0940188830348467,No,1.3145114878813426,S
1998.9166666666667,-0.11252671664037649,1.3728989201281334,0.027426638306575102,-1.104464872579758,1.0940188830348467,No,1.287798841794332,S
1999,-0.20078164762796602,1.3724598341876662,0.08940800914762104,-1.104464872579758,1.0940188830348467,No,1.2610861957073212,S
1999.0833333333335,-0.2104697118252839,1.372020748247199,0.07282251319839528,-1.104464872579758,1.0940188830348467,No,1.2343735496203105,S
1999.1666666666667,-0.22204197508717727,1.371581662306732,0.058121216313745006,-1.104464872579758,1.0940188830348467,No,1.2076609035333,S
1999.25,-0.10181106185544811,1.370687823032303,-0.08792850373056571,-1.104464872579758,1.0940188830348467,No,1.180948257446289,S
1999.3333333333335,0.01458119582739252,1.3697939837578736,-0.09767665940170289,-1.104464872579758,1.0940188830348467,No,1.2866985201835632,S
1999.4166666666667,0.15502750258551395,1.3689001444834445,-0.13147886414812104,-1.104464872579758,1.0940188830348467,No,1.3924487829208374,S
1999.5,0.1602453992139245,1.3680063052090154,-0.030052658764828655,-1.104464872579758,1.0940188830348467,No,1.4981990456581114,S
1999.5833333333335,0.24075521591341498,1.3671124659345861,-0.003918373452615587,-1.104464872579758,1.0940188830348467,No,1.6039493083953855,S
1999.6666666666667,0.17139408382356647,1.366218626660157,-0.04087202018428071,-1.104464872579758,1.0940188830348467,No,1.496740690299443,S
1999.75,0.09528005721306243,1.365324787385728,-0.07107277239529042,-1.104464872579758,1.0940188830348467,No,1.3895320722035,S
1999.8333333333335,0.010347671447072312,1.3644309481112986,-0.09245516545081389,-1.104464872579758,1.0940188830348467,No,1.282323454107557,S
1999.9166666666667,-0.11252671664037649,1.3635371088368695,-0.07589555618487887,-1.104464872579758,1.0940188830348467,No,1.1751148360116142,S
2000,-0.20078164762796602,1.3626432695624402,-0.09395540401880309,-1.104464872579758,1.0940188830348467,No,1.067906217915671,S
2000.0833333333335,-0.2104697118252839,1.361749430288011,-0.1905821186429988,-1.104464872579758,1.0940188830348467,No,0.9606975998197285,S
2000.1666666666667,-0.22204197508717727,1.360855591013582,-0.28532463420261944,-1.104464872579758,1.0940188830348467,No,0.8534889817237853,S
2000.25,-0.10181106185544811,1.3599617517391527,-0.0926991334395364,-1.104464872579758,1.0940188830348467,No,1.165451556444168,S
2000.3333333333335,0.01458119582739252,1.3590679124647236,0.10376502287243472,-1.104464872579758,1.0940188830348467,No,1.4774141311645508,S
2000.4166666666667,0.15502750258551395,1.3598151994763255,-0.11065073123664426,-1.104464872579758,1.0940188830348467,No,1.404191970825195,S
2000.5,0.1602453992139245,1.3605624864879273,-0.5806118484093714,-1.104464872579758,1.0940188830348467,No,0.9401960372924805,S
2000.5833333333335,0.24075521591341498,1.3613097734995292,0.7307058350194287,-1.104464872579758,1.0940188830348467,No,2.332770824432373,S
2000.6666666666667,0.17139408382356647,1.362057060511131,0.7143377372196256,-1.104464872579758,1.0940188830348467,No,2.247788881554323,S
2000.75,0.09528005721306243,1.362804347522733,0.7047225339404775,-1.104464872579758,1.0940188830348467,No,2.162806938676273,S
2000.8333333333335,0.010347671447072312,1.3635516345343348,0.7039256898168158,-1.104464872579758,1.0940188830348467,No,2.077824995798223,S
2000.9166666666667,-0.11252671664037649,1.3642989215459367,0.7410708480146129,-1.104464872579758,1.0940188830348467,No,1.992843052920173,S
2001,-0.20078164762796602,1.3650462085575388,0.7435965491125502,-1.104464872579758,1.0940188830348467,No,1.907861110042123,S
2001.0833333333335,-0.2104697118252839,1.3657934955691406,0.6675553834202164,-1.104464872579758,1.0940188830348467,No,1.8228791671640732,S
2001.1666666666667,-0.22204197508717727,1.3665407825807425,0.593398416792458,-1.104464872579758,1.0940188830348467,No,1.7378972242860233,S
2001.25,-0.10181106185544811,1.3672880695923444,0.3874382736710771,-1.104464872579758,1.0940188830348467,No,1.6529152814079733,S
2001.3333333333335,0.01458119582739252,1.3680353566039463,0.1853167860985847,-1.104464872579758,1.0940188830348467,No,1.5679333385299234,S
2001.4166666666667,0.15502750258551395,1.3687826436155481,-0.04085875054918864,-1.104464872579758,1.0940188830348467,No,1.4829513956518734,S
2001.5,0.1602453992139245,1.36952993062715,-0.13180587706725122,-1.104464872579758,1.0940188830348467,No,1.3979694527738233,S
2001.5833333333335,0.24075521591341498,1.3715914541141434,-0.2993591601317849,-1.104464872579758,1.0940188830348467,No,1.3129875098957735,S
2001.6666666666667,0.17139408382356647,1.3736529776011368,-0.3170414944069795,-1.104464872579758,1.0940188830348467,No,1.228005567017724,S
2001.75,0.09528005721306243,1.37571450108813,-0.3279709341615189,-1.104464872579758,1.0940188830348467,No,1.1430236241396736,S
2001.8333333333335,0.010347671447072312,1.3777760245751234,-0.3300820147605721,-1.104464872579758,1.0940188830348467,No,1.0580416812616236,S
2001.9166666666667,-0.11252671664037649,1.3798375480621168,-0.29425109303816677,-1.104464872579758,1.0940188830348467,No,0.9730597383835735,S
2002,-0.20078164762796602,1.3818990715491102,-0.2930396284156205,-1.104464872579758,1.0940188830348467,No,0.8880777955055237,S
2002.0833333333335,-0.2104697118252839,1.3839605950361034,-0.23508608470312908,-1.104464872579758,1.0940188830348467,No,0.9384047985076904,S
2002.1666666666667,-0.22204197508717727,1.3860221185230968,-0.17524834192606242,-1.104464872579758,1.0940188830348467,No,0.9887318015098571,S
2002.25,-0.10181106185544811,1.3880836420100902,-0.2544418719688102,-1.104464872579758,1.0940188830348467,No,1.0318307081858318,S
2002.3333333333335,0.01458119582739252,1.3901451654970836,-0.3297967464626699,-1.104464872579758,1.0940188830348467,No,1.0749296148618062,S
2002.4166666666667,0.15502750258551395,1.392206688984077,-0.4292056700318101,-1.104464872579758,1.0940188830348467,No,1.1180285215377808,S
2002.5,0.1602453992139245,1.3942682124710701,-0.3933861834712393,-1.104464872579758,1.0940188830348467,No,1.1611274282137554,S
2002.5833333333335,0.24075521591341498,1.3963297359580635,-0.43285861698174877,-1.104464872579758,1.0940188830348467,No,1.2042263348897297,S
2002.6666666666667,0.17139408382356647,1.398391259445057,-0.32246010170291917,-1.104464872579758,1.0940188830348467,No,1.2473252415657043,S
2002.75,0.09528005721306243,1.4004285438090869,-0.20528445278047025,-1.104464872579758,1.0940188830348467,No,1.2904241482416792,S
2002.8333333333335,0.010347671447072312,1.4024658281731166,-0.07929044470253555,-1.104464872579758,1.0940188830348467,No,1.3335230549176533,S
2002.9166666666667,-0.11252671664037649,1.4045031125371465,0.08464556569685788,-1.104464872579758,1.0940188830348467,No,1.376621961593628,S
2003,-0.20078164762796602,1.4065403969011765,0.21396211899639206,-1.104464872579758,1.0940188830348467,No,1.4197208682696025,S
2003.0833333333335,-0.2104697118252839,1.4085776812652062,0.26471180550565454,-1.104464872579758,1.0940188830348467,No,1.462819774945577,S
2003.1666666666667,-0.22204197508717727,1.4106149656292362,0.3173456910794925,-1.104464872579758,1.0940188830348467,No,1.5059186816215515,S
2003.25,-0.10181106185544811,1.4126522499932659,0.23817640015970842,-1.104464872579758,1.0940188830348467,No,1.5490175882975261,S
2003.3333333333335,0.01458119582739252,1.4146895343572958,0.1628457647888122,-1.104464872579758,1.0940188830348467,No,1.5921164949735005,S
2003.4166666666667,0.15502750258551395,1.4167268187213258,0.06346108034263542,-1.104464872579758,1.0940188830348467,No,1.635215401649475,S
2003.5,0.1602453992139245,1.4187641030853555,0.2967133232279111,-1.104464872579758,1.0940188830348467,No,1.8757228255271912,S
2003.5833333333335,0.24075521591341498,1.4208013874493854,0.4546736460421068,-1.104464872579758,1.0940188830348467,No,2.1162302494049072,S
2003.6666666666667,0.17139408382356647,1.4228386718134154,-0.042540746664814,-1.104464872579758,1.0940188830348467,No,1.551692008972168,S
2003.75,0.09528005721306243,1.4248759561774451,-0.11109734716125952,-1.104464872579758,1.0940188830348467,No,1.4090586662292481,S
2003.8333333333335,0.010347671447072312,1.426913240541475,-0.17083558850221925,-1.104464872579758,1.0940188830348467,No,1.266425323486328,S
2003.9166666666667,-0.11252671664037649,1.4288561500482058,-0.19253745266442102,-1.104464872579758,1.0940188830348467,No,1.1237919807434082,S
2004,-0.20078164762796602,1.4307990595549365,-0.24885877392648226,-1.104464872579758,1.0940188830348467,No,0.9811586380004882,S
2004.0833333333335,-0.2104697118252839,1.4327419690616672,-0.38374696197881497,-1.104464872579758,1.0940188830348467,No,0.8385252952575684,S
2004.1666666666667,-0.22204197508717727,1.4346848785683977,-0.235801632557606,-1.104464872579758,1.0940188830348467,No,0.9768412709236144,S
2004.25,-0.10181106185544811,1.4366277880751284,-0.21965947963001953,-1.104464872579758,1.0940188830348467,No,1.1151572465896606,S
2004.3333333333335,0.01458119582739252,1.438570697581859,-0.19967867115354476,-1.104464872579758,1.0940188830348467,No,1.2534732222557068,S
2004.4166666666667,0.15502750258551395,1.4405136070885898,-0.20375191175235075,-1.104464872579758,1.0940188830348467,No,1.391789197921753,S
2004.5,0.1602453992139245,1.4424565165953205,-0.006527616092295574,-1.104464872579758,1.0940188830348467,No,1.5961742997169495,S
2004.5833333333335,0.24075521591341498,1.4443994261020512,0.11540475949667983,-1.104464872579758,1.0940188830348467,No,1.800559401512146,S
2004.6666666666667,0.17139408382356647,1.446342335608782,0.19808905482988926,-1.104464872579758,1.0940188830348467,No,1.8158254742622377,S
2004.75,0.09528005721306243,1.4482852451155124,0.2875262446837541,-1.104464872579758,1.0940188830348467,No,1.831091547012329,S
2004.8333333333335,0.010347671447072312,1.450228154622243,0.3857817936931054,-1.104464872579758,1.0940188830348467,No,1.8463576197624207,S
2004.9166666666667,-0.11252671664037649,1.4521710641289738,0.521979345023915,-1.104464872579758,1.0940188830348467,No,1.8616236925125123,S
2005,-0.20078164762796602,1.4541139736357045,0.6235574392548653,-1.104464872579758,1.0940188830348467,No,1.8768897652626038,S
2005.0833333333335,-0.2104697118252839,1.456716369379792,0.6459091804581873,-1.104464872579758,1.0940188830348467,No,1.8921558380126955,S
2005.1666666666667,-0.22204197508717727,1.4593187651238793,0.6701451207260847,-1.104464872579758,1.0940188830348467,No,1.9074219107627868,S
2005.25,-0.10181106185544811,1.4619211608679668,0.5625778845003597,-1.104464872579758,1.0940188830348467,No,1.9226879835128783,S
2005.3333333333335,0.01458119582739252,1.4645235566120542,0.4588493038235233,-1.104464872579758,1.0940188830348467,No,1.93795405626297,S
2005.4166666666667,0.15502750258551395,1.4671259523561417,0.3310666740714059,-1.104464872579758,1.0940188830348467,No,1.9532201290130615,S
2005.5,0.1602453992139245,1.469728348100229,-0.27258751589172925,-1.104464872579758,1.0940188830348467,No,1.3573862314224243,S
2005.5833333333335,0.24075521591341498,1.4723307438443165,0.110782434140279,-1.104464872579758,1.0940188830348467,No,1.8238683938980105,S
2005.6666666666667,0.17139408382356647,1.474933139588404,0.051657846680367214,-1.104464872579758,1.0940188830348467,No,1.6979850700923378,S
2005.75,0.09528005721306243,1.4775355353324913,-7.138462588889283e-4,-1.104464872579758,1.0940188830348467,No,1.5721017462866649,S
2005.8333333333335,0.010347671447072312,1.4801379310765788,-0.04426718004265906,-1.104464872579758,1.0940188830348467,No,1.446218422480992,S
2005.9166666666667,-0.11252671664037649,1.4827403268206663,-0.04987851150497047,-1.104464872579758,1.0940188830348467,No,1.3203350986753193,S
2006,-0.20078164762796602,1.4853427225647537,-0.09010930006714135,-1.104464872579758,1.0940188830348467,No,1.1944517748696464,S
2006.0833333333335,-0.2104697118252839,1.487945118308841,-0.20890695541958348,-1.104464872579758,1.0940188830348467,No,1.0685684510639737,S
2006.1666666666667,-0.22204197508717727,1.4905475140529285,-0.3258204117074506,-1.104464872579758,1.0940188830348467,No,0.9426851272583007,S
2006.25,-0.10181106185544811,1.4931307974748766,-0.49512480077445786,-1.104464872579758,1.0940188830348467,No,0.8961949348449707,S
2006.3333333333335,0.01458119582739252,1.495714080896825,-0.06558490284573848,-1.104464872579758,1.0940188830348467,No,1.444710373878479,S
2006.4166666666667,0.15502750258551395,1.4982973643187731,0.33990094600770027,-1.104464872579758,1.0940188830348467,No,1.9932258129119873,S
2006.5,0.1602453992139245,1.5008806477407213,0.3831249181637624,-1.104464872579758,1.0940188830348467,No,2.044250965118408,S
2006.5833333333335,0.24075521591341498,1.5034639311626694,0.012302435527370204,-1.104464872579758,1.0940188830348467,No,1.7565215826034546,S
2006.6666666666667,0.17139408382356647,1.5060472145846178,0.3422153597644231,-1.104464872579758,1.0940188830348467,No,2.0196566581726074,S
2006.75,0.09528005721306243,1.508630498006566,0.22477419199945725,-1.104464872579758,1.0940188830348467,No,1.8286847472190857,S
2006.8333333333335,0.010347671447072312,1.511213781428514,0.11615138338997766,-1.104464872579758,1.0940188830348467,No,1.637712836265564,S
2006.9166666666667,-0.11252671664037649,1.5137970648504624,-0.060702401776064896,-1.104464872579758,1.0940188830348467,No,1.340567946434021,S
2007,-0.20078164762796602,1.5163803482724105,-0.26985440075583367,-1.104464872579758,1.0940188830348467,No,1.0457442998886108,S
2007.0833333333335,-0.2104697118252839,1.5189636316943587,-0.16061443855346202,-1.104464872579758,1.0940188830348467,No,1.1478794813156128,S
2007.1666666666667,-0.22204197508717727,1.5215469151163068,-0.049490277286514894,-1.104464872579758,1.0940188830348467,No,1.2500146627426147,S
2007.25,-0.10181106185544811,1.5241301985382552,-0.07016929251319026,-1.104464872579758,1.0940188830348467,No,1.3521498441696167,S
2007.3333333333335,0.01458119582739252,1.5267134819602033,-0.08700965219097712,-1.104464872579758,1.0940188830348467,No,1.4542850255966187,S
2007.4166666666667,0.15502750258551395,1.52846127298185,-0.12706856854374338,-1.104464872579758,1.0940188830348467,No,1.5564202070236206,S
2007.5,0.1602453992139245,1.530209064003497,-0.031899074766799096,-1.104464872579758,1.0940188830348467,No,1.6585553884506226,S
2007.5833333333335,0.24075521591341498,1.531956855025144,-0.012021501060934359,-1.104464872579758,1.0940188830348467,No,1.7606905698776245,S
2007.6666666666667,0.17139408382356647,1.533704646046791,0.15772702143426898,-1.104464872579758,1.0940188830348467,No,1.8628257513046265,S
2007.75,0.09528005721306243,1.5354524370684377,0.3342284384501282,-1.104464872579758,1.0940188830348467,No,1.9649609327316284,S
2007.8333333333335,0.010347671447072312,1.5372002280900847,-0.02675791864879029,-1.104464872579758,1.0940188830348467,No,1.5207899808883667,S
2007.9166666666667,-0.11252671664037649,1.5389480191117315,-0.5006826101877246,-1.104464872579758,1.0940188830348467,No,0.9257386922836304,S
2008,-0.20078164762796602,1.5406958101333783,-0.42116590296103973,-1.104464872579758,1.0940188830348467,No,0.9187482595443726,S
2008.0833333333335,-0.2104697118252839,1.5424436011550253,-0.28682170198232937,-1.104464872579758,1.0940188830348467,No,1.045152187347412,S
2008.1666666666667,-0.22204197508717727,1.5441913921766721,-0.14223577706721713,-1.104464872579758,1.0940188830348467,No,1.1799136400222778,S
2008.25,-0.10181106185544811,1.5459391831983191,-0.6957100882198547,-1.104464872579758,1.0940188830348467,No,0.7484180331230164,S
2008.3333333333335,0.01458119582739252,1.547686974219966,-0.09606904022748841,-1.104464872579758,1.0940188830348467,No,1.46619912981987,S
2008.4166666666667,0.15502750258551395,1.549434765241613,0.47951795868959657,-1.104464872579758,1.0940188830348467,No,2.1839802265167236,S
2008.5,0.1602453992139245,1.5511825562632597,0.531022758634144,-1.104464872579758,1.0940188830348467,No,2.242450714111328,S
2008.5833333333335,0.24075521591341498,1.5520726438674584,-0.10886348809965996,-1.104464872579758,1.0940188830348467,No,1.6839643716812134,S
2008.6666666666667,0.17139408382356647,1.5529627314716572,-0.598878786044125,-1.104464872579758,1.0940188830348467,No,1.1254780292510986,S
2008.75,0.09528005721306243,1.5538528190758558,-0.37861409653427924,-1.104464872579758,1.0940188830348467,No,1.2705187797546391,S
2008.8333333333335,0.010347671447072312,1.5547429066800544,-0.24471199147723177,-1.104464872579758,1.0940188830348467,No,1.320378586649895,S
2008.9166666666667,-0.11252671664037649,1.555632994284253,-0.07286788409872558,-1.104464872579758,1.0940188830348467,No,1.370238393545151,S
2009,-0.20078164762796602,1.556523081888452,0.06435676617992114,-1.104464872579758,1.0940188830348467,No,1.420098200440407,S
2009.0833333333335,-0.2104697118252839,1.5574131694926505,0.12301454966829617,-1.104464872579758,1.0940188830348467,No,1.4699580073356628,S
2009.1666666666667,-0.22204197508717727,1.5583032570968491,0.1835565322212469,-1.104464872579758,1.0940188830348467,No,1.5198178142309189,S
2009.25,-0.10181106185544811,1.559193344701048,0.11229533828057514,-1.104464872579758,1.0940188830348467,No,1.569677621126175,S
2009.3333333333335,0.01458119582739252,1.5600834323052466,0.04487279988879189,-1.104464872579758,1.0940188830348467,No,1.619537428021431,S
2009.4166666666667,0.15502750258551395,1.5609735199094452,-0.046603787578272104,-1.104464872579758,1.0940188830348467,No,1.669397234916687,S
2009.5,0.1602453992139245,1.5618636075136438,-0.1569089163192432,-1.104464872579758,1.0940188830348467,No,1.5652000904083252,S
2009.5833333333335,0.24075521591341498,1.5627536951178427,0.47397645960472845,-1.104464872579758,1.0940188830348467,No,2.2774853706359863,S
2009.6666666666667,0.17139408382356647,1.5636437827220413,0.22121554284007328,-1.104464872579758,1.0940188830348467,No,1.9562534093856812,S
2009.75,0.09528005721306243,1.5639552474108203,-0.024213856488506824,-1.104464872579758,1.0940188830348467,No,1.635021448135376,S
2009.8333333333335,0.010347671447072312,1.5642667120995992,-0.03189859565909825,-1.104464872579758,1.0940188830348467,No,1.5427157878875732,S
2009.9166666666667,-0.11252671664037649,1.5645781767883782,-0.14503824651351072,-1.104464872579758,1.0940188830348467,No,1.307013213634491,S
2010,-0.20078164762796602,1.5648896414771574,-0.29279735446778266,-1.104464872579758,1.0940188830348467,No,1.0713106393814087,S
2010.0833333333335,-0.2104697118252839,1.5652011061659363,-0.11770418633029678,-1.104464872579758,1.0940188830348467,No,1.2370272080103557,S
2010.1666666666667,-0.22204197508717727,1.5655125708547153,0.059273180871764586,-1.104464872579758,1.0940188830348467,No,1.4027437766393027,S
2010.25,-0.10181106185544811,1.5658240355434943,0.10444737158020345,-1.104464872579758,1.0940188830348467,No,1.5684603452682495,S
2010.3333333333335,0.01458119582739252,1.5661355002322732,-0.3336841729044533,-1.104464872579758,1.0940188830348467,No,1.2470325231552124,S
2010.4166666666667,0.15502750258551395,1.5664469649210522,0.3728401076887464,-1.104464872579758,1.0940188830348467,No,2.0943145751953125,S
2010.5,0.1602453992139245,1.5667584296098311,0.5701739627717035,-1.104464872579758,1.0940188830348467,No,2.297177791595459,S
2010.5833333333335,0.24075521591341498,1.5670698942986103,0.4966552040427352,-1.104464872579758,1.0940188830348467,No,2.3044803142547607,S
2010.6666666666667,0.17139408382356647,1.5673813589873893,0.43626098754793086,-1.104464872579758,1.0940188830348467,No,2.1750364303588867,S
2010.75,0.09528005721306243,1.5676928236761682,0.2868363604056303,-1.104464872579758,1.0940188830348467,No,1.949809241294861,S
2010.8333333333335,0.010347671447072312,1.5680042883649472,0.14623009241881535,-1.104464872579758,1.0940188830348467,No,1.7245820522308348,S
2010.9166666666667,-0.11252671664037649,1.56770494596952,0.04417663383766546,-1.104464872579758,1.0940188830348467,No,1.499354863166809,S
2011,-0.20078164762796602,1.5674056035740929,-0.09249628184334391,-1.104464872579758,1.0940188830348467,No,1.274127674102783,S
2011.0833333333335,-0.2104697118252839,1.5671062611786657,-0.30773606431462475,-1.104464872579758,1.0940188830348467,No,1.048900485038757,S
2011.1666666666667,-0.22204197508717727,1.5668069187832383,-0.3197317081461344,-1.104464872579758,1.0940188830348467,No,1.0250332355499268,S
2011.25,-0.10181106185544811,1.5665075763878111,-0.015421497747694968,-1.104464872579758,1.0940188830348467,No,1.449275016784668,S
2011.3333333333335,0.01458119582739252,1.566208233992384,0.5032705238697985,-1.104464872579758,1.0940188830348467,No,2.084059953689575,S
2011.4166666666667,0.15502750258551395,1.5659088915969568,0.24488797143337404,-1.104464872579758,1.0940188830348467,No,1.9658243656158447,S
2011.5,0.1602453992139245,1.5656095492015296,0.12773506318122552,-1.104464872579758,1.0940188830348467,No,1.8535900115966797,S
2011.5833333333335,0.24075521591341498,1.5653102068061024,-0.1748754803595931,-1.104464872579758,1.0940188830348467,No,1.6311899423599243,S
2011.6666666666667,0.17139408382356647,1.5650108644106753,-0.29675930023161734,-1.104464872579758,1.0940188830348467,No,1.4396456480026245,S
2011.75,0.09528005721306243,1.5647115220152479,0.2137622068587257,-1.104464872579758,1.0940188830348467,No,1.8737537860870361,S
2011.8333333333335,0.010347671447072312,1.5644121796198207,0.26351069393890514,-1.104464872579758,1.0940188830348467,No,1.8382705450057981,S
2011.9166666666667,-0.11252671664037649,1.5641128372243935,0.3512011833405433,-1.104464872579758,1.0940188830348467,No,1.8027873039245603,S
2012,-0.20078164762796602,1.5638134948289664,0.4042722156423222,-1.104464872579758,1.0940188830348467,No,1.7673040628433225,S
2012.0833333333335,-0.2104697118252839,1.5629026932445453,0.37938784034282347,-1.104464872579758,1.0940188830348467,No,1.731820821762085,S
2012.1666666666667,-0.22204197508717727,1.5619918916601243,0.3563876641079,-1.104464872579758,1.0940188830348467,No,1.6963375806808472,S
2012.25,-0.10181106185544811,1.5610810900757033,0.2015843113793543,-1.104464872579758,1.0940188830348467,No,1.6608543395996094,S
2012.3333333333335,0.01458119582739252,1.5601702884912825,0.05061961419969663,-1.104464872579758,1.0940188830348467,No,1.6253710985183716,S
2012.4166666666667,0.15502750258551395,1.5592594869068614,-0.10435568308687437,-1.104464872579758,1.0940188830348467,No,1.609931306405501,S
2012.5,0.1602453992139245,1.5583486853224404,-0.12410257024373461,-1.104464872579758,1.0940188830348467,No,1.5944915142926304,S
2012.5833333333335,0.24075521591341498,1.5574378837380194,-0.21914137747167484,-1.104464872579758,1.0940188830348467,No,1.5790517221797595,S
2012.6666666666667,0.17139408382356647,1.5565270821535984,-0.1643092359102758,-1.104464872579758,1.0940188830348467,No,1.5636119300668891,S
2012.75,0.09528005721306243,1.5556162805691773,-0.10272419982822134,-1.104464872579758,1.0940188830348467,No,1.5481721379540185,S
2012.8333333333335,0.010347671447072312,1.5547054789847563,-0.032320804590680874,-1.104464872579758,1.0940188830348467,No,1.5327323458411477,S
2012.9166666666667,-0.11252671664037649,1.5537946774003355,0.0760245929683181,-1.104464872579758,1.0940188830348467,No,1.517292553728277,S
2013,-0.20078164762796602,1.5528838758159145,0.14975053342745803,-1.104464872579758,1.0940188830348467,No,1.5018527616154065,S
2013.0833333333335,-0.2104697118252839,1.5519730742314934,0.14490960709632605,-1.104464872579758,1.0940188830348467,No,1.4864129695025357,S
2013.1666666666667,-0.22204197508717727,1.5510622726470724,0.14195287982976978,-1.104464872579758,1.0940188830348467,No,1.470973177389665,S
2013.25,-0.10181106185544811,1.5496967377363933,0.007647709395849356,-1.104464872579758,1.0940188830348467,No,1.4555333852767944,S
2013.3333333333335,0.01458119582739252,1.5483312028257141,-0.16322820790298453,-1.104464872579758,1.0940188830348467,No,1.399684190750122,S
2013.4166666666667,0.15502750258551395,1.546965667915035,-0.07428926539495806,-1.104464872579758,1.0940188830348467,No,1.6277039051055908,S
2013.5,0.1602453992139245,1.5456001330043558,0.14987808724277918,-1.104464872579758,1.0940188830348467,No,1.8557236194610596,S
2013.5833333333335,0.24075521591341498,1.5442345980936767,0.13857450083513223,-1.104464872579758,1.0940188830348467,No,1.923564314842224,S
2013.6666666666667,0.17139408382356647,1.5428690631829975,0.2725992740292025,-1.104464872579758,1.0940188830348467,No,1.9868624210357666,S
2013.75,0.09528005721306243,1.5415035282723184,-0.06773637288467294,-1.104464872579758,1.0940188830348467,No,1.569047212600708,S
2013.8333333333335,0.010347671447072312,1.5401379933616393,-0.5025289597153277,-1.104464872579758,1.0940188830348467,No,1.0479567050933838,S
2013.9166666666667,-0.11252671664037649,1.5387724584509601,-0.39251885887601334,-1.104464872579758,1.0940188830348467,No,1.0337268829345703,S
2014,-0.20078164762796602,1.537406923540281,-0.3171282151365582,-1.104464872579758,1.0940188830348467,No,1.0194970607757567,S
2014.0833333333335,-0.2104697118252839,1.5360413886296018,-0.32030443818737453,-1.104464872579758,1.0940188830348467,No,1.0052672386169434,S
2014.1666666666667,-0.22204197508717727,1.5346758537189227,-0.32159646217361537,-1.104464872579758,1.0940188830348467,No,0.99103741645813,S
2014.25,-0.10181106185544811,1.5333103188082435,-0.45469166265347893,-1.104464872579758,1.0940188830348467,No,0.9768075942993165,S
2014.3333333333335,0.01458119582739252,1.5319447838975644,0.05929586819069255,-1.104464872579758,1.0940188830348467,No,1.6058218479156494,S
2014.4166666666667,0.15502750258551395,1.5306470280214277,-0.04594127569742623,-1.104464872579758,1.0940188830348467,No,1.6397332549095154,S
2014.5,0.1602453992139245,1.529349272145291,-0.015950009455834246,-1.104464872579758,1.0940188830348467,No,1.6736446619033813,S
2014.5833333333335,0.24075521591341498,1.5280515162691544,-0.06125066328532203,-1.104464872579758,1.0940188830348467,No,1.7075560688972473,S
2014.6666666666667,0.17139408382356647,1.526753760393018,0.04331963167452879,-1.104464872579758,1.0940188830348467,No,1.7414674758911133,S
2014.75,0.09528005721306243,1.5254560045168812,-0.042364775337731864,-1.104464872579758,1.0940188830348467,No,1.578371286392212,S
2014.8333333333335,0.010347671447072312,1.5241582486407446,-0.0509959026927973,-1.104464872579758,1.0940188830348467,No,1.4835100173950195,S
2014.9166666666667,-0.11252671664037649,1.5228604927646079,-0.1295225855190678,-1.104464872579758,1.0940188830348467,No,1.2808111906051636,S
2015,-0.20078164762796602,1.5215627368884712,0.03699040274388943,-1.104464872579758,1.0940188830348467,No,1.3577714920043946,S
2015.0833333333335,-0.2104697118252839,1.5202649810123345,0.12493652421657475,-1.104464872579758,1.0940188830348467,No,1.4347317934036254,S
2015.1666666666667,-0.22204197508717727,1.5189672251361979,0.214766844753836,-1.104464872579758,1.0940188830348467,No,1.5116920948028567,S
2015.25,-0.10181106185544811,1.5176694692600614,0.1727939887974741,-1.104464872579758,1.0940188830348467,No,1.5886523962020873,S
2015.3333333333335,0.01458119582739252,1.5163717133839247,0.13465978839000114,-1.104464872579758,1.0940188830348467,No,1.6656126976013184,S
2015.4166666666667,0.15502750258551395,1.515073957507788,0.25989336145515995,-1.104464872579758,1.0940188830348467,No,1.929994821548462,S
2015.5,0.1602453992139245,1.5137762016316514,-0.6056908360750681,-1.104464872579758,1.0940188830348467,No,1.0683307647705078,S
2015.5833333333335,0.24075521591341498,1.5128768506331893,-0.5886656025039407,-1.104464872579758,1.0940188830348467,No,1.1649664640426636,S
2015.6666666666667,0.17139408382356647,1.5119774996347273,-0.4217694201434745,-1.104464872579758,1.0940188830348467,No,1.2616021633148193,S
2015.75,0.09528005721306243,1.5110781486362652,-0.24812034326235266,-1.104464872579758,1.0940188830348467,No,1.358237862586975,S
2015.8333333333335,0.010347671447072312,1.510178797637803,-0.06565290722574435,-1.104464872579758,1.0940188830348467,No,1.4548735618591309,S
2015.9166666666667,-0.11252671664037649,1.5092794466393409,-0.08567298947467239,-1.104464872579758,1.0940188830348467,No,1.311079740524292,S
2016,-0.20078164762796602,1.5083800956408788,-0.3181749346004372,-1.104464872579758,1.0940188830348467,No,0.9894235134124756,S
2016.0833333333335,-0.2104697118252839,1.5074807446424168,-0.18470610689855382,-1.104464872579758,1.0940188830348467,No,1.112304925918579,S
2016.1666666666667,-0.22204197508717727,1.5065813936439547,0.013928265235336967,-1.104464872579758,1.0940188830348467,No,1.2984676837921145,S
2016.25,-0.10181106185544811,1.5056820426454927,0.08075946087560504,-1.104464872579758,1.0940188830348467,No,1.4846304416656495,S
2016.3333333333335,0.01458119582739252,1.5047826916470306,0.1514293120647614,-1.104464872579758,1.0940188830348467,No,1.6707931995391845,S
2016.4166666666667,0.15502750258551395,1.5038833406485683,0.19804511417863746,-1.104464872579758,1.0940188830348467,No,1.8569559574127197,S
2016.5,0.1602453992139245,1.5029839896501063,0.37988932642222406,-1.104464872579758,1.0940188830348467,No,2.043118715286255,S
2016.5833333333335,0.24075521591341498,1.5020846386516442,0.6345057074161418,-1.104464872579758,1.0940188830348467,No,2.377345561981201,S
2016.6666666666667,0.17139408382356647,1.5011852876531822,0.40026680276336357,-1.104464872579758,1.0940188830348467,No,2.0728461742401123,S
2016.75,0.09528005721306243,1.5005843095142548,0.21478520707563065,-1.104464872579758,1.0940188830348467,No,1.810649573802948,S
2016.8333333333335,0.010347671447072312,1.4999833313753275,0.038121970543383954,-1.104464872579758,1.0940188830348467,No,1.5484529733657837,S
2016.9166666666667,-0.11252671664037649,1.4993823532364001,-0.2766864643090363,-1.104464872579758,1.0940188830348467,No,1.1101691722869873,S
2017,-0.20078164762796602,1.4987813750974726,-0.3408855078039792,-1.104464872579758,1.0940188830348467,No,0.9571142196655273,S
2017.0833333333335,-0.2104697118252839,1.4981803969585452,-0.2732331540180475,-1.104464872579758,1.0940188830348467,No,1.0144775311152139,S
2017.1666666666667,-0.22204197508717727,1.4975794188196179,-0.20369660116753985,-1.104464872579758,1.0940188830348467,No,1.0718408425649009,S
2017.25,-0.10181106185544811,1.4969784406806905,-0.26596322481065493,-1.104464872579758,1.0940188830348467,No,1.1292041540145874,S
2017.3333333333335,0.01458119582739252,1.4963774625417632,-0.07777701488313271,-1.104464872579758,1.0940188830348467,No,1.433181643486023,S
2017.4166666666667,0.15502750258551395,1.4957764844028358,0.5079873166462936,-1.104464872579758,1.0940188830348467,No,2.1587913036346436,S
2017.5,0.1602453992139245,1.4951755062639085,0.4393314062287099,-1.104464872579758,1.0940188830348467,No,2.094752311706543,S
2017.5833333333335,0.24075521591341498,1.494574528124981,0.2953835757400465,-1.104464872579758,1.0940188830348467,No,2.0307133197784424,S
2017.6666666666667,0.17139408382356647,1.4939735499860536,0.06904503632587788,-1.104464872579758,1.0940188830348467,No,1.734412670135498,S
2017.75,0.09528005721306243,1.4933725718471262,-0.02941181103650714,-1.104464872579758,1.0940188830348467,No,1.5592408180236816,S
2017.8333333333335,0.010347671447072312,1.492771593708199,0.2322791465955225,-1.104464872579758,1.0940188830348467,No,1.7353984117507937,S
2017.9166666666667,-0.11252671664037649,1.4923618605451785,0.06796954550254664,-1.104464872579758,1.0940188830348467,No,1.4478046894073486,S
2018,-0.20078164762796602,1.4919521273821583,-0.39012849519608683,-1.104464872579758,1.0940188830348467,No,0.9010419845581055,S
2018.0833333333335,-0.2104697118252839,1.491542394219138,-0.22509727503186983,-1.104464872579758,1.0940188830348467,No,1.0559754073619843,S
2018.1666666666667,-0.22204197508717727,1.4911326610561175,-0.05818185580307733,-1.104464872579758,1.0940188830348467,No,1.210908830165863,S
2018.25,-0.10181106185544811,1.4907229278930971,-0.023069613067907113,-1.104464872579758,1.0940188830348467,No,1.3658422529697418,S
2018.3333333333335,0.01458119582739252,1.490313194730077,0.015881285216151175,-1.104464872579758,1.0940188830348467,No,1.5207756757736206,S
2018.4166666666667,0.15502750258551395,1.4899034615670566,0.030778134424928938,-1.104464872579758,1.0940188830348467,No,1.6757090985774994,S
2018.5,0.1602453992139245,1.4894937284040362,0.18090339376341746,-1.104464872579758,1.0940188830348467,No,1.8306425213813782,S
2018.5833333333335,0.24075521591341498,1.489083995241016,0.255736733030826,-1.104464872579758,1.0940188830348467,No,1.985575944185257,S
2018.6666666666667,0.17139408382356647,1.4886742620779956,0.4804410210875736,-1.104464872579758,1.0940188830348467,No,2.1405093669891357,S
2018.75,0.09528005721306243,1.4882645289149752,0.6652344723283832,-1.104464872579758,1.0940188830348467,No,2.248779058456421,S
2018.8333333333335,0.010347671447072312,1.4878547957519548,0.459943717483819,-1.104464872579758,1.0940188830348467,No,1.958146184682846,S
2018.9166666666667,-0.11252671664037649,1.4874450625889346,0.29259496496071313,-1.104464872579758,1.0940188830348467,No,1.6675133109092712,S
2019,-0.20078164762796602,1.4870353294259142,0.09062675533774822,-1.104464872579758,1.0940188830348467,No,1.3768804371356964,S
2019.0833333333335,-0.2104697118252839,1.4863561822437152,-0.1896389070563098,-1.104464872579758,1.0940188830348467,No,1.0862475633621216,S
2019.1666666666667,-0.22204197508717727,1.4856770350615165,-0.4966804591633346,-1.104464872579758,1.0940188830348467,No,0.7669546008110046,S
2019.25,-0.10181106185544811,1.4849978878793175,-0.3948268283540137,-1.104464872579758,1.0940188830348467,No,0.9883599976698557,S
2019.3333333333335,0.01458119582739252,1.4843187406971186,-0.28913454199580424,-1.104464872579758,1.0940188830348467,No,1.2097653945287068,S
2019.4166666666667,0.15502750258551395,1.4836395935149196,-0.2074963047128755,-1.104464872579758,1.0940188830348467,No,1.431170791387558,S
2019.5,0.1602453992139245,1.4829604463327208,0.009370342699763556,-1.104464872579758,1.0940188830348467,No,1.652576188246409,S
2019.5833333333335,0.24075521591341498,1.4822812991505219,0.15094507004132351,-1.104464872579758,1.0940188830348467,No,1.8739815851052604,S
2019.6666666666667,0.17139408382356647,1.481602151968323,0.44239074617222185,-1.104464872579758,1.0940188830348467,No,2.0953869819641113,S
2019.75,0.09528005721306243,1.4809230047861242,0.20499937349428254,-1.104464872579758,1.0940188830348467,No,1.7812024354934692,S
2019.8333333333335,0.010347671447072312,1.4802438576039252,-0.023573640028170306,-1.104464872579758,1.0940188830348467,No,1.4670178890228271,S
2019.9166666666667,-0.11252671664037649,1.4795647104217262,-0.21420465122916466,-1.104464872579758,1.0940188830348467,No,1.152833342552185,S
2020,-0.20078164762796602,1.4788855632395272,-0.43945511953001826,-1.104464872579758,1.0940188830348467,No,0.838648796081543,S
2020.0833333333335,-0.2104697118252839,1.4782064160573285,-0.017095715882130103,-1.104464872579758,1.0940188830348467,No,1.2506409883499146,S
2020.1666666666667,-0.22204197508717727,1.4775272688751295,-0.40450995914363475,-1.104464872579758,1.0940188830348467,No,0.8509753346443175,S
2020.25,-0.10181106185544811,1.4761988393173506,-0.020277059688464938,-1.104464872579758,1.0940188830348467,No,1.3541107177734375,S
2020.3333333333335,0.01458119582739252,1.4748704097595717,0.37146655866627065,-1.104464872579758,1.0940188830348467,No,1.8609181642532349,S
2020.4166666666667,0.15502750258551395,1.4735419802017926,0.548586727158372,-1.104464872579758,1.0940188830348467,No,2.1771562099456787,S
2020.5,0.1602453992139245,1.4722135506440137,0.6852500192582729,-1.104464872579758,1.0940188830348467,No,2.317708969116211,S
2020.5833333333335,0.24075521591341498,1.4708851210862348,0.18646713208222887,-1.104464872579758,1.0940188830348467,No,1.8981074690818787,S
2020.6666666666667,0.17139408382356647,1.469556691528456,-0.1624448063044761,-1.104464872579758,1.0940188830348467,No,1.4785059690475464,S
2020.75,0.09528005721306243,1.468228261970677,-0.15154384307518853,-1.104464872579758,1.0940188830348467,No,1.411964476108551,S
2020.8333333333335,0.010347671447072312,1.466899832412898,-0.1318245206904145,-1.104464872579758,1.0940188830348467,No,1.3454229831695557,S
2020.9166666666667,-0.11252671664037649,1.465571402855119,-0.17415588845473273,-1.104464872579758,1.0940188830348467,No,1.1788887977600098,S
2021,-0.20078164762796602,1.46424297329734,-0.048782918953981014,-1.104464872579758,1.0940188830348467,No,1.214678406715393,S
2021.0833333333335,-0.2104697118252839,1.4629145437395612,-0.0019768162435009895,-1.104464872579758,1.0940188830348467,No,1.2504680156707764,S
2021.1666666666667,-0.22204197508717727,1.461586114181782,0.046713485531554744,-1.104464872579758,1.0940188830348467,No,1.2862576246261597,S
2021.25,-0.10181106185544811,1.4602576846240032,-0.03639938918701202,-1.104464872579758,1.0940188830348467,No,1.322047233581543,S
2021.3333333333335,0.01458119582739252,1.4589292550662243,-0.32667273955938847,-1.104464872579758,1.0940188830348467,No,1.1468377113342283,S
2021.4166666666667,0.15502750258551395,1.4578822915857577,-0.41304689677518414,-1.104464872579758,1.0940188830348467,No,1.1998628973960874,S
2021.5,0.1602453992139245,1.4568353281052913,-0.36419264386126904,-1.104464872579758,1.0940188830348467,No,1.2528880834579468,S
2021.5833333333335,0.24075521591341498,1.4557883646248246,-0.3906303110184337,-1.104464872579758,1.0940188830348467,No,1.305913269519806,S
2021.6666666666667,0.17139408382356647,1.454741401144358,-0.26719702938625955,-1.104464872579758,1.0940188830348467,No,1.358938455581665,S
2021.75,0.09528005721306243,1.4536944376638914,-0.0929298209572762,-1.104464872579758,1.0940188830348467,No,1.4560446739196777,S
2021.8333333333335,0.010347671447072312,1.452647474183425,0.010126412286416198,-1.104464872579758,1.0940188830348467,No,1.4731215579169135,S
2021.9166666666667,-0.11252671664037649,1.4516005107029584,0.15112464785156776,-1.104464872579758,1.0940188830348467,No,1.4901984419141496,S
2022,-0.20078164762796602,1.4505535472224917,0.25750342631685985,-1.104464872579758,1.0940188830348467,No,1.5072753259113856,S
2022.0833333333335,-0.2104697118252839,1.4495065837420253,0.28531533799188,-1.104464872579758,1.0940188830348467,No,1.5243522099086215,S
2022.1666666666667,-0.22204197508717727,1.4484596202615587,0.31501144873147613,-1.104464872579758,1.0940188830348467,No,1.5414290939058577,S
2022.25,-0.10181106185544811,1.447412656781092,0.21290438297744974,-1.104464872579758,1.0940188830348467,No,1.5585059779030936,S
2022.3333333333335,0.01458119582739252,1.4463656933006255,0.11463597277231163,-1.104464872579758,1.0940188830348467,No,1.5755828619003296,S
2022.4166666666667,0.15502750258551395,1.445318729820159,0.13452086354159265,-1.104464872579758,1.0940188830348467,No,1.7348670959472656,S
2022.5,0.1602453992139245,1.4442717663396925,0.28963416444058465,-1.104464872579758,1.0940188830348467,No,1.8941513299942017,S
2022.5833333333335,0.24075521591341498,1.4433899352320518,-0.020592270858296402,-1.104464872579758,1.0940188830348467,No,1.6635528802871704,S
2022.6666666666667,0.17139408382356647,1.442508104124411,-0.19315574229215482,-1.104464872579758,1.0940188830348467,No,1.4207464456558228,S
2022.75,0.09528005721306243,1.4416262730167704,-0.3589663192053578,-1.104464872579758,1.0940188830348467,No,1.177940011024475,S
2022.8333333333335,0.010347671447072312,1.4407444419091298,-0.012477864126770877,-1.104464872579758,1.0940188830348467,No,1.4386142492294312,S
2022.9166666666667,-0.11252671664037649,1.439862610801489,-0.04716998344028722,-1.104464872579758,1.0940188830348467,No,1.2801659107208252,S
2023,-0.20078164762796602,1.4389807796938483,0.16254399480331938,-1.104464872579758,1.0940188830348467,No,1.4007431268692017,S
2023.0833333333335,-0.2104697118252839,1.4380989485862077,-0.2785859032304978,-1.104464872579758,1.0940188830348467,No,0.949043333530426,S
2023.1666666666667,-0.22204197508717727,1.4372171174785668,-0.24246047983950958,-1.104464872579758,1.0940188830348467,No,0.97271466255188,S
2023.25,-0.10181106185544811,1.4363352863709262,-0.05525786709360303,-1.104464872579758,1.0940188830348467,No,1.279266357421875,S
2023.3333333333335,0.01458119582739252,1.4354534552632854,-0.041526946355875616,-1.104464872579758,1.0940188830348467,No,1.4085077047348022,S
2023.4166666666667,0.15502750258551395,1.4345716241556448,0.22167134864641458,-1.104464872579758,1.0940188830348467,No,1.8112704753875732,S
2023.5,0.1602453992139245,1.4336897930480041,0.5529628389728125,-1.104464872579758,1.0940188830348467,No,2.146898031234741,S
2023.5833333333335,0.24075521591341498,1.4328079619403633,0.38402170392875346,-1.104464872579758,1.0940188830348467,No,2.0575848817825317,S
2023.6666666666667,0.17139408382356647,1.4319261308327227,0.364951517674033,-1.104464872579758,1.0940188830348467,No,1.9682717323303223,S
2023.75,0.09528005721306243,1.431107913293434,0.35257061237161635,-1.104464872579758,1.0940188830348467,No,1.8789585828781128,S
2023.8333333333335,0.010347671447072312,1.430289695754145,-0.05759467406309482,-1.104464872579758,1.0940188830348467,No,1.3830426931381226,S
2023.9166666666667,-0.11252671664037649,1.4294714782148563,0.005920843779829266,-1.104464872579758,1.0940188830348467,No,1.322865605354309,S
2024,-0.20078164762796602,1.4286532606755675,0.11190001533222027,-1.104464872579758,1.0940188830348467,No,1.3397716283798218,S
2024.0833333333335,-0.2104697118252839,1.4278350431362787,0.45172160182499144,-1.104464872579758,1.0940188830348467,No,1.6690869331359863,S
2024.1666666666667,-0.22204197508717727,1.42701682559699,-0.34554161677186723,-1.104464872579758,1.0940188830348467,No,0.8594332337379454,S
2024.25,-0.10181106185544811,1.4261986080577012,-0.10656535210282647,-1.104464872579758,1.0940188830348467,No,1.2178221940994265,S
2024.3333333333335,0.01458119582739252,1.4253803905184124,-0.20216829402773295,-1.104464872579758,1.0940188830348467,No,1.237793292318072,S
2024.4166666666667,0.15502750258551395,1.4245621729791236,-0.3218252850279204,-1.104464872579758,1.0940188830348467,No,1.257764390536717,S
2024.5,0.1602453992139245,1.4237439554398348,-0.30625386589839687,-1.104464872579758,1.0940188830348467,No,1.2777354887553625,S
2024.5833333333335,0.24075521591341498,1.422925737900546,-0.3659743668399531,-1.104464872579758,1.0940188830348467,No,1.2977065869740079,S
2024.6666666666667,0.17139408382356647,1.4221075203612572,-0.2758239189921703,-1.104464872579758,1.0940188830348467,No,1.3176776851926535,S
2024.75,0.09528005721306243,1.4212893028219684,-0.17892057662373229,-1.104464872579758,1.0940188830348467,No,1.3376487834112987,S
2024.8333333333335,0.010347671447072312,1.4204710852826796,-0.07319887509980805,-1.104464872579758,1.0940188830348467,No,1.3576198816299438,S
2024.9166666666667,-0.11252671664037649,1.4196773428607958,-0.05360403064699404,-1.104464872579758,1.0940188830348467,No,1.2535465955734253,S
2025,-0.20078164762796602,1.4188836004389118,-0.22824261023587256,-1.104464872579758,1.0940188830348467,No,0.9898593425750732,S
2025.0833333333335,-0.2104697118252839,1.418089858017028,-0.24376994601550517,-1.104464872579758,1.0940188830348467,No,0.963850200176239,S
2025.1666666666667,-0.22204197508717727,1.4172961155951442,-0.20926606000641068,-1.104464872579758,1.0940188830348467,No,0.9859880805015563,S
2025.25,-0.10181106185544811,1.4165023731732602,-0.04359070082319838,-1.104464872579758,1.0940188830348467,No,1.2711006104946136,S
2025.3333333333335,0.01458119582739252,1.4157086307513764,0.125923313908902,-1.104464872579758,1.0940188830348467,No,1.556213140487671,S
2025.4166666666667,0.15502750258551395,1.4149148883294926,0.6408081889189776,-1.104464872579758,1.0940188830348467,No,2.2107505798339844,S
2025.5,0.1602453992139245,1.4141211459076088,0.9077015167070801,-1.104464872579758,1.0940188830348467,No,2.4820680618286133,S
2025.5833333333335,0.24075521591341498,1.4133274034857248,0.49239364936917074,-1.104464872579758,1.0940188830348467,No,2.1464762687683105,S
2025.6666666666667,0.17139408382356647,1.412533661063841,0.2623086628693978,-1.104464872579758,1.0940188830348467,No,1.8462364077568054,S
2025.75,0.09528005721306243,1.4117399186419572,0.038976570890280504,-1.104464872579758,1.0940188830348467,No,1.5459965467453003,S
2025.8333333333335,0.010347671447072312,1.4109461762200732,0.05660570372445606,-1.104464872579758,1.0940188830348467,No,1.4778995513916016,S
2025.9166666666667,-0.11252671664037649,1.4101524337981894,0.18027383423378862,-1.104464872579758,1.0940188830348467,No,1.4778995513916016,S
