x,seasonal,trend,remainder,remainder_l1,remainder_l2,anomaly,observed,Zone
1981.6666666666667,-2.1880429001598416,66.80784030303694,-2.3086691413338087,-25.258646062170758,24.94189585595652,No,62.31112826154329,NW
1981.75,-1.461323311464551,66.96932897810221,-3.1968774050943694,-25.258646062170758,24.94189585595652,No,62.31112826154329,NW
1981.8333333333335,-1.3202704929497817,67.13081765316748,-3.4994188986744135,-25.258646062170758,24.94189585595652,No,62.31112826154329,NW
1981.9166666666667,0.216624526992481,67.29230632823274,-5.197802593681935,-25.258646062170758,24.94189585595652,No,62.31112826154329,NW
1982,0.9958878275350651,67.45379500329801,-6.138554569289788,-25.258646062170758,24.94189585595652,No,62.31112826154329,NW
1982.0833333333335,0.8401659767449642,67.61528367836328,-6.144321393564958,-25.258646062170758,24.94189585595652,No,62.31112826154329,NW
1982.1666666666667,1.3737515056598506,67.77677235342856,-6.839395597545085,-25.258646062170758,24.94189585595652,No,62.311128261543324,NW
1982.25,1.038767163762245,67.93826102849381,-6.665899930712705,-25.258646062170758,24.94189585595652,No,62.31112826154335,NW
1982.3333333333335,0.7364284501988864,68.09974970355908,-6.525049892214582,-25.258646062170758,24.94189585595652,No,62.31112826154339,NW
1982.4166666666667,1.0040645523176532,68.26123837862436,-6.95417466939859,-25.258646062170758,24.94189585595652,No,62.311128261543416,NW
1982.5,-0.1464409350054666,68.42272705368963,-5.96515785714071,-25.258646062170758,24.94189585595652,No,62.31112826154345,NW
1982.5833333333335,-1.0896123628642471,68.5842157287549,-3.545752529057708,-25.258646062170758,24.94189585595652,No,63.948850836832946,NW
1982.6666666666667,-2.1880429001598416,68.74570440382016,-0.9710880915378652,-25.258646062170758,24.94189585595652,No,65.58657341212245,NW
1982.75,-1.461323311464551,68.90719307888543,-0.22157378000893857,-25.258646062170758,24.94189585595652,No,67.22429598741194,NW
1982.8333333333335,-1.3202704929497817,69.0686817539507,1.113607301700526,-25.258646062170758,24.94189585595652,No,68.86201856270144,NW
1982.9166666666667,0.216624526992481,69.22063296195714,1.0624836490413117,-25.258646062170758,24.94189585595652,No,70.49974113799092,NW
1983,0.9958878275350651,69.37258416996356,1.7689917157817945,-25.258646062170758,24.94189585595652,No,72.13746371328043,NW
1983.0833333333335,0.8401659767449642,69.52453537797,3.4104849338549457,-25.258646062170758,24.94189585595652,No,73.77518628856991,NW
1983.1666666666667,1.3737515056598506,69.67648658597643,4.362670772223126,-25.258646062170758,24.94189585595652,No,75.41290886385941,NW
1983.25,1.038767163762245,69.82843779398287,6.183426481403785,-25.258646062170758,24.94189585595652,No,77.0506314391489,NW
1983.3333333333335,0.7364284501988864,69.9803890019893,7.971536562250222,-25.258646062170758,24.94189585595652,No,78.6883540144384,NW
1983.4166666666667,1.0040645523176532,70.13234020999573,9.1896718274145,-25.258646062170758,24.94189585595652,No,80.32607658972789,NW
1983.5,-0.1464409350054666,70.28429141800217,11.825948682020694,-25.258646062170758,24.94189585595652,No,81.96379916501739,NW
1983.5833333333335,-1.0896123628642471,70.43624262600859,-5.355378649530763,-25.258646062170758,24.94189585595652,No,63.991251613613585,NW
1983.6666666666667,-2.1880429001598416,70.58819383401503,0.2179465310441202,-25.258646062170758,24.94189585595652,No,68.61809746489931,NW
1983.75,-1.461323311464551,70.74014504202147,3.966121585628116,-25.258646062170758,24.94189585595652,No,73.24494331618503,NW
1983.8333333333335,-1.3202704929497817,70.8920962500279,8.299963410392635,-25.258646062170758,24.94189585595652,No,77.87178916747075,NW
1983.9166666666667,0.216624526992481,71.04404745803433,5.147353535325166,-25.258646062170758,24.94189585595652,No,76.40802552035197,NW
1984,0.9958878275350651,71.19599866604077,2.8622099233596288,-25.258646062170758,24.94189585595652,No,75.05409641693547,NW
1984.0833333333335,0.8401659767449642,71.34083595388758,1.5191653828864133,-25.258646062170758,24.94189585595652,No,73.70016731351896,NW
1984.1666666666667,1.3737515056598506,71.48567324173439,-0.5131865372917872,-25.258646062170758,24.94189585595652,No,72.34623821010246,NW
1984.25,1.038767163762245,71.63051052958122,-1.6769685866575088,-25.258646062170758,24.94189585595652,No,70.99230910668595,NW
1984.3333333333335,0.7364284501988864,71.77534781742803,-2.873396264357467,-25.258646062170758,24.94189585595652,No,69.63838000326945,NW
1984.4166666666667,1.0040645523176532,71.92018510527484,-4.639798757739555,-25.258646062170758,24.94189585595652,No,68.28445089985294,NW
1984.5,-0.1464409350054666,72.06502239312165,-4.988059661679742,-25.258646062170758,24.94189585595652,No,66.93052179643644,NW
1984.5833333333335,-1.0896123628642471,72.20985968096848,-2.966202050454953,-25.258646062170758,24.94189585595652,No,68.15404526764928,NW
1984.6666666666667,-2.1880429001598416,72.35469696881529,-0.7890853297933091,-25.258646062170758,24.94189585595652,No,69.37756873886214,NW
1984.75,-1.461323311464551,72.4995342566621,-0.43711873512256716,-25.258646062170758,24.94189585595652,No,70.60109221007498,NW
1984.8333333333335,-1.3202704929497817,72.64437154450891,0.5005146297286984,-25.258646062170758,24.94189585595652,No,71.82461568128782,NW
1984.9166666666667,0.216624526992481,72.78920883235573,0.04230579315247951,-25.258646062170758,24.94189585595652,No,73.04813915250068,NW
1985,0.9958878275350651,72.93404612020255,0.34172867597590084,-25.258646062170758,24.94189585595652,No,74.27166262371352,NW
1985.0833333333335,0.8401659767449642,73.07888340804936,1.5761367101320332,-25.258646062170758,24.94189585595652,No,75.49518609492637,NW
1985.1666666666667,1.3737515056598506,73.22372069589618,2.1212373645831946,-25.258646062170758,24.94189585595652,No,76.71870956613922,NW
1985.25,1.038767163762245,73.36085741062064,3.5426084629691843,-25.258646062170758,24.94189585595652,No,77.94223303735207,NW
1985.3333333333335,0.7364284501988864,73.4979941253451,4.931333933020923,-25.258646062170758,24.94189585595652,No,79.16575650856491,NW
1985.4166666666667,1.0040645523176532,73.63513084006956,5.750084587390546,-25.258646062170758,24.94189585595652,No,80.38927997977777,NW
1985.5,-0.1464409350054666,73.77226755479403,7.986976831202057,-25.258646062170758,24.94189585595652,No,81.61280345099061,NW
1985.5833333333335,-1.0896123628642471,73.90940426951849,8.240466673094488,-25.258646062170758,24.94189585595652,No,81.06025857974873,NW
1985.6666666666667,-2.1880429001598416,74.04654098424295,8.649215624423746,-25.258646062170758,24.94189585595652,No,80.50771370850686,NW
1985.75,-1.461323311464551,74.1836776989674,7.232814449762131,-25.258646062170758,24.94189585595652,No,79.95516883726498,NW
1985.8333333333335,-1.3202704929497817,74.32081441369186,6.402080045281039,-25.258646062170758,24.94189585595652,No,79.40262396602311,NW
1985.9166666666667,0.216624526992481,74.45795112841633,4.175503439372434,-25.258646062170758,24.94189585595652,No,78.85007909478124,NW
1986,0.9958878275350651,74.59508784314079,2.7065585528634983,-25.258646062170758,24.94189585595652,No,78.29753422353936,NW
1986.0833333333335,0.8401659767449642,74.73222455786525,2.172598817687259,-25.258646062170758,24.94189585595652,No,77.74498935229748,NW
1986.1666666666667,1.3737515056598506,74.86936127258971,0.9493317028060346,-25.258646062170758,24.94189585595652,No,77.1924444810556,NW
1986.25,1.038767163762245,75.00649798731418,0.5946344587373034,-25.258646062170758,24.94189585595652,No,76.63989960981372,NW
1986.3333333333335,0.7364284501988864,75.14363470203864,0.2072915863343212,-25.258646062170758,24.94189585595652,No,76.08735473857185,NW
1986.4166666666667,1.0040645523176532,75.24011861348863,-0.7093732984763079,-25.258646062170758,24.94189585595652,No,75.53480986732998,NW
1986.5,-0.1464409350054666,75.33660252493861,-0.20789659384503523,-25.258646062170758,24.94189585595652,No,74.9822649960881,NW
1986.5833333333335,-1.0896123628642471,75.4330864363886,0.08624605132186502,-25.258646062170758,24.94189585595652,No,74.42972012484623,NW
1986.6666666666667,-2.1880429001598416,75.5295703478386,0.535647805925592,-25.258646062170758,24.94189585595652,No,73.87717525360435,NW
1986.75,-1.461323311464551,75.62605425928858,-0.04649057051112493,-25.258646062170758,24.94189585595652,No,74.1182403773129,NW
1986.8333333333335,-1.3202704929497817,75.72253817073857,-0.042962176767346705,-25.258646062170758,24.94189585595652,No,74.35930550102144,NW
1986.9166666666667,0.216624526992481,75.81902208218855,-1.4352759844510388,-25.258646062170758,24.94189585595652,No,74.60037062472999,NW
1987,0.9958878275350651,75.91550599363855,-2.0699580727350764,-25.258646062170758,24.94189585595652,No,74.84143574843854,NW
1987.0833333333335,0.8401659767449642,76.01198990508854,-1.7696550096864314,-25.258646062170758,24.94189585595652,No,75.08250087214708,NW
1987.1666666666667,1.3737515056598506,76.10847381653852,-2.158659326342743,-25.258646062170758,24.94189585595652,No,75.32356599585563,NW
1987.25,1.038767163762245,76.20495772798851,-2.634964277087434,-25.258646062170758,24.94189585595652,No,74.60876061466332,NW
1987.3333333333335,0.7364284501988864,76.30144163943851,-3.14391485616639,-25.258646062170758,24.94189585595652,No,73.893955233471,NW
1987.4166666666667,1.0040645523176532,76.39792555088849,-4.222840250927447,-25.258646062170758,24.94189585595652,No,73.1791498522787,NW
1987.5,-0.1464409350054666,76.49440946233848,-3.8836240562466173,-25.258646062170758,24.94189585595652,No,72.46434447108639,NW
1987.5833333333335,-1.0896123628642471,76.55540717704794,-3.716255724289624,-25.258646062170758,24.94189585595652,No,71.74953908989407,NW
1987.6666666666667,-2.1880429001598416,76.6164048917574,-3.39362828289579,-25.258646062170758,24.94189585595652,No,71.03473370870176,NW
1987.75,-1.461323311464551,76.67740260646684,-1.813596074313267,-25.258646062170758,24.94189585595652,No,73.40248322068902,NW
1987.8333333333335,-1.3202704929497817,76.7384003211763,0.352102904449751,-25.258646062170758,24.94189585595652,No,75.77023273267626,NW
1987.9166666666667,0.216624526992481,76.79939803588576,1.1219596817852846,-25.258646062170758,24.94189585595652,No,78.13798224466352,NW
1988,0.9958878275350651,76.86039575059522,2.649448178520487,-25.258646062170758,24.94189585595652,No,80.50573175665077,NW
1988.0833333333335,0.8401659767449642,76.92139346530466,5.111921826588386,-25.258646062170758,24.94189585595652,No,82.87348126863802,NW
1988.1666666666667,1.3737515056598506,76.98239118001412,6.8850880949513,-25.258646062170758,24.94189585595652,No,85.24123078062527,NW
1988.25,1.038767163762245,77.04338889472358,8.463502963586507,-25.258646062170758,24.94189585595652,No,86.54565902207233,NW
1988.3333333333335,0.7364284501988864,77.10438660943304,10.009272203887477,-25.258646062170758,24.94189585595652,No,87.8500872635194,NW
1988.4166666666667,1.0040645523176532,77.1653843241425,10.985066628506303,-25.258646062170758,24.94189585595652,No,89.15451550496645,NW
1988.5,-0.1464409350054666,77.22638203885194,18.769724534019417,-25.258646062170758,24.94189585595652,No,95.84966563786588,NW
1988.5833333333335,-1.0896123628642471,77.2873797535614,13.484583890490299,-25.258646062170758,24.94189585595652,No,89.68235128118745,NW
1988.6666666666667,-2.1880429001598416,77.34837746827085,8.354702356398008,-25.258646062170758,24.94189585595652,No,83.51503692450902,NW
1988.75,-1.461323311464551,77.41522716213602,1.3938187171591068,-25.258646062170758,24.94189585595652,No,77.34772256783057,NW
1988.8333333333335,-1.3202704929497817,77.48207685600117,-4.981398151899242,-25.258646062170758,24.94189585595652,No,71.18040821115214,NW
1988.9166666666667,0.216624526992481,77.54892654986634,4.912812215275082,-25.258646062170758,24.94189585595652,No,82.6783632921339,NW
1989,0.9958878275350651,77.6157762437315,15.564654301849089,-25.258646062170758,24.94189585595652,No,94.17631837311566,NW
1989.0833333333335,0.8401659767449642,77.68262593759665,-5.032151194023882,-25.258646062170758,24.94189585595652,No,73.49064072031774,NW
1989.1666666666667,1.3737515056598506,77.74947563146182,-14.292226410710882,-25.258646062170758,24.94189585595652,No,64.83100072641079,NW
1989.25,1.038767163762245,77.81632532532697,-0.18840008401751618,-25.258646062170758,24.94189585595652,No,78.6666924050717,NW
1989.3333333333335,0.7364284501988864,77.88317501919214,13.88278061434157,-25.258646062170758,24.94189585595652,No,92.5023840837326,NW
1989.4166666666667,1.0040645523176532,77.9500247130573,7.51637704938986,-25.258646062170758,24.94189585595652,No,86.47046631476482,NW
1989.5,-0.1464409350054666,78.01687440692245,-7.833427265732382,-25.258646062170758,24.94189585595652,No,70.0370062061846,NW
1989.5833333333335,-1.0896123628642471,78.08372410078762,2.9724635073069265,-25.258646062170758,24.94189585595652,No,79.9665752452303,NW
1989.6666666666667,-2.1880429001598416,78.15057379465279,-4.823679141106112,-25.258646062170758,24.94189585595652,No,71.13885175338683,NW
1989.75,-1.461323311464551,78.21742348851794,-14.44497191551001,-25.258646062170758,24.94189585595652,No,62.311128261543374,NW
1989.8333333333335,-1.3202704929497817,78.2842731823831,-7.2331702818042345,-25.258646062170758,24.94189585595652,No,69.73083240762908,NW
1989.9166666666667,0.216624526992481,78.3354612537155,-1.4015492269931826,-25.258646062170758,24.94189585595652,No,77.15053655371479,NW
1990,0.9958878275350651,78.38664932504787,1.7842467213625355,-25.258646062170758,24.94189585595652,No,81.16678387394548,NW
1990.0833333333335,0.8401659767449642,78.43783739638025,-3.138188031016057,-25.258646062170758,24.94189585595652,No,76.13981534210916,NW
1990.1666666666667,1.3737515056598506,78.48902546771264,-3.5422343364575113,-25.258646062170758,24.94189585595652,No,76.32054263691498,NW
1990.25,1.038767163762245,78.54021353904503,-0.04277290957514879,-25.258646062170758,24.94189585595652,No,79.53620779323212,NW
1990.3333333333335,0.7364284501988864,78.5914016103774,3.424042888972977,-25.258646062170758,24.94189585595652,No,82.75187294954927,NW
1990.4166666666667,1.0040645523176532,78.64258968170978,0.3319528858295513,-25.258646062170758,24.94189585595652,No,79.97860711985699,NW
1990.5,-0.1464409350054666,78.69377775304217,-1.3419955278719868,-25.258646062170758,24.94189585595652,No,77.20534129016471,NW
1990.5833333333335,-1.0896123628642471,78.74496582437456,-8.626176768851309,-25.258646062170758,24.94189585595652,No,69.02917669265901,NW
1990.6666666666667,-2.1880429001598416,78.79615389570694,-6.969913935295892,-25.258646062170758,24.94189585595652,No,69.6381970602512,NW
1990.75,-1.461323311464551,78.84734196703931,-7.138801227731378,-25.258646062170758,24.94189585595652,No,70.24721742784338,NW
1990.8333333333335,-1.3202704929497817,78.8985300383717,-6.7220217499863395,-25.258646062170758,24.94189585595652,No,70.85623779543558,NW
1990.9166666666667,0.216624526992481,78.9497181097041,-7.7010844736688,-25.258646062170758,24.94189585595652,No,71.46525816302777,NW
1991,0.9958878275350651,79.00090618103647,-7.922515477951578,-25.258646062170758,24.94189585595652,No,72.07427853061996,NW
1991.0833333333335,0.8401659767449642,79.03644789248702,-7.193314971019845,-25.258646062170758,24.94189585595652,No,72.68329889821214,NW
1991.1666666666667,1.3737515056598506,79.07198960393757,-7.153421843793083,-25.258646062170758,24.94189585595652,No,73.29231926580434,NW
1991.25,1.038767163762245,79.10753131538812,-6.244958845753828,-25.258646062170758,24.94189585595652,No,73.90133963339653,NW
1991.3333333333335,0.7364284501988864,79.14307302683866,-5.369141476048824,-25.258646062170758,24.94189585595652,No,74.51036000098873,NW
1991.4166666666667,1.0040645523176532,79.17861473828921,-5.06329892202595,-25.258646062170758,24.94189585595652,No,75.11938036858092,NW
1991.5,-0.1464409350054666,79.21415644973976,-3.3393147785611887,-25.258646062170758,24.94189585595652,No,75.7284007361731,NW
1991.5833333333335,-1.0896123628642471,79.24969816119031,-1.8226646945607712,-25.258646062170758,24.94189585595652,No,76.3374211037653,NW
1991.6666666666667,-2.1880429001598416,79.28523987264084,6.017944323682329,-25.258646062170758,24.94189585595652,No,83.11514129616333,NW
1991.75,-1.461323311464551,79.32078158409139,5.610940329936668,-25.258646062170758,24.94189585595652,No,83.4703986025635,NW
1991.8333333333335,-1.3202704929497817,79.35632329554194,5.789603106371516,-25.258646062170758,24.94189585595652,No,83.82565590896367,NW
1991.9166666666667,0.216624526992481,79.39186500699249,4.572423681378879,-25.258646062170758,24.94189585595652,No,84.18091321536384,NW
1992,0.9958878275350651,79.42740671844304,4.1128759757859115,-25.258646062170758,24.94189585595652,No,84.53617052176402,NW
1992.0833333333335,0.8401659767449642,79.46294842989359,4.588313421525626,-25.258646062170758,24.94189585595652,No,84.89142782816418,NW
1992.1666666666667,1.3737515056598506,79.49849014134413,4.37444348756037,-25.258646062170758,24.94189585595652,No,85.24668513456436,NW
1992.25,1.038767163762245,79.53533862241584,5.027836654786455,-25.258646062170758,24.94189585595652,No,85.60194244096454,NW
1992.3333333333335,0.7364284501988864,79.57218710348754,5.648584193678275,-25.258646062170758,24.94189585595652,No,85.9571997473647,NW
1992.4166666666667,1.0040645523176532,79.60903558455922,5.699356916887993,-25.258646062170758,24.94189585595652,No,86.31245705376487,NW
1992.5,-0.1464409350054666,79.64588406563092,7.1682712295395845,-25.258646062170758,24.94189585595652,No,86.66771436016504,NW
1992.5833333333335,-1.0896123628642471,79.68273254670262,8.429851482726832,-25.258646062170758,24.94189585595652,No,87.02297166656521,NW
1992.6666666666667,-2.1880429001598416,79.71958102777432,9.846690845350906,-25.258646062170758,24.94189585595652,No,87.37822897296539,NW
1992.75,-1.461323311464551,79.75642950884601,9.438380081984093,-25.258646062170758,24.94189585595652,No,87.73348627936555,NW
1992.8333333333335,-1.3202704929497817,79.79327798991771,9.615736088797803,-25.258646062170758,24.94189585595652,No,88.08874358576573,NW
1992.9166666666667,0.216624526992481,79.83012647098941,8.397249894184014,-25.258646062170758,24.94189585595652,No,88.4440008921659,NW
1993,0.9958878275350651,79.86697495206111,7.93639541896988,-25.258646062170758,24.94189585595652,No,88.79925819856606,NW
1993.0833333333335,0.8401659767449642,79.90382343313281,8.410526095088457,-25.258646062170758,24.94189585595652,No,89.15451550496624,NW
1993.1666666666667,1.3737515056598506,79.9406719142045,4.606562453687772,-25.258646062170758,24.94189585595652,No,85.92098587355213,NW
1993.25,1.038767163762245,79.9775203952762,1.671168683099566,-25.258646062170758,24.94189585595652,No,82.68745624213801,NW
1993.3333333333335,0.7364284501988864,80.0143688763479,-1.296870715822891,-25.258646062170758,24.94189585595652,No,79.4539266107239,NW
1993.4166666666667,1.0040645523176532,80.04673415146654,-4.830401724474413,-25.258646062170758,24.94189585595652,No,76.22039697930978,NW
1993.5,-0.1464409350054666,80.07909942658517,-3.7244088315441246,-25.258646062170758,24.94189585595652,No,76.20824966003558,NW
1993.5833333333335,-1.0896123628642471,80.1114647017038,-2.825749998078166,-25.258646062170758,24.94189585595652,No,76.19610234076139,NW
1993.6666666666667,-2.1880429001598416,80.14382997682243,-1.771832055175409,-25.258646062170758,24.94189585595652,No,76.18395502148718,NW
1993.75,-1.461323311464551,80.17619525194107,-2.5430642382635398,-25.258646062170758,24.94189585595652,No,76.17180770221297,NW
1993.8333333333335,-1.3202704929497817,80.2085605270597,-2.7286296511711328,-25.258646062170758,24.94189585595652,No,76.15966038293878,NW
1993.9166666666667,0.216624526992481,80.24092580217832,-4.3100372655062245,-25.258646062170758,24.94189585595652,No,76.14751306366458,NW
1994,0.9958878275350651,80.27329107729696,-5.133813160441662,-25.258646062170758,24.94189585595652,No,76.13536574439037,NW
1994.0833333333335,0.8401659767449642,80.3056563524156,-5.022603904044388,-25.258646062170758,24.94189585595652,No,76.12321842511618,NW
1994.1666666666667,1.3737515056598506,80.33802162753423,-5.6007020273521135,-25.258646062170758,24.94189585595652,No,76.11107110584197,NW
1994.25,1.038767163762245,80.37038690265287,-5.310230279847346,-25.258646062170758,24.94189585595652,No,76.09892378656777,NW
1994.3333333333335,0.7364284501988864,80.40275217777149,-5.052404160676801,-25.258646062170758,24.94189585595652,No,76.08677646729357,NW
1994.4166666666667,1.0040645523176532,80.43511745289013,-5.364552857188414,-25.258646062170758,24.94189585595652,No,76.07462914801937,NW
1994.5,-0.1464409350054666,80.46748272800876,-9.611829251357278,-25.258646062170758,24.94189585595652,No,70.70921254164601,NW
1994.5833333333335,-1.0896123628642471,80.45356858189311,-3.849766026772201,-25.258646062170758,24.94189585595652,No,75.51419019225666,NW
1994.6666666666667,-2.1880429001598416,80.43965443577747,2.0675563072496743,-25.258646062170758,24.94189585595652,No,80.3191678428673,NW
1994.75,-1.461323311464551,80.42574028966183,6.159728515280676,-25.258646062170758,24.94189585595652,No,85.12414549347795,NW
1994.8333333333335,-1.3202704929497817,80.41182614354618,10.837567493492202,-25.258646062170758,24.94189585595652,No,89.92912314408859,NW
1994.9166666666667,0.216624526992481,80.39791199743053,14.119564270276243,-25.258646062170758,24.94189585595652,No,94.73410079469924,NW
1995,0.9958878275350651,80.38399785131489,2.7480497795743304,-25.258646062170758,24.94189585595652,No,84.12793545842429,NW
1995.0833333333335,0.8401659767449642,80.37008370519925,8.778550866200987,-25.258646062170758,24.94189585595652,No,89.9888005481452,NW
1995.1666666666667,1.3737515056598506,80.3561695590836,14.119744573122688,-25.258646062170758,24.94189585595652,No,95.84966563786614,NW
1995.25,1.038767163762245,80.34225541296794,10.413571953526258,-25.258646062170758,24.94189585595652,No,91.79459453025645,NW
1995.3333333333335,0.7364284501988864,80.3283412668523,6.674753705595563,-25.258646062170758,24.94189585595652,No,87.73952342264676,NW
1995.4166666666667,1.0040645523176532,80.31442712073667,2.365960641982724,-25.258646062170758,24.94189585595652,No,83.68445231503705,NW
1995.5,-0.1464409350054666,80.30051297462101,-0.5246908321881847,-25.258646062170758,24.94189585595652,No,79.62938120742736,NW
1995.5833333333335,-1.0896123628642471,80.28659882850536,-16.885858204097744,-25.258646062170758,24.94189585595652,No,62.311128261543374,NW
1995.6666666666667,-2.1880429001598416,80.27268468238972,-13.90735090842162,-25.258646062170758,24.94189585595652,No,64.17729087380826,NW
1995.75,-1.461323311464551,80.22354735254582,-12.71877055500812,-25.258646062170758,24.94189585595652,No,66.04345348607315,NW
1995.8333333333335,-1.3202704929497817,80.17441002270192,-10.944523431414098,-25.258646062170758,24.94189585595652,No,67.90961609833803,NW
1995.9166666666667,0.216624526992481,80.12527269285802,-3.136555929685784,-25.258646062170758,24.94189585595652,No,77.20534129016471,NW
1996,0.9958878275350651,80.07613536301413,5.686940733436117,-25.258646062170758,24.94189585595652,No,86.75896392398532,NW
1996.0833333333335,0.8401659767449642,80.02699803317023,-15.195789044231475,-25.258646062170758,24.94189585595652,No,65.67137496568373,NW
1996.1666666666667,1.3737515056598506,79.97786070332633,-3.9386669736610997,-25.258646062170758,24.94189585595652,No,77.41294523532508,NW
1996.25,1.038767163762245,79.92872337348243,8.187024967721769,-25.258646062170758,24.94189585595652,No,89.15451550496644,NW
1996.3333333333335,0.7364284501988864,79.87958604363853,6.9174371036114195,-25.258646062170758,24.94189585595652,No,87.53345159744883,NW
1996.4166666666667,1.0040645523176532,79.83044871379462,5.07787442381894,-25.258646062170758,24.94189585595652,No,85.91238768993122,NW
1996.5,-0.1464409350054666,79.78131138395072,4.656453333468363,-25.258646062170758,24.94189585595652,No,84.29132378241361,NW
1996.5833333333335,-1.0896123628642471,79.73217405410684,4.027698183653413,-25.258646062170758,24.94189585595652,No,82.670259874896,NW
1996.6666666666667,-2.1880429001598416,79.68303672426293,3.5542021432752904,-25.258646062170758,24.94189585595652,No,81.04919596737838,NW
1996.75,-1.461323311464551,79.63389939441903,1.2555559769062938,-25.258646062170758,24.94189585595652,No,79.42813205986077,NW
1996.8333333333335,-1.3202704929497817,79.58476206457513,-0.4574234192821791,-25.258646062170758,24.94189585595652,No,77.80706815234316,NW
1996.9166666666667,0.216624526992481,79.55785441130855,-3.588474693475476,-25.258646062170758,24.94189585595652,No,76.18600424482555,NW
1997,0.9958878275350651,79.53094675804198,-5.961894248269104,-25.258646062170758,24.94189585595652,No,74.56494033730795,NW
1997.0833333333335,0.8401659767449642,79.50403910477539,-7.400328651730021,-25.258646062170758,24.94189585595652,No,72.94387642979034,NW
1997.1666666666667,1.3737515056598506,79.47713145150881,9.046050651194548,-25.258646062170758,24.94189585595652,No,89.89693360836321,NW
1997.25,1.038767163762245,79.45022379824223,6.429911206500719,-25.258646062170758,24.94189585595652,No,86.9189021685052,NW
1997.3333333333335,0.7364284501988864,79.42331614497566,-16.728534098917677,-25.258646062170758,24.94189585595652,No,63.43121049625687,NW
1997.4166666666667,1.0040645523176532,79.39640849170907,-0.8922401402837608,-25.258646062170758,24.94189585595652,No,79.50823290374296,NW
1997.5,-0.1464409350054666,79.36950083844249,7.619215734992181,-25.258646062170758,24.94189585595652,No,86.8422756384292,NW
1997.5833333333335,-1.0896123628642471,79.34259318517591,15.923337550803765,-25.258646062170758,24.94189585595652,No,94.17631837311544,NW
1997.6666666666667,-2.1880429001598416,79.31568553190934,1.9715772604343869,-25.258646062170758,24.94189585595652,No,79.09921989218388,NW
1997.75,-1.461323311464551,79.28877787864276,3.7506853711470285,-25.258646062170758,24.94189585595652,No,81.57813993832524,NW
1997.8333333333335,-1.3202704929497817,79.26187022537617,14.560710973227103,-25.258646062170758,24.94189585595652,No,92.50231070565349,NW
1997.9166666666667,0.216624526992481,79.2349625721096,5.2328173512736385,-25.258646062170758,24.94189585595652,No,84.68440445037571,NW
1998,0.9958878275350651,79.20805491884302,2.8833484643366063,-25.258646062170758,24.94189585595652,No,83.0872912107147,NW
1998.0833333333335,0.8401659767449642,79.20168114224333,-2.83650582882359,-25.258646062170758,24.94189585595652,No,77.20534129016471,NW
1998.1666666666667,1.3737515056598506,79.19530736564364,-5.56044635305247,-25.258646062170758,24.94189585595652,No,75.00861251825103,NW
1998.25,1.038767163762245,79.18893358904396,-5.058209813010151,-25.258646062170758,24.94189585595652,No,75.16949093979605,NW
1998.3333333333335,0.7364284501988864,79.18255981244427,-4.58861890130207,-25.258646062170758,24.94189585595652,No,75.33036936134108,NW
1998.4166666666667,1.0040645523176532,79.17618603584458,-4.689002805276132,-25.258646062170758,24.94189585595652,No,75.4912477828861,NW
1998.5,-0.1464409350054666,79.16981225924489,-3.371245119808279,-25.258646062170758,24.94189585595652,No,75.65212620443114,NW
1998.5833333333335,-1.0896123628642471,79.1634384826452,-2.260821493804798,-25.258646062170758,24.94189585595652,No,75.81300462597616,NW
1998.6666666666667,-2.1880429001598416,79.1570647060455,-0.995138758364476,-25.258646062170758,24.94189585595652,No,75.97388304752118,NW
1998.75,-1.461323311464551,79.15069092944582,-1.5546061489150418,-25.258646062170758,24.94189585595652,No,76.13476146906622,NW
1998.8333333333335,-1.3202704929497817,79.14431715284613,-1.5284067692850982,-25.258646062170758,24.94189585595652,No,76.29563989061124,NW
1998.9166666666667,0.216624526992481,79.13794337624644,-2.898049591082639,-25.258646062170758,24.94189585595652,No,76.45651831215628,NW
1999,0.9958878275350651,79.13156959964675,-3.5100606934805256,-25.258646062170758,24.94189585595652,No,76.6173967337013,NW
1999.0833333333335,0.8401659767449642,79.12519582304706,-3.1870866445457153,-25.258646062170758,24.94189585595652,No,76.77827515524632,NW
1999.1666666666667,1.3737515056598506,79.11882204644738,-3.553419975315876,-25.258646062170758,24.94189585595652,No,76.93915357679136,NW
1999.25,1.038767163762245,79.12027157940683,-3.0590067448327005,-25.258646062170758,24.94189585595652,No,77.10003199833638,NW
1999.3333333333335,0.7364284501988864,79.12172111236629,-2.5972391426837618,-25.258646062170758,24.94189585595652,No,77.26091041988141,NW
1999.4166666666667,1.0040645523176532,79.12317064532574,-2.7054463562169673,-25.258646062170758,24.94189585595652,No,77.42178884142643,NW
1999.5,-0.1464409350054666,79.1246201782852,-0.24233363373896566,-25.258646062170758,24.94189585595652,No,78.73584560954076,NW
1999.5833333333335,-1.0896123628642471,79.12606971124465,2.0134450292746777,-25.258646062170758,24.94189585595652,No,80.04990237765509,NW
1999.6666666666667,-2.1880429001598416,79.12751924420411,5.512576512249467,-25.258646062170758,24.94189585595652,No,82.45205285629373,NW
1999.75,-1.461323311464551,79.12896877716356,4.027724852670573,-25.258646062170758,24.94189585595652,No,81.69537031836958,NW
1999.8333333333335,-1.3202704929497817,79.130418310123,3.1285399632722317,-25.258646062170758,24.94189585595652,No,80.93868778044545,NW
1999.9166666666667,0.216624526992481,79.13186784308246,0.833512872446363,-25.258646062170758,24.94189585595652,No,80.1820052425213,NW
2000,0.9958878275350651,79.13331737604192,-0.7038824989798229,-25.258646062170758,24.94189585595652,No,79.42532270459716,NW
2000.0833333333335,0.8401659767449642,79.13476690900137,-1.3062927190733262,-25.258646062170758,24.94189585595652,No,78.66864016667301,NW
2000.1666666666667,1.3737515056598506,79.13621644196083,-2.5980103188718147,-25.258646062170758,24.94189585595652,No,77.91195762874887,NW
2000.25,1.038767163762245,79.13766597492028,-3.0211580478577957,-25.258646062170758,24.94189585595652,No,77.15527509082473,NW
2000.3333333333335,0.7364284501988864,79.13911550787974,-3.476951405178042,-25.258646062170758,24.94189585595652,No,76.39859255290058,NW
2000.4166666666667,1.0040645523176532,79.12681798142431,-5.694967699131254,-25.258646062170758,24.94189585595652,No,74.43591483461071,NW
2000.5,-0.1464409350054666,79.11452045496888,-13.297329680755652,-25.258646062170758,24.94189585595652,No,65.67074983920776,NW
2000.5833333333335,-1.0896123628642471,79.10222292851346,-10.034645789048838,-25.258646062170758,24.94189585595652,No,67.97796477660037,NW
2000.6666666666667,-2.1880429001598416,79.08992540205804,-6.616702787905211,-25.258646062170758,24.94189585595652,No,70.28517971399299,NW
2000.75,-1.461323311464551,79.07762787560262,-5.0239099127524725,-25.258646062170758,24.94189585595652,No,72.59239465138559,NW
2000.8333333333335,-1.3202704929497817,79.06533034914719,-2.8454502674191957,-25.258646062170758,24.94189585595652,No,74.8996095887782,NW
2000.9166666666667,0.216624526992481,79.05303282269176,-2.0628328235134177,-25.258646062170758,24.94189585595652,No,77.20682452617082,NW
2001,0.9958878275350651,79.04073529623633,-0.5225836602079852,-25.258646062170758,24.94189585595652,No,79.51403946356342,NW
2001.0833333333335,0.8401659767449642,79.02843776978091,1.9526506544301583,-25.258646062170758,24.94189585595652,No,81.82125440095604,NW
2001.1666666666667,1.3737515056598506,79.01614024332548,3.7385775893633166,-25.258646062170758,24.94189585595652,No,84.12846933834865,NW
2001.25,1.038767163762245,79.00384271687007,5.091068691039894,-25.258646062170758,24.94189585595652,No,85.1336785716722,NW
2001.3333333333335,0.7364284501988864,78.99154519041464,6.410914164382248,-25.258646062170758,24.94189585595652,No,86.13888780499578,NW
2001.4166666666667,1.0040645523176532,78.97924766395921,7.160784822042459,-25.258646062170758,24.94189585595652,No,87.14409703831933,NW
2001.5,-0.1464409350054666,78.96695013750379,9.328797069144585,-25.258646062170758,24.94189585595652,No,88.1493062716429,NW
2001.5833333333335,-1.0896123628642471,78.93463537822055,11.30949248961015,-25.258646062170758,24.94189585595652,No,89.15451550496645,NW
2001.6666666666667,-2.1880429001598416,78.9023206189373,8.045777354956812,-25.258646062170758,24.94189585595652,No,84.76005507373426,NW
2001.75,-1.461323311464551,78.87000585965406,2.956912094312571,-25.258646062170758,24.94189585595652,No,80.36559464250207,NW
2001.8333333333335,-1.3202704929497817,78.8376911003708,-1.5462863961511317,-25.258646062170758,24.94189585595652,No,75.97113421126988,NW
2001.9166666666667,0.216624526992481,78.80537634108757,-7.445327088042347,-25.258646062170758,24.94189585595652,No,71.5766737800377,NW
2002,0.9958878275350651,78.77306158180431,-12.58673606053388,-25.258646062170758,24.94189585595652,No,67.1822133488055,NW
2002.0833333333335,0.8401659767449642,78.74074682252107,-9.879931263495521,-25.258646062170758,24.94189585595652,No,69.70098153577052,NW
2002.1666666666667,1.3737515056598506,78.70843206323784,-5.392056625535631,-25.258646062170758,24.94189585595652,No,74.69012694336206,NW
2002.25,1.038767163762245,78.67611730395458,-3.5928051001746013,-25.258646062170758,24.94189585595652,No,76.12207936754223,NW
2002.3333333333335,0.7364284501988864,78.64380254467135,-1.8261992031478371,-25.258646062170758,24.94189585595652,No,77.5540317917224,NW
2002.4166666666667,1.0040645523176532,78.61148778538809,-0.6295681218031888,-25.258646062170758,24.94189585595652,No,78.98598421590256,NW
2002.5,-0.1464409350054666,78.57917302610485,1.9852045489833614,-25.258646062170758,24.94189585595652,No,80.41793664008274,NW
2002.5833333333335,-1.0896123628642471,78.5468582668216,4.392643160305553,-25.258646062170758,24.94189585595652,No,81.84988906426291,NW
2002.6666666666667,-2.1880429001598416,78.51454350753836,6.955340881064558,-25.258646062170758,24.94189585595652,No,83.28184148844308,NW
2002.75,-1.461323311464551,78.48476847650683,6.264286674396487,-25.258646062170758,24.94189585595652,No,83.28773183943876,NW
2002.8333333333335,-1.3202704929497817,78.45499344547531,7.996056740698492,-25.258646062170758,24.94189585595652,No,85.13077969322401,NW
2002.9166666666667,0.216624526992481,78.42521841444378,8.331984605573012,-25.258646062170758,24.94189585595652,No,86.97382754700926,NW
2003,0.9958878275350651,78.39544338341224,9.425544189847201,-25.258646062170758,24.94189585595652,No,88.81687540079452,NW
2003.0833333333335,0.8401659767449642,78.36566835238071,11.454088925454087,-25.258646062170758,24.94189585595652,No,90.65992325457977,NW
2003.1666666666667,1.3737515056598506,78.33589332134919,12.793326281355974,-25.258646062170758,24.94189585595652,No,92.50297110836502,NW
2003.25,1.038767163762245,78.30611829031766,10.71365506166137,-25.258646062170758,24.94189585595652,No,90.05854051574127,NW
2003.3333333333335,0.7364284501988864,78.27634325928612,8.601338213632502,-25.258646062170758,24.94189585595652,No,87.61410992311751,NW
2003.4166666666667,1.0040645523176532,78.2465682282546,5.919046549921504,-25.258646062170758,24.94189585595652,No,85.16967933049376,NW
2003.5,-0.1464409350054666,78.21679319722307,4.654896475652407,-25.258646062170758,24.94189585595652,No,82.72524873787,NW
2003.5833333333335,-1.0896123628642471,78.18701816619154,3.1834123419189666,-25.258646062170758,24.94189585595652,No,80.28081814524626,NW
2003.6666666666667,-2.1880429001598416,78.15724313516,0.04676161484799479,-25.258646062170758,24.94189585595652,No,76.01596184984815,NW
2003.75,-1.461323311464551,78.12746810412848,-0.36892656814193003,-25.258646062170758,24.94189585595652,No,76.297218224522,NW
2003.8333333333335,-1.3202704929497817,78.09769307309695,-0.19894798095130284,-25.258646062170758,24.94189585595652,No,76.57847459919586,NW
2003.9166666666667,0.216624526992481,78.0772163628475,-1.434109915970268,-25.258646062170758,24.94189585595652,No,76.8597309738697,NW
2004,0.9958878275350651,78.05673965259804,-1.9116401315895502,-25.258646062170758,24.94189585595652,No,77.14098734854356,NW
2004.0833333333335,0.8401659767449642,78.03626294234859,-1.4541851958761498,-25.258646062170758,24.94189585595652,No,77.4222437232174,NW
2004.1666666666667,1.3737515056598506,78.01578623209913,-1.6860376398677204,-25.258646062170758,24.94189585595652,No,77.70350009789126,NW
2004.25,1.038767163762245,77.99530952184968,-1.049320213046812,-25.258646062170758,24.94189585595652,No,77.98475647256511,NW
2004.3333333333335,0.7364284501988864,77.97483281160022,-0.4452484145601403,-25.258646062170758,24.94189585595652,No,78.26601284723897,NW
2004.4166666666667,1.0040645523176532,77.95435610135077,-0.41115143175561286,-25.258646062170758,24.94189585595652,No,78.54726922191281,NW
2004.5,-0.1464409350054666,77.93387939110131,4.665137644879309,-25.258646062170758,24.94189585595652,No,82.45257610097515,NW
2004.5833333333335,-1.0896123628642471,77.91340268085186,0.21228533311868603,-25.258646062170758,24.94189585595652,No,77.0360756511063,NW
2004.6666666666667,-2.1880429001598416,77.8929259706024,1.1876683739484832,-25.258646062170758,24.94189585595652,No,76.89255144439105,NW
2004.75,-1.461323311464551,77.87244926035295,0.33790128878737846,-25.258646062170758,24.94189585595652,No,76.74902723767578,NW
2004.8333333333335,-1.3202704929497817,77.8519725501035,0.0738009738068115,-25.258646062170758,24.94189585595652,No,76.60550303096052,NW
2004.9166666666667,0.216624526992481,77.83149583985404,-1.5861415426012684,-25.258646062170758,24.94189585595652,No,76.46197882424525,NW
2005,0.9958878275350651,77.81101912960459,-2.4884523396096654,-25.258646062170758,24.94189585595652,No,76.31845461753,NW
2005.0833333333335,0.8401659767449642,77.79706588824797,-2.462301454178217,-25.258646062170758,24.94189585595652,No,76.17493041081472,NW
2005.1666666666667,1.3737515056598506,77.78311264689134,-3.125457948451725,-25.258646062170758,24.94189585595652,No,76.03140620409947,NW
2005.25,1.038767163762245,77.76915940553471,-2.9200445719127543,-25.258646062170758,24.94189585595652,No,75.8878819973842,NW
2005.3333333333335,0.7364284501988864,77.75520616417809,-2.7472768237080345,-25.258646062170758,24.94189585595652,No,75.74435779066894,NW
2005.4166666666667,1.0040645523176532,77.74125292282147,4.449049957039804,-25.258646062170758,24.94189585595652,No,83.19436743217894,NW
2005.5,-0.1464409350054666,77.72729968146484,-2.1607252628276115,-25.258646062170758,24.94189585595652,No,75.42013348363176,NW
2005.5833333333335,-1.0896123628642471,77.71334644010821,-11.699358435358448,-25.258646062170758,24.94189585595652,No,64.92437564188552,NW
2005.6666666666667,-2.1880429001598416,77.6993931987516,-9.6088468246881,-25.258646062170758,24.94189585595652,No,65.90250347390365,NW
2005.75,-1.461323311464551,77.68543995739498,-9.343485340008655,-25.258646062170758,24.94189585595652,No,66.88063130592177,NW
2005.8333333333335,-1.3202704929497817,77.67148671603834,-8.492457085148658,-25.258646062170758,24.94189585595652,No,67.8587591379399,NW
2005.9166666666667,0.216624526992481,77.65753347468171,-9.037271031716159,-25.258646062170758,24.94189585595652,No,68.83688696995803,NW
2006,0.9958878275350651,77.6435802333251,-8.82445325888402,-25.258646062170758,24.94189585595652,No,69.81501480197615,NW
2006.0833333333335,0.8401659767449642,77.62962699196848,-7.67665033471917,-25.258646062170758,24.94189585595652,No,70.79314263399428,NW
2006.1666666666667,1.3737515056598506,77.61567375061185,-7.218154790259291,-25.258646062170758,24.94189585595652,No,71.77127046601241,NW
2006.25,1.038767163762245,77.61496964532947,-5.904338511061184,-25.258646062170758,24.94189585595652,No,72.74939829803053,NW
2006.3333333333335,0.7364284501988864,77.61426554004709,-4.623167860197313,-25.258646062170758,24.94189585595652,No,73.72752613004866,NW
2006.4166666666667,1.0040645523176532,77.6135614347647,1.9826232076001418,-25.258646062170758,24.94189585595652,No,80.6002491946825,NW
2006.5,-0.1464409350054666,77.61285732948234,-1.137205282466354,-25.258646062170758,24.94189585595652,No,76.32921111201051,NW
2006.5833333333335,-1.0896123628642471,77.61215322419996,-7.202371174558806,-25.258646062170758,24.94189585595652,No,69.32016968677691,NW
2006.6666666666667,-2.1880429001598416,77.61144911891758,-13.112277957214431,-25.258646062170758,24.94189585595652,No,62.3111282615433,NW
2006.75,-1.461323311464551,77.6107450136352,0.5467517206321872,-25.258646062170758,24.94189585595652,No,76.69617342280283,NW
2006.8333333333335,-1.3202704929497817,77.61004090835281,-13.978642153859397,-25.258646062170758,24.94189585595652,No,62.31112826154364,NW
2006.9166666666667,0.216624526992481,77.60933680307043,2.467851222377462,-25.258646062170758,24.94189585595652,No,80.29381255244037,NW
2007,0.9958878275350651,77.60863269778805,5.421771743545676,-25.258646062170758,24.94189585595652,No,84.0262922688688,NW
2007.0833333333335,0.8401659767449642,77.60792859250569,12.379784137479348,-25.258646062170758,24.94189585595652,No,90.82787870673,NW
2007.1666666666667,1.3737515056598506,77.6072244872233,2.406566936044456,-25.258646062170758,24.94189585595652,No,81.38754292892762,NW
2007.25,1.038767163762245,77.60652038194092,2.1654688884187294,-25.258646062170758,24.94189585595652,No,80.8107564341219,NW
2007.3333333333335,0.7364284501988864,77.60581627665854,1.891725212458752,-25.258646062170758,24.94189585595652,No,80.23396993931618,NW
2007.4166666666667,1.0040645523176532,77.63545926957869,1.0176596226141044,-25.258646062170758,24.94189585595652,No,79.65718344451045,NW
2007.5,-0.1464409350054666,77.66510226249883,1.5617356222113727,-25.258646062170758,24.94189585595652,No,79.08039694970473,NW
2007.5833333333335,-1.0896123628642471,77.69474525541898,-3.1099747806904503,-25.258646062170758,24.94189585595652,No,73.49515811186428,NW
2007.6666666666667,-2.1880429001598416,77.72438824833914,-1.2558610904025755,-25.258646062170758,24.94189585595652,No,74.28048425777672,NW
2007.75,-1.461323311464551,77.75403124125928,-1.2268975261055743,-25.258646062170758,24.94189585595652,No,75.06581040368916,NW
2007.8333333333335,-1.3202704929497817,77.78367423417943,-0.6122671916280495,-25.258646062170758,24.94189585595652,No,75.85113654960159,NW
2007.9166666666667,0.216624526992481,77.81331722709957,-1.3934790585780235,-25.258646062170758,24.94189585595652,No,76.63646269551403,NW
2008,0.9958878275350651,77.84296022001972,-1.4170592061283287,-25.258646062170758,24.94189585595652,No,77.42178884142646,NW
2008.0833333333335,0.8401659767449642,77.87260321293986,-1.032985071751142,-25.258646062170758,24.94189585595652,No,77.67978411793369,NW
2008.1666666666667,1.3737515056598506,77.90224620586001,-5.361306235858905,-25.258646062170758,24.94189585595652,No,73.91469147566096,NW
2008.25,1.038767163762245,77.93188919878017,-8.821057529154189,-25.258646062170758,24.94189585595652,No,70.14959883338823,NW
2008.3333333333335,0.7364284501988864,77.96153219170031,-4.029976418489554,-25.258646062170758,24.94189585595652,No,74.66798422340965,NW
2008.4166666666667,1.0040645523176532,77.99117518462046,0.1911298764929512,-25.258646062170758,24.94189585595652,No,79.18636961343107,NW
2008.5,-0.1464409350054666,78.0208181775406,5.830377760917358,-25.258646062170758,24.94189585595652,No,83.70475500345249,NW
2008.5833333333335,-1.0896123628642471,78.06076918686817,12.183358680962314,-25.258646062170758,24.94189585595652,No,89.15451550496624,NW
2008.6666666666667,-2.1880429001598416,78.10072019619574,18.263641077080024,-25.258646062170758,24.94189585595652,No,94.17631837311592,NW
2008.75,-1.461323311464551,78.1406712055233,15.611306358729252,-25.258646062170758,24.94189585595652,No,92.290654252788,NW
2008.8333333333335,-1.3202704929497817,78.18062221485089,13.544638410559003,-25.258646062170758,24.94189585595652,No,90.4049901324601,NW
2008.9166666666667,0.216624526992481,78.22057322417845,10.082128260961255,-25.258646062170758,24.94189585595652,No,88.51932601213218,NW
2009,0.9958878275350651,78.26052423350602,7.377249830763176,-25.258646062170758,24.94189585595652,No,86.63366189180427,NW
2009.0833333333335,0.8401659767449642,78.30047524283358,5.607356551897809,-25.258646062170758,24.94189585595652,No,84.74799777147636,NW
2009.1666666666667,1.3737515056598506,78.34042625216115,3.1481558933274414,-25.258646062170758,24.94189585595652,No,82.86233365114845,NW
2009.25,1.038767163762245,78.38037726148872,1.5575251055695674,-25.258646062170758,24.94189585595652,No,80.97666953082053,NW
2009.3333333333335,0.7364284501988864,78.42032827081628,-0.06575131052254335,-25.258646062170758,24.94189585595652,No,79.09100541049263,NW
2009.4166666666667,1.0040645523176532,78.46027928014387,-2.2590025422968125,-25.258646062170758,24.94189585595652,No,77.20534129016471,NW
2009.5,-0.1464409350054666,78.50023028947143,-16.042661092922593,-25.258646062170758,24.94189585595652,No,62.311128261543374,NW
2009.5833333333335,-1.0896123628642471,78.540181298799,-10.0820236820271,-25.258646062170758,24.94189585595652,No,67.36854525390766,NW
2009.6666666666667,-2.1880429001598416,78.58013230812657,-3.9661271616948,-25.258646062170758,24.94189585595652,No,72.42596224627192,NW
2009.75,-1.461323311464551,78.60674986474241,0.33795268535834566,-25.258646062170758,24.94189585595652,No,77.4833792386362,NW
2009.8333333333335,-1.3202704929497817,78.63336742135824,1.7856209995342738,-25.258646062170758,24.94189585595652,No,79.09871792794273,NW
2009.9166666666667,0.216624526992481,78.65998497797409,16.973056132899316,-25.258646062170758,24.94189585595652,No,95.84966563786588,NW
2010,0.9958878275350651,78.68660253458994,11.393259241629053,-25.258646062170758,24.94189585595652,No,91.07574960375406,NW
2010.0833333333335,0.8401659767449642,78.71322009120578,6.748447501691487,-25.258646062170758,24.94189585595652,No,86.30183356964224,NW
2010.1666666666667,1.3737515056598506,78.73983764782162,1.41432838204895,-25.258646062170758,24.94189585595652,No,81.52791753553042,NW
2010.25,1.038767163762245,78.76645520443746,-3.051220866781108,-25.258646062170758,24.94189585595652,No,76.7540015014186,NW
2010.3333333333335,0.7364284501988864,78.79307276105331,13.642456588233642,-25.258646062170758,24.94189585595652,No,93.17195779948584,NW
2010.4166666666667,1.0040645523176532,78.81969031766914,-3.408713063561706,-25.258646062170758,24.94189585595652,No,76.4150418064251,NW
2010.5,-0.1464409350054666,78.84630787428499,-1.0834057635758114,-25.258646062170758,24.94189585595652,No,77.6164611757037,NW
2010.5833333333335,-1.0896123628642471,78.87292543090084,1.034567476945739,-25.258646062170758,24.94189585595652,No,78.81788054498233,NW
2010.6666666666667,-2.1880429001598416,78.89954298751668,5.739113853528664,-25.258646062170758,24.94189585595652,No,82.4506139408855,NW
2010.75,-1.461323311464551,78.92616054413251,1.5535522082968924,-25.258646062170758,24.94189585595652,No,79.01838944096485,NW
2010.8333333333335,-1.3202704929497817,78.95277810074836,-2.04634266675437,-25.258646062170758,24.94189585595652,No,75.5861649410442,NW
2010.9166666666667,0.216624526992481,78.95045476408029,-7.013138849949215,-25.258646062170758,24.94189585595652,No,72.15394044112355,NW
2011,0.9958878275350651,78.94813142741224,-11.222303313744405,-25.258646062170758,24.94189585595652,No,68.7217159412029,NW
2011.0833333333335,0.8401659767449642,78.94580809074418,-3.2977899226823837,-25.258646062170758,24.94189585595652,No,76.48818414480677,NW
2011.1666666666667,1.3737515056598506,78.94348475407611,-3.7467630520046953,-25.258646062170758,24.94189585595652,No,76.57047320773127,NW
2011.25,1.038767163762245,78.94116141740804,-3.3271663105145137,-25.258646062170758,24.94189585595652,No,76.65276227065577,NW
2011.3333333333335,0.7364284501988864,78.93883808073998,16.174399106927012,-25.258646062170758,24.94189585595652,No,95.84966563786588,NW
2011.4166666666667,1.0040645523176532,78.93651474407193,10.041421493025922,-25.258646062170758,24.94189585595652,No,89.98200078941551,NW
2011.5,-0.1464409350054666,78.93419140740386,5.326585468566748,-25.258646062170758,24.94189585595652,No,84.11433594096513,NW
2011.5833333333335,-1.0896123628642471,78.93186807073579,0.40441538464321525,-25.258646062170758,24.94189585595652,No,78.24667109251476,NW
2011.6666666666667,-2.1880429001598416,78.92954473406773,-4.362495589843505,-25.258646062170758,24.94189585595652,No,72.37900624406439,NW
2011.75,-1.461323311464551,78.92722139739968,-8.91688980663011,-25.258646062170758,24.94189585595652,No,68.54900827930501,NW
2011.8333333333335,-1.3202704929497817,78.924898060731607,1.2471343243538087,-25.258646062170758,24.94189585595652,No,78.85176189213563,NW
2011.9166666666667,0.216624526992481,78.92257472406354,10.015316253910228,-25.258646062170758,24.94189585595652,No,89.15451550496624,NW
2012,0.9958878275350651,78.92025138739548,9.683940307130129,-25.258646062170758,24.94189585595652,No,89.60007952206068,NW
2012.0833333333335,0.8401659767449642,78.91610356927038,10.28937399313979,-25.258646062170758,24.94189585595652,No,90.04564353915514,NW
2012.1666666666667,1.3737515056598506,78.91195575114527,10.205500299444452,-25.258646062170758,24.94189585595652,No,90.49120755624958,NW
2012.25,1.038767163762245,78.90780793302017,7.9596230268933965,-25.258646062170758,24.94189585595652,No,87.90619812367581,NW
2012.3333333333335,0.7364284501988864,78.90366011489508,5.681100126008062,-25.258646062170758,24.94189585595652,No,85.32118869110202,NW
2012.4166666666667,1.0040645523176532,78.89951229676997,-3.681628434734506,-25.258646062170758,24.94189585595652,No,76.22194841435312,NW
2012.5,-0.1464409350054666,78.89536447864486,-2.0352786913804835,-25.258646062170758,24.94189585595652,No,76.71364485225891,NW
2012.5833333333335,-1.0896123628642471,78.89121666051976,-0.5962630074908049,-25.258646062170758,24.94189585595652,No,77.20534129016471,NW
2012.6666666666667,-2.1880429001598416,78.88706884239465,-7.4117002227834945,-25.258646062170758,24.94189585595652,No,69.28732571945132,NW
2012.75,-1.461323311464551,78.88292102426955,-13.190507085031612,-25.258646062170758,24.94189585595652,No,64.23109062777338,NW
2012.8333333333335,-1.3202704929497817,78.87877320614444,-11.206890678111193,-25.258646062170758,24.94189585595652,No,66.35161203508346,NW
2012.9166666666667,0.216624526992481,78.87462538801935,-10.619116472618288,-25.258646062170758,24.94189585595652,No,68.47213344239354,NW
2013,0.9958878275350651,78.87047756989425,-9.273710547725685,-25.258646062170758,24.94189585595652,No,70.59265484970364,NW
2013.0833333333335,0.8401659767449642,78.86632975176914,-6.993319471500399,-25.258646062170758,24.94189585595652,No,72.71317625701371,NW
2013.1666666666667,1.3737515056598506,78.86218193364404,-5.402235774980099,-25.258646062170758,24.94189585595652,No,74.8336976643238,NW
2013.25,1.038767163762245,78.86403134966108,-2.948579441789448,-25.258646062170758,24.94189585595652,No,76.95421907163387,NW
2013.3333333333335,0.7364284501988864,78.8658807656781,-0.52756873693302,-25.258646062170758,24.94189585595652,No,79.07474047894397,NW
2013.4166666666667,1.0040645523176532,78.86773018169512,1.323467152241264,-25.258646062170758,24.94189585595652,No,81.19526188625404,NW
2013.5,-0.1464409350054666,78.86957959771216,4.592644630857436,-25.258646062170758,24.94189585595652,No,83.31578329356412,NW
2013.5833333333335,-1.0896123628642471,78.8714290137292,-8.751445233992385,-25.258646062170758,24.94189585595652,No,69.03037141687257,NW
2013.6666666666667,-2.1880429001598416,78.87327842974622,-5.138722835679971,-25.258646062170758,24.94189585595652,No,71.54651269390641,NW
2013.75,-1.461323311464551,78.87512784576325,-3.351150563358445,-25.258646062170758,24.94189585595652,No,74.06265397094025,NW
2013.8333333333335,-1.3202704929497817,78.87697726178028,1.5397204138997296,-25.258646062170758,24.94189585595652,No,79.09642718273022,NW
2013.9166666666667,0.216624526992481,78.87882667779732,2.4907953150549105,-25.258646062170758,24.94189585595652,No,81.5862465198447,NW
2014,0.9958878275350651,78.88067609381434,4.199501935609774,-25.258646062170758,24.94189585595652,No,84.07606585695919,NW
2014.0833333333335,0.8401659767449642,78.88252550983137,6.843193707497321,-25.258646062170758,24.94189585595652,No,86.56588519407366,NW
2014.1666666666667,1.3737515056598506,78.8843749258484,8.797578099679882,-25.258646062170758,24.94189585595652,No,89.05570453118814,NW
2014.25,1.038767163762245,78.88622434186544,11.620532362674936,-25.258646062170758,24.94189585595652,No,91.54552386830262,NW
2014.3333333333335,0.7364284501988864,78.88807375788247,-3.8805564239078763,-25.258646062170758,24.94189585595652,No,75.74394578417348,NW
2014.4166666666667,1.0040645523176532,78.92739514382964,1.0776722359892688,-25.258646062170758,24.94189585595652,No,81.00913193213657,NW
2014.5,-0.1464409350054666,78.9667165297768,2.7481762568957038,-25.258646062170758,24.94189585595652,No,81.56845185166704,NW
2014.5833333333335,-1.0896123628642471,79.00603791572398,4.211346218337766,-25.258646062170758,24.94189585595652,No,82.1277717711975,NW
2014.6666666666667,-2.1880429001598416,79.04535930167116,0.7200883184753479,-25.258646062170758,24.94189585595652,No,77.57740471998666,NW
2014.75,-1.461323311464551,79.08468068761833,-9.938430801785188,-25.258646062170758,24.94189585595652,No,67.68492657436859,NW
2014.8333333333335,-1.3202704929497817,79.12400207356549,-11.013114987596254,-25.258646062170758,24.94189585595652,No,66.79061659301945,NW
2014.9166666666667,0.216624526992481,79.16332345951267,-9.155313291536231,-25.258646062170758,24.94189585595652,No,70.22463469496891,NW
2015,0.9958878275350651,79.20264484545984,-6.539879876076526,-25.258646062170758,24.94189585595652,No,73.65865279691839,NW
2015.0833333333335,0.8401659767449642,79.241966231407,-2.989461309284124,-25.258646062170758,24.94189585595652,No,77.09267089886785,NW
2015.1666666666667,1.3737515056598506,79.28128761735418,-0.12835012219672137,-25.258646062170758,24.94189585595652,No,80.52668900081731,NW
2015.25,1.038767163762245,79.32060900330136,3.6013309357031744,-25.258646062170758,24.94189585595652,No,83.96070710276678,NW
2015.3333333333335,0.7364284501988864,79.35993038924853,7.2983663652688335,-25.258646062170758,24.94189585595652,No,87.39472520471625,NW
2015.4166666666667,1.0040645523176532,79.3992517751957,10.425426979152363,-25.258646062170758,24.94189585595652,No,90.82874330666571,NW
2015.5,-0.1464409350054666,79.43857316114287,-8.455767640567615,-25.258646062170758,24.94189585595652,No,70.83636458556978,NW
2015.5833333333335,-1.0896123628642471,79.49789904616486,-14.977076187043764,-25.258646062170758,24.94189585595652,No,63.43121049625685,NW
2015.6666666666667,-2.1880429001598416,79.55722493118685,-1.9138572627261965,-25.258646062170758,24.94189585595652,No,75.45532476830081,NW
2015.75,-1.461323311464551,79.61655081620883,9.324211535600512,-25.258646062170758,24.94189585595652,No,87.47943904034479,NW
2015.8333333333335,-1.3202704929497817,79.67587670123082,-1.1502649181163207,-25.258646062170758,24.94189585595652,No,77.20534129016471,NW
2015.9166666666667,0.216624526992481,79.73520258625281,-2.6890955624133284,-25.258646062170758,24.94189585595652,No,77.26273155083196,NW
2016,0.9958878275350651,79.7945284712748,-1.9462324412781982,-25.258646062170758,24.94189585595652,No,78.84418385753168,NW
2016.0833333333335,0.8401659767449642,79.85385435629678,-4.665040565093648,-25.258646062170758,24.94189585595652,No,76.0289797679481,NW
2016.1666666666667,1.3737515056598506,79.91318024131877,-4.96386159847637,-25.258646062170758,24.94189585595652,No,76.32307014850225,NW
2016.25,1.038767163762245,79.97250612634076,-4.3941127610466,-25.258646062170758,24.94189585595652,No,76.6171605290564,NW
2016.3333333333335,0.7364284501988864,80.03183201136275,-3.85700955195108,-25.258646062170758,24.94189585595652,No,76.91125090961056,NW
2016.4166666666667,1.0040645523176532,80.09115789638474,-3.8898811585376905,-25.258646062170758,24.94189585595652,No,77.20534129016471,NW
2016.5,-0.1464409350054666,80.15048378140672,0.30868583504698677,-25.258646062170758,24.94189585595652,No,80.31272868144823,NW
2016.5833333333335,-1.0896123628642471,80.20980966642871,4.299918769167306,-25.258646062170758,24.94189585595652,No,83.42011607273177,NW
2016.6666666666667,-2.1880429001598416,80.2691355514507,8.446410812724437,-25.258646062170758,24.94189585595652,No,86.5275034640153,NW
2016.75,-1.461323311464551,80.30978642780053,10.786427738962843,-25.258646062170758,24.94189585595652,No,89.63489085529882,NW
2016.8333333333335,-1.3202704929497817,80.35043730415035,13.7121114353818,-25.258646062170758,24.94189585595652,No,92.74227824658236,NW
2016.9166666666667,0.216624526992481,80.39108818050016,15.241952930373245,-25.258646062170758,24.94189585595652,No,95.84966563786588,NW
2017,0.9958878275350651,80.43173905684999,14.422038753480905,-25.258646062170758,24.94189585595652,No,95.84966563786597,NW
2017.0833333333335,0.8401659767449642,80.47238993319982,14.537109727921262,-25.258646062170758,24.94189585595652,No,95.84966563786605,NW
2017.1666666666667,1.3737515056598506,80.51304080954964,13.962873322656648,-25.258646062170758,24.94189585595652,No,95.84966563786614,NW
2017.25,1.038767163762245,80.55369168589945,-2.977304155756073,-25.258646062170758,24.94189585595652,No,78.61515469390562,NW
2017.3333333333335,0.7364284501988864,80.59434256224928,-2.2454744107845954,-25.258646062170758,24.94189585595652,No,79.08529660166357,NW
2017.4166666666667,1.0040645523176532,80.63499343859911,-17.88782399902749,-25.258646062170758,24.94189585595652,No,63.75123399188927,NW
2017.5,-0.1464409350054666,80.67564431494893,-15.130189760541413,-25.258646062170758,24.94189585595652,No,65.39901361940204,NW
2017.5833333333335,-1.0896123628642471,80.71629519129874,-12.579889581519694,-25.258646062170758,24.94189585595652,No,67.0467932469148,NW
2017.6666666666667,-2.1880429001598416,80.75694606764857,-9.874330293061163,-25.258646062170758,24.94189585595652,No,68.69457287442756,NW
2017.75,-1.461323311464551,80.7975969439984,-8.99392113059352,-25.258646062170758,24.94189585595652,No,70.34235250194033,NW
2017.8333333333335,-1.3202704929497817,80.83824782034822,-7.527845197945339,-25.258646062170758,24.94189585595652,No,71.99013212945309,NW
2017.9166666666667,0.216624526992481,80.83307091931893,-7.411783689345555,-25.258646062170758,24.94189585595652,No,73.63791175696585,NW
2018,0.9958878275350651,80.82789401828964,-6.538090461346101,-25.258646062170758,24.94189585595652,No,75.28569138447861,NW
2018.0833333333335,0.8401659767449642,80.82271711726034,-4.729412082013937,-25.258646062170758,24.94189585595652,No,76.93347101199137,NW
2018.1666666666667,1.3737515056598506,80.81754021623105,-3.610041082386772,-25.258646062170758,24.94189585595652,No,78.58125063950413,NW
2018.25,1.038767163762245,80.81236331520176,-1.6221002119471137,-25.258646062170758,24.94189585595652,No,80.2290302670169,NW
2018.3333333333335,0.7364284501988864,80.80718641417248,0.33319503015829355,-25.258646062170758,24.94189585595652,No,81.87680989452966,NW
2018.4166666666667,1.0040645523176532,80.80200951314318,1.718515456581585,-25.258646062170758,24.94189585595652,No,83.52458952204242,NW
2018.5,-0.1464409350054666,80.79683261211389,4.521977472446764,-25.258646062170758,24.94189585595652,No,85.17236914955518,NW
2018.5833333333335,-1.0896123628642471,80.7916557110846,5.801961159354292,-25.258646062170758,24.94189585595652,No,85.50400450757465,NW
2018.6666666666667,-2.1880429001598416,80.78647881005531,7.2372039556986465,-25.258646062170758,24.94189585595652,No,85.83563986559412,NW
2018.75,-1.461323311464551,80.78130190902603,6.847296626052113,-25.258646062170758,24.94189585595652,No,86.16727522361359,NW
2018.8333333333335,-1.3202704929497817,80.77612500799673,7.043056066586118,-25.258646062170758,24.94189585595652,No,86.49891058163306,NW
2018.9166666666667,0.216624526992481,80.77094810696744,5.84297330569261,-25.258646062170758,24.94189585595652,No,86.83054593965252,NW
2019,0.9958878275350651,80.76577120593815,5.40052226419877,-25.258646062170758,24.94189585595652,No,87.16218129767199,NW
2019.0833333333335,0.8401659767449642,80.73629689640055,5.917353782545945,-25.258646062170758,24.94189585595652,No,87.49381665569146,NW
2019.1666666666667,1.3737515056598506,80.70682258686294,5.7448779211881345,-25.258646062170758,24.94189585595652,No,87.82545201371093,NW
2019.25,1.038767163762245,80.67734827732534,6.440971930642817,-25.258646062170758,24.94189585595652,No,88.1570873717304,NW
2019.3333333333335,0.7364284501988864,80.64787396778773,7.104420311763249,-25.258646062170758,24.94189585595652,No,88.48872272974987,NW
2019.4166666666667,1.0040645523176532,80.61839965825013,7.197893877201551,-25.258646062170758,24.94189585595652,No,88.82035808776934,NW
2019.5,-0.1464409350054666,80.58892534871252,8.709509032081755,-25.258646062170758,24.94189585595652,No,89.1519934457888,NW
2019.5833333333335,-1.0896123628642471,80.55945103917493,8.279069511030713,-25.258646062170758,24.94189585595652,No,87.7489081873414,NW
2019.6666666666667,-2.1880429001598416,80.52997672963733,8.003889099416497,-25.258646062170758,24.94189585595652,No,86.34582292889398,NW
2019.75,-1.461323311464551,80.50050242009972,5.903558561811408,-25.258646062170758,24.94189585595652,No,84.94273767044658,NW
2019.8333333333335,-1.3202704929497817,80.47102811056212,4.388894794386829,-25.258646062170758,24.94189585595652,No,83.53965241199916,NW
2019.9166666666667,0.216624526992481,80.44155380102451,1.4783888255347648,-25.258646062170758,24.94189585595652,No,82.13656715355175,NW
2020,0.9958878275350651,80.4120794914869,-0.6744854239176448,-25.258646062170758,24.94189585595652,No,80.73348189510433,NW
2020.0833333333335,0.8401659767449642,80.3826051819493,-1.8923745220373434,-25.258646062170758,24.94189585595652,No,79.33039663665693,NW
2020.1666666666667,1.3737515056598506,80.3531308724117,11.445075421414288,-25.258646062170758,24.94189585595652,No,93.17195779948584,NW
2020.25,1.038767163762245,80.27778661519777,2.413706720918725,-25.258646062170758,24.94189585595652,No,83.73026049987874,NW
2020.3333333333335,0.7364284501988864,80.20244235798383,-6.650307607911074,-25.258646062170758,24.94189585595652,No,74.28856320027164,NW
2020.4166666666667,1.0040645523176532,80.1270981007699,-3.626055747314993,-25.258646062170758,24.94189585595652,No,77.50510690577256,NW
2020.5,-0.1464409350054666,80.05175384355596,0.8163377027230041,-25.258646062170758,24.94189585595652,No,80.72165061127349,NW
2020.5833333333335,-1.0896123628642471,79.97640958634203,5.051397093296629,-25.258646062170758,24.94189585595652,No,83.93819431677441,NW
2020.6666666666667,-2.1880429001598416,79.90106532912809,-15.401894167424615,-25.258646062170758,24.94189585595652,No,62.31112826154363,NW
2020.75,-1.461323311464551,79.82572107191416,-7.663832572639009,-25.258646062170758,24.94189585595652,No,70.7005651878106,NW
2020.8333333333335,-1.3202704929497817,79.75037681470023,0.65989579232712,-25.258646062170758,24.94189585595652,No,79.09000211407756,NW
2020.9166666666667,0.216624526992481,79.67503255748629,7.587781955865765,-25.258646062170758,24.94189585595652,No,87.47943904034453,NW
2021,0.9958878275350651,79.59968830027236,4.682535218301638,-25.258646062170758,24.94189585595652,No,85.27811134610907,NW
2021.0833333333335,0.8401659767449642,79.52434404305842,2.7122736320702074,-25.258646062170758,24.94189585595652,No,83.0767836518736,NW
2021.1666666666667,1.3737515056598506,79.44899978584449,0.05270466613379199,-25.258646062170758,24.94189585595652,No,80.87545595763814,NW
2021.25,1.038767163762245,79.37365552863055,-1.738294428990116,-25.258646062170758,24.94189585595652,No,78.67412826340268,NW
2021.3333333333335,0.7364284501988864,79.29831127141662,-13.525242401755605,-25.258646062170758,24.94189585595652,No,66.5094973198599,NW
2021.4166666666667,1.0040645523176532,79.19978502214289,-6.146012859565062,-25.258646062170758,24.94189585595652,No,74.05783671489549,NW
2021.5,-0.1464409350054666,79.10125877286914,2.651358272067398,-25.258646062170758,24.94189585595652,No,81.60617610993107,NW
2021.5833333333335,-1.0896123628642471,79.0027325235954,11.2413953442355,-25.258646062170758,24.94189585595652,No,89.15451550496665,NW
2021.6666666666667,-2.1880429001598416,78.90420627432167,0.10372068326734052,-25.258646062170758,24.94189585595652,No,76.81988405742916,NW
2021.75,-1.461323311464551,78.80568002504793,-0.5701685835414025,-25.258646062170758,24.94189585595652,No,76.77418813004198,NW
2021.8333333333335,-1.3202704929497817,78.70715377577419,-0.6583910801696078,-25.258646062170758,24.94189585595652,No,76.72849220265479,NW
2021.9166666666667,0.216624526992481,78.60862752650044,-2.1424557782253117,-25.258646062170758,24.94189585595652,No,76.6827962752676,NW
2022,0.9958878275350651,78.51010127722671,-2.8688887568813612,-25.258646062170758,24.94189585595652,No,76.63710034788042,NW
2022.0833333333335,0.8401659767449642,78.41157502795298,-2.6603365842046998,-25.258646062170758,24.94189585595652,No,76.59140442049325,NW
2022.1666666666667,1.3737515056598506,78.31304877867923,-3.1410917912330234,-25.258646062170758,24.94189585595652,No,76.54570849310606,NW
2022.25,1.038767163762245,78.21452252940549,-2.753277127448854,-25.258646062170758,24.94189585595652,No,76.50001256571888,NW
2022.3333333333335,0.7364284501988864,78.11599628013175,-2.3981080919989495,-25.258646062170758,24.94189585595652,No,76.45431663833169,NW
2022.4166666666667,1.0040645523176532,78.01747003085802,-2.612913872231175,-25.258646062170758,24.94189585595652,No,76.4086207109445,NW
2022.5,-0.1464409350054666,77.91894378158428,-3.1510603540253186,-25.258646062170758,24.94189585595652,No,74.62144249255348,NW
2022.5833333333335,-1.0896123628642471,77.81219660313643,4.767633762046188,-25.258646062170758,24.94189585595652,No,81.49021800231837,NW
2022.6666666666667,-2.1880429001598416,77.70544942468857,1.4668132049863658,-25.258646062170758,24.94189585595652,No,76.98421972951509,NW
2022.75,-1.461323311464551,77.59870224624072,2.959694414508405,-25.258646062170758,24.94189585595652,No,79.09707334928457,NW
2022.8333333333335,-1.3202704929497817,77.49195506779287,1.801942767136893,-25.258646062170758,24.94189585595652,No,77.97362734197998,NW
2022.9166666666667,0.216624526992481,77.38520788934501,0.43004861844518416,-25.258646062170758,24.94189585595652,No,78.03188103478267,NW
2023,0.9958878275350651,77.27846071089716,-5.5514913321443515,-25.258646062170758,24.94189585595652,No,72.72285720628788,NW
2023.0833333333335,0.8401659767449642,77.1717135324493,-4.186966514895843,-25.258646062170758,24.94189585595652,No,73.82491299429843,NW
2023.1666666666667,1.3737515056598506,77.06496635400146,-1.2776487967540504,-25.258646062170758,24.94189585595652,No,77.16106906290726,NW
2023.25,1.038767163762245,76.95821917555361,0.4224072948360629,-25.258646062170758,24.94189585595652,No,78.41939363415192,NW
2023.3333333333335,0.7364284501988864,76.85147199710575,-14.156689951047781,-25.258646062170758,24.94189585595652,No,63.43121049625685,NW
2023.4166666666667,1.0040645523176532,76.7447248186579,0.8814620013175443,-25.258646062170758,24.94189585595652,No,78.6302513722931,NW
2023.5,-0.1464409350054666,76.63797764021005,-3.148819348299071,-25.258646062170758,24.94189585595652,No,73.34271735690551,NW
2023.5833333333335,-1.0896123628642471,76.53123046176219,-0.4154523742806475,-25.258646062170758,24.94189585595652,No,75.0261657246173,NW
2023.6666666666667,-2.1880429001598416,76.42448328331434,2.4731737091745742,-25.258646062170758,24.94189585595652,No,76.70961409232908,NW
2023.75,-1.461323311464551,76.31498559817362,3.0436557426734225,-25.258646062170758,24.94189585595652,No,77.89731802938249,NW
2023.8333333333335,-1.3202704929497817,76.2054879130329,4.199804546352809,-25.258646062170758,24.94189585595652,No,79.08502196643592,NW
2023.9166666666667,0.216624526992481,76.09599022789217,0.6627646505671692,-25.258646062170758,24.94189585595652,No,76.97537940545182,NW
2024,0.9958878275350651,75.98649254275146,-0.024051942549832006,-25.258646062170758,24.94189585595652,No,76.9583284277367,NW
2024.0833333333335,0.8401659767449642,75.87699485761074,9.079850879911632,-25.258646062170758,24.94189585595652,No,85.79701171426734,NW
2024.1666666666667,1.3737515056598506,75.76749717247002,1.1169689445466986,-25.258646062170758,24.94189585595652,No,78.25821762267657,NW
2024.25,1.038767163762245,75.65799948732929,-5.725461179725357,-25.258646062170758,24.94189585595652,No,70.97130547136618,NW
2024.3333333333335,0.7364284501988864,75.54850180218857,-3.5506174881617056,-25.258646062170758,24.94189585595652,No,72.73431276422575,NW
2024.4166666666667,1.0040645523176532,75.43900411704784,-1.945748612280184,-25.258646062170758,24.94189585595652,No,74.49732005708532,NW
2024.5,-0.1464409350054666,75.32950643190712,1.0772618530432254,-25.258646062170758,24.94189585595652,No,76.26032734994487,NW
2024.5833333333335,-1.0896123628642471,75.22000874676641,3.8929382589022765,-25.258646062170758,24.94189585595652,No,78.02333464280444,NW
2024.6666666666667,-2.1880429001598416,75.11051106162569,6.863873774198169,-25.258646062170758,24.94189585595652,No,79.78634193566401,NW
2024.75,-1.461323311464551,75.00101337648496,8.009659163503173,-25.258646062170758,24.94189585595652,No,81.54934922852358,NW
2024.8333333333335,-1.3202704929497817,74.89151569134424,2.5606758409446684,-25.258646062170758,24.94189585595652,No,76.13192103933912,NW
2024.9166666666667,0.216624526992481,74.78116235212772,0.26326703194354195,-25.258646062170758,24.94189585595652,No,75.26105391106374,NW
2025,0.9958878275350651,74.67080901291119,-0.6281952751381965,-25.258646062170758,24.94189585595652,No,75.03850156530807,NW
2025.0833333333335,0.8401659767449642,74.56045567369468,7.463553163793463,-25.258646062170758,24.94189585595652,No,82.86417481423311,NW
2025.1666666666667,1.3737515056598506,74.45010233447816,5.506592229721321,-25.258646062170758,24.94189585595652,No,81.33044606985933,NW
2025.25,1.038767163762245,74.33974899526163,1.2617164031022128,-25.258646062170758,24.94189585595652,No,76.64023256212609,NW
2025.3333333333335,0.7364284501988864,74.22939565604511,2.9059650612267802,-25.258646062170758,24.94189585595652,No,77.87178916747078,NW
2025.4166666666667,1.0040645523176532,74.1190423168286,-1.618122652967358,-25.258646062170758,24.94189585595652,No,73.5049842161789,NW
2025.5,-0.1464409350054666,74.00868897761208,-1.9240690267235152,-25.258646062170758,24.94189585595652,No,71.9381790158831,NW
2025.5833333333335,-1.0896123628642471,73.89833563839555,-2.437349459944002,-25.258646062170758,24.94189585595652,No,70.3713738155873,NW
2025.6666666666667,-2.1880429001598416,73.78798229917903,-2.795370783727691,-25.258646062170758,24.94189585595652,No,68.8045686152915,NW
2025.75,-1.461323311464551,73.67762895996252,-4.978542233502253,-25.258646062170758,24.94189585595652,No,67.23776341499571,NW
2025.8333333333335,-1.3202704929497817,73.56727562074599,-6.576046913096292,-25.258646062170758,24.94189585595652,No,65.67095821469991,NW
2025.9166666666667,0.216624526992481,73.45692228152947,-8.00258859382204,-25.258646062170758,24.94189585595652,No,65.67095821469991,NW
1981.6666666666667,-0.8214656095022398,43.77830690180694,-0.49437264231669076,-17.868807950470657,17.37840442442594,No,42.46246864998801,SW
1981.75,-0.8455473065006681,43.84478217992531,-0.5367662234366293,-17.868807950470657,17.37840442442594,No,42.46246864998801,SW
1981.8333333333335,-0.6743796398328383,43.91125745804368,-0.7744091682228316,-17.868807950470657,17.37840442442594,No,42.46246864998801,SW
1981.9166666666667,-0.44987397184949973,43.97773273616205,-1.1565354452164271,-17.868807950470657,17.37840442442594,No,42.37132331909612,SW
1982,-0.44085875986924533,44.04420801428041,-1.3231712662069341,-17.868807950470657,17.37840442442594,No,42.28017798820423,SW
1982.0833333333335,-0.5382106021814457,44.110683292398775,-1.3834400329049998,-17.868807950470657,17.37840442442594,No,42.18903265731233,SW
1982.1666666666667,-0.9448781100245571,44.17715857051714,-1.1343931340721483,-17.868807950470657,17.37840442442594,No,42.09788732642044,SW
1982.25,0.2209137177592306,44.24363384863551,-2.457805570866192,-17.868807950470657,17.37840442442594,No,42.00674199552855,SW
1982.3333333333335,1.6179894469911482,44.31010912675388,-4.012501909108366,-17.868807950470657,17.37840442442594,No,41.91559666463666,SW
1982.4166666666667,1.0225443339039642,44.37658440487225,-3.5746774050314443,-17.868807950470657,17.37840442442594,No,41.82445133374477,SW
1982.5,1.3642845986111822,44.443059682990615,-4.0740382787489295,-17.868807950470657,17.37840442442594,No,41.73330600285287,SW
1982.5833333333335,0.4894818386618639,44.509534961108976,-3.3568561278098628,-17.868807950470657,17.37840442442594,No,41.64216067196098,SW
1982.6666666666667,-0.8214656095022398,44.576010239227344,-2.2035292886560143,-17.868807950470657,17.37840442442594,No,41.55101534106909,SW
1982.75,-0.8455473065006681,44.64248551734571,-2.3370682006678436,-17.868807950470657,17.37840442442594,No,41.4598700101772,SW
1982.8333333333335,-0.6743796398328383,44.70896079546408,-2.6658564763459367,-17.868807950470657,17.37840442442594,No,41.36872467928531,SW
1982.9166666666667,-0.44987397184949973,44.769493433778536,-3.04204011353562,-17.868807950470657,17.37840442442594,No,41.27757934839342,SW
1983,-0.44085875986924533,44.830026072092984,-3.202733294722222,-17.868807950470657,17.37840442442594,No,41.18643401750152,SW
1983.0833333333335,-0.5382106021814457,44.89055871040744,-3.2570594216163684,-17.868807950470657,17.37840442442594,No,41.09528868660963,SW
1983.1666666666667,-0.9448781100245571,44.95109134872189,-3.0020698829795975,-17.868807950470657,17.37840442442594,No,41.00414335571774,SW
1983.25,0.2209137177592306,45.011623987036344,-2.264974483774779,-17.868807950470657,17.37840442442594,No,42.9675632210208,SW
1983.3333333333335,1.6179894469911482,45.07215662535079,-1.7591629860180902,-17.868807950470657,17.37840442442594,No,44.93098308632385,SW
1983.4166666666667,1.0225443339039642,45.13268926366525,0.7391693540576938,-17.868807950470657,17.37840442442594,No,46.89440295162691,SW
1983.5,1.3642845986111822,45.193221901979705,2.300316316339078,-17.868807950470657,17.37840442442594,No,48.85782281692997,SW
1983.5833333333335,0.4894818386618639,45.25375454029415,2.425961740250578,-17.868807950470657,17.37840442442594,No,48.1691981192066,SW
1983.6666666666667,-0.8214656095022398,45.31428717860861,2.987751852376867,-17.868807950470657,17.37840442442594,No,47.480573421483236,SW
1983.75,-0.8455473065006681,45.37481981692306,2.2626762133374854,-17.868807950470657,17.37840442442594,No,46.79194872375987,SW
1983.8333333333335,-0.6743796398328383,45.43535245523751,1.3423512106318256,-17.868807950470657,17.37840442442594,No,46.1033240260365,SW
1983.9166666666667,-0.44987397184949973,45.49588509355196,1.5315037033765364,-17.868807950470657,17.37840442442594,No,46.577514825079,SW
1984,-0.44085875986924533,45.55641773186642,1.9361466521243145,-17.868807950470657,17.37840442442594,No,47.05170562412149,SW
1984.0833333333335,-0.5382106021814457,45.6155049899655,2.4486020353799276,-17.868807950470657,17.37840442442594,No,47.525896423163985,SW
1984.1666666666667,-0.9448781100245571,45.67459224806458,3.270373084166458,-17.868807950470657,17.37840442442594,No,48.00008722220648,SW
1984.25,0.2209137177592306,45.733679506163654,2.519684797326093,-17.868807950470657,17.37840442442594,No,48.47427802124898,SW
1984.3333333333335,1.6179894469911482,45.79276676426274,1.5377126090375839,-17.868807950470657,17.37840442442594,No,48.94846882029147,SW
1984.4166666666667,1.0225443339039642,45.85185402236182,2.548261263068177,-17.868807950470657,17.37840442442594,No,49.42265961933396,SW
1984.5,1.3642845986111822,45.9109412804609,2.6216245393043778,-17.868807950470657,17.37840442442594,No,49.89685041837646,SW
1984.5833333333335,0.4894818386618639,45.97002853855997,3.911530840197109,-17.868807950470657,17.37840442442594,No,50.37104121741895,SW
1984.6666666666667,-0.8214656095022398,46.029115796659056,5.637581829304629,-17.868807950470657,17.37840442442594,No,50.845232016461445,SW
1984.75,-0.8455473065006681,46.08820305475814,6.076767067246472,-17.868807950470657,17.37840442442594,No,51.31942281550394,SW
1984.8333333333335,-0.6743796398328383,46.147290312857216,6.32070294152205,-17.868807950470657,17.37840442442594,No,51.79361361454643,SW
1984.9166666666667,-0.44987397184949973,46.20637757095629,6.511300814482134,-17.868807950470657,17.37840442442594,No,52.26780441358893,SW
1985,-0.44085875986924533,46.265464829055375,6.917389143445291,-17.868807950470657,17.37840442442594,No,52.74199521263142,SW
1985.0833333333335,-0.5382106021814457,46.32455208715446,7.429844526700897,-17.868807950470657,17.37840442442594,No,53.21618601167391,SW
1985.1666666666667,-0.9448781100245571,46.383639345253535,8.251615575487428,-17.868807950470657,17.37840442442594,No,53.69037681071641,SW
1985.25,0.2209137177592306,46.44555769480079,7.498096197198883,-17.868807950470657,17.37840442442594,No,54.164567609758905,SW
1985.3333333333335,1.6179894469911482,46.50747604434804,6.513292917462216,-17.868807950470657,17.37840442442594,No,54.6387584088014,SW
1985.4166666666667,1.0225443339039642,46.569394393895294,7.52101048004463,-17.868807950470657,17.37840442442594,No,55.11294920784389,SW
1985.5,1.3642845986111822,46.63131274344254,7.591542664832659,-17.868807950470657,17.37840442442594,No,55.587140006886386,SW
1985.5833333333335,0.4894818386618639,46.6932310929898,1.6726559575614601,-17.868807950470657,17.37840442442594,No,48.855368889213125,SW
1985.6666666666667,-0.8214656095022398,46.755149442537046,-3.8100860614949354,-17.868807950470657,17.37840442442594,No,42.12359777153987,SW
1985.75,-0.8455473065006681,46.8170677920843,-10.579693831717023,-17.868807950470657,17.37840442442594,No,35.39182665386661,SW
1985.8333333333335,-0.6743796398328383,46.87898614163156,-9.12973379488708,-17.868807950470657,17.37840442442594,No,37.07487270691164,SW
1985.9166666666667,-0.44987397184949973,46.940904491178806,-7.733111759372626,-17.868807950470657,17.37840442442594,No,38.75791875995668,SW
1986,-0.44085875986924533,47.00282284072606,-6.120999267855105,-17.868807950470657,17.37840442442594,No,40.44096481300171,SW
1986.0833333333335,-0.5382106021814457,47.06474119027331,-4.402519722045113,-17.868807950470657,17.37840442442594,No,42.12401086604675,SW
1986.1666666666667,-0.9448781100245571,47.126659539820565,-2.374724510704226,-17.868807950470657,17.37840442442594,No,43.807056919091785,SW
1986.25,0.2209137177592306,47.188577889367814,-1.91938863499022,-17.868807950470657,17.37840442442594,No,45.490102972136825,SW
1986.3333333333335,1.6179894469911482,47.25049623891507,-1.695336660724358,-17.868807950470657,17.37840442442594,No,47.17314902518186,SW
1986.4166666666667,1.0225443339039642,47.299037258347546,0.5346134859753846,-17.868807950470657,17.37840442442594,No,48.8561950782269,SW
1986.5,1.3642845986111822,47.34757827778002,1.8273782548807205,-17.868807950470657,17.37840442442594,No,50.53924113127193,SW
1986.5833333333335,0.4894818386618639,47.3961192972125,4.336686048442594,-17.868807950470657,17.37840442442594,No,52.22228718431696,SW
1986.6666666666667,-0.8214656095022398,47.44466031664498,7.282138530219264,-17.868807950470657,17.37840442442594,No,53.905333237362,SW
1986.75,-0.8455473065006681,47.493201336077455,5.575872438260582,-17.868807950470657,17.37840442442594,No,52.22352646783737,SW
1986.8333333333335,-0.6743796398328383,47.54174235550993,1.9898237893661204,-17.868807950470657,17.37840442442594,No,48.85718650504322,SW
1986.9166666666667,-0.44987397184949973,47.59028337494241,-1.6495628608438437,-17.868807950470657,17.37840442442594,No,45.490846542249066,SW
1987,-0.44085875986924533,47.63882439437488,-5.073459055050726,-17.868807950470657,17.37840442442594,No,42.12450657945491,SW
1987.0833333333335,-0.5382106021814457,47.687365413807356,-8.390988194965153,-17.868807950470657,17.37840442442594,No,38.75816661666076,SW
1987.1666666666667,-0.9448781100245571,47.73590643323983,-11.39920166934867,-17.868807950470657,17.37840442442594,No,35.39182665386661,SW
1987.25,0.2209137177592306,47.78444745267231,-0.834600205035926,-17.868807950470657,17.37840442442594,No,47.170760965395615,SW
1987.3333333333335,1.6179894469911482,47.83298847210479,9.498717357828681,-17.868807950470657,17.37840442442594,No,58.949695276924615,SW
1987.4166666666667,1.0225443339039642,47.881529491537265,4.562263300245661,-17.868807950470657,17.37840442442594,No,53.46633712568689,SW
1987.5,1.3642845986111822,47.93007051096974,-1.3113761351317663,-17.868807950470657,17.37840442442594,No,47.98297897444916,SW
1987.5833333333335,0.4894818386618639,47.95489030689616,-5.94475132234659,-17.868807950470657,17.37840442442594,No,42.49962082321144,SW
1987.6666666666667,-0.8214656095022398,47.97971010282257,-3.996657844412674,-17.868807950470657,17.37840442442594,No,43.16158664890766,SW
1987.75,-0.8455473065006681,48.00452989874899,-3.4303193887463976,-17.868807950470657,17.37840442442594,No,43.728663203501924,SW
1987.8333333333335,-0.6743796398328383,48.02934969467541,-3.059230296746385,-17.868807950470657,17.37840442442594,No,44.29573975809619,SW
1987.9166666666667,-0.44987397184949973,48.05416949060183,-2.741479206061875,-17.868807950470657,17.37840442442594,No,44.862816312690455,SW
1988,-0.44085875986924533,48.07898928652824,-2.2082376593742694,-17.868807950470657,17.37840442442594,No,45.42989286728473,SW
1988.0833333333335,-0.5382106021814457,48.10380908245466,-1.5686290583942224,-17.868807950470657,17.37840442442594,No,45.996969421878994,SW
1988.1666666666667,-0.9448781100245571,48.12862887838108,-0.6197047918832652,-17.868807950470657,17.37840442442594,No,46.56404597647326,SW
1988.25,0.2209137177592306,48.15344867430749,-1.2432398609991964,-17.868807950470657,17.37840442442594,No,47.131122531067525,SW
1988.3333333333335,1.6179894469911482,48.17826847023391,-2.0980588315632644,-17.868807950470657,17.37840442442594,No,47.69819908566179,SW
1988.4166666666667,1.0225443339039642,48.20308826616033,-0.9603569598082373,-17.868807950470657,17.37840442442594,No,48.26527564025606,SW
1988.5,1.3642845986111822,48.22790806208675,-0.7598404658476099,-17.868807950470657,17.37840442442594,No,48.83235219485032,SW
1988.5833333333335,0.4894818386618639,48.25272785801316,0.6572190527695696,-17.868807950470657,17.37840442442594,No,49.399428749444596,SW
1988.6666666666667,-0.8214656095022398,48.27754765393958,2.5104232596015237,-17.868807950470657,17.37840442442594,No,49.96650530403886,SW
1988.75,-0.8455473065006681,48.338633857821215,3.0404953073125824,-17.868807950470657,17.37840442442594,No,50.53358185863313,SW
1988.8333333333335,-0.6743796398328383,48.39972006170285,3.3753179913573774,-17.868807950470657,17.37840442442594,No,51.10065841322739,SW
1988.9166666666667,-0.44987397184949973,48.46080626558449,4.958719650826254,-17.868807950470657,17.37840442442594,No,52.96965194456124,SW
1989,-0.44085875986924533,48.52189246946612,6.757611766298211,-17.868807950470657,17.37840442442594,No,54.838645475895085,SW
1989.0833333333335,-0.5382106021814457,48.58297867334775,8.662870936062625,-17.868807950470657,17.37840442442594,No,56.707639007228934,SW
1989.1666666666667,-0.9448781100245571,48.64406487722939,4.709298811541977,-17.868807950470657,17.37840442442594,No,52.40848557874681,SW
1989.25,0.2209137177592306,48.705151081111026,-0.8167326486055586,-17.868807950470657,17.37840442442594,No,48.1093321502647,SW
1989.3333333333335,1.6179894469911482,48.76623728499266,-6.574048010201231,-17.868807950470657,17.37840442442594,No,43.81017872178258,SW
1989.4166666666667,1.0225443339039642,48.8273234888743,-5.198845921527756,-17.868807950470657,17.37840442442594,No,44.65102190125051,SW
1989.5,1.3642845986111822,48.888409692755936,-4.76082921064868,-17.868807950470657,17.37840442442594,No,45.49186508071844,SW
1989.5833333333335,0.4894818386618639,48.949495896637565,-3.950414837112845,-17.868807950470657,17.37840442442594,No,45.488562898186586,SW
1989.6666666666667,-0.8214656095022398,49.0105821005192,-4.141506791965476,-17.868807950470657,17.37840442442594,No,44.047609699051485,SW
1989.75,-0.8455473065006681,49.07166830440084,-5.619464497983785,-17.868807950470657,17.37840442442594,No,42.60665649991638,SW
1989.8333333333335,-0.6743796398328383,49.132754508282474,-0.7632361508098597,-17.868807950470657,17.37840442442594,No,47.69513871763978,SW
1989.9166666666667,-0.44987397184949973,49.20979172647247,4.023703180740213,-17.868807950470657,17.37840442442594,No,52.78362093536318,SW
1990,-0.44085875986924533,49.28682894466247,1.6952523972988018,-17.868807950470657,17.37840442442594,No,50.541222582092026,SW
1990.0833333333335,-0.5382106021814457,49.36386616285246,4.1446706478097255,-17.868807950470657,17.37840442442594,No,52.97032620848074,SW
1990.1666666666667,-0.9448781100245571,49.44090338104245,-1.8024720974600186,-17.868807950470657,17.37840442442594,No,46.69355317355788,SW
1990.25,0.2209137177592306,49.517940599232446,1.9619181515701598,-17.868807950470657,17.37840442442594,No,51.70077246856184,SW
1990.3333333333335,1.6179894469911482,49.594977817422446,5.495024499152208,-17.868807950470657,17.37840442442594,No,56.7079917635658,SW
1990.4166666666667,1.0225443339039642,49.67201503561244,1.196961544544429,-17.868807950470657,17.37840442442594,No,51.891520914060834,SW
1990.5,1.3642845986111822,49.74905225380243,-4.038286787857757,-17.868807950470657,17.37840442442594,No,47.07505006455586,SW
1990.5833333333335,0.4894818386618639,49.82608947199243,-6.5071167612038465,-17.868807950470657,17.37840442442594,No,43.80845454945045,SW
1990.6666666666667,-0.8214656095022398,49.903126690182425,-2.1462918436060434,-17.868807950470657,17.37840442442594,No,46.93536923707414,SW
1990.75,-0.8455473065006681,49.98016390837242,-2.1865491077538124,-17.868807950470657,17.37840442442594,No,46.948067494117936,SW
1990.8333333333335,-0.6743796398328383,50.05720112656241,-2.4220557355678523,-17.868807950470657,17.37840442442594,No,46.96076575116172,SW
1990.9166666666667,-0.44987397184949973,50.13423834475241,-2.7109003646973946,-17.868807950470657,17.37840442442594,No,46.97346400820552,SW
1991,-0.44085875986924533,50.211275562942404,-2.7842545378238484,-17.868807950470657,17.37840442442594,No,46.98616226524931,SW
1991.0833333333335,-0.5382106021814457,50.235635874215966,-2.698564749741415,-17.868807950470657,17.37840442442594,No,46.99886052229311,SW
1991.1666666666667,-0.9448781100245571,50.25999618548952,-2.3035592961280713,-17.868807950470657,17.37840442442594,No,47.011558779336895,SW
1991.25,0.2209137177592306,50.28435649676308,-3.481013178141623,-17.868807950470657,17.37840442442594,No,47.02425703638069,SW
1991.3333333333335,1.6179894469911482,50.308716808036635,-4.889750961603298,-17.868807950470657,17.37840442442594,No,47.036955293424484,SW
1991.4166666666667,1.0225443339039642,50.3330771193102,-4.305967902745884,-17.868807950470657,17.37840442442594,No,47.04965355046828,SW
1991.5,1.3642845986111822,50.35743743058375,-4.65937022168287,-17.868807950470657,17.37840442442594,No,47.062351807512066,SW
1991.5833333333335,0.4894818386618639,50.38179774185731,-3.7962295159633186,-17.868807950470657,17.37840442442594,No,47.07505006455586,SW
1991.6666666666667,-0.8214656095022398,50.40615805313087,2.638834024208734,-17.868807950470657,17.37840442442594,No,52.22352646783737,SW
1991.75,-0.8455473065006681,50.43051836440443,2.7744482976829588,-17.868807950470657,17.37840442442594,No,52.359419355586716,SW
1991.8333333333335,-0.6743796398328383,50.45487867567799,2.7148132074909057,-17.868807950470657,17.37840442442594,No,52.49531224333606,SW
1991.9166666666667,-0.44987397184949973,50.47923898695154,2.6018401159833644,-17.868807950470657,17.37840442442594,No,52.63120513108541,SW
1992,-0.44085875986924533,50.503599298225105,2.7043574804788904,-17.868807950470657,17.37840442442594,No,52.76709801883475,SW
1992.0833333333335,-0.5382106021814457,50.52795960949866,2.913241899266886,-17.868807950470657,17.37840442442594,No,52.9029909065841,SW
1992.1666666666667,-0.9448781100245571,50.55231992077222,3.4314419835857777,-17.868807950470657,17.37840442442594,No,53.038883794333444,SW
1992.25,0.2209137177592306,50.5163440316732,2.437518932650363,-17.868807950470657,17.37840442442594,No,53.17477668208279,SW
1992.3333333333335,1.6179894469911482,50.48036814257418,1.2123119802668114,-17.868807950470657,17.37840442442594,No,53.310669569832136,SW
1992.4166666666667,1.0225443339039642,50.44439225347516,1.9796258702023621,-17.868807950470657,17.37840442442594,No,53.446562457581486,SW
1992.5,1.3642845986111822,50.408416364376144,1.809754382343499,-17.868807950470657,17.37840442442594,No,53.58245534533083,SW
1992.5833333333335,0.4894818386618639,50.372440475277124,2.856425919141188,-17.868807950470657,17.37840442442594,No,53.71834823308018,SW
1992.6666666666667,-0.8214656095022398,50.3364645861781,4.3392421441536655,-17.868807950470657,17.37840442442594,No,53.85424112082953,SW
1992.75,-0.8455473065006681,50.30048869707908,4.535192618000458,-17.868807950470657,17.37840442442594,No,53.99013400857887,SW
1992.8333333333335,-0.6743796398328383,50.26451280798006,4.535893728180994,-17.868807950470657,17.37840442442594,No,54.12602689632822,SW
1992.9166666666667,-0.44987397184949973,50.22853691888104,4.483256837046021,-17.868807950470657,17.37840442442594,No,54.26191978407756,SW
1993,-0.44085875986924533,50.19256102978202,4.646110401914136,-17.868807950470657,17.37840442442594,No,54.39781267182691,SW
1993.0833333333335,-0.5382106021814457,50.156585140683006,4.915331021074692,-17.868807950470657,17.37840442442594,No,54.533705559576255,SW
1993.1666666666667,-0.9448781100245571,50.120609251583986,5.493867305766173,-17.868807950470657,17.37840442442594,No,54.669598447325605,SW
1993.25,0.2209137177592306,50.084633362484965,4.499944254830751,-17.868807950470657,17.37840442442594,No,54.80549133507495,SW
1993.3333333333335,1.6179894469911482,50.048657473385944,3.274737302447207,-17.868807950470657,17.37840442442594,No,54.9413842228243,SW
1993.4166666666667,1.0225443339039642,50.003183356908984,4.05154941976069,-17.868807950470657,17.37840442442594,No,55.07727711057364,SW
1993.5,1.3642845986111822,49.957709240432024,3.8911761592797802,-17.868807950470657,17.37840442442594,No,55.21316999832299,SW
1993.5833333333335,0.4894818386618639,49.91223512395506,4.947345923455416,-17.868807950470657,17.37840442442594,No,55.34906288607234,SW
1993.6666666666667,-0.8214656095022398,49.8667610074781,6.4396603758458255,-17.868807950470657,17.37840442442594,No,55.48495577382168,SW
1993.75,-0.8455473065006681,49.82128689100114,6.645109077070565,-17.868807950470657,17.37840442442594,No,55.62084866157103,SW
1993.8333333333335,-0.6743796398328383,49.77581277452418,6.655308414629033,-17.868807950470657,17.37840442442594,No,55.756741549320374,SW
1993.9166666666667,-0.44987397184949973,49.730338658047216,6.612169750872006,-17.868807950470657,17.37840442442594,No,55.892634437069724,SW
1994,-0.44085875986924533,49.68486454157025,6.7845215431180605,-17.868807950470657,17.37840442442594,No,56.028527324819066,SW
1994.0833333333335,-0.5382106021814457,49.63939042509329,7.0632403896565705,-17.868807950470657,17.37840442442594,No,56.164420212568416,SW
1994.1666666666667,-0.9448781100245571,49.59391630861633,7.651274901725984,-17.868807950470657,17.37840442442594,No,56.30031310031776,SW
1994.25,0.2209137177592306,49.54844219213937,6.666850078168508,-17.868807950470657,17.37840442442594,No,56.43620598806711,SW
1994.3333333333335,1.6179894469911482,49.5029680756624,5.451141353162903,-17.868807950470657,17.37840442442594,No,56.57209887581645,SW
1994.4166666666667,1.0225443339039642,49.45749395918544,6.227953470476393,-17.868807950470657,17.37840442442594,No,56.7079917635658,SW
1994.5,1.3642845986111822,49.41201984270848,3.7257427171956508,-17.868807950470657,17.37840442442594,No,54.50204715851532,SW
1994.5833333333335,0.4894818386618639,49.36844111730143,2.438179597501531,-17.868807950470657,17.37840442442594,No,52.29610255346483,SW
1994.6666666666667,-0.8214656095022398,49.324862391894385,1.5867611660221996,-17.868807950470657,17.37840442442594,No,50.090157948414344,SW
1994.75,-0.8455473065006681,49.28128366648734,-0.5515230166228164,-17.868807950470657,17.37840442442594,No,47.884213343363854,SW
1994.8333333333335,-0.6743796398328383,49.23770494108029,-2.885056562934089,-17.868807950470657,17.37840442442594,No,45.67826873831336,SW
1994.9166666666667,-0.44987397184949973,49.194126215673236,-5.271928110560857,-17.868807950470657,17.37840442442594,No,43.47232413326288,SW
1995,-0.44085875986924533,49.15054749026619,-9.277613336832168,-17.868807950470657,17.37840442442594,No,39.43207539356478,SW
1995.0833333333335,-0.5382106021814457,49.10696876485915,-13.176931508811023,-17.868807950470657,17.37840442442594,No,35.39182665386668,SW
1995.1666666666667,-0.9448781100245571,49.063390039452095,-10.832451392523168,-17.868807950470657,17.37840442442594,No,37.28606053690437,SW
1995.25,0.2209137177592306,49.01981131404504,-10.060430611862209,-17.868807950470657,17.37840442442594,No,39.180294419942065,SW
1995.3333333333335,1.6179894469911482,48.976232588638,-7.98443177844694,-17.868807950470657,17.37840442442594,No,42.609790257182205,SW
1995.4166666666667,1.0225443339039642,48.932653863230954,-3.915912102712568,-17.868807950470657,17.37840442442594,No,46.03928609442235,SW
1995.5,1.3642845986111822,48.8890751378239,-0.7845778047725958,-17.868807950470657,17.37840442442594,No,49.46878193166249,SW
1995.5833333333335,0.4894818386618639,48.84549641241685,-2.7217696465304044,-17.868807950470657,17.37840442442594,No,46.61320860454831,SW
1995.6666666666667,-0.8214656095022398,48.801917687009805,-5.294085445418801,-17.868807950470657,17.37840442442594,No,42.68636663208876,SW
1995.75,-0.8455473065006681,48.728930716618535,-9.123858750488651,-17.868807950470657,17.37840442442594,No,38.759524659629214,SW
1995.8333333333335,-0.6743796398328383,48.655943746227265,3.532384872295225,-17.868807950470657,17.37840442442594,No,51.513948978689655,SW
1995.9166666666667,-0.44987397184949973,48.58295677583599,1.5006283035808252,-17.868807950470657,17.37840442442594,No,49.633711107567315,SW
1996,-0.44085875986924533,48.50996980544472,-9.30970937080685,-17.868807950470657,17.37840442442594,No,38.759401674768625,SW
1996.0833333333335,-0.5382106021814457,48.43698283505345,-9.812885562283782,-17.868807950470657,17.37840442442594,No,38.08588667058822,SW
1996.1666666666667,-0.9448781100245571,48.36399586466218,-10.006746088229804,-17.868807950470657,17.37840442442594,No,37.41237166640782,SW
1996.25,0.2209137177592306,48.2910088942709,-11.77306594980272,-17.868807950470657,17.37840442442594,No,36.73885666222741,SW
1996.3333333333335,1.6179894469911482,48.21802192387963,-13.770669712823768,-17.868807950470657,17.37840442442594,No,36.06534165804701,SW
1996.4166666666667,1.0225443339039642,48.14503495348836,-13.77575263352572,-17.868807950470657,17.37840442442594,No,35.39182665386661,SW
1996.5,1.3642845986111822,48.07204798309709,-5.238963807179296,-17.868807950470657,17.37840442442594,No,44.19736877452898,SW
1996.5833333333335,0.4894818386618639,47.99906101270582,-3.986101622531244,-17.868807950470657,17.37840442442594,No,44.502441228836446,SW
1996.6666666666667,-0.8214656095022398,47.926074042314546,-2.297094749668389,-17.868807950470657,17.37840442442594,No,44.80751368314392,SW
1996.75,-0.8455473065006681,47.85308707192328,-1.8949536279712262,-17.868807950470657,17.37840442442594,No,45.11258613745138,SW
1996.8333333333335,-0.6743796398328383,47.78010010153201,-1.68806186994032,-17.868807950470657,17.37840442442594,No,45.41765859175885,SW
1996.9166666666667,-0.44987397184949973,47.72052629852819,-1.5479212806123783,-17.868807950470657,17.37840442442594,No,45.722731046066315,SW
1997,-0.44085875986924533,47.66095249552437,-1.192290235281341,-17.868807950470657,17.37840442442594,No,46.027803500373786,SW
1997.0833333333335,-0.5382106021814457,47.601378692520555,-0.7302921356578622,-17.868807950470657,17.37840442442594,No,46.33287595468125,SW
1997.1666666666667,-0.9448781100245571,47.54180488951674,-3.6304021615128974,-17.868807950470657,17.37840442442594,No,42.96652461797929,SW
1997.25,0.2209137177592306,47.48223108651292,-6.058760230431346,-17.868807950470657,17.37840442442594,No,41.6443845738408,SW
1997.3333333333335,1.6179894469911482,47.4226572835091,-2.427438125951923,-17.868807950470657,17.37840442442594,No,46.613208604548326,SW
1997.4166666666667,1.0225443339039642,47.36308348050528,-0.4901196853130898,-17.868807950470657,17.37840442442594,No,47.89550812909616,SW
1997.5,1.3642845986111822,47.30350967750147,-1.7327916473578426,-17.868807950470657,17.37840442442594,No,46.93500262875481,SW
1997.5833333333335,0.4894818386618639,47.24393587449765,-5.728017077977853,-17.868807950470657,17.37840442442594,No,42.005400635181665,SW
1997.6666666666667,-0.8214656095022398,47.18436207149383,-9.287097820383067,-17.868807950470657,17.37840442442594,No,37.07579864160852,SW
1997.75,-0.8455473065006681,47.124788268490015,-0.787727178941644,-17.868807950470657,17.37840442442594,No,45.4915137830477,SW
1997.8333333333335,-0.6743796398328383,47.0652144654862,-0.50343697222862,-17.868807950470657,17.37840442442594,No,45.887397853424744,SW
1997.9166666666667,-0.44987397184949973,47.00564066248238,-0.27248476683109857,-17.868807950470657,17.37840442442594,No,46.28328192380178,SW
1998,-0.44085875986924533,46.94606685947856,0.17395789456949728,-17.868807950470657,17.37840442442594,No,46.67916599417882,SW
1998.0833333333335,-0.5382106021814457,46.95985602453151,0.6534046422057926,-17.868807950470657,17.37840442442594,No,47.07505006455586,SW
1998.1666666666667,-0.9448781100245571,46.97364518958445,2.558900656927534,-17.868807950470657,17.37840442442594,No,48.58766773648743,SW
1998.25,0.2209137177592306,46.9874343546374,2.772106547780197,-17.868807950470657,17.37840442442594,No,49.98045462017683,SW
1998.3333333333335,1.6179894469911482,47.00122351969035,1.2102298877119964,-17.868807950470657,17.37840442442594,No,49.82944285439349,SW
1998.4166666666667,1.0225443339039642,47.01501268474329,1.640874069962905,-17.868807950470657,17.37840442442594,No,49.67843108861016,SW
1998.5,1.3642845986111822,47.02880184979624,1.1343328744193997,-17.868807950470657,17.37840442442594,No,49.52741932282682,SW
1998.5833333333335,0.4894818386618639,47.04259101484918,1.8443347035324464,-17.868807950470657,17.37840442442594,No,49.37640755704349,SW
1998.6666666666667,-0.8214656095022398,47.05638017990213,2.990481220860268,-17.868807950470657,17.37840442442594,No,49.225395791260155,SW
1998.75,-0.8455473065006681,47.070169344955076,2.8497619870224185,-17.868807950470657,17.37840442442594,No,49.074384025476824,SW
1998.8333333333335,-0.6743796398328383,47.08395851000802,2.5137933895183053,-17.868807950470657,17.37840442442594,No,48.92337225969349,SW
1998.9166666666667,-0.44987397184949973,47.097747675060965,2.1244867906986897,-17.868807950470657,17.37840442442594,No,48.772360493910156,SW
1999,-0.44085875986924533,47.111536840113914,1.9506706478821485,-17.868807950470657,17.37840442442594,No,48.62134872812682,SW
1999.0833333333335,-0.5382106021814457,47.125326005166855,1.883221559358077,-17.868807950470657,17.37840442442594,No,48.47033696234349,SW
1999.1666666666667,-0.9448781100245571,47.1391151702198,2.1250881363649015,-17.868807950470657,17.37840442442594,No,48.31932519656015,SW
1999.25,0.2209137177592306,47.20152740149887,0.7458723115187169,-17.868807950470657,17.37840442442594,No,48.16831343077682,SW
1999.3333333333335,1.6179894469911482,47.26393963277794,-0.8646274147756046,-17.868807950470657,17.37840442442594,No,48.01730166499348,SW
1999.4166666666667,1.0225443339039642,47.32635186405701,1.9109641877538692,-17.868807950470657,17.37840442442594,No,50.259860385714845,SW
1999.5,1.3642845986111822,47.38876409533608,3.7493704124889433,-17.868807950470657,17.37840442442594,No,52.50241910643621,SW
1999.5833333333335,0.4894818386618639,47.45117632661515,6.804319661880555,-17.868807950470657,17.37840442442594,No,54.74497782715757,SW
1999.6666666666667,-0.8214656095022398,47.51358855789422,-2.3208768845718595,-17.868807950470657,17.37840442442594,No,44.37124606382012,SW
1999.75,-0.8455473065006681,47.576000789173285,-2.0927549740803855,-17.868807950470657,17.37840442442594,No,44.63769850859223,SW
1999.8333333333335,-0.6743796398328383,47.638413020452354,-2.0598824272551752,-17.868807950470657,17.37840442442594,No,44.90415095336434,SW
1999.9166666666667,-0.44987397184949973,47.70082525173142,-2.0803478817454604,-17.868807950470657,17.37840442442594,No,45.170603398136464,SW
2000,-0.44085875986924533,47.76323748301049,-1.8853228802326711,-17.868807950470657,17.37840442442594,No,45.43705584290858,SW
2000.0833333333335,-0.5382106021814457,47.82564971428956,-1.5839308244274264,-17.868807950470657,17.37840442442594,No,45.70350828768069,SW
2000.1666666666667,-0.9448781100245571,47.88806194556863,-0.9732231030912715,-17.868807950470657,17.37840442442594,No,45.969960732452805,SW
2000.25,0.2209137177592306,47.9504741768477,4.28844011008178,-17.868807950470657,17.37840442442594,No,52.45982800468871,SW
2000.3333333333335,1.6179894469911482,48.01288640812677,9.318819421806701,-17.868807950470657,17.37840442442594,No,58.949695276924615,SW
2000.4166666666667,1.0225443339039642,48.053199698067104,-2.4628503030866824,-17.868807950470657,17.37840442442594,No,46.61289372888439,SW
2000.5,1.3642845986111822,48.09351298800743,2.765728881218749,-17.868807950470657,17.37840442442594,No,52.22352646783737,SW
2000.5833333333335,0.4894818386618639,48.13382627794777,-11.547509475001114,-17.868807950470657,17.37840442442594,No,37.07579864160852,SW
2000.6666666666667,-0.8214656095022398,48.1741395678881,-9.111665483990492,-17.868807950470657,17.37840442442594,No,38.241008474395365,SW
2000.75,-0.8455473065006681,48.214452857828434,-7.962687244145556,-17.868807950470657,17.37840442442594,No,39.40621830718221,SW
2000.8333333333335,-0.6743796398328383,48.25476614776876,-7.008958367966876,-17.868807950470657,17.37840442442594,No,40.57142813996905,SW
2000.9166666666667,-0.44987397184949973,48.2950794377091,-6.108567493103706,-17.868807950470657,17.37840442442594,No,41.736637972755894,SW
2001,-0.44085875986924533,48.335392727649435,-4.9926861622374545,-17.868807950470657,17.37840442442594,No,42.90184780554274,SW
2001.0833333333335,-0.5382106021814457,48.37570601758976,-3.7704377770787403,-17.868807950470657,17.37840442442594,No,44.06705763832958,SW
2001.1666666666667,-0.9448781100245571,48.4160193075301,-2.23887372638913,-17.868807950470657,17.37840442442594,No,45.232267471116415,SW
2001.25,0.2209137177592306,48.45633259747043,-2.279769011326401,-17.868807950470657,17.37840442442594,No,46.39747730390326,SW
2001.3333333333335,1.6179894469911482,48.496645887410764,-2.551948197711809,-17.868807950470657,17.37840442442594,No,47.5626871366901,SW
2001.4166666666667,1.0225443339039642,48.53695917735109,-0.8316065417781147,-17.868807950470657,17.37840442442594,No,48.727896969476944,SW
2001.5,1.3642845986111822,48.57727246729143,-0.048450263638827096,-17.868807950470657,17.37840442442594,No,49.89310680226379,SW
2001.5833333333335,0.4894818386618639,48.584983849520675,1.9838509468680883,-17.868807950470657,17.37840442442594,No,51.05831663505063,SW
2001.6666666666667,-0.8214656095022398,48.59269523174992,4.452296845589792,-17.868807950470657,17.37840442442594,No,52.22352646783747,SW
2001.75,-0.8455473065006681,48.60040661397917,3.426672754694387,-17.868807950470657,17.37840442442594,No,51.181532062172884,SW
2001.8333333333335,-0.6743796398328383,48.608117996208414,2.2057993001327176,-17.868807950470657,17.37840442442594,No,50.139537656508296,SW
2001.9166666666667,-0.44987397184949973,48.61582937843766,0.9315878442555459,-17.868807950470657,17.37840442442594,No,49.09754325084371,SW
2002,-0.44085875986924533,48.623540760666906,-0.12713315561854444,-17.868807950470657,17.37840442442594,No,48.05554884517912,SW
2002.0833333333335,-0.5382106021814457,48.63125214289615,2.207045472050922,-17.868807950470657,17.37840442442594,No,50.30008701276563,SW
2002.1666666666667,-0.9448781100245571,48.6389635251254,-0.5201810182536519,-17.868807950470657,17.37840442442594,No,47.17390439684719,SW
2002.25,0.2209137177592306,48.646674907354644,-0.9642672832327364,-17.868807950470657,17.37840442442594,No,47.90332134188114,SW
2002.3333333333335,1.6179894469911482,48.65438628958389,-1.6396374496599435,-17.868807950470657,17.37840442442594,No,48.63273828691509,SW
2002.4166666666667,1.0225443339039642,48.662097671813136,-0.32248677376805546,-17.868807950470657,17.37840442442594,No,49.362155231949046,SW
2002.5,1.3642845986111822,48.66980905404238,0.057478524329425795,-17.868807950470657,17.37840442442594,No,50.09157217698299,SW
2002.5833333333335,0.4894818386618639,48.67752043627163,1.653986847083452,-17.868807950470657,17.37840442442594,No,50.82098912201695,SW
2002.6666666666667,-0.8214656095022398,48.685231818500874,3.68663985805226,-17.868807950470657,17.37840442442594,No,51.55040606705089,SW
2002.75,-0.8455473065006681,48.67379355809458,3.273744292413241,-17.868807950470657,17.37840442442594,No,51.10199054400715,SW
2002.8333333333335,-0.6743796398328383,48.66235529768828,3.238409049307542,-17.868807950470657,17.37840442442594,No,51.226384707162985,SW
2002.9166666666667,-0.44987397184949973,48.650917037281985,3.1497358048863333,-17.868807950470657,17.37840442442594,No,51.35077887031882,SW
2003,-0.44085875986924533,48.639478776875684,3.2765530164682133,-17.868807950470657,17.37840442442594,No,51.475173033474654,SW
2003.0833333333335,-0.5382106021814457,48.62804051646939,3.5097372823425417,-17.868807950470657,17.37840442442594,No,51.59956719663049,SW
2003.1666666666667,-0.9448781100245571,48.61660225606309,4.052237213747787,-17.868807950470657,17.37840442442594,No,51.72396135978632,SW
2003.25,0.2209137177592306,48.605163995656795,3.0222778095261305,-17.868807950470657,17.37840442442594,No,51.84835552294216,SW
2003.3333333333335,1.6179894469911482,48.5937257352505,1.7610345038563437,-17.868807950470657,17.37840442442594,No,51.97274968609799,SW
2003.4166666666667,1.0225443339039642,48.5822874748442,2.4923120405056594,-17.868807950470657,17.37840442442594,No,52.097143849253825,SW
2003.5,1.3642845986111822,48.57084921443791,2.286404199360568,-17.868807950470657,17.37840442442594,No,52.22153801240966,SW
2003.5833333333335,0.4894818386618639,48.559410954031605,-2.4953543332827977,-17.868807950470657,17.37840442442594,No,46.553538459410674,SW
2003.6666666666667,-0.8214656095022398,48.54797269362531,3.0529368496032205,-17.868807950470657,17.37840442442594,No,50.77944393372629,SW
2003.75,-0.8455473065006681,48.53653443321901,3.3420269585407496,-17.868807950470657,17.37840442442594,No,51.03301408525909,SW
2003.8333333333335,-0.6743796398328383,48.52509617281272,3.435867703812008,-17.868807950470657,17.37840442442594,No,51.28658423679189,SW
2003.9166666666667,-0.44987397184949973,48.50065948601892,3.489368874155268,-17.868807950470657,17.37840442442594,No,51.54015438832469,SW
2004,-0.44085875986924533,48.47622279922512,3.7583605005016096,-17.868807950470657,17.37840442442594,No,51.793724539857486,SW
2004.0833333333335,-0.5382106021814457,48.45178611243132,4.133719181140407,-17.868807950470657,17.37840442442594,No,52.047294691390285,SW
2004.1666666666667,-0.9448781100245571,48.42734942563752,4.818393527310114,-17.868807950470657,17.37840442442594,No,52.30086484292308,SW
2004.25,0.2209137177592306,48.402912738843725,3.930608537852926,-17.868807950470657,17.37840442442594,No,52.55443499445588,SW
2004.3333333333335,1.6179894469911482,48.378476052049926,2.811539646947608,-17.868807950470657,17.37840442442594,No,52.80800514598868,SW
2004.4166666666667,1.0225443339039642,48.35403936525613,3.6849915983613855,-17.868807950470657,17.37840442442594,No,53.06157529752148,SW
2004.5,1.3642845986111822,48.32960267846232,0.7395261355492053,-17.868807950470657,17.37840442442594,No,50.43341341262271,SW
2004.5833333333335,0.4894818386618639,48.305165991668524,-0.9893963026064512,-17.868807950470657,17.37840442442594,No,47.80525152772394,SW
2004.6666666666667,-0.8214656095022398,48.280729304874725,-1.9658829474776454,-17.868807950470657,17.37840442442594,No,45.49338074789484,SW
2004.75,-0.8455473065006681,48.25629261808093,-1.9173645636854317,-17.868807950470657,17.37840442442594,No,45.493380747894825,SW
2004.8333333333335,-0.6743796398328383,48.23185593128713,-2.064095543559482,-17.868807950470657,17.37840442442594,No,45.49338074789481,SW
2004.9166666666667,-0.44987397184949973,48.20741924449333,-2.2641645247490345,-17.868807950470657,17.37840442442594,No,45.4933807478948,SW
2005,-0.44085875986924533,48.18298255769953,-2.2487430499355128,-17.868807950470657,17.37840442442594,No,45.493380747894776,SW
2005.0833333333335,-0.5382106021814457,48.14333075369644,-2.111739403620234,-17.868807950470657,17.37840442442594,No,45.49338074789476,SW
2005.1666666666667,-0.9448781100245571,48.103678949693354,-1.6654200917740525,-17.868807950470657,17.37840442442594,No,45.49338074789475,SW
2005.25,0.2209137177592306,48.06402714569026,-2.791560115554759,-17.868807950470657,17.37840442442594,No,45.49338074789473,SW
2005.3333333333335,1.6179894469911482,48.02437534168717,-4.148984040783596,-17.868807950470657,17.37840442442594,No,45.49338074789472,SW
2005.4166666666667,1.0225443339039642,47.98472353768408,-4.1467499217463555,-17.868807950470657,17.37840442442594,No,44.86051794984169,SW
2005.5,1.3642845986111822,47.94507173368099,-1.7996315536182124,-17.868807950470657,17.37840442442594,No,47.50972477867396,SW
2005.5833333333335,0.4894818386618639,47.905419929677905,-3.1835863788959315,-17.868807950470657,17.37840442442594,No,45.21131538944384,SW
2005.6666666666667,-0.8214656095022398,47.86576812567481,3.3549251819925487,-17.868807950470657,17.37840442442594,No,50.39922769816512,SW
2005.75,-0.8455473065006681,47.82611632167172,8.606570991715351,-17.868807950470657,17.37840442442594,No,55.5871400068864,SW
2005.8333333333335,-0.6743796398328383,47.786464517668634,10.15633276406971,-17.868807950470657,17.37840442442594,No,57.26841764190551,SW
2005.9166666666667,-0.44987397184949973,47.74681271366554,5.0636551489937105,-17.868807950470657,17.37840442442594,No,52.36059389080975,SW
2006,-0.44085875986924533,47.70716090966245,0.18646798992078573,-17.868807950470657,17.37840442442594,No,47.45277013971399,SW
2006.0833333333335,-0.5382106021814457,47.66750910565936,-4.5843521148596835,-17.868807950470657,17.37840442442594,No,42.544946388618236,SW
2006.1666666666667,-0.9448781100245571,47.62785730165627,-9.045856554109236,-17.868807950470657,17.37840442442594,No,37.63712263752248,SW
2006.25,0.2209137177592306,47.58108124554082,0.49141399392348006,-17.868807950470657,17.37840442442594,No,48.293408957223534,SW
2006.3333333333335,1.6179894469911482,47.534305189425375,9.797400640508073,-17.868807950470657,17.37840442442594,No,58.949695276924594,SW
2006.4166666666667,1.0225443339039642,47.48752913330993,-2.100530433919566,-17.868807950470657,17.37840442442594,No,46.40954303329433,SW
2006.5,1.3642845986111822,47.44075307719448,-0.509891387270315,-17.868807950470657,17.37840442442594,No,48.29514628853535,SW
2006.5833333333335,0.4894818386618639,47.39397702107903,4.340067608096469,-17.868807950470657,17.37840442442594,No,52.22352646783737,SW
2006.6666666666667,-0.8214656095022398,47.347200964963584,-1.8769667766902032,-17.868807950470657,17.37840442442594,No,44.64876857877114,SW
2006.75,-0.8455473065006681,47.300424908848136,1.0002514592437066,-17.868807950470657,17.37840442442594,No,47.45512906159117,SW
2006.8333333333335,-0.6743796398328383,47.25364885273269,-11.187442559033244,-17.868807950470657,17.37840442442594,No,35.39182665386661,SW
2006.9166666666667,-0.44987397184949973,47.20687279661724,-11.36517217090109,-17.868807950470657,17.37840442442594,No,35.39182665386665,SW
2007,-0.44085875986924533,47.16009674050179,-11.32741132676587,-17.868807950470657,17.37840442442594,No,35.39182665386668,SW
2007.0833333333335,-0.5382106021814457,47.113320684386345,-7.537184930331755,-17.868807950470657,17.37840442442594,No,39.03792515187315,SW
2007.1666666666667,-0.9448781100245571,47.0665446282709,-3.437642868366723,-17.868807950470657,17.37840442442594,No,42.68402364987962,SW
2007.25,0.2209137177592306,47.01976857215545,-0.9105601420285936,-17.868807950470657,17.37840442442594,No,46.33012214788609,SW
2007.3333333333335,1.6179894469911482,46.97299251604,1.3852386828614058,-17.868807950470657,17.37840442442594,No,49.97622064589255,SW
2007.4166666666667,1.0225443339039642,46.95952956876192,5.6402452412331385,-17.868807950470657,17.37840442442594,No,53.62231914389903,SW
2007.5,1.3642845986111822,46.946066621483844,8.958066421810464,-17.868807950470657,17.37840442442594,No,57.268417641905494,SW
2007.5833333333335,0.4894818386618639,46.932603674205765,2.5541351330249,-17.868807950470657,17.37840442442594,No,49.97622064589253,SW
2007.6666666666667,-0.8214656095022398,46.91914072692768,-3.4136514675458685,-17.868807950470657,17.37840442442594,No,42.68402364987957,SW
2007.75,-0.8455473065006681,46.9056777796496,-10.668303819282322,-17.868807950470657,17.37840442442594,No,35.39182665386661,SW
2007.8333333333335,-0.6743796398328383,46.89221483237152,-9.142036550930172,-17.868807950470657,17.37840442442594,No,37.075798641608515,SW
2007.9166666666667,-0.44987397184949973,46.87875188509344,-2.490248641718736,-17.868807950470657,17.37840442442594,No,43.93862927152521,SW
2008,-0.44085875986924533,46.865288937815365,-3.457428332264058,-17.868807950470657,17.37840442442594,No,42.96700184568206,SW
2008.0833333333335,-0.5382106021814457,46.851825990537286,0.40159694249187794,-17.868807950470657,17.37840442442594,No,46.71521233084772,SW
2008.1666666666667,-0.9448781100245571,46.83836304325921,0.21081160613656635,-17.868807950470657,17.37840442442594,No,46.10429653937122,SW
2008.25,0.2209137177592306,46.82490009598112,-1.5524330658456336,-17.868807950470657,17.37840442442594,No,45.49338074789472,SW
2008.3333333333335,1.6179894469911482,46.81143714870304,-2.823069468037957,-17.868807950470657,17.37840442442594,No,45.60635712765623,SW
2008.4166666666667,1.0225443339039642,46.797974201424964,-2.1011850279111925,-17.868807950470657,17.37840442442594,No,45.71933350741774,SW
2008.5,1.3642845986111822,46.784511254146885,-2.3164859655788206,-17.868807950470657,17.37840442442594,No,45.83230988717925,SW
2008.5833333333335,0.4894818386618639,46.80084943686516,-1.3450450085862613,-17.868807950470657,17.37840442442594,No,45.94528626694076,SW
2008.6666666666667,-0.8214656095022398,46.81718761958343,0.06254063662107967,-17.868807950470657,17.37840442442594,No,46.05826264670227,SW
2008.75,-0.8455473065006681,46.8335258023017,0.18326053066274994,-17.868807950470657,17.37840442442594,No,46.17123902646378,SW
2008.8333333333335,-0.6743796398328383,46.849863985019965,0.10873106103815644,-17.868807950470657,17.37840442442594,No,46.284215406225286,SW
2008.9166666666667,-0.44987397184949973,46.86620216773824,-0.019136409901939544,-17.868807950470657,17.37840442442594,No,46.3971917859868,SW
2009,-0.44085875986924533,46.88254035045651,0.06848657516104595,-17.868807950470657,17.37840442442594,No,46.51016816574831,SW
2009.0833333333335,-0.5382106021814457,46.89887853317478,0.26247661451647986,-17.868807950470657,17.37840442442594,No,46.62314454550982,SW
2009.1666666666667,-0.9448781100245571,46.91521671589305,0.765782319402831,-17.868807950470657,17.37840442442594,No,46.73612092527133,SW
2009.25,0.2209137177592306,46.931554898611324,-0.3033713113377132,-17.868807950470657,17.37840442442594,No,46.84909730503284,SW
2009.3333333333335,1.6179894469911482,46.947893081329596,-1.6038088435263944,-17.868807950470657,17.37840442442594,No,46.96207368479435,SW
2009.4166666666667,1.0225443339039642,46.96423126404786,-0.9117255333959662,-17.868807950470657,17.37840442442594,No,47.07505006455586,SW
2009.5,1.3642845986111822,46.98056944676613,10.60484123154729,-17.868807950470657,17.37840442442594,No,58.94969527692461,SW
2009.5833333333335,0.4894818386618639,46.996907629484404,7.321742468532555,-17.868807950470657,17.37840442442594,No,54.808131936678826,SW
2009.6666666666667,-0.8214656095022398,47.013245812202676,4.4747883937326165,-17.868807950470657,17.37840442442594,No,50.66656859643305,SW
2009.75,-0.8455473065006681,47.02280598619135,0.3477465764965899,-17.868807950470657,17.37840442442594,No,46.52500525618727,SW
2009.8333333333335,-0.6743796398328383,47.032366160180025,5.865291389379813,-17.868807950470657,17.37840442442594,No,52.223277909727,SW
2009.9166666666667,-0.44987397184949973,47.0419263341687,1.7045907983356159,-17.868807950470657,17.37840442442594,No,48.29664316065482,SW
2010,-0.44085875986924533,47.051486508157375,-2.2406193367054925,-17.868807950470657,17.37840442442594,No,44.37000841158264,SW
2010.0833333333335,-0.5382106021814457,47.06104668214605,-6.0794624174541525,-17.868807950470657,17.37840442442594,No,40.44337366251045,SW
2010.1666666666667,-0.9448781100245571,47.070606856134724,-5.121154072546297,-17.868807950470657,17.37840442442594,No,41.00457467356387,SW
2010.25,0.2209137177592306,47.080167030123405,0.23863883511035056,-17.868807950470657,17.37840442442594,No,47.53971958299299,SW
2010.3333333333335,1.6179894469911482,47.08972720411208,-4.0581783754354674,-17.868807950470657,17.37840442442594,No,44.64953827566776,SW
2010.4166666666667,1.0225443339039642,47.099287378100755,-3.0503722002233644,-17.868807950470657,17.37840442442594,No,45.071459511781356,SW
2010.5,1.3642845986111822,47.10884755208943,-2.979751402805654,-17.868807950470657,17.37840442442594,No,45.49338074789496,SW
2010.5833333333335,0.4894818386618639,47.118407726078104,-7.165285863859147,-17.868807950470657,17.37840442442594,No,40.442603700880824,SW
2010.6666666666667,-0.8214656095022398,47.12796790006678,-10.914675636697858,-17.868807950470657,17.37840442442594,No,35.39182665386668,SW
2010.75,-0.8455473065006681,47.13752807405545,-7.589907480659498,-17.868807950470657,17.37840442442594,No,38.702073286895285,SW
2010.8333333333335,-0.6743796398328383,47.14708824804413,-4.460388688287409,-17.868807950470657,17.37840442442594,No,42.01231991992388,SW
2010.9166666666667,-0.44987397184949973,47.14462576506044,-1.3721852402584602,-17.868807950470657,17.37840442442594,No,45.32256655295248,SW
2011,-0.44085875986924533,47.14216328207675,1.9315086637735774,-17.868807950470657,17.37840442442594,No,48.632813185981085,SW
2011.0833333333335,-0.5382106021814457,47.13970079909306,-4.474962637162669,-17.868807950470657,17.37840442442594,No,42.12652755974895,SW
2011.1666666666667,-0.9448781100245571,47.137238316109375,-1.0367939485391986,-17.868807950470657,17.37840442442594,No,45.15556625754562,SW
2011.25,0.2209137177592306,47.13477583312569,1.2084692447770848,-17.868807950470657,17.37840442442594,No,48.564158795662,SW
2011.3333333333335,1.6179894469911482,47.132313350142,3.3253466041410604,-17.868807950470657,17.37840442442594,No,52.075649401274205,SW
2011.4166666666667,1.0225443339039642,47.12985086715831,7.434744805824124,-17.868807950470657,17.37840442442594,No,55.5871400068864,SW
2011.5,1.3642845986111822,47.127388384174616,5.225160570435975,-17.868807950470657,17.37840442442594,No,53.716833553221775,SW
2011.5833333333335,0.4894818386618639,47.12492590119093,4.232119359704356,-17.868807950470657,17.37840442442594,No,51.84652709955715,SW
2011.6666666666667,-0.8214656095022398,47.12246341820724,3.675222837187526,-17.868807950470657,17.37840442442594,No,49.976220645892525,SW
2011.75,-0.8455473065006681,47.12000093522355,1.3197160431045774,-17.868807950470657,17.37840442442594,No,47.59416967182746,SW
2011.8333333333335,-0.6743796398328383,47.11753845223986,1.8829349185480169,-17.868807950470657,17.37840442442594,No,48.326093730955044,SW
2011.9166666666667,-0.44987397184949973,47.115075969256175,2.392815792675961,-17.868807950470657,17.37840442442594,No,49.05801779008264,SW
2012,-0.44085875986924533,47.11261348627249,3.1181871228069795,-17.868807950470657,17.37840442442594,No,49.78994184921022,SW
2012.0833333333335,-0.5382106021814457,47.09696197436534,3.963114536153917,-17.868807950470657,17.37840442442594,No,50.521865908337816,SW
2012.1666666666667,-0.9448781100245571,47.081310462458205,5.11735761503175,-17.868807950470657,17.37840442442594,No,51.2537899674654,SW
2012.25,0.2209137177592306,47.06565895055106,4.699141358282695,-17.868807950470657,17.37840442442594,No,51.98571402659299,SW
2012.3333333333335,1.6179894469911482,47.050007438643924,4.04964120008551,-17.868807950470657,17.37840442442594,No,52.71763808572058,SW
2012.4166666666667,1.0225443339039642,47.03435592673678,5.3926618842074205,-17.868807950470657,17.37840442442594,No,53.449562144848166,SW
2012.5,1.3642845986111822,47.01870441482964,5.798497190534931,-17.868807950470657,17.37840442442594,No,54.18148620397576,SW
2012.5833333333335,0.4894818386618639,47.0030529029225,7.42087552151898,-17.868807950470657,17.37840442442594,No,54.913410263103344,SW
2012.6666666666667,-0.8214656095022398,46.987401391015354,2.9715627181687267,-17.868807950470657,17.37840442442594,No,49.13749849968184,SW
2012.75,-0.8455473065006681,46.971749879108216,3.9928684519471176,-17.868807950470657,17.37840442442594,No,50.119071024554664,SW
2012.8333333333335,-0.6743796398328383,46.95609836720107,5.941807740469351,-17.868807950470657,17.37840442442594,No,52.22352646783759,SW
2012.9166666666667,-0.44987397184949973,46.940446855293935,4.590806548696975,-17.868807950470657,17.37840442442594,No,51.08137943214141,SW
2013,-0.44085875986924533,46.92479534338679,3.4552958129276874,-17.868807950470657,17.37840442442594,No,49.939232396445234,SW
2013.0833333333335,-0.5382106021814457,46.90914383147965,2.4261521314508485,-17.868807950470657,17.37840442442594,No,48.79708536074906,SW
2013.1666666666667,-0.9448781100245571,46.89349231957251,1.706324115504927,-17.868807950470657,17.37840442442594,No,47.65493832505288,SW
2013.25,0.2209137177592306,46.85721280279305,-0.5653352311955686,-17.868807950470657,17.37840442442594,No,46.51279128935671,SW
2013.3333333333335,1.6179894469911482,46.82093328601359,-3.068278479344201,-17.868807950470657,17.37840442442594,No,45.37064425366054,SW
2013.4166666666667,1.0225443339039642,46.78465376923413,-3.5787008851737383,-17.868807950470657,17.37840442442594,No,44.22849721796436,SW
2013.5,1.3642845986111822,46.74837425245467,-5.026308668797668,-17.868807950470657,17.37840442442594,No,43.086350182268184,SW
2013.5833333333335,0.4894818386618639,46.71209473567521,-11.809749920470423,-17.868807950470657,17.37840442442594,No,35.39182665386665,SW
2013.6666666666667,-0.8214656095022398,46.67581521889575,-7.515664215624042,-17.868807950470657,17.37840442442594,No,38.33868539376947,SW
2013.75,-0.8455473065006681,46.63953570211629,3.9814280140385847,-17.868807950470657,17.37840442442594,No,49.775416409654206,SW
2013.8333333333335,-0.6743796398328383,46.60325618533683,1.7917413276091239,-17.868807950470657,17.37840442442594,No,47.72061787311312,SW
2013.9166666666667,-0.44987397184949973,46.56697666855737,-0.4512833601358395,-17.868807950470657,17.37840442442594,No,45.665819336572035,SW
2014,-0.44085875986924533,46.530697151777915,-2.4788175918777213,-17.868807950470657,17.37840442442594,No,43.61102080003095,SW
2014.0833333333335,-0.5382106021814457,46.49441763499845,-4.3999847693271406,-17.868807950470657,17.37840442442594,No,41.556222263489865,SW
2014.1666666666667,-0.9448781100245571,46.45813811821899,-6.011836281245657,-17.868807950470657,17.37840442442594,No,39.50142372694878,SW
2014.25,0.2209137177592306,46.42185860143953,-9.196147128791068,-17.868807950470657,17.37840442442594,No,37.446625190407694,SW
2014.3333333333335,1.6179894469911482,46.38557908466007,-12.61174187778461,-17.868807950470657,17.37840442442594,No,35.39182665386661,SW
2014.4166666666667,1.0225443339039642,46.326746469184485,-5.225693031548587,-17.868807950470657,17.37840442442594,No,42.12359777153986,SW
2014.5,1.3642845986111822,46.2679138537089,1.2231704368930352,-17.868807950470657,17.37840442442594,No,48.85536888921312,SW
2014.5833333333335,0.4894818386618639,46.20908123823331,8.888576929991196,-17.868807950470657,17.37840442442594,No,55.58714000688637,SW
2014.6666666666667,-0.8214656095022398,46.15024862275772,1.7462670513003786,-17.868807950470657,17.37840442442594,No,47.07505006455586,SW
2014.75,-0.8455473065006681,46.091416007282135,1.8291813637743957,-17.868807950470657,17.37840442442594,No,47.07505006455586,SW
2014.8333333333335,-0.6743796398328383,46.03258339180655,-0.7095354249646206,-17.868807950470657,17.37840442442594,No,44.64866832700909,SW
2014.9166666666667,-0.44987397184949973,45.97375077633096,-1.5720254914542409,-17.868807950470657,17.37840442442594,No,43.95185131302722,SW
2015,-0.44085875986924533,45.91491816085537,-2.2190251019407725,-17.868807950470657,17.37840442442594,No,43.255034299045356,SW
2015.0833333333335,-0.5382106021814457,45.856085545379784,-2.7596576581348558,-17.868807950470657,17.37840442442594,No,42.558217285063485,SW
2015.1666666666667,-0.9448781100245571,45.7972529299042,-2.9909745487980217,-17.868807950470657,17.37840442442594,No,41.86140027108162,SW
2015.25,0.2209137177592306,45.73842031442861,-4.79475077508809,-17.868807950470657,17.37840442442594,No,41.16458325709975,SW
2015.3333333333335,1.6179894469911482,45.67958769895302,1.559951575366604,-17.868807950470657,17.37840442442594,No,48.85752872131077,SW
2015.4166666666667,1.0225443339039642,45.620755083477434,-10.409486769643799,-17.868807950470657,17.37840442442594,No,36.2338126477376,SW
2015.5,1.3642845986111822,45.561922468001846,4.45517323063784,-17.868807950470657,17.37840442442594,No,51.38138029725087,SW
2015.5833333333335,0.4894818386618639,45.50758989831553,6.225336224090952,-17.868807950470657,17.37840442442594,No,52.22240796106835,SW
2015.6666666666667,-0.8214656095022398,45.45325732862921,7.964520130511907,-17.868807950470657,17.37840442442594,No,52.59631184963888,SW
2015.75,-0.8455473065006681,45.3989247589429,8.416838285767192,-17.868807950470657,17.37840442442594,No,52.97021573820942,SW
2015.8333333333335,-0.6743796398328383,45.34459218925657,3.300846982745867,-17.868807950470657,17.37840442442594,No,47.971059532169605,SW
2015.9166666666667,-0.44987397184949973,45.29025961957026,2.234664416835102,-17.868807950470657,17.37840442442594,No,47.07505006455586,SW
2016,-0.44085875986924533,45.23592704988394,0.8949852252770327,-17.868807950470657,17.37840442442594,No,45.69005351529173,SW
2016.0833333333335,-0.5382106021814457,45.181594480197624,-5.883613248665803,-17.868807950470657,17.37840442442594,No,38.75977062935038,SW
2016.1666666666667,-0.9448781100245571,45.12726191051131,-0.37513200924281875,-17.868807950470657,17.37840442442594,No,43.807251791243935,SW
2016.25,0.2209137177592306,45.07292934082499,3.56088989455327,-17.868807950470657,17.37840442442594,No,48.85473295313749,SW
2016.3333333333335,1.6179894469911482,45.018596771138675,7.265627896901229,-17.868807950470657,17.37840442442594,No,53.90221411503105,SW
2016.4166666666667,1.0225443339039642,44.96426420145235,12.96288674156829,-17.868807950470657,17.37840442442594,No,58.94969527692461,SW
2016.5,1.3642845986111822,44.909931631766035,-10.882389576510612,-17.868807950470657,17.37840442442594,No,35.39182665386661,SW
2016.5833333333335,0.4894818386618639,44.85559906207972,-2.300965144914734,-17.868807950470657,17.37840442442594,No,43.04411575582685,SW
2016.6666666666667,-0.8214656095022398,44.8012664923934,-3.486448161051058,-17.868807950470657,17.37840442442594,No,40.493352721840104,SW
2016.75,-0.8455473065006681,44.79337447673023,-6.005237482376202,-17.868807950470657,17.37840442442594,No,37.942589687853356,SW
2016.8333333333335,-0.6743796398328383,44.785482461067055,-8.71927616736761,-17.868807950470657,17.37840442442594,No,35.39182665386661,SW
2016.9166666666667,-0.44987397184949973,44.77759044540388,0.38735581789326545,-17.868807950470657,17.37840442442594,No,44.71507229144765,SW
2017,-0.44085875986924533,44.76969842974071,11.257771202509524,-17.868807950470657,17.37840442442594,No,55.58661087238099,SW
2017.0833333333335,-0.5382106021814457,44.76180641407753,5.753986322900957,-17.868807950470657,17.37840442442594,No,49.977582134797046,SW
2017.1666666666667,-0.9448781100245571,44.75391439841436,0.5595171088233073,-17.868807950470657,17.37840442442594,No,44.36855339721311,SW
2017.25,0.2209137177592306,44.74602238275118,-6.207411440881238,-17.868807950470657,17.37840442442594,No,38.75952465962917,SW
2017.3333333333335,1.6179894469911482,44.738130367088004,1.3786327622749752,-17.868807950470657,17.37840442442594,No,47.734752576354126,SW
2017.4166666666667,1.0225443339039642,44.73023835142483,0.9400762564833798,-17.868807950470657,17.37840442442594,No,46.692858941812176,SW
2017.5,1.3642845986111822,44.72234633576166,-5.044288136533446,-17.868807950470657,17.37840442442594,No,41.042342797839396,SW
2017.5833333333335,0.4894818386618639,44.71445432009848,-9.81210950489374,-17.868807950470657,17.37840442442594,No,35.39182665386661,SW
2017.6666666666667,-0.8214656095022398,44.70656230443531,-8.49327004106646,-17.868807950470657,17.37840442442594,No,35.39182665386661,SW
2017.75,-0.8455473065006681,44.698670288772135,-8.461296328404856,-17.868807950470657,17.37840442442594,No,35.39182665386661,SW
2017.8333333333335,-0.6743796398328383,44.69077827310896,-5.256873973646954,-17.868807950470657,17.37840442442594,No,38.75952465962917,SW
2017.9166666666667,-0.44987397184949973,44.72318488628587,-3.410334336400048,-17.868807950470657,17.37840442442594,No,40.862976578036324,SW
2018,-0.44085875986924533,44.75559149946278,-1.3483042431500607,-17.868807950470657,17.37840442442594,No,42.96642849644348,SW
2018.0833333333335,-0.5382106021814457,44.7879981126397,0.820092904392375,-17.868807950470657,17.37840442442594,No,45.06988041485063,SW
2018.1666666666667,-0.9448781100245571,44.82040472581661,3.297805717465735,-17.868807950470657,17.37840442442594,No,47.17333233325779,SW
2018.25,0.2209137177592306,44.85281133899352,4.203059194912193,-17.868807950470657,17.37840442442594,No,49.27678425166494,SW
2018.3333333333335,1.6179894469911482,44.88521795217043,4.8770287709105204,-17.868807950470657,17.37840442442594,No,51.380236170072095,SW
2018.4166666666667,1.0225443339039642,44.91762456534734,7.543519189227943,-17.868807950470657,17.37840442442594,No,53.48368808847925,SW
2018.5,1.3642845986111822,44.950031178524256,9.27282422975096,-17.868807950470657,17.37840442442594,No,55.5871400068864,SW
2018.5833333333335,0.4894818386618639,44.982437791701166,1.280450452174442,-17.868807950470657,17.37840442442594,No,46.752370082537475,SW
2018.6666666666667,-0.8214656095022398,45.014844404878076,-6.275778637187287,-17.868807950470657,17.37840442442594,No,37.91760015818855,SW
2018.75,-0.8455473065006681,45.047251018054986,-1.233326506351645,-17.868807950470657,17.37840442442594,No,42.96837720520267,SW
2018.8333333333335,-0.6743796398328383,45.0796576312319,-3.05037642607342,-17.868807950470657,17.37840442442594,No,41.35490156532565,SW
2018.9166666666667,-0.44987397184949973,45.11206424440881,-4.9207643471106906,-17.868807950470657,17.37840442442594,No,39.741425925448624,SW
2019,-0.44085875986924533,45.14447085758572,-6.5756618121448795,-17.868807950470657,17.37840442442594,No,38.1279502855716,SW
2019.0833333333335,-0.5382106021814457,45.1988560744836,-8.14617082660758,-17.868807950470657,17.37840442442594,No,36.51447464569458,SW
2019.1666666666667,-0.9448781100245571,45.25324129138147,-6.765468866854128,-17.868807950470657,17.37840442442594,No,37.54289431450279,SW
2019.25,0.2209137177592306,45.30762650827935,-6.957226242727586,-17.868807950470657,17.37840442442594,No,38.57131398331099,SW
2019.3333333333335,1.6179894469911482,45.36201172517722,-7.380267520049159,-17.868807950470657,17.37840442442594,No,39.599733652119205,SW
2019.4166666666667,1.0225443339039642,45.416396942075096,-5.810787955051644,-17.868807950470657,17.37840442442594,No,40.62815332092742,SW
2019.5,1.3642845986111822,45.470782158972966,-5.178493767848529,-17.868807950470657,17.37840442442594,No,41.65657298973562,SW
2019.5833333333335,0.4894818386618639,45.52516737587084,-3.329656555988876,-17.868807950470657,17.37840442442594,No,42.684992658543834,SW
2019.6666666666667,-0.8214656095022398,45.57955259276872,-1.0446746559144344,-17.868807950470657,17.37840442442594,No,43.713412327352046,SW
2019.75,-0.8455473065006681,45.63393780966659,-0.046558507005670435,-17.868807950470657,17.37840442442594,No,44.74183199616025,SW
2019.8333333333335,-0.6743796398328383,45.68832302656447,0.7563082782368298,-17.868807950470657,17.37840442442594,No,45.77025166496846,SW
2019.9166666666667,-0.44987397184949973,45.74270824346234,1.5058370621638346,-17.868807950470657,17.37840442442594,No,46.798671333776674,SW
2020,-0.44085875986924533,45.797093460360216,2.4708563020939067,-17.868807950470657,17.37840442442594,No,47.82709100258488,SW
2020.0833333333335,-0.5382106021814457,45.851478677258086,3.5422425963164486,-17.868807950470657,17.37840442442594,No,48.85551067139309,SW
2020.1666666666667,-0.9448781100245571,45.905863894155964,3.7546777170269294,-17.868807950470657,17.37840442442594,No,48.71566350115834,SW
2020.25,0.2209137177592306,45.992685270046515,2.362217343117848,-17.868807950470657,17.37840442442594,No,48.575816330923594,SW
2020.3333333333335,1.6179894469911482,46.079506645937066,0.7384730677606299,-17.868807950470657,17.37840442442594,No,48.43596916068884,SW
2020.4166666666667,1.0225443339039642,46.16632802182761,-2.148558030652268,-17.868807950470657,17.37840442442594,No,45.04031432507931,SW
2020.5,1.3642845986111822,46.25314939771816,-5.972774506859572,-17.868807950470657,17.37840442442594,No,41.644659489469774,SW
2020.5833333333335,0.4894818386618639,46.33997077360871,0.3466971098502185,-17.868807950470657,17.37840442442594,No,47.1761497221208,SW
2020.6666666666667,-0.8214656095022398,46.42679214949926,-1.795960511380322,-17.868807950470657,17.37840442442594,No,43.8093660286167,SW
2020.75,-0.8455473065006681,46.51361352538981,-5.225483883776533,-17.868807950470657,17.37840442442594,No,40.442582335112604,SW
2020.8333333333335,-0.6743796398328383,46.60043490128036,-8.850256619839016,-17.868807950470657,17.37840442442594,No,37.07579864160851,SW
2020.9166666666667,-0.44987397184949973,46.68725627717091,-1.866136241501458,-17.868807950470657,17.37840442442594,No,44.37124606381995,SW
2021,-0.44085875986924533,46.77407765306146,-1.286021829188286,-17.868807950470657,17.37840442442594,No,45.04719706400393,SW
2021.0833333333335,-0.5382106021814457,46.86089902895201,-0.5995403625826583,-17.868807950470657,17.37840442442594,No,45.72314806418791,SW
2021.1666666666667,-0.9448781100245571,46.947720404842556,0.39625676955387945,-17.868807950470657,17.37840442442594,No,46.39909906437188,SW
2021.25,0.2209137177592306,47.03454178073311,-0.18040543393647823,-17.868807950470657,17.37840442442594,No,47.07505006455586,SW
2021.3333333333335,1.6179894469911482,47.12136315662366,-1.211706449679177,-17.868807950470657,17.37840442442594,No,47.52764615393563,SW
2021.4166666666667,1.0225443339039642,47.21267277538793,-0.254974865976493,-17.868807950470657,17.37840442442594,No,47.9802422433154,SW
2021.5,1.3642845986111822,47.30398239415221,-0.23542866006822294,-17.868807950470657,17.37840442442594,No,48.43283833269517,SW
2021.5833333333335,0.4894818386618639,47.39529201291648,1.0006605704965992,-17.868807950470657,17.37840442442594,No,48.885434422074944,SW
2021.6666666666667,-0.8214656095022398,47.486601631680756,2.672894489276196,-17.868807950470657,17.37840442442594,No,49.33803051145471,SW
2021.75,-0.8455473065006681,47.57791125044503,2.826161571579412,-17.868807950470657,17.37840442442594,No,49.55852551552377,SW
2021.8333333333335,-0.6743796398328383,47.669220869209305,2.7841792902163505,-17.868807950470657,17.37840442442594,No,49.77902051959282,SW
2021.9166666666667,-0.44987397184949973,47.760530487973575,2.6888590075378005,-17.868807950470657,17.37840442442594,No,49.99951552366188,SW
2022,-0.44085875986924533,47.851840106737846,2.809029180862332,-17.868807950470657,17.37840442442594,No,50.220010527730935,SW
2022.0833333333335,-0.5382106021814457,47.943149725502124,3.035566408479305,-17.868807950470657,17.37840442442594,No,50.440505531799985,SW
2022.1666666666667,-0.9448781100245571,48.034459344266395,3.571419301627202,-17.868807950470657,17.37840442442594,No,50.66100053586904,SW
2022.25,0.2209137177592306,48.12576896303067,2.5348128591481895,-17.868807950470657,17.37840442442594,No,50.88149553993809,SW
2022.3333333333335,1.6179894469911482,48.217078581794944,1.2669225152210615,-17.868807950470657,17.37840442442594,No,51.10199054400715,SW
2022.4166666666667,1.0225443339039642,48.30838820055922,2.2798586600526676,-17.868807950470657,17.37840442442594,No,51.610791194515855,SW
2022.5,1.3642845986111822,48.39969781932349,-4.270601670039959,-17.868807950470657,17.37840442442594,No,45.49338074789472,SW
2022.5833333333335,0.4894818386618639,48.49337288905991,-0.8259276939683744,-17.868807950470657,17.37840442442594,No,48.156927033753405,SW
2022.6666666666667,-0.8214656095022398,48.58704795879634,3.0548909703179916,-17.868807950470657,17.37840442442594,No,50.82047331961209,SW
2022.75,-0.8455473065006681,48.68072302853276,7.049908576236248,-17.868807950470657,17.37840442442594,No,54.88508429826834,SW
2022.8333333333335,-0.6743796398328383,48.77439809826918,10.849676818488248,-17.868807950470657,17.37840442442594,No,58.949695276924594,SW
2022.9166666666667,-0.44987397184949973,48.8680731680056,-2.702264808580196,-17.868807950470657,17.37840442442594,No,45.715934387575906,SW
2023,-0.44085875986924533,48.96174823774203,5.9450460159973275,-17.868807950470657,17.37840442442594,No,54.46593549387011,SW
2023.0833333333335,-0.5382106021814457,49.05542330747845,2.08131304740526,-17.868807950470657,17.37840442442594,No,50.598525752702265,SW
2023.1666666666667,-0.9448781100245571,49.14909837721487,-1.4731042556558975,-17.868807950470657,17.37840442442594,No,46.73111601153442,SW
2023.25,0.2209137177592306,49.2427734469513,2.0105557025558767,-17.868807950470657,17.37840442442594,No,51.474242867266405,SW
2023.3333333333335,1.6179894469911482,49.33644851668772,-7.426442237126118,-17.868807950470657,17.37840442442594,No,43.527995726552746,SW
2023.4166666666667,1.0225443339039642,49.43012358642414,-4.213061402755066,-17.868807950470657,17.37840442442594,No,46.23960651757304,SW
2023.5,1.3642845986111822,49.52379865616056,-1.6565167620665449,-17.868807950470657,17.37840442442594,No,49.2315664927052,SW
2023.5833333333335,0.4894818386618639,49.617473725896986,2.1165709032785145,-17.868807950470657,17.37840442442594,No,52.22352646783737,SW
2023.6666666666667,-0.8214656095022398,49.711148795633406,6.023727076972179,-17.868807950470657,17.37840442442594,No,54.913410263103344,SW
2023.75,-0.8455473065006681,49.804734402433255,-4.244114804484937,-17.868807950470657,17.37840442442594,No,44.71507229144765,SW
2023.8333333333335,-0.6743796398328383,49.8983200092331,-1.2073363327005922,-17.868807950470657,17.37840442442594,No,48.016604036699675,SW
2023.9166666666667,-0.44987397184949973,49.99190561603295,-3.165620017392918,-17.868807950470657,17.37840442442594,No,46.376411626790535,SW
2024,-0.44085875986924533,50.0854912228328,4.820784569162626,-17.868807950470657,17.37840442442594,No,54.46541703212618,SW
2024.0833333333335,-0.5382106021814457,50.17907682963265,2.6044956365408964,-17.868807950470657,17.37840442442594,No,52.2453618639921,SW
2024.1666666666667,-0.9448781100245571,50.2726624364325,0.697522369450077,-17.868807950470657,17.37840442442594,No,50.02530669585802,SW
2024.25,0.2209137177592306,50.36624804323235,-2.781910233267645,-17.868807950470657,17.37840442442594,No,47.80525152772394,SW
2024.3333333333335,1.6179894469911482,50.4598336500322,-2.7998132559281927,-17.868807950470657,17.37840442442594,No,49.278009841095155,SW
2024.4166666666667,1.0225443339039642,50.55341925683205,-0.8251954362696452,-17.868807950470657,17.37840442442594,No,50.75076815446637,SW
2024.5,1.3642845986111822,50.6470048636319,0.21223700559450265,-17.868807950470657,17.37840442442594,No,52.22352646783759,SW
2024.5833333333335,0.4894818386618639,50.74059047043175,-0.5024028353893186,-17.868807950470657,17.37840442442594,No,50.727669473704296,SW
2024.6666666666667,-0.8214656095022398,50.8341760772316,-0.780897988158344,-17.868807950470657,17.37840442442594,No,49.23181247957101,SW
2024.75,-0.8455473065006681,50.927761684031445,-2.3462588920930543,-17.868807950470657,17.37840442442594,No,47.73595548543772,SW
2024.8333333333335,-0.6743796398328383,51.021347290831294,-4.687273078511119,-17.868807950470657,17.37840442442594,No,45.65969457248734,SW
2024.9166666666667,-0.44987397184949973,51.11325318438816,0.997652634833301,-17.868807950470657,17.37840442442594,No,51.66103184737196,SW
2025,-0.44085875986924533,51.20515907794502,-1.9073498154989892,-17.868807950470657,17.37840442442594,No,48.85695050257679,SW
2025.0833333333335,-0.5382106021814457,51.29706497150188,8.190840907604155,-17.868807950470657,17.37840442442594,No,58.949695276924594,SW
2025.1666666666667,-0.9448781100245571,51.388970865058745,6.2638990085316095,-17.868807950470657,17.37840442442594,No,56.7079917635658,SW
2025.25,0.2209137177592306,51.48087675861561,2.9238726950028138,-17.868807950470657,17.37840442442594,No,54.62566317137765,SW
2025.3333333333335,1.6179894469911482,51.57278265217247,2.3958387732173634,-17.868807950470657,17.37840442442594,No,55.58661087238098,SW
2025.4166666666667,1.0225443339039642,51.66468854572934,-1.5852423356261554,-17.868807950470657,17.37840442442594,No,51.10199054400715,SW
2025.5,1.3642845986111822,51.756594439286204,-16.606404392202812,-17.868807950470657,17.37840442442594,No,36.51447464569458,SW
2025.5833333333335,0.4894818386618639,51.84850033284307,-11.89624457027466,-17.868807950470657,17.37840442442594,No,40.44173760123027,SW
2025.6666666666667,-0.8214656095022398,51.94040622639993,-12.360506664788616,-17.868807950470657,17.37840442442594,No,38.75843395210907,SW
2025.75,-0.8455473065006681,52.03231211995679,-14.111634510468242,-17.868807950470657,17.37840442442594,No,37.07513030298788,SW
2025.8333333333335,-0.6743796398328383,52.124218013513655,-16.05801171981414,-17.868807950470657,17.37840442442594,No,35.39182665386668,SW
2025.9166666666667,-0.44987397184949973,52.21612390707052,-16.37442328135434,-17.868807950470657,17.37840442442594,No,35.39182665386668,SW
1981.6666666666667,-0.024485688519633786,32.81138094815427,-0.7636863714245763,-2.4954600031122807,2.449769386890746,No,32.023208888210064,S
1981.75,0.05173027699299637,32.821338721047056,-0.8498601098299865,-2.4954600031122807,2.449769386890746,No,32.023208888210064,S
1981.8333333333335,0.08489087763479074,32.83129649393984,-0.8929784833645655,-2.4954600031122807,2.449769386890746,No,32.023208888210064,S
1981.9166666666667,0.18151736051548964,32.841254266832614,-0.9995881415699337,-2.4954600031122807,2.449769386890746,No,32.02318348577817,S
1982,0.007073759424668405,32.8512120397254,-0.8351277158037931,-2.4954600031122807,2.449769386890746,No,32.023158083346274,S
1982.0833333333335,0.07902574344425722,32.86116981261818,-0.9170628751480585,-2.4954600031122807,2.449769386890746,No,32.02313268091438,S
1982.1666666666667,-0.00797827589885404,32.87112758551096,-0.8400420311296202,-2.4954600031122807,2.449769386890746,No,32.023107278482485,S
1982.25,0.026672783179947965,32.88108535840374,-0.8846762655330949,-2.4954600031122807,2.449769386890746,No,32.02308187605059,S
1982.3333333333335,-0.09046506892491513,32.89104313129652,-0.7775215887529114,-2.4954600031122807,2.449769386890746,No,32.023056473618695,S
1982.4166666666667,-0.05341853383008307,32.9010009041893,-0.46356446105802007,-2.4954600031122807,2.449769386890746,No,32.3840179093012,S
1982.5,-0.14035659806810144,32.910958677082085,-0.025622734030278593,-2.4954600031122807,2.449769386890746,No,32.744979344983705,S
1982.5833333333335,-0.11420663365424719,32.92091644997487,0.2992309643455897,-2.4954600031122807,2.449769386890746,No,33.10594078066621,S
1982.6666666666667,-0.024485688519633786,32.930874222867644,0.5605136820007033,-2.4954600031122807,2.449769386890746,No,33.466902216348714,S
1982.75,0.05173027699299637,32.940831995760426,0.3460116477607471,-2.4954600031122807,2.449769386890746,No,33.33857392051417,S
1982.8333333333335,0.08489087763479074,32.95078976865321,0.1745649783916221,-2.4954600031122807,2.449769386890746,No,33.21024562467962,S
1982.9166666666667,0.18151736051548964,32.95934145541777,-0.05894148708818392,-2.4954600031122807,2.449769386890746,No,33.08191732884508,S
1983,0.007073759424668405,32.96789314218234,-0.021377868596481164,-2.4954600031122807,2.449769386890746,No,32.95358903301053,S
1983.0833333333335,0.07902574344425722,32.9764448289469,-0.23020983521517735,-2.4954600031122807,2.449769386890746,No,32.82526073717598,S
1983.1666666666667,-0.00797827589885404,32.984996515711465,-0.28008579847116977,-2.4954600031122807,2.449769386890746,No,32.69693244134144,S
1983.25,0.026672783179947965,32.99354820247603,0.061696343189090896,-2.4954600031122807,2.449769386890746,No,33.081917328845066,S
1983.3333333333335,-0.09046506892491513,33.0020998892406,0.5552673960330168,-2.4954600031122807,2.449769386890746,No,33.4669022163487,S
1983.4166666666667,-0.05341853383008307,33.01065157600516,0.8946540616772509,-2.4954600031122807,2.449769386890746,No,33.85188710385233,S
1983.5,-0.14035659806810144,33.01920326276972,1.3580253266543352,-2.4954600031122807,2.449769386890746,No,34.236871991355954,S
1983.5833333333335,-0.11420663365424719,33.02775494953429,1.7083085629795391,-2.4954600031122807,2.449769386890746,No,34.62185687885958,S
1983.6666666666667,-0.024485688519633786,33.03630663629885,1.9950208185839955,-2.4954600031122807,2.449769386890746,No,35.006841766363216,S
1983.75,0.05173027699299637,33.044858323063416,2.2952380538104293,-2.4954600031122807,2.449769386890746,No,35.39182665386684,S
1983.8333333333335,0.08489087763479074,33.05341000982798,-0.27293755783847473,-2.4954600031122807,2.449769386890746,No,32.865363329624294,S
1983.9166666666667,0.18151736051548964,33.06196169659255,-0.3398359801467379,-2.4954600031122807,2.449769386890746,No,32.9036430769613,S
1984,0.007073759424668405,33.07051338335711,-0.13566431848346383,-2.4954600031122807,2.449769386890746,No,32.94192282429832,S
1984.0833333333335,0.07902574344425722,33.07807044562906,-0.17689361743799026,-2.4954600031122807,2.449769386890746,No,32.980202571635324,S
1984.1666666666667,-0.00797827589885404,33.085627507901,-0.05916691302981292,-2.4954600031122807,2.449769386890746,No,33.01848231897233,S
1984.25,0.026672783179947965,33.09318457017295,-0.06309528704355216,-2.4954600031122807,2.449769386890746,No,33.056762066309346,S
1984.3333333333335,-0.09046506892491513,33.1007416324449,0.08476525012636671,-2.4954600031122807,2.449769386890746,No,33.095041813646354,S
1984.4166666666667,-0.05341853383008307,33.108298694716844,0.07844140009660094,-2.4954600031122807,2.449769386890746,No,33.13332156098336,S
1984.5,-0.14035659806810144,33.11585575698879,0.1961021493996853,-2.4954600031122807,2.449769386890746,No,33.171601308320376,S
1984.5833333333335,-0.11420663365424719,33.123412819260736,0.20067487005089646,-2.4954600031122807,2.449769386890746,No,33.209881055657384,S
1984.6666666666667,-0.024485688519633786,33.130969881532685,0.14167660998133869,-2.4954600031122807,2.449769386890746,No,33.24816080299439,S
1984.75,0.05173027699299637,33.138526943804635,0.09618332953377262,-2.4954600031122807,2.449769386890746,No,33.286440550331406,S
1984.8333333333335,0.08489087763479074,33.14608400607658,0.09374541395704483,-2.4954600031122807,2.449769386890746,No,33.324720297668414,S
1984.9166666666667,0.18151736051548964,33.15364106834853,0.02784161614140146,-2.4954600031122807,2.449769386890746,No,33.36300004500542,S
1985,0.007073759424668405,33.16119813062048,0.23300790229728108,-2.4954600031122807,2.449769386890746,No,33.40127979234243,S
1985.0833333333335,0.07902574344425722,33.16875519289242,0.19177860334276886,-2.4954600031122807,2.449769386890746,No,33.43955953967944,S
1985.1666666666667,-0.00797827589885404,33.17631225516437,0.3095053077509391,-2.4954600031122807,2.449769386890746,No,33.47783928701645,S
1985.25,0.026672783179947965,33.18293304057011,0.30651321060339853,-2.4954600031122807,2.449769386890746,No,33.51611903435346,S
1985.3333333333335,-0.09046506892491513,33.18955382597586,0.4553100246395303,-2.4954600031122807,2.449769386890746,No,33.55439878169047,S
1985.4166666666667,-0.05341853383008307,33.1961746113816,0.4499224514759632,-2.4954600031122807,2.449769386890746,No,33.59267852902748,S
1985.5,-0.14035659806810144,33.20279539678734,0.5685194776452533,-2.4954600031122807,2.449769386890746,No,33.63095827636449,S
1985.5833333333335,-0.11420663365424719,33.20941618219308,0.5740284751626703,-2.4954600031122807,2.449769386890746,No,33.6692380237015,S
1985.6666666666667,-0.024485688519633786,33.216036967598825,0.5159664919593183,-2.4954600031122807,2.449769386890746,No,33.70751777103851,S
1985.75,0.05173027699299637,33.22265775300457,2.117438623869276,-2.4954600031122807,2.449769386890746,No,35.39182665386684,S
1985.8333333333335,0.08489087763479074,33.22927853841031,1.879496079155274,-2.4954600031122807,2.449769386890746,No,35.19366549520038,S
1985.9166666666667,0.18151736051548964,33.23589932381606,1.5780876522023704,-2.4954600031122807,2.449769386890746,No,34.99550433653392,S
1986,0.007073759424668405,33.2425201092218,1.5477493092209826,-2.4954600031122807,2.449769386890746,No,34.797343177867454,S
1986.0833333333335,0.07902574344425722,33.24914089462754,1.271015381129203,-2.4954600031122807,2.449769386890746,No,34.599182019200995,S
1986.1666666666667,-0.00797827589885404,33.25576168003328,1.153237456400106,-2.4954600031122807,2.449769386890746,No,34.40102086053453,S
1986.25,0.026672783179947965,33.262382465439025,0.9138044532490994,-2.4954600031122807,2.449769386890746,No,34.20285970186807,S
1986.3333333333335,-0.09046506892491513,33.26900325084477,0.826160361281751,-2.4954600031122807,2.449769386890746,No,34.004698543201606,S
1986.4166666666667,-0.05341853383008307,33.26925814184963,0.5906977765155972,-2.4954600031122807,2.449769386890746,No,33.80653738453515,S
1986.5,-0.14035659806810144,33.2695130328545,0.4792197910822864,-2.4954600031122807,2.449769386890746,No,33.60837622586868,S
1986.5833333333335,-0.11420663365424719,33.26976792385936,0.25465377699710956,-2.4954600031122807,2.449769386890746,No,33.41021506720222,S
1986.6666666666667,-0.024485688519633786,33.27002281486423,-0.03348321780883623,-2.4954600031122807,2.449769386890746,No,33.21205390853576,S
1986.75,0.05173027699299637,33.27027770586909,-0.3081152329927903,-2.4954600031122807,2.449769386890746,No,33.0138927498693,S
1986.8333333333335,0.08489087763479074,33.270532596873956,-0.5396918833059132,-2.4954600031122807,2.449769386890746,No,32.815731591202834,S
1986.9166666666667,0.18151736051548964,33.27078748787882,-0.8347344158579375,-2.4954600031122807,2.449769386890746,No,32.617570432536375,S
1987,0.007073759424668405,33.27104237888368,-0.8587068644384388,-2.4954600031122807,2.449769386890746,No,32.41940927386991,S
1987.0833333333335,0.07902574344425722,33.27129726988854,-1.1290748981293461,-2.4954600031122807,2.449769386890746,No,32.22124811520345,S
1987.1666666666667,-0.00797827589885404,33.27155216089341,-1.240486928457564,-2.4954600031122807,2.449769386890746,No,32.023086956536986,S
1987.25,0.026672783179947965,33.27180705189827,-1.2753623956229418,-2.4954600031122807,2.449769386890746,No,32.02311743945528,S
1987.3333333333335,-0.09046506892491513,33.272061942903136,-1.1584489516046617,-2.4954600031122807,2.449769386890746,No,32.02314792237356,S
1987.4166666666667,-0.05341853383008307,33.272316833908,-1.1957198947860732,-2.4954600031122807,2.449769386890746,No,32.023178405291844,S
1987.5,-0.14035659806810144,33.272571724912865,-1.1090062386346276,-2.4954600031122807,2.449769386890746,No,32.023208888210135,S
1987.5833333333335,-0.11420663365424719,33.25961128793035,-1.1221957660659854,-2.4954600031122807,2.449769386890746,No,32.023208888210114,S
1987.6666666666667,-0.024485688519633786,33.24665085094782,-0.450374548516578,-2.4954600031122807,2.449769386890746,No,32.77179061391161,S
1987.75,0.05173027699299637,33.233690413965306,-0.25162647305118924,-2.4954600031122807,2.449769386890746,No,33.033794217907115,S
1987.8333333333335,0.08489087763479074,33.22072997698279,-0.009823032714955104,-2.4954600031122807,2.449769386890746,No,33.295797821902624,S
1987.9166666666667,0.18151736051548964,33.207769540000264,0.16851452538237055,-2.4954600031122807,2.449769386890746,No,33.55780142589813,S
1988,0.007073759424668405,33.19480910301775,0.6179221674512121,-2.4954600031122807,2.449769386890746,No,33.81980502989363,S
1988.0833333333335,0.07902574344425722,33.18184866603522,0.8209342244096618,-2.4954600031122807,2.449769386890746,No,34.08180863388914,S
1988.1666666666667,-0.00797827589885404,33.168888229052705,1.182902284730794,-2.4954600031122807,2.449769386890746,No,34.34381223788464,S
1988.25,0.026672783179947965,33.15592779207019,1.4232152666300095,-2.4954600031122807,2.449769386890746,No,34.605815841880144,S
1988.3333333333335,-0.09046506892491513,33.14296735508766,1.8153171597128974,-2.4954600031122807,2.449769386890746,No,34.86781944587565,S
1988.4166666666667,-0.05341853383008307,33.130006918105146,2.0532346655960936,-2.4954600031122807,2.449769386890746,No,35.129823049871156,S
1988.5,-0.14035659806810144,33.11704648112263,2.4151367708121327,-2.4954600031122807,2.449769386890746,No,35.39182665386666,S
1988.5833333333335,-0.11420663365424719,33.104086044140104,2.1212212801098644,-2.4954600031122807,2.449769386890746,No,35.11110069059572,S
1988.6666666666667,-0.024485688519633786,33.091125607157586,1.7637348086868343,-2.4954600031122807,2.449769386890746,No,34.83037472732479,S
1988.75,0.05173027699299637,33.07791837075107,1.4200001163097795,-2.4954600031122807,2.449769386890746,No,34.54964876405385,S
1988.8333333333335,0.08489087763479074,33.064711134344556,1.119320788803563,-2.4954600031122807,2.449769386890746,No,34.26892280078291,S
1988.9166666666667,0.18151736051548964,33.05150389793804,0.755175579058438,-2.4954600031122807,2.449769386890746,No,33.98819683751197,S
1989,0.007073759424668405,33.038296661531525,0.6621004532848431,-2.4954600031122807,2.449769386890746,No,33.70747087424104,S
1989.0833333333335,0.07902574344425722,33.02508942512501,0.3226297424008351,-2.4954600031122807,2.449769386890746,No,33.4267449109701,S
1989.1666666666667,-0.00797827589885404,33.011882188718495,0.1421150348795237,-2.4954600031122807,2.449769386890746,No,33.14601894769916,S
1989.25,0.026672783179947965,32.99867495231198,-0.16005475106370426,-2.4954600031122807,2.449769386890746,No,32.86529298442822,S
1989.3333333333335,-0.09046506892491513,32.985467715905465,-0.310435625823267,-2.4954600031122807,2.449769386890746,No,32.584567021157284,S
1989.4166666666667,-0.05341853383008307,32.97226047949895,-0.6150008877825144,-2.4954600031122807,2.449769386890746,No,32.30384105788635,S
1989.5,-0.14035659806810144,32.959053243092434,-0.7955815504089188,-2.4954600031122807,2.449769386890746,No,32.02311509461541,S
1989.5833333333335,-0.11420663365424719,32.94584600668592,-0.8084304848215567,-2.4954600031122807,2.449769386890746,No,32.023208888210114,S
1989.6666666666667,-0.024485688519633786,32.932638770279404,-0.32350789927355805,-2.4954600031122807,2.449769386890746,No,32.58464518248621,S
1989.75,0.05173027699299637,32.91943153387289,0.17491966589641805,-2.4954600031122807,2.449769386890746,No,33.146081476762305,S
1989.8333333333335,0.08489087763479074,32.90622429746637,0.6041153370820496,-2.4954600031122807,2.449769386890746,No,33.595230512183214,S
1989.9166666666667,0.18151736051548964,32.89621635140135,0.9666458356872809,-2.4954600031122807,2.449769386890746,No,34.04437954760412,S
1990,0.007073759424668405,32.886208405336326,1.6002464182640281,-2.4954600031122807,2.449769386890746,No,34.493528583025025,S
1990.0833333333335,0.07902574344425722,32.8762004592713,1.9874514157303764,-2.4954600031122807,2.449769386890746,No,34.942677618445934,S
1990.1666666666667,-0.00797827589885404,32.86619251320627,2.5336124165594285,-2.4954600031122807,2.449769386890746,Yes,35.39182665386684,S
1990.25,0.026672783179947965,32.85618456714125,2.5089693035455554,-2.4954600031122807,2.449769386890746,Yes,35.39182665386675,S
1990.3333333333335,-0.09046506892491513,32.846176621076225,2.6361151017153475,-2.4954600031122807,2.449769386890746,Yes,35.39182665386666,S
1990.4166666666667,-0.05341853383008307,32.8361686750112,0.9247676298572785,-2.4954600031122807,2.449769386890746,No,33.7075177710384,S
1990.5,-0.14035659806810144,32.82616072894618,-0.6625952426679476,-2.4954600031122807,2.449769386890746,No,32.02320888821013,S
1990.5833333333335,-0.11420663365424719,32.816152782881154,0.4441353275354629,-2.4954600031122807,2.449769386890746,No,33.14608147676237,S
1990.6666666666667,-0.024485688519633786,32.80614483681613,0.24276763706661342,-2.4954600031122807,2.449769386890746,No,33.02442678536311,S
1990.75,0.05173027699299637,32.7961368907511,0.05490492621975562,-2.4954600031122807,2.449769386890746,No,32.902772093963854,S
1990.8333333333335,0.08489087763479074,32.78612894468608,-0.0899024197562781,-2.4954600031122807,2.449769386890746,No,32.78111740256459,S
1990.9166666666667,0.18151736051548964,32.77612099862105,-0.2981756479712132,-2.4954600031122807,2.449769386890746,No,32.65946271116533,S
1991,0.007073759424668405,32.76611305255603,-0.23537879221462532,-2.4954600031122807,2.449769386890746,No,32.537808019766075,S
1991.0833333333335,0.07902574344425722,32.757595960049095,-0.4204683751265321,-2.4954600031122807,2.449769386890746,No,32.41615332836682,S
1991.1666666666667,-0.00797827589885404,32.74907886754216,-0.44660195467574226,-2.4954600031122807,2.449769386890746,No,32.29449863696756,S
1991.25,0.026672783179947965,32.74056177503523,-0.5943906126468761,-2.4954600031122807,2.449769386890746,No,32.1728439455683,S
1991.3333333333335,-0.09046506892491513,32.7320446825283,-0.5903903594343376,-2.4954600031122807,2.449769386890746,No,32.051189254169046,S
1991.4166666666667,-0.05341853383008307,32.72352759002136,-0.7405744934214944,-2.4954600031122807,2.449769386890746,No,31.929534562769785,S
1991.5,-0.14035659806810144,32.71501049751443,-0.7667740280758011,-2.4954600031122807,2.449769386890746,No,31.807879871370524,S
1991.5833333333335,-0.11420663365424719,32.7064934050075,-0.9060615913819845,-2.4954600031122807,2.449769386890746,No,31.686225179971267,S
1991.6666666666667,-0.024485688519633786,32.697976312500565,-1.2119212495021863,-2.4954600031122807,2.449769386890746,No,31.461569374478746,S
1991.75,0.05173027699299637,32.68945921999363,-1.2030513905858982,-2.4954600031122807,2.449769386890746,No,31.538138106400726,S
1991.8333333333335,0.08489087763479074,32.680942127486695,-1.1511261667987789,-2.4954600031122807,2.449769386890746,No,31.614706838322707,S
1991.9166666666667,0.18151736051548964,32.67242503497976,-1.162666825250561,-2.4954600031122807,2.449769386890746,No,31.691275570244688,S
1992,0.007073759424668405,32.66390794247283,-0.9031373997308343,-2.4954600031122807,2.449769386890746,No,31.767844302166665,S
1992.0833333333335,0.07902574344425722,32.6553908499659,-0.8900035593215101,-2.4954600031122807,2.449769386890746,No,31.844413034088646,S
1992.1666666666667,-0.00797827589885404,32.64687375745896,-0.7179137155494821,-2.4954600031122807,2.449769386890746,No,31.920981766010627,S
1992.25,0.026672783179947965,32.63936652590506,-0.6684888111524003,-2.4954600031122807,2.449769386890746,No,31.997550497932608,S
1992.3333333333335,-0.09046506892491513,32.63185929435116,-0.46727499557165686,-2.4954600031122807,2.449769386890746,No,32.07411922985459,S
1992.4166666666667,-0.05341853383008307,32.62435206279726,-0.42024556719060513,-2.4954600031122807,2.449769386890746,No,32.15068796177657,S
1992.5,-0.14035659806810144,32.616844831243355,-0.2492315394767033,-2.4954600031122807,2.449769386890746,No,32.22725669369855,S
1992.5833333333335,-0.11420663365424719,32.609337599689454,-0.19130554041467462,-2.4954600031122807,2.449769386890746,No,32.30382542562053,S
1992.6666666666667,-0.024485688519633786,32.60183036813555,-0.1969505220734078,-2.4954600031122807,2.449769386890746,No,32.38039415754251,S
1992.75,0.05173027699299637,32.59432313658165,-0.18909052411015637,-2.4954600031122807,2.449769386890746,No,32.45696288946449,S
1992.8333333333335,0.08489087763479074,32.58681590502775,-0.13817516127606666,-2.4954600031122807,2.449769386890746,No,32.53353162138647,S
1992.9166666666667,0.18151736051548964,32.57930867347385,-0.15072568068089254,-2.4954600031122807,2.449769386890746,No,32.61010035330845,S
1993,0.007073759424668405,32.571801441919945,0.10779388388581168,-2.4954600031122807,2.449769386890746,No,32.68666908523043,S
1993.0833333333335,0.07902574344425722,32.56429421036604,0.11991786334210985,-2.4954600031122807,2.449769386890746,No,32.76323781715241,S
1993.1666666666667,-0.00797827589885404,32.55678697881214,0.2909978461611047,-2.4954600031122807,2.449769386890746,No,32.83980654907439,S
1993.25,0.026672783179947965,32.54927974725824,0.34042275055818294,-2.4954600031122807,2.449769386890746,No,32.91637528099637,S
1993.3333333333335,-0.09046506892491513,32.54177251570434,0.5416365661389264,-2.4954600031122807,2.449769386890746,No,32.99294401291835,S
1993.4166666666667,-0.05341853383008307,32.5393857989001,0.583545479770315,-2.4954600031122807,2.449769386890746,No,33.06951274484033,S
1993.5,-0.14035659806810144,32.53699908209587,0.7494389927345466,-2.4954600031122807,2.449769386890746,No,33.14608147676231,S
1993.5833333333335,-0.11420663365424719,32.53461236529163,0.5853166715559155,-2.4954600031122807,2.449769386890746,No,33.005722403193296,S
1993.6666666666667,-0.024485688519633786,32.53222564848739,0.3576233696565225,-2.4954600031122807,2.449769386890746,No,32.86536332962428,S
1993.75,0.05173027699299637,32.52983893168316,0.14343504737910706,-2.4954600031122807,2.449769386890746,No,32.725004256055264,S
1993.8333333333335,0.08489087763479074,32.52745221487892,-0.02769791002747013,-2.4954600031122807,2.449769386890746,No,32.58464518248624,S
1993.9166666666667,0.18151736051548964,32.52506549807468,-0.2622967496729487,-2.4954600031122807,2.449769386890746,No,32.444286108917225,S
1994,0.007073759424668405,32.52267878127045,-0.22582550534691137,-2.4954600031122807,2.449769386890746,No,32.30392703534821,S
1994.0833333333335,0.07902574344425722,32.52029206446621,-0.435749846131273,-2.4954600031122807,2.449769386890746,No,32.163567961779194,S
1994.1666666666667,-0.00797827589885404,32.51790534766198,-0.48671818355294505,-2.4954600031122807,2.449769386890746,No,32.02320888821018,S
1994.25,0.026672783179947965,32.51551863085774,-0.3318370944021538,-2.4954600031122807,2.449769386890746,No,32.210354319635535,S
1994.3333333333335,-0.09046506892491513,32.5131319140535,-0.02516709406769735,-2.4954600031122807,2.449769386890746,No,32.39749975106089,S
1994.4166666666667,-0.05341853383008307,32.51074519724927,0.12731851906706027,-2.4954600031122807,2.449769386890746,No,32.58464518248625,S
1994.5,-0.14035659806810144,32.50835848044503,0.4037887315346751,-2.4954600031122807,2.449769386890746,No,32.771790613911605,S
1994.5833333333335,-0.11420663365424719,32.50905549473884,0.5640871842523651,-2.4954600031122807,2.449769386890746,No,32.958936045336955,S
1994.6666666666667,-0.024485688519633786,32.50975250903264,0.6608146562493076,-2.4954600031122807,2.449769386890746,No,33.14608147676231,S
1994.75,0.05173027699299637,32.51044952332644,0.7710471078682275,-2.4954600031122807,2.449769386890746,No,33.33322690818767,S
1994.8333333333335,0.08489087763479074,32.51114653762024,0.9243349243579928,-2.4954600031122807,2.449769386890746,No,33.520372339613026,S
1994.9166666666667,0.18151736051548964,32.51184355191405,1.0141568586088425,-2.4954600031122807,2.449769386890746,No,33.70751777103838,S
1995,0.007073759424668405,32.512540566207846,0.19257459115592468,-2.4954600031122807,2.449769386890746,No,32.71218891678844,S
1995.0833333333335,0.07902574344425722,32.51323758050165,-0.8754032614074134,-2.4954600031122807,2.449769386890746,No,31.716860062538498,S
1995.1666666666667,-0.00797827589885404,32.51393459479546,-0.07448554924618378,-2.4954600031122807,2.449769386890746,No,32.43147076965042,S
1995.25,0.026672783179947965,32.51463160908926,0.6047770844931364,-2.4954600031122807,2.449769386890746,No,33.14608147676234,S
1995.3333333333335,-0.09046506892491513,32.51532862338306,-0.40180708083946826,-2.4954600031122807,2.449769386890746,No,32.02305647361868,S
1995.4166666666667,-0.05341853383008307,32.51602563767686,-1.5625756333717504,-2.4954600031122807,2.449769386890746,No,30.900031470475028,S
1995.5,-0.14035659806810144,32.51672265197067,-2.5993595865711967,-2.4954600031122807,2.449769386890746,Yes,29.77700646733137,S
1995.5833333333335,-0.11420663365424719,32.517419666264466,-3.7492315684225055,-2.4954600031122807,2.449769386890746,Yes,28.653981464187712,S
1995.6666666666667,-0.024485688519633786,32.51811668055827,-1.5935995215636325,-2.4954600031122807,2.449769386890746,No,30.900031470475007,S
1995.75,0.05173027699299637,32.51980143397403,0.5745497657952683,-2.4954600031122807,2.449769386890746,No,33.1460814767623,S
1995.8333333333335,0.08489087763479074,32.52148618738979,0.029252357089909253,-2.4954600031122807,2.449769386890746,No,32.63562942211449,S
1995.9166666666667,0.18151736051548964,32.52317094080555,-1.3554468295885016,-2.4954600031122807,2.449769386890746,No,31.349241471732537,S
1996,0.007073759424668405,32.52485569422131,0.6141520231163184,-2.4954600031122807,2.449769386890746,No,33.1460814767623,S
1996.0833333333335,0.07902574344425722,32.52654044763707,0.5405152856809821,-2.4954600031122807,2.449769386890746,No,33.146081476762305,S
1996.1666666666667,-0.00797827589885404,32.52822520105283,0.6258345516083352,-2.4954600031122807,2.449769386890746,No,33.146081476762305,S
1996.25,0.026672783179947965,32.52990995446859,0.5894987391137718,-2.4954600031122807,2.449769386890746,No,33.14608147676231,S
1996.3333333333335,-0.09046506892491513,32.53159470788435,0.7049518378028736,-2.4954600031122807,2.449769386890746,No,33.14608147676231,S
1996.4166666666667,-0.05341853383008307,32.53327946130011,0.6662205492922908,-2.4954600031122807,2.449769386890746,No,33.14608147676232,S
1996.5,-0.14035659806810144,32.53496421471587,-0.03459791770856668,-2.4954600031122807,2.449769386890746,No,32.3600096989392,S
1996.5833333333335,-0.11420663365424719,32.53664896813163,-0.03975162600129778,-2.4954600031122807,2.449769386890746,No,32.38269070847608,S
1996.6666666666667,-0.024485688519633786,32.53833372154739,-0.10847631501479782,-2.4954600031122807,2.449769386890746,No,32.40537171801296,S
1996.75,0.05173027699299637,32.54001847496315,-0.16369602440630615,-2.4954600031122807,2.449769386890746,No,32.42805272754984,S
1996.8333333333335,0.08489087763479074,32.54170322837891,-0.1758603689269762,-2.4954600031122807,2.449769386890746,No,32.45073373708672,S
1996.9166666666667,0.18151736051548964,32.54471242080006,-0.2528150346919489,-2.4954600031122807,2.449769386890746,No,32.473414746623604,S
1997,0.007073759424668405,32.54772161322121,-0.058699616485398565,-2.4954600031122807,2.449769386890746,No,32.496095756160486,S
1997.0833333333335,0.07902574344425722,32.55073080564237,-0.1109797833892614,-2.4954600031122807,2.449769386890746,No,32.51877676569736,S
1997.1666666666667,-0.00797827589885404,32.55373999806352,-0.004303946930420466,-2.4954600031122807,2.449769386890746,No,32.54145777523424,S
1997.25,0.026672783179947965,32.55674919048467,0.1616335786148042,-2.4954600031122807,2.449769386890746,No,32.745055552279425,S
1997.3333333333335,-0.09046506892491513,32.55975838290583,-0.44608442577074925,-2.4954600031122807,2.449769386890746,No,32.023208888210164,S
1997.4166666666667,-0.05341853383008307,32.56276757532698,-0.4861401532868328,-2.4954600031122807,2.449769386890746,No,32.023208888210064,S
1997.5,-0.14035659806810144,32.56577676774814,-0.4022112814699028,-2.4954600031122807,2.449769386890746,No,32.023208888210135,S
1997.5833333333335,-0.11420663365424719,32.56878596016929,-0.291062169599698,-2.4954600031122807,2.449769386890746,No,32.16351715691535,S
1997.6666666666667,-0.024485688519633786,32.57179515259045,-0.24348403845026212,-2.4954600031122807,2.449769386890746,No,32.30382542562055,S
1997.75,0.05173027699299637,32.5748043450116,0.6599059283267721,-2.4954600031122807,2.449769386890746,No,33.28644055033137,S
1997.8333333333335,0.08489087763479074,32.57781353743275,0.307900507989622,-2.4954600031122807,2.449769386890746,No,32.97060492305717,S
1997.9166666666667,0.18151736051548964,32.58082272985391,-0.1075707945864437,-2.4954600031122807,2.449769386890746,No,32.654769295782955,S
1998,0.007073759424668405,32.58383192227506,-0.2519720131909864,-2.4954600031122807,2.449769386890746,No,32.338933668508744,S
1998.0833333333335,0.07902574344425722,32.58899296349521,-0.6449206657049267,-2.4954600031122807,2.449769386890746,No,32.02309804123454,S
1998.1666666666667,-0.00797827589885404,32.59415400471535,-0.5630744273767689,-2.4954600031122807,2.449769386890746,No,32.02310130143972,S
1998.25,0.026672783179947965,32.5993150459355,-0.5510533630678935,-2.4954600031122807,2.449769386890746,No,32.07493446604755,S
1998.3333333333335,-0.09046506892491513,32.604476087155646,-0.3872433875753529,-2.4954600031122807,2.449769386890746,No,32.12676763065538,S
1998.4166666666667,-0.05341853383008307,32.609637128375795,-0.37761779928249695,-2.4954600031122807,2.449769386890746,No,32.178600795263215,S
1998.5,-0.14035659806810144,32.614798169595936,-0.24400761165679086,-2.4954600031122807,2.449769386890746,No,32.23043395987104,S
1998.5833333333335,-0.11420663365424719,32.619959210816084,-0.22348545268296505,-2.4954600031122807,2.449769386890746,No,32.28226712447887,S
1998.6666666666667,-0.024485688519633786,32.62512025203623,-0.2665342744299011,-2.4954600031122807,2.449769386890746,No,32.3341002890867,S
1998.75,0.05173027699299637,32.630281293256374,-0.2960781165548383,-2.4954600031122807,2.449769386890746,No,32.385933453694534,S
1998.8333333333335,0.08489087763479074,32.63544233447652,-0.28256659380895144,-2.4954600031122807,2.449769386890746,No,32.43776661830236,S
1998.9166666666667,0.18151736051548964,32.64060337569667,-0.33252095330197307,-2.4954600031122807,2.449769386890746,No,32.48959978291019,S
1999,0.007073759424668405,32.64576441691682,-0.1114052288234717,-2.4954600031122807,2.449769386890746,No,32.54143294751802,S
1999.0833333333335,0.07902574344425722,32.65092545813696,-0.13668508945536217,-2.4954600031122807,2.449769386890746,No,32.59326611212585,S
1999.1666666666667,-0.00797827589885404,32.65608649935711,-0.003008946724570194,-2.4954600031122807,2.449769386890746,No,32.64509927673368,S
1999.25,0.026672783179947965,32.658147191369,0.012112466792565613,-2.4954600031122807,2.449769386890746,No,32.69693244134151,S
1999.3333333333335,-0.09046506892491513,32.660207883380885,-0.041241261397296114,-2.4954600031122807,2.449769386890746,No,32.528501553058675,S
1999.4166666666667,-0.05341853383008307,32.66226857539277,-0.2487793767868567,-2.4954600031122807,2.449769386890746,No,32.36007066477583,S
1999.5,-0.14035659806810144,32.66432926740467,-0.33233289284356715,-2.4954600031122807,2.449769386890746,No,32.191639776493,S
1999.5833333333335,-0.11420663365424719,32.666389959416556,-0.5289744375521437,-2.4954600031122807,2.449769386890746,No,32.023208888210164,S
1999.6666666666667,-0.024485688519633786,32.668450651428444,-0.4603457049054782,-2.4954600031122807,2.449769386890746,No,32.18361925800333,S
1999.75,0.05173027699299637,32.67051134344033,-0.37821199263682814,-2.4954600031122807,2.449769386890746,No,32.3440296277965,S
1999.8333333333335,0.08489087763479074,32.67257203545222,-0.2530229154973398,-2.4954600031122807,2.449769386890746,No,32.50443999758967,S
1999.9166666666667,0.18151736051548964,32.67463272746411,-0.19129972059675282,-2.4954600031122807,2.449769386890746,No,32.66485036738285,S
2000,0.007073759424668405,32.676693419475995,0.14149355827535004,-2.4954600031122807,2.449769386890746,No,32.825260737176016,S
2000.0833333333335,0.07902574344425722,32.67875411148789,0.22789125203703975,-2.4954600031122807,2.449769386890746,No,32.985671106969185,S
2000.1666666666667,-0.00797827589885404,32.68081480349978,0.4732449491614332,-2.4954600031122807,2.449769386890746,No,33.146081476762355,S
2000.25,0.026672783179947965,32.68287549551167,-0.12490309620537232,-2.4954600031122807,2.449769386890746,No,32.58464518248624,S
2000.3333333333335,-0.09046506892491513,32.684936187523554,-0.5712622303885198,-2.4954600031122807,2.449769386890746,No,32.02320888821012,S
2000.4166666666667,-0.05341853383008307,32.68314627151859,-0.6065188494783413,-2.4954600031122807,2.449769386890746,No,32.023208888210164,S
2000.5,-0.14035659806810144,32.68135635551362,-0.09671364852830777,-2.4954600031122807,2.449769386890746,No,32.44428610891721,S
2000.5833333333335,-0.11420663365424719,32.67956643950865,0.3000035237698526,-2.4954600031122807,2.449769386890746,No,32.86536332962425,S
2000.6666666666667,-0.024485688519633786,32.67777652350368,0.3606879843015278,-2.4954600031122807,2.449769386890746,No,33.013978819285576,S
2000.75,0.05173027699299637,32.675986607498714,0.4348774244551876,-2.4954600031122807,2.449769386890746,No,33.1625943089469,S
2000.8333333333335,0.08489087763479074,32.67419669149375,0.5521222294796857,-2.4954600031122807,2.449769386890746,No,33.311209798608225,S
2000.9166666666667,0.18151736051548964,32.672406775488774,0.6059011522652824,-2.4954600031122807,2.449769386890746,No,33.45982528826955,S
2001,0.007073759424668405,32.67061685948381,0.9307501590223879,-2.4954600031122807,2.449769386890746,No,33.608440777930866,S
2001.0833333333335,0.07902574344425722,32.66882694347884,1.0092035806690944,-2.4954600031122807,2.449769386890746,No,33.75705626759219,S
2001.1666666666667,-0.00797827589885404,32.667037027473874,1.2466130056784976,-2.4954600031122807,2.449769386890746,No,33.905671757253515,S
2001.25,0.026672783179947965,32.66524711146891,1.3623673522659843,-2.4954600031122807,2.449769386890746,No,34.05428724691484,S
2001.3333333333335,-0.09046506892491513,32.663457195463934,1.6299106100371432,-2.4954600031122807,2.449769386890746,No,34.20290273657616,S
2001.4166666666667,-0.05341853383008307,32.66166727945897,1.7432694806086033,-2.4954600031122807,2.449769386890746,No,34.35151822623749,S
2001.5,-0.14035659806810144,32.659877363454,1.9806129505129135,-2.4954600031122807,2.449769386890746,No,34.50013371589881,S
2001.5833333333335,-0.11420663365424719,32.65655685220982,2.1063989870045674,-2.4954600031122807,2.449769386890746,No,34.64874920556014,S
2001.6666666666667,-0.024485688519633786,32.653236340965634,2.1686140427754523,-2.4954600031122807,2.449769386890746,No,34.797364695221454,S
2001.75,0.05173027699299637,32.64991582972145,2.244334078168329,-2.4954600031122807,2.449769386890746,No,34.94598018488278,S
2001.8333333333335,0.08489087763479074,32.64659531847727,2.363109478432044,-2.4954600031122807,2.449769386890746,No,35.0945956745441,S
2001.9166666666667,0.18151736051548964,32.643274807233084,2.4184189964568503,-2.4954600031122807,2.449769386890746,No,35.24321116420543,S
2002,0.007073759424668405,32.6399542959889,2.7447985984531797,-2.4954600031122807,2.449769386890746,Yes,35.39182665386675,S
2002.0833333333335,0.07902574344425722,32.63663378474472,0.9918028193616735,-2.4954600031122807,2.449769386890746,No,33.707462347550646,S
2002.1666666666667,-0.00797827589885404,32.633313273500534,-0.6022369563671361,-2.4954600031122807,2.449769386890746,No,32.02309804123454,S
2002.25,0.026672783179947965,32.62999276225635,-0.5212728555481689,-2.4954600031122807,2.449769386890746,No,32.13539268988813,S
2002.3333333333335,-0.09046506892491513,32.62667225101217,-0.2885198435455294,-2.4954600031122807,2.449769386890746,No,32.24768733854172,S
2002.4166666666667,-0.05341853383008307,32.62335173976798,-0.2099512187425887,-2.4954600031122807,2.449769386890746,No,32.35998198719531,S
2002.5,-0.14035659806810144,32.6200312285238,-0.0073979946067979085,-2.4954600031122807,2.449769386890746,No,32.4722766358489,S
2002.5833333333335,-0.11420663365424719,32.61671071727962,0.08206720087711972,-2.4954600031122807,2.449769386890746,No,32.58457128450249,S
2002.6666666666667,-0.024485688519633786,32.61339020603543,0.10796141564028261,-2.4954600031122807,2.449769386890746,No,32.69686593315608,S
2002.75,0.05173027699299637,32.6072919017335,0.15013840308317583,-2.4954600031122807,2.449769386890746,No,32.80916058180967,S
2002.8333333333335,0.08489087763479074,32.60119359743156,0.23537075539690733,-2.4954600031122807,2.449769386890746,No,32.92145523046326,S
2002.9166666666667,0.18151736051548964,32.595095293129624,0.25713722547173035,-2.4954600031122807,2.449769386890746,No,33.03374987911685,S
2003,0.007073759424668405,32.58899698882768,0.5499737795180906,-2.4954600031122807,2.449769386890746,No,33.14604452777044,S
2003.0833333333335,0.07902574344425722,32.582898684525745,0.5964147484540305,-2.4954600031122807,2.449769386890746,No,33.25833917642403,S
2003.1666666666667,-0.00797827589885404,32.57680038022381,0.8018117207526672,-2.4954600031122807,2.449769386890746,No,33.37063382507762,S
2003.25,0.026672783179947965,32.57070207592187,0.8855536146293872,-2.4954600031122807,2.449769386890746,No,33.48292847373121,S
2003.3333333333335,-0.09046506892491513,32.564603771619936,1.1210844196897796,-2.4954600031122807,2.449769386890746,No,33.5952231223848,S
2003.4166666666667,-0.05341853383008307,32.558505467318,1.202430837550473,-2.4954600031122807,2.449769386890746,No,33.70751777103839,S
2003.5,-0.14035659806810144,32.55240716301606,0.11639002227406792,-2.4954600031122807,2.449769386890746,No,32.52844058722203,S
2003.5833333333335,-0.11420663365424719,32.54630885871412,-1.0827388216542069,-2.4954600031122807,2.449769386890746,No,31.349363403405665,S
2003.6666666666667,-0.024485688519633786,32.540210554412184,-0.9604811659734551,-2.4954600031122807,2.449769386890746,No,31.555243699919096,S
2003.75,0.05173027699299637,32.53411225011025,-0.8247185306707117,-2.4954600031122807,2.449769386890746,No,31.76112399643253,S
2003.8333333333335,0.08489087763479074,32.52801394580831,-0.645900530497137,-2.4954600031122807,2.449769386890746,No,31.967004292945965,S
2003.9166666666667,0.18151736051548964,32.514711631328595,-0.5233444023846907,-2.4954600031122807,2.449769386890746,No,32.17288458945939,S
2004,0.007073759424668405,32.501409316848886,-0.1297181903007285,-2.4954600031122807,2.449769386890746,No,32.37876488597283,S
2004.0833333333335,0.07902574344425722,32.488107002369176,0.0175124366728312,-2.4954600031122807,2.449769386890746,No,32.58464518248626,S
2004.1666666666667,-0.00797827589885404,32.47480468788946,-0.022540303073363077,-2.4954600031122807,2.449769386890746,No,32.44428610891724,S
2004.25,0.026672783179947965,32.46150237340974,-0.18424812124148104,-2.4954600031122807,2.449769386890746,No,32.30392703534821,S
2004.3333333333335,-0.09046506892491513,32.448200058930034,-0.1941670282259338,-2.4954600031122807,2.449769386890746,No,32.16356796177919,S
2004.4166666666667,-0.05341853383008307,32.434897744450325,-0.3582703224100783,-2.4954600031122807,2.449769386890746,No,32.023208888210164,S
2004.5,-0.14035659806810144,32.42159542997061,-0.25802994369234256,-2.4954600031122807,2.449769386890746,No,32.023208888210164,S
2004.5833333333335,-0.11420663365424719,32.40829311549089,-0.27087759362648,-2.4954600031122807,2.449769386890746,No,32.023208888210164,S
2004.6666666666667,-0.024485688519633786,32.39499080101118,-0.32139315928965573,-2.4954600031122807,2.449769386890746,No,32.049111953201894,S
2004.75,0.05173027699299637,32.38168848653147,-0.35840374533084685,-2.4954600031122807,2.449769386890746,No,32.075015018193625,S
2004.8333333333335,0.08489087763479074,32.36838617205176,-0.3523589665011997,-2.4954600031122807,2.449769386890746,No,32.10091808318535,S
2004.9166666666667,0.18151736051548964,32.35508385757204,-0.40978006991045035,-2.4954600031122807,2.449769386890746,No,32.12682114817708,S
2005,0.007073759424668405,32.34178154309233,-0.19613108934819223,-2.4954600031122807,2.449769386890746,No,32.15272421316881,S
2005.0833333333335,0.07902574344425722,32.326286443896,-0.22668490917971695,-2.4954600031122807,2.449769386890746,No,32.17862727816054,S
2005.1666666666667,-0.00797827589885404,32.310791344699666,-0.0982827256485379,-2.4954600031122807,2.449769386890746,No,32.20453034315227,S
2005.25,0.026672783179947965,32.29529624550334,-0.09153562053928965,-2.4954600031122807,2.449769386890746,No,32.230433408143995,S
2005.3333333333335,-0.09046506892491513,32.27980114630701,0.06700039575363093,-2.4954600031122807,2.449769386890746,No,32.256336473135725,S
2005.4166666666667,-0.05341853383008307,32.26430604711067,0.07135202484686687,-2.4954600031122807,2.449769386890746,No,32.282239538127456,S
2005.5,-0.14035659806810144,32.24881094791434,1.0376271269160569,-2.4954600031122807,2.449769386890746,No,33.1460814767623,S
2005.5833333333335,-0.11420663365424719,32.23331584871801,-0.09590032685364491,-2.4954600031122807,2.449769386890746,No,32.023208888210114,S
2005.6666666666667,-0.024485688519633786,32.21782074952168,-0.17012617279192455,-2.4954600031122807,2.449769386890746,No,32.02320888821012,S
2005.75,0.05173027699299637,32.20232565032535,-0.23084703910821602,-2.4954600031122807,2.449769386890746,No,32.02320888821013,S
2005.8333333333335,0.08489087763479074,32.18683055112901,-0.24851254055366923,-2.4954600031122807,2.449769386890746,No,32.023208888210135,S
2005.9166666666667,0.18151736051548964,32.171335451932684,-0.3296439242380309,-2.4954600031122807,2.449769386890746,No,32.02320888821014,S
2006,0.007073759424668405,32.155840352736355,-0.1397052239508767,-2.4954600031122807,2.449769386890746,No,32.02320888821015,S
2006.0833333333335,0.07902574344425722,32.14034525354002,-0.19616210877412144,-2.4954600031122807,2.449769386890746,No,32.023208888210156,S
2006.1666666666667,-0.00797827589885404,32.12485015434369,-0.09366299023466951,-2.4954600031122807,2.449769386890746,No,32.023208888210164,S
2006.25,0.026672783179947965,32.1158308024368,-0.03293551516836146,-2.4954600031122807,2.449769386890746,No,32.10956807044838,S
2006.3333333333335,-0.09046506892491513,32.10681145052991,0.1795808710815976,-2.4954600031122807,2.449769386890746,No,32.195927252686594,S
2006.4166666666667,-0.05341853383008307,32.09779209862302,0.23791287013187912,-2.4954600031122807,2.449769386890746,No,32.28228643492481,S
2006.5,-0.14035659806810144,32.088772746716124,-0.20607782216739778,-2.4954600031122807,2.449769386890746,No,31.742338326480624,S
2006.5833333333335,-0.11420663365424719,32.07975339480923,-1.3863795772923915,-2.4954600031122807,2.449769386890746,No,30.57916718386259,S
2006.6666666666667,-0.024485688519633786,32.070734042902345,-0.02315031314817162,-2.4954600031122807,2.449769386890746,No,32.02309804123454,S
2006.75,0.05173027699299637,32.06171469099545,0.07810890209842114,-2.4954600031122807,2.449769386890746,No,32.19155387008687,S
2006.8333333333335,0.08489087763479074,32.05269533908856,0.22242348221585218,-2.4954600031122807,2.449769386890746,No,32.3600096989392,S
2006.9166666666667,0.18151736051548964,32.04367598718167,0.7604777592720211,-2.4954600031122807,2.449769386890746,No,32.985671106969185,S
2007,0.007073759424668405,32.03465663527478,-0.018589246307740837,-2.4954600031122807,2.449769386890746,No,32.02314114839171,S
2007.0833333333335,0.07902574344425722,32.025637283367885,-0.006656179203794466,-2.4954600031122807,2.449769386890746,No,32.098006847608346,S
2007.1666666666667,-0.00797827589885404,32.01661793146099,0.16423289126284857,-2.4954600031122807,2.449769386890746,No,32.17287254682498,S
2007.25,0.026672783179947965,32.007598579554106,0.2134668833075679,-2.4954600031122807,2.449769386890746,No,32.24773824604162,S
2007.3333333333335,-0.09046506892491513,31.998579227647213,0.4144897865359596,-2.4954600031122807,2.449769386890746,No,32.32260394525826,S
2007.4166666666667,-0.05341853383008307,31.99927182026822,0.4516163580367518,-2.4954600031122807,2.449769386890746,No,32.39746964447489,S
2007.5,-0.14035659806810144,31.999964412889227,0.6127275288704013,-2.4954600031122807,2.449769386890746,No,32.472335343691526,S
2007.5833333333335,-0.11420663365424719,32.000657005510234,0.6607506710521776,-2.4954600031122807,2.449769386890746,No,32.54720104290816,S
2007.6666666666667,-0.024485688519633786,32.00134959813124,0.645202832513192,-2.4954600031122807,2.449769386890746,No,32.6220667421248,S
2007.75,0.05173027699299637,32.00204219075225,0.643159973596191,-2.4954600031122807,2.449769386890746,No,32.69693244134144,S
2007.8333333333335,0.08489087763479074,32.002734783373256,0.7777376686162114,-2.4954600031122807,2.449769386890746,No,32.86536332962426,S
2007.9166666666667,0.18151736051548964,32.003427375994264,0.5119877048317036,-2.4954600031122807,2.449769386890746,No,32.69693244134146,S
2008,0.007073759424668405,32.00411996861527,0.8541696015843456,-2.4954600031122807,2.449769386890746,No,32.86536332962429,S
2008.0833333333335,0.07902574344425722,32.00481256123628,0.16386381345795797,-2.4954600031122807,2.449769386890746,No,32.24770211813849,S
2008.1666666666667,-0.00797827589885404,32.005505153857285,-1.5466850867952182,-2.4954600031122807,2.449769386890746,No,30.450841791163214,S
2008.25,0.026672783179947965,32.00619774647829,-3.3788890654703074,-2.4954600031122807,2.449769386890746,Yes,28.653981464187932,S
2008.3333333333335,-0.09046506892491513,32.0068903390993,-1.9148138022141517,-2.4954600031122807,2.449769386890746,No,30.001611467960235,S
2008.4166666666667,-0.05341853383008307,32.00758293172031,-0.6049229261576876,-2.4954600031122807,2.449769386890746,No,31.349241471732537,S
2008.5,-0.14035659806810144,32.008275524341315,-0.8555595530519184,-2.4954600031122807,2.449769386890746,No,31.012359373221294,S
2008.5833333333335,-0.11420663365424719,32.01311340663116,-1.2234294982668672,-2.4954600031122807,2.449769386890746,No,30.675477274710047,S
2008.6666666666667,-0.024485688519633786,32.01795128892101,-1.6548704242025742,-2.4954600031122807,2.449769386890746,No,30.338595176198805,S
2008.75,0.05173027699299637,32.02278917121086,-1.5955482634814047,-2.4954600031122807,2.449769386890746,No,30.47897118472245,S
2008.8333333333335,0.08489087763479074,32.027627053500716,-1.493170737889411,-2.4954600031122807,2.449769386890746,No,30.619347193246096,S
2008.9166666666667,0.18151736051548964,32.032464935790564,-1.4542590945363116,-2.4954600031122807,2.449769386890746,No,30.75972320176974,S
2009,0.007073759424668405,32.03730281808041,-1.1442773672116928,-2.4954600031122807,2.449769386890746,No,30.900099210293387,S
2009.0833333333335,0.07902574344425722,32.04214070037026,-1.0806912249974907,-2.4954600031122807,2.449769386890746,No,31.04047521881703,S
2009.1666666666667,-0.00797827589885404,32.04697858266011,-0.8581490794205813,-2.4954600031122807,2.449769386890746,No,31.180851227340675,S
2009.25,0.026672783179947965,32.05181646494996,-0.7572620122655849,-2.4954600031122807,2.449769386890746,No,31.32122723586432,S
2009.3333333333335,-0.09046506892491513,32.05665434723981,-0.5045860339269268,-2.4954600031122807,2.449769386890746,No,31.461603244387966,S
2009.4166666666667,-0.05341853383008307,32.06149222952966,-0.4060944427879676,-2.4954600031122807,2.449769386890746,No,31.60197925291161,S
2009.5,-0.14035659806810144,32.06633011181951,-0.3239942608397861,-2.4954600031122807,2.449769386890746,No,31.601979252911622,S
2009.5833333333335,-0.11420663365424719,32.07116799410936,-0.3549821075434778,-2.4954600031122807,2.449769386890746,No,31.601979252911633,S
2009.6666666666667,-0.024485688519633786,32.07600587639921,-0.9127716021231791,-2.4954600031122807,2.449769386890746,No,31.138748585756396,S
2009.75,0.05173027699299637,32.07865454036492,-1.4548668987567588,-2.4954600031122807,2.449769386890746,No,30.67551791860116,S
2009.8333333333335,0.08489087763479074,32.08130320433064,0.08142674839096031,-2.4954600031122807,2.449769386890746,No,32.24762083035639,S
2009.9166666666667,0.18151736051548964,32.08395186829635,1.5542545132997674,-2.4954600031122807,2.449769386890746,No,33.81972374211161,S
2010,0.007073759424668405,32.086600532262075,3.2981523621800974,-2.4954600031122807,2.449769386890746,Yes,35.39182665386684,S
2010.0833333333335,0.07902574344425722,32.08924919622779,2.1006421766506946,-2.4954600031122807,2.449769386890746,No,34.26891711632274,S
2010.1666666666667,-0.00797827589885404,32.091897860193505,1.0620879944839956,-2.4954600031122807,2.449769386890746,No,33.146007578778644,S
2010.25,0.026672783179947965,32.09454652415922,-0.09812126610462713,-2.4954600031122807,2.449769386890746,No,32.02309804123454,S
2010.3333333333335,-0.09046506892491513,32.097195188124935,0.016478769010092265,-2.4954600031122807,2.449769386890746,No,32.023208888210114,S
2010.4166666666667,-0.05341853383008307,32.09984385209065,3.345401335606276,-2.4954600031122807,2.449769386890746,Yes,35.39182665386684,S
2010.5,-0.14035659806810144,32.102492516056365,-0.3133533722656736,-2.4954600031122807,2.449769386890746,No,31.64878254572259,S
2010.5833333333335,-0.11420663365424719,32.10514118002209,0.7807883277253538,-2.4954600031122807,2.449769386890746,No,32.77172287409319,S
2010.6666666666667,-0.024485688519633786,32.1077898439878,3.3085224983986734,-2.4954600031122807,2.449769386890746,Yes,35.39182665386684,S
2010.75,0.05173027699299637,32.11043850795352,3.229657868920306,-2.4954600031122807,2.449769386890746,Yes,35.39182665386682,S
2010.8333333333335,0.08489087763479074,32.11308717191923,3.193848604312784,-2.4954600031122807,2.449769386890746,Yes,35.39182665386681,S
2010.9166666666667,0.18151736051548964,32.11446830639882,3.0958409869524743,-2.4954600031122807,2.449769386890746,Yes,35.39182665386679,S
2011,0.007073759424668405,32.1158494408784,3.268903453563702,-2.4954600031122807,2.449769386890746,Yes,35.39182665386677,S
2011.0833333333335,0.07902574344425722,32.117230575357986,3.1955703350645095,-2.4954600031122807,2.449769386890746,Yes,35.39182665386675,S
2011.1666666666667,-0.00797827589885404,32.11861170983757,0.47401174854750394,-2.4954600031122807,2.449769386890746,No,32.58464518248622,S
2011.25,0.026672783179947965,32.11999284431715,0.3256516522428754,-2.4954600031122807,2.449769386890746,No,32.472317279739976,S
2011.3333333333335,-0.09046506892491513,32.12137397879674,-0.8500830849630034,-2.4954600031122807,2.449769386890746,No,31.180825824908823,S
2011.4166666666667,-0.05341853383008307,32.12275511327632,-0.5275329887201039,-2.4954600031122807,2.449769386890746,No,31.541803590726133,S
2011.5,-0.14035659806810144,32.12413624775591,-3.3297981854998717,-2.4954600031122807,2.449769386890746,Yes,28.653981464187932,S
2011.5833333333335,-0.11420663365424719,32.12551738223549,-1.672715572382188,-2.4954600031122807,2.449769386890746,No,30.338595176199057,S
2011.6666666666667,-0.024485688519633786,32.12689851671507,-0.07932587165845462,-2.4954600031122807,2.449769386890746,No,32.023086956536986,S
2011.75,0.05173027699299637,32.12827965119466,0.5169225131538511,-2.4954600031122807,2.449769386890746,No,32.69693244134151,S
2011.8333333333335,0.08489087763479074,32.12966078567425,0.4462884448290012,-2.4954600031122807,2.449769386890746,No,32.66084010813804,S
2011.9166666666667,0.18151736051548964,32.13104192015383,0.3121884942652571,-2.4954600031122807,2.449769386890746,No,32.624747774934576,S
2012,0.007073759424668405,32.13242305463341,0.4491586276730217,-2.4954600031122807,2.449769386890746,No,32.588655441731106,S
2012.0833333333335,0.07902574344425722,32.138883230565526,0.3346541345178622,-2.4954600031122807,2.449769386890746,No,32.55256310852764,S
2012.1666666666667,-0.00797827589885404,32.14534340649764,0.3791056447253922,-2.4954600031122807,2.449769386890746,No,32.51647077532417,S
2012.25,0.026672783179947965,32.15180358242974,0.30190207651101986,-2.4954600031122807,2.449769386890746,No,32.48037844212071,S
2012.3333333333335,-0.09046506892491513,32.158263758361855,0.3764874194802985,-2.4954600031122807,2.449769386890746,No,32.44428610891724,S
2012.4166666666667,-0.05341853383008307,32.16472393429397,0.6009389398124085,-2.4954600031122807,2.449769386890746,No,32.71224434027629,S
2012.5,-0.14035659806810144,32.17118411022608,0.9493750594773758,-2.4954600031122807,2.449769386890746,No,32.98020257163535,S
2012.5833333333335,-0.11420663365424719,32.17764428615819,1.1847231504904627,-2.4954600031122807,2.449769386890746,No,33.248160802994406,S
2012.6666666666667,-0.024485688519633786,32.184104462090296,1.356500260782795,-2.4954600031122807,2.449769386890746,No,33.51611903435346,S
2012.75,0.05173027699299637,32.19056463802241,1.5417823506971047,-2.4954600031122807,2.449769386890746,No,33.78407726571251,S
2012.8333333333335,0.08489087763479074,32.19702481395452,1.7701198054822598,-2.4954600031122807,2.449769386890746,No,34.05203549707157,S
2012.9166666666667,0.18151736051548964,32.20348498988663,1.9349913780284993,-2.4954600031122807,2.449769386890746,No,34.319993728430624,S
2013,0.007073759424668405,32.20994516581874,2.370933034546269,-2.4954600031122807,2.449769386890746,No,34.58795195978968,S
2013.0833333333335,0.07902574344425722,32.21640534175085,2.5604791059536254,-2.4954600031122807,2.449769386890746,Yes,34.85591019114873,S
2013.1666666666667,-0.00797827589885404,32.22286551768296,2.9089811807236856,-2.4954600031122807,2.449769386890746,Yes,35.12386842250779,S
2013.25,0.026672783179947965,32.22645859546981,3.1386952752170885,-2.4954600031122807,2.449769386890746,Yes,35.39182665386684,S
2013.3333333333335,-0.09046506892491513,32.230051673256646,-0.5977830136055999,-2.4954600031122807,2.449769386890746,No,31.541803590726133,S
2013.4166666666667,-0.05341853383008307,32.23364475104349,-0.11700183060722935,-2.4954600031122807,2.449769386890746,No,32.06322438660618,S
2013.5,-0.14035659806810144,32.23723782883033,0.48776395172399134,-2.4954600031122807,2.449769386890746,No,32.58464518248622,S
2013.5833333333335,-0.11420663365424719,32.24083090661718,-0.10352969569637338,-2.4954600031122807,2.449769386890746,No,32.023094577266555,S
2013.6666666666667,-0.024485688519633786,32.244423984404015,-0.8705748924786931,-2.4954600031122807,2.449769386890746,No,31.34936340340569,S
2013.75,0.05173027699299637,32.24801706219086,-0.6977680862722266,-2.4954600031122807,2.449769386890746,No,31.60197925291163,S
2013.8333333333335,0.08489087763479074,32.25161013997771,-3.682519553424566,-2.4954600031122807,2.449769386890746,Yes,28.653981464187932,S
2013.9166666666667,0.18151736051548964,32.255203217764546,-3.782739114092145,-2.4954600031122807,2.449769386890746,Yes,28.65398146418789,S
2014,0.007073759424668405,32.25879629555139,-3.6118885907882152,-2.4954600031122807,2.449769386890746,Yes,28.653981464187844,S
2014.0833333333335,0.07902574344425722,32.26238937333823,-3.687433652594688,-2.4954600031122807,2.449769386890746,Yes,28.6539814641878,S
2014.1666666666667,-0.00797827589885404,32.265982451125076,-3.6040227110384677,-2.4954600031122807,2.449769386890746,Yes,28.653981464187755,S
2014.25,0.026672783179947965,32.269575528911915,-3.64226684790415,-2.4954600031122807,2.449769386890746,Yes,28.653981464187712,S
2014.3333333333335,-0.09046506892491513,32.27316860669876,0.5890870761377656,-2.4954600031122807,2.449769386890746,No,32.77179061391161,S
2014.4166666666667,-0.05341853383008307,32.27188869374356,0.22576514413992754,-2.4954600031122807,2.449769386890746,No,32.44423530405341,S
2014.5,-0.14035659806810144,32.270608780788365,-0.013572188525067475,-2.4954600031122807,2.449769386890746,No,32.116679994195195,S
2014.5833333333335,-0.11420663365424719,32.26932886783316,-0.365997549841925,-2.4954600031122807,2.449769386890746,No,31.789124684336986,S
2014.6666666666667,-0.024485688519633786,32.26804895487796,-0.7819938918795515,-2.4954600031122807,2.449769386890746,No,31.461569374478778,S
2014.75,0.05173027699299637,32.266769041922764,-1.1375972867111983,-2.4954600031122807,2.449769386890746,No,31.18090203220456,S
2014.8333333333335,0.08489087763479074,32.265489128967566,-0.8085764158762245,-2.4954600031122807,2.449769386890746,No,31.541803590726133,S
2014.9166666666667,0.18151736051548964,32.26420921601236,-0.7576493949016232,-2.4954600031122807,2.449769386890746,No,31.688077181626227,S
2015,0.007073759424668405,32.26292930305716,-0.435652289955506,-2.4954600031122807,2.449769386890746,No,31.834350772526324,S
2015.0833333333335,0.07902574344425722,32.261649390101965,-0.36005077011980546,-2.4954600031122807,2.449769386890746,No,31.98062436342642,S
2015.1666666666667,-0.00797827589885404,32.26036947714677,-0.12549324692139407,-2.4954600031122807,2.449769386890746,No,32.126897954326516,S
2015.25,0.026672783179947965,32.25908956419157,-0.012590802144906377,-2.4954600031122807,2.449769386890746,No,32.27317154522661,S
2015.3333333333335,-0.09046506892491513,32.257809651236364,0.25210055381525365,-2.4954600031122807,2.449769386890746,No,32.419445136126704,S
2015.4166666666667,-0.05341853383008307,32.256529738281166,-0.9286195215792503,-2.4954600031122807,2.449769386890746,No,31.274491682871833,S
2015.5,-0.14035659806810144,32.25524982532597,-0.5222272150355387,-2.4954600031122807,2.449769386890746,No,31.592666012222328,S
2015.5833333333335,-0.11420663365424719,32.252852458588784,-0.22780548336171336,-2.4954600031122807,2.449769386890746,No,31.910840341572822,S
2015.6666666666667,-0.024485688519633786,32.25045509185159,0.0030452675913537064,-2.4954600031122807,2.449769386890746,No,32.22901467092331,S
2015.75,0.05173027699299637,32.24805772511441,0.24740099816640537,-2.4954600031122807,2.449769386890746,No,32.54718900027381,S
2015.8333333333335,0.08489087763479074,32.24566035837722,0.5348120936122882,-2.4954600031122807,2.449769386890746,No,32.8653633296243,S
2015.9166666666667,0.18151736051548964,32.24326299164004,-0.40168231092098594,-2.4954600031122807,2.449769386890746,No,32.02309804123454,S
2016,0.007073759424668405,32.240865624902845,-0.6459601314158689,-2.4954600031122807,2.449769386890746,No,31.601979252911644,S
2016.0833333333335,0.07902574344425722,32.23846825816566,-0.2944375279911675,-2.4954600031122807,2.449769386890746,No,32.02305647361875,S
2016.1666666666667,-0.00797827589885404,32.236070891428476,-0.2531636075514463,-2.4954600031122807,2.449769386890746,No,31.974929007978176,S
2016.25,0.026672783179947965,32.233673524691284,-0.333544765533631,-2.4954600031122807,2.449769386890746,No,31.9268015423376,S
2016.3333333333335,-0.09046506892491513,32.2312761579541,-0.2621370123321576,-2.4954600031122807,2.449769386890746,No,31.878674076697028,S
2016.4166666666667,-0.05341853383008307,32.228878791216914,-0.34491364633037946,-2.4954600031122807,2.449769386890746,No,31.83054661105645,S
2016.5,-0.14035659806810144,32.22648142447973,-0.30370568099575124,-2.4954600031122807,2.449769386890746,No,31.782419145415876,S
2016.5833333333335,-0.11420663365424719,32.22408405774254,0.17236211403916712,-2.4954600031122807,2.449769386890746,No,32.282239538127456,S
2016.6666666666667,-0.024485688519633786,32.22168669100535,1.1215675742215012,-2.4954600031122807,2.449769386890746,No,33.31876857670722,S
2016.75,0.05173027699299637,32.21840214109341,2.085165197200581,-2.4954600031122807,2.449769386890746,No,34.355297615286986,S
2016.8333333333335,0.08489087763479074,32.21511759118146,3.0918181850504993,-2.4954600031122807,2.449769386890746,Yes,35.39182665386675,S
2016.9166666666667,0.18151736051548964,32.211833041269514,1.3141673692534184,-2.4954600031122807,2.449769386890746,No,33.707517771038425,S
2017,0.007073759424668405,32.20854849135757,1.0707420922533473,-2.4954600031122807,2.449769386890746,No,33.286364343035586,S
2017.0833333333335,0.07902574344425722,32.20526394144562,0.5809212301428701,-2.4954600031122807,2.449769386890746,No,32.86521091503275,S
2017.1666666666667,-0.00797827589885404,32.201979391533676,0.25005637139509673,-2.4954600031122807,2.449769386890746,No,32.444057487029916,S
2017.25,0.026672783179947965,32.19869484162173,-0.20246356577460034,-2.4954600031122807,2.449769386890746,No,32.02290405902708,S
2017.3333333333335,-0.09046506892491513,32.19541029170979,0.29248678845758036,-2.4954600031122807,2.449769386890746,No,32.39743201124246,S
2017.4166666666667,-0.05341853383008307,32.192125741797845,0.2587248032746601,-2.4954600031122807,2.449769386890746,No,32.39743201124242,S
2017.5,-0.14035659806810144,32.1888411918859,0.8355594090398029,-2.4954600031122807,2.449769386890746,No,32.8840440028576,S
2017.5833333333335,-0.11420663365424719,32.18555664197395,1.2993059861530725,-2.4954600031122807,2.449769386890746,No,33.37065599447278,S
2017.6666666666667,-0.024485688519633786,32.18227209206201,-3.503804939354442,-2.4954600031122807,2.449769386890746,Yes,28.653981464187932,S
2017.75,0.05173027699299637,32.17898754215006,-0.5139131800923948,-2.4954600031122807,2.449769386890746,No,31.71680463905066,S
2017.8333333333335,0.08489087763479074,32.175702992238115,1.110062124599871,-2.4954600031122807,2.449769386890746,No,33.37065599447278,S
2017.9166666666667,0.18151736051548964,32.17112154719621,-3.6986574435237642,-2.4954600031122807,2.449769386890746,Yes,28.653981464187932,S
2018,0.007073759424668405,32.16654010215429,-3.145286111052517,-2.4954600031122807,2.449769386890746,Yes,29.028327750526444,S
2018.0833333333335,0.07902574344425722,32.161958657112386,-2.83831036369169,-2.4954600031122807,2.449769386890746,Yes,29.402674036864955,S
2018.1666666666667,-0.00797827589885404,32.15737721207047,-2.3723786129681486,-2.4954600031122807,2.449769386890746,No,29.77702032320347,S
2018.25,0.026672783179947965,32.152795767028564,-2.028101940666531,-2.4954600031122807,2.449769386890746,No,30.15136660954198,S
2018.3333333333335,-0.09046506892491513,32.14821432198665,-1.5320363571812443,-2.4954600031122807,2.449769386890746,No,30.525712895880492,S
2018.4166666666667,-0.05341853383008307,32.14363287694474,-1.1901551608956566,-2.4954600031122807,2.449769386890746,No,30.900059182219003,S
2018.5,-0.14035659806810144,32.139051431902836,-0.7242893652772153,-2.4954600031122807,2.449769386890746,No,31.274405468557518,S
2018.5833333333335,-0.11420663365424719,32.13446998686092,-0.3715115983106436,-2.4954600031122807,2.449769386890746,No,31.64875175489603,S
2018.6666666666667,-0.024485688519633786,32.129888541819014,-0.08230481206484086,-2.4954600031122807,2.449769386890746,No,32.02309804123454,S
2018.75,0.05173027699299637,32.1253070967771,0.5198063899908689,-2.4954600031122807,2.449769386890746,No,32.69684376376097,S
2018.8333333333335,0.08489087763479074,32.12072565173519,1.1649729569174028,-2.4954600031122807,2.449769386890746,No,33.370589486287386,S
2018.9166666666667,0.18151736051548964,32.11614420669328,1.7466736416050423,-2.4954600031122807,2.449769386890746,No,34.04433520881381,S
2019,0.007073759424668405,32.11156276165137,2.5994444102641907,-2.4954600031122807,2.449769386890746,Yes,34.71808093134023,S
2019.0833333333335,0.07902574344425722,32.10650376697202,3.206297143450385,-2.4954600031122807,2.449769386890746,Yes,35.39182665386666,S
2019.1666666666667,-0.00797827589885404,32.101444772292666,-0.0702576081835673,-2.4954600031122807,2.449769386890746,No,32.02320888821024,S
2019.25,0.026672783179947965,32.09638577761332,0.18086847455500532,-2.4954600031122807,2.449769386890746,No,32.30392703534827,S
2019.3333333333335,-0.09046506892491513,32.09132678293397,0.5837834684772503,-2.4954600031122807,2.449769386890746,No,32.584645182486305,S
2019.4166666666667,-0.05341853383008307,32.08626778825462,0.8325140751998035,-2.4954600031122807,2.449769386890746,No,32.86536332962434,S
2019.5,-0.14035659806810144,32.081208793575264,1.2052292812552068,-2.4954600031122807,2.449769386890746,No,33.14608147676237,S
2019.5833333333335,-0.11420663365424719,32.07614979889591,1.464856458658737,-2.4954600031122807,2.449769386890746,No,33.4267996239004,S
2019.6666666666667,-0.024485688519633786,32.07109080421657,1.6609126553414981,-2.4954600031122807,2.449769386890746,No,33.70751777103843,S
2019.75,0.05173027699299637,32.066031809537215,0.747525035798354,-2.4954600031122807,2.449769386890746,No,32.86528712232857,S
2019.8333333333335,0.08489087763479074,32.06097281485786,-0.12280721887395885,-2.4954600031122807,2.449769386890746,No,32.023056473618695,S
2019.9166666666667,0.18151736051548964,32.05591382017851,-1.0566053557851696,-2.4954600031122807,2.449769386890746,No,31.18082582490883,S
2020,0.007073759424668405,32.050854825499165,-1.7193334087248715,-2.4954600031122807,2.449769386890746,No,30.33859517619896,S
2020.0833333333335,0.07902574344425722,32.04579583081981,0.8608495327051173,-2.4954600031122807,2.449769386890746,No,32.985671106969185,S
2020.1666666666667,-0.00797827589885404,32.04073683614046,-3.3787770960536747,-2.4954600031122807,2.449769386890746,Yes,28.653981464187932,S
2020.25,0.026672783179947965,32.034667413418376,3.3304864572685204,-2.4954600031122807,2.449769386890746,Yes,35.39182665386684,S
2020.3333333333335,-0.09046506892491513,32.028597990696284,0.08496511946317042,-2.4954600031122807,2.449769386890746,No,32.02309804123454,S
2020.4166666666667,-0.05341853383008307,32.0225285679742,-3.3151285699566237,-2.4954600031122807,2.449769386890746,Yes,28.653981464187492,S
2020.5,-0.14035659806810144,32.01645914525211,0.14698440935298152,-2.4954600031122807,2.449769386890746,No,32.023086956536986,S
2020.5833333333335,-0.11420663365424719,32.01038972253002,-1.557648878513426,-2.4954600031122807,2.449769386890746,No,30.338534210362347,S
2020.6666666666667,-0.024485688519633786,32.00432029980793,-3.3258531471005846,-2.4954600031122807,2.449769386890746,Yes,28.653981464187712,S
2020.75,0.05173027699299637,31.998250877085844,-1.711446943716485,-2.4954600031122807,2.449769386890746,No,30.338534210362354,S
2020.8333333333335,0.08489087763479074,31.992181454363756,-0.053985375461547136,-2.4954600031122807,2.449769386890746,No,32.023086956537,S
2020.9166666666667,0.18151736051548964,31.986112031641667,-0.1444205039469928,-2.4954600031122807,2.449769386890746,No,32.023208888210164,S
2021,0.007073759424668405,31.98004260891958,0.03606480812200985,-2.4954600031122807,2.449769386890746,No,32.02318117646626,S
2021.0833333333335,0.07902574344425722,31.973973186197494,-0.029845464919397102,-2.4954600031122807,2.449769386890746,No,32.023153464722355,S
2021.1666666666667,-0.00797827589885404,31.967903763475405,0.06320026540189616,-2.4954600031122807,2.449769386890746,No,32.023125752978444,S
2021.25,0.026672783179947965,31.961834340753317,0.03459091730127639,-2.4954600031122807,2.449769386890746,No,32.02309804123454,S
2021.3333333333335,-0.09046506892491513,31.955764918031228,0.1578203615233491,-2.4954600031122807,2.449769386890746,No,32.02312021062966,S
2021.4166666666667,-0.05341853383008307,31.949608604685476,0.12695230916939337,-2.4954600031122807,2.449769386890746,No,32.02314238002479,S
2021.5,-0.14035659806810144,31.943452291339725,0.22006885614829486,-2.4954600031122807,2.449769386890746,No,32.02316454941992,S
2021.5833333333335,-0.11420663365424719,31.93729597799397,0.2000973744753196,-2.4954600031122807,2.449769386890746,No,32.02318671881504,S
2021.6666666666667,-0.024485688519633786,31.931139664648217,0.11655491208157898,-2.4954600031122807,2.449769386890746,No,32.023208888210164,S
2021.75,0.05173027699299637,31.924983351302465,-1.0765805480927817,-2.4954600031122807,2.449769386890746,No,30.90013308020268,S
2021.8333333333335,0.08489087763479074,31.918827037956714,-1.0033210964304047,-2.4954600031122807,2.449769386890746,No,31.0003968191611,S
2021.9166666666667,0.18151736051548964,31.912670724610958,-0.9935275270069255,-2.4954600031122807,2.449769386890746,No,31.10066055811952,S
2022,0.007073759424668405,31.906514411265206,-0.7126638736119304,-2.4954600031122807,2.449769386890746,No,31.200924297077943,S
2022.0833333333335,0.07902574344425722,31.900358097919455,-0.6781958053273449,-2.4954600031122807,2.449769386890746,No,31.30118803603637,S
2022.1666666666667,-0.00797827589885404,31.894201784573703,-0.4847717336800592,-2.4954600031122807,2.449769386890746,No,31.40145177499479,S
2022.25,0.026672783179947965,31.88804547122795,-0.41300274045468655,-2.4954600031122807,2.449769386890746,No,31.50171551395321,S
2022.3333333333335,-0.09046506892491513,31.881889157882195,-0.18944483604564866,-2.4954600031122807,2.449769386890746,No,31.601979252911633,S
2022.4166666666667,-0.05341853383008307,31.875732844536444,-0.3160690658171035,-2.4954600031122807,2.449769386890746,No,31.506245244889257,S
2022.5,-0.14035659806810144,31.869576531190692,-0.3187086962557082,-2.4954600031122807,2.449769386890746,No,31.41051123686688,S
2022.5833333333335,-0.11420663365424719,31.86357862427944,-0.1347298130381418,-2.4954600031122807,2.449769386890746,No,31.61464217758705,S
2022.6666666666667,-0.024485688519633786,31.857580717368194,-0.014321910541340799,-2.4954600031122807,2.449769386890746,No,31.81877311830722,S
2022.75,0.05173027699299637,31.851582810456947,0.11959097157744836,-2.4954600031122807,2.449769386890746,No,32.02290405902739,S
2022.8333333333335,0.08489087763479074,31.845584903545696,-0.5811123777748577,-2.4954600031122807,2.449769386890746,No,31.34936340340563,S
2022.9166666666667,0.18151736051548964,31.839586996634445,0.338905341789264,-2.4954600031122807,2.449769386890746,No,32.3600096989392,S
2023,0.007073759424668405,31.833589089723198,-0.7721293635806674,-2.4954600031122807,2.449769386890746,No,31.068533485567198,S
2023.0833333333335,0.07902574344425722,31.82759118281195,-2.1295596540610156,-2.4954600031122807,2.449769386890746,No,29.777057272195194,S
2023.1666666666667,-0.00797827589885404,31.8215932759007,0.20950009461355634,-2.4954600031122807,2.449769386890746,No,32.0231150946154,S
2023.25,0.026672783179947965,31.81559536898945,0.6621718454202679,-2.4954600031122807,2.449769386890746,No,32.504439997589664,S
2023.3333333333335,-0.09046506892491513,31.8095974620782,1.9883853778851233,-2.4954600031122807,2.449769386890746,No,33.70751777103841,S
2023.4166666666667,-0.05341853383008307,31.803599555166954,0.27292625714564167,-2.4954600031122807,2.449769386890746,No,32.02310727848251,S
2023.5,-0.14035659806810144,31.797601648255704,3.7345816036790573,-2.4954600031122807,2.449769386890746,Yes,35.39182665386666,S
2023.5833333333335,-0.11420663365424719,31.791603741344453,2.591520008632415,-2.4954600031122807,2.449769386890746,Yes,34.26891711632262,S
2023.6666666666667,-0.024485688519633786,31.785605834433206,1.384887432865007,-2.4954600031122807,2.449769386890746,No,33.14600757877858,S
2023.75,0.05173027699299637,31.780270811361127,0.19109695288041806,-2.4954600031122807,2.449769386890746,No,32.02309804123454,S
2023.8333333333335,0.08489087763479074,31.774935788289053,-1.5212314897249293,-2.4954600031122807,2.449769386890746,No,30.338595176198915,S
2023.9166666666667,0.18151736051548964,31.769600765216975,1.0345529812367182,-2.4954600031122807,2.449769386890746,No,32.985671106969185,S
2024,0.007073759424668405,31.764265742144897,3.6204871522971835,-2.4954600031122807,2.449769386890746,Yes,35.39182665386675,S
2024.0833333333335,0.07902574344425722,31.75893071907282,0.18494759651004244,-2.4954600031122807,2.449769386890746,No,32.02290405902712,S
2024.1666666666667,-0.00797827589885404,31.753595696000744,-3.0916359559143984,-2.4954600031122807,2.449769386890746,Yes,28.653981464187492,S
2024.25,0.026672783179947965,31.748260672928666,0.24817382237390007,-2.4954600031122807,2.449769386890746,No,32.02310727848251,S
2024.3333333333335,-0.09046506892491513,31.742925649856588,0.29043425481656726,-2.4954600031122807,2.449769386890746,No,31.94289483574824,S
2024.4166666666667,-0.05341853383008307,31.737590626784513,0.1785103000595356,-2.4954600031122807,2.449769386890746,No,31.862682393013966,S
2024.5,-0.14035659806810144,31.732255603712435,0.19057094463536117,-2.4954600031122807,2.449769386890746,No,31.782469950279694,S
2024.5833333333335,-0.11420663365424719,31.726920580640357,0.08954356055931356,-2.4954600031122807,2.449769386890746,No,31.702257507545422,S
2024.6666666666667,-0.024485688519633786,31.72158555756828,-0.07505480423749589,-2.4954600031122807,2.449769386890746,No,31.62204506481115,S
2024.75,0.05173027699299637,31.716250534496204,-0.22614818941232429,-2.4954600031122807,2.449769386890746,No,31.541832622076875,S
2024.8333333333335,0.08489087763479074,31.710915511424126,-0.3341862097163144,-2.4954600031122807,2.449769386890746,No,31.461620179342603,S
2024.9166666666667,0.18151736051548964,31.70623242656147,3.5040768667898803,-2.4954600031122807,2.449769386890746,Yes,35.39182665386684,S
2025,0.007073759424668405,31.701549341698815,-0.24705372664467973,-2.4954600031122807,2.449769386890746,No,31.461569374478803,S
2025.0833333333335,0.07902574344425722,31.696866256836156,-3.1219105360927024,-2.4954600031122807,2.449769386890746,Yes,28.653981464187712,S
2025.1666666666667,-0.00797827589885404,31.6921831719735,0.3390039921354919,-2.4954600031122807,2.449769386890746,No,32.023208888210135,S
2025.25,0.026672783179947965,31.687500087110845,-0.02794769031945421,-2.4954600031122807,2.449769386890746,No,31.686225179971338,S
2025.3333333333335,-0.09046506892491513,31.68281700224819,-0.24311046159073868,-2.4954600031122807,2.449769386890746,No,31.349241471732537,S
2025.4166666666667,-0.05341853383008307,31.67813391738553,1.3609557234137384,-2.4954600031122807,2.449769386890746,No,32.985671106969185,S
2025.5,-0.14035659806810144,31.673450832522875,-1.7560369622596106,-2.4954600031122807,2.449769386890746,No,29.77705727219516,S
2025.5833333333335,-0.11420663365424719,31.66876774766022,0.20938264030000653,-2.4954600031122807,2.449769386890746,No,31.763943754305977,S
2025.6666666666667,-0.024485688519633786,31.664084662797563,0.253921923492328,-2.4954600031122807,2.449769386890746,No,31.89352089777026,S
2025.75,0.05173027699299637,31.659401577934904,0.3119661863066412,-2.4954600031122807,2.449769386890746,No,32.02309804123454,S
2025.8333333333335,0.08489087763479074,31.65471849307225,3.6522172831598034,-2.4954600031122807,2.449769386890746,Yes,35.39182665386684,S
2025.9166666666667,0.18151736051548964,31.650035408209593,3.5602738851417577,-2.4954600031122807,2.449769386890746,Yes,35.39182665386684,S
