x,seasonal,trend,remainder,remainder_l1,remainder_l2,anomaly,observed,Zone
1981.6666666666667,0.08605414704394197,1.3100666289578937,-0.17491554147424782,-0.9836732396051799,1.0122977329517238,No,1.221205234527588,NW
1981.75,0.028121338248497572,1.3145428940052803,-0.12145899772618995,-0.9836732396051799,1.0122977329517238,No,1.221205234527588,NW
1981.8333333333335,0.01224784111451638,1.319019159052667,-0.11006176563959547,-0.9836732396051799,1.0122977329517238,No,1.221205234527588,NW
1981.9166666666667,-0.1074469402301911,1.3234954241000538,0.005156750657725251,-0.9836732396051799,1.0122977329517238,No,1.221205234527588,NW
1982,-0.1496828165464797,1.3279716891474405,0.04291636192662707,-0.9836732396051799,1.0122977329517238,No,1.221205234527588,NW
1982.0833333333335,-0.13925062809536418,1.332447954194827,0.02800790842812506,-0.9836732396051799,1.0122977329517238,No,1.221205234527588,NW
1982.1666666666667,-0.09002783678349655,1.3369242192422137,-0.052970763333350934,-0.9836732396051799,1.0122977329517238,No,1.1939256191253662,NW
1982.25,0.04445133814961237,1.3414004842896006,-0.21920581871606837,-0.9836732396051799,1.0122977329517238,No,1.1666460037231445,NW
1982.3333333333335,0.0872542921625712,1.3458767493369872,-0.29376465317863554,-0.9836732396051799,1.0122977329517238,No,1.1393663883209229,NW
1982.4166666666667,0.10083594167443836,1.3503530143843738,-0.3391021831401111,-0.9836732396051799,1.0122977329517238,No,1.1120867729187012,NW
1982.5,0.027247170922740357,1.3548292794317605,-0.2972692928380214,-0.9836732396051799,1.0122977329517238,No,1.0848071575164795,NW
1982.5833333333335,0.10019615405057686,1.359305544479147,-0.345654959396525,-0.9836732396051799,1.0122977329517238,No,1.113846739133199,NW
1982.6666666666667,0.08605414704394197,1.363781809526534,-0.30694963582055723,-0.9836732396051799,1.0122977329517238,No,1.1428863207499187,NW
1982.75,0.028121338248497572,1.3682580745739206,-0.22445351045577988,-0.9836732396051799,1.0122977329517238,No,1.1719259023666382,NW
1982.8333333333335,0.01224784111451638,1.3727343396213072,-0.18401669675246568,-0.9836732396051799,1.0122977329517238,No,1.200965483983358,NW
1982.9166666666667,-0.1074469402301911,1.3766416051363324,-0.039189599306063805,-0.9836732396051799,1.0122977329517238,No,1.2300050656000774,NW
1983,-0.1496828165464797,1.3805488706513573,0.02817859311191917,-0.9836732396051799,1.0122977329517238,No,1.2590446472167969,NW
1983.0833333333335,-0.13925062809536418,1.3844561361663823,0.042878720762498546,-0.9836732396051799,1.0122977329517238,No,1.2880842288335166,NW
1983.1666666666667,-0.09002783678349655,1.3883634016814075,0.018788245552325167,-0.9836732396051799,1.0122977329517238,No,1.317123810450236,NW
1983.25,0.04445133814961237,1.3922706671964327,-0.0905586132790892,-0.9836732396051799,1.0122977329517238,No,1.3461633920669558,NW
1983.3333333333335,0.0872542921625712,1.3961779327114576,-0.10822925119035354,-0.9836732396051799,1.0122977329517238,No,1.3752029736836753,NW
1983.4166666666667,0.10083594167443836,1.4000851982264826,-0.09667858460052603,-0.9836732396051799,1.0122977329517238,No,1.404242555300395,NW
1983.5,0.027247170922740357,1.4039924637415078,0.002042502252866285,-0.9836732396051799,1.0122977329517238,No,1.4332821369171145,NW
1983.5833333333335,0.10019615405057686,1.407899729256533,-0.17627658742393115,-0.9836732396051799,1.0122977329517238,No,1.3318192958831787,NW
1983.6666666666667,0.08605414704394197,1.411806994771558,-0.05082940544159853,-0.9836732396051799,1.0122977329517238,No,1.4470317363739014,NW
1983.75,0.028121338248497572,1.4157142602865829,0.11840857832954388,-0.9836732396051799,1.0122977329517238,No,1.5622441768646242,NW
1983.8333333333335,0.01224784111451638,1.419621525801608,0.24558725043922247,-0.9836732396051799,1.0122977329517238,No,1.677456617355347,NW
1983.9166666666667,-0.1074469402301911,1.4235287913166332,0.030149132647688814,-0.9836732396051799,1.0122977329517238,No,1.3462309837341309,NW
1984,-0.1496828165464797,1.4274360568316582,0.10598912623311452,-0.9836732396051799,1.0122977329517238,No,1.383742366518293,NW
1984.0833333333335,-0.13925062809536418,1.4309703307628716,0.12953404663494794,-0.9836732396051799,1.0122977329517238,No,1.4212537493024553,NW
1984.1666666666667,-0.09002783678349655,1.434504604694085,0.11428836417602906,-0.9836732396051799,1.0122977329517238,No,1.4587651320866175,NW
1984.25,0.04445133814961237,1.4380388786252984,0.013786298095869176,-0.9836732396051799,1.0122977329517238,No,1.49627651487078,NW
1984.3333333333335,0.0872542921625712,1.4415731525565119,0.0049604529358591165,-0.9836732396051799,1.0122977329517238,No,1.5337878976549422,NW
1984.4166666666667,0.10083594167443836,1.4451074264877253,0.025355912276940673,-0.9836732396051799,1.0122977329517238,No,1.5712992804391044,NW
1984.5,0.027247170922740357,1.4486417004189387,0.13292179188158748,-0.9836732396051799,1.0122977329517238,No,1.6088106632232666,NW
1984.5833333333335,0.10019615405057686,1.4521759743501523,0.0620068206056692,-0.9836732396051799,1.0122977329517238,No,1.6143789490063984,NW
1984.6666666666667,0.08605414704394197,1.4557102482813657,0.07818283946422278,-0.9836732396051799,1.0122977329517238,No,1.6199472347895305,NW
1984.75,0.028121338248497572,1.4592445222125792,0.1381496601115857,-0.9836732396051799,1.0122977329517238,No,1.6255155205726624,NW
1984.8333333333335,0.01224784111451638,1.4627787961437926,0.15605716909748524,-0.9836732396051799,1.0122977329517238,No,1.6310838063557942,NW
1984.9166666666667,-0.1074469402301911,1.466313070075006,0.27778596229411145,-0.9836732396051799,1.0122977329517238,No,1.6366520921389263,NW
1985,-0.1496828165464797,1.4698473440062194,0.3220558504623183,-0.9836732396051799,1.0122977329517238,No,1.642220377922058,NW
1985.0833333333335,-0.13925062809536418,1.4733816179374328,0.3136576738631214,-0.9836732396051799,1.0122977329517238,No,1.64778866370519,NW
1985.1666666666667,-0.09002783678349655,1.4769158918686462,0.26646889440317234,-0.9836732396051799,1.0122977329517238,No,1.653356949488322,NW
1985.25,0.04445133814961237,1.4804145709461138,0.1340593261757277,-0.9836732396051799,1.0122977329517238,No,1.6589252352714539,NW
1985.3333333333335,0.0872542921625712,1.4839132500235814,0.09332597886843308,-0.9836732396051799,1.0122977329517238,No,1.6644935210545857,NW
1985.4166666666667,0.10083594167443836,1.4874119291010488,0.08181393606223053,-0.9836732396051799,1.0122977329517238,No,1.6700618068377178,NW
1985.5,0.027247170922740357,1.4909106081785164,0.1574723135195928,-0.9836732396051799,1.0122977329517238,No,1.6756300926208496,NW
1985.5833333333335,0.10019615405057686,1.494409287255984,0.09383363838682457,-0.9836732396051799,1.0122977329517238,No,1.6884390796933855,NW
1985.6666666666667,0.08605414704394197,1.4979079663334516,0.11728595338852776,-0.9836732396051799,1.0122977329517238,No,1.7012480667659213,NW
1985.75,0.028121338248497572,1.501406645410919,0.18452907017904097,-0.9836732396051799,1.0122977329517238,No,1.7140570538384574,NW
1985.8333333333335,0.01224784111451638,1.5049053244883865,0.20971287530809035,-0.9836732396051799,1.0122977329517238,No,1.7268660409109933,NW
1985.9166666666667,-0.1074469402301911,1.5084040035658541,0.3387179646478662,-0.9836732396051799,1.0122977329517238,No,1.7396750279835291,NW
1986,-0.1496828165464797,1.5119026826433217,0.3902641489592229,-0.9836732396051799,1.0122977329517238,No,1.752484015056065,NW
1986.0833333333335,-0.13925062809536418,1.5154013617207893,0.389142268503176,-0.9836732396051799,1.0122977329517238,No,1.765293002128601,NW
1986.1666666666667,-0.09002783678349655,1.5189000407982567,0.3492297851863768,-0.9836732396051799,1.0122977329517238,No,1.778101989201137,NW
1986.25,0.04445133814961237,1.5223987198757243,0.22406091824833618,-0.9836732396051799,1.0122977329517238,No,1.7909109762736728,NW
1986.3333333333335,0.0872542921625712,1.5258973989531919,0.1905682722304456,-0.9836732396051799,1.0122977329517238,No,1.8037199633462087,NW
1986.4166666666667,0.10083594167443836,1.5286992270632853,0.18699378168102077,-0.9836732396051799,1.0122977329517238,No,1.8165289504187445,NW
1986.5,0.027247170922740357,1.5315010551733788,0.2705897113951614,-0.9836732396051799,1.0122977329517238,No,1.8293379374912806,NW
1986.5833333333335,0.10019615405057686,1.5343028832834722,0.20764788722976735,-0.9836732396051799,1.0122977329517238,No,1.8421469245638165,NW
1986.6666666666667,0.08605414704394197,1.5371047113935656,0.2317970531988447,-0.9836732396051799,1.0122977329517238,No,1.8549559116363523,NW
1986.75,0.028121338248497572,1.539906539503659,-0.04254510397133382,-0.9836732396051799,1.0122977329517238,No,1.5254827737808228,NW
1986.8333333333335,0.01224784111451638,1.5427083676137525,-0.07660208847375238,-0.9836732396051799,1.0122977329517238,No,1.4783541202545165,NW
1986.9166666666667,-0.1074469402301911,1.545510195723846,-0.006837788765444275,-0.9836732396051799,1.0122977329517238,No,1.4312254667282105,NW
1987,-0.1496828165464797,1.5483120238339394,-0.014532394085555511,-0.9836732396051799,1.0122977329517238,No,1.3840968132019043,NW
1987.0833333333335,-0.13925062809536418,1.5511138519440328,-0.07489506417307035,-0.9836732396051799,1.0122977329517238,No,1.3369681596755982,NW
1987.1666666666667,-0.09002783678349655,1.5539156800541263,-0.17404833712133772,-0.9836732396051799,1.0122977329517238,No,1.289839506149292,NW
1987.25,0.04445133814961237,1.5567175081642197,-0.22846533380416822,-0.9836732396051799,1.0122977329517238,No,1.3727035125096638,NW
1987.3333333333335,0.0872542921625712,1.5595193362743132,-0.19120610956684847,-0.9836732396051799,1.0122977329517238,No,1.4555675188700359,NW
1987.4166666666667,0.10083594167443836,1.5623211643844066,-0.12472558082843732,-0.9836732396051799,1.0122977329517238,No,1.5384315252304077,NW
1987.5,0.027247170922740357,1.5651229924945,0.02892536817353908,-0.9836732396051799,1.0122977329517238,No,1.6212955315907795,NW
1987.5833333333335,0.10019615405057686,1.56513600268315,0.038827381217424684,-0.9836732396051799,1.0122977329517238,No,1.7041595379511516,NW
1987.6666666666667,0.08605414704394197,1.5651490128718,0.13582038439578148,-0.9836732396051799,1.0122977329517238,No,1.7870235443115234,NW
1987.75,0.028121338248497572,1.5651620230604502,0.03361206639490977,-0.9836732396051799,1.0122977329517238,No,1.6268954277038574,NW
1987.8333333333335,0.01224784111451638,1.5651750332491001,-0.05245494166250575,-0.9836732396051799,1.0122977329517238,No,1.5249679327011108,NW
1987.9166666666667,-0.1074469402301911,1.56518804343775,-0.03470066550919482,-0.9836732396051799,1.0122977329517238,No,1.423040437698364,NW
1988,-0.1496828165464797,1.5652010536264,-0.09440529438430278,-0.9836732396051799,1.0122977329517238,No,1.3211129426956176,NW
1988.0833333333335,-0.13925062809536418,1.5652140638150502,-0.20677798802681502,-0.9836732396051799,1.0122977329517238,No,1.219185447692871,NW
1988.1666666666667,-0.09002783678349655,1.5652270740037002,-0.35794128453007934,-0.9836732396051799,1.0122977329517238,No,1.1172579526901243,NW
1988.25,0.04445133814961237,1.5652400841923502,-0.17377778009444467,-0.9836732396051799,1.0122977329517238,No,1.4359136422475178,NW
1988.3333333333335,0.0872542921625712,1.5652530943810001,0.10206194526133983,-0.9836732396051799,1.0122977329517238,No,1.7545693318049111,NW
1988.4166666666667,0.10083594167443836,1.56526610456965,0.40712297511821616,-0.9836732396051799,1.0122977329517238,No,2.0732250213623047,NW
1988.5,0.027247170922740357,1.5652791147583003,0.047290713754384095,-0.9836732396051799,1.0122977329517238,No,1.6398169994354248,NW
1988.5833333333335,0.10019615405057686,1.5652921249469502,-0.050156748426543274,-0.9836732396051799,1.0122977329517238,No,1.6153315305709839,NW
1988.6666666666667,0.08605414704394197,1.5653051351356002,-0.06051322047299923,-0.9836732396051799,1.0122977329517238,No,1.590846061706543,NW
1988.75,0.028121338248497572,1.5632066285515112,-0.024967373957906602,-0.9836732396051799,1.0122977329517238,No,1.566360592842102,NW
1988.8333333333335,0.01224784111451638,1.561108121967422,-0.03148083910427735,-0.9836732396051799,1.0122977329517238,No,1.5418751239776611,NW
1988.9166666666667,-0.1074469402301911,1.559009615383333,-0.19162038198602738,-0.9836732396051799,1.0122977329517238,No,1.2599422931671145,NW
1989,-0.1496828165464797,1.556911108799244,-0.5123314273617121,-0.9836732396051799,1.0122977329517238,No,0.8948968648910522,NW
1989.0833333333335,-0.13925062809536418,1.554812602215155,-0.38801115758384097,-0.9836732396051799,1.0122977329517238,No,1.0275508165359497,NW
1989.1666666666667,-0.09002783678349655,1.5527140956310659,-0.4261519494603623,-0.9836732396051799,1.0122977329517238,No,1.036534309387207,NW
1989.25,0.04445133814961237,1.5506155890469766,-0.18114247155388874,-0.9836732396051799,1.0122977329517238,No,1.4139244556427002,NW
1989.3333333333335,0.0872542921625712,1.5485170824628876,0.15554322727273462,-0.9836732396051799,1.0122977329517238,No,1.7913146018981934,NW
1989.4166666666667,0.10083594167443836,1.5464185758787985,0.09189135742387489,-0.9836732396051799,1.0122977329517238,No,1.7391458749771118,NW
1989.5,0.027247170922740357,1.5443200692947094,-0.1766609577925231,-0.9836732396051799,1.0122977329517238,No,1.3949062824249268,NW
1989.5833333333335,0.10019615405057686,1.5422215627106204,0.13250405810299948,-0.9836732396051799,1.0122977329517238,No,1.7749217748641968,NW
1989.6666666666667,0.08605414704394197,1.5401230561265313,0.17581682253677156,-0.9836732396051799,1.0122977329517238,No,1.8019940257072449,NW
1989.75,0.028121338248497572,1.5380245495424423,0.2629203887593532,-0.9836732396051799,1.0122977329517238,No,1.829066276550293,NW
1989.8333333333335,0.01224784111451638,1.5359260429583532,-0.030129769960015595,-0.9836732396051799,1.0122977329517238,No,1.518044114112854,NW
1989.9166666666667,-0.1074469402301911,1.5334446364676655,-0.09330543072691522,-0.9836732396051799,1.0122977329517238,No,1.332692265510559,NW
1990,-0.1496828165464797,1.5309632299769775,-0.2677495391781788,-0.9836732396051799,1.0122977329517238,No,1.1135308742523191,NW
1990.0833333333335,-0.13925062809536418,1.5284818234862898,-0.17986320489715113,-0.9836732396051799,1.0122977329517238,No,1.2093679904937744,NW
1990.1666666666667,-0.09002783678349655,1.526000416995602,-0.2798988907513511,-0.9836732396051799,1.0122977329517238,No,1.1560736894607544,NW
1990.25,0.04445133814961237,1.5235190105049141,-0.15358210927082894,-0.9836732396051799,1.0122977329517238,No,1.4143882393836975,NW
1990.3333333333335,0.0872542921625712,1.5210376040142264,0.06441089312984305,-0.9836732396051799,1.0122977329517238,No,1.6727027893066406,NW
1990.4166666666667,0.10083594167443836,1.5185561975235384,0.06574465584596823,-0.9836732396051799,1.0122977329517238,No,1.685136795043945,NW
1990.5,0.027247170922740357,1.5160747910328507,0.12943864385648163,-0.9836732396051799,1.0122977329517238,No,1.6727606058120728,NW
1990.5833333333335,0.10019615405057686,1.513593384542163,0.04613318040903014,-0.9836732396051799,1.0122977329517238,No,1.65992271900177,NW
1990.6666666666667,0.08605414704394197,1.511111978051475,0.06943682420598485,-0.9836732396051799,1.0122977329517238,No,1.6666029493014018,NW
1990.75,0.028121338248497572,1.5086305715607873,0.13653126979174868,-0.9836732396051799,1.0122977329517238,No,1.6732831796010335,NW
1990.8333333333335,0.01224784111451638,1.5061491650700995,0.16156640371604936,-0.9836732396051799,1.0122977329517238,No,1.6799634099006653,NW
1990.9166666666667,-0.1074469402301911,1.5036677585794116,0.2904228218510767,-0.9836732396051799,1.0122977329517238,No,1.6866436402002971,NW
1991,-0.1496828165464797,1.5011863520887239,0.3418203349576845,-0.9836732396051799,1.0122977329517238,No,1.6933238704999287,NW
1991.0833333333335,-0.13925062809536418,1.4995159398105211,0.3397387890844037,-0.9836732396051799,1.0122977329517238,No,1.7000041007995605,NW
1991.1666666666667,-0.09002783678349655,1.4978455275323186,0.29886664035037036,-0.9836732396051799,1.0122977329517238,No,1.7066843310991924,NW
1991.25,0.04445133814961237,1.4961751152541158,0.1727381079950958,-0.9836732396051799,1.0122977329517238,No,1.713364561398824,NW
1991.3333333333335,0.0872542921625712,1.494504702975913,0.13828579655997153,-0.9836732396051799,1.0122977329517238,No,1.7200447916984558,NW
1991.4166666666667,0.10083594167443836,1.4928342906977106,0.13305478962593864,-0.9836732396051799,1.0122977329517238,No,1.7267250219980876,NW
1991.5,0.027247170922740357,1.4911638784195078,0.214994202955471,-0.9836732396051799,1.0122977329517238,No,1.7334052522977192,NW
1991.5833333333335,0.10019615405057686,1.4894934661413053,0.15039586240546887,-0.9836732396051799,1.0122977329517238,No,1.740085482597351,NW
1991.6666666666667,0.08605414704394197,1.4878230538631025,0.4352504159752797,-0.9836732396051799,1.0122977329517238,No,2.009127616882324,NW
1991.75,0.028121338248497572,1.4861526415848998,0.42887338144513665,-0.9836732396051799,1.0122977329517238,No,1.943147361278534,NW
1991.8333333333335,0.01224784111451638,1.4844822293066973,0.38043703525353,-0.9836732396051799,1.0122977329517238,No,1.8771671056747437,NW
1991.9166666666667,-0.1074469402301911,1.4828118170284945,0.43582197327265004,-0.9836732396051799,1.0122977329517238,No,1.8111868500709534,NW
1992,-0.1496828165464797,1.4811414047502918,0.41374800626335095,-0.9836732396051799,1.0122977329517238,No,1.745206594467163,NW
1992.0833333333335,-0.13925062809536418,1.4794709924720892,0.3390059744866478,-0.9836732396051799,1.0122977329517238,No,1.6792263388633728,NW
1992.1666666666667,-0.09002783678349655,1.4778005801938865,0.2254733398491926,-0.9836732396051799,1.0122977329517238,No,1.6132460832595825,NW
1992.25,0.04445133814961237,1.4763361680756142,0.02647832143056572,-0.9836732396051799,1.0122977329517238,No,1.5472658276557922,NW
1992.3333333333335,0.0872542921625712,1.4748717559573417,-0.0808404760679109,-0.9836732396051799,1.0122977329517238,No,1.481285572052002,NW
1992.4166666666667,0.10083594167443836,1.4734073438390694,-0.15893796906529611,-0.9836732396051799,1.0122977329517238,No,1.4153053164482117,NW
1992.5,0.027247170922740357,1.4719429317207968,-0.14986504179911586,-0.9836732396051799,1.0122977329517238,No,1.3493250608444214,NW
1992.5833333333335,0.10019615405057686,1.4704785196025245,-0.2873298684124703,-0.9836732396051799,1.0122977329517238,No,1.283344805240631,NW
1992.6666666666667,0.08605414704394197,1.469014107484252,-0.33770370489135315,-0.9836732396051799,1.0122977329517238,No,1.2173645496368408,NW
1992.75,0.028121338248497572,1.4675496953659797,-0.34428673958142664,-0.9836732396051799,1.0122977329517238,No,1.1513842940330505,NW
1992.8333333333335,0.01224784111451638,1.4660852832477074,-0.3929290859329635,-0.9836732396051799,1.0122977329517238,No,1.0854040384292603,NW
1992.9166666666667,-0.1074469402301911,1.4646208711294348,-0.3377501480737737,-0.9836732396051799,1.0122977329517238,No,1.01942378282547,NW
1993,-0.1496828165464797,1.4631564590111625,-0.3600301152430032,-0.9836732396051799,1.0122977329517238,No,0.9534435272216797,NW
1993.0833333333335,-0.13925062809536418,1.46169204689289,-0.43497814717963634,-0.9836732396051799,1.0122977329517238,No,0.8874632716178895,NW
1993.1666666666667,-0.09002783678349655,1.4602276347746177,-0.33962912702878745,-0.9836732396051799,1.0122977329517238,No,1.0305706709623337,NW
1993.25,0.04445133814961237,1.4587632226563452,-0.32953649049917955,-0.9836732396051799,1.0122977329517238,No,1.173678070306778,NW
1993.3333333333335,0.0872542921625712,1.4572988105380729,-0.22776763304942182,-0.9836732396051799,1.0122977329517238,No,1.3167854696512222,NW
1993.4166666666667,0.10083594167443836,1.4552080197794115,-0.09615109245818343,-0.9836732396051799,1.0122977329517238,No,1.4598928689956665,NW
1993.5,0.027247170922740357,1.4531172290207504,-0.01261714875076203,-0.9836732396051799,1.0122977329517238,No,1.4677472511927288,NW
1993.5833333333335,0.10019615405057686,1.451026438262089,-0.07562095892287513,-0.9836732396051799,1.0122977329517238,No,1.4756016333897908,NW
1993.6666666666667,0.08605414704394197,1.4489356475034276,-0.051533778960516585,-0.9836732396051799,1.0122977329517238,No,1.483456015586853,NW
1993.75,0.028121338248497572,1.4468448567447663,0.01634420279065152,-0.9836732396051799,1.0122977329517238,No,1.4913103977839153,NW
1993.8333333333335,0.01224784111451638,1.4447540659861051,0.042162872880355806,-0.9836732396051799,1.0122977329517238,No,1.4991647799809773,NW
1993.9166666666667,-0.1074469402301911,1.4426632752274438,0.171802827180787,-0.9836732396051799,1.0122977329517238,No,1.5070191621780396,NW
1994,-0.1496828165464797,1.4405724844687824,0.22398387645279905,-0.9836732396051799,1.0122977329517238,No,1.5148735443751018,NW
1994.0833333333335,-0.13925062809536418,1.4384816937101212,0.22349686095740684,-0.9836732396051799,1.0122977329517238,No,1.5227279265721638,NW
1994.1666666666667,-0.09002783678349655,1.4363909029514599,0.18421924260126277,-0.9836732396051799,1.0122977329517238,No,1.530582308769226,NW
1994.25,0.04445133814961237,1.4343001121927985,0.05968524062387748,-0.9836732396051799,1.0122977329517238,No,1.5384366909662883,NW
1994.3333333333335,0.0872542921625712,1.4322093214341372,0.02682745956664201,-0.9836732396051799,1.0122977329517238,No,1.5462910731633503,NW
1994.4166666666667,0.10083594167443836,1.430118530675476,0.023190983010498156,-0.9836732396051799,1.0122977329517238,No,1.5541454553604126,NW
1994.5,0.027247170922740357,1.4280277399168146,-0.5000939678273174,-0.9836732396051799,1.0122977329517238,No,0.9551809430122375,NW
1994.5833333333335,0.10019615405057686,1.4270075513126144,-0.496226074747957,-0.9836732396051799,1.0122977329517238,No,1.0309776306152343,NW
1994.6666666666667,0.08605414704394197,1.4259873627084143,-0.40526719153412505,-0.9836732396051799,1.0122977329517238,No,1.1067743182182312,NW
1994.75,0.028121338248497572,1.424967174104214,-0.27051750653148354,-0.9836732396051799,1.0122977329517238,No,1.182571005821228,NW
1994.8333333333335,0.01224784111451638,1.4239469855000138,-0.1778271331903052,-0.9836732396051799,1.0122977329517238,No,1.258367693424225,NW
1994.9166666666667,-0.1074469402301911,1.4229267968958135,0.018684524361599397,-0.9836732396051799,1.0122977329517238,No,1.3341643810272217,NW
1995,-0.1496828165464797,1.4219066082916134,-0.08042248215956249,-0.9836732396051799,1.0122977329517238,No,1.1918013095855713,NW
1995.0833333333335,-0.13925062809536418,1.4208864196874131,-0.10248467379038262,-0.9836732396051799,1.0122977329517238,No,1.1791511178016663,NW
1995.1666666666667,-0.09002783678349655,1.4198662310832129,-0.16333746828195506,-0.9836732396051799,1.0122977329517238,No,1.1665009260177612,NW
1995.25,0.04445133814961237,1.4188460424790128,-0.15345556897167323,-0.9836732396051799,1.0122977329517238,No,1.309841811656952,NW
1995.3333333333335,0.0872542921625712,1.4178258538748125,-0.05189744874124114,-0.9836732396051799,1.0122977329517238,No,1.4531826972961426,NW
1995.4166666666667,0.10083594167443836,1.4168056652706122,0.07888197599028257,-0.9836732396051799,1.0122977329517238,No,1.5965235829353333,NW
1995.5,0.027247170922740357,1.415785476666412,0.29683182098537153,-0.9836732396051799,1.0122977329517238,No,1.739864468574524,NW
1995.5833333333335,0.10019615405057686,1.414765288062212,0.15154973590387377,-0.9836732396051799,1.0122977329517238,No,1.6665111780166626,NW
1995.6666666666667,0.08605414704394197,1.4137450994580116,-0.17099332304003956,-0.9836732396051799,1.0122977329517238,No,1.328805923461914,NW
1995.75,0.028121338248497572,1.4158444213096912,-0.016621139330375012,-0.9836732396051799,1.0122977329517238,No,1.4273446202278137,NW
1995.8333333333335,0.01224784111451638,1.4179437431613708,0.09569173271782616,-0.9836732396051799,1.0122977329517238,No,1.5258833169937134,NW
1995.9166666666667,-0.1074469402301911,1.4200430650130504,-0.1417738620188822,-0.9836732396051799,1.0122977329517238,No,1.170822262763977,NW
1996,-0.1496828165464797,1.42214238686473,-0.09048265591242766,-0.9836732396051799,1.0122977329517238,No,1.1819769144058228,NW
1996.0833333333335,-0.13925062809536418,1.4242417087164096,-0.1646271298916755,-0.9836732396051799,1.0122977329517238,No,1.12036395072937,NW
1996.1666666666667,-0.09002783678349655,1.4263410305680893,0.10900967742359802,-0.9836732396051799,1.0122977329517238,No,1.4453228712081907,NW
1996.25,0.04445133814961237,1.428440352419769,0.2973901011176301,-0.9836732396051799,1.0122977329517238,No,1.7702817916870115,NW
1996.3333333333335,0.0872542921625712,1.4305396742714487,0.18311933169601535,-0.9836732396051799,1.0122977329517238,No,1.7009132981300352,NW
1996.4166666666667,0.10083594167443836,1.4326389961231283,0.09806986677549223,-0.9836732396051799,1.0122977329517238,No,1.631544804573059,NW
1996.5,0.027247170922740357,1.4347383179748079,0.10019082211853414,-0.9836732396051799,1.0122977329517238,No,1.5621763110160825,NW
1996.5833333333335,0.10019615405057686,1.4368376398264875,-0.044225976417958224,-0.9836732396051799,1.0122977329517238,No,1.4928078174591062,NW
1996.6666666666667,0.08605414704394197,1.438936961678167,-0.10155178481997917,-0.9836732396051799,1.0122977329517238,No,1.42343932390213,NW
1996.75,0.028121338248497572,1.4410362835298467,-0.11508679143319056,-0.9836732396051799,1.0122977329517238,No,1.3540708303451536,NW
1996.8333333333335,0.01224784111451638,1.4431356053815263,-0.17068110970786532,-0.9836732396051799,1.0122977329517238,No,1.2847023367881774,NW
1996.9166666666667,-0.1074469402301911,1.445718260743003,-0.12293747728161097,-0.9836732396051799,1.0122977329517238,No,1.2153338432312009,NW
1997,-0.1496828165464797,1.4483009161044798,-0.15265274988377553,-0.9836732396051799,1.0122977329517238,No,1.1459653496742246,NW
1997.0833333333335,-0.13925062809536418,1.4508835714659565,-0.2350360872533439,-0.9836732396051799,1.0122977329517238,No,1.0765968561172483,NW
1997.1666666666667,-0.09002783678349655,1.4534662268274332,0.23898444339875136,-0.9836732396051799,1.0122977329517238,No,1.602422833442688,NW
1997.25,0.04445133814961237,1.45604888218891,0.4340721187194001,-0.9836732396051799,1.0122977329517238,No,1.9345723390579224,NW
1997.3333333333335,0.0872542921625712,1.4586315375503867,0.1798762991169982,-0.9836732396051799,1.0122977329517238,No,1.725762128829956,NW
1997.4166666666667,0.10083594167443836,1.4612141929118636,-0.061071068691221475,-0.9836732396051799,1.0122977329517238,No,1.5009790658950806,NW
1997.5,0.027247170922740357,1.4637968482733403,0.05041875984902422,-0.9836732396051799,1.0122977329517238,No,1.541462779045105,NW
1997.5833333333335,0.10019615405057686,1.466379503634817,0.01537083450973542,-0.9836732396051799,1.0122977329517238,No,1.5819464921951294,NW
1997.6666666666667,0.08605414704394197,1.4689621589962938,-0.14801862537617327,-0.9836732396051799,1.0122977329517238,No,1.4069976806640625,NW
1997.75,0.028121338248497572,1.4715448143577705,0.07279819427941314,-0.9836732396051799,1.0122977329517238,No,1.5724643468856812,NW
1997.8333333333335,0.01224784111451638,1.4741274697192472,0.007144591395545463,-0.9836732396051799,1.0122977329517238,No,1.493519902229309,NW
1997.9166666666667,-0.1074469402301911,1.476710125080724,-0.15441192466529108,-0.9836732396051799,1.0122977329517238,No,1.2148512601852417,NW
1998,-0.1496828165464797,1.4792927804422007,-0.277739379407806,-0.9836732396051799,1.0122977329517238,No,1.051870584487915,NW
1998.0833333333335,-0.13925062809536418,1.4803496105033485,-0.199244577004847,-0.9836732396051799,1.0122977329517238,No,1.1418544054031372,NW
1998.1666666666667,-0.09002783678349655,1.4814064405644962,-0.07429750999285267,-0.9836732396051799,1.0122977329517238,No,1.317081093788147,NW
1998.25,0.04445133814961237,1.482463270625644,-0.35498942166435543,-0.9836732396051799,1.0122977329517238,No,1.1719251871109009,NW
1998.3333333333335,0.0872542921625712,1.4835201006867915,-0.3584083738728787,-0.9836732396051799,1.0122977329517238,No,1.212366018976484,NW
1998.4166666666667,0.10083594167443836,1.4845769307479393,-0.3326060215803106,-0.9836732396051799,1.0122977329517238,No,1.252806850842067,NW
1998.5,0.027247170922740357,1.485633760809087,-0.21963324902417725,-0.9836732396051799,1.0122977329517238,No,1.2932476827076502,NW
1998.5833333333335,0.10019615405057686,1.4866905908702348,-0.25319823034757816,-0.9836732396051799,1.0122977329517238,No,1.3336885145732336,NW
1998.6666666666667,0.08605414704394197,1.4877474209313826,-0.19967222153650788,-0.9836732396051799,1.0122977329517238,No,1.3741293464388167,NW
1998.75,0.028121338248497572,1.4888042509925303,-0.10235541093662803,-0.9836732396051799,1.0122977329517238,No,1.4145701783043998,NW
1998.8333333333335,0.01224784111451638,1.489861081053678,-0.04709791199821156,-0.9836732396051799,1.0122977329517238,No,1.455011010169983,NW
1998.9166666666667,-0.1074469402301911,1.4909179111148256,0.11198087115093158,-0.9836732396051799,1.0122977329517238,No,1.495451842035566,NW
1999,-0.1496828165464797,1.4919747411759734,0.19360074927165538,-0.9836732396051799,1.0122977329517238,No,1.5358926739011491,NW
1999.0833333333335,-0.13925062809536418,1.4930315712371212,0.22255256262497536,-0.9836732396051799,1.0122977329517238,No,1.5763335057667323,NW
1999.1666666666667,-0.09002783678349655,1.494088401298269,0.21271377311754325,-0.9836732396051799,1.0122977329517238,No,1.6167743376323156,NW
1999.25,0.04445133814961237,1.4953636831956862,0.11740014815260014,-0.9836732396051799,1.0122977329517238,No,1.6572151694978987,NW
1999.3333333333335,0.0872542921625712,1.4966389650931033,0.11376274410780729,-0.9836732396051799,1.0122977329517238,No,1.6976560013634818,NW
1999.4166666666667,0.10083594167443836,1.4979142469905207,0.13934664456410584,-0.9836732396051799,1.0122977329517238,No,1.738096833229065,NW
1999.5,0.027247170922740357,1.4991895288879378,0.2371395097344573,-0.9836732396051799,1.0122977329517238,No,1.7635762095451355,NW
1999.5833333333335,0.10019615405057686,1.500464810785355,0.18839462102527404,-0.9836732396051799,1.0122977329517238,No,1.789055585861206,NW
1999.6666666666667,0.08605414704394197,1.5017400926827722,0.3706013605921945,-0.9836732396051799,1.0122977329517238,No,1.9583956003189087,NW
1999.75,0.028121338248497572,1.5030153745801895,0.4017971988524882,-0.9836732396051799,1.0122977329517238,No,1.9329339116811752,NW
1999.8333333333335,0.01224784111451638,1.5042906564776068,0.39093372545131855,-0.9836732396051799,1.0122977329517238,No,1.9074722230434418,NW
1999.9166666666667,-0.1074469402301911,1.505565938375024,0.48389153626087555,-0.9836732396051799,1.0122977329517238,No,1.8820105344057083,NW
2000,-0.1496828165464797,1.5068412202724413,0.4993904420420132,-0.9836732396051799,1.0122977329517238,No,1.8565488457679749,NW
2000.0833333333335,-0.13925062809536418,1.5081165021698584,0.4622212830557473,-0.9836732396051799,1.0122977329517238,No,1.8310871571302414,NW
2000.1666666666667,-0.09002783678349655,1.5093917840672757,0.3862615212087288,-0.9836732396051799,1.0122977329517238,No,1.805625468492508,NW
2000.25,0.04445133814961237,1.5106670659646928,0.22504537574046934,-0.9836732396051799,1.0122977329517238,No,1.7801637798547745,NW
2000.3333333333335,0.0872542921625712,1.5119423478621101,0.1555054511923597,-0.9836732396051799,1.0122977329517238,No,1.754702091217041,NW
2000.4166666666667,0.10083594167443836,1.51446420534322,-0.37858566471022437,-0.9836732396051799,1.0122977329517238,No,1.236714482307434,NW
2000.5,0.027247170922740357,1.51698606282433,0.0031450678734130655,-0.9836732396051799,1.0122977329517238,No,1.5473783016204834,NW
2000.5833333333335,0.10019615405057686,1.5195079203054396,-0.04960120389169154,-0.9836732396051799,1.0122977329517238,No,1.570102870464325,NW
2000.6666666666667,0.08605414704394197,1.5220297777865495,-0.015256485522324947,-0.9836732396051799,1.0122977329517238,No,1.5928274393081665,NW
2000.75,0.028121338248497572,1.5245516352676594,0.0628790346358512,-0.9836732396051799,1.0122977329517238,No,1.615552008152008,NW
2000.8333333333335,0.01224784111451638,1.5270734927487692,0.09895524313256399,-0.9836732396051799,1.0122977329517238,No,1.6382765769958496,NW
2000.9166666666667,-0.1074469402301911,1.529595350229879,0.23885273584000344,-0.9836732396051799,1.0122977329517238,No,1.6610011458396912,NW
2001,-0.1496828165464797,1.5321172077109888,0.30129132351902355,-0.9836732396051799,1.0122977329517238,No,1.6837257146835327,NW
2001.0833333333335,-0.13925062809536418,1.5346390651920987,0.31106184643063983,-0.9836732396051799,1.0122977329517238,No,1.7064502835273743,NW
2001.1666666666667,-0.09002783678349655,1.5371609226732086,0.2820417664815038,-0.9836732396051799,1.0122977329517238,No,1.7291748523712158,NW
2001.25,0.04445133814961237,1.5396827801543185,-0.4125594065043092,-0.9836732396051799,1.0122977329517238,No,1.1715747117996216,NW
2001.3333333333335,0.0872542921625712,1.5422046376354281,-0.3351145642012281,-0.9836732396051799,1.0122977329517238,No,1.2943443655967712,NW
2001.4166666666667,0.10083594167443836,1.544726495116538,-0.22844841739705557,-0.9836732396051799,1.0122977329517238,No,1.417114019393921,NW
2001.5,0.027247170922740357,1.547248352597648,-0.034611850329317795,-0.9836732396051799,1.0122977329517238,No,1.5398836731910706,NW
2001.5833333333335,0.10019615405057686,1.549464469728359,0.012992703209284251,-0.9836732396051799,1.0122977329517238,No,1.6626533269882202,NW
2001.6666666666667,0.08605414704394197,1.55168058685907,-0.09861119874676194,-0.9836732396051799,1.0122977329517238,No,1.53912353515625,NW
2001.75,0.028121338248497572,1.553896703989781,-0.1664242989139988,-0.9836732396051799,1.0122977329517238,No,1.4155937433242798,NW
2001.8333333333335,0.01224784111451638,1.556112821120492,-0.2762967107426988,-0.9836732396051799,1.0122977329517238,No,1.2920639514923096,NW
2001.9166666666667,-0.1074469402301911,1.5583289382512031,-0.28234783836067257,-0.9836732396051799,1.0122977329517238,No,1.1685341596603394,NW
2002,-0.1496828165464797,1.560545055381914,-0.36585787100706524,-0.9836732396051799,1.0122977329517238,No,1.0450043678283691,NW
2002.0833333333335,-0.13925062809536418,1.5627611725126251,-0.4240388203839054,-0.9836732396051799,1.0122977329517238,No,0.9994717240333556,NW
2002.1666666666667,-0.09002783678349655,1.5649772896433363,-0.25399944542118,-0.9836732396051799,1.0122977329517238,No,1.2209500074386597,NW
2002.25,0.04445133814961237,1.5671934067740472,-0.3239747087666873,-0.9836732396051799,1.0122977329517238,No,1.2876700361569722,NW
2002.3333333333335,0.0872542921625712,1.5694095239047583,-0.3022737511920446,-0.9836732396051799,1.0122977329517238,No,1.354390064875285,NW
2002.4166666666667,0.10083594167443836,1.5716256410354692,-0.2513514891163102,-0.9836732396051799,1.0122977329517238,No,1.4211100935935974,NW
2002.5,0.027247170922740357,1.5738417581661803,-0.11325880677701083,-0.9836732396051799,1.0122977329517238,No,1.48783012231191,NW
2002.5833333333335,0.10019615405057686,1.5760578752968912,-0.1217038783172455,-0.9836732396051799,1.0122977329517238,No,1.5545501510302226,NW
2002.6666666666667,0.08605414704394197,1.5782739924276024,-0.04305795972300919,-0.9836732396051799,1.0122977329517238,No,1.6212701797485352,NW
2002.75,0.028121338248497572,1.578056110367809,0.1731460100552633,-0.9836732396051799,1.0122977329517238,No,1.7793234586715698,NW
2002.8333333333335,0.01224784111451638,1.5778382283080157,0.0454623791400901,-0.9836732396051799,1.0122977329517238,No,1.6355484485626222,NW
2002.9166666666667,-0.1074469402301911,1.5776203462482223,0.021600032435643124,-0.9836732396051799,1.0122977329517238,No,1.4917734384536743,NW
2003,-0.1496828165464797,1.577402464188429,-0.07972121929722276,-0.9836732396051799,1.0122977329517238,No,1.3479984283447266,NW
2003.0833333333335,-0.13925062809536418,1.5771845821286357,-0.23371053579749268,-0.9836732396051799,1.0122977329517238,No,1.2042234182357787,NW
2003.1666666666667,-0.09002783678349655,1.5769667000688423,-0.4264904551585147,-0.9836732396051799,1.0122977329517238,No,1.060448408126831,NW
2003.25,0.04445133814961237,1.576748818009049,-0.43640599245474276,-0.9836732396051799,1.0122977329517238,No,1.1847941637039185,NW
2003.3333333333335,0.0872542921625712,1.5765309359492556,-0.354645308830821,-0.9836732396051799,1.0122977329517238,No,1.3091399192810058,NW
2003.4166666666667,0.10083594167443836,1.5763130538894623,-0.24366332070580743,-0.9836732396051799,1.0122977329517238,No,1.4334856748580933,NW
2003.5,0.027247170922740357,1.576095171829669,-0.04551091231722859,-0.9836732396051799,1.0122977329517238,No,1.5578314304351808,NW
2003.5833333333335,0.10019615405057686,1.5758772897698756,0.006103742191815531,-0.9836732396051799,1.0122977329517238,No,1.682177186012268,NW
2003.6666666666667,0.08605414704394197,1.5756594077100823,0.21445708046936462,-0.9836732396051799,1.0122977329517238,No,1.876170635223389,NW
2003.75,0.028121338248497572,1.575441525650289,-0.09393909795335187,-0.9836732396051799,1.0122977329517238,No,1.5096237659454346,NW
2003.8333333333335,0.01224784111451638,1.5752236435904956,-0.029966339036028522,-0.9836732396051799,1.0122977329517238,No,1.5575051456689835,NW
2003.9166666666667,-0.1074469402301911,1.574750805064427,0.13808266055829654,-0.9836732396051799,1.0122977329517238,No,1.6053865253925323,NW
2004,-0.1496828165464797,1.5742779665383584,0.2286727551242025,-0.9836732396051799,1.0122977329517238,No,1.6532679051160812,NW
2004.0833333333335,-0.13925062809536418,1.5738051280122898,0.2665947849227046,-0.9836732396051799,1.0122977329517238,No,1.7011492848396301,NW
2004.1666666666667,-0.09002783678349655,1.573332289486221,0.26572621186045464,-0.9836732396051799,1.0122977329517238,No,1.749030664563179,NW
2004.25,0.04445133814961237,1.5728594509601523,0.17960125517696324,-0.9836732396051799,1.0122977329517238,No,1.796912044286728,NW
2004.3333333333335,0.0872542921625712,1.5723866124340837,0.18515251941362187,-0.9836732396051799,1.0122977329517238,No,1.8447934240102768,NW
2004.4166666666667,0.10083594167443836,1.5719137739080151,0.21992508815137213,-0.9836732396051799,1.0122977329517238,No,1.8926748037338257,NW
2004.5,0.027247170922740357,1.5714409353819465,-0.46959064460424726,-0.9836732396051799,1.0122977329517238,No,1.1290974617004397,NW
2004.5833333333335,0.10019615405057686,1.570968096855878,0.5786876911559233,-0.9836732396051799,1.0122977329517238,No,2.249851942062378,NW
2004.6666666666667,0.08605414704394197,1.5704952583298093,0.5176696863595458,-0.9836732396051799,1.0122977329517238,No,2.174219091733297,NW
2004.75,0.028121338248497572,1.5700224198037405,0.5004424833519772,-0.9836732396051799,1.0122977329517238,No,2.0985862414042153,NW
2004.8333333333335,0.01224784111451638,1.5695495812776719,0.4411559686829458,-0.9836732396051799,1.0122977329517238,No,2.0229533910751343,NW
2004.9166666666667,-0.1074469402301911,1.5690767427516032,0.48569073822464093,-0.9836732396051799,1.0122977329517238,No,1.947320540746053,NW
2005,-0.1496828165464797,1.5686039042255346,0.45276660273791713,-0.9836732396051799,1.0122977329517238,No,1.8716876904169721,NW
2005.0833333333335,-0.13925062809536418,1.5696922073494595,0.3656132608337954,-0.9836732396051799,1.0122977329517238,No,1.7960548400878906,NW
2005.1666666666667,-0.09002783678349655,1.570780510473384,0.23966931606892183,-0.9836732396051799,1.0122977329517238,No,1.7204219897588093,NW
2005.25,0.04445133814961237,1.571868813597309,0.028468987682807034,-0.9836732396051799,1.0122977329517238,No,1.6447891394297283,NW
2005.3333333333335,0.0872542921625712,1.5729571167212337,-0.09105511978315795,-0.9836732396051799,1.0122977329517238,No,1.569156289100647,NW
2005.4166666666667,0.10083594167443836,1.5740454198451583,-0.11369922021558088,-0.9836732396051799,1.0122977329517238,No,1.561182141304016,NW
2005.5,0.027247170922740357,1.5751337229690832,-0.22267570323325447,-0.9836732396051799,1.0122977329517238,No,1.3797051906585691,NW
2005.5833333333335,0.10019615405057686,1.5762220260930078,0.13048661264205963,-0.9836732396051799,1.0122977329517238,No,1.8069047927856443,NW
2005.6666666666667,0.08605414704394197,1.5773103292169326,0.12206796841753786,-0.9836732396051799,1.0122977329517238,No,1.7854324446784124,NW
2005.75,0.028121338248497572,1.5783986323408574,0.15744012598182544,-0.9836732396051799,1.0122977329517238,No,1.7639600965711804,NW
2005.8333333333335,0.01224784111451638,1.579486935464782,0.1507529718846501,-0.9836732396051799,1.0122977329517238,No,1.7424877484639485,NW
2005.9166666666667,-0.1074469402301911,1.5805752385887069,0.24788710199820074,-0.9836732396051799,1.0122977329517238,No,1.7210154003567164,NW
2006,-0.1496828165464797,1.5816635417126317,0.2675623270833325,-0.9836732396051799,1.0122977329517238,No,1.6995430522494845,NW
2006.0833333333335,-0.13925062809536418,1.5827518448365563,0.23456948740106043,-0.9836732396051799,1.0122977329517238,No,1.6780707041422525,NW
2006.1666666666667,-0.09002783678349655,1.5838401479604811,0.16278604485803605,-0.9836732396051799,1.0122977329517238,No,1.6565983560350206,NW
2006.25,0.04445133814961237,1.5841338241604728,0.006540845617703406,-0.9836732396051799,1.0122977329517238,No,1.6351260079277885,NW
2006.3333333333335,0.0872542921625712,1.5844275003604644,-0.058028132702478974,-0.9836732396051799,1.0122977329517238,No,1.6136536598205566,NW
2006.4166666666667,0.10083594167443836,1.5847211765604559,0.5794704048058772,-0.9836732396051799,1.0122977329517238,No,2.2650275230407715,NW
2006.5,0.027247170922740357,1.5850148527604475,0.1709405052703643,-0.9836732396051799,1.0122977329517238,No,1.7832025289535522,NW
2006.5833333333335,0.10019615405057686,1.5853085289604392,-0.12205959176345749,-0.9836732396051799,1.0122977329517238,No,1.5634450912475586,NW
2006.6666666666667,0.08605414704394197,1.5856022051604308,-0.02965806118874781,-0.9836732396051799,1.0122977329517238,No,1.641998291015625,NW
2006.75,0.028121338248497572,1.5858958813604223,0.08579912655959832,-0.9836732396051799,1.0122977329517238,No,1.699816346168518,NW
2006.8333333333335,0.01224784111451638,1.586189557560414,0.5713292658300744,-0.9836732396051799,1.0122977329517238,No,2.169766664505005,NW
2006.9166666666667,-0.1074469402301911,1.5864832337604056,-0.1470013480422383,-0.9836732396051799,1.0122977329517238,No,1.332034945487976,NW
2007,-0.1496828165464797,1.5867769099603972,-0.24678850278433995,-0.9836732396051799,1.0122977329517238,No,1.1903055906295776,NW
2007.0833333333335,-0.13925062809536418,1.5870705861603889,-0.2990886071662817,-0.9836732396051799,1.0122977329517238,No,1.148731350898743,NW
2007.1666666666667,-0.09002783678349655,1.5873642623603803,-0.5591256401879374,-0.9836732396051799,1.0122977329517238,No,0.9382107853889463,NW
2007.25,0.04445133814961237,1.587657938560372,-0.5736896467785344,-0.9836732396051799,1.0122977329517238,No,1.05841962993145,NW
2007.3333333333335,0.0872542921625712,1.5879516147603636,-0.49657743244898156,-0.9836732396051799,1.0122977329517238,No,1.1786284744739532,NW
2007.4166666666667,0.10083594167443836,1.5859808013971008,-0.3879794240550827,-0.9836732396051799,1.0122977329517238,No,1.2988373190164566,NW
2007.5,0.027247170922740357,1.584009988033838,-0.19221099539761854,-0.9836732396051799,1.0122977329517238,No,1.41904616355896,NW
2007.5833333333335,0.10019615405057686,1.5820391746705755,-0.010348527001486918,-0.9836732396051799,1.0122977329517238,No,1.6718868017196655,NW
2007.6666666666667,0.08605414704394197,1.5800683613073128,-0.1601217392129186,-0.9836732396051799,1.0122977329517238,No,1.5060007691383361,NW
2007.75,0.028121338248497572,1.57809754794405,-0.26610414963554074,-0.9836732396051799,1.0122977329517238,No,1.3401147365570067,NW
2007.8333333333335,0.01224784111451638,1.5761267345807872,-0.414145871719626,-0.9836732396051799,1.0122977329517238,No,1.1742287039756776,NW
2007.9166666666667,-0.1074469402301911,1.5741559212175247,-0.4583663095929853,-0.9836732396051799,1.0122977329517238,No,1.0083426713943482,NW
2008,-0.1496828165464797,1.572185107854262,-0.5800456524947635,-0.9836732396051799,1.0122977329517238,No,0.8424566388130188,NW
2008.0833333333335,-0.13925062809536418,1.5702142944909991,-0.35776057954260776,-0.9836732396051799,1.0122977329517238,No,1.0732030868530271,NW
2008.1666666666667,-0.09002783678349655,1.5682434811277364,-0.38857550381079253,-0.9836732396051799,1.0122977329517238,No,1.0896401405334473,NW
2008.25,0.04445133814961237,1.5662726677644736,-0.36371949694191796,-0.9836732396051799,1.0122977329517238,No,1.247004508972168,NW
2008.3333333333335,0.0872542921625712,1.564301854401211,-0.06290651601721242,-0.9836732396051799,1.0122977329517238,No,1.5886496305465698,NW
2008.4166666666667,0.10083594167443836,1.5623310410379483,-0.0456099339147793,-0.9836732396051799,1.0122977329517238,No,1.6175570487976074,NW
2008.5,0.027247170922740357,1.5603602276746855,0.058857068451219074,-0.9836732396051799,1.0122977329517238,No,1.646464467048645,NW
2008.5833333333335,0.10019615405057686,1.55885177794432,0.052328496609229,-0.9836732396051799,1.0122977329517238,No,1.711376428604126,NW
2008.6666666666667,0.08605414704394197,1.5573433282139546,-0.058420444503807234,-0.9836732396051799,1.0122977329517238,No,1.5849770307540894,NW
2008.75,0.028121338248497572,1.5558348784835891,0.036299372753081816,-0.9836732396051799,1.0122977329517238,No,1.6202555894851685,NW
2008.8333333333335,0.01224784111451638,1.554326428753224,0.08895987834850727,-0.9836732396051799,1.0122977329517238,No,1.6555341482162476,NW
2008.9166666666667,-0.1074469402301911,1.5528179790228585,0.2454416681546594,-0.9836732396051799,1.0122977329517238,No,1.6908127069473267,NW
2009,-0.1496828165464797,1.551309529292493,0.3244645529323924,-0.9836732396051799,1.0122977329517238,No,1.7260912656784058,NW
2009.0833333333335,-0.13925062809536418,1.5498010795621275,0.3508193729427216,-0.9836732396051799,1.0122977329517238,No,1.7613698244094849,NW
2009.1666666666667,-0.09002783678349655,1.548292629831762,0.33838359009229846,-0.9836732396051799,1.0122977329517238,No,1.796648383140564,NW
2009.25,0.04445133814961237,1.5467841801013966,0.24069142362063412,-0.9836732396051799,1.0122977329517238,No,1.831926941871643,NW
2009.3333333333335,0.0872542921625712,1.5452757303710312,0.23467547806911981,-0.9836732396051799,1.0122977329517238,No,1.8672055006027222,NW
2009.4166666666667,0.10083594167443836,1.543767280640666,0.2578808370186969,-0.9836732396051799,1.0122977329517238,No,1.9024840593338013,NW
2009.5,0.027247170922740357,1.5422588309103005,0.1833374973506139,-0.9836732396051799,1.0122977329517238,No,1.7528434991836548,NW
2009.5833333333335,0.10019615405057686,1.540750381179935,0.04564405683593509,-0.9836732396051799,1.0122977329517238,No,1.686590592066447,NW
2009.6666666666667,0.08605414704394197,1.5392419314495696,-0.004958393544272521,-0.9836732396051799,1.0122977329517238,No,1.620337684949239,NW
2009.75,0.028121338248497572,1.540124268045029,-0.014160828461495356,-0.9836732396051799,1.0122977329517238,No,1.5540847778320312,NW
2009.8333333333335,0.01224784111451638,1.5410066046404887,0.022428313529968102,-0.9836732396051799,1.0122977329517238,No,1.5756827592849731,NW
2009.9166666666667,-0.1074469402301911,1.5418889412359482,-0.3141865307298781,-0.9836732396051799,1.0122977329517238,No,1.120255470275879,NW
2010,-0.1496828165464797,1.5427712778314078,-0.13772750032453995,-0.9836732396051799,1.0122977329517238,No,1.2553609609603882,NW
2010.0833333333335,-0.13925062809536418,1.5436536144268673,0.09750424309201988,-0.9836732396051799,1.0122977329517238,No,1.501907229423523,NW
2010.1666666666667,-0.09002783678349655,1.5445359510223269,0.2939453836478274,-0.9836732396051799,1.0122977329517238,No,1.7484534978866577,NW
2010.25,0.04445133814961237,1.5454182876177864,0.4051301405823937,-0.9836732396051799,1.0122977329517238,No,1.9949997663497925,NW
2010.3333333333335,0.0872542921625712,1.546300624213246,-0.019084076875389933,-0.9836732396051799,1.0122977329517238,No,1.6144708395004272,NW
2010.4166666666667,0.10083594167443836,1.5471829608087055,0.3614112675760601,-0.9836732396051799,1.0122977329517238,No,2.009430170059204,NW
2010.5,0.027247170922740357,1.548065297404165,0.24261030265011474,-0.9836732396051799,1.0122977329517238,No,1.8179227709770203,NW
2010.5833333333335,0.10019615405057686,1.5489476339996247,-0.02272841615536514,-0.9836732396051799,1.0122977329517238,No,1.6264153718948364,NW
2010.6666666666667,0.08605414704394197,1.5498299705950842,0.26801960512403533,-0.9836732396051799,1.0122977329517238,No,1.9039037227630615,NW
2010.75,0.028121338248497572,1.5507123071905438,0.07016589655886829,-0.9836732396051799,1.0122977329517238,No,1.6489995419979095,NW
2010.8333333333335,0.01224784111451638,1.5515946437860033,-0.16974712366776212,-0.9836732396051799,1.0122977329517238,No,1.3940953612327576,NW
2010.9166666666667,-0.1074469402301911,1.552882855187828,-0.3062447344900312,-0.9836732396051799,1.0122977329517238,No,1.1391911804676056,NW
2011,-0.1496828165464797,1.5541710665896524,-0.5202012503407192,-0.9836732396051799,1.0122977329517238,No,0.8842869997024536,NW
2011.0833333333335,-0.13925062809536418,1.555459277991477,-0.41070237281176225,-0.9836732396051799,1.0122977329517238,No,1.0055062770843506,NW
2011.1666666666667,-0.09002783678349655,1.5567474893933018,-0.16249963183877858,-0.9836732396051799,1.0122977329517238,No,1.3042200207710266,NW
2011.25,0.04445133814961237,1.5580357007951262,4.467255129640968e-4,-0.9836732396051799,1.0122977329517238,No,1.6029337644577026,NW
2011.3333333333335,0.0872542921625712,1.5593239121969509,0.5202091815810301,-0.9836732396051799,1.0122977329517238,No,2.166787385940552,NW
2011.4166666666667,0.10083594167443836,1.5606121235987753,-0.008831445209432243,-0.9836732396051799,1.0122977329517238,No,1.6526166200637815,NW
2011.5,0.027247170922740357,1.5619003350006,0.022440415855020435,-0.9836732396051799,1.0122977329517238,No,1.6115879217783609,NW
2011.5833333333335,0.10019615405057686,1.5631885464024247,-0.09282547696006138,-0.9836732396051799,1.0122977329517238,No,1.5705592234929402,NW
2011.6666666666667,0.08605414704394197,1.564476757804249,-0.12100037964067156,-0.9836732396051799,1.0122977329517238,No,1.5295305252075195,NW
2011.75,0.028121338248497572,1.5657649692060738,-0.15234439728306248,-0.9836732396051799,1.0122977329517238,No,1.4415419101715088,NW
2011.8333333333335,0.01224784111451638,1.5670531806078984,-0.38938876214371,-0.9836732396051799,1.0122977329517238,No,1.1899122595787048,NW
2011.9166666666667,-0.1074469402301911,1.568341392009723,-0.522611842793631,-0.9836732396051799,1.0122977329517238,No,0.9382826089859008,NW
2012,-0.1496828165464797,1.5696296034115476,-0.42361577064243194,-0.9836732396051799,1.0122977329517238,No,0.996331016222636,NW
2012.0833333333335,-0.13925062809536418,1.5692953016406725,-0.37566525008593743,-0.9836732396051799,1.0122977329517238,No,1.0543794234593709,NW
2012.1666666666667,-0.09002783678349655,1.5689609998697978,-0.3665053323901952,-0.9836732396051799,1.0122977329517238,No,1.112427830696106,NW
2012.25,0.04445133814961237,1.5686266980989227,-0.055484511792510904,-0.9836732396051799,1.0122977329517238,No,1.5575935244560242,NW
2012.3333333333335,0.0872542921625712,1.5682923963280477,0.34721252972532346,-0.9836732396051799,1.0122977329517238,No,2.0027592182159424,NW
2012.4166666666667,0.10083594167443836,1.5679580945571727,-0.10444247754630842,-0.9836732396051799,1.0122977329517238,No,1.5643515586853027,NW
2012.5,0.027247170922740357,1.567623792786298,0.1133622139528574,-0.9836732396051799,1.0122977329517238,No,1.7082331776618958,NW
2012.5833333333335,0.10019615405057686,1.567289491015423,0.18462915157248894,-0.9836732396051799,1.0122977329517238,No,1.8521147966384888,NW
2012.6666666666667,0.08605414704394197,1.566955189244548,-0.051805298622169094,-0.9836732396051799,1.0122977329517238,No,1.6012040376663208,NW
2012.75,0.028121338248497572,1.5666208874736731,-0.2748451700962551,-0.9836732396051799,1.0122977329517238,No,1.3198970556259155,NW
2012.8333333333335,0.01224784111451638,1.566286585702798,-0.2079792378965517,-0.9836732396051799,1.0122977329517238,No,1.3705551889207628,NW
2012.9166666666667,-0.1074469402301911,1.565952283931923,-0.037292021486121874,-0.9836732396051799,1.0122977329517238,No,1.42121332221561,NW
2013,-0.1496828165464797,1.565617982161048,0.055936289895888835,-0.9836732396051799,1.0122977329517238,No,1.4718714555104573,NW
2013.0833333333335,-0.13925062809536418,1.5652836803901733,0.0964965365104955,-0.9836732396051799,1.0122977329517238,No,1.5225295888053045,NW
2013.1666666666667,-0.09002783678349655,1.5649493786192983,0.0982661802643503,-0.9836732396051799,1.0122977329517238,No,1.573187722100152,NW
2013.25,0.04445133814961237,1.565082270572115,0.014312246673271911,-0.9836732396051799,1.0122977329517238,No,1.6238458553949993,NW
2013.3333333333335,0.0872542921625712,1.5652151625249318,0.022034534002343564,-0.9836732396051799,1.0122977329517238,No,1.6745039886898465,NW
2013.4166666666667,0.10083594167443836,1.5653480544777485,0.058978125832506834,-0.9836732396051799,1.0122977329517238,No,1.7251621219846938,NW
2013.5,0.027247170922740357,1.5654809464305655,0.18309213792623513,-0.9836732396051799,1.0122977329517238,No,1.775820255279541,NW
2013.5833333333335,0.10019615405057686,1.5656138383833822,0.22091412198407046,-0.9836732396051799,1.0122977329517238,No,1.8867241144180296,NW
2013.6666666666667,0.08605414704394197,1.565746730336199,0.1000252897264875,-0.9836732396051799,1.0122977329517238,No,1.7518261671066284,NW
2013.75,0.028121338248497572,1.5658796222890157,0.022927259257713883,-0.9836732396051799,1.0122977329517238,No,1.616928219795227,NW
2013.8333333333335,0.01224784111451638,1.5660125142418324,0.006432718870030607,-0.9836732396051799,1.0122977329517238,No,1.5846930742263794,NW
2013.9166666666667,-0.1074469402301911,1.5661454061946491,0.2047668431786085,-0.9836732396051799,1.0122977329517238,No,1.6634653091430665,NW
2014,-0.1496828165464797,1.5662782981474659,0.32564206245876726,-0.9836732396051799,1.0122977329517238,No,1.7422375440597535,NW
2014.0833333333335,-0.13925062809536418,1.5664111901002828,0.39384921697152175,-0.9836732396051799,1.0122977329517238,No,1.8210097789764403,NW
2014.1666666666667,-0.09002783678349655,1.5665440820530996,0.4232657686235244,-0.9836732396051799,1.0122977329517238,No,1.8997820138931274,NW
2014.25,0.04445133814961237,1.5666769740059163,0.3674259366542858,-0.9836732396051799,1.0122977329517238,No,1.9785542488098145,NW
2014.3333333333335,0.0872542921625712,1.566809865958733,-0.23016307703609917,-0.9836732396051799,1.0122977329517238,No,1.423901081085205,NW
2014.4166666666667,0.10083594167443836,1.568014235891116,-0.005877250472048345,-0.9836732396051799,1.0122977329517238,No,1.662972927093506,NW
2014.5,0.027247170922740357,1.569218605823499,-0.16179294425722568,-0.9836732396051799,1.0122977329517238,No,1.4346728324890137,NW
2014.5833333333335,0.10019615405057686,1.5704229757558819,0.3148758414688708,-0.9836732396051799,1.0122977329517238,No,1.9854949712753296,NW
2014.6666666666667,0.08605414704394197,1.5716273456882648,0.8164734564560259,-0.9836732396051799,1.0122977329517238,No,2.4741549491882324,NW
2014.75,0.028121338248497572,1.5728317156206477,0.6887431627141065,-0.9836732396051799,1.0122977329517238,No,2.289696216583252,NW
2014.8333333333335,0.01224784111451638,1.5740360855530307,0.02108442336144467,-0.9836732396051799,1.0122977329517238,No,1.6073683500289917,NW
2014.9166666666667,-0.1074469402301911,1.5752404554854136,-0.2468152552149392,-0.9836732396051799,1.0122977329517238,No,1.2209782600402832,NW
2015,-0.1496828165464797,1.5764448254177965,-0.10038485547471043,-0.9836732396051799,1.0122977329517238,No,1.3263771533966064,NW
2015.0833333333335,-0.13925062809536418,1.5776491953501794,-0.006622520501885498,-0.9836732396051799,1.0122977329517238,No,1.4317760467529297,NW
2015.1666666666667,-0.09002783678349655,1.5788535652825624,0.048349211610187126,-0.9836732396051799,1.0122977329517238,No,1.537174940109253,NW
2015.25,0.04445133814961237,1.5800579352149453,0.018064560101018756,-0.9836732396051799,1.0122977329517238,No,1.6425738334655764,NW
2015.3333333333335,0.0872542921625712,1.5812623051473282,0.0794561295120002,-0.9836732396051799,1.0122977329517238,No,1.7479727268218996,NW
2015.4166666666667,0.10083594167443836,1.5824666750797112,0.17006900342407327,-0.9836732396051799,1.0122977329517238,No,1.8533716201782229,NW
2015.5,0.027247170922740357,1.583671045012094,-0.2126914779587603,-0.9836732396051799,1.0122977329517238,No,1.3982267379760742,NW
2015.5833333333335,0.10019615405057686,1.5834895741794839,-0.047434993900837163,-0.9836732396051799,1.0122977329517238,No,1.6362507343292236,NW
2015.6666666666667,0.08605414704394197,1.5833081033468737,-0.38188761812763206,-0.9836732396051799,1.0122977329517238,No,1.2874746322631836,NW
2015.75,0.028121338248497572,1.5831266325142634,-0.22133035868695528,-0.9836732396051799,1.0122977329517238,No,1.3899176120758057,NW
2015.8333333333335,0.01224784111451638,1.5829451616816532,0.01344683351517073,-0.9836732396051799,1.0122977329517238,No,1.6086398363113403,NW
2015.9166666666667,-0.1074469402301911,1.582763690849043,-0.1842766877144939,-0.9836732396051799,1.0122977329517238,No,1.291040062904358,NW
2016,-0.1496828165464797,1.5825822200164328,-0.29616098393717705,-0.9836732396051799,1.0122977329517238,No,1.136738419532776,NW
2016.0833333333335,-0.13925062809536418,1.5824007491838226,-0.31722159993214727,-0.9836732396051799,1.0122977329517238,No,1.125928521156311,NW
2016.1666666666667,-0.09002783678349655,1.5822192783512126,-0.13529405763941704,-0.9836732396051799,1.0122977329517238,No,1.356897383928299,NW
2016.25,0.04445133814961237,1.5820378075186023,-0.03862289896792781,-0.9836732396051799,1.0122977329517238,No,1.5878662467002869,NW
2016.3333333333335,0.0872542921625712,1.5818563366859921,0.14972448062371146,-0.9836732396051799,1.0122977329517238,No,1.8188351094722748,NW
2016.4166666666667,0.10083594167443836,1.581674865853382,0.36729316471644236,-0.9836732396051799,1.0122977329517238,No,2.0498039722442627,NW
2016.5,0.027247170922740357,1.5814933950207717,0.30195162915409335,-0.9836732396051799,1.0122977329517238,No,1.9106921950976055,NW
2016.5833333333335,0.10019615405057686,1.5813119241881615,0.09007233971220963,-0.9836732396051799,1.0122977329517238,No,1.771580417950948,NW
2016.6666666666667,0.08605414704394197,1.5811304533555512,-0.03471595959520246,-0.9836732396051799,1.0122977329517238,No,1.6324686408042908,NW
2016.75,0.028121338248497572,1.5796892866138,-0.11445376120466388,-0.9836732396051799,1.0122977329517238,No,1.4933568636576335,NW
2016.8333333333335,0.01224784111451638,1.5782481198720484,-0.23625087447558868,-0.9836732396051799,1.0122977329517238,No,1.354245086510976,NW
2016.9166666666667,-0.1074469402301911,1.5768069531302968,-0.2542267035357868,-0.9836732396051799,1.0122977329517238,No,1.2151333093643188,NW
2017,-0.1496828165464797,1.5753657863885455,-0.3111788113452092,-0.9836732396051799,1.0122977329517238,No,1.1145041584968567,NW
2017.0833333333335,-0.13925062809536418,1.5739246196467942,-0.4207989839220354,-0.9836732396051799,1.0122977329517238,No,1.0138750076293945,NW
2017.1666666666667,-0.09002783678349655,1.5724834529050427,-0.5692097593596137,-0.9836732396051799,1.0122977329517238,No,0.9132458567619324,NW
2017.25,0.04445133814961237,1.5710422861632911,0.10103240718123718,-0.9836732396051799,1.0122977329517238,No,1.7165260314941406,NW
2017.3333333333335,0.0872542921625712,1.5696011194215398,-0.1285900545665939,-0.9836732396051799,1.0122977329517238,No,1.528265357017517,NW
2017.4166666666667,0.10083594167443836,1.5681599526797885,0.0035062657180999768,-0.9836732396051799,1.0122977329517238,No,1.6725021600723269,NW
2017.5,0.027247170922740357,1.566718785938037,0.09050673240102602,-0.9836732396051799,1.0122977329517238,No,1.6844726892618034,NW
2017.5833333333335,0.10019615405057686,1.5652776191962854,0.0309694452044178,-0.9836732396051799,1.0122977329517238,No,1.69644321845128,NW
2017.6666666666667,0.08605414704394197,1.563836452454534,0.058523148142280546,-0.9836732396051799,1.0122977329517238,No,1.7084137476407566,NW
2017.75,0.028121338248497572,1.5623952857127827,0.12986765286895308,-0.9836732396051799,1.0122977329517238,No,1.7203842768302333,NW
2017.8333333333335,0.01224784111451638,1.5609541189710312,0.15915284593416223,-0.9836732396051799,1.0122977329517238,No,1.7323548060197098,NW
2017.9166666666667,-0.1074469402301911,1.5601371650419327,0.29163511039744483,-0.9836732396051799,1.0122977329517238,No,1.7443253352091863,NW
2018,-0.1496828165464797,1.5593202111128344,0.3466584698323083,-0.9836732396051799,1.0122977329517238,No,1.756295864398663,NW
2018.0833333333335,-0.13925062809536418,1.5585032571837358,0.34901376449976795,-0.9836732396051799,1.0122977329517238,No,1.7682663935881395,NW
2018.1666666666667,-0.09002783678349655,1.5576863032546375,0.31257845630647507,-0.9836732396051799,1.0122977329517238,No,1.780236922777616,NW
2018.25,0.04445133814961237,1.556869349325539,0.19088676449194142,-0.9836732396051799,1.0122977329517238,No,1.7922074519670927,NW
2018.3333333333335,0.0872542921625712,1.5560523953964407,0.16087129359755736,-0.9836732396051799,1.0122977329517238,No,1.8041779811565692,NW
2018.4166666666667,0.10083594167443836,1.5552354414673422,0.16007712720426537,-0.9836732396051799,1.0122977329517238,No,1.816148510346046,NW
2018.5,0.027247170922740357,1.5544184875382436,0.2464533810745384,-0.9836732396051799,1.0122977329517238,No,1.8281190395355225,NW
2018.5833333333335,0.10019615405057686,1.5536015336091453,0.14328988237176166,-0.9836732396051799,1.0122977329517238,No,1.797087570031484,NW
2018.6666666666667,0.08605414704394197,1.5527845796800468,0.12721737380345677,-0.9836732396051799,1.0122977329517238,No,1.7660561005274455,NW
2018.75,0.028121338248497572,1.5519676257509485,0.154935667023961,-0.9836732396051799,1.0122977329517238,No,1.735024631023407,NW
2018.8333333333335,0.01224784111451638,1.55115067182185,0.14059464858300208,-0.9836732396051799,1.0122977329517238,No,1.7039931615193684,NW
2018.9166666666667,-0.1074469402301911,1.5503337178927517,0.2300749143527694,-0.9836732396051799,1.0122977329517238,No,1.6729616920153298,NW
2019,-0.1496828165464797,1.5495167639636531,0.24209627509411802,-0.9836732396051799,1.0122977329517238,No,1.6419302225112915,NW
2019.0833333333335,-0.13925062809536418,1.5486448624167588,0.2015045186858584,-0.9836732396051799,1.0122977329517238,No,1.610898753007253,NW
2019.1666666666667,-0.09002783678349655,1.5477729608698643,0.12212215941684668,-0.9836732396051799,1.0122977329517238,No,1.5798672835032144,NW
2019.25,0.04445133814961237,1.54690105932297,-0.04251658347340648,-0.9836732396051799,1.0122977329517238,No,1.5488358139991758,NW
2019.3333333333335,0.0872542921625712,1.5460291577760756,-0.11547910544350959,-0.9836732396051799,1.0122977329517238,No,1.5178043444951372,NW
2019.4166666666667,0.10083594167443836,1.545157256229181,-0.15922032291252064,-0.9836732396051799,1.0122977329517238,No,1.486772874991099,NW
2019.5,0.027247170922740357,1.5442853546822868,-0.11579112011796688,-0.9836732396051799,1.0122977329517238,No,1.4557414054870603,NW
2019.5833333333335,0.10019615405057686,1.5434134531353925,-0.2610277260715548,-0.9836732396051799,1.0122977329517238,No,1.3825818811144146,NW
2019.6666666666667,0.08605414704394197,1.542541551588498,-0.31917334189067104,-0.9836732396051799,1.0122977329517238,No,1.3094223567417689,NW
2019.75,0.028121338248497572,1.5416696500416036,-0.33352815592097795,-0.9836732396051799,1.0122977329517238,No,1.2362628323691232,NW
2019.8333333333335,0.01224784111451638,1.540797748494709,-0.389942281612748,-0.9836732396051799,1.0122977329517238,No,1.1631033079964774,NW
2019.9166666666667,-0.1074469402301911,1.5399258469478148,-0.3425351230937921,-0.9836732396051799,1.0122977329517238,No,1.0899437836238315,NW
2020,-0.1496828165464797,1.5390539454009204,-0.37258686960325504,-0.9836732396051799,1.0122977329517238,No,1.0167842592511858,NW
2020.0833333333335,-0.13925062809536418,1.538182043854026,-0.4553066808801216,-0.9836732396051799,1.0122977329517238,No,0.94362473487854015,NW
2020.1666666666667,-0.09002783678349655,1.5373101423071316,-0.5723113329856406,-0.9836732396051799,1.0122977329517238,No,0.8749709725379944,NW
2020.25,0.04445133814961237,1.5338518362955234,-0.1678872568101717,-0.9836732396051799,1.0122977329517238,No,1.410415917634964,NW
2020.3333333333335,0.0872542921625712,1.5303935302839153,0.32821304028544707,-0.9836732396051799,1.0122977329517238,No,1.9458608627319336,NW
2020.4166666666667,0.10083594167443836,1.5269352242723073,0.4185285300218822,-0.9836732396051799,1.0122977329517238,No,2.046299695968628,NW
2020.5,0.027247170922740357,1.523476918260699,0.3716667890170915,-0.9836732396051799,1.0122977329517238,No,1.922390878200531,NW
2020.5833333333335,0.10019615405057686,1.5200186122490909,0.17826729413276632,-0.9836732396051799,1.0122977329517238,No,1.798482060432434,NW
2020.6666666666667,0.08605414704394197,1.5165603062374828,-0.1416804103508218,-0.9836732396051799,1.0122977329517238,No,1.460934042930603,NW
2020.75,0.028121338248497572,1.5131020002258748,-0.16435222946558325,-0.9836732396051799,1.0122977329517238,No,1.376871109008789,NW
2020.8333333333335,0.01224784111451638,1.5096436942142666,-0.22908336024180787,-0.9836732396051799,1.0122977329517238,No,1.292808175086975,NW
2020.9166666666667,-0.1074469402301911,1.5061853882026583,-0.18999320680730603,-0.9836732396051799,1.0122977329517238,No,1.2087452411651611,NW
2021,-0.1496828165464797,1.5027270821910503,-0.048866295950433125,-0.9836732396051799,1.0122977329517238,No,1.3041779696941376,NW
2021.0833333333335,-0.13925062809536418,1.4992687761794423,0.039592550139035954,-0.9836732396051799,1.0122977329517238,No,1.399610698223114,NW
2021.1666666666667,-0.09002783678349655,1.495810470167834,0.08926079336775294,-0.9836732396051799,1.0122977329517238,No,1.4950434267520905,NW
2021.25,0.04445133814961237,1.4923521641562258,0.05367265297522872,-0.9836732396051799,1.0122977329517238,No,1.590476155281067,NW
2021.3333333333335,0.0872542921625712,1.4888938581446178,-0.2566628435673819,-0.9836732396051799,1.0122977329517238,No,1.3194853067398071,NW
2021.4166666666667,0.10083594167443836,1.4847899084738099,-0.21305859385654102,-0.9836732396051799,1.0122977329517238,No,1.3725672562917073,NW
2021.5,0.027247170922740357,1.480685958803002,-0.08228392388213468,-0.9836732396051799,1.0122977329517238,No,1.4256492058436077,NW
2021.5833333333335,0.10019615405057686,1.476582009132194,-0.09804700778726305,-0.9836732396051799,1.0122977329517238,No,1.4787311553955078,NW
2021.6666666666667,0.08605414704394197,1.472478059461386,0.4520426111521427,-0.9836732396051799,1.0122977329517238,No,2.0105748176574707,NW
2021.75,0.028121338248497572,1.468374109790578,0.4608504747489086,-0.9836732396051799,1.0122977329517238,No,1.9573459227879841,NW
2021.8333333333335,0.01224784111451638,1.46427016011977,0.42759902668421135,-0.9836732396051799,1.0122977329517238,No,1.9041170279184978,NW
2021.9166666666667,-0.1074469402301911,1.460166210448962,0.4981688628302403,-0.9836732396051799,1.0122977329517238,No,1.8508881330490112,NW
2022,-0.1496828165464797,1.4560622607781541,0.4912797939478504,-0.9836732396051799,1.0122977329517238,No,1.7976592381795249,NW
2022.0833333333335,-0.13925062809536418,1.4519583111073462,0.4317226602980564,-0.9836732396051799,1.0122977329517238,No,1.7444303433100383,NW
2022.1666666666667,-0.09002783678349655,1.4478543614365382,0.3333749237875103,-0.9836732396051799,1.0122977329517238,No,1.691201448440552,NW
2022.25,0.04445133814961237,1.4437504117657303,0.14977080365572282,-0.9836732396051799,1.0122977329517238,No,1.6379725535710654,NW
2022.3333333333335,0.0872542921625712,1.4396464620949223,0.057842904444085574,-0.9836732396051799,1.0122977329517238,No,1.584743658701579,NW
2022.4166666666667,0.10083594167443836,1.4355425124241143,-0.004863690266460274,-0.9836732396051799,1.0122977329517238,No,1.5315147638320925,NW
2022.5,0.027247170922740357,1.4314385627533064,-0.13755057036885687,-0.9836732396051799,1.0122977329517238,No,1.32113516330719,NW
2022.5833333333335,0.10019615405057686,1.4273892882640409,0.2497338697810243,-0.9836732396051799,1.0122977329517238,No,1.777319312095642,NW
2022.6666666666667,0.08605414704394197,1.4233400137747756,0.5123186191800617,-0.9836732396051799,1.0122977329517238,No,2.0217127799987793,NW
2022.75,0.028121338248497572,1.41929073928551,-0.1694397369502063,-0.9836732396051799,1.0122977329517238,No,1.2779723405838013,NW
2022.8333333333335,0.01224784111451638,1.4152414647962446,0.024299953999822543,-0.9836732396051799,1.0122977329517238,No,1.4517892599105835,NW
2022.9166666666667,-0.1074469402301911,1.411192190306979,0.1408549744181462,-0.9836732396051799,1.0122977329517238,No,1.444600224494934,NW
2023,-0.1496828165464797,1.4071429158177138,0.1765976132836975,-0.9836732396051799,1.0122977329517238,No,1.4340577125549316,NW
2023.0833333333335,-0.13925062809536418,1.4030936413284483,-0.3437746300162261,-0.9836732396051799,1.0122977329517238,No,0.920068383216858,NW
2023.1666666666667,-0.09002783678349655,1.3990443668391828,-0.20488554670302506,-0.9836732396051799,1.0122977329517238,No,1.1041309833526611,NW
2023.25,0.04445133814961237,1.3949950923499175,0.338887471859479,-0.9836732396051799,1.0122977329517238,No,1.7783339023590088,NW
2023.3333333333335,0.0872542921625712,1.390945817860652,0.30672511237362743,-0.9836732396051799,1.0122977329517238,No,1.7849252223968506,NW
2023.4166666666667,0.10083594167443836,1.3868965433713865,0.22232715774592315,-0.9836732396051799,1.0122977329517238,No,1.710059642791748,NW
2023.5,0.027247170922740357,1.382847268882121,-0.2568772433403228,-0.9836732396051799,1.0122977329517238,No,1.1532171964645386,NW
2023.5833333333335,0.10019615405057686,1.3787979943928557,-0.18437458820173336,-0.9836732396051799,1.0122977329517238,No,1.2946195602416992,NW
2023.6666666666667,0.08605414704394197,1.3747487199035902,0.595425055492043,-0.9836732396051799,1.0122977329517238,No,2.056227922439575,NW
2023.75,0.028121338248497572,1.37059470018199,1.2730495274417046,-0.9836732396051799,1.0122977329517238,Yes,2.6717655658721924,NW
2023.8333333333335,0.01224784111451638,1.36644068046039,0.28260963420970064,-0.9836732396051799,1.0122977329517238,No,1.661298155784607,NW
2023.9166666666667,-0.1074469402301911,1.36228666073879,-0.16821259476854755,-0.9836732396051799,1.0122977329517238,No,1.0866271257400513,NW
2024,-0.1496828165464797,1.35813264101719,-0.15024910749835918,-0.9836732396051799,1.0122977329517238,No,1.058200716972351,NW
2024.0833333333335,-0.13925062809536418,1.3539786212955898,0.4541257665653995,-0.9836732396051799,1.0122977329517238,No,1.668853759765625,NW
2024.1666666666667,-0.09002783678349655,1.3498246015739896,-0.25211491817184073,-0.9836732396051799,1.0122977329517238,No,1.0076818466186523,NW
2024.25,0.04445133814961237,1.3456705818523897,0.1502422262306029,-0.9836732396051799,1.0122977329517238,No,1.540364146232605,NW
2024.3333333333335,0.0872542921625712,1.3415165621307896,-0.0596935294261125,-0.9836732396051799,1.0122977329517238,No,1.3690773248672483,NW
2024.4166666666667,0.10083594167443836,1.3373625424091895,-0.05551604141852806,-0.9836732396051799,1.0122977329517238,No,1.3826824426650999,NW
2024.5,0.027247170922740357,1.3332085226875894,0.03583186685262163,-0.9836732396051799,1.0122977329517238,No,1.3962875604629514,NW
2024.5833333333335,0.10019615405057686,1.3290545029659893,-0.01935797875576295,-0.9836732396051799,1.0122977329517238,No,1.4098926782608032,NW
2024.6666666666667,0.08605414704394197,1.3249004832443894,0.012543165770323439,-0.9836732396051799,1.0122977329517238,No,1.4234977960586548,NW
2024.75,0.028121338248497572,1.3207464635227892,0.08823511208521961,-0.9836732396051799,1.0122977329517238,No,1.4371029138565063,NW
2024.8333333333335,0.01224784111451638,1.3165924438011891,0.029809326557378002,-0.9836732396051799,1.0122977329517238,No,1.3586496114730835,NW
2024.9166666666667,-0.1074469402301911,1.312211247790131,0.06986755031206937,-0.9836732396051799,1.0122977329517238,No,1.2746318578720093,NW
2025,-0.1496828165464797,1.3078300517790733,-0.18310161383748236,-0.9836732396051799,1.0122977329517238,No,0.9750456213951113,NW
2025.0833333333335,-0.13925062809536418,1.3034488557680153,-0.22370673015601916,-0.9836732396051799,1.0122977329517238,No,0.940491497516632,NW
2025.1666666666667,-0.09002783678349655,1.2990676597569573,-0.28494633809492065,-0.9836732396051799,1.0122977329517238,No,0.92409348487854,NW
2025.25,0.04445133814961237,1.2946864637458995,0.2397586014171713,-0.9836732396051799,1.0122977329517238,No,1.578896403312683,NW
2025.3333333333335,0.0872542921625712,1.2903052677348414,0.15538690750218453,-0.9836732396051799,1.0122977329517238,No,1.5329464673995972,NW
2025.4166666666667,0.10083594167443836,1.2859240717237834,-0.1503845623102702,-0.9836732396051799,1.0122977329517238,No,1.2363754510879517,NW
2025.5,0.027247170922740357,1.2815428757127254,-0.3147848433883953,-0.9836732396051799,1.0122977329517238,No,0.9940052032470704,NW
2025.5833333333335,0.10019615405057686,1.2771616797016676,-0.327009402880281,-0.9836732396051799,1.0122977329517238,No,1.0503484308719635,NW
2025.6666666666667,0.08605414704394197,1.2727804836906096,-0.2521429722376949,-0.9836732396051799,1.0122977329517238,No,1.1066916584968567,NW
2025.75,0.028121338248497572,1.2683992876795516,-0.1334857398062992,-0.9836732396051799,1.0122977329517238,No,1.1630348861217499,NW
2025.8333333333335,0.01224784111451638,1.2640180916684938,-0.05688781903636708,-0.9836732396051799,1.0122977329517238,No,1.219378113746643,NW
2025.9166666666667,-0.1074469402301911,1.2596368956574358,0.0671881583193985,-0.9836732396051799,1.0122977329517238,No,1.219378113746643,NW
1981.6666666666667,0.13435327918220957,1.4090115751135261,0.15551426843833416,-0.8486292237750458,0.8686186949207401,No,1.6988791227340698,SW
1981.75,0.14428850587142295,1.4096356201700861,0.14495499669256073,-0.8486292237750458,0.8686186949207401,No,1.6988791227340698,SW
1981.8333333333335,0.11093851311690317,1.410259665226646,0.17768094439052073,-0.8486292237750458,0.8686186949207401,No,1.6988791227340698,SW
1981.9166666666667,-0.022013315142846327,1.410883710283206,0.2788713803723355,-0.8486292237750458,0.8686186949207401,No,1.667741775512695,SW
1982,-0.10690996429832814,1.411507755339766,0.3272836128815968,-0.8486292237750458,0.8686186949207401,No,1.6318814039230345,SW
1982.0833333333335,-0.1394307335766521,1.4121318003963257,0.32331996551370024,-0.8486292237750458,0.8686186949207401,No,1.596021032333374,SW
1982.1666666666667,-0.14992647309234033,1.4127558454528857,0.297331288383168,-0.8486292237750458,0.8686186949207401,No,1.5601606607437133,SW
1982.25,-0.06533776763626933,1.4133798905094457,0.1762581662808762,-0.8486292237750458,0.8686186949207401,No,1.5243002891540525,SW
1982.3333333333335,-0.04403989142722264,1.4140039355660055,0.11847587342560906,-0.8486292237750458,0.8686186949207401,No,1.4884399175643919,SW
1982.4166666666667,0.031678199331927864,1.4146279806225655,0.006273366020237869,-0.8486292237750458,0.8686186949207401,No,1.4525795459747313,SW
1982.5,-0.008527586866901797,1.4152520256791252,0.009994735572847135,-0.8486292237750458,0.8686186949207401,No,1.4167191743850707,SW
1982.5833333333335,0.1149272408827269,1.4158760707356852,-0.14994450882300203,-0.8486292237750458,0.8686186949207401,No,1.38085880279541,SW
1982.6666666666667,0.13435327918220957,1.4165001157922452,-0.20585496376870527,-0.8486292237750458,0.8686186949207401,No,1.3449984312057495,SW
1982.75,0.14428850587142295,1.417124160848805,-0.25227460710413907,-0.8486292237750458,0.8686186949207401,No,1.3091380596160889,SW
1982.8333333333335,0.11093851311690317,1.417748205905365,-0.2554090309958399,-0.8486292237750458,0.8686186949207401,No,1.2732776880264283,SW
1982.9166666666667,-0.022013315142846327,1.4184061629342386,-0.15897553135462483,-0.8486292237750458,0.8686186949207401,No,1.2374173164367674,SW
1983,-0.10690996429832814,1.4190641199631122,-0.11059721081767715,-0.8486292237750458,0.8686186949207401,No,1.2015569448471068,SW
1983.0833333333335,-0.1394307335766521,1.4197220769919858,-0.11459477015788755,-0.8486292237750458,0.8686186949207401,No,1.1656965732574462,SW
1983.1666666666667,-0.14992647309234033,1.4203800340208597,-0.1406173592607336,-0.8486292237750458,0.8686186949207401,No,1.1298362016677856,SW
1983.25,-0.06533776763626933,1.4210379910497333,-0.23426857468223217,-0.8486292237750458,0.8686186949207401,No,1.1214316487312317,SW
1983.3333333333335,-0.04403989142722264,1.4216959480786069,-0.2646289608567065,-0.8486292237750458,0.8686186949207401,No,1.1130270957946777,SW
1983.4166666666667,0.031678199331927864,1.4223539051074805,-0.34940956158128467,-0.8486292237750458,0.8686186949207401,No,1.1046225428581238,SW
1983.5,-0.008527586866901797,1.4230118621363541,-0.3182662853478826,-0.8486292237750458,0.8686186949207401,No,1.0962179899215698,SW
1983.5833333333335,0.1149272408827269,1.4236698191652277,-0.28748719175991444,-0.8486292237750458,0.8686186949207401,No,1.2511098682880402,SW
1983.6666666666667,0.13435327918220957,1.4243277761941013,-0.15267930872180036,-0.8486292237750458,0.8686186949207401,No,1.4060017466545105,SW
1983.75,0.14428850587142295,1.4249857332229752,-0.00838061407341728,-0.8486292237750458,0.8686186949207401,No,1.5608936250209808,SW
1983.8333333333335,0.11093851311690317,1.4256436902518488,0.17920330001869922,-0.8486292237750458,0.8686186949207401,No,1.7157855033874512,SW
1983.9166666666667,-0.022013315142846327,1.4263016472807224,0.10805543216723867,-0.8486292237750458,0.8686186949207401,No,1.5123437643051147,SW
1984,-0.10690996429832814,1.426959604309596,0.18272487463877596,-0.8486292237750458,0.8686186949207401,No,1.5027745146500437,SW
1984.0833333333335,-0.1394307335766521,1.4276054327826295,0.20503056578899503,-0.8486292237750458,0.8686186949207401,No,1.4932052649949725,SW
1984.1666666666667,-0.14992647309234033,1.4282512612556628,0.20531122717657913,-0.8486292237750458,0.8686186949207401,No,1.4836360153399015,SW
1984.25,-0.06533776763626933,1.4288970897286963,0.11050744359240361,-0.8486292237750458,0.8686186949207401,No,1.4740667656848305,SW
1984.3333333333335,-0.04403989142722264,1.4295429182017299,0.07899448925525232,-0.8486292237750458,0.8686186949207401,No,1.4644975160297595,SW
1984.4166666666667,0.031678199331927864,1.4301887466747634,-0.006938679632003009,-0.8486292237750458,0.8686186949207401,No,1.4549282663746883,SW
1984.5,-0.008527586866901797,1.4308345751477967,0.02305202843872234,-0.8486292237750458,0.8686186949207401,No,1.4453590167196173,SW
1984.5833333333335,0.1149272408827269,1.4314804036208302,-0.11061787743901075,-0.8486292237750458,0.8686186949207401,No,1.4357897670645463,SW
1984.6666666666667,0.13435327918220957,1.4321262320938637,-0.1402589938665979,-0.8486292237750458,0.8686186949207401,No,1.4262205174094753,SW
1984.75,0.14428850587142295,1.432772060566897,-0.16040929868391585,-0.8486292237750458,0.8686186949207401,No,1.416651267754404,SW
1984.8333333333335,0.11093851311690317,1.4334178890399305,-0.1372743840575006,-0.8486292237750458,0.8686186949207401,No,1.407082018099333,SW
1984.9166666666667,-0.022013315142846327,1.434063717512964,-0.014537633925855609,-0.8486292237750458,0.8686186949207401,No,1.397512768444262,SW
1985,-0.10690996429832814,1.4347095459859975,0.06014393710152177,-0.8486292237750458,0.8686186949207401,No,1.387943518789191,SW
1985.0833333333335,-0.1394307335766521,1.4353553744590308,0.08244962825174107,-0.8486292237750458,0.8686186949207401,No,1.3783742691341199,SW
1985.1666666666667,-0.14992647309234033,1.4360012029320643,0.08273028963932494,-0.8486292237750458,0.8686186949207401,No,1.3688050194790489,SW
1985.25,-0.06533776763626933,1.436774298035779,-0.012200760575531655,-0.8486292237750458,0.8686186949207401,No,1.3592357698239779,SW
1985.3333333333335,-0.04403989142722264,1.4375473931394935,-0.04384098154336402,-0.8486292237750458,0.8686186949207401,No,1.3496665201689069,SW
1985.4166666666667,0.031678199331927864,1.438320488243208,-0.1299014170613002,-0.8486292237750458,0.8686186949207401,No,1.3400972705138356,SW
1985.5,-0.008527586866901797,1.4390935833469225,-0.10003797562125616,-0.8486292237750458,0.8686186949207401,No,1.3305280208587646,SW
1985.5833333333335,0.1149272408827269,1.439866678450637,-0.13598251860195942,-0.8486292237750458,0.8686186949207401,No,1.4188114007314045,SW
1985.6666666666667,0.13435327918220957,1.4406397735543517,-0.06789827213251654,-0.8486292237750458,0.8686186949207401,No,1.5070947806040447,SW
1985.75,0.14428850587142295,1.441412868658066,0.009676785947195565,-0.8486292237750458,0.8686186949207401,No,1.5953781604766846,SW
1985.8333333333335,0.11093851311690317,1.4421859637617807,0.0277268287361343,-0.8486292237750458,0.8686186949207401,No,1.5808513056148181,SW
1985.9166666666667,-0.022013315142846327,1.4429590588654952,0.14537870703030298,-0.8486292237750458,0.8686186949207401,No,1.566324450752952,SW
1986,-0.10690996429832814,1.4437321539692098,0.21497540622020384,-0.8486292237750458,0.8686186949207401,No,1.5517975958910855,SW
1986.0833333333335,-0.1394307335766521,1.4445052490729244,0.23219622553294683,-0.8486292237750458,0.8686186949207401,No,1.5372707410292192,SW
1986.1666666666667,-0.14992647309234033,1.4452783441766388,0.2273920150830544,-0.8486292237750458,0.8686186949207401,No,1.5227438861673528,SW
1986.25,-0.06533776763626933,1.4460514392803534,0.12750335966140258,-0.8486292237750458,0.8686186949207401,No,1.5082170313054866,SW
1986.3333333333335,-0.04403989142722264,1.446824534384068,0.09090553348677477,-0.8486292237750458,0.8686186949207401,No,1.4936901764436201,SW
1986.4166666666667,0.031678199331927864,1.448517427475503,-0.0010323052256770993,-0.8486292237750458,0.8686186949207401,No,1.479163321581754,SW
1986.5,-0.008527586866901797,1.450210320566938,0.02295373301985104,-0.8486292237750458,0.8686186949207401,No,1.4646364667198875,SW
1986.5833333333335,0.1149272408827269,1.451903213658373,-0.11672084268307859,-0.8486292237750458,0.8686186949207401,No,1.4501096118580212,SW
1986.6666666666667,0.13435327918220957,1.453596106749808,-0.15236662893586272,-0.8486292237750458,0.8686186949207401,No,1.4355827569961548,SW
1986.75,0.14428850587142295,1.455288999841243,-0.19578357470528074,-0.8486292237750458,0.8686186949207401,No,1.4037939310073853,SW
1986.8333333333335,0.11093851311690317,1.456981892932678,-0.22207585114845818,-0.8486292237750458,0.8686186949207401,No,1.345844554901123,SW
1986.9166666666667,-0.022013315142846327,1.4586747860241132,-0.1487662920864059,-0.8486292237750458,0.8686186949207401,No,1.287895178794861,SW
1987,-0.10690996429832814,1.460367679115548,-0.12351191212862123,-0.8486292237750458,0.8686186949207401,No,1.2299458026885985,SW
1987.0833333333335,-0.1394307335766521,1.462060572206983,-0.15063341204799463,-0.8486292237750458,0.8686186949207401,No,1.1719964265823364,SW
1987.1666666666667,-0.14992647309234033,1.463753465298418,-0.19977994173000346,-0.8486292237750458,0.8686186949207401,No,1.1140470504760742,SW
1987.25,-0.06533776763626933,1.4654463583898532,-0.15583987537196142,-0.8486292237750458,0.8686186949207401,No,1.2442687153816223,SW
1987.3333333333335,-0.04403989142722264,1.467139251481288,-0.04860897976689493,-0.8486292237750458,0.8686186949207401,No,1.3744903802871704,SW
1987.4166666666667,0.031678199331927864,1.468832144572723,-0.04429365098015148,-0.8486292237750458,0.8686186949207401,No,1.4562166929244995,SW
1987.5,-0.008527586866901797,1.470525037664158,0.07594555476457199,-0.8486292237750458,0.8686186949207401,No,1.5379430055618284,SW
1987.5833333333335,0.1149272408827269,1.4733863522855648,0.03135572503086581,-0.8486292237750458,0.8686186949207401,No,1.6196693181991575,SW
1987.6666666666667,0.13435327918220957,1.4762476669069717,0.11231327281340664,-0.8486292237750458,0.8686186949207401,No,1.722914218902588,SW
1987.75,0.14428850587142295,1.4791089815283787,0.07475374341227115,-0.8486292237750458,0.8686186949207401,No,1.6981512308120728,SW
1987.8333333333335,0.11093851311690317,1.4819702961497854,0.093513428716428093,-0.8486292237750458,0.8686186949207401,No,1.6864222379831166,SW
1987.9166666666667,-0.022013315142846327,1.484831610771192,0.21187494952581498,-0.8486292237750458,0.8686186949207401,No,1.6746932451541607,SW
1988,-0.10690996429832814,1.487692925392599,0.28218129123093383,-0.8486292237750458,0.8686186949207401,No,1.6629642523252046,SW
1988.0833333333335,-0.1394307335766521,1.490554240014006,0.3001117530588948,-0.8486292237750458,0.8686186949207401,No,1.6512352594962487,SW
1988.1666666666667,-0.14992647309234033,1.4934155546354126,0.29601718512422037,-0.8486292237750458,0.8686186949207401,No,1.6395062666672926,SW
1988.25,-0.06533776763626933,1.4962768692568194,0.19683817221778654,-0.8486292237750458,0.8686186949207401,No,1.6277772738383365,SW
1988.3333333333335,-0.04403989142722264,1.4991381838782263,0.16094998855837694,-0.8486292237750458,0.8686186949207401,No,1.6160482810093806,SW
1988.4166666666667,0.031678199331927864,1.5019994984996332,0.0706415903488633,-0.8486292237750458,0.8686186949207401,No,1.6043192881804245,SW
1988.5,-0.008527586866901797,1.50486081312104,0.09625706909733012,-0.8486292237750458,0.8686186949207401,No,1.5925902953514683,SW
1988.5833333333335,0.1149272408827269,1.5077221277424466,-0.04178806610266106,-0.8486292237750458,0.8686186949207401,No,1.5808613025225124,SW
1988.6666666666667,0.13435327918220957,1.5105834423638536,-0.07580441185250675,-0.8486292237750458,0.8686186949207401,No,1.5691323096935563,SW
1988.75,0.14428850587142295,1.5130374426310167,-0.09992263163783921,-0.8486292237750458,0.8686186949207401,No,1.5574033168646004,SW
1988.8333333333335,0.11093851311690317,1.5154914428981796,-0.08075563197943847,-0.8486292237750458,0.8686186949207401,No,1.5456743240356443,SW
1988.9166666666667,-0.022013315142846327,1.5179454431653427,-0.15190878112155648,-0.8486292237750458,0.8686186949207401,No,1.34402334690094,SW
1989,-0.10690996429832814,1.5203994434325059,-0.269298869679069,-0.8486292237750458,0.8686186949207401,No,1.1441906094551086,SW
1989.0833333333335,-0.1394307335766521,1.522853443699669,-0.43906483811373964,-0.8486292237750458,0.8686186949207401,No,0.9443578720092773,SW
1989.1666666666667,-0.14992647309234033,1.525307443966832,-0.2890495239089561,-0.8486292237750458,0.8686186949207401,No,1.0863314469655354,SW
1989.25,-0.06533776763626933,1.527761444233995,-0.23411865467593218,-0.8486292237750458,0.8686186949207401,No,1.2283050219217935,SW
1989.3333333333335,-0.04403989142722264,1.5302154445011582,-0.1158969561958838,-0.8486292237750458,0.8686186949207401,No,1.3702785968780518,SW
1989.4166666666667,0.031678199331927864,1.5326694447683211,-0.1393052532768846,-0.8486292237750458,0.8686186949207401,No,1.4250423908233645,SW
1989.5,-0.008527586866901797,1.5351234450354843,0.02195856230260884,-0.8486292237750458,0.8686186949207401,No,1.5485544204711914,SW
1989.5833333333335,0.1149272408827269,1.5375774453026474,0.365081068209157,-0.8486292237750458,0.8686186949207401,No,2.0175857543945312,SW
1989.6666666666667,0.13435327918220957,1.5400314455698105,0.1343246582588442,-0.8486292237750458,0.8686186949207401,No,1.8087093830108643,SW
1989.75,0.14428850587142295,1.5424854458369734,-0.08694094008119913,-0.8486292237750458,0.8686186949207401,No,1.5998330116271973,SW
1989.8333333333335,0.11093851311690317,1.5449394461041366,0.009532797843779361,-0.8486292237750458,0.8686186949207401,No,1.6654107570648191,SW
1989.9166666666667,-0.022013315142846327,1.5454264976174634,-0.44519114611292276,-0.8486292237750458,0.8686186949207401,No,1.0782220363616943,SW
1990,-0.10690996429832814,1.5459135491307903,-0.48073351189545055,-0.8486292237750458,0.8686186949207401,No,0.9582700729370116,SW
1990.0833333333335,-0.1394307335766521,1.546400600644117,-0.35506745369924,-0.8486292237750458,0.8686186949207401,No,1.051902413368225,SW
1990.1666666666667,-0.14992647309234033,1.5468876521574442,-0.4220255282396035,-0.8486292237750458,0.8686186949207401,No,0.9749356508255004,SW
1990.25,-0.06533776763626933,1.547374703670771,-0.30863230203563075,-0.8486292237750458,0.8686186949207401,No,1.1734046339988708,SW
1990.3333333333335,-0.04403989142722264,1.5478617551840979,-0.131948246584634,-0.8486292237750458,0.8686186949207401,No,1.3718736171722412,SW
1990.4166666666667,0.031678199331927864,1.5483488066974247,-0.08109214103148887,-0.8486292237750458,0.8686186949207401,No,1.4989348649978638,SW
1990.5,-0.008527586866901797,1.5488358582107515,0.08568784147963648,-0.8486292237750458,0.8686186949207401,No,1.6259961128234863,SW
1990.5833333333335,0.1149272408827269,1.5493229097240784,-0.09934283821361678,-0.8486292237750458,0.8686186949207401,No,1.5649073123931885,SW
1990.6666666666667,0.13435327918220957,1.5498099612374052,-0.1698541917669658,-0.8486292237750458,0.8686186949207401,No,1.514309048652649,SW
1990.75,0.14428850587142295,1.5502970127507323,-0.08754356362795357,-0.8486292237750458,0.8686186949207401,No,1.6070419549942017,SW
1990.8333333333335,0.11093851311690317,1.5507840642640591,-0.008983159828014342,-0.8486292237750458,0.8686186949207401,No,1.652739417552948,SW
1990.9166666666667,-0.022013315142846327,1.551271115777386,0.1691790794771546,-0.8486292237750458,0.8686186949207401,No,1.6984368801116942,SW
1991,-0.10690996429832814,1.5517581672907128,0.2992861396780562,-0.8486292237750458,0.8686186949207401,No,1.7441343426704408,SW
1991.0833333333335,-0.1394307335766521,1.5504896912857205,0.37877284752011864,-0.8486292237750458,0.8686186949207401,No,1.789831805229187,SW
1991.1666666666667,-0.14992647309234033,1.5492212152807279,0.4362345255995459,-0.8486292237750458,0.8686186949207401,No,1.8355292677879333,SW
1991.25,-0.06533776763626933,1.5479527392757355,0.39861175870721355,-0.8486292237750458,0.8686186949207401,No,1.8812267303466796,SW
1991.3333333333335,-0.04403989142722264,1.546684263270743,0.42427982106190565,-0.8486292237750458,0.8686186949207401,No,1.926924192905426,SW
1991.4166666666667,0.031678199331927864,1.5454157872657506,0.39552766886649393,-0.8486292237750458,0.8686186949207401,No,1.9726216554641725,SW
1991.5,-0.008527586866901797,1.544147311260758,0.4826993936290622,-0.8486292237750458,0.8686186949207401,No,2.0183191180229185,SW
1991.5833333333335,0.1149272408827269,1.5428788352557656,0.4062105044431725,-0.8486292237750458,0.8686186949207401,No,2.064016580581665,SW
1991.6666666666667,0.13435327918220957,1.5416103592507733,0.1092141884484259,-0.8486292237750458,0.8686186949207401,No,1.7851778268814087,SW
1991.75,0.14428850587142295,1.5403418832457807,0.09009611731830613,-0.8486292237750458,0.8686186949207401,No,1.7747265064355098,SW
1991.8333333333335,0.11093851311690317,1.5390734072407883,0.11426326563191957,-0.8486292237750458,0.8686186949207401,No,1.764275185989611,SW
1991.9166666666667,-0.022013315142846327,1.5378049312357958,0.23803224945076273,-0.8486292237750458,0.8686186949207401,No,1.7538238655437122,SW
1992,-0.10690996429832814,1.5365364552308034,0.3137460541653383,-0.8486292237750458,0.8686186949207401,No,1.7433725450978135,SW
1992.0833333333335,-0.1394307335766521,1.5352679792258108,0.3370839790027558,-0.8486292237750458,0.8686186949207401,No,1.7329212246519146,SW
1992.1666666666667,-0.14992647309234033,1.5339995032208185,0.3383968740775378,-0.8486292237750458,0.8686186949207401,No,1.7224699042060159,SW
1992.25,-0.06533776763626933,1.5319428617379574,0.24541348965842902,-0.8486292237750458,0.8686186949207401,No,1.712018583760117,SW
1992.3333333333335,-0.04403989142722264,1.5298862202550962,0.21572093448634466,-0.8486292237750458,0.8686186949207401,No,1.7015672633142183,SW
1992.4166666666667,0.031678199331927864,1.5278295787722351,0.13160816476415627,-0.8486292237750458,0.8686186949207401,No,1.6911159428683193,SW
1992.5,-0.008527586866901797,1.5257729372893738,0.16341927199994855,-0.8486292237750458,0.8686186949207401,No,1.6806646224224207,SW
1992.5833333333335,0.1149272408827269,1.5237162958065127,0.03156976528728217,-0.8486292237750458,0.8686186949207401,No,1.6702133019765217,SW
1992.6666666666667,0.13435327918220957,1.5216596543236516,0.0037490480247619473,-0.8486292237750458,0.8686186949207401,No,1.659761981530623,SW
1992.75,0.14428850587142295,1.5196030128407905,-0.014580857627489285,-0.8486292237750458,0.8686186949207401,No,1.6493106610847241,SW
1992.8333333333335,0.11093851311690317,1.5175463713579294,0.010374456163992907,-0.8486292237750458,0.8686186949207401,No,1.6388593406388254,SW
1992.9166666666667,-0.022013315142846327,1.5154897298750682,0.1349316054607046,-0.8486292237750458,0.8686186949207401,No,1.6284080201929265,SW
1993,-0.10690996429832814,1.5134330883922071,0.2114335756531489,-0.8486292237750458,0.8686186949207401,No,1.6179566997470278,SW
1993.0833333333335,-0.1394307335766521,1.5113764469093458,0.23555966596843514,-0.8486292237750458,0.8686186949207401,No,1.607505379301129,SW
1993.1666666666667,-0.14992647309234033,1.5093198054264847,0.23766072652108594,-0.8486292237750458,0.8686186949207401,No,1.5970540588552302,SW
1993.25,-0.06533776763626933,1.5072631639436236,0.14467734210197714,-0.8486292237750458,0.8686186949207401,No,1.5866027384093313,SW
1993.3333333333335,-0.04403989142722264,1.5052065224607625,0.11498478692989278,-0.8486292237750458,0.8686186949207401,No,1.5761514179634326,SW
1993.4166666666667,0.031678199331927864,1.5019541205240299,0.03206777766157587,-0.8486292237750458,0.8686186949207401,No,1.5657000975175337,SW
1993.5,-0.008527586866901797,1.4987017185872975,0.06507464535123919,-0.8486292237750458,0.8686186949207401,No,1.555248777071635,SW
1993.5833333333335,0.1149272408827269,1.495449316650565,-0.0655791009075557,-0.8486292237750458,0.8686186949207401,No,1.544797456625736,SW
1993.6666666666667,0.13435327918220957,1.4921969147138323,-0.09220405771620444,-0.8486292237750458,0.8686186949207401,No,1.5343461361798374,SW
1993.75,0.14428850587142295,1.4889445127770997,-0.10933820291458418,-0.8486292237750458,0.8686186949207401,No,1.5238948157339385,SW
1993.8333333333335,0.11093851311690317,1.4856921108403673,-0.08318712866923073,-0.8486292237750458,0.8686186949207401,No,1.5134434952880398,SW
1993.9166666666667,-0.022013315142846327,1.4824397089036347,0.04256578108135245,-0.8486292237750458,0.8686186949207401,No,1.5029921748421409,SW
1994,-0.10690996429832814,1.4791873069669021,0.12026351172766825,-0.8486292237750458,0.8686186949207401,No,1.4925408543962422,SW
1994.0833333333335,-0.1394307335766521,1.4759349050301698,0.14558536249682552,-0.8486292237750458,0.8686186949207401,No,1.4820895339503433,SW
1994.1666666666667,-0.14992647309234033,1.4726825030934372,0.1488821835033478,-0.8486292237750458,0.8686186949207401,No,1.4716382135044446,SW
1994.25,-0.06533776763626933,1.4694301011567046,0.05709455953811049,-0.8486292237750458,0.8686186949207401,No,1.4611868930585457,SW
1994.3333333333335,-0.04403989142722264,1.466177699219972,0.028597764819897398,-0.8486292237750458,0.8686186949207401,No,1.4507355726126467,SW
1994.4166666666667,0.031678199331927864,1.4629252972832396,-0.05431924444841951,-0.8486292237750458,0.8686186949207401,No,1.440284252166748,SW
1994.5,-0.008527586866901797,1.459672895346507,-0.05997436966989267,-0.8486292237750458,0.8686186949207401,No,1.3911709388097127,SW
1994.5833333333335,0.1149272408827269,1.4549636307594738,-0.2278332461895234,-0.8486292237750458,0.8686186949207401,No,1.3420576254526773,SW
1994.6666666666667,0.13435327918220957,1.4502543661724403,-0.29166333325900773,-0.8486292237750458,0.8686186949207401,No,1.292944312095642,SW
1994.75,0.14428850587142295,1.445545101585407,-0.3460026087182233,-0.8486292237750458,0.8686186949207401,No,1.2438309987386067,SW
1994.8333333333335,0.11093851311690317,1.4408358369983736,-0.35705666473370545,-0.8486292237750458,0.8686186949207401,No,1.1947176853815713,SW
1994.9166666666667,-0.022013315142846327,1.4361265724113403,-0.2685088852439581,-0.8486292237750458,0.8686186949207401,No,1.145604372024536,SW
1995,-0.10690996429832814,1.4314173078243069,-0.22109298681745204,-0.8486292237750458,0.8686186949207401,No,1.1034143567085266,SW
1995.0833333333335,-0.1394307335766521,1.4267080432372736,-0.2260529682681045,-0.8486292237750458,0.8686186949207401,No,1.061224341392517,SW
1995.1666666666667,-0.14992647309234033,1.4219987786502404,-0.15474962222354938,-0.8486292237750458,0.8686186949207401,No,1.1173226833343506,SW
1995.25,-0.06533776763626933,1.417289514063207,-0.1785307211507534,-0.8486292237750458,0.8686186949207401,No,1.173421025276184,SW
1995.3333333333335,-0.04403989142722264,1.4125802494761737,-0.19560511062768637,-0.8486292237750458,0.8686186949207401,No,1.1729352474212646,SW
1995.4166666666667,0.031678199331927864,1.4078709848891402,-0.26709971465472293,-0.8486292237750458,0.8686186949207401,No,1.1724494695663452,SW
1995.5,-0.008527586866901797,1.403161720302107,-0.22267044172377948,-0.8486292237750458,0.8686186949207401,No,1.1719636917114258,SW
1995.5833333333335,0.1149272408827269,1.3984524557150735,0.1105990374186181,-0.8486292237750458,0.8686186949207401,No,1.6239787340164185,SW
1995.6666666666667,0.13435327918220957,1.3937431911280402,-0.08842423863605542,-0.8486292237750458,0.8686186949207401,No,1.4396722316741943,SW
1995.75,0.14428850587142295,1.3900748143872856,0.23074621877327384,-0.8486292237750458,0.8686186949207401,No,1.7651095390319824,SW
1995.8333333333335,0.11093851311690317,1.386406437646531,0.21297254172161217,-0.8486292237750458,0.8686186949207401,No,1.7103174924850464,SW
1995.9166666666667,-0.022013315142846327,1.3827380609057764,-0.29571956254302045,-0.8486292237750458,0.8686186949207401,No,1.0650051832199097,SW
1996,-0.10690996429832814,1.3790696841650218,-0.1387417558850652,-0.8486292237750458,0.8686186949207401,No,1.1334179639816284,SW
1996.0833333333335,-0.1394307335766521,1.3754013074242672,-0.04014738125117967,-0.8486292237750458,0.8686186949207401,No,1.1958231925964355,SW
1996.1666666666667,-0.14992647309234033,1.3717329306835127,0.03642196362007044,-0.8486292237750458,0.8686186949207401,No,1.2582284212112427,SW
1996.25,-0.06533776763626933,1.3680645539427578,0.01790686351956139,-0.8486292237750458,0.8686186949207401,No,1.3206336498260498,SW
1996.3333333333335,-0.04403989142722264,1.3643961772020032,0.06268259266607634,-0.8486292237750458,0.8686186949207401,No,1.383038878440857,SW
1996.4166666666667,0.031678199331927864,1.3607278004612486,0.05303810726248748,-0.8486292237750458,0.8686186949207401,No,1.445444107055664,SW
1996.5,-0.008527586866901797,1.357059423720494,0.05419588626805072,-0.8486292237750458,0.8686186949207401,No,1.402727723121643,SW
1996.5833333333335,0.1149272408827269,1.3533910469797394,-0.11303027617532391,-0.8486292237750458,0.8686186949207401,No,1.3552880116871424,SW
1996.6666666666667,0.13435327918220957,1.3497226702389848,-0.17622764916855238,-0.8486292237750458,0.8686186949207401,No,1.307848300252642,SW
1996.75,0.14428850587142295,1.3460542934982302,-0.22993421055151186,-0.8486292237750458,0.8686186949207401,No,1.2604085888181413,SW
1996.8333333333335,0.11093851311690317,1.3423859167574757,-0.24035555249073792,-0.8486292237750458,0.8686186949207401,No,1.212968877383641,SW
1996.9166666666667,-0.022013315142846327,1.3408663762741997,-0.15332389518221312,-0.8486292237750458,0.8686186949207401,No,1.1655291659491402,SW
1997,-0.10690996429832814,1.3393468357909237,-0.1143474169779557,-0.8486292237750458,0.8686186949207401,No,1.1180894545146398,SW
1997.0833333333335,-0.1394307335766521,1.337827295307648,-0.1277468186508568,-0.8486292237750458,0.8686186949207401,No,1.0706497430801392,SW
1997.1666666666667,-0.14992647309234033,1.336307754824372,0.14426010716109583,-0.8486292237750458,0.8686186949207401,No,1.3306413888931274,SW
1997.25,-0.06533776763626933,1.334788214341096,0.47075949039081544,-0.8486292237750458,0.8686186949207401,No,1.740209937095642,SW
1997.3333333333335,-0.04403989142722264,1.33326867385782,0.19799591563611396,-0.8486292237750458,0.8686186949207401,No,1.4872246980667114,SW
1997.4166666666667,0.031678199331927864,1.3317491333745441,0.05752713315961677,-0.8486292237750458,0.8686186949207401,No,1.4209544658660889,SW
1997.5,-0.008527586866901797,1.3302295928912684,0.028822657900804183,-0.8486292237750458,0.8686186949207401,No,1.350524663925171,SW
1997.5833333333335,0.1149272408827269,1.3287100524079924,-0.05025534005127841,-0.8486292237750458,0.8686186949207401,No,1.393381953239441,SW
1997.6666666666667,0.13435327918220957,1.3271905119247165,0.39923418302179714,-0.8486292237750458,0.8686186949207401,No,1.8607779741287231,SW
1997.75,0.14428850587142295,1.3256709714414405,0.19594373332709014,-0.8486292237750458,0.8686186949207401,No,1.6659032106399536,SW
1997.8333333333335,0.11093851311690317,1.3241514309581648,0.11827099495081095,-0.8486292237750458,0.8686186949207401,No,1.553360939025879,SW
1997.9166666666667,-0.022013315142846327,1.3226318904748888,0.1402000920797617,-0.8486292237750458,0.8686186949207401,No,1.4408186674118042,SW
1998,-0.10690996429832814,1.3211123499916129,0.11407401010444485,-0.8486292237750458,0.8686186949207401,No,1.3282763957977295,SW
1998.0833333333335,-0.1394307335766521,1.3206503343240303,0.03451452343627648,-0.8486292237750458,0.8686186949207401,No,1.2157341241836548,SW
1998.1666666666667,-0.14992647309234033,1.320188318656448,-0.06674097535536738,-0.8486292237750458,0.8686186949207401,No,1.1035208702087402,SW
1998.25,-0.06533776763626933,1.3197263029888655,-0.1627630833109701,-0.8486292237750458,0.8686186949207401,No,1.091625452041626,SW
1998.3333333333335,-0.04403989142722264,1.319264287321283,-0.166667281659723,-0.8486292237750458,0.8686186949207401,No,1.1085571142343373,SW
1998.4166666666667,0.031678199331927864,1.3188022716537005,-0.22499169455857948,-0.8486292237750458,0.8686186949207401,No,1.125488776427049,SW
1998.5,-0.008527586866901797,1.3183402559861181,-0.16739223049945617,-0.8486292237750458,0.8686186949207401,No,1.1424204386197603,SW
1998.5833333333335,0.1149272408827269,1.3178782403185356,-0.27345338038879063,-0.8486292237750458,0.8686186949207401,No,1.1593521008124719,SW
1998.6666666666667,0.13435327918220957,1.317416224650953,-0.2754857408279794,-0.8486292237750458,0.8686186949207401,No,1.1762837630051832,SW
1998.75,0.14428850587142295,1.3169542089833708,-0.2680272896568989,-0.8486292237750458,0.8686186949207401,No,1.1932154251978948,SW
1998.8333333333335,0.11093851311690317,1.3164921933157883,-0.21728361904208526,-0.8486292237750458,0.8686186949207401,No,1.2101470873906062,SW
1998.9166666666667,-0.022013315142846327,1.3160301776482057,-0.06693811292204166,-0.8486292237750458,0.8686186949207401,No,1.2270787495833178,SW
1999,-0.10690996429832814,1.3155681619806232,0.035352214093734124,-0.8486292237750458,0.8686186949207401,No,1.2440104117760291,SW
1999.0833333333335,-0.1394307335766521,1.315106146313041,0.08526666123235183,-0.8486292237750458,0.8686186949207401,No,1.2609420739687407,SW
1999.1666666666667,-0.14992647309234033,1.3146441306454584,0.1131560786083341,-0.8486292237750458,0.8686186949207401,No,1.277873736161452,SW
1999.25,-0.06533776763626933,1.3146436608515673,0.0454995051388658,-0.8486292237750458,0.8686186949207401,No,1.2948053983541636,SW
1999.3333333333335,-0.04403989142722264,1.3146431910576761,0.04113376091642151,-0.8486292237750458,0.8686186949207401,No,1.311737060546875,SW
1999.4166666666667,0.031678199331927864,1.314642721263785,0.017536944737844173,-0.8486292237750458,0.8686186949207401,No,1.3638578653335571,SW
1999.5,-0.008527586866901797,1.3146422514698939,0.10986400551724707,-0.8486292237750458,0.8686186949207401,No,1.4159786701202393,SW
1999.5833333333335,0.1149272408827269,1.3146417816760028,0.038530452348191746,-0.8486292237750458,0.8686186949207401,No,1.4680994749069214,SW
1999.6666666666667,0.13435327918220957,1.3146413118821116,0.017553017311227936,-0.8486292237750458,0.8686186949207401,No,1.466547608375549,SW
1999.75,0.14428850587142295,1.3146408420882205,-0.07122902866948255,-0.8486292237750458,0.8686186949207401,No,1.387700319290161,SW
1999.8333333333335,0.11093851311690317,1.3146403722943296,-0.11672585520646006,-0.8486292237750458,0.8686186949207401,No,1.3088530302047727,SW
1999.9166666666667,-0.022013315142846327,1.3146399025004385,-0.0626208462382074,-0.8486292237750458,0.8686186949207401,No,1.2300057411193848,SW
2000,-0.10690996429832814,1.3146394327065474,-0.05657101637422257,-0.8486292237750458,0.8686186949207401,No,1.1511584520339966,SW
2000.0833333333335,-0.1394307335766521,1.3146389629126563,-0.10289706638739582,-0.8486292237750458,0.8686186949207401,No,1.0723111629486084,SW
2000.1666666666667,-0.14992647309234033,1.3146384931187651,-0.1712481461632045,-0.8486292237750458,0.8686186949207401,No,0.9934638738632203,SW
2000.25,-0.06533776763626933,1.314638023324874,-0.013833596619543309,-0.8486292237750458,0.8686186949207401,No,1.2354666590690613,SW
2000.3333333333335,-0.04403989142722264,1.3146375535309829,0.2068717821711421,-0.8486292237750458,0.8686186949207401,No,1.4774694442749023,SW
2000.4166666666667,0.031678199331927864,1.3153260825151127,-0.026628004877131017,-0.8486292237750458,0.8686186949207401,No,1.3203762769699097,SW
2000.5,-0.008527586866901797,1.3160146114992426,-0.14595033105934285,-0.8486292237750458,0.8686186949207401,No,1.161536693572998,SW
2000.5833333333335,0.1149272408827269,1.3167031404833724,0.7375142490660296,-0.8486292237750458,0.8686186949207401,No,2.169144630432129,SW
2000.6666666666667,0.13435327918220957,1.3173916694675023,0.6359134749941338,-0.8486292237750458,0.8686186949207401,No,2.0876584236438456,SW
2000.75,0.14428850587142295,1.3180801984516322,0.5438035125325076,-0.8486292237750458,0.8686186949207401,No,2.0061722168555627,SW
2000.8333333333335,0.11093851311690317,1.318768727435762,0.4949787695146144,-0.8486292237750458,0.8686186949207401,No,1.9246860100672796,SW
2000.9166666666667,-0.022013315142846327,1.3194572564198919,0.5457558620019509,-0.8486292237750458,0.8686186949207401,No,1.8431998032789965,SW
2001,-0.10690996429832814,1.3201457854040217,0.54847777538501985,-0.8486292237750458,0.8686186949207401,No,1.7617135964907134,SW
2001.0833333333335,-0.1394307335766521,1.3208343143881516,0.4988238088909305,-0.8486292237750458,0.8686186949207401,No,1.68022738970243,SW
2001.1666666666667,-0.14992647309234033,1.3215228433722814,0.4271448126342061,-0.8486292237750458,0.8686186949207401,No,1.5987411829141471,SW
2001.25,-0.06533776763626933,1.3222113723564113,0.26038137140572193,-0.8486292237750458,0.8686186949207401,No,1.5172549761258638,SW
2001.3333333333335,-0.04403989142722264,1.3228999013405411,0.1569087594242622,-0.8486292237750458,0.8686186949207401,No,1.4357687693375807,SW
2001.4166666666667,0.031678199331927864,1.323588430324671,-9.840671073013674e-4,-0.8486292237750458,0.8686186949207401,No,1.3542825625492976,SW
2001.5,-0.008527586866901797,1.3242769593088008,-0.04295301668088469,-0.8486292237750458,0.8686186949207401,No,1.2727963557610145,SW
2001.5833333333335,0.1149272408827269,1.3253860899439214,-0.2490031818539169,-0.8486292237750458,0.8686186949207401,No,1.1913101489727314,SW
2001.6666666666667,0.13435327918220957,1.326495220579042,-0.3510245575768032,-0.8486292237750458,0.8686186949207401,No,1.1098239421844482,SW
2001.75,0.14428850587142295,1.3276043512141624,-0.37854590369355656,-0.8486292237750458,0.8686186949207401,No,1.0933469533920288,SW
2001.8333333333335,0.11093851311690317,1.328713481849283,-0.36278203036657675,-0.8486292237750458,0.8686186949207401,No,1.0768699645996094,SW
2001.9166666666667,-0.022013315142846327,1.3298226124844035,-0.2474163215343672,-0.8486292237750458,0.8686186949207401,No,1.06039297580719,SW
2002,-0.10690996429832814,1.330931743119524,-0.18010579180642527,-0.8486292237750458,0.8686186949207401,No,1.0439159870147705,SW
2002.0833333333335,-0.1394307335766521,1.3320408737546445,-0.18781101259925714,-0.8486292237750458,0.8686186949207401,No,1.0047991275787354,SW
2002.1666666666667,-0.14992647309234033,1.3331500043897653,-0.0151849246537481,-0.8486292237750458,0.8686186949207401,No,1.1680386066436768,SW
2002.25,-0.06533776763626933,1.3342591350248858,-0.21906804249847966,-0.8486292237750458,0.8686186949207401,No,1.0498533248901367,SW
2002.3333333333335,-0.04403989142722264,1.3353682656600063,-0.13548044332458065,-0.8486292237750458,0.8686186949207401,No,1.155847930908203,SW
2002.4166666666667,0.031678199331927864,1.3364773962951269,-0.10631305870078522,-0.8486292237750458,0.8686186949207401,No,1.2618425369262696,SW
2002.5,-0.008527586866901797,1.3375865269302474,0.03877820288099021,-0.8486292237750458,0.8686186949207401,No,1.367837142944336,SW
2002.5833333333335,0.1149272408827269,1.338695657565368,0.020208850514307652,-0.8486292237750458,0.8686186949207401,No,1.4738317489624024,SW
2002.6666666666667,0.13435327918220957,1.3398047882004884,0.1056682875977708,-0.8486292237750458,0.8686186949207401,No,1.5798263549804688,SW
2002.75,0.14428850587142295,1.3403988804360316,0.21665722295310452,-0.8486292237750458,0.8686186949207401,No,1.701344609260559,SW
2002.8333333333335,0.11093851311690317,1.3409929726715746,-0.16252315963949093,-0.8486292237750458,0.8686186949207401,No,1.2894083261489868,SW
2002.9166666666667,-0.022013315142846327,1.3415870649071178,-0.059540261490650837,-0.8486292237750458,0.8686186949207401,No,1.2600334882736206,SW
2003,-0.10690996429832814,1.3421811571426607,-0.004612542446078116,-0.8486292237750458,0.8686186949207401,No,1.2306586503982544,SW
2003.0833333333335,-0.1394307335766521,1.342775249378204,-0.0020607032786637003,-0.8486292237750458,0.8686186949207401,No,1.2012838125228882,SW
2003.1666666666667,-0.14992647309234033,1.3433693416137469,-0.02153389387388449,-0.8486292237750458,0.8686186949207401,No,1.171908974647522,SW
2003.25,-0.06533776763626933,1.34396343384929,-0.1360915294408649,-0.8486292237750458,0.8686186949207401,No,1.1425341367721558,SW
2003.3333333333335,-0.04403989142722264,1.3445575260848333,-0.18735833576082106,-0.8486292237750458,0.8686186949207401,No,1.1131592988967896,SW
2003.4166666666667,0.031678199331927864,1.3451516183203762,-0.2930453566308808,-0.8486292237750458,0.8686186949207401,No,1.0837844610214233,SW
2003.5,-0.008527586866901797,1.3457457105559194,-0.2828085005429606,-0.8486292237750458,0.8686186949207401,No,1.0544096231460571,SW
2003.5833333333335,0.1149272408827269,1.3463398027914624,0.25512809602002484,-0.8486292237750458,0.8686186949207401,No,1.716395139694214,SW
2003.6666666666667,0.13435327918220957,1.3469338950270056,0.17053050519599733,-0.8486292237750458,0.8686186949207401,No,1.6518176794052124,SW
2003.75,0.14428850587142295,1.3475279872625485,-0.08467719183392264,-0.8486292237750458,0.8686186949207401,No,1.4071393013000488,SW
2003.8333333333335,0.11093851311690317,1.3481220794980917,-0.05899202641187751,-0.8486292237750458,0.8686186949207401,No,1.4000685662031174,SW
2003.9166666666667,-0.022013315142846327,1.3481360362444388,0.06687511000459345,-0.8486292237750458,0.8686186949207401,No,1.392997831106186,SW
2004,-0.10690996429832814,1.3481499929907859,0.1446870673167968,-0.8486292237750458,0.8686186949207401,No,1.3859270960092545,SW
2004.0833333333335,-0.1394307335766521,1.3481639497371327,0.17012314475184231,-0.8486292237750458,0.8686186949207401,No,1.378856360912323,SW
2004.1666666666667,-0.14992647309234033,1.3481779064834798,0.17353419242425216,-0.8486292237750458,0.8686186949207401,No,1.3717856258153915,SW
2004.25,-0.06533776763626933,1.3481918632298269,0.08186079512490263,-0.8486292237750458,0.8686186949207401,No,1.36471489071846,SW
2004.3333333333335,-0.04403989142722264,1.348205819976174,0.05347822707257732,-0.8486292237750458,0.8686186949207401,No,1.3576441556215286,SW
2004.4166666666667,0.031678199331927864,1.3482197767225208,-0.02932455552985158,-0.8486292237750458,0.8686186949207401,No,1.3505734205245972,SW
2004.5,-0.008527586866901797,1.3482337334688679,-0.42776080358438806,-0.8486292237750458,0.8686186949207401,No,0.911945343017578,SW
2004.5833333333335,0.1149272408827269,1.348247690215215,0.31597543568520026,-0.8486292237750458,0.8686186949207401,No,1.779150366783142,SW
2004.6666666666667,0.13435327918220957,1.348261646961562,0.19694704647433148,-0.8486292237750458,0.8686186949207401,No,1.679561972618103,SW
2004.75,0.14428850587142295,1.348275603707909,0.12251991270422202,-0.8486292237750458,0.8686186949207401,No,1.615084022283554,SW
2004.8333333333335,0.11093851311690317,1.348289560454256,0.09137799837784599,-0.8486292237750458,0.8686186949207401,No,1.5506060719490051,SW
2004.9166666666667,-0.022013315142846327,1.348303517200603,0.15983791955669946,-0.8486292237750458,0.8686186949207401,No,1.4861281216144562,SW
2005,-0.10690996429832814,1.3483174739469501,0.18024266163128533,-0.8486292237750458,0.8686186949207401,No,1.4216501712799072,SW
2005.0833333333335,-0.1394307335766521,1.3491539049183296,0.14744904960368066,-0.8486292237750458,0.8686186949207401,No,1.3571722209453583,SW
2005.1666666666667,-0.14992647309234033,1.3499903358897094,0.09263040781344034,-0.8486292237750458,0.8686186949207401,No,1.2926942706108093,SW
2005.25,-0.06533776763626933,1.350826766861089,-0.05727267894855914,-0.8486292237750458,0.8686186949207401,No,1.2282163202762604,SW
2005.3333333333335,-0.04403989142722264,1.3516631978324685,-0.1438849364635344,-0.8486292237750458,0.8686186949207401,No,1.1637383699417114,SW
2005.4166666666667,0.031678199331927864,1.3524996288038482,0.31222233742208494,-0.8486292237750458,0.8686186949207401,No,1.696400165557861,SW
2005.5,-0.008527586866901797,1.3533360597752278,-0.13471127919036974,-0.8486292237750458,0.8686186949207401,No,1.2100971937179563,SW
2005.5833333333335,0.1149272408827269,1.3541724907466073,0.16813436012939387,-0.8486292237750458,0.8686186949207401,No,1.637234091758728,SW
2005.6666666666667,0.13435327918220957,1.355008921717987,-0.14817067067253542,-0.8486292237750458,0.8686186949207401,No,1.3411915302276611,SW
2005.75,0.14428850587142295,1.3558453526893666,-0.09310053431915133,-0.8486292237750458,0.8686186949207401,No,1.4070333242416382,SW
2005.8333333333335,0.11093851311690317,1.3566817836607463,0.012231306730346114,-0.8486292237750458,0.8686186949207401,No,1.4798516035079956,SW
2005.9166666666667,-0.022013315142846327,1.3575182146321259,0.05411945773423121,-0.8486292237750458,0.8686186949207401,No,1.3896243572235107,SW
2006,-0.10690996429832814,1.3583546456035054,0.047952429633848714,-0.8486292237750458,0.8686186949207401,No,1.2993971109390259,SW
2006.0833333333335,-0.1394307335766521,1.3591910765748851,-0.010590478343692089,-0.8486292237750458,0.8686186949207401,No,1.209169864654541,SW
2006.1666666666667,-0.14992647309234033,1.3600275075462647,-0.0911584160838681,-0.8486292237750458,0.8686186949207401,No,1.1189426183700562,SW
2006.25,-0.06533776763626933,1.3607272966673583,-0.26476823882417966,-0.8486292237750458,0.8686186949207401,No,1.0306212902069092,SW
2006.3333333333335,-0.04403989142722264,1.3614270857884516,-0.08277163001491528,-0.8486292237750458,0.8686186949207401,No,1.2346155643463137,SW
2006.4166666666667,0.031678199331927864,1.3621268749095452,0.5440190558168156,-0.8486292237750458,0.8686186949207401,No,1.9378241300582888,SW
2006.5,-0.008527586866901797,1.3628266640306388,0.21625506006618234,-0.8486292237750458,0.8686186949207401,No,1.5705541372299194,SW
2006.5833333333335,0.1149272408827269,1.3635264531517322,0.3516313451043349,-0.8486292237750458,0.8686186949207401,No,1.830085039138794,SW
2006.6666666666667,0.13435327918220957,1.3642262422728257,0.14852414580418105,-0.8486292237750458,0.8686186949207401,No,1.6471036672592163,SW
2006.75,0.14428850587142295,1.3649260313939193,0.15013895737882277,-0.8486292237750458,0.8686186949207401,No,1.659353494644165,SW
2006.8333333333335,0.11093851311690317,1.3656258205150127,0.5957322857833673,-0.8486292237750458,0.8686186949207401,No,2.072296619415283,SW
2006.9166666666667,-0.022013315142846327,1.3663256096361063,0.22151877068465775,-0.8486292237750458,0.8686186949207401,No,1.5658310651779177,SW
2007,-0.10690996429832814,1.3670253987571996,-0.33847611122431354,-0.8486292237750458,0.8686186949207401,No,0.921639323234558,SW
2007.0833333333335,-0.1394307335766521,1.3677251878782932,-0.2572284164878189,-0.8486292237750458,0.8686186949207401,No,0.9710660378138223,SW
2007.1666666666667,-0.14992647309234033,1.3684249769993868,-0.19800575151395972,-0.8486292237750458,0.8686186949207401,No,1.0204927523930867,SW
2007.25,-0.06533776763626933,1.3691247661204802,-0.23386753151185968,-0.8486292237750458,0.8686186949207401,No,1.069919466972351,SW
2007.3333333333335,-0.04403989142722264,1.3698245552415738,-0.20643848226273587,-0.8486292237750458,0.8686186949207401,No,1.1193461815516152,SW
2007.4166666666667,0.031678199331927864,1.3699814944514919,-0.23288679765254017,-0.8486292237750458,0.8686186949207401,No,1.1687728961308796,SW
2007.5,-0.008527586866901797,1.37013843366141,-0.14341123608436424,-0.8486292237750458,0.8686186949207401,No,1.218199610710144,SW
2007.5833333333335,0.1149272408827269,1.370295372871328,0.04799696212790305,-0.8486292237750458,0.8686186949207401,No,1.533219575881958,SW
2007.6666666666667,0.13435327918220957,1.3704523120812462,0.14924428208859508,-0.8486292237750458,0.8686186949207401,No,1.6540498733520508,SW
2007.75,0.14428850587142295,1.3706092512911643,0.2599824136595563,-0.8486292237750458,0.8686186949207401,No,1.7748801708221436,SW
2007.8333333333335,0.11093851311690317,1.3707661905010824,0.027204641055171175,-0.8486292237750458,0.8686186949207401,No,1.5089093446731567,SW
2007.9166666666667,-0.022013315142846327,1.3709231297110005,-0.3937424614149254,-0.8486292237750458,0.8686186949207401,No,0.9551673531532288,SW
2008,-0.10690996429832814,1.3710800689209184,-0.38004809057687494,-0.8486292237750458,0.8686186949207401,No,0.8841220140457153,SW
2008.0833333333335,-0.1394307335766521,1.3712370081308365,-0.03516220678990223,-0.8486292237750458,0.8686186949207401,No,1.1966440677642822,SW
2008.1666666666667,-0.14992647309234033,1.3713939473407546,-0.06715092971563807,-0.8486292237750458,0.8686186949207401,No,1.154316544532776,SW
2008.25,-0.06533776763626933,1.3715508865506727,-0.15129611719016012,-0.8486292237750458,0.8686186949207401,No,1.1549170017242432,SW
2008.3333333333335,-0.04403989142722264,1.3717078257605908,-0.18899272147326074,-0.8486292237750458,0.8686186949207401,No,1.1386752128601074,SW
2008.4166666666667,0.031678199331927864,1.371864764970509,-0.2811095403064652,-0.8486292237750458,0.8686186949207401,No,1.1224334239959717,SW
2008.5,-0.008527586866901797,1.372021704180427,-0.2573024821816894,-0.8486292237750458,0.8686186949207401,No,1.106191635131836,SW
2008.5833333333335,0.1149272408827269,1.3725341379318852,-0.32234590316001,-0.8486292237750458,0.8686186949207401,No,1.165115475654602,SW
2008.6666666666667,0.13435327918220957,1.3730465716833433,-0.2833605346881847,-0.8486292237750458,0.8686186949207401,No,1.2240393161773682,SW
2008.75,0.14428850587142295,1.3735590054348015,-0.23488435460609014,-0.8486292237750458,0.8686186949207401,No,1.2829631567001343,SW
2008.8333333333335,0.11093851311690317,1.3740714391862596,-0.1431229550802624,-0.8486292237750458,0.8686186949207401,No,1.3418869972229004,SW
2008.9166666666667,-0.022013315142846327,1.3745838729377178,0.04824027995079505,-0.8486292237750458,0.8686186949207401,No,1.4008108377456665,SW
2009,-0.10690996429832814,1.375096306689176,0.1915483358775849,-0.8486292237750458,0.8686186949207401,No,1.4597346782684326,SW
2009.0833333333335,-0.1394307335766521,1.375608740440634,0.2824805119272167,-0.8486292237750458,0.8686186949207401,No,1.5186585187911987,SW
2009.1666666666667,-0.14992647309234033,1.3761211741920925,0.3513876582142128,-0.8486292237750458,0.8686186949207401,No,1.5775823593139648,SW
2009.25,-0.06533776763626933,1.3766336079435506,0.32521035952944977,-0.8486292237750458,0.8686186949207401,No,1.636506199836731,SW
2009.3333333333335,-0.04403989142722264,1.3771460416950088,0.36232389009171095,-0.8486292237750458,0.8686186949207401,No,1.695430040359497,SW
2009.4166666666667,0.031678199331927864,1.377658475446467,0.3450172061038683,-0.8486292237750458,0.8686186949207401,No,1.7543538808822632,SW
2009.5,-0.008527586866901797,1.378170909197925,0.28042901386587604,-0.8486292237750458,0.8686186949207401,No,1.6500723361968994,SW
2009.5833333333335,0.1149272408827269,1.3786833429493832,0.16645931890582522,-0.8486292237750458,0.8686186949207401,No,1.6600699027379353,SW
2009.6666666666667,0.13435327918220957,1.3791957767008414,0.15651841339592032,-0.8486292237750458,0.8686186949207401,No,1.6700674692789712,SW
2009.75,0.14428850587142295,1.380813867502805,0.15496266244577916,-0.8486292237750458,0.8686186949207401,No,1.680065035820007,SW
2009.8333333333335,0.11093851311690317,1.3824319583047686,0.26640278297285946,-0.8486292237750458,0.8686186949207401,No,1.7597732543945312,SW
2009.9166666666667,-0.022013315142846327,1.3840500491067322,0.11497425125161898,-0.8486292237750458,0.8686186949207401,No,1.477010985215505,SW
2010,-0.10690996429832814,1.3856681399086959,-0.08450945957388889,-0.8486292237750458,0.8686186949207401,No,1.1942487160364788,SW
2010.0833333333335,-0.1394307335766521,1.3872862307106595,-0.33636905027655506,-0.8486292237750458,0.8686186949207401,No,0.9114864468574524,SW
2010.1666666666667,-0.14992647309234033,1.388904321512623,-0.30793362749590525,-0.8486292237750458,0.8686186949207401,No,0.9310442209243776,SW
2010.25,-0.06533776763626933,1.3905224123145867,0.25204962351015925,-0.8486292237750458,0.8686186949207401,No,1.5772342681884766,SW
2010.3333333333335,-0.04403989142722264,1.3921405031165506,-0.11042351436877129,-0.8486292237750458,0.8686186949207401,No,1.2376770973205566,SW
2010.4166666666667,0.031678199331927864,1.3937585939185142,0.03794437797605954,-0.8486292237750458,0.8686186949207401,No,1.4633811712265017,SW
2010.5,-0.008527586866901797,1.3953766847204778,0.007021494263733441,-0.8486292237750458,0.8686186949207401,No,1.3938705921173096,SW
2010.5833333333335,0.1149272408827269,1.3969947755224414,-0.06903840567976549,-0.8486292237750458,0.8686186949207401,No,1.4428836107254028,SW
2010.6666666666667,0.13435327918220957,1.398612866324405,-0.04106951617311849,-0.8486292237750458,0.8686186949207401,No,1.491896629333496,SW
2010.75,0.14428850587142295,1.4002309571263687,-0.17231560629117237,-0.8486292237750458,0.8686186949207401,No,1.3722038567066193,SW
2010.8333333333335,0.11093851311690317,1.4018490479283323,-0.26027647696549305,-0.8486292237750458,0.8686186949207401,No,1.2525110840797424,SW
2010.9166666666667,-0.022013315142846327,1.4033858631844813,-0.2485542365887694,-0.8486292237750458,0.8686186949207401,No,1.1328183114528656,SW
2011,-0.10690996429832814,1.4049226784406303,-0.28488717531631336,-0.8486292237750458,0.8686186949207401,No,1.0131255388259888,SW
2011.0833333333335,-0.1394307335766521,1.4064594936967794,-0.1704748384206034,-0.8486292237750458,0.8686186949207401,No,1.096553921699524,SW
2011.1666666666667,-0.14992647309234033,1.4079963089529282,-0.15580662365660825,-0.8486292237750458,0.8686186949207401,No,1.1022632122039795,SW
2011.25,-0.06533776763626933,1.4095331242090772,0.1563637349951854,-0.8486292237750458,0.8686186949207401,No,1.5005590915679932,SW
2011.3333333333335,-0.04403989142722264,1.4110699394652262,0.8799463275418302,-0.8486292237750458,0.8686186949207401,Yes,2.246976375579834,SW
2011.4166666666667,0.031678199331927864,1.4126067547213752,0.32471033098087654,-0.8486292237750458,0.8686186949207401,No,1.7689952850341797,SW
2011.5,-0.008527586866901797,1.4141435699775242,0.2538875165562273,-0.8486292237750458,0.8686186949207401,No,1.6595034996668498,SW
2011.5833333333335,0.1149272408827269,1.4156803852336732,0.019404088183119672,-0.8486292237750458,0.8686186949207401,No,1.5500117142995198,SW
2011.6666666666667,0.13435327918220957,1.4172172004898222,-0.11105055073984182,-0.8486292237750458,0.8686186949207401,No,1.44051992893219,SW
2011.75,0.14428850587142295,1.418754015745971,0.1578323839688489,-0.8486292237750458,0.8686186949207401,No,1.720874905586243,SW
2011.8333333333335,0.11093851311690317,1.42029083100212,0.05593703676324013,-0.8486292237750458,0.8686186949207401,No,1.5871663808822634,SW
2011.9166666666667,-0.022013315142846327,1.421827646258269,0.053643525062861075,-0.8486292237750458,0.8686186949207401,No,1.4534578561782838,SW
2012,-0.10690996429832814,1.423364461514418,0.0032948342582144186,-0.8486292237750458,0.8686186949207401,No,1.3197493314743043,SW
2012.0833333333335,-0.1394307335766521,1.4237723983230808,-0.098300857976104,-0.8486292237750458,0.8686186949207401,No,1.1860408067703248,SW
2012.1666666666667,-0.14992647309234033,1.4241803351317435,-0.22192157997305784,-0.8486292237750458,0.8686186949207401,No,1.0523322820663452,SW
2012.25,-0.06533776763626933,1.4245882719404062,-0.4835109298717638,-0.8486292237750458,0.8686186949207401,No,0.875739574432373,SW
2012.3333333333335,-0.04403989142722264,1.4249962087490688,-0.251957113878319,-0.8486292237750458,0.8686186949207401,No,1.1289992034435272,SW
2012.4166666666667,0.031678199331927864,1.4254041455577315,-0.07482351243497809,-0.8486292237750458,0.8686186949207401,No,1.3822588324546814,SW
2012.5,-0.008527586866901797,1.4258120823663942,0.2182339659663428,-0.8486292237750458,0.8686186949207401,No,1.6355184614658353,SW
2012.5833333333335,0.1149272408827269,1.4262200191750567,0.34763083041920595,-0.8486292237750458,0.8686186949207401,No,1.8887780904769895,SW
2012.6666666666667,0.13435327918220957,1.4266279559837194,0.2629077819391734,-0.8486292237750458,0.8686186949207401,No,1.8238890171051023,SW
2012.75,0.14428850587142295,1.427035892792382,0.027450272890760408,-0.8486292237750458,0.8686186949207401,No,1.5987746715545654,SW
2012.8333333333335,0.11093851311690317,1.4274438296010448,-0.11552040900975702,-0.8486292237750458,0.8686186949207401,No,1.422861933708191,SW
2012.9166666666667,-0.022013315142846327,1.4278517664097075,0.0062148953670499996,-0.8486292237750458,0.8686186949207401,No,1.4120533466339111,SW
2013,-0.10690996429832814,1.4282597032183701,0.07989502063958942,-0.8486292237750458,0.8686186949207401,No,1.4012447595596313,SW
2013.0833333333335,-0.1394307335766521,1.4286676400270328,0.10119926603497076,-0.8486292237750458,0.8686186949207401,No,1.3904361724853516,SW
2013.1666666666667,-0.14992647309234033,1.4290755768356955,0.10047848166771667,-0.8486292237750458,0.8686186949207401,No,1.3796275854110718,SW
2013.25,-0.06533776763626933,1.4289971769650478,0.00515958900801361,-0.8486292237750458,0.8686186949207401,No,1.368818998336792,SW
2013.3333333333335,-0.04403989142722264,1.4289187770943999,-0.026868474404665,-0.8486292237750458,0.8686186949207401,No,1.3580104112625122,SW
2013.4166666666667,0.031678199331927864,1.4288403772237521,-0.11331675236744765,-0.8486292237750458,0.8686186949207401,No,1.3472018241882324,SW
2013.5,-0.008527586866901797,1.4287619773531044,-0.08384115337225007,-0.8486292237750458,0.8686186949207401,No,1.3363932371139526,SW
2013.5833333333335,0.1149272408827269,1.4286835774824567,-0.2839678597241313,-0.8486292237750458,0.8686186949207401,No,1.2596429586410522,SW
2013.6666666666667,0.13435327918220957,1.4286051776118087,0.06605019398570566,-0.8486292237750458,0.8686186949207401,No,1.629008650779724,SW
2013.75,0.14428850587142295,1.428526777741161,0.05228687874856108,-0.8486292237750458,0.8686186949207401,No,1.625102162361145,SW
2013.8333333333335,0.11093851311690317,1.4284483778705133,0.04576469622637225,-0.8486292237750458,0.8686186949207401,No,1.5851515872137887,SW
2013.9166666666667,-0.022013315142846327,1.4283699779998653,0.13884434920941335,-0.8486292237750458,0.8686186949207401,No,1.5452010120664323,SW
2014,-0.10690996429832814,1.4282915781292176,0.18386882308818664,-0.8486292237750458,0.8686186949207401,No,1.505250436919076,SW
2014.0833333333335,-0.1394307335766521,1.4282131782585699,0.17651741708980206,-0.8486292237750458,0.8686186949207401,No,1.46529986177172,SW
2014.1666666666667,-0.14992647309234033,1.4281347783879221,0.14714098132878184,-0.8486292237750458,0.8686186949207401,No,1.4253492866243636,SW
2014.25,-0.06533776763626933,1.4280563785172742,0.02268010059600245,-0.8486292237750458,0.8686186949207401,No,1.3853987114770072,SW
2014.3333333333335,-0.04403989142722264,1.4279779786466265,-0.03848995088975293,-0.8486292237750458,0.8686186949207401,No,1.3454481363296509,SW
2014.4166666666667,0.031678199331927864,1.4272407445915862,0.13131406414329905,-0.8486292237750458,0.8686186949207401,No,1.5902330080668132,SW
2014.5,-0.008527586866901797,1.426503510536546,0.41704195613433104,-0.8486292237750458,0.8686186949207401,No,1.8350178798039753,SW
2014.5833333333335,0.1149272408827269,1.425766276481506,0.5391092341769048,-0.8486292237750458,0.8686186949207401,No,2.0798027515411377,SW
2014.6666666666667,0.13435327918220957,1.4250290424264658,0.8302420356148352,-0.8486292237750458,0.8686186949207401,No,2.3896243572235107,SW
2014.75,0.14428850587142295,1.4242918083714255,0.3860262188076886,-0.8486292237750458,0.8686186949207401,No,1.954606533050537,SW
2014.8333333333335,0.11093851311690317,1.4235545743163853,0.09713685641436776,-0.8486292237750458,0.8686186949207401,No,1.6316299438476562,SW
2014.9166666666667,-0.022013315142846327,1.4228173402613453,0.11749636512503137,-0.8486292237750458,0.8686186949207401,No,1.5183003902435304,SW
2015,-0.10690996429832814,1.422080106206305,0.08980069473142738,-0.8486292237750458,0.8686186949207401,No,1.4049708366394043,SW
2015.0833333333335,-0.1394307335766521,1.4213428721512649,0.009729144460665529,-0.8486292237750458,0.8686186949207401,No,1.2916412830352784,SW
2015.1666666666667,-0.14992647309234033,1.4206056380962246,-0.09236743557273197,-0.8486292237750458,0.8686186949207401,No,1.1783117294311523,SW
2015.25,-0.06533776763626933,1.4198684040411844,-0.28954846057788863,-0.8486292237750458,0.8686186949207401,No,1.0649821758270264,SW
2015.3333333333335,-0.04403989142722264,1.4191311699861444,0.08123055695896153,-0.8486292237750458,0.8686186949207401,No,1.4563218355178833,SW
2015.4166666666667,0.031678199331927864,1.4183939359311042,0.2800654513305958,-0.8486292237750458,0.8686186949207401,No,1.730137586593628,SW
2015.5,-0.008527586866901797,1.417656701876064,-0.24426791276917204,-0.8486292237750458,0.8686186949207401,No,1.1648612022399902,SW
2015.5833333333335,0.1149272408827269,1.4153235069701755,0.04861931020679,-0.8486292237750458,0.8686186949207401,No,1.5788700580596924,SW
2015.6666666666667,0.13435327918220957,1.4129903120642868,-0.37996993401993384,-0.8486292237750458,0.8686186949207401,No,1.1673736572265625,SW
2015.75,0.14428850587142295,1.4106571171583984,0.0837704786166018,-0.8486292237750458,0.8686186949207401,No,1.6387161016464231,SW
2015.8333333333335,0.11093851311690317,1.40832392225251,0.11374974019058448,-0.8486292237750458,0.8686186949207401,No,1.6330121755599976,SW
2015.9166666666667,-0.022013315142846327,1.4059907273466214,-0.14131045244120188,-0.8486292237750458,0.8686186949207401,No,1.2426669597625732,SW
2016,-0.10690996429832814,1.4036575324407328,-0.28074205209015846,-0.8486292237750458,0.8686186949207401,No,1.016005516052246,SW
2016.0833333333335,-0.1394307335766521,1.4013243375348443,-0.21935055033117812,-0.8486292237750458,0.8686186949207401,No,1.0425430536270142,SW
2016.1666666666667,-0.14992647309234033,1.3989911426289559,-0.1350879227390538,-0.8486292237750458,0.8686186949207401,No,1.1139767467975616,SW
2016.25,-0.06533776763626933,1.3966579477230672,-0.14590974011868862,-0.8486292237750458,0.8686186949207401,No,1.1854104399681091,SW
2016.3333333333335,-0.04403989142722264,1.3943247528171787,-0.09344072825129945,-0.8486292237750458,0.8686186949207401,No,1.2568441331386566,SW
2016.4166666666667,0.031678199331927864,1.3919915579112903,-0.0953919309340141,-0.8486292237750458,0.8686186949207401,No,1.328277826309204,SW
2016.5,-0.008527586866901797,1.3896583630054018,0.7089492466733895,-0.8486292237750458,0.8686186949207401,No,2.0900800228118896,SW
2016.5833333333335,0.1149272408827269,1.3873251680995131,0.6739970951071155,-0.8486292237750458,0.8686186949207401,No,2.1762495040893555,SW
2016.6666666666667,0.13435327918220957,1.3849919731936247,0.18595340980983477,-0.8486292237750458,0.8686186949207401,No,1.705298662185669,SW
2016.75,0.14428850587142295,1.382414879235475,0.11309710384192417,-0.8486292237750458,0.8686186949207401,No,1.639800488948822,SW
2016.8333333333335,0.11093851311690317,1.3798377852773251,0.08352601731774678,-0.8486292237750458,0.8686186949207401,No,1.574302315711975,SW
2016.9166666666667,-0.022013315142846327,1.3772606913191752,-0.19860243580004733,-0.8486292237750458,0.8686186949207401,No,1.1566449403762815,SW
2017,-0.10690996429832814,1.3746835973610254,-0.2959965515731342,-0.8486292237750458,0.8686186949207401,No,0.9717770814895631,SW
2017.0833333333335,-0.1394307335766521,1.3721065034028757,-0.12788396964515258,-0.8486292237750458,0.8686186949207401,No,1.104791800181071,SW
2017.1666666666667,-0.14992647309234033,1.369529409444726,0.018203582520193384,-0.8486292237750458,0.8686186949207401,No,1.2378065188725789,SW
2017.25,-0.06533776763626933,1.366952315486576,0.06920668971378041,-0.8486292237750458,0.8686186949207401,No,1.370821237564087,SW
2017.3333333333335,-0.04403989142722264,1.3643752215284262,0.09960990991954843,-0.8486292237750458,0.8686186949207401,No,1.419945240020752,SW
2017.4166666666667,0.031678199331927864,1.3617981275702764,0.422937194864458,-0.8486292237750458,0.8686186949207401,No,1.8164135217666624,SW
2017.5,-0.008527586866901797,1.3592210336121267,0.29173131550376796,-0.8486292237750458,0.8686186949207401,No,1.642424762248993,SW
2017.5833333333335,0.1149272408827269,1.356643939653977,-0.003135177805380529,-0.8486292237750458,0.8686186949207401,No,1.4684360027313232,SW
2017.6666666666667,0.13435327918220957,1.354066845695827,0.1711366216048127,-0.8486292237750458,0.8686186949207401,No,1.6595567464828491,SW
2017.75,0.14428850587142295,1.3514897517376772,0.3548992326252749,-0.8486292237750458,0.8686186949207401,No,1.850677490234375,SW
2017.8333333333335,0.11093851311690317,1.3489126577795274,0.27209112513170663,-0.8486292237750458,0.8686186949207401,No,1.7319422960281372,SW
2017.9166666666667,-0.022013315142846327,1.3468867144983732,0.12514238395440946,-0.8486292237750458,0.8686186949207401,No,1.4500157833099363,SW
2018,-0.10690996429832814,1.344860771217219,0.15319047148425513,-0.8486292237750458,0.8686186949207401,No,1.3911412784031458,SW
2018.0833333333335,-0.1394307335766521,1.342834827936065,0.12886267913694227,-0.8486292237750458,0.8686186949207401,No,1.3322667734963551,SW
2018.1666666666667,-0.14992647309234033,1.3408088846549107,0.08250985702699443,-0.8486292237750458,0.8686186949207401,No,1.2733922685895647,SW
2018.25,-0.06533776763626933,1.3387829413737564,-0.058927410054713025,-0.8486292237750458,0.8686186949207401,No,1.214517763682774,SW
2018.3333333333335,-0.04403989142722264,1.3367569980926022,-0.13707384788939603,-0.8486292237750458,0.8686186949207401,No,1.1556432587759835,SW
2018.4166666666667,0.031678199331927864,1.3347310548114482,-0.26964050027418307,-0.8486292237750458,0.8686186949207401,No,1.096768753869193,SW
2018.5,-0.008527586866901797,1.332705111530294,-0.2862832757009899,-0.8486292237750458,0.8686186949207401,No,1.0378942489624023,SW
2018.5833333333335,0.1149272408827269,1.3306791682491397,-0.06890964370904551,-0.8486292237750458,0.8686186949207401,No,1.376696765422821,SW
2018.6666666666667,0.13435327918220957,1.3286532249679854,0.25249277773304457,-0.8486292237750458,0.8686186949207401,No,1.7154992818832395,SW
2018.75,0.14428850587142295,1.3266272816868312,0.45456588949710475,-0.8486292237750458,0.8686186949207401,No,1.9254816770553589,SW
2018.8333333333335,0.11093851311690317,1.3246013384056772,0.2775243422030056,-0.8486292237750458,0.8686186949207401,No,1.713064193725586,SW
2018.9166666666667,-0.022013315142846327,1.322575395124523,0.20008463041413638,-0.8486292237750458,0.8686186949207401,No,1.500646710395813,SW
2019,-0.10690996429832814,1.3205494518433687,0.07458973952099957,-0.8486292237750458,0.8686186949207401,No,1.28822922706604,SW
2019.0833333333335,-0.1394307335766521,1.3194053613901955,-0.10416288407727636,-0.8486292237750458,0.8686186949207401,No,1.075811743736267,SW
2019.1666666666667,-0.14992647309234033,1.3182612709370223,-0.30428262136915696,-0.8486292237750458,0.8686186949207401,No,0.864052176475525,SW
2019.25,-0.06533776763626933,1.317117180483849,-0.3296580370484007,-0.8486292237750458,0.8686186949207401,No,0.9221213757991791,SW
2019.3333333333335,-0.04403989142722264,1.3159730900306759,-0.29174262348061997,-0.8486292237750458,0.8686186949207401,No,0.9801905751228333,SW
2019.4166666666667,0.031678199331927864,1.3148289995775027,-0.3082474244629432,-0.8486292237750458,0.8686186949207401,No,1.0382597744464874,SW
2019.5,-0.008527586866901797,1.3136849091243294,-0.20882834848728615,-0.8486292237750458,0.8686186949207401,No,1.0963289737701416,SW
2019.5833333333335,0.1149272408827269,1.3125408186711562,-0.35488561599868707,-0.8486292237750458,0.8686186949207401,No,1.072582443555196,SW
2019.6666666666667,0.13435327918220957,1.3113967282179833,-0.39691409405994205,-0.8486292237750458,0.8686186949207401,No,1.0488359133402507,SW
2019.75,0.14428850587142295,1.31025263776481,-0.4294517605109278,-0.8486292237750458,0.8686186949207401,No,1.0250893831253052,SW
2019.8333333333335,0.11093851311690317,1.3091085473116368,-0.4187042075181804,-0.8486292237750458,0.8686186949207401,No,1.0013428529103596,SW
2019.9166666666667,-0.022013315142846327,1.3079644568584636,-0.3083548190202031,-0.8486292237750458,0.8686186949207401,No,0.9775963226954142,SW
2020,-0.10690996429832814,1.3068203664052904,-0.24606060962649345,-0.8486292237750458,0.8686186949207401,No,0.9538497924804689,SW
2020.0833333333335,-0.1394307335766521,1.3056762759521172,-0.19379248460950427,-0.8486292237750458,0.8686186949207401,No,0.9724530577659609,SW
2020.1666666666667,-0.14992647309234033,1.304532185498944,-0.018645530852444914,-0.8486292237750458,0.8686186949207401,No,1.1359601815541587,SW
2020.25,-0.06533776763626933,1.3039504105371857,0.06085466244144011,-0.8486292237750458,0.8686186949207401,No,1.2994673053423564,SW
2020.3333333333335,-0.04403989142722264,1.3033686355754275,0.20364568498234936,-0.8486292237750458,0.8686186949207401,No,1.4629744291305542,SW
2020.4166666666667,0.031678199331927864,1.3027868606136692,0.6977948811554773,-0.8486292237750458,0.8686186949207401,No,2.032259941101074,SW
2020.5,-0.008527586866901797,1.302205085651911,0.2916800480213262,-0.8486292237750458,0.8686186949207401,No,1.5853575468063354,SW
2020.5833333333335,0.1149272408827269,1.3016233106901527,-0.008218680540164724,-0.8486292237750458,0.8686186949207401,No,1.4083318710327148,SW
2020.6666666666667,0.13435327918220957,1.3010415357283944,-0.12100624174089569,-0.8486292237750458,0.8686186949207401,No,1.3143885731697083,SW
2020.75,0.14428850587142295,1.3004597607666362,-0.22430299133135745,-0.8486292237750458,0.8686186949207401,No,1.2204452753067017,SW
2020.8333333333335,0.11093851311690317,1.2998779858048777,0.07082562811526749,-0.8486292237750458,0.8686186949207401,No,1.4816421270370483,SW
2020.9166666666667,-0.022013315142846327,1.2992962108431194,-0.0567182918947311,-0.8486292237750458,0.8686186949207401,No,1.220564603805542,SW
2021,-0.10690996429832814,1.2987144358813612,0.05864238443884817,-0.8486292237750458,0.8686186949207401,No,1.250446856021881,SW
2021.0833333333335,-0.1394307335766521,1.2981326609196029,0.12162718089526936,-0.8486292237750458,0.8686186949207401,No,1.2803291082382202,SW
2021.1666666666667,-0.14992647309234033,1.2975508859578446,0.16258694758905512,-0.8486292237750458,0.8686186949207401,No,1.3102113604545593,SW
2021.25,-0.06533776763626933,1.2969691109960864,0.1084622693110815,-0.8486292237750458,0.8686186949207401,No,1.3400936126708984,SW
2021.3333333333335,-0.04403989142722264,1.296387336034328,-0.04314920814165135,-0.8486292237750458,0.8686186949207401,No,1.209198236465454,SW
2021.4166666666667,0.031678199331927864,1.2961187459923735,-0.011653134575247526,-0.8486292237750458,0.8686186949207401,No,1.316143810749054,SW
2021.5,-0.008527586866901797,1.295850155950419,0.13576681594913653,-0.8486292237750458,0.8686186949207401,No,1.4230893850326538,SW
2021.5833333333335,0.1149272408827269,1.2955815659084644,0.11952615252506238,-0.8486292237750458,0.8686186949207401,No,1.5300349593162537,SW
2021.6666666666667,0.13435327918220957,1.2953129758665098,0.20731427855113416,-0.8486292237750458,0.8686186949207401,No,1.6369805335998535,SW
2021.75,0.14428850587142295,1.2950443858245553,-0.03411870121288496,-0.8486292237750458,0.8686186949207401,No,1.4052141904830933,SW
2021.8333333333335,0.11093851311690317,1.2947757957826007,-0.1461506244360029,-0.8486292237750458,0.8686186949207401,No,1.259563684463501,SW
2021.9166666666667,-0.022013315142846327,1.2945072057406464,-0.15858071215389136,-0.8486292237750458,0.8686186949207401,No,1.1139131784439087,SW
2022,-0.10690996429832814,1.2942386156986918,-0.21906597897604718,-0.8486292237750458,0.8686186949207401,No,0.9682626724243165,SW
2022.0833333333335,-0.1394307335766521,1.2939700256567372,-0.3319271256753611,-0.8486292237750458,0.8686186949207401,No,0.8226121664047241,SW
2022.1666666666667,-0.14992647309234033,1.2937014356147827,-0.14923955609188,-0.8486292237750458,0.8686186949207401,No,0.9945354064305624,SW
2022.25,-0.06533776763626933,1.2934328455728281,-0.06163643148015807,-0.8486292237750458,0.8686186949207401,No,1.1664586464564006,SW
2022.3333333333335,-0.04403989142722264,1.2931642555308736,0.08925752237858786,-0.8486292237750458,0.8686186949207401,No,1.3383818864822388,SW
2022.4166666666667,0.031678199331927864,1.292895665488919,0.07423759472047387,-0.8486292237750458,0.8686186949207401,No,1.3988114595413208,SW
2022.5,-0.008527586866901797,1.2926270754469644,0.04378458944575536,-0.8486292237750458,0.8686186949207401,No,1.327884078025818,SW
2022.5833333333335,0.1149272408827269,1.2925583398693379,-0.20666811496989923,-0.8486292237750458,0.8686186949207401,No,1.2008174657821655,SW
2022.6666666666667,0.13435327918220957,1.2924896042917113,0.16009096776814458,-0.8486292237750458,0.8686186949207401,No,1.5869338512420654,SW
2022.75,0.14428850587142295,1.2924208687140846,0.06414422353232085,-0.8486292237750458,0.8686186949207401,No,1.5008535981178284,SW
2022.8333333333335,0.11093851311690317,1.292352133136458,0.011482698740230113,-0.8486292237750458,0.8686186949207401,No,1.4147733449935913,SW
2022.9166666666667,-0.022013315142846327,1.2922833975588315,0.09478047185952754,-0.8486292237750458,0.8686186949207401,No,1.3650505542755127,SW
2023,-0.10690996429832814,1.292214661981205,-0.06237738960029615,-0.8486292237750458,0.8686186949207401,No,1.1229273080825806,SW
2023.0833333333335,-0.1394307335766521,1.2921459264035782,-0.15841697314614,-0.8486292237750458,0.8686186949207401,No,0.9942982196807861,SW
2023.1666666666667,-0.14992647309234033,1.2920771908259516,-0.12637515640090857,-0.8486292237750458,0.8686186949207401,No,1.0157755613327026,SW
2023.25,-0.06533776763626933,1.292008455248325,0.19231742102289306,-0.8486292237750458,0.8686186949207401,No,1.4189881086349487,SW
2023.3333333333335,-0.04403989142722264,1.2919397196706985,0.14574676961876776,-0.8486292237750458,0.8686186949207401,No,1.3936465978622437,SW
2023.4166666666667,0.031678199331927864,1.291870984093072,0.26081034320921637,-0.8486292237750458,0.8686186949207401,No,1.5843595266342163,SW
2023.5,-0.008527586866901797,1.2918022485154452,-0.02392889176634161,-0.8486292237750458,0.8686186949207401,No,1.259345769882202,SW
2023.5833333333335,0.1149272408827269,1.2917335129378187,0.0727186616915394,-0.8486292237750458,0.8686186949207401,No,1.479379415512085,SW
2023.6666666666667,0.13435327918220957,1.2916647773601921,0.1656730798177668,-0.8486292237750458,0.8686186949207401,No,1.5916911363601685,SW
2023.75,0.14428850587142295,1.2917403385134523,0.5171992716505864,-0.8486292237750458,0.8686186949207401,No,1.9532281160354616,SW
2023.8333333333335,0.11093851311690317,1.2918158996667124,0.21275974641896012,-0.8486292237750458,0.8686186949207401,No,1.6155141592025757,SW
2023.9166666666667,-0.022013315142846327,1.2918914608199725,0.048880461233579364,-0.8486292237750458,0.8686186949207401,No,1.3187586069107056,SW
2024,-0.10690996429832814,1.2919670219732327,0.11654304093501988,-0.8486292237750458,0.8686186949207401,No,1.3016000986099243,SW
2024.0833333333335,-0.1394307335766521,1.2920425831264928,0.5605160019363653,-0.8486292237750458,0.8686186949207401,No,1.713127851486206,SW
2024.1666666666667,-0.14992647309234033,1.292118144279753,-0.2882369387693522,-0.8486292237750458,0.8686186949207401,No,0.8539547324180604,SW
2024.25,-0.06533776763626933,1.292193705433013,0.03507870022663284,-0.8486292237750458,0.8686186949207401,No,1.2619346380233765,SW
2024.3333333333335,-0.04403989142722264,1.2922692665862734,-0.04419464933405881,-0.8486292237750458,0.8686186949207401,No,1.204034725824992,SW
2024.4166666666667,0.031678199331927864,1.2923448277395335,-0.17788821344485406,-0.8486292237750458,0.8686186949207401,No,1.1461348136266074,SW
2024.5,-0.008527586866901797,1.2924203888927936,-0.19565790059766908,-0.8486292237750458,0.8686186949207401,No,1.0882349014282229,SW
2024.5833333333335,0.1149272408827269,1.2924959500460538,-0.22757169868278848,-0.8486292237750458,0.8686186949207401,No,1.1798514922459922,SW
2024.6666666666667,0.13435327918220957,1.292571511199314,-0.15545670731776196,-0.8486292237750458,0.8686186949207401,No,1.2714680830637615,SW
2024.75,0.14428850587142295,1.292647072352574,-0.07385090434246622,-0.8486292237750458,0.8686186949207401,No,1.3630846738815308,SW
2024.8333333333335,0.11093851311690317,1.2927226335058342,0.13441108180896433,-0.8486292237750458,0.8686186949207401,No,1.5380722284317017,SW
2024.9166666666667,-0.022013315142846327,1.2928542711662148,-0.02589793329540213,-0.8486292237750458,0.8686186949207401,No,1.2449430227279663,SW
2025,-0.10690996429832814,1.2929859088265954,-0.20301337920157647,-0.8486292237750458,0.8686186949207401,No,0.9830625653266908,SW
2025.0833333333335,-0.1394307335766521,1.293117546486976,-0.32147674897599776,-0.8486292237750458,0.8686186949207401,No,0.8322100639343262,SW
2025.1666666666667,-0.14992647309234033,1.2932491841473566,-0.25255793816301786,-0.8486292237750458,0.8686186949207401,No,0.8907647728919984,SW
2025.25,-0.06533776763626933,1.2933808218077372,0.15601983206663017,-0.8486292237750458,0.8686186949207401,No,1.384062886238098,SW
2025.3333333333335,-0.04403989142722264,1.2935124594681178,0.17846839665789638,-0.8486292237750458,0.8686186949207401,No,1.4279409646987915,SW
2025.4166666666667,0.031678199331927864,1.2936440971284984,0.3201451040904162,-0.8486292237750458,0.8686186949207401,No,1.6454674005508425,SW
2025.5,-0.008527586866901797,1.293775734788879,-0.03379892058890843,-0.8486292237750458,0.8686186949207401,No,1.2514492273330688,SW
2025.5833333333335,0.1149272408827269,1.2939073724492596,0.4361124863536825,-0.8486292237750458,0.8686186949207401,No,1.844947099685669,SW
2025.6666666666667,0.13435327918220957,1.2940390101096402,0.13205123125410978,-0.8486292237750458,0.8686186949207401,No,1.5604435205459595,SW
2025.75,0.14428850587142295,1.2941706477700208,-0.16251921223519372,-0.8486292237750458,0.8686186949207401,No,1.27593994140625,SW
2025.8333333333335,0.11093851311690317,1.2943022854304014,-0.09244229848626939,-0.8486292237750458,0.8686186949207401,No,1.3127985000610352,SW
2025.9166666666667,-0.022013315142846327,1.294433923090782,0.0403778921130995,-0.8486292237750458,0.8686186949207401,No,1.3127985000610352,SW
1981.6666666666667,0.12429380526571585,1.5099237188552044,-0.018910669872873376,-1.0866869175608733,1.0905382488938553,No,1.6153068542480469,S
1981.75,0.09221750928757139,1.5097168260664249,0.013372518894050556,-1.0866869175608733,1.0905382488938553,No,1.6153068542480469,S
1981.8333333333335,0.02448276616111103,1.5095099332776452,0.0813141548092906,-1.0866869175608733,1.0905382488938553,No,1.6153068542480469,S
1981.9166666666667,-0.10891084541406636,1.5093030404888657,0.08820233693814039,-1.0866869175608733,1.0905382488938553,No,1.4885945320129397,S
1982,-0.1937143910820852,1.509096147700086,0.19624005238773679,-1.0866869175608733,1.0905382488938553,No,1.5116218090057374,S
1982.0833333333335,-0.1759640150579375,1.5088892549113064,0.20172384614516647,-1.0866869175608733,1.0905382488938553,No,1.5346490859985353,S
1982.1666666666667,-0.1880207126900483,1.5086823621225267,0.23701471355885473,-1.0866869175608733,1.0905382488938553,No,1.557676362991333,S
1982.25,-0.08295330163450186,1.5084754693337472,0.15518147228488566,-1.0866869175608733,1.0905382488938553,No,1.580703639984131,S
1982.3333333333335,0.019873935106716086,1.5082685765449677,0.07558840532524491,-1.0866869175608733,1.0905382488938553,No,1.6037309169769287,S
1982.4166666666667,0.1359133427848149,1.508061683756188,0.024889581269971206,-1.0866869175608733,1.0905382488938553,No,1.6688646078109741,S
1982.5,0.1476968689506768,1.5078547909674085,0.07844663872693425,-1.0866869175608733,1.0905382488938553,No,1.7339982986450195,S
1982.5833333333335,0.20508504934960323,1.5076478981786288,0.08639904195083292,-1.0866869175608733,1.0905382488938553,No,1.799131989479065,S
1982.6666666666667,0.12429380526571585,1.5074410053898493,0.23253086965754521,-1.0866869175608733,1.0905382488938553,No,1.8642656803131104,S
1982.75,0.09221750928757139,1.5072341126010695,0.14096818316125526,-1.0866869175608733,1.0905382488938553,No,1.7404198050498962,S
1982.8333333333335,0.02448276616111103,1.50702721981229,0.08506394381328097,-1.0866869175608733,1.0905382488938553,No,1.6165739297866821,S
1982.9166666666667,-0.10891084541406636,1.5072965620736185,0.09434233786391588,-1.0866869175608733,1.0905382488938553,No,1.492728054523468,S
1983,-0.1937143910820852,1.507565904334947,0.05503066600739226,-1.0866869175608733,1.0905382488938553,No,1.368882179260254,S
1983.0833333333335,-0.1759640150579375,1.5078352465962757,-0.08683492754129829,-1.0866869175608733,1.0905382488938553,No,1.2450363039970398,S
1983.1666666666667,-0.1880207126900483,1.5081045888576041,-0.19889344743373005,-1.0866869175608733,1.0905382488938553,No,1.1211904287338257,S
1983.25,-0.08295330163450186,1.5083739311189326,-0.1891262066535766,-1.0866869175608733,1.0905382488938553,No,1.2362944228308541,S
1983.3333333333335,0.019873935106716086,1.508643273380261,-0.1771187915590946,-1.0866869175608733,1.0905382488938553,No,1.3513984169278825,S
1983.4166666666667,0.1359133427848149,1.5089126156415897,-0.1783235474014937,-1.0866869175608733,1.0905382488938553,No,1.466502411024911,S
1983.5,0.1476968689506768,1.5091819579029182,-0.0752724217316556,-1.0866869175608733,1.0905382488938553,No,1.5816064051219394,S
1983.5833333333335,0.20508504934960323,1.5094513001642467,-0.017825950294881876,-1.0866869175608733,1.0905382488938553,No,1.696710399218968,S
1983.6666666666667,0.12429380526571585,1.5097206424255751,0.17779994562470547,-1.0866869175608733,1.0905382488938553,No,1.8118143933159965,S
1983.75,0.09221750928757139,1.5099899846869036,0.32471089343854986,-1.0866869175608733,1.0905382488938553,No,1.926918387413025,S
1983.8333333333335,0.02448276616111103,1.5102593269482323,0.08295061585977281,-1.0866869175608733,1.0905382488938553,No,1.6176927089691162,S
1983.9166666666667,-0.10891084541406636,1.5105286692095607,0.024387778087440193,-1.0866869175608733,1.0905382488938553,No,1.4260056018829346,S
1984,-0.1937143910820852,1.5107980114708892,0.11300933878812258,-1.0866869175608733,1.0905382488938553,No,1.4300929591769265,S
1984.0833333333335,-0.1759640150579375,1.5115146219111681,0.09862970961768758,-1.0866869175608733,1.0905382488938553,No,1.4341803164709181,S
1984.1666666666667,-0.1880207126900483,1.512231232351447,0.11405715410351136,-1.0866869175608733,1.0905382488938553,No,1.43826767376491,S
1984.25,-0.08295330163450186,1.512947842791726,0.012360489901677596,-1.0866869175608733,1.0905382488938553,No,1.4423550310589017,S
1984.3333333333335,0.019873935106716086,1.5136644532320052,-0.08709599998582762,-1.0866869175608733,1.0905382488938553,No,1.4464423883528936,S
1984.4166666666667,0.1359133427848149,1.514381063672284,-0.1997646608102135,-1.0866869175608733,1.0905382488938553,No,1.4505297456468855,S
1984.5,0.1476968689506768,1.515097674112563,-0.2081774401223626,-1.0866869175608733,1.0905382488938553,No,1.4546171029408772,S
1984.5833333333335,0.20508504934960323,1.515814284552842,-0.2621948736675761,-1.0866869175608733,1.0905382488938553,No,1.458704460234869,S
1984.6666666666667,0.12429380526571585,1.5165308949931209,-0.17803288272997575,-1.0866869175608733,1.0905382488938553,No,1.462791817528861,S
1984.75,0.09221750928757139,1.5172475054333998,-0.14258583989811857,-1.0866869175608733,1.0905382488938553,No,1.4668791748228527,S
1984.8333333333335,0.02448276616111103,1.5179641158736787,-0.07148034991794527,-1.0866869175608733,1.0905382488938553,No,1.4709665321168446,S
1984.9166666666667,-0.10891084541406636,1.518680726313958,0.06528400851094474,-1.0866869175608733,1.0905382488938553,No,1.4750538894108363,S
1985,-0.1937143910820852,1.5193973367542368,0.15345830103267644,-1.0866869175608733,1.0905382488938553,No,1.479141246704828,S
1985.0833333333335,-0.1759640150579375,1.5201139471945158,0.13907867186224188,-1.0866869175608733,1.0905382488938553,No,1.48322860399882,S
1985.1666666666667,-0.1880207126900483,1.5208305576347947,0.15450611634806544,-1.0866869175608733,1.0905382488938553,No,1.4873159612928117,S
1985.25,-0.08295330163450186,1.5218772123007436,0.05247940792056194,-1.0866869175608733,1.0905382488938553,No,1.4914033185868036,S
1985.3333333333335,0.019873935106716086,1.5229238669666922,-0.04730712619261279,-1.0866869175608733,1.0905382488938553,No,1.4954906758807955,S
1985.4166666666667,0.1359133427848149,1.523970521632641,-0.16030583124266862,-1.0866869175608733,1.0905382488938553,No,1.4995780331747872,S
1985.5,0.1476968689506768,1.5250171762985898,-0.16904865478048747,-1.0866869175608733,1.0905382488938553,No,1.5036653904687791,S
1985.5833333333335,0.20508504934960323,1.5260638309645387,-0.22339613255137114,-1.0866869175608733,1.0905382488938553,No,1.5077527477627708,S
1985.6666666666667,0.12429380526571585,1.5271104856304873,-0.13956418583944052,-1.0866869175608733,1.0905382488938553,No,1.5118401050567627,S
1985.75,0.09221750928757139,1.528157140296436,-0.1245094237920763,-1.0866869175608733,1.0905382488938553,No,1.4958652257919312,S
1985.8333333333335,0.02448276616111103,1.529203794962385,-0.07816271062641844,-1.0866869175608733,1.0905382488938553,No,1.4755238504970776,S
1985.9166666666667,-0.10891084541406636,1.5302504496283338,0.03384287098795635,-1.0866869175608733,1.0905382488938553,No,1.4551824752022238,S
1986,-0.1937143910820852,1.5312971042942825,0.09725838669517284,-1.0866869175608733,1.0905382488938553,No,1.43484109990737,S
1986.0833333333335,-0.1759640150579375,1.5323437589602311,0.05811998071022306,-1.0866869175608733,1.0905382488938553,No,1.4144997246125166,S
1986.1666666666667,-0.1880207126900483,1.53339041362618,0.048788648381531186,-1.0866869175608733,1.0905382488938553,No,1.3941583493176628,S
1986.25,-0.08295330163450186,1.534437068292129,-0.0776667926348178,-1.0866869175608733,1.0905382488938553,No,1.3738169740228092,S
1986.3333333333335,0.019873935106716086,1.5354837229580776,-0.201882059336838,-1.0866869175608733,1.0905382488938553,No,1.3534755987279556,S
1986.4166666666667,0.1359133427848149,1.5373664837363161,-0.3401456030880292,-1.0866869175608733,1.0905382488938553,No,1.3331342234331018,S
1986.5,0.1476968689506768,1.539249244514555,-0.37415326532698345,-1.0866869175608733,1.0905382488938553,No,1.3127928481382483,S
1986.5833333333335,0.20508504934960323,1.5411320052927935,-0.4537655817990023,-1.0866869175608733,1.0905382488938553,No,1.2924514728433945,S
1986.6666666666667,0.12429380526571585,1.5430147660710323,-0.39519847378820727,-1.0866869175608733,1.0905382488938553,No,1.2721100975485409,S
1986.75,0.09221750928757139,1.5448975268492708,-0.385346313883155,-1.0866869175608733,1.0905382488938553,No,1.2517687222536873,S
1986.8333333333335,0.02448276616111103,1.5467802876275096,-0.33983570682978725,-1.0866869175608733,1.0905382488938553,No,1.2314273469588335,S
1986.9166666666667,-0.10891084541406636,1.5486630484057482,-0.22866623132770192,-1.0866869175608733,1.0905382488938553,No,1.21108597166398,S
1987,-0.1937143910820852,1.5505458091839868,-0.16608682173277534,-1.0866869175608733,1.0905382488938553,No,1.190744596369126,S
1987.0833333333335,-0.1759640150579375,1.5524285699622256,-0.20606133383001546,-1.0866869175608733,1.0905382488938553,No,1.1704032210742725,S
1987.1666666666667,-0.1880207126900483,1.5543113307404641,-0.2162287722709968,-1.0866869175608733,1.0905382488938553,No,1.150061845779419,S
1987.25,-0.08295330163450186,1.556194091518703,-0.2917458386360321,-1.0866869175608733,1.0905382488938553,No,1.181494951248169,S
1987.3333333333335,0.019873935106716086,1.5580768522969415,-0.36502273068673863,-1.0866869175608733,1.0905382488938553,No,1.212928056716919,S
1987.4166666666667,0.1359133427848149,1.5599596130751803,-0.45151179367432626,-1.0866869175608733,1.0905382488938553,No,1.244361162185669,S
1987.5,0.1476968689506768,1.5618423738534188,-0.4337449751496767,-1.0866869175608733,1.0905382488938553,No,1.275794267654419,S
1987.5833333333335,0.20508504934960323,1.5651689960142174,-0.03889611327306142,-1.0866869175608733,1.0905382488938553,No,1.7313579320907593,S
1987.6666666666667,0.12429380526571585,1.568495618175016,0.20707572701092802,-1.0866869175608733,1.0905382488938553,No,1.89986515045166,S
1987.75,0.09221750928757139,1.5718222403358146,-0.27082349729642097,-1.0866869175608733,1.0905382488938553,No,1.393216252326965,S
1987.8333333333335,0.02448276616111103,1.5751488624966132,-0.16664579305252714,-1.0866869175608733,1.0905382488938553,No,1.4329858356051972,S
1987.9166666666667,-0.10891084541406636,1.5784754846574118,0.0031907796400840738,-1.0866869175608733,1.0905382488938553,No,1.4727554188834295,S
1988,-0.1937143910820852,1.5818021068182104,0.12443728642553653,-1.0866869175608733,1.0905382488938553,No,1.5125250021616616,S
1988.0833333333335,-0.1759640150579375,1.585128728979009,0.1431298715188225,-1.0866869175608733,1.0905382488938553,No,1.552294585439894,S
1988.1666666666667,-0.1880207126900483,1.5884553511398076,0.19162953026836682,-1.0866869175608733,1.0905382488938553,No,1.592064168718126,S
1988.25,-0.08295330163450186,1.5917819733006062,0.12300508033025404,-1.0866869175608733,1.0905382488938553,No,1.6318337519963584,S
1988.3333333333335,0.019873935106716086,1.5951085954614048,0.056620804706469574,-1.0866869175608733,1.0905382488938553,No,1.6716033352745905,S
1988.4166666666667,0.1359133427848149,1.5984352176222034,-0.02297564185419576,-1.0866869175608733,1.0905382488938553,No,1.7113729185528226,S
1988.5,0.1476968689506768,1.601761839783002,0.0016837930973760962,-1.0866869175608733,1.0905382488938553,No,1.751142501831055,S
1988.5833333333335,0.20508504934960323,1.6050884619438006,0.1533424856395793,-1.0866869175608733,1.0905382488938553,No,1.9635159969329832,S
1988.6666666666667,0.12429380526571585,1.6084150841045992,0.22950235105132677,-1.0866869175608733,1.0905382488938553,No,1.9622112404216419,S
1988.75,0.09221750928757139,1.6112047073604083,0.25748426726232054,-1.0866869175608733,1.0905382488938553,No,1.9609064839103003,S
1988.8333333333335,0.02448276616111103,1.6139943306162177,0.3211246306216302,-1.0866869175608733,1.0905382488938553,No,1.959601727398959,S
1988.9166666666667,-0.10891084541406636,1.6167839538720268,0.45042386242965704,-1.0866869175608733,1.0905382488938553,No,1.9582969708876174,S
1989,-0.1937143910820852,1.6195735771278361,0.5311330283305251,-1.0866869175608733,1.0905382488938553,No,1.956992214376276,S
1989.0833333333335,-0.1759640150579375,1.6223632003836452,0.5092882725392269,-1.0866869175608733,1.0905382488938553,No,1.9556874578649346,S
1989.1666666666667,-0.1880207126900483,1.6251528236394546,0.5172505904041869,-1.0866869175608733,1.0905382488938553,No,1.954382701353593,S
1989.25,-0.08295330163450186,1.6279424468952637,0.4080887995814899,-1.0866869175608733,1.0905382488938553,No,1.9530779448422517,S
1989.3333333333335,0.019873935106716086,1.6307320701510728,0.3011671830731215,-1.0866869175608733,1.0905382488938553,No,1.9517731883309104,S
1989.4166666666667,0.1359133427848149,1.6335216934068821,0.1810333956278718,-1.0866869175608733,1.0905382488938553,No,1.9504684318195689,S
1989.5,0.1476968689506768,1.6363113166626913,0.1651554896948595,-1.0866869175608733,1.0905382488938553,No,1.9491636753082275,S
1989.5833333333335,0.20508504934960323,1.6391009399185006,-0.013683836825171936,-1.0866869175608733,1.0905382488938553,No,1.830502152442932,S
1989.6666666666667,0.12429380526571585,1.6418905631743097,0.024068793944007627,-1.0866869175608733,1.0905382488938553,No,1.7902531623840332,S
1989.75,0.09221750928757139,1.644680186430119,0.013106476607444018,-1.0866869175608733,1.0905382488938553,No,1.7500041723251345,S
1989.8333333333335,0.02448276616111103,1.6474698096859282,0.060881763294806435,-1.0866869175608733,1.0905382488938553,No,1.7328343391418457,S
1989.9166666666667,-0.10891084541406636,1.6470460150578374,0.03402483592568695,-1.0866869175608733,1.0905382488938553,No,1.572160005569458,S
1990,-0.1937143910820852,1.6466222204297467,-0.04142215735059107,-1.0866869175608733,1.0905382488938553,No,1.4114856719970703,S
1990.0833333333335,-0.1759640150579375,1.6461984258016562,-0.21942307231903602,-1.0866869175608733,1.0905382488938553,No,1.2508113384246826,S
1990.1666666666667,-0.1880207126900483,1.6457746311735655,-0.3676169136312222,-1.0866869175608733,1.0905382488938553,No,1.090137004852295,S
1990.25,-0.08295330163450186,1.6453508365454748,-0.4140181494396289,-1.0866869175608733,1.0905382488938553,No,1.148379385471344,S
1990.3333333333335,0.019873935106716086,1.644927041917384,-0.45817921093370706,-1.0866869175608733,1.0905382488938553,No,1.206621766090393,S
1990.4166666666667,0.1359133427848149,1.6445032472892935,-0.3496611536536678,-1.0866869175608733,1.0905382488938553,No,1.4307554364204407,S
1990.5,0.1476968689506768,1.6440794526612028,-0.1368872148613911,-1.0866869175608733,1.0905382488938553,No,1.6548891067504885,S
1990.5833333333335,0.20508504934960323,1.643655658033112,0.20422207261606395,-1.0866869175608733,1.0905382488938553,No,2.0529627799987793,S
1990.6666666666667,0.12429380526571585,1.6432318634050214,0.2809218608041568,-1.0866869175608733,1.0905382488938553,No,2.048447529474894,S
1990.75,0.09221750928757139,1.6428080687769306,0.3089067008865072,-1.0866869175608733,1.0905382488938553,No,2.0439322789510093,S
1990.8333333333335,0.02448276616111103,1.6423842741488401,0.372549988117173,-1.0866869175608733,1.0905382488938553,No,2.039417028427124,S
1990.9166666666667,-0.10891084541406636,1.6419604795207494,0.501852143796556,-1.0866869175608733,1.0905382488938553,No,2.0349017779032392,S
1991,-0.1937143910820852,1.6415366848926587,0.5825642335687806,-1.0866869175608733,1.0905382488938553,No,2.030386527379354,S
1991.0833333333335,-0.1759640150579375,1.6377509684960432,0.5640843234173631,-1.0866869175608733,1.0905382488938553,No,2.0258712768554688,S
1991.1666666666667,-0.1880207126900483,1.6339652520994274,0.5754114869222047,-1.0866869175608733,1.0905382488938553,No,2.021356026331584,S
1991.25,-0.08295330163450186,1.630179535702812,0.46961454173938844,-1.0866869175608733,1.0905382488938553,No,2.0168407758076987,S
1991.3333333333335,0.019873935106716086,1.6263938193061964,0.36605777087090097,-1.0866869175608733,1.0905382488938553,No,2.0123255252838135,S
1991.4166666666667,0.1359133427848149,1.6226081029095807,0.24928882906553307,-1.0866869175608733,1.0905382488938553,No,2.0078102747599287,S
1991.5,0.1476968689506768,1.6188223865129652,0.23677576877240147,-1.0866869175608733,1.0905382488938553,No,2.0032950242360434,S
1991.5833333333335,0.20508504934960323,1.6150366701163494,0.17865805424620573,-1.0866869175608733,1.0905382488938553,No,1.9987797737121584,S
1991.6666666666667,0.12429380526571585,1.611250953719734,-0.2236274063090582,-1.0866869175608733,1.0905382488938553,No,1.5119173526763916,S
1991.75,0.09221750928757139,1.6074652373231184,-0.1715860002960341,-1.0866869175608733,1.0905382488938553,No,1.5280967463146558,S
1991.8333333333335,0.02448276616111103,1.6036795209265027,-0.08388614713469411,-1.0866869175608733,1.0905382488938553,No,1.5442761399529197,S
1991.9166666666667,-0.10891084541406636,1.5998938045298872,0.06947257447536304,-1.0866869175608733,1.0905382488938553,No,1.5604555335911838,S
1992,-0.1937143910820852,1.5961080881332717,0.17424123017826143,-1.0866869175608733,1.0905382488938553,No,1.5766349272294478,S
1992.0833333333335,-0.1759640150579375,1.592322371736656,0.17645596418899356,-1.0866869175608733,1.0905382488938553,No,1.592814320867712,S
1992.1666666666667,-0.1880207126900483,1.5885366553400404,0.20847777185598404,-1.0866869175608733,1.0905382488938553,No,1.608993714505976,S
1992.25,-0.08295330163450186,1.5839944539087036,0.12413195587003822,-1.0866869175608733,1.0905382488938553,No,1.62517310814424,S
1992.3333333333335,0.019873935106716086,1.5794522524773669,0.04202631419842118,-1.0866869175608733,1.0905382488938553,No,1.6413525017825041,S
1992.4166666666667,0.1359133427848149,1.57491005104603,-0.053291498410076965,-1.0866869175608733,1.0905382488938553,No,1.657531895420768,S
1992.5,0.1476968689506768,1.5703678496146931,-0.044353429506337694,-1.0866869175608733,1.0905382488938553,No,1.6737112890590322,S
1992.5833333333335,0.20508504934960323,1.5658256481833563,-0.08102001483566346,-1.0866869175608733,1.0905382488938553,No,1.6898906826972961,S
1992.6666666666667,0.12429380526571585,1.5612834467520196,0.020492824317824843,-1.0866869175608733,1.0905382488938553,No,1.7060700763355603,S
1992.75,0.09221750928757139,1.5567412453206828,0.07329071536557019,-1.0866869175608733,1.0905382488938553,No,1.7222494699738244,S
1992.8333333333335,0.02448276616111103,1.552199043889346,0.16174705356163122,-1.0866869175608733,1.0905382488938553,No,1.7384288636120884,S
1992.9166666666667,-0.10891084541406636,1.5476568424580093,0.3158622602064096,-1.0866869175608733,1.0905382488938553,No,1.7546082572503525,S
1993,-0.1937143910820852,1.5431146410266725,0.42138740094402904,-1.0866869175608733,1.0905382488938553,No,1.7707876508886162,S
1993.0833333333335,-0.1759640150579375,1.5385724395953355,0.42435861998948265,-1.0866869175608733,1.0905382488938553,No,1.7869670445268806,S
1993.1666666666667,-0.1880207126900483,1.5340302381639987,0.4571369126911944,-1.0866869175608733,1.0905382488938553,No,1.8031464381651447,S
1993.25,-0.08295330163450186,1.529488036732662,0.37279109670524857,-1.0866869175608733,1.0905382488938553,No,1.8193258318034087,S
1993.3333333333335,0.019873935106716086,1.5249458353013252,0.2906854550336315,-1.0866869175608733,1.0905382488938553,No,1.8355052254416728,S
1993.4166666666667,0.1359133427848149,1.5202974979749984,0.19547377832012347,-1.0866869175608733,1.0905382488938553,No,1.8516846190799368,S
1993.5,0.1476968689506768,1.5156491606486713,0.20451798311885283,-1.0866869175608733,1.0905382488938553,No,1.867864012718201,S
1993.5833333333335,0.20508504934960323,1.5110008233223444,-0.30430837633405705,-1.0866869175608733,1.0905382488938553,No,1.4117774963378906,S
1993.6666666666667,0.12429380526571585,1.5063524859960173,-0.3051082861140717,-1.0866869175608733,1.0905382488938553,No,1.3255380051476615,S
1993.75,0.09221750928757139,1.5017041486696905,-0.3546231439998295,-1.0866869175608733,1.0905382488938553,No,1.2392985139574324,S
1993.8333333333335,0.02448276616111103,1.4970558113433634,-0.36847955473727123,-1.0866869175608733,1.0905382488938553,No,1.1530590227672033,S
1993.9166666666667,-0.10891084541406636,1.4924074740170366,-0.316677097025996,-1.0866869175608733,1.0905382488938553,No,1.0668195315769742,S
1994,-0.1937143910820852,1.4877591366907097,-0.3134647052218795,-1.0866869175608733,1.0905382488938553,No,0.980580040386745,S
1994.0833333333335,-0.1759640150579375,1.4831107993643826,-0.4128062351099293,-1.0866869175608733,1.0905382488938553,No,0.8943405491965158,S
1994.1666666666667,-0.1880207126900483,1.4784624620380558,-0.48234069134172086,-1.0866869175608733,1.0905382488938553,No,0.8081010580062866,S
1994.25,-0.08295330163450186,1.4738141247117287,-0.5575405895202674,-1.0866869175608733,1.0905382488938553,No,0.8333202335569594,S
1994.3333333333335,0.019873935106716086,1.4691657873854018,-0.6305003133844858,-1.0866869175608733,1.0905382488938553,No,0.8585394091076322,S
1994.4166666666667,0.1359133427848149,1.4645174500590747,-0.7166722081855849,-1.0866869175608733,1.0905382488938553,No,0.8837585846583048,S
1994.5,0.1476968689506768,1.4598691127327479,-0.6985882214744471,-1.0866869175608733,1.0905382488938553,No,0.9089777602089776,S
1994.5833333333335,0.20508504934960323,1.454652463177133,-0.7255405767670858,-1.0866869175608733,1.0905382488938553,No,0.9341969357596503,S
1994.6666666666667,0.12429380526571585,1.4494358136215177,-0.6143135075769105,-1.0866869175608733,1.0905382488938553,No,0.9594161113103231,S
1994.75,0.09221750928757139,1.4442191640659028,-0.5518013864924785,-1.0866869175608733,1.0905382488938553,No,0.9846352868609958,S
1994.8333333333335,0.02448276616111103,1.4390025145102878,-0.4536308182597303,-1.0866869175608733,1.0905382488938553,No,1.0098544624116685,S
1994.9166666666667,-0.10891084541406636,1.4337858649546726,-0.28980138157826496,-1.0866869175608733,1.0905382488938553,No,1.0350736379623413,S
1995,-0.1937143910820852,1.4285692153990577,-0.21255672670649872,-1.0866869175608733,1.0905382488938553,No,1.0222980976104736,S
1995.0833333333335,-0.1759640150579375,1.4233525658434427,-0.2378659935268992,-1.0866869175608733,1.0905382488938553,No,1.009522557258606,S
1995.1666666666667,-0.1880207126900483,1.4181359162878275,-0.11937460158133018,-1.0866869175608733,1.0905382488938553,No,1.110740602016449,S
1995.25,-0.08295330163450186,1.4129192667322126,-0.11800731832341871,-1.0866869175608733,1.0905382488938553,No,1.211958646774292,S
1995.3333333333335,0.019873935106716086,1.4077026171765974,-0.1000979646559026,-1.0866869175608733,1.0905382488938553,No,1.3274785876274109,S
1995.4166666666667,0.1359133427848149,1.4024859676209824,-0.09540078192526757,-1.0866869175608733,1.0905382488938553,No,1.4429985284805298,S
1995.5,0.1476968689506768,1.3972693180653675,0.013552282317604414,-1.0866869175608733,1.0905382488938553,No,1.5585184693336487,S
1995.5833333333335,0.20508504934960323,1.3920526685097523,0.07690069232741203,-1.0866869175608733,1.0905382488938553,No,1.6740384101867676,S
1995.6666666666667,0.12429380526571585,1.3868360189541373,0.1377499422443802,-1.0866869175608733,1.0905382488938553,No,1.6488797664642334,S
1995.75,0.09221750928757139,1.3833841017663528,0.25763780125381497,-1.0866869175608733,1.0905382488938553,No,1.7332394123077393,S
1995.8333333333335,0.02448276616111103,1.3799321845785686,0.09401148663824999,-1.0866869175608733,1.0905382488938553,No,1.4984264373779297,S
1995.9166666666667,-0.10891084541406636,1.376480267390784,-0.30421513244501,-1.0866869175608733,1.0905382488938553,No,0.9633542895317078,S
1996,-0.1937143910820852,1.3730283502029996,-0.16671151065747436,-1.0866869175608733,1.0905382488938553,No,1.01260244846344,S
1996.0833333333335,-0.1759640150579375,1.3695764330152154,-0.008691272518129844,-1.0866869175608733,1.0905382488938553,No,1.184921145439148,S
1996.1666666666667,-0.1880207126900483,1.3661245158274309,0.17913603927747346,-1.0866869175608733,1.0905382488938553,No,1.357239842414856,S
1996.25,-0.08295330163450186,1.3626725986396466,0.2498392423854192,-1.0866869175608733,1.0905382488938553,No,1.529558539390564,S
1996.3333333333335,0.019873935106716086,1.3592206814518621,0.32278261980769374,-1.0866869175608733,1.0905382488938553,No,1.701877236366272,S
1996.4166666666667,0.1359133427848149,1.3557687642640777,0.3825138262930874,-1.0866869175608733,1.0905382488938553,No,1.87419593334198,S
1996.5,0.1476968689506768,1.3523168470762934,0.2905110051186599,-1.0866869175608733,1.0905382488938553,No,1.79052472114563,S
1996.5833333333335,0.20508504934960323,1.348864929888509,0.1589666929916549,-1.0866869175608733,1.0905382488938553,No,1.712916672229767,S
1996.6666666666667,0.12429380526571585,1.3454130127007244,0.16560180534746372,-1.0866869175608733,1.0905382488938553,No,1.635308623313904,S
1996.75,0.09221750928757139,1.3419610955129402,0.12352196959752937,-1.0866869175608733,1.0905382488938553,No,1.557700574398041,S
1996.8333333333335,0.02448276616111103,1.3385091783251557,0.11710058099591092,-1.0866869175608733,1.0905382488938553,No,1.4800925254821777,S
1996.9166666666667,-0.10891084541406636,1.3377900998981505,0.17360522208223061,-1.0866869175608733,1.0905382488938553,No,1.4024844765663147,S
1997,-0.1937143910820852,1.337071021471145,0.181519797261392,-1.0866869175608733,1.0905382488938553,No,1.3248764276504517,S
1997.0833333333335,-0.1759640150579375,1.3363519430441397,0.08688045074838646,-1.0866869175608733,1.0905382488938553,No,1.2472683787345886,S
1997.1666666666667,-0.1880207126900483,1.3356328646171343,0.02204817789163971,-1.0866869175608733,1.0905382488938553,No,1.1696603298187256,S
1997.25,-0.08295330163450186,1.334913786190129,0.0815641002145755,-1.0866869175608733,1.0905382488938553,No,1.3335245847702026,S
1997.3333333333335,0.019873935106716086,1.3341947077631235,0.09502028821383957,-1.0866869175608733,1.0905382488938553,No,1.4490889310836792,S
1997.4166666666667,0.1359133427848149,1.3334756293361183,-0.10225571234767883,-1.0866869175608733,1.0905382488938553,No,1.3671332597732544,S
1997.5,0.1476968689506768,1.332756550909113,-0.5030834557370176,-1.0866869175608733,1.0905382488938553,No,0.9773699641227722,S
1997.5833333333335,0.20508504934960323,1.3320374724821076,-0.3279357294580536,-1.0866869175608733,1.0905382488938553,No,1.2091867923736572,S
1997.6666666666667,0.12429380526571585,1.3313183940551023,0.2038283181047189,-1.0866869175608733,1.0905382488938553,No,1.659440517425537,S
1997.75,0.09221750928757139,1.3305993156280969,0.2780336618397028,-1.0866869175608733,1.0905382488938553,No,1.700850486755371,S
1997.8333333333335,0.02448276616111103,1.3298802372010916,0.2135610193123576,-1.0866869175608733,1.0905382488938553,No,1.5679240226745603,S
1997.9166666666667,-0.10891084541406636,1.3291611587740861,0.016791607063487923,-1.0866869175608733,1.0905382488938553,No,1.2370419204235077,S
1998,-0.1937143910820852,1.328442080347081,-0.22856787109254073,-1.0866869175608733,1.0905382488938553,No,0.906159818172455,S
1998.0833333333335,-0.1759640150579375,1.328091750899147,-0.027807109582359324,-1.0866869175608733,1.0905382488938553,No,1.12432062625885,S
1998.1666666666667,-0.1880207126900483,1.3277414214512129,-0.035459668073603456,-1.0866869175608733,1.0905382488938553,No,1.104261040687561,S
1998.25,-0.08295330163450186,1.327391092003279,0.012836360479611786,-1.0866869175608733,1.0905382488938553,No,1.257274150848389,S
1998.3333333333335,0.019873935106716086,1.327040762555345,-0.09600103793051384,-1.0866869175608733,1.0905382488938553,No,1.2509136597315473,S
1998.4166666666667,0.1359133427848149,1.3266904331074112,-0.21805060727752057,-1.0866869175608733,1.0905382488938553,No,1.2445531686147056,S
1998.5,0.1476968689506768,1.326340103659477,-0.23584429511228988,-1.0866869175608733,1.0905382488938553,No,1.238192677497864,S
1998.5833333333335,0.20508504934960323,1.3259897742115432,-0.2992426371801242,-1.0866869175608733,1.0905382488938553,No,1.2318321863810222,S
1998.6666666666667,0.12429380526571585,1.3256394447636093,-0.2244615547651445,-1.0866869175608733,1.0905382488938553,No,1.2254716952641806,S
1998.75,0.09221750928757139,1.3252891153156752,-0.19839542045590774,-1.0866869175608733,1.0905382488938553,No,1.2191112041473389,S
1998.8333333333335,0.02448276616111103,1.3249387858677413,-0.13667083899835508,-1.0866869175608733,1.0905382488938553,No,1.2127507130304973,S
1998.9166666666667,-0.10891084541406636,1.3245884564198074,-0.009287389092085263,-1.0866869175608733,1.0905382488938553,No,1.2063902219136557,S
1999,-0.1937143910820852,1.3242381269718735,0.0695059949070258,-1.0866869175608733,1.0905382488938553,No,1.200029730796814,S
1999.0833333333335,-0.1759640150579375,1.3238877975239394,0.04574545721397061,-1.0866869175608733,1.0905382488938553,No,1.1936692396799724,S
1999.1666666666667,-0.1880207126900483,1.3235374680760055,0.051791993177173534,-1.0866869175608733,1.0905382488938553,No,1.1873087485631306,S
1999.25,-0.08295330163450186,1.322706772816937,-0.05880521373614611,-1.0866869175608733,1.0905382488938553,No,1.180948257446289,S
1999.3333333333335,0.019873935106716086,1.3218760775578688,-0.10284017208078367,-1.0866869175608733,1.0905382488938553,No,1.2389098405838013,S
1999.4166666666667,0.1359133427848149,1.3210453822988004,-0.09636906189595273,-1.0866869175608733,1.0905382488938553,No,1.3605896631876626,S
1999.5,0.1476968689506768,1.320214687039732,0.014357929801115388,-1.0866869175608733,1.0905382488938553,No,1.4822694857915242,S
1999.5833333333335,0.20508504934960323,1.3193839917806636,0.0794802672651187,-1.0866869175608733,1.0905382488938553,No,1.6039493083953855,S
1999.6666666666667,0.12429380526571585,1.3185532965215954,0.05389358851213144,-1.0866869175608733,1.0905382488938553,No,1.4967406902994427,S
1999.75,0.09221750928757139,1.317722601262527,-0.020408038346598545,-1.0866869175608733,1.0905382488938553,No,1.3895320722034998,S
1999.8333333333335,0.02448276616111103,1.3168919060034585,-0.05905121805701263,-1.0866869175608733,1.0905382488938553,No,1.282323454107557,S
1999.9166666666667,-0.10891084541406636,1.3160612107443903,-0.03203552931870979,-1.0866869175608733,1.0905382488938553,No,1.1751148360116142,S
2000,-0.1937143910820852,1.3152305154853219,-0.05360990648756547,-1.0866869175608733,1.0905382488938553,No,1.067906217915671,S
2000.0833333333335,-0.1759640150579375,1.3143998202262535,-0.17773820534858764,-1.0866869175608733,1.0905382488938553,No,0.9606975998197284,S
2000.1666666666667,-0.1880207126900483,1.313569124967185,-0.27205943055335124,-1.0866869175608733,1.0905382488938553,No,0.8534889817237855,S
2000.25,-0.08295330163450186,1.3127384297081168,-0.051885976033133385,-1.0866869175608733,1.0905382488938553,No,1.1778991520404816,S
2000.3333333333335,0.019873935106716086,1.3119077344490484,0.17052765280141302,-1.0866869175608733,1.0905382488938553,No,1.5023093223571775,S
2000.4166666666667,0.1359133427848149,1.3123633944130884,-0.035176971420315395,-1.0866869175608733,1.0905382488938553,No,1.413099765777588,S
2000.5,0.1476968689506768,1.3128190543771283,-0.5203198860353248,-1.0866869175608733,1.0905382488938553,No,0.9401960372924804,S
2000.5833333333335,0.20508504934960323,1.3132747143411683,0.8144110607416017,-1.0866869175608733,1.0905382488938553,No,2.332770824432373,S
2000.6666666666667,0.12429380526571585,1.3137303743052082,0.8097647019833993,-1.0866869175608733,1.0905382488938553,No,2.247788881554323,S
2000.75,0.09221750928757139,1.3141860342692482,0.7564033951194533,-1.0866869175608733,1.0905382488938553,No,2.162806938676273,S
2000.8333333333335,0.02448276616111103,1.3146416942332881,0.7387005354038241,-1.0866869175608733,1.0905382488938553,No,2.077824995798223,S
2000.9166666666667,-0.10891084541406636,1.315097354197328,0.7866565441369113,-1.0866869175608733,1.0905382488938553,No,1.992843052920173,S
2001,-0.1937143910820852,1.315553014161368,0.7860224869628403,-1.0866869175608733,1.0905382488938553,No,1.907861110042123,S
2001.0833333333335,-0.1759640150579375,1.316008674125408,0.6828345080966027,-1.0866869175608733,1.0905382488938553,No,1.8228791671640732,S
2001.1666666666667,-0.1880207126900483,1.316464334089448,0.6094536028866238,-1.0866869175608733,1.0905382488938553,No,1.7378972242860233,S
2001.25,-0.08295330163450186,1.316919994053488,0.41894858898898724,-1.0866869175608733,1.0905382488938553,No,1.6529152814079733,S
2001.3333333333335,0.019873935106716086,1.3173756540175279,0.23068374940567948,-1.0866869175608733,1.0905382488938553,No,1.5679333385299234,S
2001.4166666666667,0.1359133427848149,1.3178313139815678,0.029206738885490635,-1.0866869175608733,1.0905382488938553,No,1.4829513956518734,S
2001.5,0.1476968689506768,1.3182869739456078,-0.06801439012246124,-1.0866869175608733,1.0905382488938553,No,1.3979694527738233,S
2001.5833333333335,0.20508504934960323,1.3202005662656937,-0.21229810571952346,-1.0866869175608733,1.0905382488938553,No,1.3129875098957735,S
2001.6666666666667,0.12429380526571585,1.3221141585857796,-0.21840239683377183,-1.0866869175608733,1.0905382488938553,No,1.2280055670177237,S
2001.75,0.09221750928757139,1.3240277509058656,-0.2732216360537634,-1.0866869175608733,1.0905382488938553,No,1.1430236241396736,S
2001.8333333333335,0.02448276616111103,1.3259413432259517,-0.29238242812543924,-1.0866869175608733,1.0905382488938553,No,1.0580416812616236,S
2001.9166666666667,-0.10891084541406636,1.3278549355460376,-0.24588435174839773,-1.0866869175608733,1.0905382488938553,No,0.9730597383835735,S
2002,-0.1937143910820852,1.3297685278661235,-0.24797634127851453,-1.0866869175608733,1.0905382488938553,No,0.8880777955055238,S
2002.0833333333335,-0.1759640150579375,1.3316821201862095,-0.2308431437520817,-1.0866869175608733,1.0905382488938553,No,0.9248749613761903,S
2002.1666666666667,-0.1880207126900483,1.3335957125062954,-0.1839028725693903,-1.0866869175608733,1.0905382488938553,No,0.9616721272468568,S
2002.25,-0.08295330163450186,1.3355093048263813,-0.24598099098484805,-1.0866869175608733,1.0905382488938553,No,1.0065750122070314,S
2002.3333333333335,0.019873935106716086,1.3374228971464672,-0.30581893508597746,-1.0866869175608733,1.0905382488938553,No,1.0514778971672059,S
2002.4166666666667,0.1359133427848149,1.3393364894665534,-0.37886905012398775,-1.0866869175608733,1.0905382488938553,No,1.0963807821273805,S
2002.5,0.1476968689506768,1.3412500817866393,-0.34766328364976107,-1.0866869175608733,1.0905382488938553,No,1.141283667087555,S
2002.5833333333335,0.20508504934960323,1.3431636741067252,-0.362062171408599,-1.0866869175608733,1.0905382488938553,No,1.1861865520477295,S
2002.6666666666667,0.12429380526571585,1.3450772664268111,-0.23828163468462282,-1.0866869175608733,1.0905382488938553,No,1.2310894370079042,S
2002.75,0.09221750928757139,1.3467069305912835,-0.16293211791077633,-1.0866869175608733,1.0905382488938553,No,1.2759923219680787,S
2002.8333333333335,0.02448276616111103,1.348336594755756,-0.05192415398861394,-1.0866869175608733,1.0905382488938553,No,1.3208952069282531,S
2002.9166666666667,-0.10891084541406636,1.3499662589202281,0.12474267838226605,-1.0866869175608733,1.0905382488938553,No,1.3657980918884278,S
2003,-0.1937143910820852,1.3515959230847006,0.25281944484598706,-1.0866869175608733,1.0905382488938553,No,1.4107009768486023,S
2003.0833333333335,-0.1759640150579375,1.353225587249173,0.27834228961754137,-1.0866869175608733,1.0905382488938553,No,1.4556038618087768,S
2003.1666666666667,-0.1880207126900483,1.3548552514136454,0.33367220804535447,-1.0866869175608733,1.0905382488938553,No,1.5005067467689515,S
2003.25,-0.08295330163450186,1.3564849155781178,0.27187801778551,-1.0866869175608733,1.0905382488938553,No,1.545409631729126,S
2003.3333333333335,0.019873935106716086,1.35811457974259,0.21232400183999456,-1.0866869175608733,1.0905382488938553,No,1.5903125166893006,S
2003.4166666666667,0.1359133427848149,1.3597442439070624,0.13955781495759778,-1.0866869175608733,1.0905382488938553,No,1.635215401649475,S
2003.5,0.1476968689506768,1.3613739080715348,0.2924598821765494,-1.0866869175608733,1.0905382488938553,No,1.801530659198761,S
2003.5833333333335,0.20508504934960323,1.3630035722360072,0.3997572951624364,-1.0866869175608733,1.0905382488938553,No,1.9678459167480469,S
2003.6666666666667,0.12429380526571585,1.3646332364004794,0.0627649673059727,-1.0866869175608733,1.0905382488938553,No,1.551692008972168,S
2003.75,0.09221750928757139,1.3662629005649518,-0.049421743623275116,-1.0866869175608733,1.0905382488938553,No,1.4090586662292481,S
2003.8333333333335,0.02448276616111103,1.3678925647294242,-0.12595000740420725,-1.0866869175608733,1.0905382488938553,No,1.266425323486328,S
2003.9166666666667,-0.10891084541406636,1.3691169307385562,-0.1364141045810816,-1.0866869175608733,1.0905382488938553,No,1.1237919807434082,S
2004,-0.1937143910820852,1.3703412967476882,-0.19546826766511471,-1.0866869175608733,1.0905382488938553,No,0.9811586380004883,S
2004.0833333333335,-0.1759640150579375,1.37156566275682,-0.3570763524413141,-1.0866869175608733,1.0905382488938553,No,0.8385252952575685,S
2004.1666666666667,-0.1880207126900483,1.372790028765952,-0.20792804515228913,-1.0866869175608733,1.0905382488938553,No,0.9768412709236146,S
2004.25,-0.08295330163450186,1.374014394775084,-0.1759038465509215,-1.0866869175608733,1.0905382488938553,No,1.1151572465896606,S
2004.3333333333335,0.019873935106716086,1.375238760784216,-0.14163947363522533,-1.0866869175608733,1.0905382488938553,No,1.2534732222557068,S
2004.4166666666667,0.1359133427848149,1.376463126793348,-0.12058727165641003,-1.0866869175608733,1.0905382488938553,No,1.391789197921753,S
2004.5,0.1476968689506768,1.3776874928024798,0.07078993796379285,-1.0866869175608733,1.0905382488938553,No,1.5961742997169495,S
2004.5833333333335,0.20508504934960323,1.3789118588116118,0.21656249335093092,-1.0866869175608733,1.0905382488938553,No,1.800559401512146,S
2004.6666666666667,0.12429380526571585,1.3801362248207438,-0.31939718554300267,-1.0866869175608733,1.0905382488938553,No,1.185032844543457,S
2004.75,0.09221750928757139,1.3813605908298758,-0.29595304003596534,-1.0866869175608733,1.0905382488938553,No,1.177625060081482,S
2004.8333333333335,0.02448276616111103,1.3825849568390076,-0.1357164153695798,-1.0866869175608733,1.0905382488938553,No,1.271351307630539,S
2004.9166666666667,-0.10891084541406636,1.3838093228481396,0.0901790777455227,-1.0866869175608733,1.0905382488938553,No,1.365077555179596,S
2005,-0.1937143910820852,1.3850336888572716,0.26748450495346665,-1.0866869175608733,1.0905382488938553,No,1.458803802728653,S
2005.0833333333335,-0.1759640150579375,1.3866389386346791,0.3418551267009684,-1.0866869175608733,1.0905382488938553,No,1.55253005027771,S
2005.1666666666667,-0.1880207126900483,1.3882441884120864,0.44603282210472894,-1.0866869175608733,1.0905382488938553,No,1.646256297826767,S
2005.25,-0.08295330163450186,1.389849438189494,0.43308640882083194,-1.0866869175608733,1.0905382488938553,No,1.739982545375824,S
2005.3333333333335,0.019873935106716086,1.3914546879669014,0.4223801698512635,-1.0866869175608733,1.0905382488938553,No,1.833708792924881,S
2005.4166666666667,0.1359133427848149,1.3930599377443087,0.39846175994481436,-1.0866869175608733,1.0905382488938553,No,1.927435040473938,S
2005.5,0.1476968689506768,1.3946651875217162,-0.18497582504996868,-1.0866869175608733,1.0905382488938553,No,1.3573862314224243,S
2005.5833333333335,0.20508504934960323,1.3962704372991235,0.22251290724928374,-1.0866869175608733,1.0905382488938553,No,1.8238683938980105,S
2005.6666666666667,0.12429380526571585,1.397875687076531,0.1758155777500907,-1.0866869175608733,1.0905382488938553,No,1.6979850700923376,S
2005.75,0.09221750928757139,1.3994809368539385,0.08040330014515495,-1.0866869175608733,1.0905382488938553,No,1.5721017462866649,S
2005.8333333333335,0.02448276616111103,1.4010861866313458,0.020649469688535094,-1.0866869175608733,1.0905382488938553,No,1.446218422480992,S
2005.9166666666667,-0.10891084541406636,1.4026914364087533,0.02655450768063239,-1.0866869175608733,1.0905382488938553,No,1.3203350986753193,S
2006,-0.1937143910820852,1.4042966861861608,-0.01613052023442929,-1.0866869175608733,1.0905382488938553,No,1.1944517748696462,S
2006.0833333333335,-0.1759640150579375,1.405901935963568,-0.1613694698416568,-1.0866869175608733,1.0905382488938553,No,1.0685684510639737,S
2006.1666666666667,-0.1880207126900483,1.4075071857409756,-0.2768013457926264,-1.0866869175608733,1.0905382488938553,No,0.9426851272583009,S
2006.25,-0.08295330163450186,1.4093834495469157,-0.43023521306744317,-1.0866869175608733,1.0905382488938553,No,0.8961949348449707,S
2006.3333333333335,0.019873935106716086,1.4112597133528562,0.00559035867009694,-1.0866869175608733,1.0905382488938553,No,1.4367240071296692,S
2006.4166666666667,0.1359133427848149,1.4131359771587966,0.4282037594707562,-1.0866869175608733,1.0905382488938553,No,1.9772530794143677,S
2006.5,0.1476968689506768,1.4150122409647368,0.4418127368558262,-1.0866869175608733,1.0905382488938553,No,2.00452184677124,S
2006.5833333333335,0.20508504934960323,1.416888504770677,0.07404335357167535,-1.0866869175608733,1.0905382488938553,No,1.6960169076919556,S
2006.6666666666667,0.12429380526571585,1.4187647685766174,0.39399999415846043,-1.0866869175608733,1.0905382488938553,No,1.9370585680007937,S
2006.75,0.09221750928757139,1.4206410323825578,0.25579067879648454,-1.0866869175608733,1.0905382488938553,No,1.7686492204666138,S
2006.8333333333335,0.02448276616111103,1.422517296188498,0.153239810582825,-1.0866869175608733,1.0905382488938553,No,1.600239872932434,S
2006.9166666666667,-0.10891084541406636,1.4243935599944382,0.025085231853649193,-1.0866869175608733,1.0905382488938553,No,1.340567946434021,S
2007,-0.1937143910820852,1.4262698238003786,-0.18993107835580547,-1.0866869175608733,1.0905382488938553,No,1.0426243543624878,S
2007.0833333333335,-0.1759640150579375,1.428146087606319,-0.15368207906515585,-1.0866869175608733,1.0905382488938553,No,1.0984999934832256,S
2007.1666666666667,-0.1880207126900483,1.4300223514122592,-0.08762600611824767,-1.0866869175608733,1.0905382488938553,No,1.1543756326039631,S
2007.25,-0.08295330163450186,1.4318986152181994,-0.1386940418589966,-1.0866869175608733,1.0905382488938553,No,1.210251271724701,S
2007.3333333333335,0.019873935106716086,1.4337748790241398,-0.18752190328541718,-1.0866869175608733,1.0905382488938553,No,1.2661269108454387,S
2007.4166666666667,0.1359133427848149,1.4354257141215547,-0.24933650694019338,-1.0866869175608733,1.0905382488938553,No,1.3220025499661763,S
2007.5,0.1476968689506768,1.4370765492189697,-0.2068952290827324,-1.0866869175608733,1.0905382488938553,No,1.377878189086914,S
2007.5833333333335,0.20508504934960323,1.4387273843163846,-0.07023999669750225,-1.0866869175608733,1.0905382488938553,No,1.5735724369684856,S
2007.6666666666667,0.12429380526571585,1.4403782194137995,0.2045946601705415,-1.0866869175608733,1.0905382488938553,No,1.769266684850057,S
2007.75,0.09221750928757139,1.4420290545112144,0.43071436893284254,-1.0866869175608733,1.0905382488938553,No,1.9649609327316284,S
2007.8333333333335,0.02448276616111103,1.4436798896086294,0.05262732511862622,-1.0866869175608733,1.0905382488938553,No,1.5207899808883667,S
2007.9166666666667,-0.10891084541406636,1.4453307247060443,-0.41068118700834755,-1.0866869175608733,1.0905382488938553,No,0.9257386922836304,S
2008,-0.1937143910820852,1.446981559803459,-0.3345189091770011,-1.0866869175608733,1.0905382488938553,No,0.9187482595443727,S
2008.0833333333335,-0.1759640150579375,1.448632394900874,-0.2359163942930096,-1.0866869175608733,1.0905382488938553,No,1.0367519855499268,S
2008.1666666666667,-0.1880207126900483,1.4502832299982888,-0.22563415179157786,-1.0866869175608733,1.0905382488938553,No,1.0366283655166626,S
2008.25,-0.08295330163450186,1.4519340650957038,-0.6026759724875386,-1.0866869175608733,1.0905382488938553,No,0.7663047909736633,S
2008.3333333333335,0.019873935106716086,1.4535849001931187,-0.10907361787162739,-1.0866869175608733,1.0905382488938553,No,1.3643852174282074,S
2008.4166666666667,0.1359133427848149,1.4552357352905336,0.37131656580740313,-1.0866869175608733,1.0905382488938553,No,1.9624656438827517,S
2008.5,0.1476968689506768,1.4568865703879486,0.5384963183518043,-1.0866869175608733,1.0905382488938553,No,2.1430797576904297,S
2008.5833333333335,0.20508504934960323,1.4577485346973762,-0.03681517908634713,-1.0866869175608733,1.0905382488938553,No,1.6260184049606323,S
2008.6666666666667,0.12429380526571585,1.458610499006804,-0.473947252041685,-1.0866869175608733,1.0905382488938553,No,1.108957052230835,S
2008.75,0.09221750928757139,1.459472463316232,-0.300320496285444,-1.0866869175608733,1.0905382488938553,No,1.2513694763183594,S
2008.8333333333335,0.02448276616111103,1.4603344276256596,-0.19256346110549627,-1.0866869175608733,1.0905382488938553,No,1.2922537326812744,S
2008.9166666666667,-0.10891084541406636,1.4611963919350872,-0.01914755747683139,-1.0866869175608733,1.0905382488938553,No,1.3331379890441895,S
2009,-0.1937143910820852,1.462058356244515,0.10567828024467474,-1.0866869175608733,1.0905382488938553,No,1.3740222454071045,S
2009.0833333333335,-0.1759640150579375,1.462920320553943,0.12795019627401416,-1.0866869175608733,1.0905382488938553,No,1.4149065017700195,S
2009.1666666666667,-0.1880207126900483,1.4637822848633706,0.18002918595961237,-1.0866869175608733,1.0905382488938553,No,1.4557907581329346,S
2009.25,-0.08295330163450186,1.4646442491727982,0.11498406695755325,-1.0866869175608733,1.0905382488938553,No,1.4966750144958496,S
2009.3333333333335,0.019873935106716086,1.465506213482226,0.052179122269822464,-1.0866869175608733,1.0905382488938553,No,1.5375592708587646,S
2009.4166666666667,0.1359133427848149,1.466368177791654,-0.0238379933547892,-1.0866869175608733,1.0905382488938553,No,1.5784435272216797,S
2009.5,0.1476968689506768,1.4672301421010816,-0.255980687656983,-1.0866869175608733,1.0905382488938553,No,1.3589463233947754,S
2009.5833333333335,0.20508504934960323,1.4680921064105092,0.2197127015320628,-1.0866869175608733,1.0905382488938553,No,1.8928898572921753,S
2009.6666666666667,0.12429380526571585,1.4689540707199371,-0.64168404084161,-1.0866869175608733,1.0905382488938553,No,0.951563835144043,S
2009.75,0.09221750928757139,1.4690702884395848,0.03677281018300005,-1.0866869175608733,1.0905382488938553,No,1.5980606079101562,S
2009.8333333333335,0.02448276616111103,1.4691865061592324,-0.04054665650613454,-1.0866869175608733,1.0905382488938553,No,1.453122615814209,S
2009.9166666666667,-0.10891084541406636,1.46930272387888,-0.25304760871231124,-1.0866869175608733,1.0905382488938553,No,1.1073442697525024,S
2010,-0.1937143910820852,1.469418941598528,-0.27697198368294673,-1.0866869175608733,1.0905382488938553,No,0.998732566833496,S
2010.0833333333335,-0.1759640150579375,1.4695351593181756,-0.11442656310128219,-1.0866869175608733,1.0905382488938553,No,1.1791445811589558,S
2010.1666666666667,-0.1880207126900483,1.4696513770378232,0.07792593113664092,-1.0866869175608733,1.0905382488938553,No,1.3595565954844158,S
2010.25,-0.08295330163450186,1.4697675947574709,0.1531543166869067,-1.0866869175608733,1.0905382488938553,No,1.5399686098098757,S
2010.3333333333335,0.019873935106716086,1.4698838124771185,-0.25020048134848305,-1.0866869175608733,1.0905382488938553,No,1.2395572662353516,S
2010.4166666666667,0.1359133427848149,1.4700000301967662,0.4884012022137314,-1.0866869175608733,1.0905382488938553,No,2.0943145751953125,S
2010.5,0.1476968689506768,1.4701162479164138,0.6549460822753657,-1.0866869175608733,1.0905382488938553,No,2.272759199142456,S
2010.5833333333335,0.20508504934960323,1.4702324656360617,0.4633960832656778,-1.0866869175608733,1.0905382488938553,No,2.1387135982513428,S
2010.6666666666667,0.12429380526571585,1.4703486833557093,0.4645215586197857,-1.0866869175608733,1.0905382488938553,No,2.059164047241211,S
2010.75,0.09221750928757139,1.470464901075357,0.2810594595635243,-1.0866869175608733,1.0905382488938553,No,1.8437418699264527,S
2010.8333333333335,0.02448276616111103,1.4705811187950046,0.13325580765557854,-1.0866869175608733,1.0905382488938553,No,1.6283196926116943,S
2010.9166666666667,-0.10891084541406636,1.4705645487483634,0.05124381196263905,-1.0866869175608733,1.0905382488938553,No,1.412897515296936,S
2011,-0.1937143910820852,1.4705479787017222,-0.07935824963745919,-1.0866869175608733,1.0905382488938553,No,1.1974753379821776,S
2011.0833333333335,-0.1759640150579375,1.470531408655081,-0.3125142329297239,-1.0866869175608733,1.0905382488938553,No,0.9820531606674195,S
2011.1666666666667,-0.1880207126900483,1.4705148386084395,-0.2574608903684643,-1.0866869175608733,1.0905382488938553,No,1.0250332355499268,S
2011.25,-0.08295330163450186,1.4704982685617982,0.04399349571155864,-1.0866869175608733,1.0905382488938553,No,1.431538462638855,S
2011.3333333333335,0.019873935106716086,1.470481698515157,0.5369058619683369,-1.0866869175608733,1.0905382488938553,No,2.02726149559021,S
2011.4166666666667,0.1359133427848149,1.4704651284685157,0.24594100773531702,-1.0866869175608733,1.0905382488938553,No,1.8523194789886477,S
2011.5,0.1476968689506768,1.4704485584218745,-0.0208521696592332,-1.0866869175608733,1.0905382488938553,No,1.597293257713318,S
2011.5833333333335,0.20508504934960323,1.4704319883752333,-0.044327095364912195,-1.0866869175608733,1.0905382488938553,No,1.6311899423599243,S
2011.6666666666667,0.12429380526571585,1.470415418328592,-0.1946825445553062,-1.0866869175608733,1.0905382488938553,No,1.4000266790390017,S
2011.75,0.09221750928757139,1.4703988482819506,0.2960668709232148,-1.0866869175608733,1.0905382488938553,No,1.8586832284927368,S
2011.8333333333335,0.02448276616111103,1.4703822782353093,0.32853635562472383,-1.0866869175608733,1.0905382488938553,No,1.8234014000211443,S
2011.9166666666667,-0.10891084541406636,1.470365708188668,0.4266647087749502,-1.0866869175608733,1.0905382488938553,No,1.788119571549552,S
2012,-0.1937143910820852,1.4703491381420268,0.47620299601801763,-1.0866869175608733,1.0905382488938553,No,1.7528377430779591,S
2012.0833333333335,-0.1759640150579375,1.4699952657534052,0.42352466391089916,-1.0866869175608733,1.0905382488938553,No,1.7175559146063668,S
2012.1666666666667,-0.1880207126900483,1.4696413933647836,0.400653405460039,-1.0866869175608733,1.0905382488938553,No,1.6822740861347742,S
2012.25,-0.08295330163450186,1.469287520976162,0.2606580383215218,-1.0866869175608733,1.0905382488938553,No,1.646992257663182,S
2012.3333333333335,0.019873935106716086,1.4689336485875404,0.12290284549733288,-1.0866869175608733,1.0905382488938553,No,1.6117104291915894,S
2012.4166666666667,0.1359133427848149,1.4685797761989188,-0.060075260859954405,-1.0866869175608733,1.0905382488938553,No,1.5444178581237793,S
2012.5,0.1476968689506768,1.4682259038102972,-0.13879748570500472,-1.0866869175608733,1.0905382488938553,No,1.4771252870559692,S
2012.5833333333335,0.20508504934960323,1.4678720314216758,-0.26312436478311985,-1.0866869175608733,1.0905382488938553,No,1.4098327159881592,S
2012.6666666666667,0.12429380526571585,1.4675181590330542,-0.2492718193784209,-1.0866869175608733,1.0905382488938553,No,1.3425401449203491,S
2012.75,0.09221750928757139,1.4671642866444325,-0.2841342220794649,-1.0866869175608733,1.0905382488938553,No,1.275247573852539,S
2012.8333333333335,0.02448276616111103,1.466810414255811,-0.18599797132700702,-1.0866869175608733,1.0905382488938553,No,1.305295209089915,S
2012.9166666666667,-0.10891084541406636,1.4664565418671893,-0.022202852125832173,-1.0866869175608733,1.0905382488938553,No,1.3353428443272908,S
2013,-0.1937143910820852,1.4661026694785677,0.09300220116818436,-1.0866869175608733,1.0905382488938553,No,1.3653904795646667,S
2013.0833333333335,-0.1759640150579375,1.465748797089946,0.10565333277003419,-1.0866869175608733,1.0905382488938553,No,1.3954381148020427,S
2013.1666666666667,-0.1880207126900483,1.4653949247013245,0.14811153802814236,-1.0866869175608733,1.0905382488938553,No,1.4254857500394185,S
2013.25,-0.08295330163450186,1.4643829479366588,0.07410373897463751,-1.0866869175608733,1.0905382488938553,No,1.4555333852767944,S
2013.3333333333335,0.019873935106716086,1.463370971171993,-0.1472480400525129,-1.0866869175608733,1.0905382488938553,No,1.3359968662261963,S
2013.4166666666667,0.1359133427848149,1.4623589944073274,-0.0024120943485144153,-1.0866869175608733,1.0905382488938553,No,1.595860242843628,S
2013.5,0.1476968689506768,1.4613470176426617,0.24667973286772105,-1.0866869175608733,1.0905382488938553,No,1.8557236194610596,S
2013.5833333333335,0.20508504934960323,1.460335040877996,0.06271072718573079,-1.0866869175608733,1.0905382488938553,No,1.72813081741333,S
2013.6666666666667,0.12429380526571585,1.4593230641133303,0.3871816230525946,-1.0866869175608733,1.0905382488938553,No,1.9707984924316408,S
2013.75,0.09221750928757139,1.4583110873486647,-0.12867815374988378,-1.0866869175608733,1.0905382488938553,No,1.4218504428863523,S
2013.8333333333335,0.02448276616111103,1.457299110583999,-0.4338251716517263,-1.0866869175608733,1.0905382488938553,No,1.0479567050933838,S
2013.9166666666667,-0.10891084541406636,1.4562871338193333,-0.31926788233837233,-1.0866869175608733,1.0905382488938553,No,1.0281084060668946,S
2014,-0.1937143910820852,1.4552751570546676,-0.2533006589321769,-1.0866869175608733,1.0905382488938553,No,1.0082601070404054,S
2014.0833333333335,-0.1759640150579375,1.454263180290002,-0.2898873572181484,-1.0866869175608733,1.0905382488938553,No,0.988411808013916,S
2014.1666666666667,-0.1880207126900483,1.4532512035253362,-0.2966669818478611,-1.0866869175608733,1.0905382488938553,No,0.9685635089874268,S
2014.25,-0.08295330163450186,1.4522392267606705,-0.42057071516523115,-1.0866869175608733,1.0905382488938553,No,0.9487152099609375,S
2014.3333333333335,0.019873935106716086,1.4512272499960048,0.07522604821179324,-1.0866869175608733,1.0905382488938553,No,1.5463272333145142,S
2014.4166666666667,0.1359133427848149,1.4497267852919284,-0.0490460948354714,-1.0866869175608733,1.0905382488938553,No,1.536594033241272,S
2014.5,0.1476968689506768,1.448226320587852,-0.06906235637049907,-1.0866869175608733,1.0905382488938553,No,1.5268608331680298,S
2014.5833333333335,0.20508504934960323,1.4467258558837757,-0.13468327213859133,-1.0866869175608733,1.0905382488938553,No,1.5171276330947876,S
2014.6666666666667,0.12429380526571585,1.4452253911796993,-0.062124763423869744,-1.0866869175608733,1.0905382488938553,No,1.5073944330215454,S
2014.75,0.09221750928757139,1.443724926475623,-0.10042750885279395,-1.0866869175608733,1.0905382488938553,No,1.4355149269104004,S
2014.8333333333335,0.02448276616111103,1.4422244617715465,-0.003201363789286038,-1.0866869175608733,1.0905382488938553,No,1.4635058641433716,S
2014.9166666666667,-0.10891084541406636,1.4407239970674701,-0.07942109804927777,-1.0866869175608733,1.0905382488938553,No,1.252392053604126,S
2015,-0.1937143910820852,1.439223532363394,0.07495775859051745,-1.0866869175608733,1.0905382488938553,No,1.320466899871826,S
2015.0833333333335,-0.1759640150579375,1.4377230676593176,0.12678269353814642,-1.0866869175608733,1.0905382488938553,No,1.3885417461395264,S
2015.1666666666667,-0.1880207126900483,1.4362226029552412,0.20841470214203373,-1.0866869175608733,1.0905382488938553,No,1.4566165924072265,S
2015.25,-0.08295330163450186,1.4347221382511648,0.17292260205826393,-1.0866869175608733,1.0905382488938553,No,1.5246914386749268,S
2015.3333333333335,0.019873935106716086,1.4332216735470884,0.13967067628882246,-1.0866869175608733,1.0905382488938553,No,1.592766284942627,S
2015.4166666666667,0.1359133427848149,1.431721208843012,0.3550046991274831,-1.0866869175608733,1.0905382488938553,No,1.92263925075531,S
2015.5,0.1476968689506768,1.4302207441389356,-0.5095868483191046,-1.0866869175608733,1.0905382488938553,No,1.0683307647705078,S
2015.5833333333335,0.20508504934960323,1.4290270269396566,-0.46914561224659623,-1.0866869175608733,1.0905382488938553,No,1.1649664640426636,S
2015.6666666666667,0.12429380526571585,1.4278333097403775,-0.290524951691274,-1.0866869175608733,1.0905382488938553,No,1.2616021633148193,S
2015.75,0.09221750928757139,1.4266395925410986,-0.16061923924169497,-1.0866869175608733,1.0905382488938553,No,1.358237862586975,S
2015.8333333333335,0.02448276616111103,1.4254458753418195,0.0049449203562002,-1.0866869175608733,1.0905382488938553,No,1.4548735618591309,S
2015.9166666666667,-0.10891084541406636,1.4242521581425405,-0.07360823854024168,-1.0866869175608733,1.0905382488938553,No,1.2417330741882324,S
2016,-0.1937143910820852,1.4230584409432614,-0.2659965552589727,-1.0866869175608733,1.0905382488938553,No,0.9633474946022035,S
2016.0833333333335,-0.1759640150579375,1.4218647237439823,-0.13149626875989706,-1.0866869175608733,1.0905382488938553,No,1.1144044399261477,S
2016.1666666666667,-0.1880207126900483,1.4206710065447035,0.039156828375874975,-1.0866869175608733,1.0905382488938553,No,1.27180712223053,S
2016.25,-0.08295330163450186,1.4194772893454244,0.09268581682398969,-1.0866869175608733,1.0905382488938553,No,1.4292098045349122,S
2016.3333333333335,0.019873935106716086,1.4182835721461453,0.14845497958643317,-1.0866869175608733,1.0905382488938553,No,1.5866124868392946,S
2016.4166666666667,0.1359133427848149,1.4170898549468662,0.19101197141199577,-1.0866869175608733,1.0905382488938553,No,1.744015169143677,S
2016.5,0.1476968689506768,1.4158961377475874,0.3378248447497949,-1.0866869175608733,1.0905382488938553,No,1.901417851448059,S
2016.5833333333335,0.20508504934960323,1.4147024205483083,0.7310063686030657,-1.0866869175608733,1.0905382488938553,No,2.350793838500977,S
2016.6666666666667,0.12429380526571585,1.4135087033490292,0.44328088448217895,-1.0866869175608733,1.0905382488938553,No,1.981083393096924,S
2016.75,0.09221750928757139,1.41274537025363,0.2598053036901524,-1.0866869175608733,1.0905382488938553,No,1.7647681832313538,S
2016.8333333333335,0.02448276616111103,1.4119820371582308,0.11198817004644179,-1.0866869175608733,1.0905382488938553,No,1.5484529733657837,S
2016.9166666666667,-0.10891084541406636,1.4112187040628315,-0.19213868636177778,-1.0866869175608733,1.0905382488938553,No,1.1101691722869873,S
2017,-0.1937143910820852,1.4104553709674321,-0.2596267602198197,-1.0866869175608733,1.0905382488938553,No,0.9571142196655272,S
2017.0833333333335,-0.1759640150579375,1.4096920378720328,-0.21925049169888133,-1.0866869175608733,1.0905382488938553,No,1.0144775311152139,S
2017.1666666666667,-0.1880207126900483,1.4089287047766337,-0.14906714952168465,-1.0866869175608733,1.0905382488938553,No,1.0718408425649006,S
2017.25,-0.08295330163450186,1.4081653716812343,-0.19600791603214507,-1.0866869175608733,1.0905382488938553,No,1.1292041540145874,S
2017.3333333333335,0.019873935106716086,1.407402038585835,-0.01664753569664046,-1.0866869175608733,1.0905382488938553,No,1.4106284379959106,S
2017.4166666666667,0.1359133427848149,1.406638705490436,0.45711833803914126,-1.0866869175608733,1.0905382488938553,No,1.999670386314392,S
2017.5,0.1476968689506768,1.4058753723950366,0.40854495378368116,-1.0866869175608733,1.0905382488938553,No,1.9621171951293945,S
2017.5833333333335,0.20508504934960323,1.4051120392996372,0.3143669152951565,-1.0866869175608733,1.0905382488938553,No,1.924564003944397,S
2017.6666666666667,0.12429380526571585,1.404348706204238,0.007318878071672197,-1.0866869175608733,1.0905382488938553,No,1.535961389541626,S
2017.75,0.09221750928757139,1.4035853731088388,0.02480673483686613,-1.0866869175608733,1.0905382488938553,No,1.5206096172332764,S
2017.8333333333335,0.02448276616111103,1.4028220400134395,0.2338713985068459,-1.0866869175608733,1.0905382488938553,No,1.6611762046813965,S
2017.9166666666667,-0.10891084541406636,1.4024047375795938,0.12425527432312022,-1.0866869175608733,1.0905382488938553,No,1.4177491664886477,S
2018,-0.1937143910820852,1.401987435145748,-0.3072310595055572,-1.0866869175608733,1.0905382488938553,No,0.9010419845581056,S
2018.0833333333335,-0.1759640150579375,1.4015701327119023,-0.20351876716625572,-1.0866869175608733,1.0905382488938553,No,1.022087350487709,S
2018.1666666666667,-0.1880207126900483,1.4011528302780567,-0.0699994011706957,-1.0866869175608733,1.0905382488938553,No,1.1431327164173126,S
2018.25,-0.08295330163450186,1.4007355278442108,-0.053604143862792775,-1.0866869175608733,1.0905382488938553,No,1.2641780823469162,S
2018.3333333333335,0.019873935106716086,1.4003182254103652,-0.03496871224056153,-1.0866869175608733,1.0905382488938553,No,1.3852234482765198,S
2018.4166666666667,0.1359133427848149,1.3999009229765194,-0.029545451555210933,-1.0866869175608733,1.0905382488938553,No,1.5062688142061234,S
2018.5,0.1476968689506768,1.3994836205426737,0.08013369064237641,-1.0866869175608733,1.0905382488938553,No,1.627314180135727,S
2018.5833333333335,0.20508504934960323,1.399066318108828,0.14420817860689916,-1.0866869175608733,1.0905382488938553,No,1.7483595460653305,S
2018.6666666666667,0.12429380526571585,1.3986490156749822,0.346462091054236,-1.0866869175608733,1.0905382488938553,No,1.869404911994934,S
2018.75,0.09221750928757139,1.3982317132411366,0.6437234554650664,-1.0866869175608733,1.0905382488938553,No,2.1341726779937744,S
2018.8333333333335,0.02448276616111103,1.397814410807291,0.2818812556551433,-1.0866869175608733,1.0905382488938553,No,1.7041784326235454,S
2018.9166666666667,-0.10891084541406636,1.397397108373445,-0.014302075706062345,-1.0866869175608733,1.0905382488938553,No,1.2741841872533164,S
2019,-0.1937143910820852,1.3969798059395995,-0.359075472974427,-1.0866869175608733,1.0905382488938553,No,0.8441899418830873,S
2019.0833333333335,-0.1759640150579375,1.3966339502885805,-0.13442237186852135,-1.0866869175608733,1.0905382488938553,No,1.0862475633621216,S
2019.1666666666667,-0.1880207126900483,1.3962880946375615,-0.45830201224612777,-1.0866869175608733,1.0905382488938553,No,0.7499653697013855,S
2019.25,-0.08295330163450186,1.3959422389865426,-0.3387866322735342,-1.0866869175608733,1.0905382488938553,No,0.9742023050785065,S
2019.3333333333335,0.019873935106716086,1.3955963833355236,-0.21703107798661225,-1.0866869175608733,1.0905382488938553,No,1.1984392404556274,S
2019.4166666666667,0.1359133427848149,1.3952505276845046,-0.10848769463657115,-1.0866869175608733,1.0905382488938553,No,1.4226761758327484,S
2019.5,0.1476968689506768,1.3949046720334857,0.10431157022570692,-1.0866869175608733,1.0905382488938553,No,1.6469131112098694,S
2019.5833333333335,0.20508504934960323,1.3945588163824667,0.2715061808549204,-1.0866869175608733,1.0905382488938553,No,1.8711500465869904,S
2019.6666666666667,0.12429380526571585,1.3942129607314477,0.5768802159669477,-1.0866869175608733,1.0905382488938553,No,2.0953869819641113,S
2019.75,0.09221750928757139,1.3938671050804288,0.20188455365924174,-1.0866869175608733,1.0905382488938553,No,1.687969168027242,S
2019.8333333333335,0.02448276616111103,1.3935212494294098,-0.13745266150014812,-1.0866869175608733,1.0905382488938553,No,1.2805513540903728,S
2019.9166666666667,-0.10891084541406636,1.3931753937783908,-0.41113100821082105,-1.0866869175608733,1.0905382488938553,No,0.8731335401535034,S
2020,-0.1937143910820852,1.3928295381273719,-0.32744180147949065,-1.0866869175608733,1.0905382488938553,No,0.871673345565796,S
2020.0833333333335,-0.1759640150579375,1.392483682476353,0.04928998777109883,-1.0866869175608733,1.0905382488938553,No,1.2658096551895142,S
2020.1666666666667,-0.1880207126900483,1.392137826825334,-0.3155509777751171,-1.0866869175608733,1.0905382488938553,No,0.8885661363601686,S
2020.25,-0.08295330163450186,1.3913494254019014,0.045714594006037945,-1.0866869175608733,1.0905382488938553,No,1.3541107177734375,S
2020.3333333333335,0.019873935106716086,1.390561023978469,0.2843567155287676,-1.0866869175608733,1.0905382488938553,No,1.6947916746139526,S
2020.4166666666667,0.1359133427848149,1.3897726225550366,0.6083310253217695,-1.0866869175608733,1.0905382488938553,No,2.134016990661621,S
2020.5,0.1476968689506768,1.3889842211316041,0.5751229184016058,-1.0866869175608733,1.0905382488938553,No,2.1118040084838867,S
2020.5833333333335,0.20508504934960323,1.3881958197081716,-0.4845362477809192,-1.0866869175608733,1.0905382488938553,No,1.1087446212768557,S
2020.6666666666667,0.12429380526571585,1.3874074182847391,-0.2551168176514069,-1.0866869175608733,1.0905382488938553,No,1.256584405899048,S
2020.75,0.09221750928757139,1.3866190168613068,-0.17866652178104991,-1.0866869175608733,1.0905382488938553,No,1.3001700043678284,S
2020.8333333333335,0.02448276616111103,1.3858306154378743,-0.06655777876237656,-1.0866869175608733,1.0905382488938553,No,1.3437556028366089,S
2020.9166666666667,-0.10891084541406636,1.3850422140144418,-0.10359428020621042,-1.0866869175608733,1.0905382488938553,No,1.172537088394165,S
2021,-0.1937143910820852,1.3842538125910093,5.635898607811995e-4,-1.0866869175608733,1.0905382488938553,No,1.1911030113697052,S
2021.0833333333335,-0.1759640150579375,1.3834654111675768,0.0021675382356061146,-1.0866869175608733,1.0905382488938553,No,1.2096689343452454,S
2021.1666666666667,-0.1880207126900483,1.3826770097441445,0.03357856026668937,-1.0866869175608733,1.0905382488938553,No,1.2282348573207855,S
2021.25,-0.08295330163450186,1.381888608320712,-0.05213452638988447,-1.0866869175608733,1.0905382488938553,No,1.2468007802963257,S
2021.3333333333335,0.019873935106716086,1.3811002068972795,-0.363930212903959,-1.0866869175608733,1.0905382488938553,No,1.0370439291000366,S
2021.4166666666667,0.1359133427848149,1.380146072687925,-0.1713104416263045,-1.0866869175608733,1.0905382488938553,No,1.3447489738464355,S
2021.5,0.1476968689506768,1.3791919384785707,-0.17741000633773552,-1.0866869175608733,1.0905382488938553,No,1.349478801091512,S
2021.5833333333335,0.20508504934960323,1.3782378042692163,-0.2291142252822309,-1.0866869175608733,1.0905382488938553,No,1.3542086283365886,S
2021.6666666666667,0.12429380526571585,1.3772836700598619,-0.1426390197439127,-1.0866869175608733,1.0905382488938553,No,1.358938455581665,S
2021.75,0.09221750928757139,1.3763295358505074,-0.11901491775770778,-1.0866869175608733,1.0905382488938553,No,1.349532127380371,S
2021.8333333333335,0.02448276616111103,1.375375401641153,-0.07653014961378757,-1.0866869175608733,1.0905382488938553,No,1.3233280181884766,S
2021.9166666666667,-0.10891084541406636,1.3744212674317986,0.08383665280882613,-1.0866869175608733,1.0905382488938553,No,1.3493470748265584,S
2022,-0.1937143910820852,1.3734671332224442,0.1956133893242813,-1.0866869175608733,1.0905382488938553,No,1.3753661314646402,S
2022.0833333333335,-0.1759640150579375,1.3725129990130898,0.20483620414756998,-1.0866869175608733,1.0905382488938553,No,1.4013851881027222,S
2022.1666666666667,-0.1880207126900483,1.3715588648037353,0.243866092627117,-1.0866869175608733,1.0905382488938553,No,1.427404244740804,S
2022.25,-0.08295330163450186,1.370604730594381,0.16577187241900693,-1.0866869175608733,1.0905382488938553,No,1.453423301378886,S
2022.3333333333335,0.019873935106716086,1.3696505963850265,0.08991782652522518,-1.0866869175608733,1.0905382488938553,No,1.4794423580169678,S
2022.4166666666667,0.1359133427848149,1.368696462175672,-0.2844285782301401,-1.0866869175608733,1.0905382488938553,No,1.220181226730347,S
2022.5,0.1476968689506768,1.3677423279663177,0.2815322433982521,-1.0866869175608733,1.0905382488938553,No,1.7969714403152466,S
2022.5833333333335,0.20508504934960323,1.36694928778475,0.042253992943771745,-1.0866869175608733,1.0905382488938553,No,1.614288330078125,S
2022.6666666666667,0.12429380526571585,1.3661562476031823,-0.0634318872805193,-1.0866869175608733,1.0905382488938553,No,1.427018165588379,S
2022.75,0.09221750928757139,1.3653632074216149,-0.2178327156105535,-1.0866869175608733,1.0905382488938553,No,1.2397480010986328,S
2022.8333333333335,0.02448276616111103,1.3645701672400472,0.2471411765155287,-1.0866869175608733,1.0905382488938553,No,1.636194109916687,S
2022.9166666666667,-0.10891084541406636,1.3637771270584795,0.25111850152819426,-1.0866869175608733,1.0905382488938553,No,1.5059847831726074,S
2023,-0.1937143910820852,1.3629840868769119,0.32039628931259534,-1.0866869175608733,1.0905382488938553,No,1.4896659851074219,S
2023.0833333333335,-0.1759640150579375,1.3621910466953444,-0.21608389227507163,-1.0866869175608733,1.0905382488938553,No,0.9701431393623353,S
2023.1666666666667,-0.1880207126900483,1.3613980065137767,-0.1617894356236551,-1.0866869175608733,1.0905382488938553,No,1.0115878582000732,S
2023.25,-0.08295330163450186,1.360604966332209,0.01006388953965831,-1.0866869175608733,1.0905382488938553,No,1.2877155542373655,S
2023.3333333333335,0.019873935106716086,1.3598119261506414,0.13451148829098236,-1.0866869175608733,1.0905382488938553,No,1.5141973495483398,S
2023.4166666666667,0.1359133427848149,1.3590188859690737,0.20490295248237844,-1.0866869175608733,1.0905382488938553,No,1.699835181236267,S
2023.5,0.1476968689506768,1.3582258457875063,0.3709908327776861,-1.0866869175608733,1.0905382488938553,No,1.8769135475158691,S
2023.5833333333335,0.20508504934960323,1.3574328056059386,0.2834178473683717,-1.0866869175608733,1.0905382488938553,No,1.8459357023239136,S
2023.6666666666667,0.12429380526571585,1.356639765424371,0.3340242864418712,-1.0866869175608733,1.0905382488938553,No,1.814957857131958,S
2023.75,0.09221750928757139,1.3559268104197342,0.3358356922326968,-1.0866869175608733,1.0905382488938553,No,1.7839800119400024,S
2023.8333333333335,0.02448276616111103,1.3552138554150972,0.027360663732629575,-1.0866869175608733,1.0905382488938553,No,1.407057285308838,S
2023.9166666666667,-0.10891084541406636,1.3545009004104605,0.1467684864922536,-1.0866869175608733,1.0905382488938553,No,1.3923585414886477,S
2024,-0.1937143910820852,1.3537879454058235,0.21635397691863245,-1.0866869175608733,1.0905382488938553,No,1.3764275312423706,S
2024.0833333333335,-0.1759640150579375,1.3530749904011867,0.4387498444733402,-1.0866869175608733,1.0905382488938553,No,1.6158608198165894,S
2024.1666666666667,-0.1880207126900483,1.3523620353965498,-0.2499801438315319,-1.0866869175608733,1.0905382488938553,No,0.9143611788749696,S
2024.25,-0.08295330163450186,1.351649080391913,-0.12051183691628542,-1.0866869175608733,1.0905382488938553,No,1.1481839418411257,S
2024.3333333333335,0.019873935106716086,1.3509361253872763,-0.22849634169821598,-1.0866869175608733,1.0905382488938553,No,1.1423137187957764,S
2024.4166666666667,0.1359133427848149,1.3502231703826393,-0.34969301741702696,-1.0866869175608733,1.0905382488938553,No,1.1364434957504272,S
2024.5,0.1476968689506768,1.3495102153780025,-0.3666338116236014,-1.0866869175608733,1.0905382488938553,No,1.130573272705078,S
2024.5833333333335,0.20508504934960323,1.3487972603733656,-0.0376225202561109,-1.0866869175608733,1.0905382488938553,No,1.516259789466858,S
2024.6666666666667,0.12429380526571585,1.3480843053687288,-0.023556883878666612,-1.0866869175608733,1.0905382488938553,No,1.448821226755778,S
2024.75,0.09221750928757139,1.3473713503640918,-0.05820619560696527,-1.0866869175608733,1.0905382488938553,No,1.381382664044698,S
2024.8333333333335,0.02448276616111103,1.346658395359455,-0.057197060186948034,-1.0866869175608733,1.0905382488938553,No,1.3139441013336182,S
2024.9166666666667,-0.10891084541406636,1.345886347407162,-6.468198577147533e-5,-1.0866869175608733,1.0905382488938553,No,1.2369108200073242,S
2025,-0.1937143910820852,1.345114299454869,-0.1733658292979241,-1.0866869175608733,1.0905382488938553,No,0.9780340790748597,S
2025.0833333333335,-0.1759640150579375,1.344342251502576,-0.18002075210397095,-1.0866869175608733,1.0905382488938553,No,0.9883574843406676,S
2025.1666666666667,-0.1880207126900483,1.3435702035502828,-0.22411199848962893,-1.0866869175608733,1.0905382488938553,No,0.9314374923706056,S
2025.25,-0.08295330163450186,1.3427981555979898,-0.1323263789077933,-1.0866869175608733,1.0905382488938553,No,1.1275184750556946,S
2025.3333333333335,0.019873935106716086,1.3420261076456967,-0.03830058501162914,-1.0866869175608733,1.0905382488938553,No,1.3235994577407837,S
2025.4166666666667,0.1359133427848149,1.3412540596934037,0.058018649844169046,-1.0866869175608733,1.0905382488938553,No,1.5351860523223877,S
2025.5,0.1476968689506768,1.3404820117411107,0.6619966907498631,-1.0866869175608733,1.0905382488938553,No,2.1501755714416504,S
2025.5833333333335,0.20508504934960323,1.3397099637888177,0.23520650797211395,-1.0866869175608733,1.0905382488938553,No,1.780001521110535,S
2025.6666666666667,0.12429380526571585,1.3389379158365244,-0.29219678896570467,-1.0866869175608733,1.0905382488938553,No,1.1710349321365356,S
2025.75,0.09221750928757139,1.3381658678842314,-0.09287732133989368,-1.0866869175608733,1.0905382488938553,No,1.3375060558319092,S
2025.8333333333335,0.02448276616111103,1.3373938199319384,-0.03580794633780049,-1.0866869175608733,1.0905382488938553,No,1.326068639755249,S
2025.9166666666667,-0.10891084541406636,1.3366217719796454,0.09835771318967002,-1.0866869175608733,1.0905382488938553,No,1.326068639755249,S
