x,seasonal,trend,remainder,remainder_l1,remainder_l2,anomaly,observed,Zone
1981.6666666666667,-0.07200463315657163,6.1033243181763455,-0.03131968501977411,-10.89961202022636,10.18885236417572,No,6,NW
1981.75,-0.05751395665525851,6.111938027991246,-0.05442407133598781,-10.89961202022636,10.18885236417572,No,6,NW
1981.8333333333335,0.24993742183176224,6.120551737806147,-0.3704891596379092,-10.89961202022636,10.18885236417572,No,6,NW
1981.9166666666667,0.24800526493903435,6.129165447621047,-0.3771707125600816,-10.89961202022636,10.18885236417572,No,6,NW
1982,0.2916918016449782,6.137779157435948,-0.42947095908092603,-10.89961202022636,10.18885236417572,No,6,NW
1982.0833333333335,0.107968265760363,6.1463928672508485,-0.2543611330112112,-10.89961202022636,10.18885236417572,No,6,NW
1982.1666666666667,-0.327834824569753,6.155006577065749,-0.027171752495996238,-10.89961202022636,10.18885236417572,No,5.8,NW
1982.25,-0.09368650153645283,6.16362028688065,-0.46993378534419694,-10.89961202022636,10.18885236417572,No,5.6,NW
1982.3333333333335,0.1904722194770003,6.17223399669555,-0.9627062161725499,-10.89961202022636,10.18885236417572,No,5.4,NW
1982.4166666666667,0.3135142241970437,6.180847706510451,-1.2943619307074945,-10.89961202022636,10.18885236417572,No,5.2,NW
1982.5,-0.03397289050207603,6.189461416325352,-1.1554885258232757,-10.89961202022636,10.18885236417572,No,5,NW
1982.5833333333335,-0.8165763965833193,6.198075126140252,-0.15530825336645648,-10.89961202022636,10.18885236417572,No,5.226190476190476,NW
1982.6666666666667,-0.07200463315657163,6.206688835955153,-0.682303250417629,-10.89961202022636,10.18885236417572,No,5.4523809523809526,NW
1982.75,-0.05751395665525851,6.2153025457700535,-0.4792171605433664,-10.89961202022636,10.18885236417572,No,5.678571428571429,NW
1982.8333333333335,0.24993742183176224,6.223916255584954,-0.5690917726548115,-10.89961202022636,10.18885236417572,No,5.904761904761905,NW
1982.9166666666667,0.24800526493903435,6.234074213507698,-0.3511270974943512,-10.89961202022636,10.18885236417572,No,6.130952380952381,NW
1983,0.2916918016449782,6.244232171430443,-0.17878111593256385,-10.89961202022636,10.18885236417572,No,6.357142857142858,NW
1983.0833333333335,0.107968265760363,6.254390129353188,0.22097493821978365,-10.89961202022636,10.18885236417572,No,6.583333333333334,NW
1983.1666666666667,-0.327834824569753,6.264548087275932,0.8728105468176306,-10.89961202022636,10.18885236417572,No,6.809523809523809,NW
1983.25,-0.09368650153645283,6.274706045198677,0.8546947420520619,-10.89961202022636,10.18885236417572,No,7.035714285714286,NW
1983.3333333333335,0.1904722194770003,6.284864003121421,0.7865685393063409,-10.89961202022636,10.18885236417572,No,7.261904761904762,NW
1983.4166666666667,0.3135142241970437,6.295021961044166,0.8795590528540282,-10.89961202022636,10.18885236417572,No,7.488095238095238,NW
1983.5,-0.03397289050207603,6.30517991896691,1.44307868582088,-10.89961202022636,10.18885236417572,No,7.714285714285714,NW
1983.5833333333335,-0.8165763965833193,6.315337876889655,2.001238519693664,-10.89961202022636,10.18885236417572,No,7.499999999999999,NW
1983.6666666666667,-0.07200463315657163,6.3254958348124,3.0260786908172905,-10.89961202022636,10.18885236417572,No,9.279569892473118,NW
1983.75,-0.05751395665525851,6.335653792735144,4.78099994886635,-10.89961202022636,10.18885236417572,No,11.059139784946236,NW
1983.8333333333335,0.24993742183176224,6.345811750657888,6.242960504929704,-10.89961202022636,10.18885236417572,No,12.838709677419354,NW
1983.9166666666667,0.24800526493903435,6.355969708580633,-1.6039749735196676,-10.89961202022636,10.18885236417572,No,5,NW
1984,0.2916918016449782,6.3661276665033775,-1.2649623252912123,-10.89961202022636,10.18885236417572,No,5.392857142857143,NW
1984.0833333333335,0.107968265760363,6.3795561712855555,-0.7018101513316326,-10.89961202022636,10.18885236417572,No,5.785714285714286,NW
1984.1666666666667,-0.327834824569753,6.392984676067734,0.11342157707344835,-10.89961202022636,10.18885236417572,No,6.178571428571429,NW
1984.25,-0.09368650153645283,6.406413180849912,0.25870189211511274,-10.89961202022636,10.18885236417572,No,6.571428571428571,NW
1984.3333333333335,0.1904722194770003,6.41984168563209,0.35397180917662485,-10.89961202022636,10.18885236417572,No,6.964285714285714,NW
1984.4166666666667,0.3135142241970437,6.433270190414268,0.6103584425315454,-10.89961202022636,10.18885236417572,No,7.357142857142857,NW
1984.5,-0.03397289050207603,6.446698695196446,1.3372741953056302,-10.89961202022636,10.18885236417572,No,7.75,NW
1984.5833333333335,-0.8165763965833193,6.460127199978623,1.9050603077158064,-10.89961202022636,10.18885236417572,No,7.54861111111111,NW
1984.6666666666667,-0.07200463315657163,6.473555704760801,0.9456711506179927,-10.89961202022636,10.18885236417572,No,7.347222222222222,NW
1984.75,-0.05751395665525851,6.486984209542979,0.7163630804456123,-10.89961202022636,10.18885236417572,No,7.145833333333333,NW
1984.8333333333335,0.24993742183176224,6.500412714325157,0.19409430828752505,-10.89961202022636,10.18885236417572,No,6.944444444444445,NW
1984.9166666666667,0.24800526493903435,6.513841219107335,-0.018790928490814096,-10.89961202022636,10.18885236417572,No,6.743055555555555,NW
1985,0.2916918016449782,6.527269723889513,-0.27729485886782523,-10.89961202022636,10.18885236417572,No,6.541666666666666,NW
1985.0833333333335,0.107968265760363,6.540698228671691,-0.30838871665427625,-10.89961202022636,10.18885236417572,No,6.340277777777778,NW
1985.1666666666667,-0.327834824569753,6.554126733453869,-0.08740301999522782,-10.89961202022636,10.18885236417572,No,6.138888888888888,NW
1985.25,-0.09368650153645283,6.571193427796908,-0.540006926260455,-10.89961202022636,10.18885236417572,No,5.9375,NW
1985.3333333333335,0.1904722194770003,6.588260122139948,-1.042621230505837,-10.89961202022636,10.18885236417572,No,5.736111111111111,NW
1985.4166666666667,0.3135142241970437,6.605326816482987,-1.3841188184578082,-10.89961202022636,10.18885236417572,No,5.534722222222222,NW
1985.5,-0.03397289050207603,6.622393510826027,-1.2550872869906176,-10.89961202022636,10.18885236417572,No,5.333333333333333,NW
1985.5833333333335,-0.8165763965833193,6.639460205169065,-0.3242843688098356,-10.89961202022636,10.18885236417572,No,5.49859943977591,NW
1985.6666666666667,-0.07200463315657163,6.656526899512105,-0.920656720137047,-10.89961202022636,10.18885236417572,No,5.663865546218487,NW
1985.75,-0.05751395665525851,6.673593593855144,-0.7869479845388216,-10.89961202022636,10.18885236417572,No,5.829131652661064,NW
1985.8333333333335,0.24993742183176224,6.690660288198183,-0.9461999509263039,-10.89961202022636,10.18885236417572,No,5.9943977591036415,NW
1985.9166666666667,0.24800526493903435,6.707726982541223,-0.7960683819340382,-10.89961202022636,10.18885236417572,No,6.159663865546219,NW
1986,0.2916918016449782,6.7247936768842616,-0.6915555065404444,-10.89961202022636,10.18885236417572,No,6.324929971988795,NW
1986.0833333333335,0.107968265760363,6.741860371227301,-0.3596325585562914,-10.89961202022636,10.18885236417572,No,6.490196078431373,NW
1986.1666666666667,-0.327834824569753,6.75892706557034,0.22436994387336284,-10.89961202022636,10.18885236417572,No,6.65546218487395,NW
1986.25,-0.09368650153645283,6.77599375991338,0.1384210329396005,-10.89961202022636,10.18885236417572,No,6.820728291316527,NW
1986.3333333333335,0.1904722194770003,6.793060454256419,0.002461724025685008,-10.89961202022636,10.18885236417572,No,6.985994397759104,NW
1986.4166666666667,0.3135142241970437,6.820250473701056,0.017495806303581496,-10.89961202022636,10.18885236417572,No,7.151260504201681,NW
1986.5,-0.03397289050207603,6.847440493145693,0.5030590080006405,-10.89961202022636,10.18885236417572,No,7.3165266106442575,NW
1986.5833333333335,-0.8165763965833193,6.874630512590331,1.4237386010798225,-10.89961202022636,10.18885236417572,No,7.481792717086834,NW
1986.6666666666667,-0.07200463315657163,6.901820532034968,0.8172429246510156,-10.89961202022636,10.18885236417572,No,7.647058823529412,NW
1986.75,-0.05751395665525851,6.929010551479605,0.5010524247834969,-10.89961202022636,10.18885236417572,No,7.372549019607844,NW
1986.8333333333335,0.24993742183176224,6.956200570924242,-0.10809877706972948,-10.89961202022636,10.18885236417572,No,7.098039215686275,NW
1986.9166666666667,0.24800526493903435,6.98339059036888,-0.4078664435432078,-10.89961202022636,10.18885236417572,No,6.8235294117647065,NW
1987,0.2916918016449782,7.010580609813517,-0.7532528036153581,-10.89961202022636,10.18885236417572,No,6.549019607843137,NW
1987.0833333333335,0.107968265760363,7.037770629258154,-0.8712290910969482,-10.89961202022636,10.18885236417572,No,6.2745098039215685,NW
1987.1666666666667,-0.327834824569753,7.064960648702791,-0.7371258241330381,-10.89961202022636,10.18885236417572,No,6,NW
1987.25,-0.09368650153645283,7.092150668147428,-1.131797499944308,-10.89961202022636,10.18885236417572,No,5.866666666666667,NW
1987.3333333333335,0.1904722194770003,7.119340687592066,-1.5764795737357327,-10.89961202022636,10.18885236417572,No,5.733333333333333,NW
1987.4166666666667,0.3135142241970437,7.146530707036703,-1.8600449312337473,-10.89961202022636,10.18885236417572,No,5.6,NW
1987.5,-0.03397289050207603,7.17372072648134,-1.6730811693125975,-10.89961202022636,10.18885236417572,No,5.466666666666667,NW
1987.5833333333335,-0.8165763965833193,7.237146437834187,-1.0872367079175342,-10.89961202022636,10.18885236417572,No,5.333333333333333,NW
1987.6666666666667,-0.07200463315657163,7.300572149187032,-2.028567516030461,-10.89961202022636,10.18885236417572,No,5.2,NW
1987.75,-0.05751395665525851,7.363997860539879,-2.1398172372179536,-10.89961202022636,10.18885236417572,No,5.166666666666667,NW
1987.8333333333335,0.24993742183176224,7.427423571892725,-2.544027660391154,-10.89961202022636,10.18885236417572,No,5.133333333333334,NW
1987.9166666666667,0.24800526493903435,7.490849283245572,-2.6388545481846064,-10.89961202022636,10.18885236417572,No,5.1,NW
1988,0.2916918016449782,7.554274994598417,-2.779300129576729,-10.89961202022636,10.18885236417572,No,5.066666666666666,NW
1988.0833333333335,0.107968265760363,7.617700705951264,-2.6923356383782933,-10.89961202022636,10.18885236417572,No,5.033333333333333,NW
1988.1666666666667,-0.327834824569753,7.68112641730411,-2.353291592734357,-10.89961202022636,10.18885236417572,No,5,NW
1988.25,-0.09368650153645283,7.744552128656956,-2.6508656271205027,-10.89961202022636,10.18885236417572,No,5,NW
1988.3333333333335,0.1904722194770003,7.807977840009802,-2.998450059486802,-10.89961202022636,10.18885236417572,No,5,NW
1988.4166666666667,0.3135142241970437,7.871403551362649,-3.1849177755596925,-10.89961202022636,10.18885236417572,No,5,NW
1988.5,-0.03397289050207603,7.934829262715495,-2.9008563722134193,-10.89961202022636,10.18885236417572,No,5,NW
1988.5833333333335,-0.8165763965833193,7.998254974068341,-0.9733452441516874,-10.89961202022636,10.18885236417572,No,6.208333333333334,NW
1988.6666666666667,-0.07200463315657163,8.061680685421187,-0.573009385597949,-10.89961202022636,10.18885236417572,No,7.416666666666667,NW
1988.75,-0.05751395665525851,8.10163847908591,0.5808754775693483,-10.89961202022636,10.18885236417572,No,8.625,NW
1988.8333333333335,0.24993742183176224,8.141596272750633,1.4417996387509397,-10.89961202022636,10.18885236417572,No,9.833333333333334,NW
1988.9166666666667,0.24800526493903435,8.181554066415355,-1.0128926646877225,-10.89961202022636,10.18885236417572,No,7.416666666666667,NW
1989,0.2916918016449782,8.221511860080078,-3.513203661725056,-10.89961202022636,10.18885236417572,No,5,NW
1989.0833333333335,0.107968265760363,8.2614696537448,-2.03610458617183,-10.89961202022636,10.18885236417572,No,6.333333333333333,NW
1989.1666666666667,-0.327834824569753,8.301427447409523,-1.97359262283977,-10.89961202022636,10.18885236417572,No,6,NW
1989.25,-0.09368650153645283,8.341385241074246,-0.8476987395377922,-10.89961202022636,10.18885236417572,No,7.4,NW
1989.3333333333335,0.1904722194770003,8.381343034738968,0.22818474578403247,-10.89961202022636,10.18885236417572,No,8.8,NW
1989.4166666666667,0.3135142241970437,8.421300828403691,-2.634815052600735,-10.89961202022636,10.18885236417572,No,6.1,NW
1989.5,-0.03397289050207603,8.461258622068414,23.572714268433664,-10.89961202022636,10.18885236417572,Yes,32,NW
1989.5833333333335,-0.8165763965833193,8.501216415733136,13.860814526304729,-10.89961202022636,10.18885236417572,Yes,21.545454545454547,NW
1989.6666666666667,-0.07200463315657163,8.541174209397859,5.303557696485987,-10.89961202022636,10.18885236417572,No,13.772727272727273,NW
1989.75,-0.05751395665525851,8.581132003062582,-2.5236180464073232,-10.89961202022636,10.18885236417572,No,6,NW
1989.8333333333335,0.24993742183176224,8.621089796727304,-0.3973430080327507,-10.89961202022636,10.18885236417572,No,8.473684210526315,NW
1989.9166666666667,0.24800526493903435,8.634816883265424,2.0645462728481725,-10.89961202022636,10.18885236417572,No,10.947368421052632,NW
1990,0.2916918016449782,8.648543969803546,4.530352463845594,-10.89961202022636,10.18885236417572,No,13.470588235294118,NW
1990.0833333333335,0.107968265760363,8.662271056341666,5.403673721376233,-10.89961202022636,10.18885236417572,No,14.173913043478262,NW
1990.1666666666667,-0.327834824569753,8.675998142879788,-0.15768712783384586,-10.89961202022636,10.18885236417572,No,8.19047619047619,NW
1990.25,-0.09368650153645283,8.689725229417908,0.13556300372027685,-10.89961202022636,10.18885236417572,No,8.731601731601732,NW
1990.3333333333335,0.1904722194770003,8.70345231595603,0.37880273729424196,-10.89961202022636,10.18885236417572,No,9.272727272727272,NW
1990.4166666666667,0.3135142241970437,8.71717940249415,3.1401527682931327,-10.89961202022636,10.18885236417572,No,12.170846394984327,NW
1990.5,-0.03397289050207603,8.73090648903227,6.372031918711187,-10.89961202022636,10.18885236417572,No,15.06896551724138,NW
1990.5833333333335,-0.8165763965833193,8.744633575570392,-0.8280571789870725,-10.89961202022636,10.18885236417572,No,7.1,NW
1990.6666666666667,-0.07200463315657163,8.758360662108512,-0.0722534648493749,-10.89961202022636,10.18885236417572,No,8.614102564102565,NW
1990.75,-0.05751395665525851,8.772087748646634,1.4136313362137525,-10.89961202022636,10.18885236417572,No,10.128205128205128,NW
1990.8333333333335,0.24993742183176224,8.785814835184754,2.6065554352911775,-10.89961202022636,10.18885236417572,No,11.642307692307693,NW
1990.9166666666667,0.24800526493903435,8.799541921722875,4.108863069748345,-10.89961202022636,10.18885236417572,No,13.156410256410256,NW
1991,0.2916918016449782,8.813269008260995,5.565552010606849,-10.89961202022636,10.18885236417572,No,14.670512820512823,NW
1991.0833333333335,0.107968265760363,8.824516748738171,7.25213037011685,-10.89961202022636,10.18885236417572,No,16.184615384615384,NW
1991.1666666666667,-0.327834824569753,8.835764489215348,9.190788284072356,-10.89961202022636,10.18885236417572,No,17.698717948717952,NW
1991.25,-0.09368650153645283,8.847012229692524,10.459494784664443,-10.89961202022636,10.18885236417572,Yes,19.212820512820514,NW
1991.3333333333335,0.1904722194770003,8.8582599701697,11.678190887276378,-10.89961202022636,10.18885236417572,Yes,20.72692307692308,NW
1991.4166666666667,0.3135142241970437,8.869507710646875,13.058003706181726,-10.89961202022636,10.18885236417572,Yes,22.241025641025644,NW
1991.5,-0.03397289050207603,8.880755451124053,14.90834564450623,-10.89961202022636,10.18885236417572,Yes,23.755128205128205,NW
1991.5833333333335,-0.8165763965833193,8.892003191601228,17.193803974212862,-10.89961202022636,10.18885236417572,Yes,25.26923076923077,NW
1991.6666666666667,-0.07200463315657163,8.903250932078404,8.418753701078167,-10.89961202022636,10.18885236417572,No,17.25,NW
1991.75,-0.05751395665525851,8.914498672555581,7.843695556208523,-10.89961202022636,10.18885236417572,No,16.700680272108844,NW
1991.8333333333335,0.24993742183176224,8.925746413032757,6.97567670935317,-10.89961202022636,10.18885236417572,No,16.151360544217688,NW
1991.9166666666667,0.24800526493903435,8.936994153509932,6.417041397877563,-10.89961202022636,10.18885236417572,No,15.60204081632653,NW
1992,0.2916918016449782,8.948241893987108,5.812787392803289,-10.89961202022636,10.18885236417572,No,15.052721088435375,NW
1992.0833333333335,0.107968265760363,8.959489634464285,5.435943460319571,-10.89961202022636,10.18885236417572,No,14.503401360544219,NW
1992.1666666666667,-0.327834824569753,8.97073737494146,5.3111790822813525,-10.89961202022636,10.18885236417572,No,13.954081632653061,NW
1992.25,-0.09368650153645283,8.960866814446561,4.537581591851797,-10.89961202022636,10.18885236417572,No,13.404761904761905,NW
1992.3333333333335,0.1904722194770003,8.950996253951663,3.713973703442086,-10.89961202022636,10.18885236417572,No,12.85544217687075,NW
1992.4166666666667,0.3135142241970437,8.941125693456764,3.051482531325785,-10.89961202022636,10.18885236417572,No,12.306122448979593,NW
1992.5,-0.03397289050207603,8.931255132961866,2.859520478628646,-10.89961202022636,10.18885236417572,No,11.756802721088436,NW
1992.5833333333335,-0.8165763965833193,8.921384572466966,3.1026748173136323,-10.89961202022636,10.18885236417572,No,11.20748299319728,NW
1992.6666666666667,-0.07200463315657163,8.911514011972068,1.8186538864906279,-10.89961202022636,10.18885236417572,No,10.658163265306124,NW
1992.75,-0.05751395665525851,8.901643451477169,1.2647140425930559,-10.89961202022636,10.18885236417572,No,10.108843537414966,NW
1992.8333333333335,0.24993742183176224,8.891772890982269,0.41781349670977974,-10.89961202022636,10.18885236417572,No,9.55952380952381,NW
1992.9166666666667,0.24800526493903435,8.881902330487371,-0.11970351379375188,-10.89961202022636,10.18885236417572,No,9.010204081632654,NW
1993,0.2916918016449782,8.872031769992471,-0.702839217895951,-10.89961202022636,10.18885236417572,No,8.460884353741498,NW
1993.0833333333335,0.107968265760363,8.862161209497573,-1.0585648494075954,-10.89961202022636,10.18885236417572,No,7.911564625850341,NW
1993.1666666666667,-0.327834824569753,8.852290649002674,-1.162210926473736,-10.89961202022636,10.18885236417572,No,7.362244897959185,NW
1993.25,-0.09368650153645283,8.842420088507776,-1.9358084169032947,-10.89961202022636,10.18885236417572,No,6.812925170068028,NW
1993.3333333333335,0.1904722194770003,8.832549528012876,-2.759416305313004,-10.89961202022636,10.18885236417572,No,6.263605442176872,NW
1993.4166666666667,0.3135142241970437,8.802013399302197,-3.4012419092135264,-10.89961202022636,10.18885236417572,No,5.714285714285714,NW
1993.5,-0.03397289050207603,8.771477270591518,-3.025724931467888,-10.89961202022636,10.18885236417572,No,5.711779448621554,NW
1993.5833333333335,-0.8165763965833193,8.740941141880839,-2.2150915623401257,-10.89961202022636,10.18885236417572,No,5.709273182957394,NW
1993.6666666666667,-0.07200463315657163,8.710405013170162,-2.931633462720357,-10.89961202022636,10.18885236417572,No,5.706766917293233,NW
1993.75,-0.05751395665525851,8.679868884459482,-2.918094276175151,-10.89961202022636,10.18885236417572,No,5.704260651629073,NW
1993.8333333333335,0.24993742183176224,8.649332755748803,-3.197515791615653,-10.89961202022636,10.18885236417572,No,5.701754385964913,NW
1993.9166666666667,0.24800526493903435,8.618796627038124,-3.167553771676407,-10.89961202022636,10.18885236417572,No,5.6992481203007515,NW
1994,0.2916918016449782,8.588260498327445,-3.183210445335832,-10.89961202022636,10.18885236417572,No,5.696741854636591,NW
1994.0833333333335,0.107968265760363,8.557724369616766,-2.971457046404698,-10.89961202022636,10.18885236417572,No,5.694235588972431,NW
1994.1666666666667,-0.327834824569753,8.527188240906087,-2.5076240930280633,-10.89961202022636,10.18885236417572,No,5.69172932330827,NW
1994.25,-0.09368650153645283,8.49665211219541,-2.7137425530148462,-10.89961202022636,10.18885236417572,No,5.68922305764411,NW
1994.3333333333335,0.1904722194770003,8.46611598348473,-2.9698714109817805,-10.89961202022636,10.18885236417572,No,5.68671679197995,NW
1994.4166666666667,0.3135142241970437,8.435579854774051,-3.0648835526553055,-10.89961202022636,10.18885236417572,No,5.684210526315789,NW
1994.5,-0.03397289050207603,8.405043726063372,-3.371070835561296,-10.89961202022636,10.18885236417572,No,5,NW
1994.5833333333335,-0.8165763965833193,8.385991450820782,-1.3694150542374626,-10.89961202022636,10.18885236417572,No,6.2,NW
1994.6666666666667,-0.07200463315657163,8.366939175578192,-0.8949345424216206,-10.89961202022636,10.18885236417572,No,7.4,NW
1994.75,-0.05751395665525851,8.347886900335604,0.3096270563196537,-10.89961202022636,10.18885236417572,No,8.6,NW
1994.8333333333335,0.24993742183176224,8.328834625093014,1.2212279530752248,-10.89961202022636,10.18885236417572,No,9.8,NW
1994.9166666666667,0.24800526493903435,8.309782349850424,2.4422123852105404,-10.89961202022636,10.18885236417572,No,11,NW
1995,0.2916918016449782,8.290730074607835,-3.5824218762528126,-10.89961202022636,10.18885236417572,No,5,NW
1995.0833333333335,0.107968265760363,8.271677799365246,-3.379646065125609,-10.89961202022636,10.18885236417572,No,5,NW
1995.1666666666667,-0.327834824569753,8.252625524122656,-2.9247906995529034,-10.89961202022636,10.18885236417572,No,5,NW
1995.25,-0.09368650153645283,8.233573248880067,-0.15075631256100586,-10.89961202022636,10.18885236417572,No,7.9891304347826075,NW
1995.3333333333335,0.1904722194770003,8.214520973637477,2.5732676764507403,-10.89961202022636,10.18885236417572,No,10.978260869565217,NW
1995.4166666666667,0.3135142241970437,8.195468698394887,5.458408381755893,-10.89961202022636,10.18885236417572,No,13.967391304347824,NW
1995.5,-0.03397289050207603,8.176416423152299,8.814078206480213,-10.89961202022636,10.18885236417572,No,16.956521739130434,NW
1995.5833333333335,-0.8165763965833193,8.157364147909709,-2.3407877513263893,-10.89961202022636,10.18885236417572,No,5,NW
1995.6666666666667,-0.07200463315657163,8.138311872667119,-2.53852946173277,-10.89961202022636,10.18885236417572,No,5.527777777777778,NW
1995.75,-0.05751395665525851,8.118866996072677,-2.0057974838618637,-10.89961202022636,10.18885236417572,No,6.055555555555555,NW
1995.8333333333335,0.24993742183176224,8.099422119478236,-1.7660262079766653,-10.89961202022636,10.18885236417572,No,6.583333333333333,NW
1995.9166666666667,0.24800526493903435,8.079977242883794,15.87891404390131,-10.89961202022636,10.18885236417572,Yes,24.20689655172414,NW
1996,0.2916918016449782,8.060532366289353,-1.967608783318946,-10.89961202022636,10.18885236417572,No,6.384615384615385,NW
1996.0833333333335,0.107968265760363,8.041087489694911,-0.14905575545527405,-10.89961202022636,10.18885236417572,No,8,NW
1996.1666666666667,-0.327834824569753,8.02164261310047,-1.1938077885307168,-10.89961202022636,10.18885236417572,No,6.5,NW
1996.25,-0.09368650153645283,8.002197736506028,-2.908511234969575,-10.89961202022636,10.18885236417572,No,5,NW
1996.3333333333335,0.1904722194770003,7.982752859911586,3.4358658297023235,-10.89961202022636,10.18885236417572,No,11.60909090909091,NW
1996.4166666666667,0.3135142241970437,7.9633079833171445,9.941359610667632,-10.89961202022636,10.18885236417572,No,18.21818181818182,NW
1996.5,-0.03397289050207603,7.943863106722703,16.917382511052104,-10.89961202022636,10.18885236417572,Yes,24.827272727272728,NW
1996.5833333333335,-0.8165763965833193,7.9244182301282615,24.3285218028187,-10.89961202022636,10.18885236417572,Yes,31.43636363636364,NW
1996.6666666666667,-0.07200463315657163,7.90497335353382,30.2124858250773,-10.89961202022636,10.18885236417572,Yes,38.04545454545455,NW
1996.75,-0.05751395665525851,7.8855284769393785,36.826530934261335,-10.89961202022636,10.18885236417572,Yes,44.654545454545456,NW
1996.8333333333335,0.24993742183176224,7.866083600344937,43.14761534145967,-10.89961202022636,10.18885236417572,Yes,51.263636363636365,NW
1996.9166666666667,0.24800526493903435,7.861484495127439,49.7632375126608,-10.89961202022636,10.18885236417572,Yes,57.872727272727275,NW
1997,0.2916918016449782,7.856885389909942,56.33324099026327,-10.89961202022636,10.18885236417572,Yes,64.48181818181818,NW
1997.0833333333335,0.107968265760363,7.852286284692445,63.130654540456284,-10.89961202022636,10.18885236417572,Yes,71.0909090909091,NW
1997.1666666666667,-0.327834824569753,7.847687179474947,50.10514764509481,-10.89961202022636,10.18885236417572,Yes,57.625,NW
1997.25,-0.09368650153645283,7.84308807425745,1.2505984272790034,-10.89961202022636,10.18885236417572,No,9,NW
1997.3333333333335,0.1904722194770003,7.838488969039952,5.304372144816382,-10.89961202022636,10.18885236417572,No,13.333333333333334,NW
1997.4166666666667,0.3135142241970437,7.833889863822455,-2.414070754686165,-10.89961202022636,10.18885236417572,No,5.733333333333333,NW
1997.5,-0.03397289050207603,7.829290758604958,-1.9286512014362147,-10.89961202022636,10.18885236417572,No,5.866666666666667,NW
1997.5833333333335,-0.8165763965833193,7.82469165338746,-1.0081152568041407,-10.89961202022636,10.18885236417572,No,6,NW
1997.6666666666667,-0.07200463315657163,7.820092548169963,-1.7480879150133912,-10.89961202022636,10.18885236417572,No,6,NW
1997.75,-0.05751395665525851,7.815493442952465,-1.1670703953881159,-10.89961202022636,10.18885236417572,No,6.590909090909091,NW
1997.8333333333335,0.24993742183176224,7.810894337734968,-2.203688902423874,-10.89961202022636,10.18885236417572,No,5.857142857142857,NW
1997.9166666666667,0.24800526493903435,7.806295232517471,-0.3270277701837765,-10.89961202022636,10.18885236417572,No,7.727272727272728,NW
1998,0.2916918016449782,7.801696127299973,2.7566120710550486,-10.89961202022636,10.18885236417572,No,10.85,NW
1998.0833333333335,0.107968265760363,7.80726060514103,7.153736646339988,-10.89961202022636,10.18885236417572,No,15.06896551724138,NW
1998.1666666666667,-0.327834824569753,7.812825082982087,10.991200217778136,-10.89961202022636,10.18885236417572,Yes,18.47619047619047,NW
1998.25,-0.09368650153645283,7.818389560823144,9.869741385157747,-10.89961202022636,10.18885236417572,No,17.594444444444438,NW
1998.3333333333335,0.1904722194770003,7.823954038664201,8.698272154557205,-10.89961202022636,10.18885236417572,No,16.71269841269841,NW
1998.4166666666667,0.3135142241970437,7.829518516505258,7.687919640250074,-10.89961202022636,10.18885236417572,No,15.830952380952377,NW
1998.5,-0.03397289050207603,7.835082994346315,7.148096245362106,-10.89961202022636,10.18885236417572,No,14.949206349206346,NW
1998.5833333333335,-0.8165763965833193,7.8406474721873725,7.043389241856261,-10.89961202022636,10.18885236417572,No,14.067460317460315,NW
1998.6666666666667,-0.07200463315657163,7.8462119500284295,5.411506968842424,-10.89961202022636,10.18885236417572,No,13.185714285714282,NW
1998.75,-0.05751395665525851,7.851776427869487,4.509705782754022,-10.89961202022636,10.18885236417572,No,12.30396825396825,NW
1998.8333333333335,0.24993742183176224,7.857340905710544,3.3149438946799155,-10.89961202022636,10.18885236417572,No,11.42222222222222,NW
1998.9166666666667,0.24800526493903435,7.862905383551601,2.4295655419855535,-10.89961202022636,10.18885236417572,No,10.54047619047619,NW
1999,0.2916918016449782,7.868469861392658,1.4985684956925223,-10.89961202022636,10.18885236417572,No,9.658730158730158,NW
1999.0833333333335,0.107968265760363,7.874034339233715,0.7949815219900493,-10.89961202022636,10.18885236417572,No,8.776984126984127,NW
1999.1666666666667,-0.327834824569753,7.879598817074772,0.3434741027330741,-10.89961202022636,10.18885236417572,No,7.895238095238093,NW
1999.25,-0.09368650153645283,7.880021095327748,-0.7728425302992319,-10.89961202022636,10.18885236417572,No,7.0134920634920626,NW
1999.3333333333335,0.1904722194770003,7.880443373580724,-1.9391695613116928,-10.89961202022636,10.18885236417572,No,6.131746031746031,NW
1999.4166666666667,0.3135142241970437,7.8808656518337,-2.9443798760307436,-10.89961202022636,10.18885236417572,No,5.25,NW
1999.5,-0.03397289050207603,7.881287930086676,1.9750533814680322,-10.89961202022636,10.18885236417572,No,9.822368421052632,NW
1999.5833333333335,-0.8165763965833193,7.881710208339652,7.32960303034893,-10.89961202022636,10.18885236417572,No,14.394736842105264,NW
1999.6666666666667,-0.07200463315657163,7.882132486592628,-1.4767945201027235,-10.89961202022636,10.18885236417572,No,6.333333333333333,NW
1999.75,-0.05751395665525851,7.882554764845604,-1.6333741415236789,-10.89961202022636,10.18885236417572,No,6.191666666666666,NW
1999.8333333333335,0.24993742183176224,7.88297704309858,-2.082914464930343,-10.89961202022636,10.18885236417572,No,6.05,NW
1999.9166666666667,0.24800526493903435,7.883399321351556,-2.223071252957257,-10.89961202022636,10.18885236417572,No,5.908333333333333,NW
2000,0.2916918016449782,7.883821599604532,-2.408846734582844,-10.89961202022636,10.18885236417572,No,5.766666666666667,NW
2000.0833333333335,0.107968265760363,7.884243877857508,-2.367212143617871,-10.89961202022636,10.18885236417572,No,5.625,NW
2000.1666666666667,-0.327834824569753,7.884666156110484,-2.0734979982073973,-10.89961202022636,10.18885236417572,No,5.483333333333333,NW
2000.25,-0.09368650153645283,7.88508843436346,-2.4497352661603404,-10.89961202022636,10.18885236417572,No,5.341666666666667,NW
2000.3333333333335,0.1904722194770003,7.885510712616436,-2.875982932093436,-10.89961202022636,10.18885236417572,No,5.2,NW
2000.4166666666667,0.3135142241970437,7.889712336233728,-0.20322656043077192,-10.89961202022636,10.18885236417572,No,8,NW
2000.5,-0.03397289050207603,7.89391395985102,-2.8599410693489444,-10.89961202022636,10.18885236417572,No,5,NW
2000.5833333333335,-0.8165763965833193,7.8981155834683126,-2.081539186884993,-10.89961202022636,10.18885236417572,No,5,NW
2000.6666666666667,-0.07200463315657163,7.902317207085605,-2.8303125739290333,-10.89961202022636,10.18885236417572,No,5,NW
2000.75,-0.05751395665525851,7.906518830702897,-2.8490048740476386,-10.89961202022636,10.18885236417572,No,5,NW
2000.8333333333335,0.24993742183176224,7.910720454320189,-3.1606578761519515,-10.89961202022636,10.18885236417572,No,5,NW
2000.9166666666667,0.24800526493903435,7.914922077937481,-3.1629273428765154,-10.89961202022636,10.18885236417572,No,5,NW
2001,0.2916918016449782,7.919123701554774,-3.2108155031997523,-10.89961202022636,10.18885236417572,No,5,NW
2001.0833333333335,0.107968265760363,7.923325325172066,-3.031293590932429,-10.89961202022636,10.18885236417572,No,5,NW
2001.1666666666667,-0.327834824569753,7.9275269487893585,-2.5996921242196054,-10.89961202022636,10.18885236417572,No,5,NW
2001.25,-0.09368650153645283,7.931728572406651,-2.6380420708701973,-10.89961202022636,10.18885236417572,No,5.2,NW
2001.3333333333335,0.1904722194770003,7.935930196023943,-2.7264024155009423,-10.89961202022636,10.18885236417572,No,5.4,NW
2001.4166666666667,0.3135142241970437,7.940131819641235,-2.653646043838279,-10.89961202022636,10.18885236417572,No,5.6,NW
2001.5,-0.03397289050207603,7.944333443258527,-2.1103605527564513,-10.89961202022636,10.18885236417572,No,5.8,NW
2001.5833333333335,-0.8165763965833193,7.966630787031652,-1.1500543904483322,-10.89961202022636,10.18885236417572,No,6,NW
2001.6666666666667,-0.07200463315657163,7.9889281308047755,-0.46692349764820396,-10.89961202022636,10.18885236417572,No,7.45,NW
2001.75,-0.05751395665525851,8.0112254745779,0.9462884820773585,-10.89961202022636,10.18885236417572,No,8.9,NW
2001.8333333333335,0.24993742183176224,8.033522818351024,2.066539759817214,-10.89961202022636,10.18885236417572,No,10.35,NW
2001.9166666666667,0.24800526493903435,8.05582016212415,3.496174572936816,-10.89961202022636,10.18885236417572,No,11.8,NW
2002,0.2916918016449782,8.078117505897273,4.880190692457749,-10.89961202022636,10.18885236417572,No,13.25,NW
2002.0833333333335,0.107968265760363,8.100414849670399,2.4582835512359047,-10.89961202022636,10.18885236417572,No,10.666666666666666,NW
2002.1666666666667,-0.327834824569753,8.122712193443522,0.5801226311262297,-10.89961202022636,10.18885236417572,No,8.375,NW
2002.25,-0.09368650153645283,8.145009537216646,0.761176964319807,-10.89961202022636,10.18885236417572,No,8.8125,NW
2002.3333333333335,0.1904722194770003,8.167306880989772,0.8922208995332284,-10.89961202022636,10.18885236417572,No,9.25,NW
2002.4166666666667,0.3135142241970437,8.189604224762896,1.18438155104006,-10.89961202022636,10.18885236417572,No,9.6875,NW
2002.5,-0.03397289050207603,8.21190156853602,1.9470713219660567,-10.89961202022636,10.18885236417572,No,10.125,NW
2002.5833333333335,-0.8165763965833193,8.234198912309145,3.144877484274174,-10.89961202022636,10.18885236417572,No,10.5625,NW
2002.6666666666667,-0.07200463315657163,8.256496256082269,2.8155083770743037,-10.89961202022636,10.18885236417572,No,11,NW
2002.75,-0.05751395665525851,8.278169340634596,-1.420655383979338,-10.89961202022636,10.18885236417572,No,6.8,NW
2002.8333333333335,0.24993742183176224,8.299842425186924,-2.109779847018687,-10.89961202022636,10.18885236417572,No,6.4399999999999995,NW
2002.9166666666667,0.24800526493903435,8.321515509739251,-2.4895207746782857,-10.89961202022636,10.18885236417572,No,6.08,NW
2003,0.2916918016449782,8.3431885942915809,-2.9148803959365592,-10.89961202022636,10.18885236417572,No,5.72,NW
2003.0833333333335,0.107968265760363,8.364861678843909,-3.112829944604271,-10.89961202022636,10.18885236417572,No,5.36,NW
2003.1666666666667,-0.327834824569753,8.386534763396236,-3.058699938826483,-10.89961202022636,10.18885236417572,No,5,NW
2003.25,-0.09368650153645283,8.408207847948564,-2.754521346412111,-10.89961202022636,10.18885236417572,No,5.56,NW
2003.3333333333335,0.1904722194770003,8.429880932500891,-2.500353151977891,-10.89961202022636,10.18885236417572,No,6.12,NW
2003.4166666666667,0.3135142241970437,8.451554017053219,-2.085068241250263,-10.89961202022636,10.18885236417572,No,6.68,NW
2003.5,-0.03397289050207603,8.473227101605547,-1.1992542111034705,-10.89961202022636,10.18885236417572,No,7.24,NW
2003.5833333333335,-0.8165763965833193,8.494900186157876,0.12167621042544319,-10.89961202022636,10.18885236417572,No,7.8,NW
2003.6666666666667,-0.07200463315657163,8.516573270710204,0.7459075529225583,-10.89961202022636,10.18885236417572,No,9.19047619047619,NW
2003.75,-0.05751395665525851,8.538246355262531,0.9916100737351989,-10.89961202022636,10.18885236417572,No,9.472342472342472,NW
2003.8333333333335,0.24993742183176224,8.559919439814859,0.9443518925621337,-10.89961202022636,10.18885236417572,No,9.754208754208754,NW
2003.9166666666667,0.24800526493903435,8.568915300786536,1.2191544703494657,-10.89961202022636,10.18885236417572,No,10.036075036075037,NW
2004,0.2916918016449782,8.577911161758212,1.4483383545381283,-10.89961202022636,10.18885236417572,No,10.317941317941319,NW
2004.0833333333335,0.107968265760363,8.58690702272989,1.9049323113173475,-10.89961202022636,10.18885236417572,No,10.5998075998076,NW
2004.1666666666667,-0.327834824569753,8.595902883701566,2.613605822542068,-10.89961202022636,10.18885236417572,No,10.881673881673882,NW
2004.25,-0.09368650153645283,8.604898744673243,2.6523279204033745,-10.89961202022636,10.18885236417572,No,11.163540163540164,NW
2004.3333333333335,0.1904722194770003,8.61389460564492,2.641039620284527,-10.89961202022636,10.18885236417572,No,11.445406445406446,NW
2004.4166666666667,0.3135142241970437,8.622890466616596,2.790868036459088,-10.89961202022636,10.18885236417572,No,11.727272727272728,NW
2004.5,-0.03397289050207603,8.631886327588271,19.40208656291381,-10.89961202022636,10.18885236417572,Yes,28,NW
2004.5833333333335,-0.8165763965833193,8.640882188559948,16.461408493737657,-10.89961202022636,10.18885236417572,Yes,24.28571428571429,NW
2004.6666666666667,-0.07200463315657163,8.649878049531624,13.564983726482088,-10.89961202022636,10.18885236417572,Yes,22.142857142857142,NW
2004.75,-0.05751395665525851,8.658873910503301,11.398640046151959,-10.89961202022636,10.18885236417572,Yes,20,NW
2004.8333333333335,0.24993742183176224,8.667869771474978,8.939335663836117,-10.89961202022636,10.18885236417572,No,17.857142857142858,NW
2004.9166666666667,0.24800526493903435,8.676865632446654,6.789414816900024,-10.89961202022636,10.18885236417572,No,15.714285714285714,NW
2005,0.2916918016449782,8.685861493418331,4.593875276365262,-10.89961202022636,10.18885236417572,No,13.571428571428571,NW
2005.0833333333335,0.107968265760363,8.688955163923614,2.631647998887452,-10.89961202022636,10.18885236417572,No,11.428571428571429,NW
2005.1666666666667,-0.327834824569753,8.692048834428897,0.9215002758551396,-10.89961202022636,10.18885236417572,No,9.285714285714285,NW
2005.25,-0.09368650153645283,8.69514250493418,-1.458598860540583,-10.89961202022636,10.18885236417572,No,7.142857142857144,NW
2005.3333333333335,0.1904722194770003,8.698236175439463,-3.8887083949164634,-10.89961202022636,10.18885236417572,No,5,NW
2005.4166666666667,0.3135142241970437,8.701329845944747,-2.9037329590306795,-10.89961202022636,10.18885236417572,No,6.111111111111111,NW
2005.5,-0.03397289050207603,8.70442351645003,-2.820450625947954,-10.89961202022636,10.18885236417572,No,5.85,NW
2005.5833333333335,-0.8165763965833193,8.707517186955311,-2.0337979332291347,-10.89961202022636,10.18885236417572,No,5.857142857142857,NW
2005.6666666666667,-0.07200463315657163,8.710610857460594,-0.7263746650136405,-10.89961202022636,10.18885236417572,No,7.912231559290382,NW
2005.75,-0.05751395665525851,8.713704527965877,1.311129690127288,-10.89961202022636,10.18885236417572,No,9.967320261437907,NW
2005.8333333333335,0.24993742183176224,8.71679819847116,3.0556733432825105,-10.89961202022636,10.18885236417572,No,12.022408963585432,NW
2005.9166666666667,0.24800526493903435,8.719891868976443,5.109600531817479,-10.89961202022636,10.18885236417572,No,14.077497665732958,NW
2006,0.2916918016449782,8.722985539481726,7.117909026753781,-10.89961202022636,10.18885236417572,No,16.132586367880485,NW
2006.0833333333335,0.107968265760363,8.72607920998701,9.353627594280638,-10.89961202022636,10.18885236417572,No,18.18767507002801,NW
2006.1666666666667,-0.327834824569753,8.729172880492293,11.841425716252996,-10.89961202022636,10.18885236417572,Yes,20.242763772175536,NW
2006.25,-0.09368650153645283,8.721983424827862,13.66955555103165,-10.89961202022636,10.18885236417572,Yes,22.297852474323058,NW
2006.3333333333335,0.1904722194770003,8.71479396916343,15.447674987830155,-10.89961202022636,10.18885236417572,Yes,24.352941176470587,NW
2006.4166666666667,0.3135142241970437,8.707604513499,6.3999338938829045,-10.89961202022636,10.18885236417572,No,15.421052631578949,NW
2006.5,-0.03397289050207603,8.700415057834569,10.688396542344929,-10.89961202022636,10.18885236417572,Yes,19.35483870967742,NW
2006.5833333333335,-0.8165763965833193,8.693225602170138,8.634103482585225,-10.89961202022636,10.18885236417572,No,16.510752688172044,NW
2006.6666666666667,-0.07200463315657163,8.686036146505707,5.0526351533175315,-10.89961202022636,10.18885236417572,No,13.666666666666666,NW
2006.75,-0.05751395665525851,8.678846690841276,41.18422282136954,-10.89961202022636,10.18885236417572,Yes,49.80555555555556,NW
2006.8333333333335,0.24993742183176224,8.671657235176847,30.078405342991395,-10.89961202022636,10.18885236417572,Yes,39,NW
2006.9166666666667,0.24800526493903435,8.664467779512416,-0.68170381368222,-10.89961202022636,10.18885236417572,No,8.23076923076923,NW
2007,0.2916918016449782,8.657278323847985,7.8157357568599775,-10.89961202022636,10.18885236417572,No,16.764705882352942,NW
2007.0833333333335,0.107968265760363,8.650088868183554,-3.0080571339439164,-10.89961202022636,10.18885236417572,No,5.75,NW
2007.1666666666667,-0.327834824569753,8.642899412519123,-1.1571698511072643,-10.89961202022636,10.18885236417572,No,7.157894736842105,NW
2007.25,-0.09368650153645283,8.635709956854692,-1.5486024026866598,-10.89961202022636,10.18885236417572,No,6.993421052631579,NW
2007.3333333333335,0.1904722194770003,8.62852050119026,-1.9900453522462076,-10.89961202022636,10.18885236417572,No,6.828947368421053,NW
2007.4166666666667,0.3135142241970437,8.606483713459811,-2.2555242534463282,-10.89961202022636,10.18885236417572,No,6.6644736842105265,NW
2007.5,-0.03397289050207603,8.584446925729361,-2.0504740352272854,-10.89961202022636,10.18885236417572,No,6.5,NW
2007.5833333333335,-0.8165763965833193,8.562410137998912,-2.7458337414155922,-10.89961202022636,10.18885236417572,No,5,NW
2007.6666666666667,-0.07200463315657163,8.540373350268462,-3.4683687171118907,-10.89961202022636,10.18885236417572,No,5,NW
2007.75,-0.05751395665525851,8.518336562538012,-3.460822605882754,-10.89961202022636,10.18885236417572,No,5,NW
2007.8333333333335,0.24993742183176224,8.496299774807563,-3.746237196639325,-10.89961202022636,10.18885236417572,No,5,NW
2007.9166666666667,0.24800526493903435,8.474262987077111,-3.7222682520161454,-10.89961202022636,10.18885236417572,No,5,NW
2008,0.2916918016449782,8.452226199346661,-3.7439180009916395,-10.89961202022636,10.18885236417572,No,5,NW
2008.0833333333335,0.107968265760363,8.430189411616212,0.9520384010547982,-10.89961202022636,10.18885236417572,No,9.490196078431373,NW
2008.1666666666667,-0.327834824569753,8.408152623885762,-0.8352197601003226,-10.89961202022636,10.18885236417572,No,7.245098039215686,NW
2008.25,-0.09368650153645283,8.386115836155312,-3.292429334618859,-10.89961202022636,10.18885236417572,No,5,NW
2008.3333333333335,0.1904722194770003,8.364079048424863,-3.0962179345685295,-10.89961202022636,10.18885236417572,No,5.458333333333333,NW
2008.4166666666667,0.3135142241970437,8.342042260694413,-2.7388898182247896,-10.89961202022636,10.18885236417572,No,5.916666666666667,NW
2008.5,-0.03397289050207603,8.320005472963963,-1.9110325824618872,-10.89961202022636,10.18885236417572,No,6.375,NW
2008.5833333333335,-0.8165763965833193,8.302873453882192,-0.5487970572988727,-10.89961202022636,10.18885236417572,No,6.9375,NW
2008.6666666666667,-0.07200463315657163,8.285741434800423,-0.7137368016438517,-10.89961202022636,10.18885236417572,No,7.5,NW
2008.75,-0.05751395665525851,8.268609415718652,0.5092110543465687,-10.89961202022636,10.18885236417572,No,8.720306513409962,NW
2008.8333333333335,0.24993742183176224,8.251477396636881,1.4391982083512804,-10.89961202022636,10.18885236417572,No,9.940613026819923,NW
2008.9166666666667,0.24800526493903435,8.234345377555112,2.6785688977357385,-10.89961202022636,10.18885236417572,No,11.160919540229886,NW
2009,0.2916918016449782,8.2172133584733409,3.872320893521527,-10.89961202022636,10.18885236417572,No,12.381226053639846,NW
2009.0833333333335,0.107968265760363,8.200081339391572,5.293482961897874,-10.89961202022636,10.18885236417572,No,13.601532567049809,NW
2009.1666666666667,-0.327834824569753,8.1829493203098,6.966724584719721,-10.89961202022636,10.18885236417572,No,14.82183908045977,NW
2009.25,-0.09368650153645283,8.16581730122803,7.970014794178153,-10.89961202022636,10.18885236417572,No,16.04214559386973,NW
2009.3333333333335,0.1904722194770003,8.14868528214626,8.92329460565643,-10.89961202022636,10.18885236417572,No,17.262452107279692,NW
2009.4166666666667,0.3135142241970437,8.13155326306449,10.037691133428122,-10.89961202022636,10.18885236417572,No,18.482758620689655,NW
2009.5,-0.03397289050207603,8.114421243982719,-3.0804483534806426,-10.89961202022636,10.18885236417572,No,5,NW
2009.5833333333335,-0.8165763965833193,8.09728922490095,-0.523137070741873,-10.89961202022636,10.18885236417572,No,6.757575757575757,NW
2009.6666666666667,-0.07200463315657163,8.080157205819178,0.5069989424889076,-10.89961202022636,10.18885236417572,No,8.515151515151514,NW
2009.75,-0.05751395665525851,8.082595463117663,2.247645766264867,-10.89961202022636,10.18885236417572,No,10.272727272727272,NW
2009.8333333333335,0.24993742183176224,8.085033720416147,-3.33497114224791,-10.89961202022636,10.18885236417572,No,5,NW
2009.9166666666667,0.24800526493903435,8.08747197771463,-3.3354772426536643,-10.89961202022636,10.18885236417572,No,5,NW
2010,0.2916918016449782,8.089910235013114,-1.489935369991426,-10.89961202022636,10.18885236417572,No,6.891666666666667,NW
2010.0833333333335,0.107968265760363,8.092348492311599,0.5830165752613716,-10.89961202022636,10.18885236417572,No,8.783333333333333,NW
2010.1666666666667,-0.327834824569753,8.094786749610083,2.9080480749596695,-10.89961202022636,10.18885236417572,No,10.675,NW
2010.25,-0.09368650153645283,8.097225006908566,4.563128161294554,-10.89961202022636,10.18885236417572,No,12.566666666666666,NW
2010.3333333333335,0.1904722194770003,8.09966326420705,-1.4901354836840506,-10.89961202022636,10.18885236417572,No,6.8,NW
2010.4166666666667,0.3135142241970437,8.102101521505535,-2.2156157457025785,-10.89961202022636,10.18885236417572,No,6.2,NW
2010.5,-0.03397289050207603,8.10453977880402,-1.8455668883019438,-10.89961202022636,10.18885236417572,No,6.225,NW
2010.5833333333335,-0.8165763965833193,8.106978036102504,-1.0404016395191844,-10.89961202022636,10.18885236417572,No,6.25,NW
2010.6666666666667,-0.07200463315657163,8.109416293400987,-1.2874116602444152,-10.89961202022636,10.18885236417572,No,6.75,NW
2010.75,-0.05751395665525851,8.111854550699471,-1.0473961495997681,-10.89961202022636,10.18885236417572,No,7.006944444444445,NW
2010.8333333333335,0.24993742183176224,8.114292807997955,-1.1003413409408287,-10.89961202022636,10.18885236417572,No,7.263888888888889,NW
2010.9166666666667,0.24800526493903435,8.119618022578805,-0.8467899541845068,-10.89961202022636,10.18885236417572,No,7.520833333333333,NW
2011,0.2916918016449782,8.124943237159655,-0.6388572610268559,-10.89961202022636,10.18885236417572,No,7.777777777777778,NW
2011.0833333333335,0.107968265760363,8.130268451740507,-1.6826811619453146,-10.89961202022636,10.18885236417572,No,6.555555555555555,NW
2011.1666666666667,-0.327834824569753,8.135593666321357,8.388386282964946,-10.89961202022636,10.18885236417572,No,16.19614512471655,NW
2011.25,-0.09368650153645283,8.140918880902207,17.7895023145118,-10.89961202022636,10.18885236417572,Yes,25.836734693877553,NW
2011.3333333333335,0.1904722194770003,8.146244095483057,-0.33671631496005716,-10.89961202022636,10.18885236417572,No,8,NW
2011.4166666666667,0.3135142241970437,8.151569310063909,-0.7150835342609527,-10.89961202022636,10.18885236417572,No,7.75,NW
2011.5,-0.03397289050207603,8.156894524644759,-0.6229216341426831,-10.89961202022636,10.18885236417572,No,7.5,NW
2011.5833333333335,-0.8165763965833193,8.162219739225609,-0.09564334264229046,-10.89961202022636,10.18885236417572,No,7.249999999999999,NW
2011.6666666666667,-0.07200463315657163,8.167544953806459,-1.0955403206498877,-10.89961202022636,10.18885236417572,No,7,NW
2011.75,-0.05751395665525851,8.172870168387309,-2.569901666277505,-10.89961202022636,10.18885236417572,No,5.545454545454546,NW
2011.8333333333335,0.24993742183176224,8.17819538296816,-2.991769168436287,-10.89961202022636,10.18885236417572,No,5.4363636363636365,NW
2011.9166666666667,0.24800526493903435,8.18352059754901,-3.104253135215318,-10.89961202022636,10.18885236417572,No,5.327272727272727,NW
2012,0.2916918016449782,8.18884581212986,-3.2623557955930202,-10.89961202022636,10.18885236417572,No,5.218181818181819,NW
2012.0833333333335,0.107968265760363,8.182977796445162,-3.181855153114615,-10.89961202022636,10.18885236417572,No,5.109090909090909,NW
2012.1666666666667,-0.327834824569753,8.177109780760464,-2.849274956190711,-10.89961202022636,10.18885236417572,No,5,NW
2012.25,-0.09368650153645283,8.171241765075766,-0.006126692110742127,-10.89961202022636,10.18885236417572,No,8.071428571428571,NW
2012.3333333333335,0.1904722194770003,8.165373749391067,2.7870111739890753,-10.89961202022636,10.18885236417572,No,11.142857142857142,NW
2012.4166666666667,0.3135142241970437,8.159505733706368,-0.04444852933198362,-10.89961202022636,10.18885236417572,No,8.428571428571429,NW
2012.5,-0.03397289050207603,8.15363771802167,3.5773795074557757,-10.89961202022636,10.18885236417572,No,11.69704433497537,NW
2012.5833333333335,-0.8165763965833193,8.147769702336973,7.634323935625655,-10.89961202022636,10.18885236417572,No,14.96551724137931,NW
2012.6666666666667,-0.07200463315657163,8.141901686652274,-1.0698970534957022,-10.89961202022636,10.18885236417572,No,7,NW
2012.75,-0.05751395665525851,8.136033670967574,-0.07851971431231597,-10.89961202022636,10.18885236417572,No,8,NW
2012.8333333333335,0.24993742183176224,8.130165655282877,0.3720336750221147,-10.89961202022636,10.18885236417572,No,8.752136752136753,NW
2012.9166666666667,0.24800526493903435,8.12429763959818,1.1319705997362899,-10.89961202022636,10.18885236417572,No,9.504273504273504,NW
2013,0.2916918016449782,8.11842962391348,1.8462888308517993,-10.89961202022636,10.18885236417572,No,10.256410256410257,NW
2013.0833333333335,0.107968265760363,8.11256160822878,2.7880171345578653,-10.89961202022636,10.18885236417572,No,11.008547008547009,NW
2013.1666666666667,-0.327834824569753,8.106693592544083,3.9818249927094307,-10.89961202022636,10.18885236417572,No,11.760683760683762,NW
2013.25,-0.09368650153645283,8.109390960684454,4.497116053672512,-10.89961202022636,10.18885236417572,No,12.512820512820513,NW
2013.3333333333335,0.1904722194770003,8.112088328824825,4.962396716655441,-10.89961202022636,10.18885236417572,No,13.264957264957266,NW
2013.4166666666667,0.3135142241970437,8.114785696965196,5.588794095931776,-10.89961202022636,10.18885236417572,No,14.017094017094017,NW
2013.5,-0.03397289050207603,8.117483065105567,6.685720594627279,-10.89961202022636,10.18885236417572,No,14.76923076923077,NW
2013.5833333333335,-0.8165763965833193,8.120180433245938,-1.3036040366626187,-10.89961202022636,10.18885236417572,No,6,NW
2013.6666666666667,-0.07200463315657163,8.12287780138631,1.6550091847114388,-10.89961202022636,10.18885236417572,No,9.705882352941176,NW
2013.75,-0.05751395665525851,8.125575169526682,5.343703493010928,-10.89961202022636,10.18885236417572,No,13.411764705882351,NW
2013.8333333333335,0.24993742183176224,8.128272537667053,-1.7115432928321486,-10.89961202022636,10.18885236417572,No,6.666666666666667,NW
2013.9166666666667,0.24800526493903435,8.130969905807424,-1.959927551698839,-10.89961202022636,10.18885236417572,No,6.419047619047619,NW
2014,0.2916918016449782,8.133667273947795,-2.2539305041642015,-10.89961202022636,10.18885236417572,No,6.171428571428572,NW
2014.0833333333335,0.107968265760363,8.136364642088166,-2.3205233840390047,-10.89961202022636,10.18885236417572,No,5.923809523809524,NW
2014.1666666666667,-0.327834824569753,8.139062010228537,-2.1350367094683076,-10.89961202022636,10.18885236417572,No,5.6761904761904765,NW
2014.25,-0.09368650153645283,8.141759378368908,-2.619501448261026,-10.89961202022636,10.18885236417572,No,5.428571428571429,NW
2014.3333333333335,0.1904722194770003,8.14445674650928,-1.1920718231291358,-10.89961202022636,10.18885236417572,No,7.142857142857143,NW
2014.4166666666667,0.3135142241970437,8.158436216962068,3.264891664104045,-10.89961202022636,10.18885236417572,No,11.736842105263158,NW
2014.5,-0.03397289050207603,8.172415687414858,0.8878729925609026,-10.89961202022636,10.18885236417572,No,9.026315789473685,NW
2014.5833333333335,-0.8165763965833193,8.186395157867647,-1.054029287600117,-10.89961202022636,10.18885236417572,No,6.315789473684211,NW
2014.6666666666667,-0.07200463315657163,8.200374628320436,48.3543886255258,-10.89961202022636,10.18885236417572,Yes,56.48275862068966,NW
2014.75,-0.05751395665525851,8.214354098773224,9.593159857882036,-10.89961202022636,10.18885236417572,No,17.75,NW
2014.8333333333335,0.24993742183176224,8.228333569226015,1.0931575803707947,-10.89961202022636,10.18885236417572,No,9.571428571428571,NW
2014.9166666666667,0.24800526493903435,8.242313039678804,0.4994776137495087,-10.89961202022636,10.18885236417572,No,8.989795918367347,NW
2015,0.2916918016449782,8.256292510131592,-0.13982104647044835,-10.89961202022636,10.18885236417572,No,8.408163265306122,NW
2015.0833333333335,0.107968265760363,8.270271980584383,-0.5517096340998471,-10.89961202022636,10.18885236417572,No,7.826530612244898,NW
2015.1666666666667,-0.327834824569753,8.284251451037171,-0.7115186672837446,-10.89961202022636,10.18885236417572,No,7.244897959183674,NW
2015.25,-0.09368650153645283,8.29823092148996,-1.5412791138310578,-10.89961202022636,10.18885236417572,No,6.663265306122449,NW
2015.3333333333335,0.1904722194770003,8.312210391942749,-2.421049958358524,-10.89961202022636,10.18885236417572,No,6.081632653061225,NW
2015.4166666666667,0.3135142241970437,8.32618986239554,-3.139704086592583,-10.89961202022636,10.18885236417572,No,5.5,NW
2015.5,-0.03397289050207603,8.340169332848328,-1.6698328059826153,-10.89961202022636,10.18885236417572,No,6.636363636363637,NW
2015.5833333333335,-0.8165763965833193,8.34630430539698,-2.029727908813661,-10.89961202022636,10.18885236417572,No,5.5,NW
2015.6666666666667,-0.07200463315657163,8.352439277945633,-3.0304346447890618,-10.89961202022636,10.18885236417572,No,5.25,NW
2015.75,-0.05751395665525851,8.358574250494286,-3.3010602938390274,-10.89961202022636,10.18885236417572,No,5,NW
2015.8333333333335,0.24993742183176224,8.36470922304294,9.730180941332193,-10.89961202022636,10.18885236417572,No,18.344827586206897,NW
2015.9166666666667,0.24800526493903435,8.370844195591593,23.18115053946937,-10.89961202022636,10.18885236417572,Yes,31.8,NW
2016,0.2916918016449782,8.376979168140245,3.8513290302147762,-10.89961202022636,10.18885236417572,No,12.52,NW
2016.0833333333335,0.107968265760363,8.383114140688898,-0.6339395493064037,-10.89961202022636,10.18885236417572,No,7.857142857142857,NW
2016.1666666666667,-0.327834824569753,8.38924911323755,-0.03062611132789783,-10.89961202022636,10.18885236417572,No,8.0307881773399,NW
2016.25,-0.09368650153645283,8.395384085786203,-0.09726408671280495,-10.89961202022636,10.18885236417572,No,8.204433497536945,NW
2016.3333333333335,0.1904722194770003,8.401519058334856,-0.21391246007786613,-10.89961202022636,10.18885236417572,No,8.37807881773399,NW
2016.4166666666667,0.3135142241970437,8.40765403088351,-0.16944411714952068,-10.89961202022636,10.18885236417572,No,8.551724137931034,NW
2016.5,-0.03397289050207603,8.413789003432163,-0.2533793313208914,-10.89961202022636,10.18885236417572,No,8.126436781609195,NW
2016.5833333333335,-0.8165763965833193,8.419923975980815,0.09780184588985996,-10.89961202022636,10.18885236417572,No,7.701149425287356,NW
2016.6666666666667,-0.07200463315657163,8.426058948529468,-1.0781922464073794,-10.89961202022636,10.18885236417572,No,7.275862068965517,NW
2016.75,-0.05751395665525851,8.437116348537653,-1.529027679238717,-10.89961202022636,10.18885236417572,No,6.850574712643678,NW
2016.8333333333335,0.24993742183176224,8.448173748545837,-2.2728238140557613,-10.89961202022636,10.18885236417572,No,6.425287356321839,NW
2016.9166666666667,0.24800526493903435,8.459231148554023,-2.7072364134930575,-10.89961202022636,10.18885236417572,No,6,NW
2017,0.2916918016449782,8.470288548562207,-3.0953136835405184,-10.89961202022636,10.18885236417572,No,5.666666666666667,NW
2017.0833333333335,0.107968265760363,8.481345948570393,-3.2559808809974227,-10.89961202022636,10.18885236417572,No,5.333333333333333,NW
2017.1666666666667,-0.327834824569753,8.492403348578577,-3.164568524008824,-10.89961202022636,10.18885236417572,No,5,NW
2017.25,-0.09368650153645283,8.503460748586763,-0.9097742470503096,-10.89961202022636,10.18885236417572,No,7.5,NW
2017.3333333333335,0.1904722194770003,8.514518148594949,-1.0799903680719485,-10.89961202022636,10.18885236417572,No,7.625,NW
2017.4166666666667,0.3135142241970437,8.525575548603133,-1.8390897728001763,-10.89961202022636,10.18885236417572,No,7,NW
2017.5,-0.03397289050207603,8.536632948611318,-1.0411215965707807,-10.89961202022636,10.18885236417572,No,7.461538461538462,NW
2017.5833333333335,-0.8165763965833193,8.547690348619502,0.19196297104073956,-10.89961202022636,10.18885236417572,No,7.9230769230769225,NW
2017.6666666666667,-0.07200463315657163,8.558747748627688,-0.1021277308557309,-10.89961202022636,10.18885236417572,No,8.384615384615385,NW
2017.75,-0.05751395665525851,8.569805148635872,0.3338626541732328,-10.89961202022636,10.18885236417572,No,8.846153846153847,NW
2017.8333333333335,0.24993742183176224,8.580862548644058,0.4768923372164888,-10.89961202022636,10.18885236417572,No,9.307692307692308,NW
2017.9166666666667,0.24800526493903435,8.613620037613106,0.9076054666786284,-10.89961202022636,10.18885236417572,No,9.76923076923077,NW
2018,0.2916918016449782,8.646377526582153,1.2926999025420987,-10.89961202022636,10.18885236417572,No,10.23076923076923,NW
2018.0833333333335,0.107968265760363,8.679135015551202,1.905204410996129,-10.89961202022636,10.18885236417572,No,10.692307692307693,NW
2018.1666666666667,-0.327834824569753,8.71189250452025,2.7697884738956553,-10.89961202022636,10.18885236417572,No,11.153846153846153,NW
2018.25,-0.09368650153645283,8.744649993489297,2.9644211234317712,-10.89961202022636,10.18885236417572,No,11.615384615384615,NW
2018.3333333333335,0.1904722194770003,8.777407482458345,3.1090433749877313,-10.89961202022636,10.18885236417572,No,12.076923076923077,NW
2018.4166666666667,0.3135142241970437,8.810164971427394,3.4147823428371,-10.89961202022636,10.18885236417572,No,12.538461538461538,NW
2018.5,-0.03397289050207603,8.84292246039644,4.191050430105635,-10.89961202022636,10.18885236417572,No,13,NW
2018.5833333333335,-0.8165763965833193,8.87567994936549,4.367979780551163,-10.89961202022636,10.18885236417572,No,12.427083333333334,NW
2018.6666666666667,-0.07200463315657163,8.908437438334536,3.0177338614887024,-10.89961202022636,10.18885236417572,No,11.854166666666666,NW
2018.75,-0.05751395665525851,8.941194927303584,2.397569029351674,-10.89961202022636,10.18885236417572,No,11.28125,NW
2018.8333333333335,0.24993742183176224,8.973952416272633,1.4844434952289394,-10.89961202022636,10.18885236417572,No,10.708333333333334,NW
2018.9166666666667,0.24800526493903435,9.00670990524168,0.8807014964859512,-10.89961202022636,10.18885236417572,No,10.135416666666666,NW
2019,0.2916918016449782,9.039467394210728,0.2313408041442937,-10.89961202022636,10.18885236417572,No,9.5625,NW
2019.0833333333335,0.107968265760363,9.072792605301684,-0.19117753772871282,-10.89961202022636,10.18885236417572,No,8.989583333333334,NW
2019.1666666666667,-0.327834824569753,9.106117816392638,-0.3616163251562199,-10.89961202022636,10.18885236417572,No,8.416666666666666,NW
2019.25,-0.09368650153645283,9.139443027483594,-1.2020065259471409,-10.89961202022636,10.18885236417572,No,7.84375,NW
2019.3333333333335,0.1904722194770003,9.172768238574548,-2.092407124718215,-10.89961202022636,10.18885236417572,No,7.270833333333333,NW
2019.4166666666667,0.3135142241970437,9.206093449665504,-2.8216910071958807,-10.89961202022636,10.18885236417572,No,6.697916666666667,NW
2019.5,-0.03397289050207603,9.239418660756458,-3.080445770254382,-10.89961202022636,10.18885236417572,No,6.125,NW
2019.5833333333335,-0.8165763965833193,9.272743871847414,-2.0918817609783806,-10.89961202022636,10.18885236417572,No,6.364285714285714,NW
2019.6666666666667,-0.07200463315657163,9.30606908293837,-2.63049302121037,-10.89961202022636,10.18885236417572,No,6.603571428571429,NW
2019.75,-0.05751395665525851,9.339394294029324,-2.439023194516923,-10.89961202022636,10.18885236417572,No,6.8428571428571425,NW
2019.8333333333335,0.24993742183176224,9.37271950512028,-2.540514069809185,-10.89961202022636,10.18885236417572,No,7.082142857142857,NW
2019.9166666666667,0.24800526493903435,9.406044716211234,-2.332621409721697,-10.89961202022636,10.18885236417572,No,7.321428571428571,NW
2020,0.2916918016449782,9.43936992730219,-2.170347443232883,-10.89961202022636,10.18885236417572,No,7.560714285714285,NW
2020.0833333333335,0.107968265760363,9.472695138393144,-1.7806634041535068,-10.89961202022636,10.18885236417572,No,7.8,NW
2020.1666666666667,-0.327834824569753,9.5060203494841,-3.9781855249143465,-10.89961202022636,10.18885236417572,No,5.2,NW
2020.25,-0.09368650153645283,9.493445670497453,2.3028049336031042,-10.89961202022636,10.18885236417572,No,11.702564102564104,NW
2020.3333333333335,0.1904722194770003,9.480870991510805,8.533784994140397,-10.89961202022636,10.18885236417572,No,18.205128205128204,NW
2020.4166666666667,0.3135142241970437,9.468296312524156,5.198078854932897,-10.89961202022636,10.18885236417572,No,14.979889391654098,NW
2020.5,-0.03397289050207603,9.45572163353751,2.3329018351445576,-10.89961202022636,10.18885236417572,No,11.75465057817999,NW
2020.5833333333335,-0.8165763965833193,9.443146954550862,-0.0971587932616611,-10.89961202022636,10.18885236417572,No,8.529411764705882,NW
2020.6666666666667,-0.07200463315657163,9.430572275564215,-3.3585676424076434,-10.89961202022636,10.18885236417572,No,6,NW
2020.75,-0.05751395665525851,9.417997596577568,-2.6938169732556423,-10.89961202022636,10.18885236417572,No,6.666666666666667,NW
2020.8333333333335,0.24993742183176224,9.405422917590919,-2.322027006089348,-10.89961202022636,10.18885236417572,No,7.333333333333333,NW
2020.9166666666667,0.24800526493903435,9.392848238604271,-1.6408535035433056,-10.89961202022636,10.18885236417572,No,8,NW
2021,0.2916918016449782,9.380273559617624,-0.7856017248989655,-10.89961202022636,10.18885236417572,No,8.886363636363637,NW
2021.0833333333335,0.107968265760363,9.367698880630977,0.29706012633593204,-10.89961202022636,10.18885236417572,No,9.772727272727272,NW
2021.1666666666667,-0.327834824569753,9.355124201644328,1.6318015320163308,-10.89961202022636,10.18885236417572,No,10.659090909090907,NW
2021.25,-0.09368650153645283,9.34254952265768,2.2965915243333157,-10.89961202022636,10.18885236417572,No,11.545454545454543,NW
2021.3333333333335,0.1904722194770003,9.329974843671033,-4.520447063148033,-10.89961202022636,10.18885236417572,No,5,NW
2021.4166666666667,0.3135142241970437,9.307595207151904,0.37889056865105175,-10.89961202022636,10.18885236417572,No,10,NW
2021.5,-0.03397289050207603,9.285215570632776,5.7487573198693,-10.89961202022636,10.18885236417572,No,15,NW
2021.5833333333335,-0.8165763965833193,9.262835934113646,11.553740462469673,-10.89961202022636,10.18885236417572,Yes,20,NW
2021.6666666666667,-0.07200463315657163,9.240456297594518,5.938691192704912,-10.89961202022636,10.18885236417572,No,15.107142857142858,NW
2021.75,-0.05751395665525851,9.218076661075388,5.443635964294668,-10.89961202022636,10.18885236417572,No,14.604198668714798,NW
2021.8333333333335,0.24993742183176224,9.19569702455626,4.6556200338987175,-10.89961202022636,10.18885236417572,No,14.10125448028674,NW
2021.9166666666667,0.24800526493903435,9.17331738803713,4.176987638882514,-10.89961202022636,10.18885236417572,No,13.59831029185868,NW
2022,0.2916918016449782,9.150937751518,3.6527365502676403,-10.89961202022636,10.18885236417572,No,13.095366103430619,NW
2022.0833333333335,0.107968265760363,9.128558114998873,3.3558955342433254,-10.89961202022636,10.18885236417572,No,12.59242191500256,NW
2022.1666666666667,-0.327834824569753,9.106178478479743,3.31113407266451,-10.89961202022636,10.18885236417572,No,12.0894777265745,NW
2022.25,-0.09368650153645283,9.083798841960615,2.596421197722279,-10.89961202022636,10.18885236417572,No,11.58653353814644,NW
2022.3333333333335,0.1904722194770003,9.061419205441485,1.8316979247998972,-10.89961202022636,10.18885236417572,No,11.083589349718382,NW
2022.4166666666667,0.3135142241970437,9.039039568922357,1.2280913681709205,-10.89961202022636,10.18885236417572,No,10.580645161290322,NW
2022.5,-0.03397289050207603,9.016659932403227,1.1284240692099594,-10.89961202022636,10.18885236417572,No,10.11111111111111,NW
2022.5833333333335,-0.8165763965833193,8.995966068613699,-3.029389672030379,-10.89961202022636,10.18885236417572,No,5.15,NW
2022.6666666666667,-0.07200463315657163,8.97527220482417,3.284232428332402,-10.89961202022636,10.18885236417572,No,12.1875,NW
2022.75,-0.05751395665525851,8.954578341034642,83.35293561562061,-10.89961202022636,10.18885236417572,Yes,92.25,NW
2022.8333333333335,0.24993742183176224,8.933884477245114,22.250960709618774,-10.89961202022636,10.18885236417572,Yes,31.434782608695652,NW
2022.9166666666667,0.24800526493903435,8.913190613455585,38.25985675318433,-10.89961202022636,10.18885236417572,Yes,47.421052631578945,NW
2023,0.2916918016449782,8.892496749666057,-2.184188551311035,-10.89961202022636,10.18885236417572,No,7,NW
2023.0833333333335,0.107968265760363,8.871802885876527,-3.1226282944940325,-10.89961202022636,10.18885236417572,No,5.857142857142857,NW
2023.1666666666667,-0.327834824569753,8.851109022086998,31.276725802482755,-10.89961202022636,10.18885236417572,Yes,39.8,NW
2023.25,-0.09368650153645283,8.83041515829747,12.12993800990565,-10.89961202022636,10.18885236417572,Yes,20.866666666666667,NW
2023.3333333333335,0.1904722194770003,8.809721294507941,20.499806486015057,-10.89961202022636,10.18885236417572,Yes,29.5,NW
2023.4166666666667,0.3135142241970437,8.789027430718413,7.0826435302697295,-10.89961202022636,10.18885236417572,No,16.185185185185187,NW
2023.5,-0.03397289050207603,8.768333566928884,-0.7343606764268085,-10.89961202022636,10.18885236417572,No,8,NW
2023.5833333333335,-0.8165763965833193,8.747639703139356,27.304230811091024,-10.89961202022636,10.18885236417572,Yes,35.23529411764706,NW
2023.6666666666667,-0.07200463315657163,8.726945839349828,53.81564702910086,-10.89961202022636,10.18885236417572,Yes,62.47058823529411,NW
2023.75,-0.05751395665525851,8.704130341400896,30.94582059004427,-10.89961202022636,10.18885236417572,Yes,39.59243697478991,NW
2023.8333333333335,0.24993742183176224,8.681314843451965,7.783033449001987,-10.89961202022636,10.18885236417572,No,16.714285714285715,NW
2023.9166666666667,0.24800526493903435,8.658499345503033,6.655995389557932,-10.89961202022636,10.18885236417572,No,15.5625,NW
2024,0.2916918016449782,8.6356838475541,32.13929101746759,-10.89961202022636,10.18885236417572,Yes,41.06666666666667,NW
2024.0833333333335,0.107968265760363,8.612868349605169,18.27916338463447,-10.89961202022636,10.18885236417572,Yes,27,NW
2024.1666666666667,-0.327834824569753,8.590052851656237,-0.2622180270864849,-10.89961202022636,10.18885236417572,No,7.999999999999999,NW
2024.25,-0.09368650153645283,8.567237353707306,-0.22355085217085247,-10.89961202022636,10.18885236417572,No,8.25,NW
2024.3333333333335,0.1904722194770003,8.544421855758374,-0.4624581777994763,-10.89961202022636,10.18885236417572,No,8.272435897435898,NW
2024.4166666666667,0.3135142241970437,8.521606357809443,-0.5402487871346908,-10.89961202022636,10.18885236417572,No,8.294871794871796,NW
2024.5,-0.03397289050207603,8.498790859860511,-0.14751027705074193,-10.89961202022636,10.18885236417572,No,8.317307692307693,NW
2024.5833333333335,-0.8165763965833193,8.475975361911578,0.68034462441533,-10.89961202022636,10.18885236417572,No,8.33974358974359,NW
2024.6666666666667,-0.07200463315657163,8.453159863962647,-0.01897574362658716,-10.89961202022636,10.18885236417572,No,8.362179487179487,NW
2024.75,-0.05751395665525851,8.430344366013715,0.01178497525692812,-10.89961202022636,10.18885236417572,No,8.384615384615385,NW
2024.8333333333335,0.24993742183176224,8.407528868064784,15.44967656724631,-10.89961202022636,10.18885236417572,Yes,24.107142857142858,NW
2024.9166666666667,0.24800526493903435,8.38048874528522,-0.05706543879568393,-10.89961202022636,10.18885236417572,No,8.571428571428571,NW
2025,0.2916918016449782,8.353448622505656,-0.9633222423324526,-10.89961202022636,10.18885236417572,No,7.681818181818182,NW
2025.0833333333335,0.107968265760363,8.326408499726092,1.065623234513545,-10.89961202022636,10.18885236417572,No,9.5,NW
2025.1666666666667,-0.327834824569753,8.299368376946527,-0.8538864935532446,-10.89961202022636,10.18885236417572,No,7.117647058823529,NW
2025.25,-0.09368650153645283,8.272328254166963,-1.613424361326162,-10.89961202022636,10.18885236417572,No,6.565217391304348,NW
2025.3333333333335,0.1904722194770003,8.2452881313874,2.930906315802268,-10.89961202022636,10.18885236417572,No,11.366666666666667,NW
2025.4166666666667,0.3135142241970437,8.218248008607835,-3.031762232804879,-10.89961202022636,10.18885236417572,No,5.5,NW
2025.5,-0.03397289050207603,8.191207885828272,-2.757234995326195,-10.89961202022636,10.18885236417572,No,5.4,NW
2025.5833333333335,-0.8165763965833193,8.164167763048708,-2.0475913664653884,-10.89961202022636,10.18885236417572,No,5.3,NW
2025.6666666666667,-0.07200463315657163,8.137127640269142,-2.8651230071125706,-10.89961202022636,10.18885236417572,No,5.2,NW
2025.75,-0.05751395665525851,8.110087517489578,-2.9525735608343204,-10.89961202022636,10.18885236417572,No,5.1,NW
2025.8333333333335,0.24993742183176224,8.083047394710015,-3.332984816541777,-10.89961202022636,10.18885236417572,No,5,NW
2025.9166666666667,0.24800526493903435,8.05600727193045,-3.304012536869485,-10.89961202022636,10.18885236417572,No,5,NW
1981.6666666666667,0.8866653685169514,6.781074354106978,-2.2927397226239288,-11.813163528204129,11.306986023746482,No,5.375,SW
1981.75,0.05710249898129997,6.803957160947028,-1.486059659928328,-11.813163528204129,11.306986023746482,No,5.375,SW
1981.8333333333335,0.031558008488963264,6.826839967787077,-1.4833979762760396,-11.813163528204129,11.306986023746482,No,5.375,SW
1981.9166666666667,-0.016923533510387796,6.849722774627127,-1.2669510268310242,-11.813163528204129,11.306986023746482,No,5.565848214285714,SW
1982,-0.11244515436680284,6.872605581467177,-1.0034639985289449,-11.813163528204129,11.306986023746482,No,5.756696428571429,SW
1982.0833333333335,-0.22142493446106917,6.895488388307226,-0.7265188109890133,-11.813163528204129,11.306986023746482,No,5.947544642857143,SW
1982.1666666666667,-0.33892427082740967,6.918371195147276,-0.44105406717700824,-11.813163528204129,11.306986023746482,No,6.138392857142858,SW
1982.25,0.08032952050676553,6.941254001987326,-0.6923424510655201,-11.813163528204129,11.306986023746482,No,6.329241071428571,SW
1982.3333333333335,-0.11401723074030505,6.964136808827375,-0.3300302923727845,-11.813163528204129,11.306986023746482,No,6.520089285714286,SW
1982.4166666666667,0.3318037722185329,6.987019615667425,-0.6078858878859572,-11.813163528204129,11.306986023746482,No,6.7109375,SW
1982.5,-0.6273414877584174,7.009902422507474,0.5192247795366578,-11.813163528204129,11.306986023746482,No,6.901785714285714,SW
1982.5833333333335,0.04361745129780222,7.032785229347524,0.016231247926103087,-11.813163528204129,11.306986023746482,No,7.092633928571429,SW
1982.6666666666667,0.8866653685169514,7.055668036187574,-0.6588512618473823,-11.813163528204129,11.306986023746482,No,7.283482142857142,SW
1982.75,0.05710249898129997,7.078550843027623,0.33867701513393467,-11.813163528204129,11.306986023746482,No,7.474330357142858,SW
1982.8333333333335,0.031558008488963264,7.101433649867673,0.5321869130719357,-11.813163528204129,11.306986023746482,No,7.665178571428571,SW
1982.9166666666667,-0.016923533510387796,7.12679704747708,0.7461532717475938,-11.813163528204129,11.306986023746482,No,7.856026785714286,SW
1983,-0.11244515436680284,7.152160445086488,1.007159709280315,-11.813163528204129,11.306986023746482,No,8.046875,SW
1983.0833333333335,-0.22142493446106917,7.177523842695895,1.2816243060508894,-11.813163528204129,11.306986023746482,No,8.237723214285715,SW
1983.1666666666667,-0.33892427082740967,7.202887240305302,1.5646084590935354,-11.813163528204129,11.306986023746482,No,8.428571428571429,SW
1983.25,0.08032952050676553,7.22825063791471,0.700348413007096,-11.813163528204129,11.306986023746482,No,8.008928571428571,SW
1983.3333333333335,-0.11401723074030505,7.253614035524118,0.44968890950190143,-11.813163528204129,11.306986023746482,No,7.589285714285714,SW
1983.4166666666667,0.3318037722185329,7.278977433133525,-0.4411383482091997,-11.813163528204129,11.306986023746482,No,7.169642857142858,SW
1983.5,-0.6273414877584174,7.304340830742932,0.07300065701548508,-11.813163528204129,11.306986023746482,No,6.75,SW
1983.5833333333335,0.04361745129780222,7.32970422835234,3.611053320349858,-11.813163528204129,11.306986023746482,No,10.984375,SW
1983.6666666666667,0.8866653685169514,7.355067625961747,6.977017005521302,-11.813163528204129,11.306986023746482,No,15.21875,SW
1983.75,0.05710249898129997,7.3804310235711545,12.015591477447543,-11.813163528204129,11.306986023746482,Yes,19.453125,SW
1983.8333333333335,0.031558008488963264,7.405794421180562,16.250147570330473,-11.813163528204129,11.306986023746482,Yes,23.6875,SW
1983.9166666666667,-0.016923533510387796,7.43115781878997,15.338890714720417,-11.813163528204129,11.306986023746482,Yes,22.753125,SW
1984,-0.11244515436680284,7.456521216399377,14.474673937967427,-11.813163528204129,11.306986023746482,Yes,21.81875,SW
1984.0833333333335,-0.22142493446106917,7.486603065885608,13.619196868575461,-11.813163528204129,11.306986023746482,Yes,20.884375,SW
1984.1666666666667,-0.33892427082740967,7.5166849153718385,12.77223935545557,-11.813163528204129,11.306986023746482,Yes,19.95,SW
1984.25,0.08032952050676553,7.546766764858069,11.388528714635164,-11.813163528204129,11.306986023746482,Yes,19.015625,SW
1984.3333333333335,-0.11401723074030505,7.576848614344301,10.618418616396006,-11.813163528204129,11.306986023746482,No,18.08125,SW
1984.4166666666667,0.3318037722185329,7.6069304638305315,9.208140763950938,-11.813163528204129,11.306986023746482,No,17.146875,SW
1984.5,-0.6273414877584174,7.637012313316762,9.202829174441653,-11.813163528204129,11.306986023746482,No,16.2125,SW
1984.5833333333335,0.04361745129780222,7.667094162802993,7.567413385899204,-11.813163528204129,11.306986023746482,No,15.278125,SW
1984.6666666666667,0.8866653685169514,7.697176012289224,5.759908619193825,-11.813163528204129,11.306986023746482,No,14.34375,SW
1984.75,0.05710249898129997,7.727257861775454,5.625014639243245,-11.813163528204129,11.306986023746482,No,13.409374999999999,SW
1984.8333333333335,0.031558008488963264,7.757339711261685,4.686102280249352,-11.813163528204129,11.306986023746482,No,12.475,SW
1984.9166666666667,-0.016923533510387796,7.787421560747917,3.7701269727624718,-11.813163528204129,11.306986023746482,No,11.540625,SW
1985,-0.11244515436680284,7.817503410234147,2.9011917441326567,-11.813163528204129,11.306986023746482,No,10.606250000000001,SW
1985.0833333333335,-0.22142493446106917,7.847585259720378,2.045714674740691,-11.813163528204129,11.306986023746482,No,9.671875,SW
1985.1666666666667,-0.33892427082740967,7.877667109206609,1.198757161620799,-11.813163528204129,11.306986023746482,No,8.737499999999999,SW
1985.25,0.08032952050676553,7.910154741919696,-0.18735926242646084,-11.813163528204129,11.306986023746482,No,7.8031250000000005,SW
1985.3333333333335,-0.11401723074030505,7.942642374632783,-0.9598751438924786,-11.813163528204129,11.306986023746482,No,6.8687499999999995,SW
1985.4166666666667,0.3318037722185329,7.97513000734587,-2.372558779564401,-11.813163528204129,11.306986023746482,No,5.934375000000001,SW
1985.5,-0.6273414877584174,8.007617640058957,-2.3802761523005396,-11.813163528204129,11.306986023746482,No,5,SW
1985.5833333333335,0.04361745129780222,8.040105272772044,-3.0837227240698457,-11.813163528204129,11.306986023746482,No,5,SW
1985.6666666666667,0.8866653685169514,8.07259290548513,-3.9592582740020816,-11.813163528204129,11.306986023746482,No,5,SW
1985.75,0.05710249898129997,8.105080538198218,-3.162183037179518,-11.813163528204129,11.306986023746482,No,5,SW
1985.8333333333335,0.031558008488963264,8.137568170911306,-3.1236716339457233,-11.813163528204129,11.306986023746482,No,5.045454545454546,SW
1985.9166666666667,-0.016923533510387796,8.170055803624393,-3.0622231792049144,-11.813163528204129,11.306986023746482,No,5.090909090909091,SW
1986,-0.11244515436680284,8.20254343633748,-2.9537346456070406,-11.813163528204129,11.306986023746482,No,5.136363636363637,SW
1986.0833333333335,-0.22142493446106917,8.235031069050567,-2.8317879527713163,-11.813163528204129,11.306986023746482,No,5.181818181818182,SW
1986.1666666666667,-0.33892427082740967,8.267518701763654,-2.701321703663517,-11.813163528204129,11.306986023746482,No,5.2272727272727275,SW
1986.25,0.08032952050676553,8.300006334476741,-3.1076085822562343,-11.813163528204129,11.306986023746482,No,5.2727272727272725,SW
1986.3333333333335,-0.11401723074030505,8.332493967189828,-2.900294918267705,-11.813163528204129,11.306986023746482,No,5.318181818181818,SW
1986.4166666666667,0.3318037722185329,8.35703073020222,-3.3251981387843896,-11.813163528204129,11.306986023746482,No,5.363636363636363,SW
1986.5,-0.6273414877584174,8.381567493214613,-2.3451350963652864,-11.813163528204129,11.306986023746482,No,5.409090909090909,SW
1986.5833333333335,0.04361745129780222,8.406104256227005,-2.995176252979353,-11.813163528204129,11.306986023746482,No,5.454545454545454,SW
1986.6666666666667,0.8866653685169514,8.430641019239397,-3.8173063877563482,-11.813163528204129,11.306986023746482,No,5.5,SW
1986.75,0.05710249898129997,8.45517778225179,-2.5122802812330898,-11.813163528204129,11.306986023746482,No,6,SW
1986.8333333333335,0.031558008488963264,8.479714545264182,-2.711272553753145,-11.813163528204129,11.306986023746482,No,5.8,SW
1986.9166666666667,-0.016923533510387796,8.504251308276576,-2.887327774766188,-11.813163528204129,11.306986023746482,No,5.6,SW
1987,-0.11244515436680284,8.528788071288968,-3.0163429169221647,-11.813163528204129,11.306986023746482,No,5.4,SW
1987.0833333333335,-0.22142493446106917,8.55332483430136,-3.131899899840291,-11.813163528204129,11.306986023746482,No,5.2,SW
1987.1666666666667,-0.33892427082740967,8.577861597313753,-3.238937326486343,-11.813163528204129,11.306986023746482,No,5,SW
1987.25,0.08032952050676553,8.602398360326145,-3.6827278808329105,-11.813163528204129,11.306986023746482,No,5,SW
1987.3333333333335,-0.11401723074030505,8.626935123338537,-3.5129178925982325,-11.813163528204129,11.306986023746482,No,5,SW
1987.4166666666667,0.3318037722185329,8.65147188635093,-3.8721645474583513,-11.813163528204129,11.306986023746482,No,5.111111111111111,SW
1987.5,-0.6273414877584174,8.676008649363322,-2.8264449393826823,-11.813163528204129,11.306986023746482,No,5.222222222222222,SW
1987.5833333333335,0.04361745129780222,8.726348047172996,-3.436632165137465,-11.813163528204129,11.306986023746482,No,5.333333333333333,SW
1987.6666666666667,0.8866653685169514,8.77668744498267,2.9730108228640155,-11.813163528204129,11.306986023746482,No,12.636363636363637,SW
1987.75,0.05710249898129997,8.827026842792346,3.696575667502792,-11.813163528204129,11.306986023746482,No,12.580705009276437,SW
1987.8333333333335,0.031558008488963264,8.87736624060202,3.6161221330982567,-11.813163528204129,11.306986023746482,No,12.52504638218924,SW
1987.9166666666667,-0.016923533510387796,8.927705638411695,3.558605650200734,-11.813163528204129,11.306986023746482,No,12.46938775510204,SW
1988,-0.11244515436680284,8.978045036221369,3.5481292461602774,-11.813163528204129,11.306986023746482,No,12.413729128014843,SW
1988.0833333333335,-0.22142493446106917,9.028384434031045,3.5511110013576683,-11.813163528204129,11.306986023746482,No,12.358070500927644,SW
1988.1666666666667,-0.33892427082740967,9.078723831840719,3.5626123128271363,-11.813163528204129,11.306986023746482,No,12.302411873840446,SW
1988.25,0.08032952050676553,9.129063229650393,3.0373604965960883,-11.813163528204129,11.306986023746482,No,12.246753246753247,SW
1988.3333333333335,-0.11401723074030505,9.179402627460068,3.125709222946286,-11.813163528204129,11.306986023746482,No,12.191094619666048,SW
1988.4166666666667,0.3318037722185329,9.229742025269742,2.5738901950905753,-11.813163528204129,11.306986023746482,No,12.13543599257885,SW
1988.5,-0.6273414877584174,9.280081423079418,3.4270374301706514,-11.813163528204129,11.306986023746482,No,12.079777365491651,SW
1988.5833333333335,0.04361745129780222,9.330420820889092,2.6500804662175597,-11.813163528204129,11.306986023746482,No,12.024118738404454,SW
1988.6666666666667,0.8866653685169514,9.380760218698766,1.7010345241015372,-11.813163528204129,11.306986023746482,No,11.968460111317254,SW
1988.75,0.05710249898129997,9.42965107781723,2.4260479074315278,-11.813163528204129,11.306986023746482,No,11.912801484230057,SW
1988.8333333333335,0.031558008488963264,9.478541936935693,2.3470429117182015,-11.813163528204129,11.306986023746482,No,11.857142857142858,SW
1988.9166666666667,-0.016923533510387796,9.527432796054157,0.28314153110702556,-11.813163528204129,11.306986023746482,No,9.793650793650794,SW
1989,-0.11244515436680284,9.57632365517262,-1.7337197706470864,-11.813163528204129,11.306986023746482,No,7.730158730158731,SW
1989.0833333333335,-0.22142493446106917,9.625214514291084,-3.737122913163348,-11.813163528204129,11.306986023746482,No,5.666666666666667,SW
1989.1666666666667,-0.33892427082740967,9.674105373409548,-3.55740332480436,-11.813163528204129,11.306986023746482,No,5.777777777777778,SW
1989.25,0.08032952050676553,9.722996232528011,-3.9144368641458875,-11.813163528204129,11.306986023746482,No,5.888888888888889,SW
1989.3333333333335,-0.11401723074030505,9.771887091646477,-3.657869860906172,-11.813163528204129,11.306986023746482,No,6,SW
1989.4166666666667,0.3318037722185329,9.82077795076494,8.770495200093452,-11.813163528204129,11.306986023746482,No,18.923076923076923,SW
1989.5,-0.6273414877584174,9.869668809883404,22.603826524028857,-11.813163528204129,11.306986023746482,Yes,31.846153846153843,SW
1989.5833333333335,0.04361745129780222,9.918559669001867,7.287822879700331,-11.813163528204129,11.306986023746482,No,17.25,SW
1989.6666666666667,0.8866653685169514,9.967450528120331,2.270884103362718,-11.813163528204129,11.306986023746482,No,13.125,SW
1989.75,0.05710249898129997,10.016341387238795,-1.073443886220094,-11.813163528204129,11.306986023746482,No,9,SW
1989.8333333333335,0.031558008488963264,10.065232246357258,-1.8967902548462217,-11.813163528204129,11.306986023746482,No,8.2,SW
1989.9166666666667,-0.016923533510387796,10.090003255162978,-2.6730797216525897,-11.813163528204129,11.306986023746482,No,7.4,SW
1990,-0.11244515436680284,10.114774263968698,2.997670890398105,-11.813163528204129,11.306986023746482,No,13,SW
1990.0833333333335,-0.22142493446106917,10.13954527277442,-0.4736758938689061,-11.813163528204129,11.306986023746482,No,9.444444444444445,SW
1990.1666666666667,-0.33892427082740967,10.16431628158014,-4.492058677419397,-11.813163528204129,11.306986023746482,No,5.333333333333333,SW
1990.25,0.08032952050676553,10.18908729038586,-0.9360834775592934,-11.813163528204129,11.306986023746482,No,9.333333333333332,SW
1990.3333333333335,-0.11401723074030505,10.21385829919158,3.2334922648820594,-11.813163528204129,11.306986023746482,No,13.333333333333334,SW
1990.4166666666667,0.3318037722185329,10.238629307997302,2.739090729307975,-11.813163528204129,11.306986023746482,No,13.30952380952381,SW
1990.5,-0.6273414877584174,10.263400316803022,3.6496554566696826,-11.813163528204129,11.306986023746482,No,13.285714285714286,SW
1990.5833333333335,0.04361745129780222,10.288171325608742,-3.8702503153680823,-11.813163528204129,11.306986023746482,No,6.461538461538462,SW
1990.6666666666667,0.8866653685169514,10.312942334414462,-4.108698612022323,-11.813163528204129,11.306986023746482,No,7.09090909090909,SW
1990.75,0.05710249898129997,10.337713343220182,-1.2407426426737356,-11.813163528204129,11.306986023746482,No,9.154073199527746,SW
1990.8333333333335,0.031558008488963264,10.362484352025904,0.8231949476315332,-11.813163528204129,11.306986023746482,No,11.2172373081464,SW
1990.9166666666667,-0.016923533510387796,10.387255360831624,2.9100695894438164,-11.813163528204129,11.306986023746482,No,13.280401416765052,SW
1991,-0.11244515436680284,10.412026369637344,5.043984310113167,-11.813163528204129,11.306986023746482,No,15.343565525383708,SW
1991.0833333333335,-0.22142493446106917,10.40810310367479,7.220051464788639,-11.813163528204129,11.306986023746482,No,17.40672963400236,SW
1991.1666666666667,-0.33892427082740967,10.404179837712235,9.404638175736189,-11.813163528204129,11.306986023746482,No,19.469893742621014,SW
1991.25,0.08032952050676553,10.400256571749681,11.052471758983222,-11.813163528204129,11.306986023746482,No,21.53305785123967,SW
1991.3333333333335,-0.11401723074030505,10.396333305787127,13.3139058848115,-11.813163528204129,11.306986023746482,Yes,23.596221959858322,SW
1991.4166666666667,0.3318037722185329,10.392410039824574,14.935172256433875,-11.813163528204129,11.306986023746482,Yes,25.65938606847698,SW
1991.5,-0.6273414877584174,10.388486773862018,17.96140489099203,-11.813163528204129,11.306986023746482,Yes,27.72255017709563,SW
1991.5833333333335,0.04361745129780222,10.384563507899465,19.357533326517018,-11.813163528204129,11.306986023746482,Yes,29.785714285714285,SW
1991.6666666666667,0.8866653685169514,10.380640241936911,2.732694389546138,-11.813163528204129,11.306986023746482,No,14,SW
1991.75,0.05710249898129997,10.376716975974356,3.354059312923132,-11.813163528204129,11.306986023746482,No,13.787878787878787,SW
1991.8333333333335,0.031558008488963264,10.372793710011802,3.1714058572568113,-11.813163528204129,11.306986023746482,No,13.575757575757576,SW
1991.9166666666667,-0.016923533510387796,10.368870444049248,3.011689453097503,-11.813163528204129,11.306986023746482,No,13.363636363636363,SW
1992,-0.11244515436680284,10.364947178086695,2.8990131277952607,-11.813163528204129,11.306986023746482,No,13.151515151515152,SW
1992.0833333333335,-0.22142493446106917,10.36102391212414,2.7997949617308695,-11.813163528204129,11.306986023746482,No,12.93939393939394,SW
1992.1666666666667,-0.33892427082740967,10.357100646161586,2.70909635193855,-11.813163528204129,11.306986023746482,No,12.727272727272727,SW
1992.25,0.08032952050676553,10.340310425415637,2.0945115692291125,-11.813163528204129,11.306986023746482,No,12.515151515151516,SW
1992.3333333333335,-0.11401723074030505,10.323520204669688,2.0935273291009207,-11.813163528204129,11.306986023746482,No,12.303030303030303,SW
1992.4166666666667,0.3318037722185329,10.306729983923738,1.4523753347668205,-11.813163528204129,11.306986023746482,No,12.090909090909092,SW
1992.5,-0.6273414877584174,10.28993976317779,2.216189603368507,-11.813163528204129,11.306986023746482,No,11.878787878787879,SW
1992.5833333333335,0.04361745129780222,10.273149542431842,1.3498996729370223,-11.813163528204129,11.306986023746482,No,11.666666666666666,SW
1992.6666666666667,0.8866653685169514,10.256359321685892,0.3115207643426121,-11.813163528204129,11.306986023746482,No,11.454545454545455,SW
1992.75,0.05710249898129997,10.239569100939942,0.9457526425030007,-11.813163528204129,11.306986023746482,No,11.242424242424242,SW
1992.8333333333335,0.031558008488963264,10.222778880193994,0.7759661416200725,-11.813163528204129,11.306986023746482,No,11.03030303030303,SW
1992.9166666666667,-0.016923533510387796,10.205988659448046,0.6291166922441604,-11.813163528204129,11.306986023746482,No,10.818181818181818,SW
1993,-0.11244515436680284,10.189198438702096,0.5293073217253124,-11.813163528204129,11.306986023746482,No,10.606060606060606,SW
1993.0833333333335,-0.22142493446106917,10.172408217956146,0.4429561104443174,-11.813163528204129,11.306986023746482,No,10.393939393939394,SW
1993.1666666666667,-0.33892427082740967,10.155617997210198,0.3651244554353923,-11.813163528204129,11.306986023746482,No,10.181818181818182,SW
1993.25,0.08032952050676553,10.13882777646425,-0.249460327274047,-11.813163528204129,11.306986023746482,No,9.969696969696969,SW
1993.3333333333335,-0.11401723074030505,10.1220375557183,-0.2504445674022371,-11.813163528204129,11.306986023746482,No,9.757575757575758,SW
1993.4166666666667,0.3318037722185329,10.088199160286479,-0.8745483870504671,-11.813163528204129,11.306986023746482,No,9.545454545454545,SW
1993.5,-0.6273414877584174,10.054360764854659,-0.09368594376290673,-11.813163528204129,11.306986023746482,No,9.333333333333334,SW
1993.5833333333335,0.04361745129780222,10.020522369422837,-0.9429276995085178,-11.813163528204129,11.306986023746482,No,9.121212121212121,SW
1993.6666666666667,0.8866653685169514,9.986683973991017,-1.9642584334170596,-11.813163528204129,11.306986023746482,No,8.909090909090908,SW
1993.75,0.05710249898129997,9.952845578559195,-1.3129783805707973,-11.813163528204129,11.306986023746482,No,8.696969696969697,SW
1993.8333333333335,0.031558008488963264,9.919007183127375,-1.4657167067678536,-11.813163528204129,11.306986023746482,No,8.484848484848484,SW
1993.9166666666667,-0.016923533510387796,9.885168787695553,-1.5955179814578937,-11.813163528204129,11.306986023746482,No,8.272727272727272,SW
1994,-0.11244515436680284,9.851330392263732,-1.678279177290868,-11.813163528204129,11.306986023746482,No,8.06060606060606,SW
1994.0833333333335,-0.22142493446106917,9.817491996831912,-1.7475822138859947,-11.813163528204129,11.306986023746482,No,7.848484848484848,SW
1994.1666666666667,-0.33892427082740967,9.78365360140009,-1.8083656942090434,-11.813163528204129,11.306986023746482,No,7.636363636363637,SW
1994.25,0.08032952050676553,9.74981520596827,-2.4059023022326116,-11.813163528204129,11.306986023746482,No,7.424242424242424,SW
1994.3333333333335,-0.11401723074030505,9.715976810536448,-2.3898383676749315,-11.813163528204129,11.306986023746482,No,7.212121212121212,SW
1994.4166666666667,0.3318037722185329,9.682138415104628,-3.0139421873231607,-11.813163528204129,11.306986023746482,No,7,SW
1994.5,-0.6273414877584174,9.648300019672806,-1.5542918652477216,-11.813163528204129,11.306986023746482,No,7.466666666666668,SW
1994.5833333333335,0.04361745129780222,9.592735193015335,-1.703019310979803,-11.813163528204129,11.306986023746482,No,7.933333333333334,SW
1994.6666666666667,0.8866653685169514,9.537170366357865,-2.0238357348748153,-11.813163528204129,11.306986023746482,No,8.4,SW
1994.75,0.05710249898129997,9.481605539700393,-0.6720413720150251,-11.813163528204129,11.306986023746482,No,8.866666666666667,SW
1994.8333333333335,0.031558008488963264,9.426040713042921,-0.12426538819855004,-11.813163528204129,11.306986023746482,No,9.333333333333334,SW
1994.9166666666667,-0.016923533510387796,9.37047588638545,0.44644764712493945,-11.813163528204129,11.306986023746482,No,9.8,SW
1995,-0.11244515436680284,9.31491105972798,-0.13818019107546142,-11.813163528204129,11.306986023746482,No,9.064285714285715,SW
1995.0833333333335,-0.22142493446106917,9.259346233070508,-0.7093498700380092,-11.813163528204129,11.306986023746482,No,8.32857142857143,SW
1995.1666666666667,-0.33892427082740967,9.203781406413036,-1.2719999927284835,-11.813163528204129,11.306986023746482,No,7.5928571428571425,SW
1995.25,0.08032952050676553,9.148216579755566,-2.3714032431194747,-11.813163528204129,11.306986023746482,No,6.857142857142857,SW
1995.3333333333335,-0.11401723074030505,9.092651753098094,-1.370168913892181,-11.813163528204129,11.306986023746482,No,7.608465608465608,SW
1995.4166666666667,0.3318037722185329,9.037086926440622,-1.0091023388707967,-11.813163528204129,11.306986023746482,No,8.359788359788359,SW
1995.5,-0.6273414877584174,8.98152209978315,0.7569304990863781,-11.813163528204129,11.306986023746482,No,9.11111111111111,SW
1995.5833333333335,0.04361745129780222,8.92595727312568,-2.69684745169621,-11.813163528204129,11.306986023746482,No,6.2727272727272725,SW
1995.6666666666667,0.8866653685169514,8.870392446468209,7.779305821378475,-11.813163528204129,11.306986023746482,No,17.536363636363635,SW
1995.75,0.05710249898129997,8.82154916474973,19.92134833626897,-11.813163528204129,11.306986023746482,Yes,28.8,SW
1995.8333333333335,0.031558008488963264,8.772705883031248,4.7957361084797885,-11.813163528204129,11.306986023746482,No,13.6,SW
1995.9166666666667,-0.016923533510387796,8.723862601312769,12.56578820492489,-11.813163528204129,11.306986023746482,Yes,21.272727272727273,SW
1996,-0.11244515436680284,8.67501931959429,1.7707591681058474,-11.813163528204129,11.306986023746482,No,10.333333333333334,SW
1996.0833333333335,-0.22142493446106917,8.626176037875808,1.8619155632519284,-11.813163528204129,11.306986023746482,No,10.266666666666667,SW
1996.1666666666667,-0.33892427082740967,8.577332756157329,1.961591514670081,-11.813163528204129,11.306986023746482,No,10.200000000000001,SW
1996.25,0.08032952050676553,8.52848947443885,1.5245143383877178,-11.813163528204129,11.306986023746482,No,10.133333333333333,SW
1996.3333333333335,-0.11401723074030505,8.479646192720368,1.7010377046866036,-11.813163528204129,11.306986023746482,No,10.066666666666666,SW
1996.4166666666667,0.3318037722185329,8.430802911001889,1.2373933167795776,-11.813163528204129,11.306986023746482,No,10,SW
1996.5,-0.6273414877584174,8.381959629283408,-0.3546181415249894,-11.813163528204129,11.306986023746482,No,7.400000000000001,SW
1996.5833333333335,0.04361745129780222,8.333116347564928,4.1804090582801265,-11.813163528204129,11.306986023746482,No,12.557142857142857,SW
1996.6666666666667,0.8866653685169514,8.284273065846449,8.543347279922315,-11.813163528204129,11.306986023746482,No,17.714285714285715,SW
1996.75,0.05710249898129997,8.235429784127968,14.578896288319301,-11.813163528204129,11.306986023746482,Yes,22.87142857142857,SW
1996.8333333333335,0.031558008488963264,8.186586502409488,19.810426917672977,-11.813163528204129,11.306986023746482,Yes,28.028571428571432,SW
1996.9166666666667,-0.016923533510387796,8.158256303749479,25.044381515475198,-11.813163528204129,11.306986023746482,Yes,33.18571428571429,SW
1997,-0.11244515436680284,8.12992610508947,30.325376192134474,-11.813163528204129,11.306986023746482,Yes,38.34285714285714,SW
1997.0833333333335,-0.22142493446106917,8.101595906429461,35.61982902803161,-11.813163528204129,11.306986023746482,Yes,43.5,SW
1997.1666666666667,-0.33892427082740967,8.073265707769451,42.932325229724626,-11.813163528204129,11.306986023746482,Yes,50.666666666666664,SW
1997.25,0.08032952050676553,8.044935509109443,2.0747349703837905,-11.813163528204129,11.306986023746482,No,10.2,SW
1997.3333333333335,-0.11401723074030505,8.016605310449433,2.1974119202908717,-11.813163528204129,11.306986023746482,No,10.1,SW
1997.4166666666667,0.3318037722185329,7.988275111789425,-0.32007888400795714,-11.813163528204129,11.306986023746482,No,8,SW
1997.5,-0.6273414877584174,7.959944913129416,7.299079623344085e-4,-11.813163528204129,11.306986023746482,No,7.333333333333333,SW
1997.5833333333335,0.04361745129780222,7.931614714469406,-1.058565499100542,-11.813163528204129,11.306986023746482,No,6.916666666666666,SW
1997.6666666666667,0.8866653685169514,7.903284515809397,-2.289949884326348,-11.813163528204129,11.306986023746482,No,6.5,SW
1997.75,0.05710249898129997,7.874954317149388,-2.1320568161306888,-11.813163528204129,11.306986023746482,No,5.8,SW
1997.8333333333335,0.031558008488963264,7.8466241184893795,-0.5638964126926282,-11.813163528204129,11.306986023746482,No,7.314285714285714,SW
1997.9166666666667,-0.016923533510387796,7.81829391982937,1.0272010422524476,-11.813163528204129,11.306986023746482,No,8.82857142857143,SW
1998,-0.11244515436680284,7.789963721169361,2.6653385760545856,-11.813163528204129,11.306986023746482,No,10.342857142857143,SW
1998.0833333333335,-0.22142493446106917,7.768326885560384,4.310240906043543,-11.813163528204129,11.306986023746482,No,11.857142857142858,SW
1998.1666666666667,-0.33892427082740967,7.7466900499514075,7.068424697066478,-11.813163528204129,11.306986023746482,No,14.476190476190476,SW
1998.25,0.08032952050676553,7.72505321434243,-2.3053827348491955,-11.813163528204129,11.306986023746482,No,5.5,SW
1998.3333333333335,-0.11401723074030505,7.703416378733453,-2.0893991479931486,-11.813163528204129,11.306986023746482,No,5.5,SW
1998.4166666666667,0.3318037722185329,7.681779543124477,-2.513583315343009,-11.813163528204129,11.306986023746482,No,5.5,SW
1998.5,-0.6273414877584174,7.6601427075155,-1.5328012197570828,-11.813163528204129,11.306986023746482,No,5.5,SW
1998.5833333333335,0.04361745129780222,7.638505871906522,-2.1821233232043244,-11.813163528204129,11.306986023746482,No,5.5,SW
1998.6666666666667,0.8866653685169514,7.616869036297546,-3.0035344048144967,-11.813163528204129,11.306986023746482,No,5.5,SW
1998.75,0.05710249898129997,7.595232200688569,-2.1523346996698693,-11.813163528204129,11.306986023746482,No,5.5,SW
1998.8333333333335,0.031558008488963264,7.573595365079592,-2.1051533735685553,-11.813163528204129,11.306986023746482,No,5.5,SW
1998.9166666666667,-0.016923533510387796,7.551958529470616,-2.0350349959602276,-11.813163528204129,11.306986023746482,No,5.5,SW
1999,-0.11244515436680284,7.530321693861638,-1.9178765394948352,-11.813163528204129,11.306986023746482,No,5.5,SW
1999.0833333333335,-0.22142493446106917,7.5086848582526615,-1.7872599237915923,-11.813163528204129,11.306986023746482,No,5.5,SW
1999.1666666666667,-0.33892427082740967,7.487048022643685,-1.648123751816275,-11.813163528204129,11.306986023746482,No,5.5,SW
1999.25,0.08032952050676553,7.4635577413749346,-2.0438872618817,-11.813163528204129,11.306986023746482,No,5.5,SW
1999.3333333333335,-0.11401723074030505,7.440067460106183,-1.8260502293658787,-11.813163528204129,11.306986023746482,No,5.5,SW
1999.4166666666667,0.3318037722185329,7.416577178837433,-0.637269839944854,-11.813163528204129,11.306986023746482,No,7.111111111111112,SW
1999.5,-0.6273414877584174,7.393086897568682,1.9564768124119594,-11.813163528204129,11.306986023746482,No,8.722222222222223,SW
1999.5833333333335,0.04361745129780222,7.369596616299932,2.9201192657356003,-11.813163528204129,11.306986023746482,No,10.333333333333334,SW
1999.6666666666667,0.8866653685169514,7.34610633503118,-0.5661050368814653,-11.813163528204129,11.306986023746482,No,7.666666666666666,SW
1999.75,0.05710249898129997,7.32261605376243,-0.12971855274373034,-11.813163528204129,11.306986023746482,No,7.25,SW
1999.8333333333335,0.031558008488963264,7.29912577249368,-0.4973504476493087,-11.813163528204129,11.306986023746482,No,6.833333333333334,SW
1999.9166666666667,-0.016923533510387796,7.275635491224929,-0.8420452910478735,-11.813163528204129,11.306986023746482,No,6.416666666666667,SW
2000,-0.11244515436680284,7.252145209956178,-1.1397000555893753,-11.813163528204129,11.306986023746482,No,6,SW
2000.0833333333335,-0.22142493446106917,7.228654928687427,-1.423896660893024,-11.813163528204129,11.306986023746482,No,5.583333333333334,SW
2000.1666666666667,-0.33892427082740967,7.205164647418677,-1.6995737099246,-11.813163528204129,11.306986023746482,No,5.166666666666667,SW
2000.25,0.08032952050676553,7.181674366149926,-1.1786705533233572,-11.813163528204129,11.306986023746482,No,6.083333333333334,SW
2000.3333333333335,-0.11401723074030505,7.158184084881175,-0.044166854140870626,-11.813163528204129,11.306986023746482,No,7,SW
2000.4166666666667,0.3318037722185329,7.1508905739944995,0.6839723204536341,-11.813163528204129,11.306986023746482,No,8.166666666666666,SW
2000.5,-0.6273414877584174,7.143597063107824,-1.5162555753494065,-11.813163528204129,11.306986023746482,No,5,SW
2000.5833333333335,0.04361745129780222,7.136303552221149,0.8200789964810493,-11.813163528204129,11.306986023746482,No,8,SW
2000.6666666666667,0.8866653685169514,7.129010041334473,-0.24644464062065552,-11.813163528204129,11.306986023746482,No,7.769230769230768,SW
2000.75,0.05710249898129997,7.121716530447797,0.3596425090324411,-11.813163528204129,11.306986023746482,No,7.538461538461538,SW
2000.8333333333335,0.031558008488963264,7.114423019561121,0.16171127964222354,-11.813163528204129,11.306986023746482,No,7.3076923076923075,SW
2000.9166666666667,-0.016923533510387796,7.107129508674445,-0.0132828982409805,-11.813163528204129,11.306986023746482,No,7.076923076923077,SW
2001,-0.11244515436680284,7.09983599778777,-0.14123699726712147,-11.813163528204129,11.306986023746482,No,6.846153846153846,SW
2001.0833333333335,-0.22142493446106917,7.0925424869010945,-0.2557329370554102,-11.813163528204129,11.306986023746482,No,6.615384615384615,SW
2001.1666666666667,-0.33892427082740967,7.085248976014419,-0.36170932057162375,-11.813163528204129,11.306986023746482,No,6.384615384615385,SW
2001.25,0.08032952050676553,7.077955465127743,-1.004438831788355,-11.813163528204129,11.306986023746482,No,6.153846153846153,SW
2001.3333333333335,-0.11401723074030505,7.070661954241068,-1.0335678004238398,-11.813163528204129,11.306986023746482,No,5.923076923076923,SW
2001.4166666666667,0.3318037722185329,7.063368443354392,-1.702864523265232,-11.813163528204129,11.306986023746482,No,5.6923076923076925,SW
2001.5,-0.6273414877584174,7.056074932467716,-0.9671949831708373,-11.813163528204129,11.306986023746482,No,5.461538461538462,SW
2001.5833333333335,0.04361745129780222,7.06084682955007,-1.8736950500786413,-11.813163528204129,11.306986023746482,No,5.230769230769231,SW
2001.6666666666667,0.8866653685169514,7.065618726632425,-2.952284095149376,-11.813163528204129,11.306986023746482,No,5,SW
2001.75,0.05710249898129997,7.070390623714779,-0.5997153449183017,-11.813163528204129,11.306986023746482,No,6.527777777777778,SW
2001.8333333333335,0.031558008488963264,7.075162520797133,0.9488350262694594,-11.813163528204129,11.306986023746482,No,8.055555555555555,SW
2001.9166666666667,-0.016923533510387796,7.079934417879487,2.520322448964233,-11.813163528204129,11.306986023746482,No,9.583333333333332,SW
2002,-0.11244515436680284,7.084706314961842,4.138849950516072,-11.813163528204129,11.306986023746482,No,11.11111111111111,SW
2002.0833333333335,-0.22142493446106917,7.089478212044196,1.7033752938454443,-11.813163528204129,11.306986023746482,No,8.571428571428571,SW
2002.1666666666667,-0.33892427082740967,7.09425010912655,1.1732455902722876,-11.813163528204129,11.306986023746482,No,7.928571428571428,SW
2002.25,0.08032952050676553,7.099022006208905,1.677791330427187,-11.813163528204129,11.306986023746482,No,8.857142857142858,SW
2002.3333333333335,-0.11401723074030505,7.103793903291259,2.795937613163333,-11.813163528204129,11.306986023746482,No,9.785714285714286,SW
2002.4166666666667,0.3318037722185329,7.108565800373613,3.2739161416935687,-11.813163528204129,11.306986023746482,No,10.714285714285715,SW
2002.5,-0.6273414877584174,7.113337697455967,5.156860933159593,-11.813163528204129,11.306986023746482,No,11.642857142857142,SW
2002.5833333333335,0.04361745129780222,7.118109594538322,5.409701525592447,-11.813163528204129,11.306986023746482,No,12.571428571428571,SW
2002.6666666666667,0.8866653685169514,7.122881491620676,5.490453139862373,-11.813163528204129,11.306986023746482,No,13.5,SW
2002.75,0.05710249898129997,7.131967788024407,-2.1890702870057073,-11.813163528204129,11.306986023746482,No,5,SW
2002.8333333333335,0.031558008488963264,7.141054084428138,-2.1726120929171007,-11.813163528204129,11.306986023746482,No,5,SW
2002.9166666666667,-0.016923533510387796,7.150140380831869,-2.1332168473214805,-11.813163528204129,11.306986023746482,No,5,SW
2003,-0.11244515436680284,7.159226677235599,-2.0467815228687956,-11.813163528204129,11.306986023746482,No,5,SW
2003.0833333333335,-0.22142493446106917,7.168312973639329,-1.9468880391782601,-11.813163528204129,11.306986023746482,No,5,SW
2003.1666666666667,-0.33892427082740967,7.17739927004306,-1.8384749992156504,-11.813163528204129,11.306986023746482,No,5,SW
2003.25,0.08032952050676553,7.186485566446791,-2.2668150869535566,-11.813163528204129,11.306986023746482,No,5,SW
2003.3333333333335,-0.11401723074030505,7.195571862850522,-2.081554632110217,-11.813163528204129,11.306986023746482,No,5,SW
2003.4166666666667,0.3318037722185329,7.204658159254253,-2.536461931472785,-11.813163528204129,11.306986023746482,No,5,SW
2003.5,-0.6273414877584174,7.2137444556579835,-1.5864029678995664,-11.813163528204129,11.306986023746482,No,5,SW
2003.5833333333335,0.04361745129780222,7.222830752061713,2.266885129973816,-11.813163528204129,11.306986023746482,No,9.533333333333331,SW
2003.6666666666667,0.8866653685169514,7.231917048465444,-0.3185824169823963,-11.813163528204129,11.306986023746482,No,7.799999999999999,SW
2003.75,0.05710249898129997,7.241003344869175,0.4130052672606359,-11.813163528204129,11.306986023746482,No,7.711111111111111,SW
2003.8333333333335,0.031558008488963264,7.250089641272906,0.34057457246035305,-11.813163528204129,11.306986023746482,No,7.622222222222222,SW
2003.9166666666667,-0.016923533510387796,7.274154134725626,0.2761027321180949,-11.813163528204129,11.306986023746482,No,7.533333333333333,SW
2004,-0.11244515436680284,7.298218628178347,0.2586709706329007,-11.813163528204129,11.306986023746482,No,7.444444444444445,SW
2004.0833333333335,-0.22142493446106917,7.3222831216310675,0.2546973683855569,-11.813163528204129,11.306986023746482,No,7.355555555555555,SW
2004.1666666666667,-0.33892427082740967,7.346347615083788,0.25924332241028836,-11.813163528204129,11.306986023746482,No,7.266666666666667,SW
2004.25,0.08032952050676553,7.370412108536509,-0.27296385126549616,-11.813163528204129,11.306986023746482,No,7.177777777777778,SW
2004.3333333333335,-0.11401723074030505,7.394476601989229,-0.19157048236003593,-11.813163528204129,11.306986023746482,No,7.088888888888889,SW
2004.4166666666667,0.3318037722185329,7.41854109544195,-0.7503448676604823,-11.813163528204129,11.306986023746482,No,7,SW
2004.5,-0.6273414877584174,7.44260558889467,3.1847358988637477,-11.813163528204129,11.306986023746482,No,10,SW
2004.5833333333335,0.04361745129780222,7.466670082347391,5.489712466354807,-11.813163528204129,11.306986023746482,No,13,SW
2004.6666666666667,0.8866653685169514,7.490734575800111,-3.3773999443170624,-11.813163528204129,11.306986023746482,No,5,SW
2004.75,0.05710249898129997,7.514799069252832,-2.033440029772594,-11.813163528204129,11.306986023746482,No,5.538461538461538,SW
2004.8333333333335,0.031558008488963264,7.5388635627055525,-1.4934984942714378,-11.813163528204129,11.306986023746482,No,6.0769230769230775,SW
2004.9166666666667,-0.016923533510387796,7.562928056158273,-0.930619907263269,-11.813163528204129,11.306986023746482,No,6.615384615384616,SW
2005,-0.11244515436680284,7.586992549610994,-0.32070124139803546,-11.813163528204129,11.306986023746482,No,7.153846153846155,SW
2005.0833333333335,-0.22142493446106917,7.621940140507679,0.2917924862610839,-11.813163528204129,11.306986023746482,No,7.692307692307693,SW
2005.1666666666667,-0.33892427082740967,7.656887731404365,0.9128057701922758,-11.813163528204129,11.306986023746482,No,8.230769230769232,SW
2005.25,0.08032952050676553,7.69183532230105,0.9970659264229562,-11.813163528204129,11.306986023746482,No,8.769230769230772,SW
2005.3333333333335,-0.11401723074030505,7.726782913197735,1.6949266252348805,-11.813163528204129,11.306986023746482,No,9.30769230769231,SW
2005.4166666666667,0.3318037722185329,7.7617305040944204,1.7526195698408946,-11.813163528204129,11.306986023746482,No,9.846153846153848,SW
2005.5,-0.6273414877584174,7.7966780949911065,-1.4001058380019202,-11.813163528204129,11.306986023746482,No,5.769230769230769,SW
2005.5833333333335,0.04361745129780222,7.831625685887792,-1.3196875816300384,-11.813163528204129,11.306986023746482,No,6.555555555555555,SW
2005.6666666666667,0.8866653685169514,7.866573276784477,-1.9754608675236511,-11.813163528204129,11.306986023746482,No,6.777777777777777,SW
2005.75,0.05710249898129997,7.901520867681163,-0.9586233666624633,-11.813163528204129,11.306986023746482,No,7,SW
2005.8333333333335,0.031558008488963264,7.936468458577848,-2.468026467066811,-11.813163528204129,11.306986023746482,No,5.5,SW
2005.9166666666667,-0.016923533510387796,7.971416049474533,-2.5794925159641453,-11.813163528204129,11.306986023746482,No,5.375,SW
2006,-0.11244515436680284,8.00636364037122,-2.6439184860044165,-11.813163528204129,11.306986023746482,No,5.25,SW
2006.0833333333335,-0.22142493446106917,8.041311231267905,-2.6948862968068354,-11.813163528204129,11.306986023746482,No,5.125,SW
2006.1666666666667,-0.33892427082740967,8.07625882216459,-2.73733455133718,-11.813163528204129,11.306986023746482,No,5,SW
2006.25,0.08032952050676553,8.100747823054085,2.318922656439149,-11.813163528204129,11.306986023746482,No,10.5,SW
2006.3333333333335,-0.11401723074030505,8.125236823943581,7.9887804067967245,-11.813163528204129,11.306986023746482,No,16,SW
2006.4166666666667,0.3318037722185329,8.149725824833077,20.68513706961506,-11.813163528204129,11.306986023746482,Yes,29.166666666666668,SW
2006.5,-0.6273414877584174,8.174214825722574,27.953126662035842,-11.813163528204129,11.306986023746482,Yes,35.5,SW
2006.5833333333335,0.04361745129780222,8.19870382661207,-2.2423212779098716,-11.813163528204129,11.306986023746482,No,6,SW
2006.6666666666667,0.8866653685169514,8.223192827501565,-0.39557248173280257,-11.813163528204129,11.306986023746482,No,8.714285714285714,SW
2006.75,0.05710249898129997,8.24768182839106,25.168899883153955,-11.813163528204129,11.306986023746482,Yes,33.473684210526315,SW
2006.8333333333335,0.031558008488963264,8.272170829280556,21.69627116223048,-11.813163528204129,11.306986023746482,Yes,30,SW
2006.9166666666667,-0.016923533510387796,8.296659830170052,-2.2797362966596637,-11.813163528204129,11.306986023746482,No,6,SW
2007,-0.11244515436680284,8.321148831059547,-2.0301322481213155,-11.813163528204129,11.306986023746482,No,6.178571428571429,SW
2007.0833333333335,-0.22142493446106917,8.345637831949045,-1.7670700403451187,-11.813163528204129,11.306986023746482,No,6.357142857142857,SW
2007.1666666666667,-0.33892427082740967,8.37012683283854,-1.4954882762968449,-11.813163528204129,11.306986023746482,No,6.535714285714286,SW
2007.25,0.08032952050676553,8.394615833728036,-1.760659639949087,-11.813163528204129,11.306986023746482,No,6.714285714285714,SW
2007.3333333333335,-0.11401723074030505,8.419104834617531,-1.4122304610200835,-11.813163528204129,11.306986023746482,No,6.892857142857143,SW
2007.4166666666667,0.3318037722185329,8.447229297379046,-1.7076044981690073,-11.813163528204129,11.306986023746482,No,7.071428571428571,SW
2007.5,-0.6273414877584174,8.475353760140559,-0.5980122723821415,-11.813163528204129,11.306986023746482,No,7.25,SW
2007.5833333333335,0.04361745129780222,8.503478222902073,-1.3804290075332082,-11.813163528204129,11.306986023746482,No,7.166666666666667,SW
2007.6666666666667,0.8866653685169514,8.531602685663588,-2.3349347208472064,-11.813163528204129,11.306986023746482,No,7.083333333333332,SW
2007.75,0.05710249898129997,8.559727148425102,-1.6168296474064023,-11.813163528204129,11.306986023746482,No,7,SW
2007.8333333333335,0.031558008488963264,8.587851611186615,-0.2860762863422437,-11.813163528204129,11.306986023746482,No,8.333333333333334,SW
2007.9166666666667,-0.016923533510387796,8.61597607394813,-0.29905254043774043,-11.813163528204129,11.306986023746482,No,8.3,SW
2008,-0.11244515436680284,8.644100536709644,0.06834461765715893,-11.813163528204129,11.306986023746482,No,8.6,SW
2008.0833333333335,-0.22142493446106917,8.672224999471156,7.771422157212134,-11.813163528204129,11.306986023746482,No,16.22222222222222,SW
2008.1666666666667,-0.33892427082740967,8.700349462232671,8.101372427642355,-11.813163528204129,11.306986023746482,No,16.462797619047617,SW
2008.25,0.08032952050676553,8.728473924994185,7.894569570372065,-11.813163528204129,11.306986023746482,No,16.703373015873016,SW
2008.3333333333335,-0.11401723074030505,8.7565983877557,8.301367255683017,-11.813163528204129,11.306986023746482,No,16.94394841269841,SW
2008.4166666666667,0.3318037722185329,8.784722850517213,8.067997186788066,-11.813163528204129,11.306986023746482,No,17.18452380952381,SW
2008.5,-0.6273414877584174,8.812847313278727,9.239593380828897,-11.813163528204129,11.306986023746482,No,17.425099206349206,SW
2008.5833333333335,0.04361745129780222,8.843919388074843,8.77813776380196,-11.813163528204129,11.306986023746482,No,17.665674603174605,SW
2008.6666666666667,0.8866653685169514,8.874991462870959,8.14459316861209,-11.813163528204129,11.306986023746482,No,17.90625,SW
2008.75,0.05710249898129997,8.906063537667075,9.183659360177023,-11.813163528204129,11.306986023746482,No,18.1468253968254,SW
2008.8333333333335,0.031558008488963264,8.937135612463189,9.41870717269864,-11.813163528204129,11.306986023746482,No,18.387400793650794,SW
2008.9166666666667,-0.016923533510387796,8.968207687259305,9.676692036727271,-11.813163528204129,11.306986023746482,No,18.62797619047619,SW
2009,-0.11244515436680284,8.999279762055421,9.98171697961297,-11.813163528204129,11.306986023746482,No,18.86855158730159,SW
2009.0833333333335,-0.22142493446106917,9.030351836851537,10.300200081736516,-11.813163528204129,11.306986023746482,No,19.109126984126984,SW
2009.1666666666667,-0.33892427082740967,9.061423911647653,10.62720274013214,-11.813163528204129,11.306986023746482,No,19.349702380952383,SW
2009.25,0.08032952050676553,9.092495986443769,10.417452270827244,-11.813163528204129,11.306986023746482,No,19.59027777777778,SW
2009.3333333333335,-0.11401723074030505,9.123568061239885,10.821302344103598,-11.813163528204129,11.306986023746482,No,19.830853174603178,SW
2009.4166666666667,0.3318037722185329,9.154640136035999,10.584984663174042,-11.813163528204129,11.306986023746482,No,20.071428571428573,SW
2009.5,-0.6273414877584174,9.185712210832115,-3.558370723073698,-11.813163528204129,11.306986023746482,No,5,SW
2009.5833333333335,0.04361745129780222,9.216784285628231,-0.714947191471488,-11.813163528204129,11.306986023746482,No,8.545454545454545,SW
2009.6666666666667,0.8866653685169514,9.247856360424347,1.956387361967792,-11.813163528204129,11.306986023746482,No,12.09090909090909,SW
2009.75,0.05710249898129997,9.269837080158853,6.3094240572234845,-11.813163528204129,11.306986023746482,No,15.636363636363637,SW
2009.8333333333335,0.031558008488963264,9.291817799893357,-1.9900424750489867,-11.813163528204129,11.306986023746482,No,7.333333333333333,SW
2009.9166666666667,-0.016923533510387796,9.313798519627863,-1.9079860972285863,-11.813163528204129,11.306986023746482,No,7.388888888888888,SW
2010,-0.11244515436680284,9.335779239362367,-1.7788896405511192,-11.813163528204129,11.306986023746482,No,7.444444444444445,SW
2010.0833333333335,-0.22142493446106917,9.357759959096873,-1.6363350246358035,-11.813163528204129,11.306986023746482,No,7.5,SW
2010.1666666666667,-0.33892427082740967,9.379740678831377,-3.040816408003967,-11.813163528204129,11.306986023746482,No,6,SW
2010.25,0.08032952050676553,9.401721398565883,1.917949080927352,-11.813163528204129,11.306986023746482,No,11.4,SW
2010.3333333333335,-0.11401723074030505,9.423702118300389,-2.976351554226751,-11.813163528204129,11.306986023746482,No,6.333333333333333,SW
2010.4166666666667,0.3318037722185329,9.445682838034893,-4.110819943586759,-11.813163528204129,11.306986023746482,No,5.666666666666666,SW
2010.5,-0.6273414877584174,9.467663557769399,-3.8403220700109815,-11.813163528204129,11.306986023746482,No,5,SW
2010.5833333333335,0.04361745129780222,9.489644277503903,-3.426118871658848,-11.813163528204129,11.306986023746482,No,6.107142857142857,SW
2010.6666666666667,0.8866653685169514,9.511624997238409,-3.184004651469646,-11.813163528204129,11.306986023746482,No,7.2142857142857135,SW
2010.75,0.05710249898129997,9.533605716972913,-1.269279644525641,-11.813163528204129,11.306986023746482,No,8.321428571428571,SW
2010.8333333333335,0.031558008488963264,9.555586436707419,-0.1585730166249526,-11.813163528204129,11.306986023746482,No,9.428571428571429,SW
2010.9166666666667,-0.016923533510387796,9.550303891133847,1.0023339280908257,-11.813163528204129,11.306986023746482,No,10.535714285714285,SW
2011,-0.11244515436680284,9.545021345560277,2.210280951663668,-11.813163528204129,11.306986023746482,No,11.642857142857142,SW
2011.0833333333335,-0.22142493446106917,9.539738799986706,-4.318313865525637,-11.813163528204129,11.306986023746482,No,5,SW
2011.1666666666667,-0.33892427082740967,9.534456254413135,0.661610873557132,-11.813163528204129,11.306986023746482,No,9.857142857142858,SW
2011.25,0.08032952050676553,9.529173708839563,37.66827454843145,-11.813163528204129,11.306986023746482,Yes,47.27777777777778,SW
2011.3333333333335,-0.11401723074030505,9.523891163265993,17.2290149563632,-11.813163528204129,11.306986023746482,Yes,26.63888888888889,SW
2011.4166666666667,0.3318037722185329,9.518608617692422,-3.8504123899109546,-11.813163528204129,11.306986023746482,No,6,SW
2011.5,-0.6273414877584174,9.51332607211885,0.0029043045284566915,-11.813163528204129,11.306986023746482,No,8.88888888888889,SW
2011.5833333333335,0.04361745129780222,9.508043526545281,2.226116799934694,-11.813163528204129,11.306986023746482,No,11.777777777777777,SW
2011.6666666666667,0.8866653685169514,9.50276098097171,4.277240317178006,-11.813163528204129,11.306986023746482,No,14.666666666666666,SW
2011.75,0.05710249898129997,9.497478435398138,-0.22124760104610353,-11.813163528204129,11.306986023746482,No,9.333333333333334,SW
2011.8333333333335,0.031558008488963264,9.492195889824567,0.22624610168647052,-11.813163528204129,11.306986023746482,No,9.75,SW
2011.9166666666667,-0.016923533510387796,9.486913344250997,0.696676855926059,-11.813163528204129,11.306986023746482,No,10.166666666666668,SW
2012,-0.11244515436680284,9.481630798677426,1.2141476890227114,-11.813163528204129,11.306986023746482,No,10.583333333333334,SW
2012.0833333333335,-0.22142493446106917,9.457354145892502,1.7640707885685671,-11.813163528204129,11.306986023746482,No,11,SW
2012.1666666666667,-0.33892427082740967,9.433077493107579,2.322513444386498,-11.813163528204129,11.306986023746482,No,11.416666666666668,SW
2012.25,0.08032952050676553,9.408800840322655,2.344202972503913,-11.813163528204129,11.306986023746482,No,11.833333333333334,SW
2012.3333333333335,-0.11401723074030505,9.384524187537732,2.9794930432025737,-11.813163528204129,11.306986023746482,No,12.25,SW
2012.4166666666667,0.3318037722185329,9.360247534752808,2.974615359695326,-11.813163528204129,11.306986023746482,No,12.666666666666668,SW
2012.5,-0.6273414877584174,9.335970881967885,4.374703939123867,-11.813163528204129,11.306986023746482,No,13.083333333333334,SW
2012.5833333333335,0.04361745129780222,9.31169422918296,4.144688319519238,-11.813163528204129,11.306986023746482,No,13.5,SW
2012.6666666666667,0.8866653685169514,9.287417576398036,7.125917055085013,-11.813163528204129,11.306986023746482,No,17.3,SW
2012.75,0.05710249898129997,9.263140923613113,-2.6535767559277463,-11.813163528204129,11.306986023746482,No,6.666666666666667,SW
2012.8333333333335,0.031558008488963264,9.23886427082819,-2.2704222793171525,-11.813163528204129,11.306986023746482,No,7,SW
2012.9166666666667,-0.016923533510387796,9.214587618043266,-2.010164084532878,-11.813163528204129,11.306986023746482,No,7.1875,SW
2013,-0.11244515436680284,9.190310965258343,-1.7028658108915398,-11.813163528204129,11.306986023746482,No,7.375,SW
2013.0833333333335,-0.22142493446106917,9.16603431247342,-1.3821093780123501,-11.813163528204129,11.306986023746482,No,7.5625,SW
2013.1666666666667,-0.33892427082740967,9.141757659688496,-1.052833388861087,-11.813163528204129,11.306986023746482,No,7.749999999999999,SW
2013.25,0.08032952050676553,9.121524016905639,-1.2643535374124042,-11.813163528204129,11.306986023746482,No,7.9375,SW
2013.3333333333335,-0.11401723074030505,9.101290374122783,-0.8622731433824775,-11.813163528204129,11.306986023746482,No,8.125,SW
2013.4166666666667,0.3318037722185329,9.081056731339926,-1.1003605035584583,-11.813163528204129,11.306986023746482,No,8.3125,SW
2013.5,-0.6273414877584174,9.060823088557068,0.06651839920134961,-11.813163528204129,11.306986023746482,No,8.5,SW
2013.5833333333335,0.04361745129780222,9.040589445774211,8.915793102927987,-11.813163528204129,11.306986023746482,No,18,SW
2013.6666666666667,0.8866653685169514,9.020355802991356,-0.9070211715083065,-11.813163528204129,11.306986023746482,No,9,SW
2013.75,0.05710249898129997,9.000122160208498,3.742775340810203,-11.813163528204129,11.306986023746482,No,12.8,SW
2013.8333333333335,0.031558008488963264,8.97988851742564,2.8171249026568255,-11.813163528204129,11.306986023746482,No,11.82857142857143,SW
2013.9166666666667,-0.016923533510387796,8.959654874642785,1.9144115160104604,-11.813163528204129,11.306986023746482,No,10.857142857142858,SW
2014,-0.11244515436680284,8.939421231859928,1.0587382082211612,-11.813163528204129,11.306986023746482,No,9.885714285714286,SW
2014.0833333333335,-0.22142493446106917,8.91918758907707,0.2165230596697132,-11.813163528204129,11.306986023746482,No,8.914285714285715,SW
2014.1666666666667,-0.33892427082740967,8.898953946294213,-0.6171725326096613,-11.813163528204129,11.306986023746482,No,7.942857142857142,SW
2014.25,0.08032952050676553,8.878720303511358,-1.9876212525895518,-11.813163528204129,11.306986023746482,No,6.9714285714285715,SW
2014.3333333333335,-0.11401723074030505,8.8584866607285,-2.7444694299881958,-11.813163528204129,11.306986023746482,No,6,SW
2014.4166666666667,0.3318037722185329,8.831678763960026,-3.4968158695118916,-11.813163528204129,11.306986023746482,No,5.666666666666667,SW
2014.5,-0.6273414877584174,8.804870867191552,-2.8441960460998015,-11.813163528204129,11.306986023746482,No,5.333333333333333,SW
2014.5833333333335,0.04361745129780222,8.778062970423077,-3.8216804217208793,-11.813163528204129,11.306986023746482,No,5,SW
2014.6666666666667,0.8866653685169514,8.751255073654603,25.07636527211416,-11.813163528204129,11.306986023746482,Yes,34.714285714285715,SW
2014.75,0.05710249898129997,8.724447176886128,9.21845032413257,-11.813163528204129,11.306986023746482,No,18,SW
2014.8333333333335,0.031558008488963264,8.697639280117654,-1.229197288606617,-11.813163528204129,11.306986023746482,No,7.5,SW
2014.9166666666667,-0.016923533510387796,8.670831383349178,0.9127588168278766,-11.813163528204129,11.306986023746482,No,9.566666666666666,SW
2015,-0.11244515436680284,8.644023486580704,3.1017550011194324,-11.813163528204129,11.306986023746482,No,11.633333333333333,SW
2015.0833333333335,-0.22142493446106917,8.61721558981223,5.304209344648839,-11.813163528204129,11.306986023746482,No,13.7,SW
2015.1666666666667,-0.33892427082740967,8.590407693043755,7.51518324445032,-11.813163528204129,11.306986023746482,No,15.766666666666666,SW
2015.25,0.08032952050676553,8.56359979627528,9.189404016551286,-11.813163528204129,11.306986023746482,No,17.833333333333332,SW
2015.3333333333335,-0.11401723074030505,8.536791899506806,1.0772253312334996,-11.813163528204129,11.306986023746482,No,9.5,SW
2015.4166666666667,0.3318037722185329,8.509984002738332,5.158212225043135,-11.813163528204129,11.306986023746482,No,14,SW
2015.5,-0.6273414877584174,8.483176105969857,-2.85583461821144,-11.813163528204129,11.306986023746482,No,5,SW
2015.5833333333335,0.04361745129780222,8.451949333005047,-2.9955667843028486,-11.813163528204129,11.306986023746482,No,5.5,SW
2015.6666666666667,0.8866653685169514,8.420722560040236,-2.557387928557187,-11.813163528204129,11.306986023746482,No,6.75,SW
2015.75,0.05710249898129997,8.389495787075427,-0.44659828605672747,-11.813163528204129,11.306986023746482,No,8,SW
2015.8333333333335,0.031558008488963264,8.358269014110617,2.2976729774004205,-11.813163528204129,11.306986023746482,No,10.6875,SW
2015.9166666666667,-0.016923533510387796,8.327042241145806,26.26130986379315,-11.813163528204129,11.306986023746482,Yes,34.57142857142857,SW
2016,-0.11244515436680284,8.295815468180995,12.629129686185808,-11.813163528204129,11.306986023746482,Yes,20.8125,SW
2016.0833333333335,-0.22142493446106917,8.264588695216187,-2.5431637607551174,-11.813163528204129,11.306986023746482,No,5.5,SW
2016.1666666666667,-0.33892427082740967,8.233361922251376,-2.5194376514239663,-11.813163528204129,11.306986023746482,No,5.375,SW
2016.25,0.08032952050676553,8.202135149286566,-3.032464669793331,-11.813163528204129,11.306986023746482,No,5.25,SW
2016.3333333333335,-0.11401723074030505,8.170908376321755,-2.9318911455814503,-11.813163528204129,11.306986023746482,No,5.125,SW
2016.4166666666667,0.3318037722185329,8.139681603356944,-3.471485375575477,-11.813163528204129,11.306986023746482,No,5,SW
2016.5,-0.6273414877584174,8.108454830392136,1.5188866573662825,-11.813163528204129,11.306986023746482,No,9,SW
2016.5833333333335,0.04361745129780222,8.077228057427325,12.323598935719316,-11.813163528204129,11.306986023746482,Yes,20.444444444444443,SW
2016.6666666666667,0.8866653685169514,8.046001284462514,6.696962976650163,-11.813163528204129,11.306986023746482,No,15.629629629629628,SW
2016.75,0.05710249898129997,8.03910411598448,2.718608199849035,-11.813163528204129,11.306986023746482,No,10.814814814814815,SW
2016.8333333333335,0.031558008488963264,8.032206947506449,-2.0637649559954117,-11.813163528204129,11.306986023746482,No,6,SW
2016.9166666666667,-0.016923533510387796,8.025309779028415,8.809795572663788,-11.813163528204129,11.306986023746482,No,16.818181818181817,SW
2017,-0.11244515436680284,8.018412610550383,-2.40596745618358,-11.813163528204129,11.306986023746482,No,5.5,SW
2017.0833333333335,-0.22142493446106917,8.01151544207235,-2.1234238409446133,-11.813163528204129,11.306986023746482,No,5.666666666666667,SW
2017.1666666666667,-0.33892427082740967,8.004618273594318,-1.8323606694335748,-11.813163528204129,11.306986023746482,No,5.833333333333333,SW
2017.25,0.08032952050676553,7.997721105116284,-2.0780506256230495,-11.813163528204129,11.306986023746482,No,6,SW
2017.3333333333335,-0.11401723074030505,7.990823936638251,13.256526627435388,-11.813163528204129,11.306986023746482,Yes,21.133333333333333,SW
2017.4166666666667,0.3318037722185329,7.983926768160218,0.6842694596212482,-11.813163528204129,11.306986023746482,No,9,SW
2017.5,-0.6273414877584174,7.977029599682186,-0.3496881119237685,-11.813163528204129,11.306986023746482,No,7,SW
2017.5833333333335,0.04361745129780222,7.970132431204152,-3.013749882501954,-11.813163528204129,11.306986023746482,No,5,SW
2017.6666666666667,0.8866653685169514,7.963235262726119,-1.8499006312430701,-11.813163528204129,11.306986023746482,No,7,SW
2017.75,0.05710249898129997,7.956338094248086,0.9865594067706143,-11.813163528204129,11.306986023746482,No,9,SW
2017.8333333333335,0.031558008488963264,7.949440925770054,0.01900106574098359,-11.813163528204129,11.306986023746482,No,8,SW
2017.9166666666667,-0.016923533510387796,7.968681066751971,0.048242466758416924,-11.813163528204129,11.306986023746482,No,8,SW
2018,-0.11244515436680284,7.98792120773389,0.12452394663291333,-11.813163528204129,11.306986023746482,No,8,SW
2018.0833333333335,-0.22142493446106917,8.007161348715808,0.21426358574526105,-11.813163528204129,11.306986023746482,No,8,SW
2018.1666666666667,-0.33892427082740967,8.026401489697726,0.3125227811296831,-11.813163528204129,11.306986023746482,No,7.999999999999999,SW
2018.25,0.08032952050676553,8.045641630679643,-0.125971151186409,-11.813163528204129,11.306986023746482,No,8,SW
2018.3333333333335,-0.11401723074030505,8.064881771661561,0.0491354590787445,-11.813163528204129,11.306986023746482,No,8,SW
2018.4166666666667,0.3318037722185329,8.08412191264348,-0.415925684862013,-11.813163528204129,11.306986023746482,No,8,SW
2018.5,-0.6273414877584174,8.103362053625398,0.52397943413302,-11.813163528204129,11.306986023746482,No,8,SW
2018.5833333333335,0.04361745129780222,8.122602194607316,3.50044702076155,-11.813163528204129,11.306986023746482,No,11.666666666666668,SW
2018.6666666666667,0.8866653685169514,8.141842335589233,6.30482562922715,-11.813163528204129,11.306986023746482,No,15.333333333333334,SW
2018.75,0.05710249898129997,8.161082476571151,-1.7181849755524512,-11.813163528204129,11.306986023746482,No,6.5,SW
2018.8333333333335,0.031558008488963264,8.18032261755307,-1.8368806260420332,-11.813163528204129,11.306986023746482,No,6.375,SW
2018.9166666666667,-0.016923533510387796,8.199562758534988,-1.9326392250245998,-11.813163528204129,11.306986023746482,No,6.25,SW
2019,-0.11244515436680284,8.218802899516906,-1.9813577451501025,-11.813163528204129,11.306986023746482,No,6.125,SW
2019.0833333333335,-0.22142493446106917,8.254602809342671,-2.033177874881602,-11.813163528204129,11.306986023746482,No,6,SW
2019.1666666666667,-0.33892427082740967,8.290402719168435,-2.0348117816743585,-11.813163528204129,11.306986023746482,No,5.916666666666667,SW
2019.25,0.08032952050676553,8.326202628994201,-2.5731988161676336,-11.813163528204129,11.306986023746482,No,5.833333333333333,SW
2019.3333333333335,-0.11401723074030505,8.362002538819967,-2.497985308079662,-11.813163528204129,11.306986023746482,No,5.75,SW
2019.4166666666667,0.3318037722185329,8.397802448645733,-3.062939554197598,-11.813163528204129,11.306986023746482,No,5.666666666666667,SW
2019.5,-0.6273414877584174,8.433602358471497,-2.2229275373797464,-11.813163528204129,11.306986023746482,No,5.583333333333333,SW
2019.5833333333335,0.04361745129780222,8.469402268297262,-3.0130197195950643,-11.813163528204129,11.306986023746482,No,5.5,SW
2019.6666666666667,0.8866653685169514,8.505202178123028,-3.975200879973313,-11.813163528204129,11.306986023746482,No,5.416666666666666,SW
2019.75,0.05710249898129997,8.541002087948792,-3.2647712535967592,-11.813163528204129,11.306986023746482,No,5.333333333333333,SW
2019.8333333333335,0.031558008488963264,8.576801997774558,-3.3583600062635206,-11.813163528204129,11.306986023746482,No,5.25,SW
2019.9166666666667,-0.016923533510387796,8.612601907600324,-3.4290117074232684,-11.813163528204129,11.306986023746482,No,5.166666666666667,SW
2020,-0.11244515436680284,8.64840181742609,-3.452623329725953,-11.813163528204129,11.306986023746482,No,5.083333333333333,SW
2020.0833333333335,-0.22142493446106917,8.684201727251853,-3.462776792790784,-11.813163528204129,11.306986023746482,No,5,SW
2020.1666666666667,-0.33892427082740967,8.720001637077619,0.11892263374978995,-11.813163528204129,11.306986023746482,No,8.5,SW
2020.25,0.08032952050676553,8.742323542593319,3.177346936899916,-11.813163528204129,11.306986023746482,No,12,SW
2020.3333333333335,-0.11401723074030505,8.76464544810902,6.849371782631286,-11.813163528204129,11.306986023746482,No,15.5,SW
2020.4166666666667,0.3318037722185329,8.78696735362472,2.131228874156747,-11.813163528204129,11.306986023746482,No,11.25,SW
2020.5,-0.6273414877584174,8.809289259140419,-1.181947771382002,-11.813163528204129,11.306986023746482,No,7,SW
2020.5833333333335,0.04361745129780222,8.831611164656119,-2.8752286159539207,-11.813163528204129,11.306986023746482,No,6,SW
2020.6666666666667,0.8866653685169514,8.85393307017182,-3.073931772022105,-11.813163528204129,11.306986023746482,No,6.666666666666666,SW
2020.75,0.05710249898129997,8.87625497568752,-1.6000241413354868,-11.813163528204129,11.306986023746482,No,7.333333333333333,SW
2020.8333333333335,0.031558008488963264,8.898576881203219,-0.9301348896921819,-11.813163528204129,11.306986023746482,No,8,SW
2020.9166666666667,-0.016923533510387796,8.92089878671892,-3.4039752532085323,-11.813163528204129,11.306986023746482,No,5.5,SW
2021,-0.11244515436680284,8.94322069223462,-0.6343469664392458,-11.813163528204129,11.306986023746482,No,8.196428571428571,SW
2021.0833333333335,-0.22142493446106917,8.96554259775032,2.148739479567892,-11.813163528204129,11.306986023746482,No,10.892857142857142,SW
2021.1666666666667,-0.33892427082740967,8.98786450326602,4.940345481847103,-11.813163528204129,11.306986023746482,No,13.589285714285714,SW
2021.25,0.08032952050676553,9.01018640878172,7.195198356425799,-11.813163528204129,11.306986023746482,No,16.285714285714285,SW
2021.3333333333335,-0.11401723074030505,9.03250831429742,6.443413678347646,-11.813163528204129,11.306986023746482,No,15.36190476190476,SW
2021.4166666666667,0.3318037722185329,9.059977796394714,5.0463136694819895,-11.813163528204129,11.306986023746482,No,14.438095238095237,SW
2021.5,-0.6273414877584174,9.087447278492006,5.054179923552127,-11.813163528204129,11.306986023746482,No,13.514285714285714,SW
2021.5833333333335,0.04361745129780222,9.1149167605893,3.431941978589089,-11.813163528204129,11.306986023746482,No,12.59047619047619,SW
2021.6666666666667,0.8866653685169514,9.142386242686593,1.6376150554631224,-11.813163528204129,11.306986023746482,No,11.666666666666666,SW
2021.75,0.05710249898129997,9.169855724783886,2.3147084429014804,-11.813163528204129,11.306986023746482,No,11.541666666666666,SW
2021.8333333333335,0.031558008488963264,9.197325206881178,2.187783451296525,-11.813163528204129,11.306986023746482,No,11.416666666666666,SW
2021.9166666666667,-0.016923533510387796,9.224794688978472,2.0837955111985824,-11.813163528204129,11.306986023746482,No,11.291666666666666,SW
2022,-0.11244515436680284,9.252264171075765,2.0268476499577037,-11.813163528204129,11.306986023746482,No,11.166666666666666,SW
2022.0833333333335,-0.22142493446106917,9.279733653173057,1.9833579479546781,-11.813163528204129,11.306986023746482,No,11.041666666666666,SW
2022.1666666666667,-0.33892427082740967,9.30720313527035,1.9483878022237242,-11.813163528204129,11.306986023746482,No,10.916666666666666,SW
2022.25,0.08032952050676553,9.334672617367644,1.376664528792256,-11.813163528204129,11.306986023746482,No,10.791666666666666,SW
2022.3333333333335,-0.11401723074030505,9.362142099464938,1.4185417979420336,-11.813163528204129,11.306986023746482,No,10.666666666666666,SW
2022.4166666666667,0.3318037722185329,9.38961158156223,0.16747353510812601,-11.813163528204129,11.306986023746482,No,9.88888888888889,SW
2022.5,-0.6273414877584174,9.417081063659523,1.4361863500248209,-11.813163528204129,11.306986023746482,No,10.225925925925926,SW
2022.5833333333335,0.04361745129780222,9.447353999296995,1.0719915123681663,-11.813163528204129,11.306986023746482,No,10.562962962962963,SW
2022.6666666666667,0.8866653685169514,9.477626934934465,0.5357076965485845,-11.813163528204129,11.306986023746482,No,10.9,SW
2022.75,0.05710249898129997,9.507899870571936,24.884997630446765,-11.813163528204129,11.306986023746482,Yes,34.45,SW
2022.8333333333335,0.031558008488963264,9.538172806209406,48.430269185301626,-11.813163528204129,11.306986023746482,Yes,57.99999999999999,SW
2022.9166666666667,-0.016923533510387796,9.568445741846878,17.615144458330178,-11.813163528204129,11.306986023746482,Yes,27.16666666666667,SW
2023,-0.11244515436680284,9.598718677484348,-3.4862735231175446,-11.813163528204129,11.306986023746482,No,6,SW
2023.0833333333335,-0.22142493446106917,9.62899161312182,3.7924333213392494,-11.813163528204129,11.306986023746482,No,13.2,SW
2023.1666666666667,-0.33892427082740967,9.65926454875929,11.079659722068117,-11.813163528204129,11.306986023746482,No,20.4,SW
2023.25,0.08032952050676553,9.68953748439676,8.372990137953616,-11.813163528204129,11.306986023746482,No,18.142857142857142,SW
2023.3333333333335,-0.11401723074030505,9.719810420034232,-0.9391265226272605,-11.813163528204129,11.306986023746482,No,8.666666666666666,SW
2023.4166666666667,0.3318037722185329,9.750083355671702,3.8514462054430982,-11.813163528204129,11.306986023746482,No,13.933333333333334,SW
2023.5,-0.6273414877584174,9.7803562913091735,0.3136518631159113,-11.813163528204129,11.306986023746482,No,9.466666666666667,SW
2023.5833333333335,0.04361745129780222,9.810629226946643,-4.854246678244445,-11.813163528204129,11.306986023746482,No,5,SW
2023.6666666666667,0.8866653685169514,9.840902162584115,38.272432468898934,-11.813163528204129,11.306986023746482,Yes,49,SW
2023.75,0.05710249898129997,9.868796826892325,10.89228249230819,-11.813163528204129,11.306986023746482,No,20.818181818181817,SW
2023.8333333333335,0.031558008488963264,9.896691491200533,31.0717505003105,-11.813163528204129,11.306986023746482,Yes,41,SW
2023.9166666666667,-0.016923533510387796,9.924586155508743,26.268807966236942,-11.813163528204129,11.306986023746482,Yes,36.1764705882353,SW
2024,-0.11244515436680284,9.952480819816952,42.659964334549855,-11.813163528204129,11.306986023746482,Yes,52.50000000000001,SW
2024.0833333333335,-0.22142493446106917,9.980375484125162,28.336287545574002,-11.813163528204129,11.306986023746482,Yes,38.095238095238095,SW
2024.1666666666667,-0.33892427082740967,10.00827014843337,14.021130312870229,-11.813163528204129,11.306986023746482,Yes,23.69047619047619,SW
2024.25,0.08032952050676553,10.03616481274158,-0.8307800475340592,-11.813163528204129,11.306986023746482,No,9.285714285714286,SW
2024.3333333333335,-0.11401723074030505,10.06405947704979,-1.759566055833293,-11.813163528204129,11.306986023746482,No,8.190476190476192,SW
2024.4166666666667,0.3318037722185329,10.091954141357999,-3.3285198183384352,-11.813163528204129,11.306986023746482,No,7.095238095238096,SW
2024.5,-0.6273414877584174,10.119848805666209,-3.4925073179077915,-11.813163528204129,11.306986023746482,No,6,SW
2024.5833333333335,0.04361745129780222,10.147743469974417,-3.941360921272219,-11.813163528204129,11.306986023746482,No,6.25,SW
2024.6666666666667,0.8866653685169514,10.175638134282627,-4.562303502799578,-11.813163528204129,11.306986023746482,No,6.5,SW
2024.75,0.05710249898129997,10.203532798590835,-3.5106352975721355,-11.813163528204129,11.306986023746482,No,6.75,SW
2024.8333333333335,0.031558008488963264,10.231427462899045,9.903681195278658,-11.813163528204129,11.306986023746482,No,20.166666666666668,SW
2024.9166666666667,-0.016923533510387796,10.255606344420947,1.9613171890894403,-11.813163528204129,11.306986023746482,No,12.2,SW
2025,-0.11244515436680284,10.27978522594285,-2.611784516020492,-11.813163528204129,11.306986023746482,No,7.555555555555555,SW
2025.0833333333335,-0.22142493446106917,10.303964107464752,-2.082539173003683,-11.813163528204129,11.306986023746482,No,8,SW
2025.1666666666667,-0.33892427082740967,10.328142988986654,-3.3225520514925773,-11.813163528204129,11.306986023746482,No,6.666666666666667,SW
2025.25,0.08032952050676553,10.352321870508558,-1.9326513910153231,-11.813163528204129,11.306986023746482,No,8.5,SW
2025.3333333333335,-0.11401723074030505,10.37650075203046,-3.2624835212901546,-11.813163528204129,11.306986023746482,No,7,SW
2025.4166666666667,0.3318037722185329,10.400679633552361,7.6008499275624395,-11.813163528204129,11.306986023746482,No,18.333333333333332,SW
2025.5,-0.6273414877584174,10.424858515074263,-0.29751702731584473,-11.813163528204129,11.306986023746482,No,9.5,SW
2025.5833333333335,0.04361745129780222,10.449037396596166,1.1740118187726978,-11.813163528204129,11.306986023746482,No,11.666666666666666,SW
2025.6666666666667,0.8866653685169514,10.473216278118068,0.3067850200316471,-11.813163528204129,11.306986023746482,No,11.666666666666666,SW
2025.75,0.05710249898129997,10.49739515963997,1.112169008045397,-11.813163528204129,11.306986023746482,No,11.666666666666666,SW
2025.8333333333335,0.031558008488963264,10.521574041161873,1.11353461701583,-11.813163528204129,11.306986023746482,No,11.666666666666666,SW
2025.9166666666667,-0.016923533510387796,10.545752922683775,1.1378372774932792,-11.813163528204129,11.306986023746482,No,11.666666666666666,SW
1981.6666666666667,0.5422022474835907,5.48512131683929,-1.0273235643228809,-7.2217022532997674,6.451249566149112,No,5,S
1981.75,0.1464776030125723,5.51433633811611,-0.6608139411286826,-7.2217022532997674,6.451249566149112,No,5,S
1981.8333333333335,0.03611543411152066,5.54355135939293,-0.579666793504451,-7.2217022532997674,6.451249566149112,No,5,S
1981.9166666666667,0.13122723670714576,5.57276638066975,-0.703993617376895,-7.2217022532997674,6.451249566149112,No,5,S
1982,0.22892080519850613,5.60198140194657,-0.8309022071450762,-7.2217022532997674,6.451249566149112,No,5,S
1982.0833333333335,-0.1391295359731682,5.63119642322339,-0.4920668872502212,-7.2217022532997674,6.451249566149112,No,5,S
1982.1666666666667,-0.15571981867736703,5.66041144450021,-0.5046916258228427,-7.2217022532997674,6.451249566149112,No,5,S
1982.25,-0.5419313268039616,5.689626465777029,-0.1476951389730674,-7.2217022532997674,6.451249566149112,No,5,S
1982.3333333333335,-0.5350289377293392,5.718841487053849,-0.18381254932450997,-7.2217022532997674,6.451249566149112,No,5,S
1982.4166666666667,0.1702530350322103,5.748056508330669,-0.2683095433628795,-7.2217022532997674,6.451249566149112,No,5.65,S
1982.5,0.08557212665005103,5.777271529607489,0.43715634374245926,-7.2217022532997674,6.451249566149112,No,6.3,S
1982.5833333333335,0.031041160258885304,5.806486550884309,1.1124722888568046,-7.2217022532997674,6.451249566149112,No,6.949999999999999,S
1982.6666666666667,0.5422022474835907,5.8357015721611285,1.2220961803552806,-7.2217022532997674,6.451249566149112,No,7.6,S
1982.75,0.1464776030125723,5.864916593437949,1.4052724702161452,-7.2217022532997674,6.451249566149112,No,7.416666666666666,S
1982.8333333333335,0.03611543411152066,5.894131614714769,1.3030862845070441,-7.2217022532997674,6.451249566149112,No,7.233333333333333,S
1982.9166666666667,0.13122723670714576,5.925261824046185,0.9935109392466694,-7.2217022532997674,6.451249566149112,No,7.05,S
1983,0.22892080519850613,5.956392033377601,0.6813538280905584,-7.2217022532997674,6.451249566149112,No,6.866666666666666,S
1983.0833333333335,-0.1391295359731682,5.987522242709018,0.8349406265974846,-7.2217022532997674,6.451249566149112,No,6.683333333333334,S
1983.1666666666667,-0.15571981867736703,6.018652452040434,0.6370673666369333,-7.2217022532997674,6.451249566149112,No,6.5,S
1983.25,-0.5419313268039616,6.04978266137185,0.9207200940035403,-7.2217022532997674,6.451249566149112,No,6.428571428571429,S
1983.3333333333335,-0.5350289377293392,6.0809128707032665,0.8112589241689294,-7.2217022532997674,6.451249566149112,No,6.357142857142857,S
1983.4166666666667,0.1702530350322103,6.112043080034683,0.003418170647392138,-7.2217022532997674,6.451249566149112,No,6.285714285714286,S
1983.5,0.08557212665005103,6.143173289366098,-0.014459701730435093,-7.2217022532997674,6.451249566149112,No,6.214285714285714,S
1983.5833333333335,0.031041160258885304,6.1743034986975145,-0.062487516099256624,-7.2217022532997674,6.451249566149112,No,6.142857142857143,S
1983.6666666666667,0.5422022474835907,6.205433708028931,-0.6762073840839502,-7.2217022532997674,6.451249566149112,No,6.071428571428571,S
1983.75,0.1464776030125723,6.236563917360347,-0.3830415203729194,-7.2217022532997674,6.451249566149112,No,6,S
1983.8333333333335,0.03611543411152066,6.267694126691763,1.2676190106252871,-7.2217022532997674,6.451249566149112,No,7.571428571428571,S
1983.9166666666667,0.13122723670714576,6.29882433602318,1.0699484272696749,-7.2217022532997674,6.451249566149112,No,7.5,S
1984,0.22892080519850613,6.329954545354596,0.8696960780183254,-7.2217022532997674,6.451249566149112,No,7.428571428571428,S
1984.0833333333335,-0.1391295359731682,6.363102842392163,1.1331695507238626,-7.2217022532997674,6.451249566149112,No,7.357142857142857,S
1984.1666666666667,-0.15571981867736703,6.396251139429729,1.0451829649619242,-7.2217022532997674,6.451249566149112,No,7.285714285714286,S
1984.25,-0.5419313268039616,6.429399436467295,1.3268176046223807,-7.2217022532997674,6.451249566149112,No,7.214285714285714,S
1984.3333333333335,-0.5350289377293392,6.462547733504861,1.2153383470816204,-7.2217022532997674,6.451249566149112,No,7.142857142857142,S
1984.4166666666667,0.1702530350322103,6.495696030542428,0.40547950585393266,-7.2217022532997674,6.451249566149112,No,7.071428571428571,S
1984.5,0.08557212665005103,6.528844327579994,0.385583545769955,-7.2217022532997674,6.451249566149112,No,7,S
1984.5833333333335,0.031041160258885304,6.56199262461756,0.33553764369498307,-7.2217022532997674,6.451249566149112,No,6.928571428571429,S
1984.6666666666667,0.5422022474835907,6.595140921655127,-0.28020031199586093,-7.2217022532997674,6.451249566149112,No,6.857142857142857,S
1984.75,0.1464776030125723,6.628289218692693,0.010947464009020358,-7.2217022532997674,6.451249566149112,No,6.785714285714286,S
1984.8333333333335,0.03611543411152066,6.66143751573026,0.016732764443934123,-7.2217022532997674,6.451249566149112,No,6.714285714285714,S
1984.9166666666667,0.13122723670714576,6.6945858127678255,-0.18295590661782857,-7.2217022532997674,6.451249566149112,No,6.642857142857142,S
1985,0.22892080519850613,6.727734109805392,-0.3852263435753276,-7.2217022532997674,6.451249566149112,No,6.571428571428571,S
1985.0833333333335,-0.1391295359731682,6.760882406842958,-0.12175287086978948,-7.2217022532997674,6.451249566149112,No,6.5,S
1985.1666666666667,-0.15571981867736703,6.794030703880525,-0.20973945663172877,-7.2217022532997674,6.451249566149112,No,6.428571428571429,S
1985.25,-0.5419313268039616,6.826920090508235,0.07215409343858337,-7.2217022532997674,6.451249566149112,No,6.357142857142857,S
1985.3333333333335,-0.5350289377293392,6.859809477135946,-0.03906625369232142,-7.2217022532997674,6.451249566149112,No,6.285714285714286,S
1985.4166666666667,0.1702530350322103,6.892698863763656,-0.8486661845101526,-7.2217022532997674,6.451249566149112,No,6.214285714285714,S
1985.5,0.08557212665005103,6.9255882503913675,-0.8683032341842756,-7.2217022532997674,6.451249566149112,No,6.142857142857143,S
1985.5833333333335,0.031041160258885304,6.958477637019078,-0.9180902258493919,-7.2217022532997674,6.451249566149112,No,6.071428571428571,S
1985.6666666666667,0.5422022474835907,6.991367023646789,-1.5335692711303794,-7.2217022532997674,6.451249566149112,No,6,S
1985.75,0.1464776030125723,7.024256410274499,-2.1707340132870714,-7.2217022532997674,6.451249566149112,No,5,S
1985.8333333333335,0.03611543411152066,7.057145796902209,-1.9854180937588284,-7.2217022532997674,6.451249566149112,No,5.107843137254902,S
1985.9166666666667,0.13122723670714576,7.0900351835299205,-2.005576145727262,-7.2217022532997674,6.451249566149112,No,5.215686274509804,S
1986,0.22892080519850613,7.122924570157631,-2.0283159635914316,-7.2217022532997674,6.451249566149112,No,5.323529411764706,S
1986.0833333333335,-0.1391295359731682,7.155813956785342,-1.5853118717925652,-7.2217022532997674,6.451249566149112,No,5.431372549019608,S
1986.1666666666667,-0.15571981867736703,7.188703343413052,-1.4937678384611752,-7.2217022532997674,6.451249566149112,No,5.53921568627451,S
1986.25,-0.5419313268039616,7.221592730040763,-1.0326025797073894,-7.2217022532997674,6.451249566149112,No,5.647058823529412,S
1986.3333333333335,-0.5350289377293392,7.254482116668473,-0.9645512181548206,-7.2217022532997674,6.451249566149112,No,5.754901960784314,S
1986.4166666666667,0.1702530350322103,7.281021682967641,-1.588529619960636,-7.2217022532997674,6.451249566149112,No,5.862745098039215,S
1986.5,0.08557212665005103,7.307561249266807,-1.4225451406227405,-7.2217022532997674,6.451249566149112,No,5.970588235294118,S
1986.5833333333335,0.031041160258885304,7.334100815565974,-1.2867106032758402,-7.2217022532997674,6.451249566149112,No,6.078431372549019,S
1986.6666666666667,0.5422022474835907,7.360640381865141,-1.7165681195448101,-7.2217022532997674,6.451249566149112,No,6.186274509803922,S
1986.75,0.1464776030125723,7.387179948164308,-1.2395399041180566,-7.2217022532997674,6.451249566149112,No,6.294117647058823,S
1986.8333333333335,0.03611543411152066,7.413719514463475,-1.0478741642612706,-7.2217022532997674,6.451249566149112,No,6.401960784313725,S
1986.9166666666667,0.13122723670714576,7.440259080762642,-1.06168239590116,-7.2217022532997674,6.451249566149112,No,6.509803921568627,S
1987,0.22892080519850613,7.466798647061808,-1.078072393436786,-7.2217022532997674,6.451249566149112,No,6.617647058823529,S
1987.0833333333335,-0.1391295359731682,7.493338213360976,-0.6287184813093756,-7.2217022532997674,6.451249566149112,No,6.7254901960784315,S
1987.1666666666667,-0.15571981867736703,7.519877779660142,-0.5308246276494417,-7.2217022532997674,6.451249566149112,No,6.833333333333333,S
1987.25,-0.5419313268039616,7.546417345959309,-0.5044860191553475,-7.2217022532997674,6.451249566149112,No,6.5,S
1987.3333333333335,-0.5350289377293392,7.572956912258476,-0.8712613078624711,-7.2217022532997674,6.451249566149112,No,6.166666666666666,S
1987.4166666666667,0.1702530350322103,7.599496478557643,-1.9364161802565203,-7.2217022532997674,6.451249566149112,No,5.833333333333333,S
1987.5,0.08557212665005103,7.62603604485681,-2.211608171506861,-7.2217022532997674,6.451249566149112,No,5.5,S
1987.5833333333335,0.031041160258885304,7.637735237141954,-2.6687763974008396,-7.2217022532997674,6.451249566149112,No,5,S
1987.6666666666667,0.5422022474835907,7.649434429427099,6.141696656422645,-7.2217022532997674,6.451249566149112,No,14.333333333333334,S
1987.75,0.1464776030125723,7.661133621712243,5.892388775275186,-7.2217022532997674,6.451249566149112,No,13.700000000000001,S
1987.8333333333335,0.03611543411152066,7.6728328139973865,5.357718418557759,-7.2217022532997674,6.451249566149112,No,13.066666666666666,S
1987.9166666666667,0.13122723670714576,7.684532006282531,4.617574090343657,-7.2217022532997674,6.451249566149112,No,12.433333333333334,S
1988,0.22892080519850613,7.696231198567675,3.87484799623382,-7.2217022532997674,6.451249566149112,No,11.8,S
1988.0833333333335,-0.1391295359731682,7.70793039085282,3.597865811787017,-7.2217022532997674,6.451249566149112,No,11.166666666666668,S
1988.1666666666667,-0.15571981867736703,7.719629583137964,2.9694235688727364,-7.2217022532997674,6.451249566149112,No,10.533333333333333,S
1988.25,-0.5419313268039616,7.731328775423108,2.7106025513808536,-7.2217022532997674,6.451249566149112,No,9.9,S
1988.3333333333335,-0.5350289377293392,7.743027967708253,2.058667636687753,-7.2217022532997674,6.451249566149112,No,9.266666666666666,S
1988.4166666666667,0.1702530350322103,7.754727159993396,0.708353138307726,-7.2217022532997674,6.451249566149112,No,8.633333333333333,S
1988.5,0.08557212665005103,7.766426352278541,0.14800152107140807,-7.2217022532997674,6.451249566149112,No,8,S
1988.5833333333335,0.031041160258885304,7.778125544563685,1.0102777396218743,-7.2217022532997674,6.451249566149112,No,8.819444444444445,S
1988.6666666666667,0.5422022474835907,7.789824736848829,1.3068619045564693,-7.2217022532997674,6.451249566149112,No,9.63888888888889,S
1988.75,0.1464776030125723,7.7905561254607525,2.5212996048600074,-7.2217022532997674,6.451249566149112,No,10.458333333333332,S
1988.8333333333335,0.03611543411152066,7.791287514072675,3.4503748295935814,-7.2217022532997674,6.451249566149112,No,11.277777777777777,S
1988.9166666666667,0.13122723670714576,7.792018902684598,4.173976082830478,-7.2217022532997674,6.451249566149112,No,12.097222222222221,S
1989,0.22892080519850613,7.79275029129652,4.89499557017164,-7.2217022532997674,6.451249566149112,No,12.916666666666666,S
1989.0833333333335,-0.1391295359731682,7.793481679908443,6.081758967175836,-7.2217022532997674,6.451249566149112,No,13.73611111111111,S
1989.1666666666667,-0.15571981867736703,7.794213068520365,6.917062305712555,-7.2217022532997674,6.451249566149112,Yes,14.555555555555554,S
1989.25,-0.5419313268039616,7.794944457132289,8.121986869671673,-7.2217022532997674,6.451249566149112,Yes,15.375,S
1989.3333333333335,-0.5350289377293392,7.795675845744212,8.933797536429571,-7.2217022532997674,6.451249566149112,Yes,16.194444444444443,S
1989.4166666666667,0.1702530350322103,7.796407234356134,9.04722861950054,-7.2217022532997674,6.451249566149112,Yes,17.013888888888886,S
1989.5,0.08557212665005103,7.797138622968057,9.950622583715226,-7.2217022532997674,6.451249566149112,Yes,17.833333333333332,S
1989.5833333333335,0.031041160258885304,7.797870011579979,-2.8289111718388646,-7.2217022532997674,6.451249566149112,No,5,S
1989.6666666666667,0.5422022474835907,7.798601400191902,0.05919635232450737,-7.2217022532997674,6.451249566149112,No,8.4,S
1989.75,0.1464776030125723,7.799332788803825,3.854189608183604,-7.2217022532997674,6.451249566149112,No,11.8,S
1989.8333333333335,0.03611543411152066,7.800064177415748,2.803820388472732,-7.2217022532997674,6.451249566149112,No,10.64,S
1989.9166666666667,0.13122723670714576,7.788359230807396,1.5604135324854589,-7.2217022532997674,6.451249566149112,No,9.48,S
1990,0.22892080519850613,7.7766542841990445,0.31442491060245015,-7.2217022532997674,6.451249566149112,No,8.32,S
1990.0833333333335,-0.1391295359731682,7.764949337590693,-0.4658198016175241,-7.2217022532997674,6.451249566149112,No,7.16,S
1990.1666666666667,-0.15571981867736703,7.753244390982341,-1.597524572304974,-7.2217022532997674,6.451249566149112,No,6,S
1990.25,-0.5419313268039616,7.7415394443739896,-1.199608117570028,-7.2217022532997674,6.451249566149112,No,6,S
1990.3333333333335,-0.5350289377293392,7.729834497765638,-1.1948055600362988,-7.2217022532997674,6.451249566149112,No,6,S
1990.4166666666667,0.1702530350322103,7.718129551157286,0.2782840804771709,-7.2217022532997674,6.451249566149112,No,8.166666666666668,S
1990.5,0.08557212665005103,7.706424604548935,2.541336602134348,-7.2217022532997674,6.451249566149112,No,10.333333333333334,S
1990.5833333333335,0.031041160258885304,7.694719657940583,-1.7257608181994684,-7.2217022532997674,6.451249566149112,No,6,S
1990.6666666666667,0.5422022474835907,7.683014711332231,-1.4474391810380443,-7.2217022532997674,6.451249566149112,No,6.777777777777778,S
1990.75,0.1464776030125723,7.67130976472388,-0.26223181218089664,-7.2217022532997674,6.451249566149112,No,7.555555555555555,S
1990.8333333333335,0.03611543411152066,7.659604818115528,0.6376130811062852,-7.2217022532997674,6.451249566149112,No,8.333333333333334,S
1990.9166666666667,0.13122723670714576,7.647899871507176,1.3319840028967889,-7.2217022532997674,6.451249566149112,No,9.11111111111111,S
1991,0.22892080519850613,7.636194924898825,2.023773158791559,-7.2217022532997674,6.451249566149112,No,9.88888888888889,S
1991.0833333333335,-0.1391295359731682,7.605078597196874,3.2007176054429625,-7.2217022532997674,6.451249566149112,No,10.666666666666668,S
1991.1666666666667,-0.15571981867736703,7.573962269494924,4.026201993626888,-7.2217022532997674,6.451249566149112,No,11.444444444444445,S
1991.25,-0.5419313268039616,7.542845941792974,5.221307607233209,-7.2217022532997674,6.451249566149112,No,12.222222222222221,S
1991.3333333333335,-0.5350289377293392,7.511729614091023,6.023299323638317,-7.2217022532997674,6.451249566149112,No,13,S
1991.4166666666667,0.1702530350322103,7.480613286389072,6.1269114563564955,-7.2217022532997674,6.451249566149112,No,13.777777777777779,S
1991.5,0.08557212665005103,7.4494969586871225,7.020486470218382,-7.2217022532997674,6.451249566149112,Yes,14.555555555555555,S
1991.5833333333335,0.031041160258885304,7.4183806309851725,7.883911542089276,-7.2217022532997674,6.451249566149112,Yes,15.333333333333334,S
1991.6666666666667,0.5422022474835907,7.387264303283222,-1.4294665507668123,-7.2217022532997674,6.451249566149112,No,6.5,S
1991.75,0.1464776030125723,7.356147975581271,-1.0405043664726312,-7.2217022532997674,6.451249566149112,No,6.462121212121212,S
1991.8333333333335,0.03611543411152066,7.325031647879321,-0.9369046577484177,-7.2217022532997674,6.451249566149112,No,6.424242424242424,S
1991.9166666666667,0.13122723670714576,7.293915320177371,-1.0387789205208797,-7.2217022532997674,6.451249566149112,No,6.386363636363637,S
1992,0.22892080519850613,7.26279899247542,-1.143234949189078,-7.2217022532997674,6.451249566149112,No,6.348484848484849,S
1992.0833333333335,-0.1391295359731682,7.231682664773469,-0.7819470681942402,-7.2217022532997674,6.451249566149112,No,6.3106060606060606,S
1992.1666666666667,-0.15571981867736703,7.200566337071519,-0.7721192456668797,-7.2217022532997674,6.451249566149112,No,6.2727272727272725,S
1992.25,-0.5419313268039616,7.172120719475658,-0.3953409078232113,-7.2217022532997674,6.451249566149112,No,6.234848484848485,S
1992.3333333333335,-0.5350289377293392,7.143675101879796,-0.4116764671807598,-7.2217022532997674,6.451249566149112,No,6.196969696969697,S
1992.4166666666667,0.1702530350322103,7.115229484283935,-1.1263916102252365,-7.2217022532997674,6.451249566149112,No,6.159090909090909,S
1992.5,0.08557212665005103,7.086783866688074,-1.051143872126004,-7.2217022532997674,6.451249566149112,No,6.121212121212121,S
1992.5833333333335,0.031041160258885304,7.058338249092213,-1.006046076017764,-7.2217022532997674,6.451249566149112,No,6.083333333333334,S
1992.6666666666667,0.5422022474835907,7.029892631496351,-1.5266403335253953,-7.2217022532997674,6.451249566149112,No,6.045454545454546,S
1992.75,0.1464776030125723,7.001447013900489,-1.140348859337304,-7.2217022532997674,6.451249566149112,No,6.007575757575758,S
1992.8333333333335,0.03611543411152066,6.973001396304628,-1.0394198607191791,-7.2217022532997674,6.451249566149112,No,5.96969696969697,S
1992.9166666666667,0.13122723670714576,6.944555778708766,-1.14396483359773,-7.2217022532997674,6.451249566149112,No,5.931818181818182,S
1993,0.22892080519850613,6.916110161112905,-1.251091572372017,-7.2217022532997674,6.451249566149112,No,5.8939393939393945,S
1993.0833333333335,-0.1391295359731682,6.887664543517044,-0.8924744014832688,-7.2217022532997674,6.451249566149112,No,5.856060606060606,S
1993.1666666666667,-0.15571981867736703,6.859218925921183,-0.8853172890619971,-7.2217022532997674,6.451249566149112,No,5.818181818181818,S
1993.25,-0.5419313268039616,6.830773308325321,-0.5085389512183287,-7.2217022532997674,6.451249566149112,No,5.78030303030303,S
1993.3333333333335,-0.5350289377293392,6.802327690729459,-0.5248745105758772,-7.2217022532997674,6.451249566149112,No,5.742424242424243,S
1993.4166666666667,0.1702530350322103,6.804957598880022,-1.2706651793667776,-7.2217022532997674,6.451249566149112,No,5.704545454545455,S
1993.5,0.08557212665005103,6.807587507030584,-1.226492967013968,-7.2217022532997674,6.451249566149112,No,5.666666666666667,S
1993.5833333333335,0.031041160258885304,6.810217415181146,-1.1745919087733645,-7.2217022532997674,6.451249566149112,No,5.666666666666667,S
1993.6666666666667,0.5422022474835907,6.812847323331709,-1.6883829041486322,-7.2217022532997674,6.451249566149112,No,5.666666666666667,S
1993.75,0.1464776030125723,6.81547723148227,-1.2952881678281756,-7.2217022532997674,6.451249566149112,No,5.666666666666667,S
1993.8333333333335,0.03611543411152066,6.818107139632833,-1.1875559070776864,-7.2217022532997674,6.451249566149112,No,5.666666666666667,S
1993.9166666666667,0.13122723670714576,6.820737047783395,-1.2852976178238738,-7.2217022532997674,6.451249566149112,No,5.666666666666667,S
1994,0.22892080519850613,6.823366955933957,-1.3856210944657965,-7.2217022532997674,6.451249566149112,No,5.666666666666667,S
1994.0833333333335,-0.1391295359731682,6.8259968640845194,-1.020200661444684,-7.2217022532997674,6.451249566149112,No,5.666666666666667,S
1994.1666666666667,-0.15571981867736703,6.828626772235081,-1.006240286891047,-7.2217022532997674,6.451249566149112,No,5.666666666666667,S
1994.25,-0.5419313268039616,6.831256680385644,-0.622658686915015,-7.2217022532997674,6.451249566149112,No,5.666666666666667,S
1994.3333333333335,-0.5350289377293392,6.833886588536206,-0.6321909841402,-7.2217022532997674,6.451249566149112,No,5.666666666666667,S
1994.4166666666667,0.1702530350322103,6.836516496686768,-1.3401028650523115,-7.2217022532997674,6.451249566149112,No,5.666666666666667,S
1994.5,0.08557212665005103,6.83914640483733,-1.2580518648207146,-7.2217022532997674,6.451249566149112,No,5.666666666666667,S
1994.5833333333335,0.031041160258885304,6.855541854667015,-1.2199163482592335,-7.2217022532997674,6.451249566149112,No,5.666666666666667,S
1994.6666666666667,0.5422022474835907,6.8719373044967,-1.7474728853136234,-7.2217022532997674,6.451249566149112,No,5.666666666666667,S
1994.75,0.1464776030125723,6.888332754326385,-1.36814369067229,-7.2217022532997674,6.451249566149112,No,5.666666666666667,S
1994.8333333333335,0.03611543411152066,6.904728204156069,-1.274176971600923,-7.2217022532997674,6.451249566149112,No,5.666666666666667,S
1994.9166666666667,0.13122723670714576,6.921123653985754,-1.3856842240262326,-7.2217022532997674,6.451249566149112,No,5.666666666666667,S
1995,0.22892080519850613,6.937519103815439,-1.0831065756806115,-7.2217022532997674,6.451249566149112,No,6.083333333333334,S
1995.0833333333335,-0.1391295359731682,6.953914553645124,-0.3147850176719551,-7.2217022532997674,6.451249566149112,No,6.5,S
1995.1666666666667,-0.15571981867736703,6.970310003474809,0.3354098152025582,-7.2217022532997674,6.451249566149112,No,7.15,S
1995.25,-0.5419313268039616,6.986705453304494,1.3552258734994682,-7.2217022532997674,6.451249566149112,No,7.800000000000001,S
1995.3333333333335,-0.5350289377293392,7.003100903134179,0.8652613679284933,-7.2217022532997674,6.451249566149112,No,7.333333333333333,S
1995.4166666666667,0.1702530350322103,7.019496352963864,-0.3230827213294081,-7.2217022532997674,6.451249566149112,No,6.866666666666666,S
1995.5,0.08557212665005103,7.035891802793548,-0.7214639294435994,-7.2217022532997674,6.451249566149112,No,6.4,S
1995.5833333333335,0.031041160258885304,7.052287252623233,-1.149995079548785,-7.2217022532997674,6.451249566149112,No,5.933333333333334,S
1995.6666666666667,0.5422022474835907,7.068682702452918,-2.1442182832698418,-7.2217022532997674,6.451249566149112,No,5.466666666666667,S
1995.75,0.1464776030125723,7.083284022790557,-2.229761625803129,-7.2217022532997674,6.451249566149112,No,5,S
1995.8333333333335,0.03611543411152066,7.097885343128195,10.723142079903141,-7.2217022532997674,6.451249566149112,Yes,17.857142857142858,S
1995.9166666666667,0.13122723670714576,7.112486663465834,4.756286099827021,-7.2217022532997674,6.451249566149112,No,12,S
1996,0.22892080519850613,7.127087983803473,0.6439912109980206,-7.2217022532997674,6.451249566149112,No,8,S
1996.0833333333335,-0.1391295359731682,7.141689304141112,0.7529957873876123,-7.2217022532997674,6.451249566149112,No,7.7555555555555555,S
1996.1666666666667,-0.15571981867736703,7.15629062447875,0.5105403053097284,-7.2217022532997674,6.451249566149112,No,7.511111111111111,S
1996.25,-0.5419313268039616,7.170891944816389,0.6377060486542394,-7.2217022532997674,6.451249566149112,No,7.266666666666667,S
1996.3333333333335,-0.5350289377293392,7.185493265154028,0.3717578947975335,-7.2217022532997674,6.451249566149112,No,7.022222222222222,S
1996.4166666666667,0.1702530350322103,7.200094585491666,-0.5925698427460988,-7.2217022532997674,6.451249566149112,No,6.777777777777778,S
1996.5,0.08557212665005103,7.214695905829305,1.699731967520644,-7.2217022532997674,6.451249566149112,No,9,S
1996.5833333333335,0.031041160258885304,7.229297226166944,4.005286613574171,-7.2217022532997674,6.451249566149112,No,11.265625,S
1996.6666666666667,0.5422022474835907,7.243898546504583,5.745149206011827,-7.2217022532997674,6.451249566149112,No,13.53125,S
1996.75,0.1464776030125723,7.258499866842221,8.391897530145208,-7.2217022532997674,6.451249566149112,Yes,15.796875000000002,S
1996.8333333333335,0.03611543411152066,7.27310118717986,10.753283378708618,-7.2217022532997674,6.451249566149112,Yes,18.0625,S
1996.9166666666667,0.13122723670714576,7.285508204561115,12.911389558731738,-7.2217022532997674,6.451249566149112,Yes,20.328125,S
1997,0.22892080519850613,7.297915221942371,15.066913972859123,-7.2217022532997674,6.451249566149112,Yes,22.59375,S
1997.0833333333335,-0.1391295359731682,7.310322239323626,17.688182296649543,-7.2217022532997674,6.451249566149112,Yes,24.859375,S
1997.1666666666667,-0.15571981867736703,7.322729256704881,19.957990561972483,-7.2217022532997674,6.451249566149112,Yes,27.125,S
1997.25,-0.5419313268039616,7.335136274086137,0.10679505271782475,-7.2217022532997674,6.451249566149112,No,6.9,S
1997.3333333333335,-0.5350289377293392,7.347543291467392,-0.3625143537380531,-7.2217022532997674,6.451249566149112,No,6.45,S
1997.4166666666667,0.1702530350322103,7.359950308848648,-1.530203343880859,-7.2217022532997674,6.451249566149112,No,6,S
1997.5,0.08557212665005103,7.372357326229904,-2.457929452879955,-7.2217022532997674,6.451249566149112,No,5,S
1997.5833333333335,0.031041160258885304,7.384764343611159,1.2270516389870982,-7.2217022532997674,6.451249566149112,No,8.642857142857142,S
1997.6666666666667,0.5422022474835907,7.397171360992415,4.346340677238281,-7.2217022532997674,6.451249566149112,No,12.285714285714286,S
1997.75,0.1464776030125723,7.40957837837367,-0.8893893147195753,-7.2217022532997674,6.451249566149112,No,6.666666666666667,S
1997.8333333333335,0.03611543411152066,7.421985395754925,1.2918991701335543,-7.2217022532997674,6.451249566149112,No,8.75,S
1997.9166666666667,0.13122723670714576,7.434392413136181,3.2677136834900056,-7.2217022532997674,6.451249566149112,No,10.833333333333332,S
1998,0.22892080519850613,7.446799430517436,5.240946430950724,-7.2217022532997674,6.451249566149112,No,12.916666666666666,S
1998.0833333333335,-0.1391295359731682,7.448372392185154,7.690757143788015,-7.2217022532997674,6.451249566149112,Yes,15,S
1998.1666666666667,-0.15571981867736703,7.449945353852871,6.6057744648244965,-7.2217022532997674,6.451249566149112,Yes,13.9,S
1998.25,-0.5419313268039616,7.451518315520588,6.382720703591066,-7.2217022532997674,6.451249566149112,No,13.292307692307693,S
1998.3333333333335,-0.5350289377293392,7.453091277188305,5.766553045156421,-7.2217022532997674,6.451249566149112,No,12.684615384615386,S
1998.4166666666667,0.1702530350322103,7.454664238856022,4.452005803034844,-7.2217022532997674,6.451249566149112,No,12.076923076923077,S
1998.5,0.08557212665005103,7.45623720052374,3.9274214420569784,-7.2217022532997674,6.451249566149112,No,11.46923076923077,S
1998.5833333333335,0.031041160258885304,7.457810162191457,3.3726871390881197,-7.2217022532997674,6.451249566149112,No,10.861538461538462,S
1998.6666666666667,0.5422022474835907,7.459383123859174,2.25226078250339,-7.2217022532997674,6.451249566149112,No,10.253846153846155,S
1998.75,0.1464776030125723,7.460956085526892,2.0387201576143816,-7.2217022532997674,6.451249566149112,No,9.646153846153846,S
1998.8333333333335,0.03611543411152066,7.462529047194609,1.5398170571554086,-7.2217022532997674,6.451249566149112,No,9.038461538461538,S
1998.9166666666667,0.13122723670714576,7.4641020088623256,0.83543998519976,-7.2217022532997674,6.451249566149112,No,8.430769230769231,S
1999,0.22892080519850613,7.465674970530043,0.12848114734837335,-7.2217022532997674,6.451249566149112,No,7.823076923076923,S
1999.0833333333335,-0.1391295359731682,7.46724793219776,-0.1127337808399762,-7.2217022532997674,6.451249566149112,No,7.2153846153846155,S
1999.1666666666667,-0.15571981867736703,7.468820893865478,-0.7054087674958032,-7.2217022532997674,6.451249566149112,No,6.607692307692307,S
1999.25,-0.5419313268039616,7.45202387249836,-0.9100925456943987,-7.2217022532997674,6.451249566149112,No,6,S
1999.3333333333335,-0.5350289377293392,7.435226851131244,-0.8547433679473588,-7.2217022532997674,6.451249566149112,No,6.045454545454546,S
1999.4166666666667,0.1702530350322103,7.4184298297641265,-1.4977737738872463,-7.2217022532997674,6.451249566149112,No,6.090909090909091,S
1999.5,0.08557212665005103,7.401632808397009,-1.3508412986834237,-7.2217022532997674,6.451249566149112,No,6.136363636363637,S
1999.5833333333335,0.031041160258885304,7.384835787029893,-1.2340587654705963,-7.2217022532997674,6.451249566149112,No,6.181818181818182,S
1999.6666666666667,0.5422022474835907,7.368038765662775,-1.6829682858736383,-7.2217022532997674,6.451249566149112,No,6.2272727272727275,S
1999.75,0.1464776030125723,7.351241744295658,-1.2249920745809577,-7.2217022532997674,6.451249566149112,No,6.2727272727272725,S
1999.8333333333335,0.03611543411152066,7.334444722928541,-1.0523783388582437,-7.2217022532997674,6.451249566149112,No,6.318181818181818,S
1999.9166666666667,0.13122723670714576,7.317647701561424,-1.0852385746322062,-7.2217022532997674,6.451249566149112,No,6.363636363636363,S
2000,0.22892080519850613,7.300850680194308,-1.120680576301905,-7.2217022532997674,6.451249566149112,No,6.409090909090909,S
2000.0833333333335,-0.1391295359731682,7.28405365882719,-0.6903786683085675,-7.2217022532997674,6.451249566149112,No,6.454545454545454,S
2000.1666666666667,-0.15571981867736703,7.267256637460073,-0.6115368187827057,-7.2217022532997674,6.451249566149112,No,6.5,S
2000.25,-0.5419313268039616,7.250459616092956,-0.4585282892889948,-7.2217022532997674,6.451249566149112,No,6.25,S
2000.3333333333335,-0.5350289377293392,7.233662594725839,-0.6986336569964999,-7.2217022532997674,6.451249566149112,No,6,S
2000.4166666666667,0.1702530350322103,7.214279859433431,-0.5511995611323091,-7.2217022532997674,6.451249566149112,No,6.833333333333333,S
2000.5,0.08557212665005103,7.194897124141024,0.38619741587559187,-7.2217022532997674,6.451249566149112,No,7.666666666666667,S
2000.5833333333335,0.031041160258885304,7.175514388848616,1.2934444508924985,-7.2217022532997674,6.451249566149112,No,8.5,S
2000.6666666666667,0.5422022474835907,7.156131653556209,0.6546072754307888,-7.2217022532997674,6.451249566149112,No,8.352941176470589,S
2000.75,0.1464776030125723,7.136748918263802,0.9226558316648017,-7.2217022532997674,6.451249566149112,No,8.205882352941176,S
2000.8333333333335,0.03611543411152066,7.117366182971394,0.9053419123288498,-7.2217022532997674,6.451249566149112,No,8.058823529411764,S
2000.9166666666667,0.13122723670714576,7.0979834476789865,0.6825540214962214,-7.2217022532997674,6.451249566149112,No,7.911764705882353,S
2001,0.22892080519850613,7.078600712386579,0.45718436476785573,-7.2217022532997674,6.451249566149112,No,7.764705882352941,S
2001.0833333333335,-0.1391295359731682,7.059217977094171,0.6975586177025264,-7.2217022532997674,6.451249566149112,No,7.617647058823529,S
2001.1666666666667,-0.15571981867736703,7.039835241801764,0.5864728121697214,-7.2217022532997674,6.451249566149112,No,7.470588235294118,S
2001.25,-0.5419313268039616,7.020452506509357,0.8450082320593104,-7.2217022532997674,6.451249566149112,No,7.323529411764706,S
2001.3333333333335,-0.5350289377293392,7.001069771216949,0.7104297547476843,-7.2217022532997674,6.451249566149112,No,7.176470588235294,S
2001.4166666666667,0.1702530350322103,6.9816870359245415,-0.12252830625086997,-7.2217022532997674,6.451249566149112,No,7.029411764705882,S
2001.5,0.08557212665005103,6.962304300632134,-0.1655234861057151,-7.2217022532997674,6.451249566149112,No,6.88235294117647,S
2001.5833333333335,0.031041160258885304,6.9647092571899485,-0.260456299801775,-7.2217022532997674,6.451249566149112,No,6.735294117647059,S
2001.6666666666667,0.5422022474835907,6.967114213747762,-0.921081167113706,-7.2217022532997674,6.451249566149112,No,6.588235294117647,S
2001.75,0.1464776030125723,6.969519170305577,-0.6748203027299136,-7.2217022532997674,6.451249566149112,No,6.4411764705882355,S
2001.8333333333335,0.03611543411152066,6.971924126863391,-0.7139219139160886,-7.2217022532997674,6.451249566149112,No,6.294117647058823,S
2001.9166666666667,0.13122723670714576,6.974329083421205,-0.9584974965989383,-7.2217022532997674,6.451249566149112,No,6.147058823529412,S
2002,0.22892080519850613,6.97673403997902,-1.2056548451775262,-7.2217022532997674,6.451249566149112,No,6,S
2002.0833333333335,-0.1391295359731682,6.979138996536834,-1.0066761272303317,-7.2217022532997674,6.451249566149112,No,5.833333333333334,S
2002.1666666666667,-0.15571981867736703,6.981543953094648,-1.1591574677506138,-7.2217022532997674,6.451249566149112,No,5.666666666666667,S
2002.25,-0.5419313268039616,6.9839489096524625,-0.8197953606262782,-7.2217022532997674,6.451249566149112,No,5.622222222222223,S
2002.3333333333335,-0.5350289377293392,6.986353866210276,-0.8735471507031587,-7.2217022532997674,6.451249566149112,No,5.577777777777778,S
2002.4166666666667,0.1702530350322103,6.988758822768091,-1.6256785244669683,-7.2217022532997674,6.451249566149112,No,5.533333333333333,S
2002.5,0.08557212665005103,6.991163779325905,-1.5878470170870678,-7.2217022532997674,6.451249566149112,No,5.488888888888889,S
2002.5833333333335,0.031041160258885304,6.993568735883719,-1.5801654516981598,-7.2217022532997674,6.451249566149112,No,5.444444444444445,S
2002.6666666666667,0.5422022474835907,6.995973692441534,-2.138175939925124,-7.2217022532997674,6.451249566149112,No,5.4,S
2002.75,0.1464776030125723,7.008252501348925,-1.799174548805941,-7.2217022532997674,6.451249566149112,No,5.355555555555556,S
2002.8333333333335,0.03611543411152066,7.020531310256316,-1.7455356332567256,-7.2217022532997674,6.451249566149112,No,5.311111111111111,S
2002.9166666666667,0.13122723670714576,7.032810119163707,-1.8973706892041857,-7.2217022532997674,6.451249566149112,No,5.266666666666667,S
2003,0.22892080519850613,7.045088928071098,-2.051787511047382,-7.2217022532997674,6.451249566149112,No,5.222222222222222,S
2003.0833333333335,-0.1391295359731682,7.057367736978489,-1.7404604232275425,-7.2217022532997674,6.451249566149112,No,5.177777777777778,S
2003.1666666666667,-0.15571981867736703,7.06964654588588,-1.7805933938751792,-7.2217022532997674,6.451249566149112,No,5.133333333333334,S
2003.25,-0.5419313268039616,7.081925354793271,-1.451105139100421,-7.2217022532997674,6.451249566149112,No,5.088888888888889,S
2003.3333333333335,-0.5350289377293392,7.094204163700662,-1.514730781526879,-7.2217022532997674,6.451249566149112,No,5.044444444444444,S
2003.4166666666667,0.1702530350322103,7.106482972608053,-2.276736007640264,-7.2217022532997674,6.451249566149112,No,5,S
2003.5,0.08557212665005103,7.1187617815154445,-0.8293339081654958,-7.2217022532997674,6.451249566149112,No,6.375,S
2003.5833333333335,0.031041160258885304,7.131040590422836,0.5879182493182791,-7.2217022532997674,6.451249566149112,No,7.75,S
2003.6666666666667,0.5422022474835907,7.143319399330227,-0.3382994245915949,-7.2217022532997674,6.451249566149112,No,7.347222222222222,S
2003.75,0.1464776030125723,7.155598208237618,-0.35763136680574537,-7.2217022532997674,6.451249566149112,No,6.944444444444445,S
2003.8333333333335,0.03611543411152066,7.167877017145009,-0.6623257845898634,-7.2217022532997674,6.451249566149112,No,6.541666666666666,S
2003.9166666666667,0.13122723670714576,7.176403321090198,-1.1687416689084547,-7.2217022532997674,6.451249566149112,No,6.138888888888888,S
2004,0.22892080519850613,7.1849296250353865,-1.6777393191227823,-7.2217022532997674,6.451249566149112,No,5.736111111111111,S
2004.0833333333335,-0.1391295359731682,7.193455928980575,-1.7209930596740737,-7.2217022532997674,6.451249566149112,No,5.333333333333333,S
2004.1666666666667,-0.15571981867736703,7.201982232925764,-1.0105481285341114,-7.2217022532997674,6.451249566149112,No,6.035714285714286,S
2004.25,-0.5419313268039616,7.210508536870953,0.0695180280282468,-7.2217022532997674,6.451249566149112,No,6.738095238095238,S
2004.3333333333335,-0.5350289377293392,7.219034840816142,0.756470287389388,-7.2217022532997674,6.451249566149112,No,7.440476190476191,S
2004.4166666666667,0.1702530350322103,7.2275611447613315,0.7450429630636002,-7.2217022532997674,6.451249566149112,No,8.142857142857142,S
2004.5,0.08557212665005103,7.23608744870652,1.5235785198815233,-7.2217022532997674,6.451249566149112,No,8.845238095238095,S
2004.5833333333335,0.031041160258885304,7.244613752651709,2.271964134708453,-7.2217022532997674,6.451249566149112,No,9.547619047619047,S
2004.6666666666667,0.5422022474835907,7.253140056596898,2.4546576959195114,-7.2217022532997674,6.451249566149112,No,10.25,S
2004.75,0.1464776030125723,7.261666360542087,3.5442369888262935,-7.2217022532997674,6.451249566149112,No,10.952380952380953,S
2004.8333333333335,0.03611543411152066,7.270192664487276,4.348453806163109,-7.2217022532997674,6.451249566149112,No,11.654761904761905,S
2004.9166666666667,0.13122723670714576,7.2787189684324645,4.947196652003248,-7.2217022532997674,6.451249566149112,No,12.357142857142858,S
2005,0.22892080519850613,7.287245272377653,5.543357731947651,-7.2217022532997674,6.451249566149112,No,13.05952380952381,S
2005.0833333333335,-0.1391295359731682,7.301726007255739,6.599308290622193,-7.2217022532997674,6.451249566149112,Yes,13.761904761904763,S
2005.1666666666667,-0.15571981867736703,7.316206742133825,7.303798790829258,-7.2217022532997674,6.451249566149112,Yes,14.464285714285715,S
2005.25,-0.5419313268039616,7.33068747701191,8.37791051645872,-7.2217022532997674,6.451249566149112,Yes,15.166666666666668,S
2005.3333333333335,-0.5350289377293392,7.345168211889996,9.058908344886964,-7.2217022532997674,6.451249566149112,Yes,15.86904761904762,S
2005.4166666666667,0.1702530350322103,7.359648946768082,9.04152658962828,-7.2217022532997674,6.451249566149112,Yes,16.571428571428573,S
2005.5,0.08557212665005103,7.374129681646168,-2.459701808296219,-7.2217022532997674,6.451249566149112,No,5,S
2005.5833333333335,0.031041160258885304,7.388610416524253,-1.4196515767831386,-7.2217022532997674,6.451249566149112,No,6,S
2005.6666666666667,0.5422022474835907,7.4030911514023385,-1.059579113171643,-7.2217022532997674,6.451249566149112,No,6.885714285714286,S
2005.75,0.1464776030125723,7.417571886280425,0.20737908213557432,-7.2217022532997674,6.451249566149112,No,7.771428571428571,S
2005.8333333333335,0.03611543411152066,7.43205262115851,1.188974801872826,-7.2217022532997674,6.451249566149112,No,8.657142857142857,S
2005.9166666666667,0.13122723670714576,7.446533356036596,1.965096550113401,-7.2217022532997674,6.451249566149112,No,9.542857142857143,S
2006,0.22892080519850613,7.461014090914682,2.7386365324582416,-7.2217022532997674,6.451249566149112,No,10.428571428571429,S
2006.0833333333335,-0.1391295359731682,7.475494825792768,3.9779204244661157,-7.2217022532997674,6.451249566149112,No,11.314285714285715,S
2006.1666666666667,-0.15571981867736703,7.489975560670853,4.865744258006513,-7.2217022532997674,6.451249566149112,No,12.2,S
2006.25,-0.5419313268039616,7.509077826796281,6.118567785721968,-7.2217022532997674,6.451249566149112,No,13.085714285714287,S
2006.3333333333335,-0.5350289377293392,7.528180092921709,6.978277416236202,-7.2217022532997674,6.451249566149112,Yes,13.971428571428572,S
2006.4166666666667,0.1702530350322103,7.547282359047138,7.139607463063509,-7.2217022532997674,6.451249566149112,Yes,14.857142857142858,S
2006.5,0.08557212665005103,7.5663846251725655,12.014709914844053,-7.2217022532997674,6.451249566149112,Yes,19.666666666666668,S
2006.5833333333335,0.031041160258885304,7.585486891297993,0.3834719484431215,-7.2217022532997674,6.451249566149112,No,8,S
2006.6666666666667,0.5422022474835907,7.604589157423422,3.8532085950929877,-7.2217022532997674,6.451249566149112,No,12,S
2006.75,0.1464776030125723,7.62369142354885,8.47983097343858,-7.2217022532997674,6.451249566149112,Yes,16.25,S
2006.8333333333335,0.03611543411152066,7.642793689674278,12.8210908762142,-7.2217022532997674,6.451249566149112,Yes,20.5,S
2006.9166666666667,0.13122723670714576,7.6618959557997055,-2.293123192506851,-7.2217022532997674,6.451249566149112,No,5.5,S
2007,0.22892080519850613,7.680998221925134,-2.5099190271236402,-7.2217022532997674,6.451249566149112,No,5.4,S
2007.0833333333335,-0.1391295359731682,7.700100488050563,-1.9276376187440603,-7.2217022532997674,6.451249566149112,No,5.633333333333334,S
2007.1666666666667,-0.15571981867736703,7.71920275417599,-1.696816268831956,-7.2217022532997674,6.451249566149112,No,5.866666666666667,S
2007.25,-0.5419313268039616,7.738305020301418,-1.0963736934974557,-7.2217022532997674,6.451249566149112,No,6.1000000000000005,S
2007.3333333333335,-0.5350289377293392,7.757407286426846,-0.8890450153641742,-7.2217022532997674,6.451249566149112,No,6.333333333333333,S
2007.4166666666667,0.1702530350322103,7.75951172243013,-1.3630980907956731,-7.2217022532997674,6.451249566149112,No,6.566666666666667,S
2007.5,0.08557212665005103,7.761616158433412,-1.0471882850834637,-7.2217022532997674,6.451249566149112,No,6.8,S
2007.5833333333335,0.031041160258885304,7.763720594436695,-0.7614284213622469,-7.2217022532997674,6.451249566149112,No,7.033333333333333,S
2007.6666666666667,0.5422022474835907,7.765825030439978,-1.041360611256902,-7.2217022532997674,6.451249566149112,No,7.266666666666667,S
2007.75,0.1464776030125723,7.767929466443261,-0.4144070694558337,-7.2217022532997674,6.451249566149112,No,7.5,S
2007.8333333333335,0.03611543411152066,7.770033902446544,5.8605173301086015,-7.2217022532997674,6.451249566149112,No,13.666666666666666,S
2007.9166666666667,0.13122723670714576,7.772138338449826,-0.5700322418236388,-7.2217022532997674,6.451249566149112,No,7.333333333333333,S
2008,0.22892080519850613,7.77424277445311,0.9968364203483846,-7.2217022532997674,6.451249566149112,No,9,S
2008.0833333333335,-0.1391295359731682,7.776347210456393,11.612782325516775,-7.2217022532997674,6.451249566149112,Yes,19.25,S
2008.1666666666667,-0.15571981867736703,7.778451646459676,8.31476817221769,-7.2217022532997674,6.451249566149112,Yes,15.937499999999998,S
2008.25,-0.5419313268039616,7.780556082462958,5.386375244341004,-7.2217022532997674,6.451249566149112,No,12.625,S
2008.3333333333335,-0.5350289377293392,7.782660518466241,2.0648684192630986,-7.2217022532997674,6.451249566149112,No,9.3125,S
2008.4166666666667,0.1702530350322103,7.784764954469525,-1.9550179895017354,-7.2217022532997674,6.451249566149112,No,6,S
2008.5,0.08557212665005103,7.786869390472807,-2.2057748504561916,-7.2217022532997674,6.451249566149112,No,5.666666666666667,S
2008.5833333333335,0.031041160258885304,7.772857773453001,-2.4705656003785537,-7.2217022532997674,6.451249566149112,No,5.333333333333333,S
2008.6666666666667,0.5422022474835907,7.7588461564331945,-3.301048403916785,-7.2217022532997674,6.451249566149112,No,5,S
2008.75,0.1464776030125723,7.744834539413388,-2.409830660944478,-7.2217022532997674,6.451249566149112,No,5.481481481481482,S
2008.8333333333335,0.03611543411152066,7.730822922393582,-1.8039753935421396,-7.2217022532997674,6.451249566149112,No,5.962962962962963,S
2008.9166666666667,0.13122723670714576,7.716811305373776,-1.4035940976364767,-7.2217022532997674,6.451249566149112,No,6.444444444444445,S
2009,0.22892080519850613,7.702799688353969,-1.0057945676265492,-7.2217022532997674,6.451249566149112,No,6.9259259259259265,S
2009.0833333333335,-0.1391295359731682,7.688788071334162,-0.1422511279535863,-7.2217022532997674,6.451249566149112,No,7.407407407407407,S
2009.1666666666667,-0.15571981867736703,7.674776454314356,0.36983225325190006,-7.2217022532997674,6.451249566149112,No,7.888888888888889,S
2009.25,-0.5419313268039616,7.6607648372945505,1.2515368598797814,-7.2217022532997674,6.451249566149112,No,8.37037037037037,S
2009.3333333333335,-0.5350289377293392,7.646753220274744,1.7401275693064493,-7.2217022532997674,6.451249566149112,No,8.851851851851853,S
2009.4166666666667,0.1702530350322103,7.632741603254937,1.5303386950461864,-7.2217022532997674,6.451249566149112,No,9.333333333333334,S
2009.5,0.08557212665005103,7.618729986235131,1.7123645537814856,-7.2217022532997674,6.451249566149112,No,9.416666666666668,S
2009.5833333333335,0.031041160258885304,7.604718369215325,1.8642404705257896,-7.2217022532997674,6.451249566149112,No,9.5,S
2009.6666666666667,0.5422022474835907,7.590706752195518,-0.8829089996791089,-7.2217022532997674,6.451249566149112,No,7.25,S
2009.75,0.1464776030125723,7.586362498199195,-2.7328401012117673,-7.2217022532997674,6.451249566149112,No,5,S
2009.8333333333335,0.03611543411152066,7.582018244202871,-1.6181336783143916,-7.2217022532997674,6.451249566149112,No,6,S
2009.9166666666667,0.13122723670714576,7.577673990206547,-0.7089012269136923,-7.2217022532997674,6.451249566149112,No,7,S
2010,0.22892080519850613,7.573329736210224,0.1977494585912698,-7.2217022532997674,6.451249566149112,No,8,S
2010.0833333333335,-0.1391295359731682,7.5689854822139,2.681255164870379,-7.2217022532997674,6.451249566149112,No,10.11111111111111,S
2010.1666666666667,-0.15571981867736703,7.564641228217576,4.813300812682014,-7.2217022532997674,6.451249566149112,No,12.222222222222223,S
2010.25,-0.5419313268039616,7.560296974221252,7.314967685916043,-7.2217022532997674,6.451249566149112,Yes,14.333333333333334,S
2010.3333333333335,-0.5350289377293392,7.555952720224929,-2.02092378249559,-7.2217022532997674,6.451249566149112,No,5,S
2010.4166666666667,0.1702530350322103,7.551608466228606,6.2781384987391835,-7.2217022532997674,6.451249566149112,No,14,S
2010.5,0.08557212665005103,7.547264212232282,11.033830327784337,-7.2217022532997674,6.451249566149112,Yes,18.666666666666668,S
2010.5833333333335,0.031041160258885304,7.542919958235958,3.7117531672194435,-7.2217022532997674,6.451249566149112,No,11.285714285714286,S
2010.6666666666667,0.5422022474835907,7.538575704239634,-0.080777951723225,-7.2217022532997674,6.451249566149112,No,8,S
2010.75,0.1464776030125723,7.534231450243311,0.11929094674411633,-7.2217022532997674,6.451249566149112,No,7.8,S
2010.8333333333335,0.03611543411152066,7.529887196246987,0.033997369641491915,-7.2217022532997674,6.451249566149112,No,7.6,S
2010.9166666666667,0.13122723670714576,7.541022225038013,-0.2722494617451581,-7.2217022532997674,6.451249566149112,No,7.4,S
2011,0.22892080519850613,7.552157253829039,-0.5810780590275453,-7.2217022532997674,6.451249566149112,No,7.2,S
2011.0833333333335,-0.1391295359731682,7.563292282620066,-0.4241627466468971,-7.2217022532997674,6.451249566149112,No,7,S
2011.1666666666667,-0.15571981867736703,7.574427311411092,-1.6187074927337246,-7.2217022532997674,6.451249566149112,No,5.8,S
2011.25,-0.5419313268039616,7.5855623402021175,37.331368986601845,-7.2217022532997674,6.451249566149112,Yes,44.375,S
2011.3333333333335,-0.5350289377293392,7.596697368993143,10.938331568736196,-7.2217022532997674,6.451249566149112,Yes,18,S
2011.4166666666667,0.1702530350322103,7.60783239778417,3.555247900516953,-7.2217022532997674,6.451249566149112,No,11.333333333333334,S
2011.5,0.08557212665005103,7.618967426575196,6.795460446774753,-7.2217022532997674,6.451249566149112,Yes,14.5,S
2011.5833333333335,0.031041160258885304,7.630102455366222,10.005523051041559,-7.2217022532997674,6.451249566149112,Yes,17.666666666666664,S
2011.6666666666667,0.5422022474835907,7.641237484157248,12.649893601692494,-7.2217022532997674,6.451249566149112,Yes,20.833333333333332,S
2011.75,0.1464776030125723,7.652372512948274,3.201149884039154,-7.2217022532997674,6.451249566149112,No,11,S
2011.8333333333335,0.03611543411152066,7.663507541739301,2.500377024149178,-7.2217022532997674,6.451249566149112,No,10.2,S
2011.9166666666667,0.13122723670714576,7.6746425705303265,1.5941301927625284,-7.2217022532997674,6.451249566149112,No,9.4,S
2012,0.22892080519850613,7.685777599321352,0.6853015954801416,-7.2217022532997674,6.451249566149112,No,8.6,S
2012.0833333333335,-0.1391295359731682,7.705607181947892,0.23352235402527732,-7.2217022532997674,6.451249566149112,No,7.800000000000001,S
2012.1666666666667,-0.15571981867736703,7.725436764574431,-0.5697169458970635,-7.2217022532997674,6.451249566149112,No,7,S
2012.25,-0.5419313268039616,7.74526634720097,-1.0033350203970084,-7.2217022532997674,6.451249566149112,No,6.2,S
2012.3333333333335,-0.5350289377293392,7.76509592982751,-1.8300669920981703,-7.2217022532997674,6.451249566149112,No,5.4,S
2012.4166666666667,0.1702530350322103,7.784925512454049,-2.500633092940805,-7.2217022532997674,6.451249566149112,No,5.454545454545455,S
2012.5,0.08557212665005103,7.804755095080588,-2.3812363126397296,-7.2217022532997674,6.451249566149112,No,5.50909090909091,S
2012.5833333333335,0.031041160258885304,7.8245846777071275,-2.2919894743296494,-7.2217022532997674,6.451249566149112,No,5.5636363636363635,S
2012.6666666666667,0.5422022474835907,7.844414260333667,-2.7684346896354395,-7.2217022532997674,6.451249566149112,No,5.618181818181818,S
2012.75,0.1464776030125723,7.864243842960206,-2.337994173245505,-7.2217022532997674,6.451249566149112,No,5.672727272727273,S
2012.8333333333335,0.03611543411152066,7.884073425586745,-2.1929161324255384,-7.2217022532997674,6.451249566149112,No,5.7272727272727275,S
2012.9166666666667,0.13122723670714576,7.903903008213285,-2.253312063102248,-7.2217022532997674,6.451249566149112,No,5.781818181818182,S
2013,0.22892080519850613,7.923732590839824,-2.316289759674694,-7.2217022532997674,6.451249566149112,No,5.836363636363637,S
2013.0833333333335,-0.1391295359731682,7.943562173466363,-1.9135235465841038,-7.2217022532997674,6.451249566149112,No,5.890909090909091,S
2013.1666666666667,-0.15571981867736703,7.963391756092903,-1.8622173919609901,-7.2217022532997674,6.451249566149112,No,5.945454545454545,S
2013.25,-0.5419313268039616,7.98707975308645,-1.445148426282488,-7.2217022532997674,6.451249566149112,No,6,S
2013.3333333333335,-0.5350289377293392,8.010767750079998,-0.8090721456839916,-7.2217022532997674,6.451249566149112,No,6.666666666666667,S
2013.4166666666667,0.1702530350322103,8.034455747073544,-0.07137544877242163,-7.2217022532997674,6.451249566149112,No,8.133333333333333,S
2013.5,0.08557212665005103,8.058143744067092,1.4562841292828566,-7.2217022532997674,6.451249566149112,No,9.6,S
2013.5833333333335,0.031041160258885304,8.081831741060638,13.137127098680478,-7.2217022532997674,6.451249566149112,Yes,21.25,S
2013.6666666666667,0.5422022474835907,8.105519738054186,5.01894468112889,-7.2217022532997674,6.451249566149112,No,13.666666666666666,S
2013.75,0.1464776030125723,8.129207735047732,-2.0256853380603044,-7.2217022532997674,6.451249566149112,No,6.25,S
2013.8333333333335,0.03611543411152066,8.15289573204128,-1.7128206899623244,-7.2217022532997674,6.451249566149112,No,6.476190476190476,S
2013.9166666666667,0.13122723670714576,8.176583729034826,-1.605430013361019,-7.2217022532997674,6.451249566149112,No,6.7023809523809526,S
2014,0.22892080519850613,8.200271726028374,-1.500621102655452,-7.2217022532997674,6.451249566149112,No,6.928571428571429,S
2014.0833333333335,-0.1391295359731682,8.22395972302192,-0.9300682822868476,-7.2217022532997674,6.451249566149112,No,7.154761904761904,S
2014.1666666666667,-0.15571981867736703,8.247647720015468,-0.7109755203857206,-7.2217022532997674,6.451249566149112,No,7.3809523809523805,S
2014.25,-0.5419313268039616,8.271335717009014,-0.12226153306219523,-7.2217022532997674,6.451249566149112,No,7.607142857142858,S
2014.3333333333335,-0.5350289377293392,8.295023714002562,0.07333855706010972,-7.2217022532997674,6.451249566149112,No,7.833333333333333,S
2014.4166666666667,0.1702530350322103,8.317133493732582,0.012613471235207285,-7.2217022532997674,6.451249566149112,No,8.5,S
2014.5,0.08557212665005103,8.339243273462603,0.7418512665540113,-7.2217022532997674,6.451249566149112,No,9.166666666666666,S
2014.5833333333335,0.031041160258885304,8.361353053192623,1.4409391198818255,-7.2217022532997674,6.451249566149112,No,9.833333333333334,S
2014.6666666666667,0.5422022474835907,8.383462832922643,1.5743349195937668,-7.2217022532997674,6.451249566149112,No,10.5,S
2014.75,0.1464776030125723,8.405572612652664,1.4479497843347637,-7.2217022532997674,6.451249566149112,No,10,S
2014.8333333333335,0.03611543411152066,8.427682392382684,17.202868840172464,-7.2217022532997674,6.451249566149112,Yes,25.66666666666667,S
2014.9166666666667,0.13122723670714576,8.449792172112705,15.891202813402373,-7.2217022532997674,6.451249566149112,Yes,24.472222222222225,S
2015,0.22892080519850613,8.471901951842725,14.576955020736548,-7.2217022532997674,6.451249566149112,Yes,23.27777777777778,S
2015.0833333333335,-0.1391295359731682,8.494011731572744,13.72845113773376,-7.2217022532997674,6.451249566149112,Yes,22.083333333333336,S
2015.1666666666667,-0.15571981867736703,8.516121511302766,12.52848719626349,-7.2217022532997674,6.451249566149112,Yes,20.88888888888889,S
2015.25,-0.5419313268039616,8.538231291032785,11.69814448021562,-7.2217022532997674,6.451249566149112,Yes,19.694444444444443,S
2015.3333333333335,-0.5350289377293392,8.560341070762805,10.474687866966535,-7.2217022532997674,6.451249566149112,Yes,18.5,S
2015.4166666666667,0.1702530350322103,8.582450850492826,-0.08603721885837068,-7.2217022532997674,6.451249566149112,No,8.666666666666666,S
2015.5,0.08557212665005103,8.604560630222846,0.483200576460435,-7.2217022532997674,6.451249566149112,No,9.173333333333332,S
2015.5833333333335,0.031041160258885304,8.622198415971049,1.0267604237700656,-7.2217022532997674,6.451249566149112,No,9.68,S
2015.6666666666667,0.5422022474835907,8.639836201719254,1.0046282174638215,-7.2217022532997674,6.451249566149112,No,10.186666666666666,S
2015.75,0.1464776030125723,8.657473987467457,1.8893817428533044,-7.2217022532997674,6.451249566149112,No,10.693333333333333,S
2015.8333333333335,0.03611543411152066,8.67511177321566,2.488772792672819,-7.2217022532997674,6.451249566149112,No,11.2,S
2015.9166666666667,0.13122723670714576,8.692749558963865,32.342689870995656,-7.2217022532997674,6.451249566149112,Yes,41.16666666666667,S
2016,0.22892080519850613,8.710387344712068,26.060691850089427,-7.2217022532997674,6.451249566149112,Yes,35,S
2016.0833333333335,-0.1391295359731682,8.728025130460273,-2.088895594487104,-7.2217022532997674,6.451249566149112,No,6.5,S
2016.1666666666667,-0.15571981867736703,8.745662916208476,-1.2756573832453943,-7.2217022532997674,6.451249566149112,No,7.314285714285714,S
2016.25,-0.5419313268039616,8.763300701956679,-0.09279794658128893,-7.2217022532997674,6.451249566149112,No,8.128571428571428,S
2016.3333333333335,-0.5350289377293392,8.7809384877048835,0.6969475928815996,-7.2217022532997674,6.451249566149112,No,8.942857142857143,S
2016.4166666666667,0.1702530350322103,8.798576273453087,0.7883135486575608,-7.2217022532997674,6.451249566149112,No,9.757142857142858,S
2016.5,0.08557212665005103,8.81621405920129,1.6696423855772302,-7.2217022532997674,6.451249566149112,No,10.571428571428571,S
2016.5833333333335,0.031041160258885304,8.833851844949494,11.849392709077337,-7.2217022532997674,6.451249566149112,Yes,20.714285714285715,S
2016.6666666666667,0.5422022474835907,8.851489630697698,6.249165264675856,-7.2217022532997674,6.451249566149112,No,15.642857142857144,S
2016.75,0.1464776030125723,8.864874184741183,1.560076783674818,-7.2217022532997674,6.451249566149112,No,10.571428571428573,S
2016.8333333333335,0.03611543411152066,8.878258738784666,-3.4143741728961867,-7.2217022532997674,6.451249566149112,No,5.5,S
2016.9166666666667,0.13122723670714576,8.891643292828151,5.727129470464703,-7.2217022532997674,6.451249566149112,No,14.75,S
2017,0.22892080519850613,8.905027846871636,3.678551347929858,-7.2217022532997674,6.451249566149112,No,12.8125,S
2017.0833333333335,-0.1391295359731682,8.91841240091512,2.095717135058049,-7.2217022532997674,6.451249566149112,No,10.875,S
2017.1666666666667,-0.15571981867736703,8.931796954958605,0.16142286371876224,-7.2217022532997674,6.451249566149112,No,8.9375,S
2017.25,-0.5419313268039616,8.945181509002088,-1.4032501821981267,-7.2217022532997674,6.451249566149112,No,7,S
2017.3333333333335,-0.5350289377293392,8.958566063045573,2.4931295413504326,-7.2217022532997674,6.451249566149112,No,10.916666666666666,S
2017.4166666666667,0.1702530350322103,8.971950617089059,8.191129681212063,-7.2217022532997674,6.451249566149112,Yes,17.333333333333332,S
2017.5,0.08557212665005103,8.985335171132542,2.295759368884074,-7.2217022532997674,6.451249566149112,No,11.366666666666667,S
2017.5833333333335,0.031041160258885304,8.998719725176027,-3.629760885434912,-7.2217022532997674,6.451249566149112,No,5.4,S
2017.6666666666667,0.5422022474835907,9.012104279219512,8.3956934732969,-7.2217022532997674,6.451249566149112,Yes,17.950000000000003,S
2017.75,0.1464776030125723,9.025488833262996,21.328033563724432,-7.2217022532997674,6.451249566149112,Yes,30.5,S
2017.8333333333335,0.03611543411152066,9.03887338730648,17.925011178581997,-7.2217022532997674,6.451249566149112,Yes,27,S
2017.9166666666667,0.13122723670714576,9.035470695671078,17.649968734288443,-7.2217022532997674,6.451249566149112,Yes,26.81666666666667,S
2018,0.22892080519850613,9.032068004035674,17.372344524099155,-7.2217022532997674,6.451249566149112,Yes,26.633333333333333,S
2018.0833333333335,-0.1391295359731682,9.028665312400271,17.560464223572897,-7.2217022532997674,6.451249566149112,Yes,26.45,S
2018.1666666666667,-0.15571981867736703,9.025262620764869,17.397123864579164,-7.2217022532997674,6.451249566149112,Yes,26.26666666666667,S
2018.25,-0.5419313268039616,9.021859929129464,17.603404731007835,-7.2217022532997674,6.451249566149112,Yes,26.083333333333336,S
2018.3333333333335,-0.5350289377293392,9.018457237494061,17.41657170023528,-7.2217022532997674,6.451249566149112,Yes,25.900000000000002,S
2018.4166666666667,0.1702530350322103,9.015054545858657,16.5313590857758,-7.2217022532997674,6.451249566149112,Yes,25.71666666666667,S
2018.5,0.08557212665005103,9.011651854223254,16.43610935246003,-7.2217022532997674,6.451249566149112,Yes,25.53333333333333,S
2018.5833333333335,0.031041160258885304,9.008249162587852,16.310709677153266,-7.2217022532997674,6.451249566149112,Yes,25.35,S
2018.6666666666667,0.5422022474835907,9.004846470952447,15.61961794823063,-7.2217022532997674,6.451249566149112,Yes,25.166666666666668,S
2018.75,0.1464776030125723,9.001443779317045,12.18541195100372,-7.2217022532997674,6.451249566149112,Yes,21.333333333333336,S
2018.8333333333335,0.03611543411152066,8.998041087681642,8.465843478206835,-7.2217022532997674,6.451249566149112,Yes,17.5,S
2018.9166666666667,0.13122723670714576,8.994638396046238,4.540801033913285,-7.2217022532997674,6.451249566149112,No,13.666666666666668,S
2019,0.22892080519850613,8.991235704410835,0.6131768237239914,-7.2217022532997674,6.451249566149112,No,9.833333333333332,S
2019.0833333333335,-0.1391295359731682,8.97842735324809,-2.8392978172749217,-7.2217022532997674,6.451249566149112,No,6,S
2019.1666666666667,-0.15571981867736703,8.965619002085347,-2.6313277548365512,-7.2217022532997674,6.451249566149112,No,6.178571428571429,S
2019.25,-0.5419313268039616,8.952810650922602,-2.053736466975784,-7.2217022532997674,6.451249566149112,No,6.357142857142857,S
2019.3333333333335,-0.5350289377293392,8.94000229975986,-1.8692590763162347,-7.2217022532997674,6.451249566149112,No,6.535714285714286,S
2019.4166666666667,0.1702530350322103,8.927193948597115,-2.383161269343611,-7.2217022532997674,6.451249566149112,No,6.714285714285714,S
2019.5,0.08557212665005103,8.914385597434372,-2.1071005812272796,-7.2217022532997674,6.451249566149112,No,6.892857142857143,S
2019.5833333333335,0.031041160258885304,8.901577246271627,-1.861189835101941,-7.2217022532997674,6.451249566149112,No,7.071428571428571,S
2019.6666666666667,0.5422022474835907,8.888768895108882,-2.1809711425924725,-7.2217022532997674,6.451249566149112,No,7.25,S
2019.75,0.1464776030125723,8.875960543946139,1.1650618530412888,-7.2217022532997674,6.451249566149112,No,10.1875,S
2019.8333333333335,0.03611543411152066,8.863152192783394,4.225732373105085,-7.2217022532997674,6.451249566149112,No,13.125,S
2019.9166666666667,0.13122723670714576,8.850343841620651,7.080928921672204,-7.2217022532997674,6.451249566149112,Yes,16.0625,S
2020,0.22892080519850613,8.837535490457906,9.933543704343588,-7.2217022532997674,6.451249566149112,Yes,19,S
2020.0833333333335,-0.1391295359731682,8.824727139295163,12.314402396678005,-7.2217022532997674,6.451249566149112,Yes,21,S
2020.1666666666667,-0.15571981867736703,8.811918788132418,4.343801030544949,-7.2217022532997674,6.451249566149112,No,13,S
2020.25,-0.5419313268039616,8.81359585207525,-3.271664525271289,-7.2217022532997674,6.451249566149112,No,5,S
2020.3333333333335,-0.5350289377293392,8.815272916018083,7.219756021711257,-7.2217022532997674,6.451249566149112,Yes,15.5,S
2020.4166666666667,0.1702530350322103,8.816949979960915,4.846130318340206,-7.2217022532997674,6.451249566149112,No,13.833333333333332,S
2020.5,0.08557212665005103,8.818627043903748,3.2624674961128672,-7.2217022532997674,6.451249566149112,No,12.166666666666666,S
2020.5833333333335,0.031041160258885304,8.82030410784658,2.1236547318945345,-7.2217022532997674,6.451249566149112,No,10.975,S
2020.6666666666667,0.5422022474835907,8.821981171789412,0.41914991406033053,-7.2217022532997674,6.451249566149112,No,9.783333333333333,S
2020.75,0.1464776030125723,8.823658235732244,-0.3784691720781499,-7.2217022532997674,6.451249566149112,No,8.591666666666667,S
2020.8333333333335,0.03611543411152066,8.825335299675077,-1.461450733786597,-7.2217022532997674,6.451249566149112,No,7.4,S
2020.9166666666667,0.13122723670714576,8.827012363617909,-3.9582396003250544,-7.2217022532997674,6.451249566149112,No,5,S
2021,0.22892080519850613,8.828689427560741,-0.8492768994259157,-7.2217022532997674,6.451249566149112,No,8.208333333333332,S
2021.0833333333335,-0.1391295359731682,8.830366491503574,2.725429711136261,-7.2217022532997674,6.451249566149112,No,11.416666666666666,S
2021.1666666666667,-0.15571981867736703,8.832043555446406,5.948676263230961,-7.2217022532997674,6.451249566149112,No,14.625,S
2021.25,-0.5419313268039616,8.833720619389238,9.541544040748056,-7.2217022532997674,6.451249566149112,Yes,17.833333333333332,S
2021.3333333333335,-0.5350289377293392,8.83539768333207,7.3940756988417125,-7.2217022532997674,6.451249566149112,Yes,15.694444444444443,S
2021.4166666666667,0.1702530350322103,8.84390139457577,4.541401125947575,-7.2217022532997674,6.451249566149112,No,13.555555555555555,S
2021.5,0.08557212665005103,8.852405105819468,2.478689434197147,-7.2217022532997674,6.451249566149112,No,11.416666666666666,S
2021.5833333333335,0.031041160258885304,8.860908817063168,0.3858278004557256,-7.2217022532997674,6.451249566149112,No,9.277777777777779,S
2021.6666666666667,0.5422022474835907,8.869412528306867,-2.2727258869015694,-7.2217022532997674,6.451249566149112,No,7.138888888888888,S
2021.75,0.1464776030125723,8.877916239550565,-4.024393842563137,-7.2217022532997674,6.451249566149112,No,5,S
2021.8333333333335,0.03611543411152066,8.886419950794265,-3.874916337286738,-7.2217022532997674,6.451249566149112,No,5.0476190476190474,S
2021.9166666666667,0.13122723670714576,8.894923662037963,-3.930912803507013,-7.2217022532997674,6.451249566149112,No,5.095238095238095,S
2022,0.22892080519850613,8.903427373281662,-3.9894910356230264,-7.2217022532997674,6.451249566149112,No,5.142857142857142,S
2022.0833333333335,-0.1391295359731682,8.911931084525362,-3.5823253580760026,-7.2217022532997674,6.451249566149112,No,5.190476190476191,S
2022.1666666666667,-0.15571981867736703,8.92043479576906,-3.5266197389964544,-7.2217022532997674,6.451249566149112,No,5.238095238095238,S
2022.25,-0.5419313268039616,8.92893850701276,-3.101292894494512,-7.2217022532997674,6.451249566149112,No,5.285714285714286,S
2022.3333333333335,-0.5350289377293392,8.937442218256459,-3.069079947193787,-7.2217022532997674,6.451249566149112,No,5.333333333333333,S
2022.4166666666667,0.1702530350322103,8.945945929500157,-1.6995322978657015,-7.2217022532997674,6.451249566149112,No,7.416666666666666,S
2022.5,0.08557212665005103,8.954449640743857,0.45997823260609216,-7.2217022532997674,6.451249566149112,No,9.5,S
2022.5833333333335,0.031041160258885304,8.96336351975463,1.0055953199864849,-7.2217022532997674,6.451249566149112,No,10,S
2022.6666666666667,0.5422022474835907,8.972277398765405,0.9855203537510047,-7.2217022532997674,6.451249566149112,No,10.5,S
2022.75,0.1464776030125723,8.981191277776178,1.8723311192112497,-7.2217022532997674,6.451249566149112,No,11,S
2022.8333333333335,0.03611543411152066,8.990105156786951,-0.5262205908984718,-7.2217022532997674,6.451249566149112,No,8.5,S
2022.9166666666667,0.13122723670714576,8.999019035797724,22.20308706082846,-7.2217022532997674,6.451249566149112,Yes,31.33333333333333,S
2023,0.22892080519850613,9.0079329148085,15.794892311739027,-7.2217022532997674,6.451249566149112,Yes,25.03174603174603,S
2023.0833333333335,-0.1391295359731682,9.016846793819273,9.852441472312627,-7.2217022532997674,6.451249566149112,Yes,18.73015873015873,S
2023.1666666666667,-0.15571981867736703,9.025760672830046,3.55853057441875,-7.2217022532997674,6.451249566149112,No,12.428571428571429,S
2023.25,-0.5419313268039616,9.034674551840821,8.70725677496314,-7.2217022532997674,6.451249566149112,Yes,17.2,S
2023.3333333333335,-0.5350289377293392,9.043588430851594,-3.508559493122255,-7.2217022532997674,6.451249566149112,No,5,S
2023.4166666666667,0.1702530350322103,9.052502309862367,1.9201017979625643,-7.2217022532997674,6.451249566149112,No,11.142857142857142,S
2023.5,0.08557212665005103,9.06141618887314,-4.146988315523192,-7.2217022532997674,6.451249566149112,No,5,S
2023.5833333333335,0.031041160258885304,9.070330067883916,1.065295438523865,-7.2217022532997674,6.451249566149112,No,10.166666666666666,S
2023.6666666666667,0.5422022474835907,9.079243946894689,5.711887138955053,-7.2217022532997674,6.451249566149112,No,15.333333333333332,S
2023.75,0.1464776030125723,9.09015298883333,11.2633694081541,-7.2217022532997674,6.451249566149112,Yes,20.5,S
2023.8333333333335,0.03611543411152066,9.10106203077197,87.862822535116507,-7.2217022532997674,6.451249566149112,Yes,97,S
2023.9166666666667,0.13122723670714576,9.111971072710611,46.356801690582245,-7.2217022532997674,6.451249566149112,Yes,55.6,S
2024,0.22892080519850613,9.122880114649252,35.14819908015224,-7.2217022532997674,6.451249566149112,Yes,44.49999999999999,S
2024.0833333333335,-0.1391295359731682,9.133789156587893,23.949784823829717,-7.2217022532997674,6.451249566149112,Yes,32.94444444444444,S
2024.1666666666667,-0.15571981867736703,9.144698198526534,12.399910509039724,-7.2217022532997674,6.451249566149112,Yes,21.388888888888893,S
2024.25,-0.5419313268039616,9.155607240465175,1.2196574196721208,-7.2217022532997674,6.451249566149112,No,9.833333333333334,S
2024.3333333333335,-0.5350289377293392,9.166516282403817,8.711369798182664,-7.2217022532997674,6.451249566149112,Yes,17.34285714285714,S
2024.4166666666667,0.1702530350322103,9.177425324342458,15.504702593006282,-7.2217022532997674,6.451249566149112,Yes,24.85238095238095,S
2024.5,0.08557212665005103,9.188334366281099,23.087998268973614,-7.2217022532997674,6.451249566149112,Yes,32.36190476190476,S
2024.5833333333335,0.031041160258885304,9.19924340821974,30.64114400294994,-7.2217022532997674,6.451249566149112,Yes,39.87142857142857,S
2024.6666666666667,0.5422022474835907,9.21015245015838,37.6285976833104,-7.2217022532997674,6.451249566149112,Yes,47.38095238095238,S
2024.75,0.1464776030125723,9.221061492097022,45.52293709536659,-7.2217022532997674,6.451249566149112,Yes,54.890476190476186,S
2024.8333333333335,0.03611543411152066,9.231970534035662,53.131914031852816,-7.2217022532997674,6.451249566149112,Yes,62.4,S
2024.9166666666667,0.13122723670714576,9.245080907873499,12.623691855419354,-7.2217022532997674,6.451249566149112,Yes,22,S
2025,0.22892080519850613,9.258191281711335,3.012887913090159,-7.2217022532997674,6.451249566149112,No,12.5,S
2025.0833333333335,-0.1391295359731682,9.271301655549173,0.24282788042399517,-7.2217022532997674,6.451249566149112,No,9.375,S
2025.1666666666667,-0.15571981867736703,9.28441202938701,-2.8786922107096427,-7.2217022532997674,6.451249566149112,No,6.25,S
2025.25,-0.5419313268039616,9.297522403224846,-1.6305910764208846,-7.2217022532997674,6.451249566149112,No,7.125,S
2025.3333333333335,-0.5350289377293392,9.310632777062683,-0.7756038393333426,-7.2217022532997674,6.451249566149112,No,8,S
2025.4166666666667,0.1702530350322103,9.32374315090052,2.5060038140672685,-7.2217022532997674,6.451249566149112,No,12,S
2025.5,0.08557212665005103,9.336853524738357,0.5775743486115914,-7.2217022532997674,6.451249566149112,No,10,S
2025.5833333333335,0.031041160258885304,9.349963898576194,7.285661607831591,-7.2217022532997674,6.451249566149112,Yes,16.666666666666668,S
2025.6666666666667,0.5422022474835907,9.36307427241403,4.928056813435713,-7.2217022532997674,6.451249566149112,No,14.833333333333334,S
2025.75,0.1464776030125723,9.376184646251868,3.4773377507355594,-7.2217022532997674,6.451249566149112,No,13,S
2025.8333333333335,0.03611543411152066,9.389295020089705,-2.4254104542012254,-7.2217022532997674,6.451249566149112,No,7,S
2025.9166666666667,0.13122723670714576,9.402405393927541,-2.5336326306346866,-7.2217022532997674,6.451249566149112,No,7,S
