x,seasonal,trend,remainder,remainder_l1,remainder_l2,anomaly,observed,Zone
1981.6666666666667,-3.301827218748585e-17,-1.313758288492403e-17,4.615585507240988e-17,-2.842964462810287e-16,2.951425153830695e-16,No,0,NW
1981.75,-3.4384210560835395e-17,-1.3028346657909603e-17,4.7412557218745e-17,-2.842964462810287e-16,2.951425153830695e-16,No,0,NW
1981.8333333333335,2.0202940758111096e-17,-1.2919110430895176e-17,-7.28383032721592e-18,-2.842964462810287e-16,2.951425153830695e-16,No,0,NW
1981.9166666666667,3.633958239966249e-17,-1.2809874203880748e-17,-2.3529708195781744e-17,-2.842964462810287e-16,2.951425153830695e-16,No,0,NW
1982,6.205311945616972e-17,-1.2700637976866321e-17,-4.9352481479303395e-17,-2.842964462810287e-16,2.951425153830695e-16,No,0,NW
1982.0833333333335,5.453319999315382e-17,-1.2591401749851894e-17,1,-2.842964462810287e-16,2.951425153830695e-16,No,1,NW
1982.1666666666667,6.242373249934906e-17,-1.2482165522837467e-17,-4.9941566976511594e-17,-2.842964462810287e-16,2.951425153830695e-16,No,0,NW
1982.25,5.26533402612382e-17,-1.2372929295823041e-17,-4.028041096541516e-17,-2.842964462810287e-16,2.951425153830695e-16,No,0,NW
1982.3333333333335,7.337188057407386e-18,-1.2263693068808614e-17,4.926505011401228e-18,-2.842964462810287e-16,2.951425153830695e-16,No,0,NW
1982.4166666666667,-4.043890973195441e-17,-1.2154456841794186e-17,5.2593366573748595e-17,-2.842964462810287e-16,2.951425153830695e-16,No,0,NW
1982.5,-1.1096205168745947e-16,-1.2045220614779759e-17,1,-2.842964462810287e-16,2.951425153830695e-16,No,0.9999999999999999,NW
1982.5833333333335,-7.673967512073738e-17,-1.1935984387765332e-17,8.867565950850271e-17,-2.842964462810287e-16,2.951425153830695e-16,No,0,NW
1982.6666666666667,-3.301827218748585e-17,-1.1826748160750904e-17,4.4845020348236756e-17,-2.842964462810287e-16,2.951425153830695e-16,No,0,NW
1982.75,-3.4384210560835395e-17,-1.1717511933736477e-17,4.610172249457187e-17,-2.842964462810287e-16,2.951425153830695e-16,No,0,NW
1982.8333333333335,2.0202940758111096e-17,-1.160827570672205e-17,-8.594665051389046e-18,-2.842964462810287e-16,2.951425153830695e-16,No,0,NW
1982.9166666666667,3.633958239966249e-17,-1.1500742236916826e-17,-2.4838840162745665e-17,-2.842964462810287e-16,2.951425153830695e-16,No,0,NW
1983,6.205311945616972e-17,-1.1393208767111603e-17,-5.0659910689058116e-17,-2.842964462810287e-16,2.951425153830695e-16,No,0,NW
1983.0833333333335,5.453319999315382e-17,-1.1285675297306379e-17,-4.3247524695847445e-17,-2.842964462810287e-16,2.951425153830695e-16,No,0,NW
1983.1666666666667,6.242373249934906e-17,-1.1178141827501156e-17,-5.1245590671847903e-17,-2.842964462810287e-16,2.951425153830695e-16,No,0,NW
1983.25,5.26533402612382e-17,-1.1070608357695931e-17,-4.158273190354227e-17,-2.842964462810287e-16,2.951425153830695e-16,No,0,NW
1983.3333333333335,7.337188057407386e-18,-1.0963074887890709e-17,3.625886830483323e-18,-2.842964462810287e-16,2.951425153830695e-16,No,0,NW
1983.4166666666667,-4.043890973195441e-17,-1.0855541418085484e-17,5.1294451150039894e-17,-2.842964462810287e-16,2.951425153830695e-16,No,0,NW
1983.5,-1.1096205168745947e-16,-1.074800794828026e-17,7,-2.842964462810287e-16,2.951425153830695e-16,Yes,7,NW
1983.5833333333335,-7.673967512073738e-17,-1.0640474478475037e-17,2,-2.842964462810287e-16,2.951425153830695e-16,No,2,NW
1983.6666666666667,-3.301827218748585e-17,-1.0532941008669813e-17,4.3551213196155664e-17,-2.842964462810287e-16,2.951425153830695e-16,No,0,NW
1983.75,-3.4384210560835395e-17,-1.042540753886459e-17,4.480961809969999e-17,-2.842964462810287e-16,2.951425153830695e-16,No,0,NW
1983.8333333333335,2.0202940758111096e-17,-1.0317874069059366e-17,27,-2.842964462810287e-16,2.951425153830695e-16,Yes,27,NW
1983.9166666666667,3.633958239966249e-17,-1.0210340599254143e-17,5,-2.842964462810287e-16,2.951425153830695e-16,No,5,NW
1984,6.205311945616972e-17,-1.0102807129448919e-17,-5.19503123267208e-17,-2.842964462810287e-16,2.951425153830695e-16,No,0,NW
1984.0833333333335,5.453319999315382e-17,-1.0003427620074833e-17,-4.452977237307899e-17,-2.842964462810287e-16,2.951425153830695e-16,No,0,NW
1984.1666666666667,6.242373249934906e-17,-9.904048110700745e-18,-5.251968438864831e-17,-2.842964462810287e-16,2.951425153830695e-16,No,0,NW
1984.25,5.26533402612382e-17,-9.804668601326659e-18,-4.284867165991154e-17,-2.842964462810287e-16,2.951425153830695e-16,No,6.162975822039155e-33,NW
1984.3333333333335,7.337188057407386e-18,-9.705289091952571e-18,2.368101034545185e-18,-2.842964462810287e-16,2.951425153830695e-16,No,0,NW
1984.4166666666667,-4.043890973195441e-17,-9.605909582578485e-18,5.0044819314532896e-17,-2.842964462810287e-16,2.951425153830695e-16,No,0,NW
1984.5,-1.1096205168745947e-16,-9.506530073204397e-18,8,-2.842964462810287e-16,2.951425153830695e-16,Yes,8,NW
1984.5833333333335,-7.673967512073738e-17,-9.407150563830311e-18,8.614682568456768e-17,-2.842964462810287e-16,2.951425153830695e-16,No,0,NW
1984.6666666666667,-3.301827218748585e-17,-9.307771054456225e-18,4.232604324194208e-17,-2.842964462810287e-16,2.951425153830695e-16,No,0,NW
1984.75,-3.4384210560835395e-17,-9.208391545082137e-18,4.359260210591753e-17,-2.842964462810287e-16,2.951425153830695e-16,No,0,NW
1984.8333333333335,2.0202940758111096e-17,-9.109012035708051e-18,-1.1093928722403045e-17,-2.842964462810287e-16,2.951425153830695e-16,No,0,NW
1984.9166666666667,3.633958239966249e-17,-9.009632526333963e-18,-2.732994987332853e-17,-2.842964462810287e-16,2.951425153830695e-16,No,0,NW
1985,6.205311945616972e-17,-8.910253016959877e-18,-5.314286643920984e-17,-2.842964462810287e-16,2.951425153830695e-16,No,0,NW
1985.0833333333335,5.453319999315382e-17,-8.81087350758579e-18,-4.572232648556803e-17,-2.842964462810287e-16,2.951425153830695e-16,No,0,NW
1985.1666666666667,6.242373249934906e-17,-8.711493998211703e-18,-5.371223850113735e-17,-2.842964462810287e-16,2.951425153830695e-16,No,0,NW
1985.25,5.26533402612382e-17,-8.619677642102137e-18,-4.4033662619136064e-17,-2.842964462810287e-16,2.951425153830695e-16,No,0,NW
1985.3333333333335,7.337188057407386e-18,-8.527861285992569e-18,1.1906732285851833e-18,-2.842964462810287e-16,2.951425153830695e-16,No,0,NW
1985.4166666666667,-4.043890973195441e-17,-8.436044929883003e-18,4.887495466183741e-17,-2.842964462810287e-16,2.951425153830695e-16,No,0,NW
1985.5,-1.1096205168745947e-16,-8.344228573773437e-18,12,-2.842964462810287e-16,2.951425153830695e-16,Yes,12,NW
1985.5833333333335,-7.673967512073738e-17,-8.252412217663869e-18,8.499208733840125e-17,-2.842964462810287e-16,2.951425153830695e-16,No,0,NW
1985.6666666666667,-3.301827218748585e-17,-8.1605958615543025e-18,4.1178868049040157e-17,-2.842964462810287e-16,2.951425153830695e-16,No,6.162975822039155e-33,NW
1985.75,-3.4384210560835395e-17,-8.068779505444735e-18,4.2452990066280126e-17,-2.842964462810287e-16,2.951425153830695e-16,No,0,NW
1985.8333333333335,2.0202940758111096e-17,-7.976963149335168e-18,-1.2225977608775927e-17,-2.842964462810287e-16,2.951425153830695e-16,No,0,NW
1985.9166666666667,3.633958239966249e-17,-7.885146793225602e-18,-2.845443560643689e-17,-2.842964462810287e-16,2.951425153830695e-16,No,0,NW
1986,6.205311945616972e-17,-7.793330437116034e-18,-5.4259789019053683e-17,-2.842964462810287e-16,2.951425153830695e-16,No,0,NW
1986.0833333333335,5.453319999315382e-17,-7.701514081006468e-18,-4.6831685912147354e-17,-2.842964462810287e-16,2.951425153830695e-16,No,0,NW
1986.1666666666667,6.242373249934906e-17,-7.609697724896902e-18,-5.4814034774452154e-17,-2.842964462810287e-16,2.951425153830695e-16,No,0,NW
1986.25,5.26533402612382e-17,-7.517881368787334e-18,-4.513545889245087e-17,-2.842964462810287e-16,2.951425153830695e-16,No,-6.162975822039155e-33,NW
1986.3333333333335,7.337188057407386e-18,-7.426065012677768e-18,8.887695527038184e-20,-2.842964462810287e-16,2.951425153830695e-16,No,0,NW
1986.4166666666667,-4.043890973195441e-17,-7.361001810119002e-18,4.7799911542073413e-17,-2.842964462810287e-16,2.951425153830695e-16,No,0,NW
1986.5,-1.1096205168745947e-16,-7.295938607560234e-18,1.182579902950197e-16,-2.842964462810287e-16,2.951425153830695e-16,No,-1.232595164407831e-32,NW
1986.5833333333335,-7.673967512073738e-17,-7.230875405001468e-18,8.397055052573885e-17,-2.842964462810287e-16,2.951425153830695e-16,No,0,NW
1986.6666666666667,-3.301827218748585e-17,-7.1658122024427e-18,16,-2.842964462810287e-16,2.951425153830695e-16,Yes,16,NW
1986.75,-3.4384210560835395e-17,-7.100748999883934e-18,4.148495956071933e-17,-2.842964462810287e-16,2.951425153830695e-16,No,0,NW
1986.8333333333335,2.0202940758111096e-17,-7.035685797325167e-18,-1.3167254960785929e-17,-2.842964462810287e-16,2.951425153830695e-16,No,0,NW
1986.9166666666667,3.633958239966249e-17,-6.970622594766401e-18,-2.936895980489609e-17,-2.842964462810287e-16,2.951425153830695e-16,No,0,NW
1987,6.205311945616972e-17,-6.905559392207634e-18,-5.514756006396208e-17,-2.842964462810287e-16,2.951425153830695e-16,No,0,NW
1987.0833333333335,5.453319999315382e-17,-6.840496189648867e-18,-4.769270380350495e-17,-2.842964462810287e-16,2.951425153830695e-16,No,0,NW
1987.1666666666667,6.242373249934906e-17,-6.7754329870901005e-18,8,-2.842964462810287e-16,2.951425153830695e-16,No,8,NW
1987.25,5.26533402612382e-17,-6.710369784531334e-18,-4.5942970476706866e-17,-2.842964462810287e-16,2.951425153830695e-16,No,6.162975822039155e-33,NW
1987.3333333333335,7.337188057407386e-18,-6.645306581972567e-18,-6.91881475434819e-19,-2.842964462810287e-16,2.951425153830695e-16,No,0,NW
1987.4166666666667,-4.043890973195441e-17,-6.5802433794138e-18,4.701915311136821e-17,-2.842964462810287e-16,2.951425153830695e-16,No,0,NW
1987.5,-1.1096205168745947e-16,-6.515180176855033e-18,1.174772318643145e-16,-2.842964462810287e-16,2.951425153830695e-16,No,0,NW
1987.5833333333335,-7.673967512073738e-17,-6.515324976275316e-18,8.325500009701269e-17,-2.842964462810287e-16,2.951425153830695e-16,No,0,NW
1987.6666666666667,-3.301827218748585e-17,-6.5154697756956e-18,5,-2.842964462810287e-16,2.951425153830695e-16,No,5,NW
1987.75,-3.4384210560835395e-17,-6.5156145751158824e-18,4.0899825135951275e-17,-2.842964462810287e-16,2.951425153830695e-16,No,0,NW
1987.8333333333335,2.0202940758111096e-17,-6.515759374536166e-18,-1.3687181383574929e-17,-2.842964462810287e-16,2.951425153830695e-16,No,0,NW
1987.9166666666667,3.633958239966249e-17,-6.515904173956449e-18,-2.9823678225706045e-17,-2.842964462810287e-16,2.951425153830695e-16,No,0,NW
1988,6.205311945616972e-17,-6.516048973376732e-18,-5.553707048279299e-17,-2.842964462810287e-16,2.951425153830695e-16,No,0,NW
1988.0833333333335,5.453319999315382e-17,-6.516193772797015e-18,-4.8017006220356806e-17,-2.842964462810287e-16,2.951425153830695e-16,No,0,NW
1988.1666666666667,6.242373249934906e-17,-6.516338572217298e-18,5,-2.842964462810287e-16,2.951425153830695e-16,No,5,NW
1988.25,5.26533402612382e-17,-6.5164833716375815e-18,-4.613685688960062e-17,-2.842964462810287e-16,2.951425153830695e-16,No,0,NW
1988.3333333333335,7.337188057407386e-18,-6.516628171057864e-18,-8.205598863495216e-19,-2.842964462810287e-16,2.951425153830695e-16,No,0,NW
1988.4166666666667,-4.043890973195441e-17,-6.516772970478148e-18,1,-2.842964462810287e-16,2.951425153830695e-16,No,1,NW
1988.5,-1.1096205168745947e-16,-6.516917769898431e-18,1,-2.842964462810287e-16,2.951425153830695e-16,No,0.9999999999999999,NW
1988.5833333333335,-7.673967512073738e-17,-6.517062569318714e-18,8.32567376900561e-17,-2.842964462810287e-16,2.951425153830695e-16,No,0,NW
1988.6666666666667,-3.301827218748585e-17,-6.517207368738997e-18,3.953547955622485e-17,-2.842964462810287e-16,2.951425153830695e-16,No,0,NW
1988.75,-3.4384210560835395e-17,-6.502785709509081e-18,4.088699627034448e-17,-2.842964462810287e-16,2.951425153830695e-16,No,0,NW
1988.8333333333335,2.0202940758111096e-17,-6.4883640502791645e-18,10,-2.842964462810287e-16,2.951425153830695e-16,Yes,10,NW
1988.9166666666667,3.633958239966249e-17,-6.4739423910492486e-18,-2.986564000861324e-17,-2.842964462810287e-16,2.951425153830695e-16,No,0,NW
1989,6.205311945616972e-17,-6.459520731819333e-18,2,-2.842964462810287e-16,2.951425153830695e-16,No,2,NW
1989.0833333333335,5.453319999315382e-17,-6.445099072589416e-18,2,-2.842964462810287e-16,2.951425153830695e-16,No,2,NW
1989.1666666666667,6.242373249934906e-17,-6.4306774133595e-18,4,-2.842964462810287e-16,2.951425153830695e-16,No,4,NW
1989.25,5.26533402612382e-17,-6.416255754129584e-18,-4.623708450710862e-17,-2.842964462810287e-16,2.951425153830695e-16,No,0,NW
1989.3333333333335,7.337188057407386e-18,-6.401834094899668e-18,5,-2.842964462810287e-16,2.951425153830695e-16,No,5,NW
1989.4166666666667,-4.043890973195441e-17,-6.387412435669752e-18,10,-2.842964462810287e-16,2.951425153830695e-16,No,10,NW
1989.5,-1.1096205168745947e-16,-6.372990776439835e-18,6,-2.842964462810287e-16,2.951425153830695e-16,No,6,NW
1989.5833333333335,-7.673967512073738e-17,-6.358569117209919e-18,20,-2.842964462810287e-16,2.951425153830695e-16,Yes,20,NW
1989.6666666666667,-3.301827218748585e-17,-6.3441474579800034e-18,3.9362419645465857e-17,-2.842964462810287e-16,2.951425153830695e-16,No,0,NW
1989.75,-3.4384210560835395e-17,-6.329725798750087e-18,2,-2.842964462810287e-16,2.951425153830695e-16,No,2,NW
1989.8333333333335,2.0202940758111096e-17,-6.315304139520171e-18,-1.3887636618590925e-17,-2.842964462810287e-16,2.951425153830695e-16,No,0,NW
1989.9166666666667,3.633958239966249e-17,-6.314998475382277e-18,19,-2.842964462810287e-16,2.951425153830695e-16,Yes,19,NW
1990,6.205311945616972e-17,-6.3146928112443836e-18,32,-2.842964462810287e-16,2.951425153830695e-16,Yes,32,NW
1990.0833333333335,5.453319999315382e-17,-6.31438714710649e-18,21,-2.842964462810287e-16,2.951425153830695e-16,Yes,21,NW
1990.1666666666667,6.242373249934906e-17,-6.3140814829685955e-18,21,-2.842964462810287e-16,2.951425153830695e-16,No,21,NW
1990.25,5.26533402612382e-17,-6.313775818830702e-18,-4.63395644424075e-17,-2.842964462810287e-16,2.951425153830695e-16,No,0,NW
1990.3333333333335,7.337188057407386e-18,-6.313470154692808e-18,11,-2.842964462810287e-16,2.951425153830695e-16,Yes,11,NW
1990.4166666666667,-4.043890973195441e-17,-6.3131644905549145e-18,4.6752074222509327e-17,-2.842964462810287e-16,2.951425153830695e-16,No,0,NW
1990.5,-1.1096205168745947e-16,-6.312858826417021e-18,25,-2.842964462810287e-16,2.951425153830695e-16,Yes,25,NW
1990.5833333333335,-7.673967512073738e-17,-6.312553162279127e-18,8,-2.842964462810287e-16,2.951425153830695e-16,No,8,NW
1990.6666666666667,-3.301827218748585e-17,-6.3122474981412335e-18,3.9330519685627085e-17,-2.842964462810287e-16,2.951425153830695e-16,No,0,NW
1990.75,-3.4384210560835395e-17,-6.311941834003339e-18,4.069615239483873e-17,-2.842964462810287e-16,2.951425153830695e-16,No,0,NW
1990.8333333333335,2.0202940758111096e-17,-6.3116361698654454e-18,-1.3891304588245652e-17,-2.842964462810287e-16,2.951425153830695e-16,No,0,NW
1990.9166666666667,3.633958239966249e-17,-6.311330505727552e-18,-3.002825189393494e-17,-2.842964462810287e-16,2.951425153830695e-16,No,0,NW
1991,6.205311945616972e-17,-6.311024841589658e-18,-5.574209461458006e-17,-2.842964462810287e-16,2.951425153830695e-16,No,0,NW
1991.0833333333335,5.453319999315382e-17,-6.2748306754977736e-18,-4.825836931765605e-17,-2.842964462810287e-16,2.951425153830695e-16,No,0,NW
1991.1666666666667,6.242373249934906e-17,-6.238636509405889e-18,-5.618509598994317e-17,-2.842964462810287e-16,2.951425153830695e-16,No,0,NW
1991.25,5.26533402612382e-17,-6.202442343314004e-18,-4.64508979179242e-17,-2.842964462810287e-16,2.951425153830695e-16,No,0,NW
1991.3333333333335,7.337188057407386e-18,-6.166248177222119e-18,-1.1709398801852667e-18,-2.842964462810287e-16,2.951425153830695e-16,No,0,NW
1991.4166666666667,-4.043890973195441e-17,-6.1300540111302345e-18,4.656896374308465e-17,-2.842964462810287e-16,2.951425153830695e-16,No,6.162975822039155e-33,NW
1991.5,-1.1096205168745947e-16,-6.09385984503835e-18,1.1705591153249781e-16,-2.842964462810287e-16,2.951425153830695e-16,No,0,NW
1991.5833333333335,-7.673967512073738e-17,-6.0576656789464654e-18,23,-2.842964462810287e-16,2.951425153830695e-16,Yes,23,NW
1991.6666666666667,-3.301827218748585e-17,-6.02147151285458e-18,3,-2.842964462810287e-16,2.951425153830695e-16,No,3,NW
1991.75,-3.4384210560835395e-17,-5.9852773467626955e-18,4.036948790759809e-17,-2.842964462810287e-16,2.951425153830695e-16,No,0,NW
1991.8333333333335,2.0202940758111096e-17,-5.949083180670811e-18,-1.4253857577440286e-17,-2.842964462810287e-16,2.951425153830695e-16,No,0,NW
1991.9166666666667,3.633958239966249e-17,-5.912889014578926e-18,-3.0426693385083564e-17,-2.842964462810287e-16,2.951425153830695e-16,No,0,NW
1992,6.205311945616972e-17,-5.876694848487041e-18,-5.617642460768268e-17,-2.842964462810287e-16,2.951425153830695e-16,No,0,NW
1992.0833333333335,5.453319999315382e-17,-5.8405006823951565e-18,-4.8692699310758665e-17,-2.842964462810287e-16,2.951425153830695e-16,No,0,NW
1992.1666666666667,6.242373249934906e-17,-5.804306516303272e-18,-5.661942598304578e-17,-2.842964462810287e-16,2.951425153830695e-16,No,0,NW
1992.25,5.26533402612382e-17,-5.574395836048017e-18,-4.707894442519019e-17,-2.842964462810287e-16,2.951425153830695e-16,No,-6.162975822039155e-33,NW
1992.3333333333335,7.337188057407386e-18,-5.344485155792763e-18,-1.9927029016146225e-18,-2.842964462810287e-16,2.951425153830695e-16,No,0,NW
1992.4166666666667,-4.043890973195441e-17,-5.114574475537509e-18,4.5553484207491916e-17,-2.842964462810287e-16,2.951425153830695e-16,No,0,NW
1992.5,-1.1096205168745947e-16,-4.884663795282255e-18,1.1584671548274173e-16,-2.842964462810287e-16,2.951425153830695e-16,No,0,NW
1992.5833333333335,-7.673967512073738e-17,-4.654753115027e-18,8.139442823576438e-17,-2.842964462810287e-16,2.951425153830695e-16,No,0,NW
1992.6666666666667,-3.301827218748585e-17,-4.424842434771746e-18,3.7443114622257596e-17,-2.842964462810287e-16,2.951425153830695e-16,No,0,NW
1992.75,-3.4384210560835395e-17,-4.1949317545164916e-18,3.8579142315351886e-17,-2.842964462810287e-16,2.951425153830695e-16,No,0,NW
1992.8333333333335,2.0202940758111096e-17,-3.965021074261237e-18,-1.623791968384986e-17,-2.842964462810287e-16,2.951425153830695e-16,No,0,NW
1992.9166666666667,3.633958239966249e-17,-3.735110394005983e-18,-3.260447200565651e-17,-2.842964462810287e-16,2.951425153830695e-16,No,0,NW
1993,6.205311945616972e-17,-3.505199713750728e-18,-5.8547919742419e-17,-2.842964462810287e-16,2.951425153830695e-16,No,0,NW
1993.0833333333335,5.453319999315382e-17,-3.2752890334954745e-18,-5.1257910959658345e-17,-2.842964462810287e-16,2.951425153830695e-16,No,0,NW
1993.1666666666667,6.242373249934906e-17,-3.04537835324022e-18,-5.937835414610884e-17,-2.842964462810287e-16,2.951425153830695e-16,No,0,NW
1993.25,5.26533402612382e-17,-2.8154676729849655e-18,-4.9837872588253235e-17,-2.842964462810287e-16,2.951425153830695e-16,No,0,NW
1993.3333333333335,7.337188057407386e-18,-2.5855569927297117e-18,-4.751631064677674e-18,-2.842964462810287e-16,2.951425153830695e-16,No,0,NW
1993.4166666666667,-4.043890973195441e-17,-2.2334097960938205e-18,12,-2.842964462810287e-16,2.951425153830695e-16,No,12,NW
1993.5,-1.1096205168745947e-16,-1.8812625994579297e-18,1.128433142869174e-16,-2.842964462810287e-16,2.951425153830695e-16,No,-1.232595164407831e-32,NW
1993.5833333333335,-7.673967512073738e-17,-1.5291154028220385e-18,7.826879052355942e-17,-2.842964462810287e-16,2.951425153830695e-16,No,0,NW
1993.6666666666667,-3.301827218748585e-17,-1.1769682061861473e-18,3.4195240393672e-17,-2.842964462810287e-16,2.951425153830695e-16,No,0,NW
1993.75,-3.4384210560835395e-17,-8.248210095502562e-19,3.520903157038565e-17,-2.842964462810287e-16,2.951425153830695e-16,No,0,NW
1993.8333333333335,2.0202940758111096e-17,-4.7267381291436515e-19,-1.973026694519673e-17,-2.842964462810287e-16,2.951425153830695e-16,No,0,NW
1993.9166666666667,3.633958239966249e-17,-1.2052661627847406e-19,-3.621905578338402e-17,-2.842964462810287e-16,2.951425153830695e-16,No,0,NW
1994,6.205311945616972e-17,2.31620580357417e-19,-6.228474003652714e-17,-2.842964462810287e-16,2.951425153830695e-16,No,0,NW
1994.0833333333335,5.453319999315382e-17,5.837677769933081e-19,-5.511696777014713e-17,-2.842964462810287e-16,2.951425153830695e-16,No,0,NW
1994.1666666666667,6.242373249934906e-17,9.359149736291992e-19,-6.335964747297826e-17,-2.842964462810287e-16,2.951425153830695e-16,No,0,NW
1994.25,5.26533402612382e-17,1.2880621702650902e-18,-5.3941402431503295e-17,-2.842964462810287e-16,2.951425153830695e-16,No,0,NW
1994.3333333333335,7.337188057407386e-18,1.6402093669009814e-18,-8.977397424308368e-18,-2.842964462810287e-16,2.951425153830695e-16,No,-1.5407439555097887e-33,NW
1994.4166666666667,-4.043890973195441e-17,1.9923565635368725e-18,17,-2.842964462810287e-16,2.951425153830695e-16,Yes,17,NW
1994.5,-1.1096205168745947e-16,2.3445037601727633e-18,1.0861754792728671e-16,-2.842964462810287e-16,2.951425153830695e-16,No,0,NW
1994.5833333333335,-7.673967512073738e-17,2.4606885882883204e-18,7.427898653244906e-17,-2.842964462810287e-16,2.951425153830695e-16,No,0,NW
1994.6666666666667,-3.301827218748585e-17,2.5768734164038775e-18,3.044139877108197e-17,-2.842964462810287e-16,2.951425153830695e-16,No,0,NW
1994.75,-3.4384210560835395e-17,2.6930582445194342e-18,3.169115231631596e-17,-2.842964462810287e-16,2.951425153830695e-16,No,0,NW
1994.8333333333335,2.0202940758111096e-17,2.8092430726349913e-18,-2.3012183830746087e-17,-2.842964462810287e-16,2.951425153830695e-16,No,0,NW
1994.9166666666667,3.633958239966249e-17,2.9254279007505484e-18,3,-2.842964462810287e-16,2.951425153830695e-16,No,3,NW
1995,6.205311945616972e-17,3.0416127288661055e-18,6,-2.842964462810287e-16,2.951425153830695e-16,No,6,NW
1995.0833333333335,5.453319999315382e-17,3.1577975569816626e-18,-5.769099755013549e-17,-2.842964462810287e-16,2.951425153830695e-16,No,-6.162975822039155e-33,NW
1995.1666666666667,6.242373249934906e-17,3.2739823850972197e-18,2,-2.842964462810287e-16,2.951425153830695e-16,No,2,NW
1995.25,5.26533402612382e-17,3.3901672132127764e-18,-5.604350747445098e-17,-2.842964462810287e-16,2.951425153830695e-16,No,0,NW
1995.3333333333335,7.337188057407386e-18,3.506352041328334e-18,-1.084354009873572e-17,-2.842964462810287e-16,2.951425153830695e-16,No,0,NW
1995.4166666666667,-4.043890973195441e-17,3.62253686944389e-18,3.681637286251052e-17,-2.842964462810287e-16,2.951425153830695e-16,No,0,NW
1995.5,-1.1096205168745947e-16,3.738721697559447e-18,23,-2.842964462810287e-16,2.951425153830695e-16,No,23,NW
1995.5833333333335,-7.673967512073738e-17,3.854906525675004e-18,2,-2.842964462810287e-16,2.951425153830695e-16,No,2,NW
1995.6666666666667,-3.301827218748585e-17,3.9710913537905615e-18,2.904718083369529e-17,-2.842964462810287e-16,2.951425153830695e-16,No,0,NW
1995.75,-3.4384210560835395e-17,3.896274130634173e-18,3.048793643020122e-17,-2.842964462810287e-16,2.951425153830695e-16,No,0,NW
1995.8333333333335,2.0202940758111096e-17,3.821456907477784e-18,12,-2.842964462810287e-16,2.951425153830695e-16,No,12,NW
1995.9166666666667,3.633958239966249e-17,3.7466396843213955e-18,25,-2.842964462810287e-16,2.951425153830695e-16,No,25,NW
1996,6.205311945616972e-17,3.671822461165007e-18,13,-2.842964462810287e-16,2.951425153830695e-16,Yes,13,NW
1996.0833333333335,5.453319999315382e-17,3.597005238008618e-18,1,-2.842964462810287e-16,2.951425153830695e-16,No,1,NW
1996.1666666666667,6.242373249934906e-17,3.5221880148522295e-18,-6.594592051420129e-17,-2.842964462810287e-16,2.951425153830695e-16,No,0,NW
1996.25,5.26533402612382e-17,3.4473707916958404e-18,1,-2.842964462810287e-16,2.951425153830695e-16,No,1,NW
1996.3333333333335,7.337188057407386e-18,3.3725535685394518e-18,-1.0709741625946837e-17,-2.842964462810287e-16,2.951425153830695e-16,No,0,NW
1996.4166666666667,-4.043890973195441e-17,3.297736345383063e-18,3.7141173386571346e-17,-2.842964462810287e-16,2.951425153830695e-16,No,0,NW
1996.5,-1.1096205168745947e-16,3.222919122226674e-18,1.0773913256523279e-16,-2.842964462810287e-16,2.951425153830695e-16,No,0,NW
1996.5833333333335,-7.673967512073738e-17,3.1481018990702854e-18,7.359157322166709e-17,-2.842964462810287e-16,2.951425153830695e-16,No,0,NW
1996.6666666666667,-3.301827218748585e-17,3.0732846759138968e-18,2.9944987511571956e-17,-2.842964462810287e-16,2.951425153830695e-16,No,0,NW
1996.75,-3.4384210560835395e-17,2.998467452757508e-18,3.1385743108077885e-17,-2.842964462810287e-16,2.951425153830695e-16,No,0,NW
1996.8333333333335,2.0202940758111096e-17,2.9236502296011194e-18,-2.3126590987712214e-17,-2.842964462810287e-16,2.951425153830695e-16,No,0,NW
1996.9166666666667,3.633958239966249e-17,2.8784998434862595e-18,-3.921808224314875e-17,-2.842964462810287e-16,2.951425153830695e-16,No,0,NW
1997,6.205311945616972e-17,2.8333494573713995e-18,-6.488646891354112e-17,-2.842964462810287e-16,2.951425153830695e-16,No,0,NW
1997.0833333333335,5.453319999315382e-17,2.7881990712565395e-18,19,-2.842964462810287e-16,2.951425153830695e-16,No,19,NW
1997.1666666666667,6.242373249934906e-17,2.7430486851416795e-18,7,-2.842964462810287e-16,2.951425153830695e-16,No,7,NW
1997.25,5.26533402612382e-17,2.6978982990268195e-18,1,-2.842964462810287e-16,2.951425153830695e-16,No,1,NW
1997.3333333333335,7.337188057407386e-18,2.6527479129119595e-18,3,-2.842964462810287e-16,2.951425153830695e-16,No,3,NW
1997.4166666666667,-4.043890973195441e-17,2.607597526797099e-18,15,-2.842964462810287e-16,2.951425153830695e-16,Yes,15,NW
1997.5,-1.1096205168745947e-16,2.562447140682239e-18,1.0839960454677723e-16,-2.842964462810287e-16,2.951425153830695e-16,No,0,NW
1997.5833333333335,-7.673967512073738e-17,2.5172967545673792e-18,2,-2.842964462810287e-16,2.951425153830695e-16,No,2,NW
1997.6666666666667,-3.301827218748585e-17,2.4721463684525192e-18,3.054612581903333e-17,-2.842964462810287e-16,2.951425153830695e-16,No,0,NW
1997.75,-3.4384210560835395e-17,2.4269959823376592e-18,19,-2.842964462810287e-16,2.951425153830695e-16,No,19,NW
1997.8333333333335,2.0202940758111096e-17,2.3818455962227992e-18,7,-2.842964462810287e-16,2.951425153830695e-16,No,7,NW
1997.9166666666667,3.633958239966249e-17,2.3366952101079393e-18,11,-2.842964462810287e-16,2.951425153830695e-16,No,11,NW
1998,6.205311945616972e-17,2.2915448239930793e-18,17,-2.842964462810287e-16,2.951425153830695e-16,No,17,NW
1998.0833333333335,5.453319999315382e-17,2.200480304579875e-18,25,-2.842964462810287e-16,2.951425153830695e-16,No,25,NW
1998.1666666666667,6.242373249934906e-17,2.1094157851666705e-18,38,-2.842964462810287e-16,2.951425153830695e-16,Yes,38,NW
1998.25,5.26533402612382e-17,2.0183512657534663e-18,-5.467169152699167e-17,-2.842964462810287e-16,2.951425153830695e-16,No,0,NW
1998.3333333333335,7.337188057407386e-18,1.927286746340262e-18,-9.264474803747648e-18,-2.842964462810287e-16,2.951425153830695e-16,No,0,NW
1998.4166666666667,-4.043890973195441e-17,1.836222226927058e-18,3.860268750502735e-17,-2.842964462810287e-16,2.951425153830695e-16,No,0,NW
1998.5,-1.1096205168745947e-16,1.7451577075138533e-18,1.0921689397994561e-16,-2.842964462810287e-16,2.951425153830695e-16,No,0,NW
1998.5833333333335,-7.673967512073738e-17,1.654093188100649e-18,7.508558193263673e-17,-2.842964462810287e-16,2.951425153830695e-16,No,0,NW
1998.6666666666667,-3.301827218748585e-17,1.5630286686874449e-18,3.1455243518798406e-17,-2.842964462810287e-16,2.951425153830695e-16,No,0,NW
1998.75,-3.4384210560835395e-17,1.4719641492742405e-18,3.291224641156115e-17,-2.842964462810287e-16,2.951425153830695e-16,No,0,NW
1998.8333333333335,2.0202940758111096e-17,1.3808996298610361e-18,-2.158384038797213e-17,-2.842964462810287e-16,2.951425153830695e-16,No,0,NW
1998.9166666666667,3.633958239966249e-17,1.2898351104478319e-18,-3.7629417510110326e-17,-2.842964462810287e-16,2.951425153830695e-16,No,0,NW
1999,6.205311945616972e-17,1.1987705910346275e-18,-6.325189004720435e-17,-2.842964462810287e-16,2.951425153830695e-16,No,0,NW
1999.0833333333335,5.453319999315382e-17,1.1077060716214233e-18,-5.564090606477524e-17,-2.842964462810287e-16,2.951425153830695e-16,No,6.162975822039155e-33,NW
1999.1666666666667,6.242373249934906e-17,1.016641552208219e-18,-6.344037405155727e-17,-2.842964462810287e-16,2.951425153830695e-16,No,0,NW
1999.25,5.26533402612382e-17,7.491809354847448e-19,-5.3402521196722946e-17,-2.842964462810287e-16,2.951425153830695e-16,No,0,NW
1999.3333333333335,7.337188057407386e-18,4.817203187612707e-19,-7.818908376168657e-18,-2.842964462810287e-16,2.951425153830695e-16,No,0,NW
1999.4166666666667,-4.043890973195441e-17,2.1425970203779655e-19,4,-2.842964462810287e-16,2.951425153830695e-16,No,4,NW
1999.5,-1.1096205168745947e-16,-5.3200914685677566e-20,1.1101525260214514e-16,-2.842964462810287e-16,2.951425153830695e-16,No,0,NW
1999.5833333333335,-7.673967512073738e-17,-3.206615314091517e-19,34,-2.842964462810287e-16,2.951425153830695e-16,Yes,34,NW
1999.6666666666667,-3.301827218748585e-17,-5.881221481326258e-19,3,-2.842964462810287e-16,2.951425153830695e-16,No,3,NW
1999.75,-3.4384210560835395e-17,-8.555827648561e-19,3.5239793325691497e-17,-2.842964462810287e-16,2.951425153830695e-16,No,0,NW
1999.8333333333335,2.0202940758111096e-17,-1.123043381579574e-18,-1.9079897376531522e-17,-2.842964462810287e-16,2.951425153830695e-16,No,0,NW
1999.9166666666667,3.633958239966249e-17,-1.3905039983030481e-18,-3.4949078401359446e-17,-2.842964462810287e-16,2.951425153830695e-16,No,0,NW
2000,6.205311945616972e-17,-1.6579646150265222e-18,-6.03951548411432e-17,-2.842964462810287e-16,2.951425153830695e-16,No,0,NW
2000.0833333333335,5.453319999315382e-17,-1.9254252317499963e-18,-5.2607774761403824e-17,-2.842964462810287e-16,2.951425153830695e-16,No,0,NW
2000.1666666666667,6.242373249934906e-17,-2.1928858484734703e-18,-6.023084665087558e-17,-2.842964462810287e-16,2.951425153830695e-16,No,0,NW
2000.25,5.26533402612382e-17,-2.4603464651969448e-18,-5.0192993796041256e-17,-2.842964462810287e-16,2.951425153830695e-16,No,0,NW
2000.3333333333335,7.337188057407386e-18,-2.7278070819204192e-18,5,-2.842964462810287e-16,2.951425153830695e-16,No,5,NW
2000.4166666666667,-4.043890973195441e-17,-3.093209664442366e-18,18,-2.842964462810287e-16,2.951425153830695e-16,Yes,18,NW
2000.5,-1.1096205168745947e-16,-3.458612246964313e-18,1,-2.842964462810287e-16,2.951425153830695e-16,No,0.9999999999999999,NW
2000.5833333333335,-7.673967512073738e-17,-3.8240148294862596e-18,8.056368995022364e-17,-2.842964462810287e-16,2.951425153830695e-16,No,0,NW
2000.6666666666667,-3.301827218748585e-17,-4.189417412008207e-18,3.7207689599494056e-17,-2.842964462810287e-16,2.951425153830695e-16,No,0,NW
2000.75,-3.4384210560835395e-17,-4.554819994530153e-18,3.8939030555365547e-17,-2.842964462810287e-16,2.951425153830695e-16,No,0,NW
2000.8333333333335,2.0202940758111096e-17,-4.920222577052101e-18,-1.5282718181058994e-17,-2.842964462810287e-16,2.951425153830695e-16,No,0,NW
2000.9166666666667,3.633958239966249e-17,-5.285625159574047e-18,-3.105395724008845e-17,-2.842964462810287e-16,2.951425153830695e-16,No,0,NW
2001,6.205311945616972e-17,-5.6510277420959944e-18,-5.640209171407373e-17,-2.842964462810287e-16,2.951425153830695e-16,No,0,NW
2001.0833333333335,5.453319999315382e-17,-6.016430324617941e-18,-4.851676966853588e-17,-2.842964462810287e-16,2.951425153830695e-16,No,0,NW
2001.1666666666667,6.242373249934906e-17,-6.3818329071398875e-18,2,-2.842964462810287e-16,2.951425153830695e-16,No,2,NW
2001.25,5.26533402612382e-17,-6.747235489661835e-18,-4.5906104771576366e-17,-2.842964462810287e-16,2.951425153830695e-16,No,0,NW
2001.3333333333335,7.337188057407386e-18,-7.112638072183782e-18,-2.245499852236038e-19,-2.842964462810287e-16,2.951425153830695e-16,No,0,NW
2001.4166666666667,-4.043890973195441e-17,-7.478040654705729e-18,4.791695038666014e-17,-2.842964462810287e-16,2.951425153830695e-16,No,0,NW
2001.5,-1.1096205168745947e-16,-7.843443237227675e-18,1.1880549492468715e-16,-2.842964462810287e-16,2.951425153830695e-16,No,1.232595164407831e-32,NW
2001.5833333333335,-7.673967512073738e-17,-8.136884144602871e-18,1,-2.842964462810287e-16,2.951425153830695e-16,No,0.9999999999999999,NW
2001.6666666666667,-3.301827218748585e-17,-8.430325051978067e-18,4.144859723946392e-17,-2.842964462810287e-16,2.951425153830695e-16,No,0,NW
2001.75,-3.4384210560835395e-17,-8.723765959353262e-18,4.3107976520188657e-17,-2.842964462810287e-16,2.951425153830695e-16,No,0,NW
2001.8333333333335,2.0202940758111096e-17,-9.017206866728458e-18,-1.1185733891382638e-17,-2.842964462810287e-16,2.951425153830695e-16,No,0,NW
2001.9166666666667,3.633958239966249e-17,-9.310647774103654e-18,-2.7028934625558838e-17,-2.842964462810287e-16,2.951425153830695e-16,No,0,NW
2002,6.205311945616972e-17,-9.60408868147885e-18,12,-2.842964462810287e-16,2.951425153830695e-16,No,12,NW
2002.0833333333335,5.453319999315382e-17,-9.897529588854045e-18,9,-2.842964462810287e-16,2.951425153830695e-16,Yes,9,NW
2002.1666666666667,6.242373249934906e-17,-1.019097049622924e-17,15,-2.842964462810287e-16,2.951425153830695e-16,No,15,NW
2002.25,5.26533402612382e-17,-1.0484411403604437e-17,-4.2168928857633764e-17,-2.842964462810287e-16,2.951425153830695e-16,No,0,NW
2002.3333333333335,7.337188057407386e-18,-1.0777852310979633e-17,3.440664253572247e-18,-2.842964462810287e-16,2.951425153830695e-16,No,0,NW
2002.4166666666667,-4.043890973195441e-17,-1.1071293218354829e-17,5.151020295030924e-17,-2.842964462810287e-16,2.951425153830695e-16,No,0,NW
2002.5,-1.1096205168745947e-16,-1.1364734125730024e-17,1.223267858131895e-16,-2.842964462810287e-16,2.951425153830695e-16,No,0,NW
2002.5833333333335,-7.673967512073738e-17,-1.165817503310522e-17,8.83978501538426e-17,-2.842964462810287e-16,2.951425153830695e-16,No,0,NW
2002.6666666666667,-3.301827218748585e-17,-1.1951615940480416e-17,4,-2.842964462810287e-16,2.951425153830695e-16,No,4,NW
2002.75,-3.4384210560835395e-17,-1.207415110231972e-17,14,-2.842964462810287e-16,2.951425153830695e-16,Yes,14,NW
2002.8333333333335,2.0202940758111096e-17,-1.2196686264159026e-17,-8.00625449395207e-18,-2.842964462810287e-16,2.951425153830695e-16,No,0,NW
2002.9166666666667,3.633958239966249e-17,-1.231922142599833e-17,-2.402036097366416e-17,-2.842964462810287e-16,2.951425153830695e-16,No,0,NW
2003,6.205311945616972e-17,-1.2441756587837636e-17,-4.961136286833208e-17,-2.842964462810287e-16,2.951425153830695e-16,No,0,NW
2003.0833333333335,5.453319999315382e-17,-1.256429174967694e-17,-4.196890824347688e-17,-2.842964462810287e-16,2.951425153830695e-16,No,0,NW
2003.1666666666667,6.242373249934906e-17,-1.2686826911516246e-17,0.9999999999999999,-2.842964462810287e-16,2.951425153830695e-16,No,1,NW
2003.25,5.26533402612382e-17,-1.2809362073355549e-17,-3.984397818788265e-17,-2.842964462810287e-16,2.951425153830695e-16,No,6.162975822039155e-33,NW
2003.3333333333335,7.337188057407386e-18,-1.2931897235194854e-17,5.594709177787468e-18,-2.842964462810287e-16,2.951425153830695e-16,No,0,NW
2003.4166666666667,-4.043890973195441e-17,-1.3054432397034159e-17,5.349334212898857e-17,-2.842964462810287e-16,2.951425153830695e-16,No,0,NW
2003.5,-1.1096205168745947e-16,-1.3176967558873464e-17,1.2413901924633293e-16,-2.842964462810287e-16,2.951425153830695e-16,No,-1.232595164407831e-32,NW
2003.5833333333335,-7.673967512073738e-17,-1.3299502720712769e-17,26,-2.842964462810287e-16,2.951425153830695e-16,Yes,26,NW
2003.6666666666667,-3.301827218748585e-17,-1.3422037882552074e-17,18,-2.842964462810287e-16,2.951425153830695e-16,No,18,NW
2003.75,-3.4384210560835395e-17,-1.3544573044391379e-17,4.7928783605226774e-17,-2.842964462810287e-16,2.951425153830695e-16,No,0,NW
2003.8333333333335,2.0202940758111096e-17,-1.3667108206230684e-17,-6.535832551880412e-18,-2.842964462810287e-16,2.951425153830695e-16,No,0,NW
2003.9166666666667,3.633958239966249e-17,-1.3742232325592437e-17,-2.2597350074070054e-17,-2.842964462810287e-16,2.951425153830695e-16,No,0,NW
2004,6.205311945616972e-17,-1.3817356444954188e-17,-4.823576301121553e-17,-2.842964462810287e-16,2.951425153830695e-16,No,0,NW
2004.0833333333335,5.453319999315382e-17,-1.389248056431594e-17,-4.064071942883788e-17,-2.842964462810287e-16,2.951425153830695e-16,No,0,NW
2004.1666666666667,6.242373249934906e-17,-1.3967604683677693e-17,-4.8456127815671366e-17,-2.842964462810287e-16,2.951425153830695e-16,No,0,NW
2004.25,5.26533402612382e-17,-1.4042728803039446e-17,-3.861061145819876e-17,-2.842964462810287e-16,2.951425153830695e-16,No,-6.162975822039155e-33,NW
2004.3333333333335,7.337188057407386e-18,-1.4117852922401196e-17,6.78066486499381e-18,-2.842964462810287e-16,2.951425153830695e-16,No,0,NW
2004.4166666666667,-4.043890973195441e-17,-1.4192977041762948e-17,29,-2.842964462810287e-16,2.951425153830695e-16,Yes,29,NW
2004.5,-1.1096205168745947e-16,-1.42681011611247e-17,1,-2.842964462810287e-16,2.951425153830695e-16,No,0.9999999999999999,NW
2004.5833333333335,-7.673967512073738e-17,-1.4343225280486454e-17,24,-2.842964462810287e-16,2.951425153830695e-16,Yes,24,NW
2004.6666666666667,-3.301827218748585e-17,-1.4418349399848207e-17,4.743662158733406e-17,-2.842964462810287e-16,2.951425153830695e-16,No,6.162975822039155e-33,NW
2004.75,-3.4384210560835395e-17,-1.449347351920996e-17,4.8877684080045354e-17,-2.842964462810287e-16,2.951425153830695e-16,No,0,NW
2004.8333333333335,2.0202940758111096e-17,-1.456859763857171e-17,-5.634343119539387e-18,-2.842964462810287e-16,2.951425153830695e-16,No,0,NW
2004.9166666666667,3.633958239966249e-17,-1.4643721757933462e-17,-2.169586064172903e-17,-2.842964462810287e-16,2.951425153830695e-16,No,0,NW
2005,6.205311945616972e-17,-1.4718845877295214e-17,-4.7334273578874503e-17,-2.842964462810287e-16,2.951425153830695e-16,No,0,NW
2005.0833333333335,5.453319999315382e-17,-1.4841238795128538e-17,-3.9691961198025285e-17,-2.842964462810287e-16,2.951425153830695e-16,No,0,NW
2005.1666666666667,6.242373249934906e-17,-1.4963631712961862e-17,-4.7460100786387197e-17,-2.842964462810287e-16,2.951425153830695e-16,No,0,NW
2005.25,5.26533402612382e-17,-1.508602463079519e-17,-3.756731563044301e-17,-2.842964462810287e-16,2.951425153830695e-16,No,0,NW
2005.3333333333335,7.337188057407386e-18,-1.5208417548628514e-17,1,-2.842964462810287e-16,2.951425153830695e-16,No,1,NW
2005.4166666666667,-4.043890973195441e-17,-1.5330810466461838e-17,9,-2.842964462810287e-16,2.951425153830695e-16,No,9,NW
2005.5,-1.1096205168745947e-16,-1.5453203384295162e-17,16,-2.842964462810287e-16,2.951425153830695e-16,No,16,NW
2005.5833333333335,-7.673967512073738e-17,-1.5575596302128486e-17,6,-2.842964462810287e-16,2.951425153830695e-16,No,6,NW
2005.6666666666667,-3.301827218748585e-17,-1.5697989219961813e-17,4.8716261407447664e-17,-2.842964462810287e-16,2.951425153830695e-16,No,0,NW
2005.75,-3.4384210560835395e-17,-1.5820382137795137e-17,5.0204592698630535e-17,-2.842964462810287e-16,2.951425153830695e-16,No,0,NW
2005.8333333333335,2.0202940758111096e-17,-1.594277505562846e-17,-4.2601657024826345e-18,-2.842964462810287e-16,2.951425153830695e-16,No,0,NW
2005.9166666666667,3.633958239966249e-17,-1.6065167973461786e-17,-2.0274414426200707e-17,-2.842964462810287e-16,2.951425153830695e-16,No,0,NW
2006,6.205311945616972e-17,-1.6187560891295113e-17,-4.58655585648746e-17,-2.842964462810287e-16,2.951425153830695e-16,No,0,NW
2006.0833333333335,5.453319999315382e-17,-1.6309953809128437e-17,-3.8223246184025383e-17,-2.842964462810287e-16,2.951425153830695e-16,No,0,NW
2006.1666666666667,6.242373249934906e-17,-1.643234672696176e-17,-4.59913857723873e-17,-2.842964462810287e-16,2.951425153830695e-16,No,0,NW
2006.25,5.26533402612382e-17,-1.6394581259779392e-17,-3.625875900145881e-17,-2.842964462810287e-16,2.951425153830695e-16,No,0,NW
2006.3333333333335,7.337188057407386e-18,-1.635681579259702e-17,13,-2.842964462810287e-16,2.951425153830695e-16,No,13,NW
2006.4166666666667,-4.043890973195441e-17,-1.6319050325414652e-17,18,-2.842964462810287e-16,2.951425153830695e-16,No,18,NW
2006.5,-1.1096205168745947e-16,-1.628128485823228e-17,26,-2.842964462810287e-16,2.951425153830695e-16,No,26,NW
2006.5833333333335,-7.673967512073738e-17,-1.6243519391049912e-17,9.29831945117873e-17,-2.842964462810287e-16,2.951425153830695e-16,No,0,NW
2006.6666666666667,-3.301827218748585e-17,-1.620575392386754e-17,3,-2.842964462810287e-16,2.951425153830695e-16,No,3,NW
2006.75,-3.4384210560835395e-17,-1.6167988456685172e-17,29,-2.842964462810287e-16,2.951425153830695e-16,No,29,NW
2006.8333333333335,2.0202940758111096e-17,-1.6130222989502804e-17,-4.072717768608292e-18,-2.842964462810287e-16,2.951425153830695e-16,No,0,NW
2006.9166666666667,3.633958239966249e-17,-1.6092457522320432e-17,13,-2.842964462810287e-16,2.951425153830695e-16,No,13,NW
2007,6.205311945616972e-17,-1.6054692055138064e-17,16,-2.842964462810287e-16,2.951425153830695e-16,No,16,NW
2007.0833333333335,5.453319999315382e-17,-1.6016926587955692e-17,4,-2.842964462810287e-16,2.951425153830695e-16,No,4,NW
2007.1666666666667,6.242373249934906e-17,-1.5979161120773324e-17,19,-2.842964462810287e-16,2.951425153830695e-16,No,19,NW
2007.25,5.26533402612382e-17,-1.5941395653590952e-17,-3.671194460764725e-17,-2.842964462810287e-16,2.951425153830695e-16,No,0,NW
2007.3333333333335,7.337188057407386e-18,-1.5903630186408584e-17,8.566442129001198e-18,-2.842964462810287e-16,2.951425153830695e-16,No,0,NW
2007.4166666666667,-4.043890973195441e-17,-1.5727989585565875e-17,5.616689931752029e-17,-2.842964462810287e-16,2.951425153830695e-16,No,6.162975822039155e-33,NW
2007.5,-1.1096205168745947e-16,-1.5552348984723165e-17,4,-2.842964462810287e-16,2.951425153830695e-16,No,4,NW
2007.5833333333335,-7.673967512073738e-17,-1.5376708383880456e-17,1,-2.842964462810287e-16,2.951425153830695e-16,No,0.9999999999999999,NW
2007.6666666666667,-3.301827218748585e-17,-1.5201067783037744e-17,4.8219339970523595e-17,-2.842964462810287e-16,2.951425153830695e-16,No,0,NW
2007.75,-3.4384210560835395e-17,-1.5025427182195035e-17,4.940963774303043e-17,-2.842964462810287e-16,2.951425153830695e-16,No,0,NW
2007.8333333333335,2.0202940758111096e-17,-1.4849786581352326e-17,-5.35315417675877e-18,-2.842964462810287e-16,2.951425153830695e-16,No,0,NW
2007.9166666666667,3.633958239966249e-17,-1.4674145980509617e-17,-2.1665436419152875e-17,-2.842964462810287e-16,2.951425153830695e-16,No,0,NW
2008,6.205311945616972e-17,-1.4498505379666908e-17,-4.755461407650281e-17,-2.842964462810287e-16,2.951425153830695e-16,No,0,NW
2008.0833333333335,5.453319999315382e-17,-1.43228647788242e-17,43,-2.842964462810287e-16,2.951425153830695e-16,Yes,43,NW
2008.1666666666667,6.242373249934906e-17,-1.414722417798149e-17,-4.827650832136757e-17,-2.842964462810287e-16,2.951425153830695e-16,No,0,NW
2008.25,5.26533402612382e-17,-1.3971583577138778e-17,3,-2.842964462810287e-16,2.951425153830695e-16,No,3,NW
2008.3333333333335,7.337188057407386e-18,-1.379594297629607e-17,6.458754918888684e-18,-2.842964462810287e-16,2.951425153830695e-16,No,0,NW
2008.4166666666667,-4.043890973195441e-17,-1.362030237545336e-17,5.405921210740777e-17,-2.842964462810287e-16,2.951425153830695e-16,No,0,NW
2008.5,-1.1096205168745947e-16,-1.344466177461065e-17,8,-2.842964462810287e-16,2.951425153830695e-16,No,8,NW
2008.5833333333335,-7.673967512073738e-17,-1.3376217857992362e-17,9.011589297872974e-17,-2.842964462810287e-16,2.951425153830695e-16,No,0,NW
2008.6666666666667,-3.301827218748585e-17,-1.3307773941374074e-17,2,-2.842964462810287e-16,2.951425153830695e-16,No,2,NW
2008.75,-3.4384210560835395e-17,-1.3239330024755786e-17,4.762354058559118e-17,-2.842964462810287e-16,2.951425153830695e-16,No,0,NW
2008.8333333333335,2.0202940758111096e-17,-1.3170886108137497e-17,-7.032054649973599e-18,-2.842964462810287e-16,2.951425153830695e-16,No,0,NW
2008.9166666666667,3.633958239966249e-17,-1.310244219151921e-17,-2.3237140208143282e-17,-2.842964462810287e-16,2.951425153830695e-16,No,0,NW
2009,6.205311945616972e-17,-1.3033998274900921e-17,-4.9019121181268796e-17,-2.842964462810287e-16,2.951425153830695e-16,No,0,NW
2009.0833333333335,5.453319999315382e-17,-1.2965554358282634e-17,-4.1567645634871185e-17,-2.842964462810287e-16,2.951425153830695e-16,No,0,NW
2009.1666666666667,6.242373249934906e-17,-1.2897110441664345e-17,-4.9526622057684715e-17,-2.842964462810287e-16,2.951425153830695e-16,No,0,NW
2009.25,5.26533402612382e-17,-1.2828666525046057e-17,-3.9824673736192144e-17,-2.842964462810287e-16,2.951425153830695e-16,No,0,NW
2009.3333333333335,7.337188057407386e-18,-1.276022260842777e-17,5.423034551020384e-18,-2.842964462810287e-16,2.951425153830695e-16,No,0,NW
2009.4166666666667,-4.043890973195441e-17,-1.2691778691809481e-17,25,-2.842964462810287e-16,2.951425153830695e-16,No,25,NW
2009.5,-1.1096205168745947e-16,-1.2623334775191192e-17,2,-2.842964462810287e-16,2.951425153830695e-16,No,2,NW
2009.5833333333335,-7.673967512073738e-17,-1.2554890858572905e-17,8.929456597931029e-17,-2.842964462810287e-16,2.951425153830695e-16,No,0,NW
2009.6666666666667,-3.301827218748585e-17,-1.2486446941954616e-17,4.550471912944047e-17,-2.842964462810287e-16,2.951425153830695e-16,No,0,NW
2009.75,-3.4384210560835395e-17,-1.26131544316716e-17,40,-2.842964462810287e-16,2.951425153830695e-16,Yes,40,NW
2009.8333333333335,2.0202940758111096e-17,-1.2739861921388582e-17,3,-2.842964462810287e-16,2.951425153830695e-16,No,3,NW
2009.9166666666667,3.633958239966249e-17,-1.2866569411105564e-17,1,-2.842964462810287e-16,2.951425153830695e-16,No,1,NW
2010,6.205311945616972e-17,-1.2993276900822548e-17,-4.905984255534717e-17,-2.842964462810287e-16,2.951425153830695e-16,No,0,NW
2010.0833333333335,5.453319999315382e-17,-1.3119984390539531e-17,-4.141321560261429e-17,-2.842964462810287e-16,2.951425153830695e-16,No,0,NW
2010.1666666666667,6.242373249934906e-17,-1.3246691880256513e-17,-4.917704061909255e-17,-2.842964462810287e-16,2.951425153830695e-16,No,0,NW
2010.25,5.26533402612382e-17,-1.3373399369973496e-17,26,-2.842964462810287e-16,2.951425153830695e-16,No,26,NW
2010.3333333333335,7.337188057407386e-18,-1.3500106859690479e-17,5,-2.842964462810287e-16,2.951425153830695e-16,No,5,NW
2010.4166666666667,-4.043890973195441e-17,-1.3626814349407463e-17,5,-2.842964462810287e-16,2.951425153830695e-16,No,5,NW
2010.5,-1.1096205168745947e-16,-1.3753521839124445e-17,1.247155735265839e-16,-2.842964462810287e-16,2.951425153830695e-16,No,0,NW
2010.5833333333335,-7.673967512073738e-17,-1.3880229328841427e-17,11,-2.842964462810287e-16,2.951425153830695e-16,No,11,NW
2010.6666666666667,-3.301827218748585e-17,-1.400693681855841e-17,2,-2.842964462810287e-16,2.951425153830695e-16,No,2,NW
2010.75,-3.4384210560835395e-17,-1.4133644308275394e-17,4.851785486911079e-17,-2.842964462810287e-16,2.951425153830695e-16,No,0,NW
2010.8333333333335,2.0202940758111096e-17,-1.4260351797992376e-17,-5.94258896011872e-18,-2.842964462810287e-16,2.951425153830695e-16,No,0,NW
2010.9166666666667,3.633958239966249e-17,-1.444916288490633e-17,-2.1890419514756162e-17,-2.842964462810287e-16,2.951425153830695e-16,No,0,NW
2011,6.205311945616972e-17,-1.4637973971820285e-17,7,-2.842964462810287e-16,2.951425153830695e-16,No,7,NW
2011.0833333333335,5.453319999315382e-17,-1.482678505873424e-17,7,-2.842964462810287e-16,2.951425153830695e-16,No,7,NW
2011.1666666666667,6.242373249934906e-17,-1.5015596145648194e-17,-4.740813635370086e-17,-2.842964462810287e-16,2.951425153830695e-16,No,0,NW
2011.25,5.26533402612382e-17,-1.520440723256215e-17,41,-2.842964462810287e-16,2.951425153830695e-16,Yes,41,NW
2011.3333333333335,7.337188057407386e-18,-1.5393218319476103e-17,1,-2.842964462810287e-16,2.951425153830695e-16,No,1,NW
2011.4166666666667,-4.043890973195441e-17,-1.5582029406390057e-17,5.602093913834446e-17,-2.842964462810287e-16,2.951425153830695e-16,No,-6.162975822039155e-33,NW
2011.5,-1.1096205168745947e-16,-1.5770840493304015e-17,1.2673289218076349e-16,-2.842964462810287e-16,2.951425153830695e-16,No,0,NW
2011.5833333333335,-7.673967512073738e-17,-1.595965158021797e-17,9.269932670095535e-17,-2.842964462810287e-16,2.951425153830695e-16,No,0,NW
2011.6666666666667,-3.301827218748585e-17,-1.6148462667131924e-17,1,-2.842964462810287e-16,2.951425153830695e-16,No,1,NW
2011.75,-3.4384210560835395e-17,-1.6337273754045878e-17,6,-2.842964462810287e-16,2.951425153830695e-16,No,6,NW
2011.8333333333335,2.0202940758111096e-17,-1.6526084840959833e-17,-3.676855917151263e-18,-2.842964462810287e-16,2.951425153830695e-16,No,0,NW
2011.9166666666667,3.633958239966249e-17,-1.6714895927873787e-17,-1.9624686471788705e-17,-2.842964462810287e-16,2.951425153830695e-16,No,0,NW
2012,6.205311945616972e-17,-1.6903707014787742e-17,-4.5149412441381976e-17,-2.842964462810287e-16,2.951425153830695e-16,No,0,NW
2012.0833333333335,5.453319999315382e-17,-1.687228279227837e-17,-3.766091720087545e-17,-2.842964462810287e-16,2.951425153830695e-16,No,0,NW
2012.1666666666667,6.242373249934906e-17,-1.6840858569769e-17,3,-2.842964462810287e-16,2.951425153830695e-16,No,3,NW
2012.25,5.26533402612382e-17,-1.680943434725963e-17,-3.584390591397858e-17,-2.842964462810287e-16,2.951425153830695e-16,No,-6.162975822039155e-33,NW
2012.3333333333335,7.337188057407386e-18,-1.6778010124750256e-17,14,-2.842964462810287e-16,2.951425153830695e-16,No,14,NW
2012.4166666666667,-4.043890973195441e-17,-1.6746585902240884e-17,7,-2.842964462810287e-16,2.951425153830695e-16,No,7,NW
2012.5,-1.1096205168745947e-16,-1.6715161679731515e-17,1.27677213367191e-16,-2.842964462810287e-16,2.951425153830695e-16,No,0,NW
2012.5833333333335,-7.673967512073738e-17,-1.6683737457222143e-17,25,-2.842964462810287e-16,2.951425153830695e-16,No,25,NW
2012.6666666666667,-3.301827218748585e-17,-1.665231323471277e-17,8,-2.842964462810287e-16,2.951425153830695e-16,No,8,NW
2012.75,-3.4384210560835395e-17,-1.6620889012203402e-17,3,-2.842964462810287e-16,2.951425153830695e-16,No,3,NW
2012.8333333333335,2.0202940758111096e-17,-1.658946478969403e-17,-3.613475968417066e-18,-2.842964462810287e-16,2.951425153830695e-16,No,0,NW
2012.9166666666667,3.633958239966249e-17,-1.6558040567184658e-17,-1.9781541832477834e-17,-2.842964462810287e-16,2.951425153830695e-16,No,0,NW
2013,6.205311945616972e-17,-1.6526616344675286e-17,-4.552650311149443e-17,-2.842964462810287e-16,2.951425153830695e-16,No,0,NW
2013.0833333333335,5.453319999315382e-17,-1.6495192122165917e-17,-3.80380078709879e-17,-2.842964462810287e-16,2.951425153830695e-16,No,0,NW
2013.1666666666667,6.242373249934906e-17,-1.6463767899656545e-17,-4.5959964599692514e-17,-2.842964462810287e-16,2.951425153830695e-16,No,0,NW
2013.25,5.26533402612382e-17,-1.6351364129754723e-17,-3.630197613148348e-17,-2.842964462810287e-16,2.951425153830695e-16,No,0,NW
2013.3333333333335,7.337188057407386e-18,-1.6238960359852903e-17,8.9017723024455175e-18,-2.842964462810287e-16,2.951425153830695e-16,No,0,NW
2013.4166666666667,-4.043890973195441e-17,-1.612655658995108e-17,5.656546632190549e-17,-2.842964462810287e-16,2.951425153830695e-16,No,-6.162975822039155e-33,NW
2013.5,-1.1096205168745947e-16,-1.601415282004926e-17,26,-2.842964462810287e-16,2.951425153830695e-16,No,26,NW
2013.5833333333335,-7.673967512073738e-17,-1.590174905014744e-17,1,-2.842964462810287e-16,2.951425153830695e-16,No,0.9999999999999999,NW
2013.6666666666667,-3.301827218748585e-17,-1.5789345280245617e-17,4.880761746773147e-17,-2.842964462810287e-16,2.951425153830695e-16,No,0,NW
2013.75,-3.4384210560835395e-17,-1.5676941510343798e-17,17,-2.842964462810287e-16,2.951425153830695e-16,No,17,NW
2013.8333333333335,2.0202940758111096e-17,-1.5564537740441975e-17,6,-2.842964462810287e-16,2.951425153830695e-16,No,6,NW
2013.9166666666667,3.633958239966249e-17,-1.5452133970540153e-17,-2.088744842912234e-17,-2.842964462810287e-16,2.951425153830695e-16,No,0,NW
2014,6.205311945616972e-17,-1.5339730200638333e-17,-4.6713389255531384e-17,-2.842964462810287e-16,2.951425153830695e-16,No,0,NW
2014.0833333333335,5.453319999315382e-17,-1.522732643073651e-17,-3.930587356241731e-17,-2.842964462810287e-16,2.951425153830695e-16,No,0,NW
2014.1666666666667,6.242373249934906e-17,-1.511492266083469e-17,-4.730880983851437e-17,-2.842964462810287e-16,2.951425153830695e-16,No,0,NW
2014.25,5.26533402612382e-17,-1.500251889093287e-17,7,-2.842964462810287e-16,2.951425153830695e-16,No,7,NW
2014.3333333333335,7.337188057407386e-18,-1.4890115121031047e-17,4,-2.842964462810287e-16,2.951425153830695e-16,No,4,NW
2014.4166666666667,-4.043890973195441e-17,-1.4824558377887524e-17,19,-2.842964462810287e-16,2.951425153830695e-16,No,19,NW
2014.5,-1.1096205168745947e-16,-1.4759001634744004e-17,1.2572105332220347e-16,-2.842964462810287e-16,2.951425153830695e-16,No,0,NW
2014.5833333333335,-7.673967512073738e-17,-1.4693444891600482e-17,15,-2.842964462810287e-16,2.951425153830695e-16,No,15,NW
2014.6666666666667,-3.301827218748585e-17,-1.462788814845696e-17,25,-2.842964462810287e-16,2.951425153830695e-16,No,25,NW
2014.75,-3.4384210560835395e-17,-1.456233140531344e-17,4,-2.842964462810287e-16,2.951425153830695e-16,No,4,NW
2014.8333333333335,2.0202940758111096e-17,-1.4496774662169916e-17,6,-2.842964462810287e-16,2.951425153830695e-16,No,6,NW
2014.9166666666667,3.633958239966249e-17,-1.4431217919026394e-17,-2.19083644806361e-17,-2.842964462810287e-16,2.951425153830695e-16,No,0,NW
2015,6.205311945616972e-17,-1.4365661175882874e-17,-4.7687458280286844e-17,-2.842964462810287e-16,2.951425153830695e-16,No,0,NW
2015.0833333333335,5.453319999315382e-17,-1.430010443273935e-17,-4.0233095560414466e-17,-2.842964462810287e-16,2.951425153830695e-16,No,0,NW
2015.1666666666667,6.242373249934906e-17,-1.423454768959583e-17,-4.8189184809753225e-17,-2.842964462810287e-16,2.951425153830695e-16,No,0,NW
2015.25,5.26533402612382e-17,-1.416899094645231e-17,-3.8484349314785894e-17,-2.842964462810287e-16,2.951425153830695e-16,No,0,NW
2015.3333333333335,7.337188057407386e-18,-1.4103434203308786e-17,6.7662461459014e-18,-2.842964462810287e-16,2.951425153830695e-16,No,0,NW
2015.4166666666667,-4.043890973195441e-17,-1.4037877460165266e-17,2,-2.842964462810287e-16,2.951425153830695e-16,No,2,NW
2015.5,-1.1096205168745947e-16,-1.3972320717021743e-17,10,-2.842964462810287e-16,2.951425153830695e-16,No,10,NW
2015.5833333333335,-7.673967512073738e-17,-1.3779852906422392e-17,1,-2.842964462810287e-16,2.951425153830695e-16,No,0.9999999999999999,NW
2015.6666666666667,-3.301827218748585e-17,-1.358738509582304e-17,4.6605657283308895e-17,-2.842964462810287e-16,2.951425153830695e-16,No,6.162975822039155e-33,NW
2015.75,-3.4384210560835395e-17,-1.339491728522369e-17,2,-2.842964462810287e-16,2.951425153830695e-16,No,2,NW
2015.8333333333335,2.0202940758111096e-17,-1.3202449474624338e-17,25,-2.842964462810287e-16,2.951425153830695e-16,No,25,NW
2015.9166666666667,3.633958239966249e-17,-1.3009981664024987e-17,26,-2.842964462810287e-16,2.951425153830695e-16,No,26,NW
2016,6.205311945616972e-17,-1.2817513853425635e-17,18,-2.842964462810287e-16,2.951425153830695e-16,No,18,NW
2016.0833333333335,5.453319999315382e-17,-1.2625046042826286e-17,19,-2.842964462810287e-16,2.951425153830695e-16,No,19,NW
2016.1666666666667,6.242373249934906e-17,-1.2432578232226934e-17,-4.9991154267122126e-17,-2.842964462810287e-16,2.951425153830695e-16,No,0,NW
2016.25,5.26533402612382e-17,-1.2240110421627583e-17,-4.041322983961062e-17,-2.842964462810287e-16,2.951425153830695e-16,No,-6.162975822039155e-33,NW
2016.3333333333335,7.337188057407386e-18,-1.2047642611028232e-17,4.710454553620846e-18,-2.842964462810287e-16,2.951425153830695e-16,No,0,NW
2016.4166666666667,-4.043890973195441e-17,-1.185517480042888e-17,25,-2.842964462810287e-16,2.951425153830695e-16,No,25,NW
2016.5,-1.1096205168745947e-16,-1.1662706989829529e-17,1.22624758677289e-16,-2.842964462810287e-16,2.951425153830695e-16,No,0,NW
2016.5833333333335,-7.673967512073738e-17,-1.1470239179230178e-17,8.820991429996755e-17,-2.842964462810287e-16,2.951425153830695e-16,No,0,NW
2016.6666666666667,-3.301827218748585e-17,-1.1277771368630827e-17,4.429604355611668e-17,-2.842964462810287e-16,2.951425153830695e-16,No,0,NW
2016.75,-3.4384210560835395e-17,-1.0976566909099394e-17,4.536077746993479e-17,-2.842964462810287e-16,2.951425153830695e-16,No,0,NW
2016.8333333333335,2.0202940758111096e-17,-1.0675362449567962e-17,-9.527578308543134e-18,-2.842964462810287e-16,2.951425153830695e-16,No,0,NW
2016.9166666666667,3.633958239966249e-17,-1.037415799003653e-17,1,-2.842964462810287e-16,2.951425153830695e-16,No,1,NW
2017,6.205311945616972e-17,-1.00729535305051e-17,-5.198016592566462e-17,-2.842964462810287e-16,2.951425153830695e-16,No,0,NW
2017.0833333333335,5.453319999315382e-17,-9.771749070973667e-18,-4.476145092218015e-17,-2.842964462810287e-16,2.951425153830695e-16,No,0,NW
2017.1666666666667,6.242373249934906e-17,-9.470544611442235e-18,2,-2.842964462810287e-16,2.951425153830695e-16,No,2,NW
2017.25,5.26533402612382e-17,-9.169340151910803e-18,13,-2.842964462810287e-16,2.951425153830695e-16,No,13,NW
2017.3333333333335,7.337188057407386e-18,-8.86813569237937e-18,14,-2.842964462810287e-16,2.951425153830695e-16,No,14,NW
2017.4166666666667,-4.043890973195441e-17,-8.566931232847938e-18,5,-2.842964462810287e-16,2.951425153830695e-16,No,5,NW
2017.5,-1.1096205168745947e-16,-8.265726773316508e-18,1.1922777846077598e-16,-2.842964462810287e-16,2.951425153830695e-16,No,0,NW
2017.5833333333335,-7.673967512073738e-17,-7.964522313785075e-18,8.470419743452246e-17,-2.842964462810287e-16,2.951425153830695e-16,No,0,NW
2017.6666666666667,-3.301827218748585e-17,-7.663317854253643e-18,4.068159004173949e-17,-2.842964462810287e-16,2.951425153830695e-16,No,0,NW
2017.75,-3.4384210560835395e-17,-7.362113394722211e-18,4.1746323955557606e-17,-2.842964462810287e-16,2.951425153830695e-16,No,0,NW
2017.8333333333335,2.0202940758111096e-17,-7.060908935190779e-18,-1.3142031822920317e-17,-2.842964462810287e-16,2.951425153830695e-16,No,0,NW
2017.9166666666667,3.633958239966249e-17,-6.915763246855466e-18,-2.942381915280703e-17,-2.842964462810287e-16,2.951425153830695e-16,No,0,NW
2018,6.205311945616972e-17,-6.770617558520153e-18,-5.5282501897649566e-17,-2.842964462810287e-16,2.951425153830695e-16,No,0,NW
2018.0833333333335,5.453319999315382e-17,-6.62547187018484e-18,-4.790772812296898e-17,-2.842964462810287e-16,2.951425153830695e-16,No,0,NW
2018.1666666666667,6.242373249934906e-17,-6.4803261818495275e-18,-5.594340631749953e-17,-2.842964462810287e-16,2.951425153830695e-16,No,0,NW
2018.25,5.26533402612382e-17,-6.335180493514215e-18,-4.631815976772399e-17,-2.842964462810287e-16,2.951425153830695e-16,No,-6.162975822039155e-33,NW
2018.3333333333335,7.337188057407386e-18,-6.190034805178902e-18,-1.147153252228484e-18,-2.842964462810287e-16,2.951425153830695e-16,No,0,NW
2018.4166666666667,-4.043890973195441e-17,-6.044889116843589e-18,4.6483798848798e-17,-2.842964462810287e-16,2.951425153830695e-16,No,0,NW
2018.5,-1.1096205168745947e-16,-5.899743428508276e-18,15,-2.842964462810287e-16,2.951425153830695e-16,No,15,NW
2018.5833333333335,-7.673967512073738e-17,-5.7545977401729626e-18,8.249427286091034e-17,-2.842964462810287e-16,2.951425153830695e-16,No,0,NW
2018.6666666666667,-3.301827218748585e-17,-5.60945205183765e-18,3.86277242393235e-17,-2.842964462810287e-16,2.951425153830695e-16,No,0,NW
2018.75,-3.4384210560835395e-17,-5.464306363502337e-18,3.984851692433773e-17,-2.842964462810287e-16,2.951425153830695e-16,No,0,NW
2018.8333333333335,2.0202940758111096e-17,-5.319160675167024e-18,-1.4883780082944073e-17,-2.842964462810287e-16,2.951425153830695e-16,No,0,NW
2018.9166666666667,3.633958239966249e-17,-5.174014986831711e-18,-3.1165567412830783e-17,-2.842964462810287e-16,2.951425153830695e-16,No,0,NW
2019,6.205311945616972e-17,-5.0288692984963984e-18,-5.702425015767331e-17,-2.842964462810287e-16,2.951425153830695e-16,No,0,NW
2019.0833333333335,5.453319999315382e-17,-4.888668172824087e-18,-4.9644531820329734e-17,-2.842964462810287e-16,2.951425153830695e-16,No,0,NW
2019.1666666666667,6.242373249934906e-17,-4.748467047151776e-18,-5.767526545219728e-17,-2.842964462810287e-16,2.951425153830695e-16,No,0,NW
2019.25,5.26533402612382e-17,-4.608265921479465e-18,-4.8045074339758735e-17,-2.842964462810287e-16,2.951425153830695e-16,No,6.162975822039155e-33,NW
2019.3333333333335,7.337188057407386e-18,-4.468064795807154e-18,-2.869123261600232e-18,-2.842964462810287e-16,2.951425153830695e-16,No,0,NW
2019.4166666666667,-4.043890973195441e-17,-4.3278636701348425e-18,4.4766773402089254e-17,-2.842964462810287e-16,2.951425153830695e-16,No,0,NW
2019.5,-1.1096205168745947e-16,-4.187662544462532e-18,8,-2.842964462810287e-16,2.951425153830695e-16,No,8,NW
2019.5833333333335,-7.673967512073738e-17,-4.047461418790221e-18,8.078713653952761e-17,-2.842964462810287e-16,2.951425153830695e-16,No,0,NW
2019.6666666666667,-3.301827218748585e-17,-3.90726029311791e-18,3.692553248060376e-17,-2.842964462810287e-16,2.951425153830695e-16,No,0,NW
2019.75,-3.4384210560835395e-17,-3.7670591674455984e-18,3.815126972828099e-17,-2.842964462810287e-16,2.951425153830695e-16,No,0,NW
2019.8333333333335,2.0202940758111096e-17,-3.626858041773287e-18,-1.657608271633781e-17,-2.842964462810287e-16,2.951425153830695e-16,No,0,NW
2019.9166666666667,3.633958239966249e-17,-3.486656916100976e-18,-3.2852925483561514e-17,-2.842964462810287e-16,2.951425153830695e-16,No,0,NW
2020,6.205311945616972e-17,-3.346455790428665e-18,-5.870666366574106e-17,-2.842964462810287e-16,2.951425153830695e-16,No,0,NW
2020.0833333333335,5.453319999315382e-17,-3.2062546647563537e-18,5,-2.842964462810287e-16,2.951425153830695e-16,No,5,NW
2020.1666666666667,6.242373249934906e-17,-3.066053539084043e-18,5,-2.842964462810287e-16,2.951425153830695e-16,No,5,NW
2020.25,5.26533402612382e-17,-2.3624019344491763e-18,-5.0290938326789027e-17,-2.842964462810287e-16,2.951425153830695e-16,No,0,NW
2020.3333333333335,7.337188057407386e-18,-1.65875032981431e-18,33,-2.842964462810287e-16,2.951425153830695e-16,Yes,33,NW
2020.4166666666667,-4.043890973195441e-17,-9.550987251794437e-19,4.139400845713385e-17,-2.842964462810287e-16,2.951425153830695e-16,No,0,NW
2020.5,-1.1096205168745947e-16,-2.5144712054457714e-19,1.1121349880800405e-16,-2.842964462810287e-16,2.951425153830695e-16,No,0,NW
2020.5833333333335,-7.673967512073738e-17,4.522044840902893e-19,16,-2.842964462810287e-16,2.951425153830695e-16,No,16,NW
2020.6666666666667,-3.301827218748585e-17,1.1558560887251557e-18,3.1862416098760694e-17,-2.842964462810287e-16,2.951425153830695e-16,No,0,NW
2020.75,-3.4384210560835395e-17,1.859507693360022e-18,3.252470286747537e-17,-2.842964462810287e-16,2.951425153830695e-16,No,0,NW
2020.8333333333335,2.0202940758111096e-17,2.5631592979948886e-18,-2.2766100056105986e-17,-2.842964462810287e-16,2.951425153830695e-16,No,0,NW
2020.9166666666667,3.633958239966249e-17,3.266810902629755e-18,2,-2.842964462810287e-16,2.951425153830695e-16,No,2,NW
2021,6.205311945616972e-17,3.970462507264621e-18,-6.602358196343433e-17,-2.842964462810287e-16,2.951425153830695e-16,No,0,NW
2021.0833333333335,5.453319999315382e-17,4.674114111899488e-18,-5.920731410505331e-17,-2.842964462810287e-16,2.951425153830695e-16,No,0,NW
2021.1666666666667,6.242373249934906e-17,5.377765716534354e-18,-6.780149821588341e-17,-2.842964462810287e-16,2.951425153830695e-16,No,0,NW
2021.25,5.26533402612382e-17,6.081417321169221e-18,37,-2.842964462810287e-16,2.951425153830695e-16,Yes,37,NW
2021.3333333333335,7.337188057407386e-18,6.7850689258040865e-18,1,-2.842964462810287e-16,2.951425153830695e-16,No,1,NW
2021.4166666666667,-4.043890973195441e-17,7.374714717374055e-18,3.3064195014580354e-17,-2.842964462810287e-16,2.951425153830695e-16,No,0,NW
2021.5,-1.1096205168745947e-16,7.964360508944022e-18,1.0299769117851545e-16,-2.842964462810287e-16,2.951425153830695e-16,No,0,NW
2021.5833333333335,-7.673967512073738e-17,8.55400630051399e-18,1,-2.842964462810287e-16,2.951425153830695e-16,No,0.9999999999999999,NW
2021.6666666666667,-3.301827218748585e-17,9.143652092083957e-18,24,-2.842964462810287e-16,2.951425153830695e-16,No,24,NW
2021.75,-3.4384210560835395e-17,9.733297883653925e-18,2.4650912677181468e-17,-2.842964462810287e-16,2.951425153830695e-16,No,0,NW
2021.8333333333335,2.0202940758111096e-17,1.0322943675223892e-17,-3.052588443333499e-17,-2.842964462810287e-16,2.951425153830695e-16,No,0,NW
2021.9166666666667,3.633958239966249e-17,1.091258946679386e-17,-4.7252171866456354e-17,-2.842964462810287e-16,2.951425153830695e-16,No,0,NW
2022,6.205311945616972e-17,1.1502235258363829e-17,-7.355535471453355e-17,-2.842964462810287e-16,2.951425153830695e-16,No,0,NW
2022.0833333333335,5.453319999315382e-17,1.2091881049933796e-17,-6.662508104308761e-17,-2.842964462810287e-16,2.951425153830695e-16,No,6.162975822039155e-33,NW
2022.1666666666667,6.242373249934906e-17,1.2681526841503764e-17,-7.510525934085282e-17,-2.842964462810287e-16,2.951425153830695e-16,No,1.232595164407831e-32,NW
2022.25,5.26533402612382e-17,1.3271172633073731e-17,-6.592451289431193e-17,-2.842964462810287e-16,2.951425153830695e-16,No,0,NW
2022.3333333333335,7.337188057407386e-18,1.3860818424643699e-17,-2.1198006482051083e-17,-2.842964462810287e-16,2.951425153830695e-16,No,1.5407439555097887e-33,NW
2022.4166666666667,-4.043890973195441e-17,1.4450464216213666e-17,27,-2.842964462810287e-16,2.951425153830695e-16,No,27,NW
2022.5,-1.1096205168745947e-16,1.5040110007783634e-17,5,-2.842964462810287e-16,2.951425153830695e-16,No,5,NW
2022.5833333333335,-7.673967512073738e-17,1.5603124222539677e-17,17,-2.842964462810287e-16,2.951425153830695e-16,No,17,NW
2022.6666666666667,-3.301827218748585e-17,1.6166138437295717e-17,28,-2.842964462810287e-16,2.951425153830695e-16,Yes,28,NW
2022.75,-3.4384210560835395e-17,1.672915265205176e-17,1,-2.842964462810287e-16,2.951425153830695e-16,No,1,NW
2022.8333333333335,2.0202940758111096e-17,1.72921668668078e-17,21,-2.842964462810287e-16,2.951425153830695e-16,No,21,NW
2022.9166666666667,3.633958239966249e-17,1.7855181081563844e-17,19,-2.842964462810287e-16,2.951425153830695e-16,No,19,NW
2023,6.205311945616972e-17,1.8418195296319884e-17,8,-2.842964462810287e-16,2.951425153830695e-16,No,8,NW
2023.0833333333335,5.453319999315382e-17,1.8981209511075927e-17,3,-2.842964462810287e-16,2.951425153830695e-16,No,3,NW
2023.1666666666667,6.242373249934906e-17,1.9544223725831967e-17,26,-2.842964462810287e-16,2.951425153830695e-16,No,26,NW
2023.25,5.26533402612382e-17,2.010723794058801e-17,15,-2.842964462810287e-16,2.951425153830695e-16,No,15,NW
2023.3333333333335,7.337188057407386e-18,2.0670252155344054e-17,1,-2.842964462810287e-16,2.951425153830695e-16,No,1,NW
2023.4166666666667,-4.043890973195441e-17,2.1233266370100094e-17,24,-2.842964462810287e-16,2.951425153830695e-16,No,24,NW
2023.5,-1.1096205168745947e-16,2.1796280584856137e-17,8.916577110260334e-17,-2.842964462810287e-16,2.951425153830695e-16,No,0,NW
2023.5833333333335,-7.673967512073738e-17,2.2359294799612177e-17,5.43803803211252e-17,-2.842964462810287e-16,2.951425153830695e-16,No,0,NW
2023.6666666666667,-3.301827218748585e-17,2.292230901436822e-17,28,-2.842964462810287e-16,2.951425153830695e-16,No,28,NW
2023.75,-3.4384210560835395e-17,2.353596986651171e-17,1.0848240694323684e-17,-2.842964462810287e-16,2.951425153830695e-16,No,0,NW
2023.8333333333335,2.0202940758111096e-17,2.4149630718655203e-17,6,-2.842964462810287e-16,2.951425153830695e-16,No,6,NW
2023.9166666666667,3.633958239966249e-17,2.4763291570798693e-17,13,-2.842964462810287e-16,2.951425153830695e-16,No,13,NW
2024,6.205311945616972e-17,2.5376952422942186e-17,27,-2.842964462810287e-16,2.951425153830695e-16,No,27,NW
2024.0833333333335,5.453319999315382e-17,2.5990613275085676e-17,2,-2.842964462810287e-16,2.951425153830695e-16,No,2,NW
2024.1666666666667,6.242373249934906e-17,2.660427412722917e-17,12,-2.842964462810287e-16,2.951425153830695e-16,No,12,NW
2024.25,5.26533402612382e-17,2.721793497937266e-17,12,-2.842964462810287e-16,2.951425153830695e-16,No,12,NW
2024.3333333333335,7.337188057407386e-18,2.783159583151615e-17,-3.5168783888923536e-17,-2.842964462810287e-16,2.951425153830695e-16,No,1.5407439555097887e-33,NW
2024.4166666666667,-4.043890973195441e-17,2.844525668365964e-17,1.1993653048294771e-17,-2.842964462810287e-16,2.951425153830695e-16,No,0,NW
2024.5,-1.1096205168745947e-16,2.905891753580313e-17,8.190313415165633e-17,-2.842964462810287e-16,2.951425153830695e-16,No,0,NW
2024.5833333333335,-7.673967512073738e-17,2.9672578387946625e-17,4.7067096732790755e-17,-2.842964462810287e-16,2.951425153830695e-16,No,0,NW
2024.6666666666667,-3.301827218748585e-17,3.028623924009012e-17,2.7320329473957333e-18,-2.842964462810287e-16,2.951425153830695e-16,No,0,NW
2024.75,-3.4384210560835395e-17,3.0899900092233605e-17,11,-2.842964462810287e-16,2.951425153830695e-16,No,11,NW
2024.8333333333335,2.0202940758111096e-17,3.15135609443771e-17,21,-2.842964462810287e-16,2.951425153830695e-16,No,21,NW
2024.9166666666667,3.633958239966249e-17,3.217345822608197e-17,7,-2.842964462810287e-16,2.951425153830695e-16,No,7,NW
2025,6.205311945616972e-17,3.283335550778684e-17,19,-2.842964462810287e-16,2.951425153830695e-16,No,19,NW
2025.0833333333335,5.453319999315382e-17,3.349325278949171e-17,12,-2.842964462810287e-16,2.951425153830695e-16,No,12,NW
2025.1666666666667,6.242373249934906e-17,3.4153150071196586e-17,13,-2.842964462810287e-16,2.951425153830695e-16,No,13,NW
2025.25,5.26533402612382e-17,3.481304735290146e-17,22,-2.842964462810287e-16,2.951425153830695e-16,Yes,22,NW
2025.3333333333335,7.337188057407386e-18,3.547294463460633e-17,26,-2.842964462810287e-16,2.951425153830695e-16,No,26,NW
2025.4166666666667,-4.043890973195441e-17,3.61328419163112e-17,4.306067815643212e-18,-2.842964462810287e-16,2.951425153830695e-16,No,0,NW
2025.5,-1.1096205168745947e-16,3.679273919801607e-17,7.41693124894434e-17,-2.842964462810287e-16,2.951425153830695e-16,No,0,NW
2025.5833333333335,-7.673967512073738e-17,3.745263647972094e-17,3.928703864101644e-17,-2.842964462810287e-16,2.951425153830695e-16,No,0,NW
2025.6666666666667,-3.301827218748585e-17,3.8112533761425816e-17,-5.094261573939965e-18,-2.842964462810287e-16,2.951425153830695e-16,No,0,NW
2025.75,-3.4384210560835395e-17,3.877243104313069e-17,-4.388220482295292e-18,-2.842964462810287e-16,2.951425153830695e-16,No,0,NW
2025.8333333333335,2.0202940758111096e-17,3.943232832483556e-17,-5.963526908294665e-17,-2.842964462810287e-16,2.951425153830695e-16,No,0,NW
2025.9166666666667,3.633958239966249e-17,4.009222560654043e-17,-7.643180800620292e-17,-2.842964462810287e-16,2.951425153830695e-16,No,0,NW
1981.6666666666667,-1.7666174656492196e-17,1.3958911913794794e-18,1.6270283465112716e-17,-4.548568225871421e-17,4.449667308430062e-17,No,0,SW
1981.75,-1.1590283343811573e-17,1.344657331528442e-18,1.0245626012283131e-17,-4.548568225871421e-17,4.449667308430062e-17,No,0,SW
1981.8333333333335,1.1345267246107719e-17,1.2934234716774047e-18,8,-4.548568225871421e-17,4.449667308430062e-17,Yes,8,SW
1981.9166666666667,4.4799430388497126e-18,1.2421896118263671e-18,-5.72213265067608e-18,-4.548568225871421e-17,4.449667308430062e-17,No,0,SW
1982,6.956562134306001e-18,1.1909557519753298e-18,-8.14751788628133e-18,-4.548568225871421e-17,4.449667308430062e-17,No,0,SW
1982.0833333333335,-2.208361224512553e-19,1.1397218921242924e-18,-9.188857696730372e-19,-4.548568225871421e-17,4.449667308430062e-17,No,-9.62964972193618e-35,SW
1982.1666666666667,2.3909194422001783e-18,1.088488032273255e-18,-3.479407474473434e-18,-4.548568225871421e-17,4.449667308430062e-17,No,-3.851859888774472e-34,SW
1982.25,1.0711800682723011e-17,1.0372541724222174e-18,-1.1749054855145229e-17,-4.548568225871421e-17,4.449667308430062e-17,No,0,SW
1982.3333333333335,1.531487359903626e-18,9.8602031257118e-19,-2.517507672474806e-18,-4.548568225871421e-17,4.449667308430062e-17,No,1.925929944387236e-34,SW
1982.4166666666667,3.981116305806436e-18,9.347864527201427e-19,-4.915902758526579e-18,-4.548568225871421e-17,4.449667308430062e-17,No,0,SW
1982.5,1.761397369367512e-18,8.835525928691053e-19,-2.6449499622366175e-18,-4.548568225871421e-17,4.449667308430062e-17,No,-3.851859888774472e-34,SW
1982.5833333333335,-1.3681200412485361e-17,8.323187330180678e-19,1.2848881679467293e-17,-4.548568225871421e-17,4.449667308430062e-17,No,0,SW
1982.6666666666667,-1.7666174656492196e-17,7.810848731670305e-19,1.6885089783325167e-17,-4.548568225871421e-17,4.449667308430062e-17,No,0,SW
1982.75,-1.1590283343811573e-17,7.29851013315993e-19,1.086043233049558e-17,-4.548568225871421e-17,4.449667308430062e-17,No,0,SW
1982.8333333333335,1.1345267246107719e-17,6.786171534649556e-19,-1.2023884399572675e-17,-4.548568225871421e-17,4.449667308430062e-17,No,0,SW
1982.9166666666667,4.4799430388497126e-18,6.294872740303256e-19,-5.109430312880038e-18,-4.548568225871421e-17,4.449667308430062e-17,No,0,SW
1983,6.956562134306001e-18,5.803573945956958e-19,-7.536919528901697e-18,-4.548568225871421e-17,4.449667308430062e-17,No,0,SW
1983.0833333333335,-2.208361224512553e-19,5.312275151610659e-19,-3.103913927098106e-19,-4.548568225871421e-17,4.449667308430062e-17,No,0,SW
1983.1666666666667,2.3909194422001783e-18,4.820976357264359e-19,5,-4.548568225871421e-17,4.449667308430062e-17,Yes,5,SW
1983.25,1.0711800682723011e-17,4.32967756291806e-19,-1.1144768439014817e-17,-4.548568225871421e-17,4.449667308430062e-17,No,0,SW
1983.3333333333335,1.531487359903626e-18,3.838378768571761e-19,-1.915325236760802e-18,-4.548568225871421e-17,4.449667308430062e-17,No,0,SW
1983.4166666666667,3.981116305806436e-18,3.347079974225462e-19,-4.315824303228982e-18,-4.548568225871421e-17,4.449667308430062e-17,No,0,SW
1983.5,1.761397369367512e-18,2.8557811798791627e-19,2,-4.548568225871421e-17,4.449667308430062e-17,No,2,SW
1983.5833333333335,-1.3681200412485361e-17,2.3644823855328635e-19,1.3444752173932075e-17,-4.548568225871421e-17,4.449667308430062e-17,No,0,SW
1983.6666666666667,-1.7666174656492196e-17,1.8731835911865644e-19,1.747885629737354e-17,-4.548568225871421e-17,4.449667308430062e-17,No,0,SW
1983.75,-1.1590283343811573e-17,1.3818847968402652e-19,1.1452094864127547e-17,-4.548568225871421e-17,4.449667308430062e-17,No,0,SW
1983.8333333333335,1.1345267246107719e-17,8.90586002493966e-20,13,-4.548568225871421e-17,4.449667308430062e-17,Yes,13,SW
1983.9166666666667,4.4799430388497126e-18,3.9928720814766687e-20,-4.5198717596644794e-18,-4.548568225871421e-17,4.449667308430062e-17,No,0,SW
1984,6.956562134306001e-18,-9.20115861986321e-21,-6.947360975686137e-18,-4.548568225871421e-17,4.449667308430062e-17,No,0,SW
1984.0833333333335,-2.208361224512553e-19,-5.505931995611346e-20,2.758954424073688e-19,-4.548568225871421e-17,4.449667308430062e-17,No,0,SW
1984.1666666666667,2.3909194422001783e-18,-1.0091748129236372e-19,-2.2900019609078144e-18,-4.548568225871421e-17,4.449667308430062e-17,No,0,SW
1984.25,1.0711800682723011e-17,-1.4677564262861398e-19,-1.0565025040094397e-17,-4.548568225871421e-17,4.449667308430062e-17,No,0,SW
1984.3333333333335,1.531487359903626e-18,-1.9263380396486423e-19,-1.3388535559387618e-18,-4.548568225871421e-17,4.449667308430062e-17,No,0,SW
1984.4166666666667,3.981116305806436e-18,-2.384919653011145e-19,-3.742624340505321e-18,-4.548568225871421e-17,4.449667308430062e-17,No,0,SW
1984.5,1.761397369367512e-18,-2.8435012663736477e-19,-1.4770472427301471e-18,-4.548568225871421e-17,4.449667308430062e-17,No,0,SW
1984.5833333333335,-1.3681200412485361e-17,-3.3020828797361503e-19,1.4011408700458975e-17,-4.548568225871421e-17,4.449667308430062e-17,No,-1.5407439555097887e-33,SW
1984.6666666666667,-1.7666174656492196e-17,-3.760664493098653e-19,1.8042241105802063e-17,-4.548568225871421e-17,4.449667308430062e-17,No,0,SW
1984.75,-1.1590283343811573e-17,-4.2192461064611554e-19,1.201220795445769e-17,-4.548568225871421e-17,4.449667308430062e-17,No,1.5407439555097887e-33,SW
1984.8333333333335,1.1345267246107719e-17,-4.677827719823658e-19,-1.0877484474125353e-17,-4.548568225871421e-17,4.449667308430062e-17,No,0,SW
1984.9166666666667,4.4799430388497126e-18,-5.1364093331861605e-19,-3.966302105531096e-18,-4.548568225871421e-17,4.449667308430062e-17,No,0,SW
1985,6.956562134306001e-18,-5.594990946548663e-19,-6.397063039651134e-18,-4.548568225871421e-17,4.449667308430062e-17,No,0,SW
1985.0833333333335,-2.208361224512553e-19,-6.053572559911166e-19,8.261933784423719e-19,-4.548568225871421e-17,4.449667308430062e-17,No,0,SW
1985.1666666666667,2.3909194422001783e-18,-6.512154173273668e-19,-1.7397040248728113e-18,-4.548568225871421e-17,4.449667308430062e-17,No,0,SW
1985.25,1.0711800682723011e-17,-6.928459809201311e-19,-1.001895470180288e-17,-4.548568225871421e-17,4.449667308430062e-17,No,0,SW
1985.3333333333335,1.531487359903626e-18,-7.344765445128955e-19,-7.970108153907304e-19,-4.548568225871421e-17,4.449667308430062e-17,No,0,SW
1985.4166666666667,3.981116305806436e-18,-7.7610710810565985e-19,-3.205009197700776e-18,-4.548568225871421e-17,4.449667308430062e-17,No,0,SW
1985.5,1.761397369367512e-18,-8.177376716984242e-19,2,-4.548568225871421e-17,4.449667308430062e-17,No,2,SW
1985.5833333333335,-1.3681200412485361e-17,-8.593682352911886e-19,1.454056864777655e-17,-4.548568225871421e-17,4.449667308430062e-17,No,1.5407439555097887e-33,SW
1985.6666666666667,-1.7666174656492196e-17,-9.00998798883953e-19,1.8567173455376148e-17,-4.548568225871421e-17,4.449667308430062e-17,No,0,SW
1985.75,-1.1590283343811573e-17,-9.426293624767172e-19,1,-4.548568225871421e-17,4.449667308430062e-17,No,1,SW
1985.8333333333335,1.1345267246107719e-17,-9.842599260694816e-19,-1.0361007320038238e-17,-4.548568225871421e-17,4.449667308430062e-17,No,0,SW
1985.9166666666667,4.4799430388497126e-18,-1.025890489662246e-18,-3.4540525491874666e-18,-4.548568225871421e-17,4.449667308430062e-17,No,0,SW
1986,6.956562134306001e-18,-1.0675210532550102e-18,-5.889041081050991e-18,-4.548568225871421e-17,4.449667308430062e-17,No,0,SW
1986.0833333333335,-2.208361224512553e-19,-1.1091516168477746e-18,1.3299877392990298e-18,-4.548568225871421e-17,4.449667308430062e-17,No,-9.62964972193618e-35,SW
1986.1666666666667,2.3909194422001783e-18,-1.150782180440539e-18,-1.2401372617596392e-18,-4.548568225871421e-17,4.449667308430062e-17,No,0,SW
1986.25,1.0711800682723011e-17,-1.1924127440333033e-18,-9.519387938689707e-18,-4.548568225871421e-17,4.449667308430062e-17,No,0,SW
1986.3333333333335,1.531487359903626e-18,-1.2340433076260677e-18,-2.974440522775583e-19,-4.548568225871421e-17,4.449667308430062e-17,No,0,SW
1986.4166666666667,3.981116305806436e-18,-1.2718995996748295e-18,-2.7092167061316066e-18,-4.548568225871421e-17,4.449667308430062e-17,No,0,SW
1986.5,1.761397369367512e-18,-1.3097558917235915e-18,-4.516414776439205e-19,-4.548568225871421e-17,4.449667308430062e-17,No,0,SW
1986.5833333333335,-1.3681200412485361e-17,-1.3476121837723535e-18,1.5028812596257716e-17,-4.548568225871421e-17,4.449667308430062e-17,No,1.5407439555097887e-33,SW
1986.6666666666667,-1.7666174656492196e-17,-1.3854684758211153e-18,2,-4.548568225871421e-17,4.449667308430062e-17,No,2,SW
1986.75,-1.1590283343811573e-17,-1.4233247678698772e-18,1,-4.548568225871421e-17,4.449667308430062e-17,No,1,SW
1986.8333333333335,1.1345267246107719e-17,-1.4611810599186392e-18,-9.884086186189079e-18,-4.548568225871421e-17,4.449667308430062e-17,No,0,SW
1986.9166666666667,4.4799430388497126e-18,-1.4990373519674012e-18,-2.9809056868823114e-18,-4.548568225871421e-17,4.449667308430062e-17,No,0,SW
1987,6.956562134306001e-18,-1.536893644016163e-18,-5.419668490289838e-18,-4.548568225871421e-17,4.449667308430062e-17,No,0,SW
1987.0833333333335,-2.208361224512553e-19,-1.5747499360649249e-18,1.7955860585161803e-18,-4.548568225871421e-17,4.449667308430062e-17,No,9.62964972193618e-35,SW
1987.1666666666667,2.3909194422001783e-18,-1.6126062281136869e-18,1,-4.548568225871421e-17,4.449667308430062e-17,No,1,SW
1987.25,1.0711800682723011e-17,-1.6504625201624489e-18,-9.061338162560562e-18,-4.548568225871421e-17,4.449667308430062e-17,No,0,SW
1987.3333333333335,1.531487359903626e-18,-1.6883188122112107e-18,1,-4.548568225871421e-17,4.449667308430062e-17,No,1,SW
1987.4166666666667,3.981116305806436e-18,-1.7261751042599725e-18,-2.2549412015464635e-18,-4.548568225871421e-17,4.449667308430062e-17,No,0,SW
1987.5,1.761397369367512e-18,-1.7640313963087346e-18,2.63402694122256e-21,-4.548568225871421e-17,4.449667308430062e-17,No,0,SW
1987.5833333333335,-1.3681200412485361e-17,-1.785279812530365e-18,5,-4.548568225871421e-17,4.449667308430062e-17,No,5,SW
1987.6666666666667,-1.7666174656492196e-17,-1.8065282287519957e-18,9,-4.548568225871421e-17,4.449667308430062e-17,Yes,9,SW
1987.75,-1.1590283343811573e-17,-1.8277766449736265e-18,1.34180599887852e-17,-4.548568225871421e-17,4.449667308430062e-17,No,0,SW
1987.8333333333335,1.1345267246107719e-17,-1.849025061195257e-18,-9.496242184912461e-18,-4.548568225871421e-17,4.449667308430062e-17,No,0,SW
1987.9166666666667,4.4799430388497126e-18,-1.8702734774168873e-18,-2.6096695614328253e-18,-4.548568225871421e-17,4.449667308430062e-17,No,0,SW
1988,6.956562134306001e-18,-1.891521893638518e-18,-5.065040240667482e-18,-4.548568225871421e-17,4.449667308430062e-17,No,0,SW
1988.0833333333335,-2.208361224512553e-19,-1.912770309860149e-18,2.1336064323114043e-18,-4.548568225871421e-17,4.449667308430062e-17,No,9.62964972193618e-35,SW
1988.1666666666667,2.3909194422001783e-18,-1.9340187260817793e-18,-4.56900716118399e-19,-4.548568225871421e-17,4.449667308430062e-17,No,0,SW
1988.25,1.0711800682723011e-17,-1.9552671423034097e-18,-8.756533540419602e-18,-4.548568225871421e-17,4.449667308430062e-17,No,-1.5407439555097887e-33,SW
1988.3333333333335,1.531487359903626e-18,-1.9765155585250405e-18,4.450281986214145e-19,-4.548568225871421e-17,4.449667308430062e-17,No,0,SW
1988.4166666666667,3.981116305806436e-18,-1.9977639747466713e-18,-1.9833523310597648e-18,-4.548568225871421e-17,4.449667308430062e-17,No,0,SW
1988.5,1.761397369367512e-18,-2.0190123909683017e-18,2.576150216007897e-19,-4.548568225871421e-17,4.449667308430062e-17,No,0,SW
1988.5833333333335,-1.3681200412485361e-17,-2.040260807189932e-18,1.5721461219675295e-17,-4.548568225871421e-17,4.449667308430062e-17,No,1.5407439555097887e-33,SW
1988.6666666666667,-1.7666174656492196e-17,-2.061509223411563e-18,1.972768387990376e-17,-4.548568225871421e-17,4.449667308430062e-17,No,0,SW
1988.75,-1.1590283343811573e-17,-2.0536460647089145e-18,1.3643929408520487e-17,-4.548568225871421e-17,4.449667308430062e-17,No,-1.5407439555097887e-33,SW
1988.8333333333335,1.1345267246107719e-17,-2.045782906006266e-18,12,-4.548568225871421e-17,4.449667308430062e-17,Yes,12,SW
1988.9166666666667,4.4799430388497126e-18,-2.0379197473036177e-18,-2.442023291546095e-18,-4.548568225871421e-17,4.449667308430062e-17,No,0,SW
1989,6.956562134306001e-18,-2.0300565886009693e-18,-4.926505545705031e-18,-4.548568225871421e-17,4.449667308430062e-17,No,0,SW
1989.0833333333335,-2.208361224512553e-19,-2.022193429898321e-18,3,-4.548568225871421e-17,4.449667308430062e-17,Yes,3,SW
1989.1666666666667,2.3909194422001783e-18,-2.0143302711956726e-18,-3.765891710045057e-19,-4.548568225871421e-17,4.449667308430062e-17,No,0,SW
1989.25,1.0711800682723011e-17,-2.006467112493024e-18,-8.705333570229987e-18,-4.548568225871421e-17,4.449667308430062e-17,No,0,SW
1989.3333333333335,1.531487359903626e-18,-1.9986039537903754e-18,2,-4.548568225871421e-17,4.449667308430062e-17,No,2,SW
1989.4166666666667,3.981116305806436e-18,-1.990740795087727e-18,-1.990375510718709e-18,-4.548568225871421e-17,4.449667308430062e-17,No,0,SW
1989.5,1.761397369367512e-18,-1.9828776363850786e-18,11,-4.548568225871421e-17,4.449667308430062e-17,Yes,11,SW
1989.5833333333335,-1.3681200412485361e-17,-1.9750144776824302e-18,5,-4.548568225871421e-17,4.449667308430062e-17,No,5,SW
1989.6666666666667,-1.7666174656492196e-17,-1.967151318979782e-18,1.9633325975471977e-17,-4.548568225871421e-17,4.449667308430062e-17,No,0,SW
1989.75,-1.1590283343811573e-17,-1.9592881602771335e-18,11,-4.548568225871421e-17,4.449667308430062e-17,No,11,SW
1989.8333333333335,1.1345267246107719e-17,-1.951425001574485e-18,-9.393842244533234e-18,-4.548568225871421e-17,4.449667308430062e-17,No,0,SW
1989.9166666666667,4.4799430388497126e-18,-1.9248176672744743e-18,5,-4.548568225871421e-17,4.449667308430062e-17,No,5,SW
1990,6.956562134306001e-18,-1.898210332974463e-18,3,-4.548568225871421e-17,4.449667308430062e-17,No,3,SW
1990.0833333333335,-2.208361224512553e-19,-1.8716029986744523e-18,9,-4.548568225871421e-17,4.449667308430062e-17,No,9,SW
1990.1666666666667,2.3909194422001783e-18,-1.8449956643744415e-18,9,-4.548568225871421e-17,4.449667308430062e-17,No,9,SW
1990.25,1.0711800682723011e-17,-1.8183883300744307e-18,-8.89341235264858e-18,-4.548568225871421e-17,4.449667308430062e-17,No,0,SW
1990.3333333333335,1.531487359903626e-18,-1.7917809957744196e-18,3,-4.548568225871421e-17,4.449667308430062e-17,No,3,SW
1990.4166666666667,3.981116305806436e-18,-1.7651736614744088e-18,-2.2159426443320273e-18,-4.548568225871421e-17,4.449667308430062e-17,No,0,SW
1990.5,1.761397369367512e-18,-1.738566327174398e-18,12,-4.548568225871421e-17,4.449667308430062e-17,No,12,SW
1990.5833333333335,-1.3681200412485361e-17,-1.711958992874387e-18,10,-4.548568225871421e-17,4.449667308430062e-17,Yes,10,SW
1990.6666666666667,-1.7666174656492196e-17,-1.685351658574376e-18,8,-4.548568225871421e-17,4.449667308430062e-17,No,8,SW
1990.75,-1.1590283343811573e-17,-1.6587443242743652e-18,1.3249027668085939e-17,-4.548568225871421e-17,4.449667308430062e-17,No,0,SW
1990.8333333333335,1.1345267246107719e-17,-1.6321369899743542e-18,-9.713130256133365e-18,-4.548568225871421e-17,4.449667308430062e-17,No,0,SW
1990.9166666666667,4.4799430388497126e-18,-1.6055296556743433e-18,-2.8744133831753693e-18,-4.548568225871421e-17,4.449667308430062e-17,No,0,SW
1991,6.956562134306001e-18,-1.5789223213743325e-18,-5.3776398129316684e-18,-4.548568225871421e-17,4.449667308430062e-17,No,0,SW
1991.0833333333335,-2.208361224512553e-19,-1.5519081950067339e-18,1.772744317457989e-18,-4.548568225871421e-17,4.449667308430062e-17,No,-9.62964972193618e-35,SW
1991.1666666666667,2.3909194422001783e-18,-1.5248940686391353e-18,-8.66025373561043e-19,-4.548568225871421e-17,4.449667308430062e-17,No,0,SW
1991.25,1.0711800682723011e-17,-1.4978799422715367e-18,-9.213920740451474e-18,-4.548568225871421e-17,4.449667308430062e-17,No,0,SW
1991.3333333333335,1.531487359903626e-18,-1.4708658159039381e-18,-6.062154399968784e-20,-4.548568225871421e-17,4.449667308430062e-17,No,0,SW
1991.4166666666667,3.981116305806436e-18,-1.4438516895363395e-18,-2.5372646162700963e-18,-4.548568225871421e-17,4.449667308430062e-17,No,0,SW
1991.5,1.761397369367512e-18,-1.416837563168741e-18,-3.4455980619877106e-19,-4.548568225871421e-17,4.449667308430062e-17,No,0,SW
1991.5833333333335,-1.3681200412485361e-17,-1.3898234368011424e-18,12,-4.548568225871421e-17,4.449667308430062e-17,No,12,SW
1991.6666666666667,-1.7666174656492196e-17,-1.3628093104335438e-18,1,-4.548568225871421e-17,4.449667308430062e-17,No,1,SW
1991.75,-1.1590283343811573e-17,-1.3357951840659452e-18,1.2926078527877518e-17,-4.548568225871421e-17,4.449667308430062e-17,No,0,SW
1991.8333333333335,1.1345267246107719e-17,-1.3087810576983466e-18,-1.0036486188409372e-17,-4.548568225871421e-17,4.449667308430062e-17,No,0,SW
1991.9166666666667,4.4799430388497126e-18,-1.281766931330748e-18,-3.1981761075189648e-18,-4.548568225871421e-17,4.449667308430062e-17,No,0,SW
1992,6.956562134306001e-18,-1.2547528049631494e-18,-5.7018093293428515e-18,-4.548568225871421e-17,4.449667308430062e-17,No,0,SW
1992.0833333333335,-2.208361224512553e-19,-1.2277386785955508e-18,1.448574801046806e-18,-4.548568225871421e-17,4.449667308430062e-17,No,-9.62964972193618e-35,SW
1992.1666666666667,2.3909194422001783e-18,-1.2007245522279522e-18,-1.190194889972226e-18,-4.548568225871421e-17,4.449667308430062e-17,No,0,SW
1992.25,1.0711800682723011e-17,-1.1647608658005162e-18,-9.547039816922494e-18,-4.548568225871421e-17,4.449667308430062e-17,No,0,SW
1992.3333333333335,1.531487359903626e-18,-1.12879717937308e-18,-4.026901805305459e-19,-4.548568225871421e-17,4.449667308430062e-17,No,0,SW
1992.4166666666667,3.981116305806436e-18,-1.092833492945644e-18,-2.888282812860792e-18,-4.548568225871421e-17,4.449667308430062e-17,No,0,SW
1992.5,1.761397369367512e-18,-1.056869806518208e-18,-7.045275628493041e-19,-4.548568225871421e-17,4.449667308430062e-17,No,0,SW
1992.5833333333335,-1.3681200412485361e-17,-1.0209061200907718e-18,1.4702106532576133e-17,-4.548568225871421e-17,4.449667308430062e-17,No,0,SW
1992.6666666666667,-1.7666174656492196e-17,-9.849424336633357e-19,1.8651117090155533e-17,-4.548568225871421e-17,4.449667308430062e-17,No,0,SW
1992.75,-1.1590283343811573e-17,-9.489787472358997e-19,1.2539262091047473e-17,-4.548568225871421e-17,4.449667308430062e-17,No,0,SW
1992.8333333333335,1.1345267246107719e-17,-9.130150608084636e-19,-1.0432252185299256e-17,-4.548568225871421e-17,4.449667308430062e-17,No,0,SW
1992.9166666666667,4.4799430388497126e-18,-8.770513743810273e-19,-3.6028916644686855e-18,-4.548568225871421e-17,4.449667308430062e-17,No,0,SW
1993,6.956562134306001e-18,-8.410876879535913e-19,-6.11547444635241e-18,-4.548568225871421e-17,4.449667308430062e-17,No,0,SW
1993.0833333333335,-2.208361224512553e-19,-8.051240015261552e-19,1.0259601239774105e-18,-4.548568225871421e-17,4.449667308430062e-17,No,0,SW
1993.1666666666667,2.3909194422001783e-18,-7.69160315098719e-19,-1.6217591271014592e-18,-4.548568225871421e-17,4.449667308430062e-17,No,0,SW
1993.25,1.0711800682723011e-17,-7.3319662867128295e-19,-9.978604054051727e-18,-4.548568225871421e-17,4.449667308430062e-17,No,0,SW
1993.3333333333335,1.531487359903626e-18,-6.972329422438469e-19,-8.342544176597791e-19,-4.548568225871421e-17,4.449667308430062e-17,No,0,SW
1993.4166666666667,3.981116305806436e-18,-6.583413597574872e-19,-3.3227749460489488e-18,-4.548568225871421e-17,4.449667308430062e-17,No,0,SW
1993.5,1.761397369367512e-18,-6.194497772711274e-19,-1.1419475920963845e-18,-4.548568225871421e-17,4.449667308430062e-17,No,0,SW
1993.5833333333335,-1.3681200412485361e-17,-5.805581947847677e-19,1.4261758607270127e-17,-4.548568225871421e-17,4.449667308430062e-17,No,-1.5407439555097887e-33,SW
1993.6666666666667,-1.7666174656492196e-17,-5.41666612298408e-19,1.8207841268790603e-17,-4.548568225871421e-17,4.449667308430062e-17,No,0,SW
1993.75,-1.1590283343811573e-17,-5.027750298120483e-19,1.2093058373623622e-17,-4.548568225871421e-17,4.449667308430062e-17,No,0,SW
1993.8333333333335,1.1345267246107719e-17,-4.638834473256886e-19,-1.088138379878203e-17,-4.548568225871421e-17,4.449667308430062e-17,No,0,SW
1993.9166666666667,4.4799430388497126e-18,-4.249918648393289e-19,-4.054951174010384e-18,-4.548568225871421e-17,4.449667308430062e-17,No,0,SW
1994,6.956562134306001e-18,-3.8610028235296917e-19,-6.570461851953032e-18,-4.548568225871421e-17,4.449667308430062e-17,No,0,SW
1994.0833333333335,-2.208361224512553e-19,-3.4720869986660944e-19,5.680448223178648e-19,-4.548568225871421e-17,4.449667308430062e-17,No,0,SW
1994.1666666666667,2.3909194422001783e-18,-3.0831711738024975e-19,-2.0826023248199286e-18,-4.548568225871421e-17,4.449667308430062e-17,No,0,SW
1994.25,1.0711800682723011e-17,-2.6942553489389e-19,-1.0442375147829122e-17,-4.548568225871421e-17,4.449667308430062e-17,No,0,SW
1994.3333333333335,1.531487359903626e-18,-2.305339524075303e-19,-1.3009534074960957e-18,-4.548568225871421e-17,4.449667308430062e-17,No,0,SW
1994.4166666666667,3.981116305806436e-18,-1.916423699211706e-19,3,-4.548568225871421e-17,4.449667308430062e-17,No,3,SW
1994.5,1.761397369367512e-18,-1.5275078743481088e-19,-1.608646581932701e-18,-4.548568225871421e-17,4.449667308430062e-17,No,0,SW
1994.5833333333335,-1.3681200412485361e-17,-1.4675674003854297e-19,1.3827957152523903e-17,-4.548568225871421e-17,4.449667308430062e-17,No,0,SW
1994.6666666666667,-1.7666174656492196e-17,-1.4076269264227505e-19,1.7806937349134472e-17,-4.548568225871421e-17,4.449667308430062e-17,No,0,SW
1994.75,-1.1590283343811573e-17,-1.3476864524600716e-19,1.172505198905758e-17,-4.548568225871421e-17,4.449667308430062e-17,No,0,SW
1994.8333333333335,1.1345267246107719e-17,-1.2877459784973925e-19,-1.121649264825798e-17,-4.548568225871421e-17,4.449667308430062e-17,No,0,SW
1994.9166666666667,4.4799430388497126e-18,-1.2278055045347134e-19,13,-4.548568225871421e-17,4.449667308430062e-17,No,13,SW
1995,6.956562134306001e-18,-1.1678650305720342e-19,-6.839775631248798e-18,-4.548568225871421e-17,4.449667308430062e-17,No,0,SW
1995.0833333333335,-2.208361224512553e-19,-1.107924556609355e-19,1,-4.548568225871421e-17,4.449667308430062e-17,No,1,SW
1995.1666666666667,2.3909194422001783e-18,-1.0479840826466761e-19,-2.2861210339355106e-18,-4.548568225871421e-17,4.449667308430062e-17,No,0,SW
1995.25,1.0711800682723011e-17,-9.88043608683997e-20,6,-4.548568225871421e-17,4.449667308430062e-17,Yes,6,SW
1995.3333333333335,1.531487359903626e-18,-9.281031347213179e-20,-1.4386770464314943e-18,-4.548568225871421e-17,4.449667308430062e-17,No,0,SW
1995.4166666666667,3.981116305806436e-18,-8.681626607586388e-20,-3.894300039730572e-18,-4.548568225871421e-17,4.449667308430062e-17,No,0,SW
1995.5,1.761397369367512e-18,-8.082221867959597e-20,6,-4.548568225871421e-17,4.449667308430062e-17,No,6,SW
1995.5833333333335,-1.3681200412485361e-17,-7.482817128332806e-20,8,-4.548568225871421e-17,4.449667308430062e-17,No,8,SW
1995.6666666666667,-1.7666174656492196e-17,-6.883412388706015e-20,1.7735008780379257e-17,-4.548568225871421e-17,4.449667308430062e-17,No,0,SW
1995.75,-1.1590283343811573e-17,-8.20054168340728e-20,4,-4.548568225871421e-17,4.449667308430062e-17,Yes,4,SW
1995.8333333333335,1.1345267246107719e-17,-9.517670978108543e-20,12,-4.548568225871421e-17,4.449667308430062e-17,No,12,SW
1995.9166666666667,4.4799430388497126e-18,-1.0834800272809807e-19,9,-4.548568225871421e-17,4.449667308430062e-17,No,9,SW
1996,6.956562134306001e-18,-1.2151929567511072e-19,3,-4.548568225871421e-17,4.449667308430062e-17,No,3,SW
1996.0833333333335,-2.208361224512553e-19,-1.3469058862212335e-19,3.555267110733787e-19,-4.548568225871421e-17,4.449667308430062e-17,No,0,SW
1996.1666666666667,2.3909194422001783e-18,-1.4786188156913598e-19,-2.243057560631042e-18,-4.548568225871421e-17,4.449667308430062e-17,No,0,SW
1996.25,1.0711800682723011e-17,-1.6103317451614864e-19,-1.0550767508206863e-17,-4.548568225871421e-17,4.449667308430062e-17,No,0,SW
1996.3333333333335,1.531487359903626e-18,-1.7420446746316127e-19,-1.3572828924404647e-18,-4.548568225871421e-17,4.449667308430062e-17,No,0,SW
1996.4166666666667,3.981116305806436e-18,-1.873757604101739e-19,1,-4.548568225871421e-17,4.449667308430062e-17,No,1,SW
1996.5,1.761397369367512e-18,-2.0054705335718656e-19,8,-4.548568225871421e-17,4.449667308430062e-17,No,8,SW
1996.5833333333335,-1.3681200412485361e-17,-2.137183463041992e-19,1.389491875878956e-17,-4.548568225871421e-17,4.449667308430062e-17,No,0,SW
1996.6666666666667,-1.7666174656492196e-17,-2.2688963925121183e-19,1.7893064295743406e-17,-4.548568225871421e-17,4.449667308430062e-17,No,0,SW
1996.75,-1.1590283343811573e-17,-2.400609321982245e-19,1.1830344276009798e-17,-4.548568225871421e-17,4.449667308430062e-17,No,0,SW
1996.8333333333335,1.1345267246107719e-17,-2.532322251452371e-19,-1.1092035020962482e-17,-4.548568225871421e-17,4.449667308430062e-17,No,0,SW
1996.9166666666667,4.4799430388497126e-18,-2.7308663013856044e-19,-4.2068564087111525e-18,-4.548568225871421e-17,4.449667308430062e-17,No,0,SW
1997,6.956562134306001e-18,-2.929410351318838e-19,-6.663621099174117e-18,-4.548568225871421e-17,4.449667308430062e-17,No,0,SW
1997.0833333333335,-2.208361224512553e-19,-3.1279544012520713e-19,13,-4.548568225871421e-17,4.449667308430062e-17,No,13,SW
1997.1666666666667,2.3909194422001783e-18,-3.3264984511853047e-19,4,-4.548568225871421e-17,4.449667308430062e-17,No,4,SW
1997.25,1.0711800682723011e-17,-3.525042501118538e-19,5,-4.548568225871421e-17,4.449667308430062e-17,No,5,SW
1997.3333333333335,1.531487359903626e-18,-3.7235865510517717e-19,8,-4.548568225871421e-17,4.449667308430062e-17,No,8,SW
1997.4166666666667,3.981116305806436e-18,-3.922130600985005e-19,10,-4.548568225871421e-17,4.449667308430062e-17,No,10,SW
1997.5,1.761397369367512e-18,-4.120674650918239e-19,6,-4.548568225871421e-17,4.449667308430062e-17,No,6,SW
1997.5833333333335,-1.3681200412485361e-17,-4.3192187008514725e-19,1.4113122282570507e-17,-4.548568225871421e-17,4.449667308430062e-17,No,-1.5407439555097887e-33,SW
1997.6666666666667,-1.7666174656492196e-17,-4.517762750784706e-19,2,-4.548568225871421e-17,4.449667308430062e-17,No,2,SW
1997.75,-1.1590283343811573e-17,-4.716306800717939e-19,5,-4.548568225871421e-17,4.449667308430062e-17,No,5,SW
1997.8333333333335,1.1345267246107719e-17,-4.914850850651173e-19,-1.0853782161042602e-17,-4.548568225871421e-17,4.449667308430062e-17,No,0,SW
1997.9166666666667,4.4799430388497126e-18,-5.113394900584406e-19,-3.9686035487912716e-18,-4.548568225871421e-17,4.449667308430062e-17,No,7.703719777548943e-34,SW
1998,6.956562134306001e-18,-5.31193895051764e-19,-6.425368239254237e-18,-4.548568225871421e-17,4.449667308430062e-17,No,0,SW
1998.0833333333335,-2.208361224512553e-19,-5.64838070159647e-19,12,-4.548568225871421e-17,4.449667308430062e-17,No,12,SW
1998.1666666666667,2.3909194422001783e-18,-5.984822452675299e-19,18,-4.548568225871421e-17,4.449667308430062e-17,Yes,18,SW
1998.25,1.0711800682723011e-17,-6.3212642037541285e-19,2,-4.548568225871421e-17,4.449667308430062e-17,No,2,SW
1998.3333333333335,1.531487359903626e-18,-6.657705954832957e-19,-8.657167644203302e-19,-4.548568225871421e-17,4.449667308430062e-17,No,0,SW
1998.4166666666667,3.981116305806436e-18,-6.994147705911787e-19,-3.2817015352152574e-18,-4.548568225871421e-17,4.449667308430062e-17,No,0,SW
1998.5,1.761397369367512e-18,-7.330589456990616e-19,-1.0283384236684505e-18,-4.548568225871421e-17,4.449667308430062e-17,No,0,SW
1998.5833333333335,-1.3681200412485361e-17,-7.667031208069446e-19,1.4447903533292305e-17,-4.548568225871421e-17,4.449667308430062e-17,No,0,SW
1998.6666666666667,-1.7666174656492196e-17,-8.003472959148275e-19,1.8466521952407024e-17,-4.548568225871421e-17,4.449667308430062e-17,No,0,SW
1998.75,-1.1590283343811573e-17,-8.339914710227105e-19,1.2424274814834283e-17,-4.548568225871421e-17,4.449667308430062e-17,No,0,SW
1998.8333333333335,1.1345267246107719e-17,-8.676356461305935e-19,-1.0477631599977125e-17,-4.548568225871421e-17,4.449667308430062e-17,No,0,SW
1998.9166666666667,4.4799430388497126e-18,-9.012798212384764e-19,-3.578663217611236e-18,-4.548568225871421e-17,4.449667308430062e-17,No,0,SW
1999,6.956562134306001e-18,-9.349239963463593e-19,-6.0216381379596416e-18,-4.548568225871421e-17,4.449667308430062e-17,No,0,SW
1999.0833333333335,-2.208361224512553e-19,-9.685681714542424e-19,1.1894042939054976e-18,-4.548568225871421e-17,4.449667308430062e-17,No,-9.62964972193618e-35,SW
1999.1666666666667,2.3909194422001783e-18,-1.0022123465621253e-18,-1.388707095638053e-18,-4.548568225871421e-17,4.449667308430062e-17,No,0,SW
1999.25,1.0711800682723011e-17,-1.0446720961417438e-18,-9.667128586581268e-18,-4.548568225871421e-17,4.449667308430062e-17,No,0,SW
1999.3333333333335,1.531487359903626e-18,-1.0871318457213622e-18,1,-4.548568225871421e-17,4.449667308430062e-17,No,1,SW
1999.4166666666667,3.981116305806436e-18,-1.1295915953009808e-18,-2.851524710505455e-18,-4.548568225871421e-17,4.449667308430062e-17,No,0,SW
1999.5,1.761397369367512e-18,-1.1720513448805994e-18,-5.893460244869126e-19,-4.548568225871421e-17,4.449667308430062e-17,No,0,SW
1999.5833333333335,-1.3681200412485361e-17,-1.2145110944602178e-18,3,-4.548568225871421e-17,4.449667308430062e-17,No,3,SW
1999.6666666666667,-1.7666174656492196e-17,-1.2569708440398363e-18,1,-4.548568225871421e-17,4.449667308430062e-17,No,1,SW
1999.75,-1.1590283343811573e-17,-1.299430593619455e-18,1.2889713937431028e-17,-4.548568225871421e-17,4.449667308430062e-17,No,0,SW
1999.8333333333335,1.1345267246107719e-17,-1.3418903431990733e-18,-1.0003376902908646e-17,-4.548568225871421e-17,4.449667308430062e-17,No,0,SW
1999.9166666666667,4.4799430388497126e-18,-1.3843500927786919e-18,-3.0955929460710205e-18,-4.548568225871421e-17,4.449667308430062e-17,No,0,SW
2000,6.956562134306001e-18,-1.4268098423583105e-18,-5.5297522919476904e-18,-4.548568225871421e-17,4.449667308430062e-17,No,0,SW
2000.0833333333335,-2.208361224512553e-19,-1.4692695919379288e-18,1.6901057143891842e-18,-4.548568225871421e-17,4.449667308430062e-17,No,9.62964972193618e-35,SW
2000.1666666666667,2.3909194422001783e-18,-1.5117293415175474e-18,6,-4.548568225871421e-17,4.449667308430062e-17,No,6,SW
2000.25,1.0711800682723011e-17,-1.554189091097166e-18,-9.157611591625845e-18,-4.548568225871421e-17,4.449667308430062e-17,No,0,SW
2000.3333333333335,1.531487359903626e-18,-1.5966488406767844e-18,1,-4.548568225871421e-17,4.449667308430062e-17,No,1,SW
2000.4166666666667,3.981116305806436e-18,-1.6249694616745013e-18,10,-4.548568225871421e-17,4.449667308430062e-17,No,10,SW
2000.5,1.761397369367512e-18,-1.6532900826722182e-18,1,-4.548568225871421e-17,4.449667308430062e-17,No,1,SW
2000.5833333333335,-1.3681200412485361e-17,-1.6816107036699351e-18,2,-4.548568225871421e-17,4.449667308430062e-17,No,2,SW
2000.6666666666667,-1.7666174656492196e-17,-1.7099313246676522e-18,1.9376105981159847e-17,-4.548568225871421e-17,4.449667308430062e-17,No,0,SW
2000.75,-1.1590283343811573e-17,-1.738251945665369e-18,1.3328535289476941e-17,-4.548568225871421e-17,4.449667308430062e-17,No,-1.5407439555097887e-33,SW
2000.8333333333335,1.1345267246107719e-17,-1.766572566663086e-18,-9.578694679444634e-18,-4.548568225871421e-17,4.449667308430062e-17,No,0,SW
2000.9166666666667,4.4799430388497126e-18,-1.794893187660803e-18,-2.6850498511889097e-18,-4.548568225871421e-17,4.449667308430062e-17,No,0,SW
2001,6.956562134306001e-18,-1.82321380865852e-18,-5.133348325647481e-18,-4.548568225871421e-17,4.449667308430062e-17,No,0,SW
2001.0833333333335,-2.208361224512553e-19,-1.8515344296562368e-18,2.072370552107492e-18,-4.548568225871421e-17,4.449667308430062e-17,No,9.62964972193618e-35,SW
2001.1666666666667,2.3909194422001783e-18,-1.879855050653954e-18,-5.110643915462244e-19,-4.548568225871421e-17,4.449667308430062e-17,No,0,SW
2001.25,1.0711800682723011e-17,-1.9081756716516706e-18,-8.803625011071341e-18,-4.548568225871421e-17,4.449667308430062e-17,No,0,SW
2001.3333333333335,1.531487359903626e-18,-1.9364962926493877e-18,4.0500893274576175e-19,-4.548568225871421e-17,4.449667308430062e-17,No,0,SW
2001.4166666666667,3.981116305806436e-18,-1.964816913647105e-18,-2.0162993921593312e-18,-4.548568225871421e-17,4.449667308430062e-17,No,0,SW
2001.5,1.761397369367512e-18,-1.9931375346448215e-18,2.3174016527730953e-19,-4.548568225871421e-17,4.449667308430062e-17,No,0,SW
2001.5833333333335,-1.3681200412485361e-17,-2.0051391866730275e-18,1.568633959915839e-17,-4.548568225871421e-17,4.449667308430062e-17,No,1.5407439555097887e-33,SW
2001.6666666666667,-1.7666174656492196e-17,-2.0171408387012335e-18,2,-4.548568225871421e-17,4.449667308430062e-17,No,2,SW
2001.75,-1.1590283343811573e-17,-2.0291424907294394e-18,1.3619425834541013e-17,-4.548568225871421e-17,4.449667308430062e-17,No,1.5407439555097887e-33,SW
2001.8333333333335,1.1345267246107719e-17,-2.0411441427576454e-18,-9.304123103350073e-18,-4.548568225871421e-17,4.449667308430062e-17,No,0,SW
2001.9166666666667,4.4799430388497126e-18,-2.0531457947858514e-18,-2.4267972440638612e-18,-4.548568225871421e-17,4.449667308430062e-17,No,0,SW
2002,6.956562134306001e-18,-2.0651474468140573e-18,15,-4.548568225871421e-17,4.449667308430062e-17,Yes,15,SW
2002.0833333333335,-2.208361224512553e-19,-2.0771490988422633e-18,7,-4.548568225871421e-17,4.449667308430062e-17,Yes,7,SW
2002.1666666666667,2.3909194422001783e-18,-2.0891507508704693e-18,12,-4.548568225871421e-17,4.449667308430062e-17,No,12,SW
2002.25,1.0711800682723011e-17,-2.1011524028986753e-18,-8.610648279824336e-18,-4.548568225871421e-17,4.449667308430062e-17,No,0,SW
2002.3333333333335,1.531487359903626e-18,-2.1131540549268812e-18,5.816666950232553e-19,-4.548568225871421e-17,4.449667308430062e-17,No,0,SW
2002.4166666666667,3.981116305806436e-18,-2.1251557069550872e-18,-1.855960598851349e-18,-4.548568225871421e-17,4.449667308430062e-17,No,0,SW
2002.5,1.761397369367512e-18,-2.137157358983293e-18,3.7575998961578117e-19,-4.548568225871421e-17,4.449667308430062e-17,No,0,SW
2002.5833333333335,-1.3681200412485361e-17,-2.149159011011499e-18,1.583035942349686e-17,-4.548568225871421e-17,4.449667308430062e-17,No,0,SW
2002.6666666666667,-1.7666174656492196e-17,-2.161160663039705e-18,4,-4.548568225871421e-17,4.449667308430062e-17,No,4,SW
2002.75,-1.1590283343811573e-17,-2.1549707739592623e-18,3,-4.548568225871421e-17,4.449667308430062e-17,No,3,SW
2002.8333333333335,1.1345267246107719e-17,-2.14878088487882e-18,-9.196486361228899e-18,-4.548568225871421e-17,4.449667308430062e-17,No,0,SW
2002.9166666666667,4.4799430388497126e-18,-2.1425909957983776e-18,-2.337352043051335e-18,-4.548568225871421e-17,4.449667308430062e-17,No,0,SW
2003,6.956562134306001e-18,-2.136401106717935e-18,-4.820161027588066e-18,-4.548568225871421e-17,4.449667308430062e-17,No,0,SW
2003.0833333333335,-2.208361224512553e-19,-2.130211217637492e-18,2.3510473400887475e-18,-4.548568225871421e-17,4.449667308430062e-17,No,9.62964972193618e-35,SW
2003.1666666666667,2.3909194422001783e-18,-2.1240213285570497e-18,-2.668981136431286e-19,-4.548568225871421e-17,4.449667308430062e-17,No,0,SW
2003.25,1.0711800682723011e-17,-2.1178314394766073e-18,-8.593969243246404e-18,-4.548568225871421e-17,4.449667308430062e-17,No,0,SW
2003.3333333333335,1.531487359903626e-18,-2.1116415503961645e-18,5.801541904925386e-19,-4.548568225871421e-17,4.449667308430062e-17,No,0,SW
2003.4166666666667,3.981116305806436e-18,-2.1054516613157218e-18,-1.8756646444907143e-18,-4.548568225871421e-17,4.449667308430062e-17,No,0,SW
2003.5,1.761397369367512e-18,-2.0992617722352794e-18,1,-4.548568225871421e-17,4.449667308430062e-17,No,1,SW
2003.5833333333335,-1.3681200412485361e-17,-2.093071883154837e-18,13,-4.548568225871421e-17,4.449667308430062e-17,No,13,SW
2003.6666666666667,-1.7666174656492196e-17,-2.0868819940743942e-18,6,-4.548568225871421e-17,4.449667308430062e-17,No,6,SW
2003.75,-1.1590283343811573e-17,-2.0806921049939515e-18,1.3670975448805524e-17,-4.548568225871421e-17,4.449667308430062e-17,No,0,SW
2003.8333333333335,1.1345267246107719e-17,-2.074502215913509e-18,-9.27076503019421e-18,-4.548568225871421e-17,4.449667308430062e-17,No,0,SW
2003.9166666666667,4.4799430388497126e-18,-2.046903938898688e-18,-2.4330390999510247e-18,-4.548568225871421e-17,4.449667308430062e-17,No,0,SW
2004,6.956562134306001e-18,-2.0193056618838667e-18,-4.937256472422134e-18,-4.548568225871421e-17,4.449667308430062e-17,No,0,SW
2004.0833333333335,-2.208361224512553e-19,-1.9917073848690455e-18,2.212543507320301e-18,-4.548568225871421e-17,4.449667308430062e-17,No,9.62964972193618e-35,SW
2004.1666666666667,2.3909194422001783e-18,-1.9641091078542247e-18,-4.2681033434595354e-19,-4.548568225871421e-17,4.449667308430062e-17,No,0,SW
2004.25,1.0711800682723011e-17,-1.9365108308394035e-18,-8.775289851883607e-18,-4.548568225871421e-17,4.449667308430062e-17,No,0,SW
2004.3333333333335,1.531487359903626e-18,-1.9089125538245824e-18,3.774251939209564e-19,-4.548568225871421e-17,4.449667308430062e-17,No,0,SW
2004.4166666666667,3.981116305806436e-18,-1.881314276809761e-18,3,-4.548568225871421e-17,4.449667308430062e-17,No,3,SW
2004.5,1.761397369367512e-18,-1.85371599979494e-18,9.231863042742797e-20,-4.548568225871421e-17,4.449667308430062e-17,No,0,SW
2004.5833333333335,-1.3681200412485361e-17,-1.8261177227801188e-18,11,-4.548568225871421e-17,4.449667308430062e-17,No,11,SW
2004.6666666666667,-1.7666174656492196e-17,-1.7985194457652976e-18,1.9464694102257495e-17,-4.548568225871421e-17,4.449667308430062e-17,No,0,SW
2004.75,-1.1590283343811573e-17,-1.7709211687504768e-18,1.336120451256205e-17,-4.548568225871421e-17,4.449667308430062e-17,No,0,SW
2004.8333333333335,1.1345267246107719e-17,-1.7433228917356556e-18,-9.601944354372063e-18,-4.548568225871421e-17,4.449667308430062e-17,No,0,SW
2004.9166666666667,4.4799430388497126e-18,-1.7157246147208344e-18,-2.764218424128878e-18,-4.548568225871421e-17,4.449667308430062e-17,No,0,SW
2005,6.956562134306001e-18,-1.6881263377060132e-18,-5.268435796599988e-18,-4.548568225871421e-17,4.449667308430062e-17,No,0,SW
2005.0833333333335,-2.208361224512553e-19,-1.6516960079452894e-18,1.872532130396545e-18,-4.548568225871421e-17,4.449667308430062e-17,No,9.62964972193618e-35,SW
2005.1666666666667,2.3909194422001783e-18,-1.6152656781845656e-18,-7.756537640156126e-19,-4.548568225871421e-17,4.449667308430062e-17,No,0,SW
2005.25,1.0711800682723011e-17,-1.5788353484238418e-18,-9.132965334299169e-18,-4.548568225871421e-17,4.449667308430062e-17,No,0,SW
2005.3333333333335,1.531487359903626e-18,-1.542405018663118e-18,1.0917658759492086e-20,-4.548568225871421e-17,4.449667308430062e-17,No,0,SW
2005.4166666666667,3.981116305806436e-18,-1.5059746889023942e-18,11,-4.548568225871421e-17,4.449667308430062e-17,No,11,SW
2005.5,1.761397369367512e-18,-1.4695443591416705e-18,11,-4.548568225871421e-17,4.449667308430062e-17,No,11,SW
2005.5833333333335,-1.3681200412485361e-17,-1.4331140293809467e-18,6,-4.548568225871421e-17,4.449667308430062e-17,No,6,SW
2005.6666666666667,-1.7666174656492196e-17,-1.3966836996202229e-18,1.9062858356112418e-17,-4.548568225871421e-17,4.449667308430062e-17,No,0,SW
2005.75,-1.1590283343811573e-17,-1.360253369859499e-18,1,-4.548568225871421e-17,4.449667308430062e-17,No,1,SW
2005.8333333333335,1.1345267246107719e-17,-1.3238230400987753e-18,2,-4.548568225871421e-17,4.449667308430062e-17,No,2,SW
2005.9166666666667,4.4799430388497126e-18,-1.2873927103380515e-18,-3.192550328511661e-18,-4.548568225871421e-17,4.449667308430062e-17,No,0,SW
2006,6.956562134306001e-18,-1.2509623805773277e-18,-5.705599753728673e-18,-4.548568225871421e-17,4.449667308430062e-17,No,0,SW
2006.0833333333335,-2.208361224512553e-19,-1.2145320508166039e-18,1.4353681732678593e-18,-4.548568225871421e-17,4.449667308430062e-17,No,9.62964972193618e-35,SW
2006.1666666666667,2.3909194422001783e-18,-1.17810172105588e-18,2,-4.548568225871421e-17,4.449667308430062e-17,No,2,SW
2006.25,1.0711800682723011e-17,-1.1397707123441237e-18,-9.572029970378888e-18,-4.548568225871421e-17,4.449667308430062e-17,No,-1.5407439555097887e-33,SW
2006.3333333333335,1.531487359903626e-18,-1.1014397036323672e-18,1,-4.548568225871421e-17,4.449667308430062e-17,No,1,SW
2006.4166666666667,3.981116305806436e-18,-1.0631086949206108e-18,14,-4.548568225871421e-17,4.449667308430062e-17,Yes,14,SW
2006.5,1.761397369367512e-18,-1.0247776862088544e-18,10,-4.548568225871421e-17,4.449667308430062e-17,No,10,SW
2006.5833333333335,-1.3681200412485361e-17,-9.86446677497098e-19,1,-4.548568225871421e-17,4.449667308430062e-17,No,1,SW
2006.6666666666667,-1.7666174656492196e-17,-9.481156687853417e-19,6,-4.548568225871421e-17,4.449667308430062e-17,No,6,SW
2006.75,-1.1590283343811573e-17,-9.097846600735853e-19,15,-4.548568225871421e-17,4.449667308430062e-17,No,15,SW
2006.8333333333335,1.1345267246107719e-17,-8.714536513618289e-19,1,-4.548568225871421e-17,4.449667308430062e-17,No,1,SW
2006.9166666666667,4.4799430388497126e-18,-8.331226426500725e-19,2,-4.548568225871421e-17,4.449667308430062e-17,No,2,SW
2007,6.956562134306001e-18,-7.94791633938316e-19,1,-4.548568225871421e-17,4.449667308430062e-17,No,1,SW
2007.0833333333335,-2.208361224512553e-19,-7.564606252265596e-19,9.772967476778148e-19,-4.548568225871421e-17,4.449667308430062e-17,No,-9.62964972193618e-35,SW
2007.1666666666667,2.3909194422001783e-18,-7.181296165148032e-19,-1.672789825685375e-18,-4.548568225871421e-17,4.449667308430062e-17,No,0,SW
2007.25,1.0711800682723011e-17,-6.7979860780304675e-19,-1.0032002074919964e-17,-4.548568225871421e-17,4.449667308430062e-17,No,0,SW
2007.3333333333335,1.531487359903626e-18,-6.414675990912904e-19,-8.900197608123354e-19,-4.548568225871421e-17,4.449667308430062e-17,No,0,SW
2007.4166666666667,3.981116305806436e-18,-6.302776155895477e-19,-3.3508386902168884e-18,-4.548568225871421e-17,4.449667308430062e-17,No,0,SW
2007.5,1.761397369367512e-18,-6.19087632087805e-19,4,-4.548568225871421e-17,4.449667308430062e-17,No,4,SW
2007.5833333333335,-1.3681200412485361e-17,-6.078976485860622e-19,1.4289098061071423e-17,-4.548568225871421e-17,4.449667308430062e-17,No,0,SW
2007.6666666666667,-1.7666174656492196e-17,-5.967076650843196e-19,1.8262882321576515e-17,-4.548568225871421e-17,4.449667308430062e-17,No,0,SW
2007.75,-1.1590283343811573e-17,-5.855176815825768e-19,1,-4.548568225871421e-17,4.449667308430062e-17,No,1,SW
2007.8333333333335,1.1345267246107719e-17,-5.743276980808341e-19,3,-4.548568225871421e-17,4.449667308430062e-17,No,3,SW
2007.9166666666667,4.4799430388497126e-18,-5.631377145790914e-19,8,-4.548568225871421e-17,4.449667308430062e-17,No,8,SW
2008,6.956562134306001e-18,-5.519477310773486e-19,5,-4.548568225871421e-17,4.449667308430062e-17,No,5,SW
2008.0833333333335,-2.208361224512553e-19,-5.407577475756059e-19,23,-4.548568225871421e-17,4.449667308430062e-17,Yes,23,SW
2008.1666666666667,2.3909194422001783e-18,-5.295677640738632e-19,-1.861351678126315e-18,-4.548568225871421e-17,4.449667308430062e-17,No,0,SW
2008.25,1.0711800682723011e-17,-5.183777805721205e-19,-1.019342290215089e-17,-4.548568225871421e-17,4.449667308430062e-17,No,0,SW
2008.3333333333335,1.531487359903626e-18,-5.071877970703777e-19,-1.0242995628332482e-18,-4.548568225871421e-17,4.449667308430062e-17,No,0,SW
2008.4166666666667,3.981116305806436e-18,-4.95997813568635e-19,-3.485118492237801e-18,-4.548568225871421e-17,4.449667308430062e-17,No,0,SW
2008.5,1.761397369367512e-18,-4.848078300668923e-19,-1.2765895393006196e-18,-4.548568225871421e-17,4.449667308430062e-17,No,0,SW
2008.5833333333335,-1.3681200412485361e-17,-5.042213766011146e-19,1.4185421789086475e-17,-4.548568225871421e-17,4.449667308430062e-17,No,0,SW
2008.6666666666667,-1.7666174656492196e-17,-5.236349231353369e-19,1.8189809579627533e-17,-4.548568225871421e-17,4.449667308430062e-17,No,0,SW
2008.75,-1.1590283343811573e-17,-5.430484696695592e-19,1.2133331813481133e-17,-4.548568225871421e-17,4.449667308430062e-17,No,0,SW
2008.8333333333335,1.1345267246107719e-17,-5.624620162037815e-19,-1.0782805229903937e-17,-4.548568225871421e-17,4.449667308430062e-17,No,0,SW
2008.9166666666667,4.4799430388497126e-18,-5.818755627380038e-19,-3.8980674761117084e-18,-4.548568225871421e-17,4.449667308430062e-17,No,7.703719777548943e-34,SW
2009,6.956562134306001e-18,-6.01289109272226e-19,-6.355273025033775e-18,-4.548568225871421e-17,4.449667308430062e-17,No,0,SW
2009.0833333333335,-2.208361224512553e-19,-6.207026558064484e-19,8.415387782577037e-19,-4.548568225871421e-17,4.449667308430062e-17,No,0,SW
2009.1666666666667,2.3909194422001783e-18,-6.401162023406707e-19,-1.7508032398595077e-18,-4.548568225871421e-17,4.449667308430062e-17,No,0,SW
2009.25,1.0711800682723011e-17,-6.59529748874893e-19,-1.0052270933848119e-17,-4.548568225871421e-17,4.449667308430062e-17,No,0,SW
2009.3333333333335,1.531487359903626e-18,-6.789432954091152e-19,-8.525440644945107e-19,-4.548568225871421e-17,4.449667308430062e-17,No,0,SW
2009.4166666666667,3.981116305806436e-18,-6.983568419433375e-19,12,-4.548568225871421e-17,4.449667308430062e-17,No,12,SW
2009.5,1.761397369367512e-18,-7.177703884775599e-19,2,-4.548568225871421e-17,4.449667308430062e-17,No,2,SW
2009.5833333333335,-1.3681200412485361e-17,-7.371839350117822e-19,1.4418384347497144e-17,-4.548568225871421e-17,4.449667308430062e-17,No,1.5407439555097887e-33,SW
2009.6666666666667,-1.7666174656492196e-17,-7.565974815460044e-19,1.8422772138038202e-17,-4.548568225871421e-17,4.449667308430062e-17,No,0,SW
2009.75,-1.1590283343811573e-17,-8.076270116074758e-19,11,-4.548568225871421e-17,4.449667308430062e-17,No,11,SW
2009.8333333333335,1.1345267246107719e-17,-8.586565416689471e-19,3,-4.548568225871421e-17,4.449667308430062e-17,No,3,SW
2009.9166666666667,4.4799430388497126e-18,-9.096860717304185e-19,-3.570256967119294e-18,-4.548568225871421e-17,4.449667308430062e-17,No,0,SW
2010,6.956562134306001e-18,-9.607156017918898e-19,-5.9958465325141114e-18,-4.548568225871421e-17,4.449667308430062e-17,No,0,SW
2010.0833333333335,-2.208361224512553e-19,-1.0117451318533613e-18,2,-4.548568225871421e-17,4.449667308430062e-17,No,2,SW
2010.1666666666667,2.3909194422001783e-18,-1.0627746619148326e-18,2,-4.548568225871421e-17,4.449667308430062e-17,No,2,SW
2010.25,1.0711800682723011e-17,-1.113804191976304e-18,17,-4.548568225871421e-17,4.449667308430062e-17,Yes,17,SW
2010.3333333333335,1.531487359903626e-18,-1.1648337220377754e-18,6,-4.548568225871421e-17,4.449667308430062e-17,No,6,SW
2010.4166666666667,3.981116305806436e-18,-1.2158632520992467e-18,-2.7652530537071893e-18,-4.548568225871421e-17,4.449667308430062e-17,No,0,SW
2010.5,1.761397369367512e-18,-1.266892782160718e-18,-4.94504587206794e-19,-4.548568225871421e-17,4.449667308430062e-17,No,0,SW
2010.5833333333335,-1.3681200412485361e-17,-1.3179223122221895e-18,1.499912272470755e-17,-4.548568225871421e-17,4.449667308430062e-17,No,0,SW
2010.6666666666667,-1.7666174656492196e-17,-1.3689518422836608e-18,1,-4.548568225871421e-17,4.449667308430062e-17,No,1,SW
2010.75,-1.1590283343811573e-17,-1.4199813723451321e-18,1.3010264716156705e-17,-4.548568225871421e-17,4.449667308430062e-17,No,0,SW
2010.8333333333335,1.1345267246107719e-17,-1.4710109024066036e-18,-9.874256343701116e-18,-4.548568225871421e-17,4.449667308430062e-17,No,0,SW
2010.9166666666667,4.4799430388497126e-18,-1.525403171726381e-18,-2.9545398671233317e-18,-4.548568225871421e-17,4.449667308430062e-17,No,0,SW
2011,6.956562134306001e-18,-1.5797954410461584e-18,11,-4.548568225871421e-17,4.449667308430062e-17,No,11,SW
2011.0833333333335,-2.208361224512553e-19,-1.6341877103659358e-18,4,-4.548568225871421e-17,4.449667308430062e-17,No,4,SW
2011.1666666666667,2.3909194422001783e-18,-1.688579979685713e-18,7,-4.548568225871421e-17,4.449667308430062e-17,No,7,SW
2011.25,1.0711800682723011e-17,-1.7429722490054906e-18,16,-4.548568225871421e-17,4.449667308430062e-17,Yes,16,SW
2011.3333333333335,1.531487359903626e-18,-1.797364518325268e-18,2.658771584216419e-19,-4.548568225871421e-17,4.449667308430062e-17,No,0,SW
2011.4166666666667,3.981116305806436e-18,-1.851756787645045e-18,1,-4.548568225871421e-17,4.449667308430062e-17,No,1,SW
2011.5,1.761397369367512e-18,-1.9061490569648225e-18,1.4475168759731048e-19,-4.548568225871421e-17,4.449667308430062e-17,No,0,SW
2011.5833333333335,-1.3681200412485361e-17,-1.9605413262845998e-18,1.564174173876996e-17,-4.548568225871421e-17,4.449667308430062e-17,No,-1.5407439555097887e-33,SW
2011.6666666666667,-1.7666174656492196e-17,-2.0149335956043775e-18,3,-4.548568225871421e-17,4.449667308430062e-17,No,3,SW
2011.75,-1.1590283343811573e-17,-2.0693258649241548e-18,11,-4.548568225871421e-17,4.449667308430062e-17,No,11,SW
2011.8333333333335,1.1345267246107719e-17,-2.123718134243932e-18,-9.221549111863786e-18,-4.548568225871421e-17,4.449667308430062e-17,No,0,SW
2011.9166666666667,4.4799430388497126e-18,-2.1781104035637094e-18,-2.3018326352860032e-18,-4.548568225871421e-17,4.449667308430062e-17,No,0,SW
2012,6.956562134306001e-18,-2.2325026728834867e-18,-4.724059461422514e-18,-4.548568225871421e-17,4.449667308430062e-17,No,0,SW
2012.0833333333335,-2.208361224512553e-19,-2.2467601085748308e-18,2.467596231026086e-18,-4.548568225871421e-17,4.449667308430062e-17,No,9.62964972193618e-35,SW
2012.1666666666667,2.3909194422001783e-18,-2.2610175442661748e-18,-1.2990189793400346e-19,-4.548568225871421e-17,4.449667308430062e-17,No,0,SW
2012.25,1.0711800682723011e-17,-2.275274979957519e-18,-8.436525702765492e-18,-4.548568225871421e-17,4.449667308430062e-17,No,0,SW
2012.3333333333335,1.531487359903626e-18,-2.2895324156488625e-18,7.580450557452365e-19,-4.548568225871421e-17,4.449667308430062e-17,No,0,SW
2012.4166666666667,3.981116305806436e-18,-2.3037898513402065e-18,-1.6773264544662295e-18,-4.548568225871421e-17,4.449667308430062e-17,No,0,SW
2012.5,1.761397369367512e-18,-2.3180472870315506e-18,5.566499176640386e-19,-4.548568225871421e-17,4.449667308430062e-17,No,0,SW
2012.5833333333335,-1.3681200412485361e-17,-2.3323047227228946e-18,4,-4.548568225871421e-17,4.449667308430062e-17,No,4,SW
2012.6666666666667,-1.7666174656492196e-17,-2.3465621584142387e-18,7,-4.548568225871421e-17,4.449667308430062e-17,No,7,SW
2012.75,-1.1590283343811573e-17,-2.3608195941055827e-18,4,-4.548568225871421e-17,4.449667308430062e-17,No,4,SW
2012.8333333333335,1.1345267246107719e-17,-2.3750770297969268e-18,1,-4.548568225871421e-17,4.449667308430062e-17,No,1,SW
2012.9166666666667,4.4799430388497126e-18,-2.3893344654882704e-18,-2.090608573361442e-18,-4.548568225871421e-17,4.449667308430062e-17,No,0,SW
2013,6.956562134306001e-18,-2.4035919011796145e-18,-4.552970233126387e-18,-4.548568225871421e-17,4.449667308430062e-17,No,0,SW
2013.0833333333335,-2.208361224512553e-19,-2.4178493368709585e-18,2.638685459322214e-18,-4.548568225871421e-17,4.449667308430062e-17,No,9.62964972193618e-35,SW
2013.1666666666667,2.3909194422001783e-18,-2.4321067725623025e-18,4.1187330362124275e-20,-4.548568225871421e-17,4.449667308430062e-17,No,0,SW
2013.25,1.0711800682723011e-17,-2.4150179778771816e-18,-8.296782704845829e-18,-4.548568225871421e-17,4.449667308430062e-17,No,0,SW
2013.3333333333335,1.531487359903626e-18,-2.3979291831920603e-18,8.664418232884344e-19,-4.548568225871421e-17,4.449667308430062e-17,No,0,SW
2013.4166666666667,3.981116305806436e-18,-2.3808403885069394e-18,-1.6002759172994966e-18,-4.548568225871421e-17,4.449667308430062e-17,No,0,SW
2013.5,1.761397369367512e-18,-2.3637515938218185e-18,6,-4.548568225871421e-17,4.449667308430062e-17,No,6,SW
2013.5833333333335,-1.3681200412485361e-17,-2.3466627991366976e-18,2,-4.548568225871421e-17,4.449667308430062e-17,No,2,SW
2013.6666666666667,-1.7666174656492196e-17,-2.3295740044515763e-18,6,-4.548568225871421e-17,4.449667308430062e-17,No,6,SW
2013.75,-1.1590283343811573e-17,-2.3124852097664553e-18,8,-4.548568225871421e-17,4.449667308430062e-17,No,8,SW
2013.8333333333335,1.1345267246107719e-17,-2.2953964150813344e-18,-9.049870831026384e-18,-4.548568225871421e-17,4.449667308430062e-17,No,0,SW
2013.9166666666667,4.4799430388497126e-18,-2.278307620396213e-18,-2.2016354184534995e-18,-4.548568225871421e-17,4.449667308430062e-17,No,0,SW
2014,6.956562134306001e-18,-2.2612188257110922e-18,-4.695343308594909e-18,-4.548568225871421e-17,4.449667308430062e-17,No,0,SW
2014.0833333333335,-2.208361224512553e-19,-2.2441300310259713e-18,2.4649661534772267e-18,-4.548568225871421e-17,4.449667308430062e-17,No,9.62964972193618e-35,SW
2014.1666666666667,2.3909194422001783e-18,-2.2270412363408504e-18,-1.638782058593279e-19,-4.548568225871421e-17,4.449667308430062e-17,No,0,SW
2014.25,1.0711800682723011e-17,-2.209952441655729e-18,-8.501848241067282e-18,-4.548568225871421e-17,4.449667308430062e-17,No,0,SW
2014.3333333333335,1.531487359903626e-18,-2.192863646970608e-18,1,-4.548568225871421e-17,4.449667308430062e-17,No,1,SW
2014.4166666666667,3.981116305806436e-18,-2.1797454766104257e-18,-1.8013708291960103e-18,-4.548568225871421e-17,4.449667308430062e-17,No,0,SW
2014.5,1.761397369367512e-18,-2.166627306250243e-18,4.0522993688273087e-19,-4.548568225871421e-17,4.449667308430062e-17,No,0,SW
2014.5833333333335,-1.3681200412485361e-17,-2.1535091358900604e-18,1,-4.548568225871421e-17,4.449667308430062e-17,No,1,SW
2014.6666666666667,-1.7666174656492196e-17,-2.140390965529878e-18,12,-4.548568225871421e-17,4.449667308430062e-17,No,12,SW
2014.75,-1.1590283343811573e-17,-2.1272727951696955e-18,12,-4.548568225871421e-17,4.449667308430062e-17,No,12,SW
2014.8333333333335,1.1345267246107719e-17,-2.1141546248095127e-18,2,-4.548568225871421e-17,4.449667308430062e-17,No,2,SW
2014.9166666666667,4.4799430388497126e-18,-2.1010364544493303e-18,-2.3789065844003823e-18,-4.548568225871421e-17,4.449667308430062e-17,No,0,SW
2015,6.956562134306001e-18,-2.087918284089148e-18,-4.868643850216853e-18,-4.548568225871421e-17,4.449667308430062e-17,No,0,SW
2015.0833333333335,-2.208361224512553e-19,-2.074800113728965e-18,2.2956362361802204e-18,-4.548568225871421e-17,4.449667308430062e-17,No,9.62964972193618e-35,SW
2015.1666666666667,2.3909194422001783e-18,-2.0616819433687825e-18,-3.292374988313957e-19,-4.548568225871421e-17,4.449667308430062e-17,No,0,SW
2015.25,1.0711800682723011e-17,-2.0485637730086e-18,3,-4.548568225871421e-17,4.449667308430062e-17,No,3,SW
2015.3333333333335,1.531487359903626e-18,-2.0354456026484177e-18,7,-4.548568225871421e-17,4.449667308430062e-17,No,7,SW
2015.4166666666667,3.981116305806436e-18,-2.022327432288235e-18,4,-4.548568225871421e-17,4.449667308430062e-17,No,4,SW
2015.5,1.761397369367512e-18,-2.0092092619280524e-18,3,-4.548568225871421e-17,4.449667308430062e-17,No,3,SW
2015.5833333333335,-1.3681200412485361e-17,-1.970888247497384e-18,5,-4.548568225871421e-17,4.449667308430062e-17,No,5,SW
2015.6666666666667,-1.7666174656492196e-17,-1.9325672330667153e-18,1.959874188955891e-17,-4.548568225871421e-17,4.449667308430062e-17,No,0,SW
2015.75,-1.1590283343811573e-17,-1.8942462186360468e-18,7,-4.548568225871421e-17,4.449667308430062e-17,No,7,SW
2015.8333333333335,1.1345267246107719e-17,-1.8559252042053786e-18,14,-4.548568225871421e-17,4.449667308430062e-17,No,14,SW
2015.9166666666667,4.4799430388497126e-18,-1.81760418977471e-18,12,-4.548568225871421e-17,4.449667308430062e-17,No,12,SW
2016,6.956562134306001e-18,-1.7792831753440416e-18,11,-4.548568225871421e-17,4.449667308430062e-17,No,11,SW
2016.0833333333335,-2.208361224512553e-19,-1.740962160913373e-18,1,-4.548568225871421e-17,4.449667308430062e-17,No,1,SW
2016.1666666666667,2.3909194422001783e-18,-1.7026411464827045e-18,-6.882782957174737e-19,-4.548568225871421e-17,4.449667308430062e-17,No,0,SW
2016.25,1.0711800682723011e-17,-1.6643201320520362e-18,-9.047480550670975e-18,-4.548568225871421e-17,4.449667308430062e-17,No,0,SW
2016.3333333333335,1.531487359903626e-18,-1.6259991176213677e-18,9.45117577177417e-20,-4.548568225871421e-17,4.449667308430062e-17,No,0,SW
2016.4166666666667,3.981116305806436e-18,-1.5876781031906991e-18,2,-4.548568225871421e-17,4.449667308430062e-17,No,2,SW
2016.5,1.761397369367512e-18,-1.5493570887600306e-18,1,-4.548568225871421e-17,4.449667308430062e-17,No,1,SW
2016.5833333333335,-1.3681200412485361e-17,-1.5110360743293623e-18,7,-4.548568225871421e-17,4.449667308430062e-17,No,7,SW
2016.6666666666667,-1.7666174656492196e-17,-1.4727150598986937e-18,1.9138889716390888e-17,-4.548568225871421e-17,4.449667308430062e-17,No,0,SW
2016.75,-1.1590283343811573e-17,-1.4142944066601396e-18,1.3004577750471713e-17,-4.548568225871421e-17,4.449667308430062e-17,No,0,SW
2016.8333333333335,1.1345267246107719e-17,-1.3558737534215855e-18,1,-4.548568225871421e-17,4.449667308430062e-17,No,1,SW
2016.9166666666667,4.4799430388497126e-18,-1.2974531001830314e-18,9,-4.548568225871421e-17,4.449667308430062e-17,No,9,SW
2017,6.956562134306001e-18,-1.2390324469444773e-18,2,-4.548568225871421e-17,4.449667308430062e-17,No,2,SW
2017.0833333333335,-2.208361224512553e-19,-1.1806117937059234e-18,1.4014479161571788e-18,-4.548568225871421e-17,4.449667308430062e-17,No,9.62964972193618e-35,SW
2017.1666666666667,2.3909194422001783e-18,-1.1221911404673693e-18,-1.268728301732809e-18,-4.548568225871421e-17,4.449667308430062e-17,No,0,SW
2017.25,1.0711800682723011e-17,-1.0637704872288152e-18,3,-4.548568225871421e-17,4.449667308430062e-17,No,3,SW
2017.3333333333335,1.531487359903626e-18,-1.005349833990261e-18,13,-4.548568225871421e-17,4.449667308430062e-17,No,13,SW
2017.4166666666667,3.981116305806436e-18,-9.46929180751707e-19,11,-4.548568225871421e-17,4.449667308430062e-17,No,11,SW
2017.5,1.761397369367512e-18,-8.885085275131528e-19,-8.728888418543592e-19,-4.548568225871421e-17,4.449667308430062e-17,No,0,SW
2017.5833333333335,-1.3681200412485361e-17,-8.300878742745988e-19,1,-4.548568225871421e-17,4.449667308430062e-17,No,1,SW
2017.6666666666667,-1.7666174656492196e-17,-7.716672210360447e-19,1.843784187752824e-17,-4.548568225871421e-17,4.449667308430062e-17,No,0,SW
2017.75,-1.1590283343811573e-17,-7.132465677974906e-19,1,-4.548568225871421e-17,4.449667308430062e-17,No,1,SW
2017.8333333333335,1.1345267246107719e-17,-6.548259145589365e-19,3,-4.548568225871421e-17,4.449667308430062e-17,No,3,SW
2017.9166666666667,4.4799430388497126e-18,-6.186896529063388e-19,-3.8612533859433734e-18,-4.548568225871421e-17,4.449667308430062e-17,No,7.703719777548943e-34,SW
2018,6.956562134306001e-18,-5.825533912537412e-19,-6.3740087430522594e-18,-4.548568225871421e-17,4.449667308430062e-17,No,0,SW
2018.0833333333335,-2.208361224512553e-19,-5.464171296011437e-19,7.67253252052399e-19,-4.548568225871421e-17,4.449667308430062e-17,No,0,SW
2018.1666666666667,2.3909194422001783e-18,-5.10280867948546e-19,-1.8806385742516324e-18,-4.548568225871421e-17,4.449667308430062e-17,No,0,SW
2018.25,1.0711800682723011e-17,-4.741446062959483e-19,-1.0237656076427062e-17,-4.548568225871421e-17,4.449667308430062e-17,No,0,SW
2018.3333333333335,1.531487359903626e-18,-4.380083446433507e-19,-1.0934790152602752e-18,-4.548568225871421e-17,4.449667308430062e-17,No,0,SW
2018.4166666666667,3.981116305806436e-18,-4.018720829907531e-19,-3.579244222815683e-18,-4.548568225871421e-17,4.449667308430062e-17,No,0,SW
2018.5,1.761397369367512e-18,-3.6573582133815545e-19,1,-4.548568225871421e-17,4.449667308430062e-17,No,1,SW
2018.5833333333335,-1.3681200412485361e-17,-3.295995596855578e-19,1.401079997217092e-17,-4.548568225871421e-17,4.449667308430062e-17,No,0,SW
2018.6666666666667,-1.7666174656492196e-17,-2.934632980329602e-19,4,-4.548568225871421e-17,4.449667308430062e-17,No,4,SW
2018.75,-1.1590283343811573e-17,-2.5732703638036255e-19,1,-4.548568225871421e-17,4.449667308430062e-17,No,1,SW
2018.8333333333335,1.1345267246107719e-17,-2.211907747277649e-19,-1.1124076471379954e-17,-4.548568225871421e-17,4.449667308430062e-17,No,0,SW
2018.9166666666667,4.4799430388497126e-18,-1.8505451307516728e-19,-4.294888525774545e-18,-4.548568225871421e-17,4.449667308430062e-17,No,0,SW
2019,6.956562134306001e-18,-1.4891825142256962e-19,-6.807643882883431e-18,-4.548568225871421e-17,4.449667308430062e-17,No,0,SW
2019.0833333333335,-2.208361224512553e-19,-1.4389848311299235e-19,3,-4.548568225871421e-17,4.449667308430062e-17,No,3,SW
2019.1666666666667,2.3909194422001783e-18,-1.388787148034151e-19,-2.2520407273967633e-18,-4.548568225871421e-17,4.449667308430062e-17,No,0,SW
2019.25,1.0711800682723011e-17,-1.3385894649383783e-19,-1.0577941736229173e-17,-4.548568225871421e-17,4.449667308430062e-17,No,0,SW
2019.3333333333335,1.531487359903626e-18,-1.2883917818426056e-19,-1.4026481817193654e-18,-4.548568225871421e-17,4.449667308430062e-17,No,0,SW
2019.4166666666667,3.981116305806436e-18,-1.238194098746833e-19,-3.8572968959317524e-18,-4.548568225871421e-17,4.449667308430062e-17,No,0,SW
2019.5,1.761397369367512e-18,-1.1879964156510604e-19,-1.6425977278024059e-18,-4.548568225871421e-17,4.449667308430062e-17,No,0,SW
2019.5833333333335,-1.3681200412485361e-17,-1.1377987325552877e-19,1.379498028574089e-17,-4.548568225871421e-17,4.449667308430062e-17,No,0,SW
2019.6666666666667,-1.7666174656492196e-17,-1.0876010494595152e-19,1.7774934761438148e-17,-4.548568225871421e-17,4.449667308430062e-17,No,0,SW
2019.75,-1.1590283343811573e-17,-1.0374033663637425e-19,1.1694023680447947e-17,-4.548568225871421e-17,4.449667308430062e-17,No,0,SW
2019.8333333333335,1.1345267246107719e-17,-9.872056832679699e-20,-1.1246546677780922e-17,-4.548568225871421e-17,4.449667308430062e-17,No,0,SW
2019.9166666666667,4.4799430388497126e-18,-9.370080001721973e-20,-4.3862422388324925e-18,-4.548568225871421e-17,4.449667308430062e-17,No,0,SW
2020,6.956562134306001e-18,-8.868103170764246e-20,-6.867881102598358e-18,-4.548568225871421e-17,4.449667308430062e-17,No,0,SW
2020.0833333333335,-2.208361224512553e-19,-8.36612633980652e-20,3,-4.548568225871421e-17,4.449667308430062e-17,No,3,SW
2020.1666666666667,2.3909194422001783e-18,-7.864149508848794e-20,-2.3122779471116903e-18,-4.548568225871421e-17,4.449667308430062e-17,No,0,SW
2020.25,1.0711800682723011e-17,-1.9677006379602606e-20,-1.0692123676343408e-17,-4.548568225871421e-17,4.449667308430062e-17,No,0,SW
2020.3333333333335,1.531487359903626e-18,3.9287482329282726e-20,16,-4.548568225871421e-17,4.449667308430062e-17,No,16,SW
2020.4166666666667,3.981116305806436e-18,9.825197103816806e-20,-4.079368276844604e-18,-4.548568225871421e-17,4.449667308430062e-17,No,0,SW
2020.5,1.761397369367512e-18,1.572164597470534e-19,6,-4.548568225871421e-17,4.449667308430062e-17,No,6,SW
2020.5833333333335,-1.3681200412485361e-17,2.1618094845593872e-19,1.3465019464029423e-17,-4.548568225871421e-17,4.449667308430062e-17,No,0,SW
2020.6666666666667,-1.7666174656492196e-17,2.7514543716482405e-19,1.7391029219327372e-17,-4.548568225871421e-17,4.449667308430062e-17,No,0,SW
2020.75,-1.1590283343811573e-17,3.341099258737094e-19,1.1256173417937863e-17,-4.548568225871421e-17,4.449667308430062e-17,No,0,SW
2020.8333333333335,1.1345267246107719e-17,3.930744145825947e-19,1,-4.548568225871421e-17,4.449667308430062e-17,No,1,SW
2020.9166666666667,4.4799430388497126e-18,4.5203890329148e-19,2,-4.548568225871421e-17,4.449667308430062e-17,No,2,SW
2021,6.956562134306001e-18,5.110033920003653e-19,-7.467565526306366e-18,-4.548568225871421e-17,4.449667308430062e-17,No,0,SW
2021.0833333333335,-2.208361224512553e-19,5.699678807092507e-19,-3.491317582579954e-19,-4.548568225871421e-17,4.449667308430062e-17,No,0,SW
2021.1666666666667,2.3909194422001783e-18,6.2893236941813605e-19,-3.0198518116183144e-18,-4.548568225871421e-17,4.449667308430062e-17,No,0,SW
2021.25,1.0711800682723011e-17,6.878968581270214e-19,12,-4.548568225871421e-17,4.449667308430062e-17,No,12,SW
2021.3333333333335,1.531487359903626e-18,7.468613468359068e-19,-2.278348706739533e-18,-4.548568225871421e-17,4.449667308430062e-17,No,-1.925929944387236e-34,SW
2021.4166666666667,3.981116305806436e-18,8.314682689841199e-19,-4.812584574790556e-18,-4.548568225871421e-17,4.449667308430062e-17,No,0,SW
2021.5,1.761397369367512e-18,9.160751911323331e-19,-2.6774725604998453e-18,-4.548568225871421e-17,4.449667308430062e-17,No,-3.851859888774472e-34,SW
2021.5833333333335,-1.3681200412485361e-17,1.0006821132805465e-18,1.2680518299204814e-17,-4.548568225871421e-17,4.449667308430062e-17,No,0,SW
2021.6666666666667,-1.7666174656492196e-17,1.0852890354287597e-18,9,-4.548568225871421e-17,4.449667308430062e-17,No,9,SW
2021.75,-1.1590283343811573e-17,1.1698959575769728e-18,1.04203873862346e-17,-4.548568225871421e-17,4.449667308430062e-17,No,0,SW
2021.8333333333335,1.1345267246107719e-17,1.254502879725186e-18,-1.2599770125832905e-17,-4.548568225871421e-17,4.449667308430062e-17,No,0,SW
2021.9166666666667,4.4799430388497126e-18,1.3391098018733992e-18,-5.8190528407231114e-18,-4.548568225871421e-17,4.449667308430062e-17,No,7.703719777548943e-34,SW
2022,6.956562134306001e-18,1.4237167240216124e-18,-8.380278858327613e-18,-4.548568225871421e-17,4.449667308430062e-17,No,0,SW
2022.0833333333335,-2.208361224512553e-19,1.5083236461698257e-18,-1.2874875237185705e-18,-4.548568225871421e-17,4.449667308430062e-17,No,-9.62964972193618e-35,SW
2022.1666666666667,2.3909194422001783e-18,1.5929305683180389e-18,-3.983850010518217e-18,-4.548568225871421e-17,4.449667308430062e-17,No,0,SW
2022.25,1.0711800682723011e-17,1.677537490466252e-18,-1.2389338173189263e-17,-4.548568225871421e-17,4.449667308430062e-17,No,0,SW
2022.3333333333335,1.531487359903626e-18,1.7621444126144654e-18,3,-4.548568225871421e-17,4.449667308430062e-17,No,3,SW
2022.4166666666667,3.981116305806436e-18,1.8467513347626786e-18,8,-4.548568225871421e-17,4.449667308430062e-17,No,8,SW
2022.5,1.761397369367512e-18,1.9313582569108918e-18,-3.692755626278404e-18,-4.548568225871421e-17,4.449667308430062e-17,No,-3.851859888774472e-34,SW
2022.5833333333335,-1.3681200412485361e-17,2.015915778582441e-18,1.166528463390292e-17,-4.548568225871421e-17,4.449667308430062e-17,No,0,SW
2022.6666666666667,-1.7666174656492196e-17,2.1004733002539908e-18,8,-4.548568225871421e-17,4.449667308430062e-17,No,8,SW
2022.75,-1.1590283343811573e-17,2.18503082192554e-18,9.405252521886033e-18,-4.548568225871421e-17,4.449667308430062e-17,No,0,SW
2022.8333333333335,1.1345267246107719e-17,2.2695883435970893e-18,1,-4.548568225871421e-17,4.449667308430062e-17,No,1,SW
2022.9166666666667,4.4799430388497126e-18,2.3541458652686386e-18,10,-4.548568225871421e-17,4.449667308430062e-17,No,10,SW
2023,6.956562134306001e-18,2.4387033869401883e-18,3,-4.548568225871421e-17,4.449667308430062e-17,No,3,SW
2023.0833333333335,-2.208361224512553e-19,2.5232609086117376e-18,-2.3024247861604822e-18,-4.548568225871421e-17,4.449667308430062e-17,No,9.62964972193618e-35,SW
2023.1666666666667,2.3909194422001783e-18,2.607818430283287e-18,13,-4.548568225871421e-17,4.449667308430062e-17,No,13,SW
2023.25,1.0711800682723011e-17,2.6923759519548366e-18,7,-4.548568225871421e-17,4.449667308430062e-17,No,7,SW
2023.3333333333335,1.531487359903626e-18,2.776933473626386e-18,7,-4.548568225871421e-17,4.449667308430062e-17,No,7,SW
2023.4166666666667,3.981116305806436e-18,2.861490995297935e-18,12,-4.548568225871421e-17,4.449667308430062e-17,No,12,SW
2023.5,1.761397369367512e-18,2.9460485169694845e-18,-4.7074458863369965e-18,-4.548568225871421e-17,4.449667308430062e-17,No,0,SW
2023.5833333333335,-1.3681200412485361e-17,3.030606038641034e-18,1,-4.548568225871421e-17,4.449667308430062e-17,No,1,SW
2023.6666666666667,-1.7666174656492196e-17,3.1151635603125834e-18,4,-4.548568225871421e-17,4.449667308430062e-17,No,4,SW
2023.75,-1.1590283343811573e-17,3.201609835847022e-18,9,-4.548568225871421e-17,4.449667308430062e-17,No,9,SW
2023.8333333333335,1.1345267246107719e-17,3.2880561113814604e-18,1,-4.548568225871421e-17,4.449667308430062e-17,No,1,SW
2023.9166666666667,4.4799430388497126e-18,3.374502386915899e-18,16,-4.548568225871421e-17,4.449667308430062e-17,No,16,SW
2024,6.956562134306001e-18,3.4609486624503377e-18,6,-4.548568225871421e-17,4.449667308430062e-17,No,6,SW
2024.0833333333335,-2.208361224512553e-19,3.547394937984776e-18,-3.326558815533521e-18,-4.548568225871421e-17,4.449667308430062e-17,No,9.62964972193618e-35,SW
2024.1666666666667,2.3909194422001783e-18,3.633841213519215e-18,-6.024760655719393e-18,-4.548568225871421e-17,4.449667308430062e-17,No,0,SW
2024.25,1.0711800682723011e-17,3.720287489053654e-18,11,-4.548568225871421e-17,4.449667308430062e-17,No,11,SW
2024.3333333333335,1.531487359903626e-18,3.806733764588092e-18,-5.3382211244917175e-18,-4.548568225871421e-17,4.449667308430062e-17,No,3.851859888774472e-34,SW
2024.4166666666667,3.981116305806436e-18,3.89318004012253e-18,-7.874296345928967e-18,-4.548568225871421e-17,4.449667308430062e-17,No,-7.703719777548943e-34,SW
2024.5,1.761397369367512e-18,3.979626315656969e-18,1,-4.548568225871421e-17,4.449667308430062e-17,No,1,SW
2024.5833333333335,-1.3681200412485361e-17,4.0660725911914076e-18,9.615127821293953e-18,-4.548568225871421e-17,4.449667308430062e-17,No,0,SW
2024.6666666666667,-1.7666174656492196e-17,4.152518866725846e-18,1.3513655789766349e-17,-4.548568225871421e-17,4.449667308430062e-17,No,0,SW
2024.75,-1.1590283343811573e-17,4.238965142260285e-18,2,-4.548568225871421e-17,4.449667308430062e-17,No,2,SW
2024.8333333333335,1.1345267246107719e-17,4.325411417794723e-18,13,-4.548568225871421e-17,4.449667308430062e-17,No,13,SW
2024.9166666666667,4.4799430388497126e-18,4.4169652319597234e-18,4,-4.548568225871421e-17,4.449667308430062e-17,No,4,SW
2025,6.956562134306001e-18,4.5085190461247236e-18,7,-4.548568225871421e-17,4.449667308430062e-17,No,7,SW
2025.0833333333335,-2.208361224512553e-19,4.600072860289724e-18,1,-4.548568225871421e-17,4.449667308430062e-17,No,1,SW
2025.1666666666667,2.3909194422001783e-18,4.691626674454725e-18,3,-4.548568225871421e-17,4.449667308430062e-17,No,3,SW
2025.25,1.0711800682723011e-17,4.783180488619725e-18,6,-4.548568225871421e-17,4.449667308430062e-17,No,6,SW
2025.3333333333335,1.531487359903626e-18,4.874734302784725e-18,2,-4.548568225871421e-17,4.449667308430062e-17,No,2,SW
2025.4166666666667,3.981116305806436e-18,4.9662881169497254e-18,3,-4.548568225871421e-17,4.449667308430062e-17,No,3,SW
2025.5,1.761397369367512e-18,5.057841931114726e-18,3,-4.548568225871421e-17,4.449667308430062e-17,No,3,SW
2025.5833333333335,-1.3681200412485361e-17,5.149395745279726e-18,4,-4.548568225871421e-17,4.449667308430062e-17,No,4,SW
2025.6666666666667,-1.7666174656492196e-17,5.240949559444727e-18,1.2425225097047469e-17,-4.548568225871421e-17,4.449667308430062e-17,No,0,SW
2025.75,-1.1590283343811573e-17,5.332503373609727e-18,6.257779970201846e-18,-4.548568225871421e-17,4.449667308430062e-17,No,0,SW
2025.8333333333335,1.1345267246107719e-17,5.424057187774727e-18,1,-4.548568225871421e-17,4.449667308430062e-17,No,1,SW
2025.9166666666667,4.4799430388497126e-18,5.5156110019397275e-18,-9.99555404078944e-18,-4.548568225871421e-17,4.449667308430062e-17,No,0,SW
1981.6666666666667,-1.596315013988962e-19,7.681171744468112e-22,1.5886338422444937e-19,-2.387721843240462e-19,2.2060623467784836e-19,No,0,S
1981.75,4.194905860505804e-20,5.633018766077469e-22,-4.251236048166579e-20,-2.387721843240462e-19,2.2060623467784836e-19,No,0,S
1981.8333333333335,1.0548606802199849e-19,3.5848657876868257e-22,1,-2.387721843240462e-19,2.2060623467784836e-19,No,1,S
1981.9166666666667,3.514252030559155e-20,1.5367128092961824e-22,-3.529619158652117e-20,-2.387721843240462e-19,2.2060623467784836e-19,No,0,S
1982,3.0530529313650893e-20,-5.114401690944609e-23,-3.0479385296741445e-20,-2.387721843240462e-19,2.2060623467784836e-19,No,0,S
1982.0833333333335,-4.8990564347115e-20,-2.5595931474851045e-22,4.9246523661863506e-20,-2.387721843240462e-19,2.2060623467784836e-19,No,0,S
1982.1666666666667,1.4006066576456657e-20,-4.607746125875747e-22,-1.3545291963869083e-20,-2.387721843240462e-19,2.2060623467784836e-19,No,0,S
1982.25,5.0294214931692287e-20,-6.655899104266391e-22,-4.962862502126565e-20,-2.387721843240462e-19,2.2060623467784836e-19,No,0,S
1982.3333333333335,5.948708233221867e-20,-8.704052082657034e-22,4,-2.387721843240462e-19,2.2060623467784836e-19,Yes,4,S
1982.4166666666667,-2.7453026914738885e-20,-1.0752205061047677e-21,2.852824742084365e-20,-2.387721843240462e-19,2.2060623467784836e-19,No,0,S
1982.5,1.2623442506513017e-20,-1.2800358039438321e-21,-1.1343406702569184e-20,-2.387721843240462e-19,2.2060623467784836e-19,No,0,S
1982.5833333333335,-1.1344388924112757e-19,-1.4848511017828964e-21,1.1492874034291046e-19,-2.387721843240462e-19,2.2060623467784836e-19,No,0,S
1982.6666666666667,-1.596315013988962e-19,-1.6896663996219607e-21,5,-2.387721843240462e-19,2.2060623467784836e-19,Yes,5,S
1982.75,4.194905860505804e-20,-1.894481697461025e-21,-4.005457690759702e-20,-2.387721843240462e-19,2.2060623467784836e-19,No,0,S
1982.8333333333335,1.0548606802199849e-19,-2.0992969953000896e-21,-1.033867710266984e-19,-2.387721843240462e-19,2.2060623467784836e-19,No,0,S
1982.9166666666667,3.514252030559155e-20,-2.3004606867708868e-21,-3.2842059618820666e-20,-2.387721843240462e-19,2.2060623467784836e-19,No,0,S
1983,3.0530529313650893e-20,-2.5016243782416844e-21,-2.802890493540921e-20,-2.387721843240462e-19,2.2060623467784836e-19,No,0,S
1983.0833333333335,-4.8990564347115e-20,-2.7027880697124817e-21,5.169335241682748e-20,-2.387721843240462e-19,2.2060623467784836e-19,No,0,S
1983.1666666666667,1.4006066576456657e-20,-2.9039517611832793e-21,4,-2.387721843240462e-19,2.2060623467784836e-19,No,4,S
1983.25,5.0294214931692287e-20,-3.1051154526540765e-21,-4.718909947903821e-20,-2.387721843240462e-19,2.2060623467784836e-19,No,0,S
1983.3333333333335,5.948708233221867e-20,-3.306279144124874e-21,-5.618080318809379e-20,-2.387721843240462e-19,2.2060623467784836e-19,No,0,S
1983.4166666666667,-2.7453026914738885e-20,-3.507442835595672e-21,3.096046975033456e-20,-2.387721843240462e-19,2.2060623467784836e-19,No,0,S
1983.5,1.2623442506513017e-20,-3.708606527066469e-21,-8.914835979446548e-21,-2.387721843240462e-19,2.2060623467784836e-19,No,0,S
1983.5833333333335,-1.1344388924112757e-19,-3.909770218537266e-21,1.1735365945966485e-19,-2.387721843240462e-19,2.2060623467784836e-19,No,0,S
1983.6666666666667,-1.596315013988962e-19,-4.1109339100080635e-21,1.6374243530890425e-19,-2.387721843240462e-19,2.2060623467784836e-19,No,0,S
1983.75,4.194905860505804e-20,-4.312097601478861e-21,1,-2.387721843240462e-19,2.2060623467784836e-19,No,1,S
1983.8333333333335,1.0548606802199849e-19,-4.513261292949659e-21,7,-2.387721843240462e-19,2.2060623467784836e-19,Yes,7,S
1983.9166666666667,3.514252030559155e-20,-4.714424984420456e-21,-3.0428095321171096e-20,-2.387721843240462e-19,2.2060623467784836e-19,No,0,S
1984,3.0530529313650893e-20,-4.915588675891253e-21,-2.561494063775964e-20,-2.387721843240462e-19,2.2060623467784836e-19,No,0,S
1984.0833333333335,-4.8990564347115e-20,-5.104372917922653e-21,5.409493726503765e-20,-2.387721843240462e-19,2.2060623467784836e-19,No,0,S
1984.1666666666667,1.4006066576456657e-20,-5.293157159954053e-21,-8.712909416502603e-21,-2.387721843240462e-19,2.2060623467784836e-19,No,0,S
1984.25,5.0294214931692287e-20,-5.481941401985452e-21,-4.4812273529706836e-20,-2.387721843240462e-19,2.2060623467784836e-19,No,0,S
1984.3333333333335,5.948708233221867e-20,-5.6707256440168516e-21,-5.381635668820181e-20,-2.387721843240462e-19,2.2060623467784836e-19,No,0,S
1984.4166666666667,-2.7453026914738885e-20,-5.8595098860482514e-21,3.3312536800787134e-20,-2.387721843240462e-19,2.2060623467784836e-19,No,0,S
1984.5,1.2623442506513017e-20,-6.048294128079651e-21,-6.5751483784333655e-21,-2.387721843240462e-19,2.2060623467784836e-19,No,0,S
1984.5833333333335,-1.1344388924112757e-19,-6.23707837011105e-21,1.1968096761123862e-19,-2.387721843240462e-19,2.2060623467784836e-19,No,0,S
1984.6666666666667,-1.596315013988962e-19,-6.42586261214245e-21,1.6605736401103864e-19,-2.387721843240462e-19,2.2060623467784836e-19,No,0,S
1984.75,4.194905860505804e-20,-6.61464685417385e-21,-3.5334411750884193e-20,-2.387721843240462e-19,2.2060623467784836e-19,No,0,S
1984.8333333333335,1.0548606802199849e-19,-6.803431096205249e-21,-9.868263692579323e-20,-2.387721843240462e-19,2.2060623467784836e-19,No,0,S
1984.9166666666667,3.514252030559155e-20,-6.992215338236649e-21,-2.8150304967354903e-20,-2.387721843240462e-19,2.2060623467784836e-19,No,0,S
1985,3.0530529313650893e-20,-7.180999580268048e-21,-2.3349529733382845e-20,-2.387721843240462e-19,2.2060623467784836e-19,No,0,S
1985.0833333333335,-4.8990564347115e-20,-7.369783822299448e-21,5.636034816941445e-20,-2.387721843240462e-19,2.2060623467784836e-19,No,0,S
1985.1666666666667,1.4006066576456657e-20,-7.558568064330848e-21,-6.447498512125809e-21,-2.387721843240462e-19,2.2060623467784836e-19,No,0,S
1985.25,5.0294214931692287e-20,-7.731240844895833e-21,-4.2562974086796454e-20,-2.387721843240462e-19,2.2060623467784836e-19,No,0,S
1985.3333333333335,5.948708233221867e-20,-7.903913625460819e-21,-5.158316870675785e-20,-2.387721843240462e-19,2.2060623467784836e-19,No,0,S
1985.4166666666667,-2.7453026914738885e-20,-8.076586406025805e-21,3.552961332076469e-20,-2.387721843240462e-19,2.2060623467784836e-19,No,0,S
1985.5,1.2623442506513017e-20,-8.24925918659079e-21,-4.374183319922226e-21,-2.387721843240462e-19,2.2060623467784836e-19,No,0,S
1985.5833333333335,-1.1344388924112757e-19,-8.421931967155776e-21,1.2186582120828335e-19,-2.387721843240462e-19,2.2060623467784836e-19,No,0,S
1985.6666666666667,-1.596315013988962e-19,-8.594604747720761e-21,1,-2.387721843240462e-19,2.2060623467784836e-19,No,1,S
1985.75,4.194905860505804e-20,-8.767277528285748e-21,1,-2.387721843240462e-19,2.2060623467784836e-19,No,1,S
1985.8333333333335,1.0548606802199849e-19,-8.939950308850733e-21,-9.654611771314775e-20,-2.387721843240462e-19,2.2060623467784836e-19,No,0,S
1985.9166666666667,3.514252030559155e-20,-9.112623089415719e-21,-2.6029897216175833e-20,-2.387721843240462e-19,2.2060623467784836e-19,No,0,S
1986,3.0530529313650893e-20,-9.285295869980704e-21,-2.124523344367019e-20,-2.387721843240462e-19,2.2060623467784836e-19,No,0,S
1986.0833333333335,-4.8990564347115e-20,-9.45796865054569e-21,5.844853299766069e-20,-2.387721843240462e-19,2.2060623467784836e-19,No,6.018531076210112e-36,S
1986.1666666666667,1.4006066576456657e-20,-9.630641431110676e-21,-4.3754251453459806e-21,-2.387721843240462e-19,2.2060623467784836e-19,No,0,S
1986.25,5.0294214931692287e-20,-9.803314211675661e-21,-4.0490900720016624e-20,-2.387721843240462e-19,2.2060623467784836e-19,No,0,S
1986.3333333333335,5.948708233221867e-20,-9.975986992240647e-21,-4.951109533997802e-20,-2.387721843240462e-19,2.2060623467784836e-19,No,0,S
1986.4166666666667,-2.7453026914738885e-20,-1.0138589824019108e-20,3.7591616738757994e-20,-2.387721843240462e-19,2.2060623467784836e-19,No,0,S
1986.5,1.2623442506513017e-20,-1.030119265579757e-20,-2.3222498507154472e-21,-2.387721843240462e-19,2.2060623467784836e-19,No,0,S
1986.5833333333335,-1.1344388924112757e-19,-1.046379548757603e-20,1.239076847287036e-19,-2.387721843240462e-19,2.2060623467784836e-19,No,0,S
1986.6666666666667,-1.596315013988962e-19,-1.062639831935449e-20,1.7025789971825069e-19,-2.387721843240462e-19,2.2060623467784836e-19,No,0,S
1986.75,4.194905860505804e-20,-1.0789001151132952e-20,-3.1160057453925093e-20,-2.387721843240462e-19,2.2060623467784836e-19,No,0,S
1986.8333333333335,1.0548606802199849e-19,-1.0951603982911413e-20,-9.453446403908707e-20,-2.387721843240462e-19,2.2060623467784836e-19,No,0,S
1986.9166666666667,3.514252030559155e-20,-1.1114206814689873e-20,-2.402831349090168e-20,-2.387721843240462e-19,2.2060623467784836e-19,No,0,S
1987,3.0530529313650893e-20,-1.1276809646468335e-20,-1.9253719667182557e-20,-2.387721843240462e-19,2.2060623467784836e-19,No,0,S
1987.0833333333335,-4.8990564347115e-20,-1.1439412478246796e-20,6.04299768253618e-20,-2.387721843240462e-19,2.2060623467784836e-19,No,6.018531076210112e-36,S
1987.1666666666667,1.4006066576456657e-20,-1.1602015310025257e-20,6,-2.387721843240462e-19,2.2060623467784836e-19,Yes,6,S
1987.25,5.0294214931692287e-20,-1.1764618141803719e-20,-3.852959678988857e-20,-2.387721843240462e-19,2.2060623467784836e-19,No,0,S
1987.3333333333335,5.948708233221867e-20,-1.1927220973582178e-20,-4.755986135863649e-20,-2.387721843240462e-19,2.2060623467784836e-19,No,0,S
1987.4166666666667,-2.7453026914738885e-20,-1.208982380536064e-20,3.9542850720099524e-20,-2.387721843240462e-19,2.2060623467784836e-19,No,0,S
1987.5,1.2623442506513017e-20,-1.2252426637139101e-20,2,-2.387721843240462e-19,2.2060623467784836e-19,Yes,2,S
1987.5833333333335,-1.1344388924112757e-19,-1.2385560167001833e-20,2,-2.387721843240462e-19,2.2060623467784836e-19,No,2,S
1987.6666666666667,-1.596315013988962e-19,-1.2518693696864566e-20,6,-2.387721843240462e-19,2.2060623467784836e-19,No,6,S
1987.75,4.194905860505804e-20,-1.2651827226727297e-20,-2.929723137833074e-20,-2.387721843240462e-19,2.2060623467784836e-19,No,0,S
1987.8333333333335,1.0548606802199849e-19,-1.2784960756590029e-20,-9.270110726540846e-20,-2.387721843240462e-19,2.2060623467784836e-19,No,0,S
1987.9166666666667,3.514252030559155e-20,-1.291809428645276e-20,-2.222442601913879e-20,-2.387721843240462e-19,2.2060623467784836e-19,No,0,S
1988,3.0530529313650893e-20,-1.3051227816315494e-20,-1.74793014973354e-20,-2.387721843240462e-19,2.2060623467784836e-19,No,0,S
1988.0833333333335,-4.8990564347115e-20,-1.3184361346178225e-20,6.217492569329322e-20,-2.387721843240462e-19,2.2060623467784836e-19,No,0,S
1988.1666666666667,1.4006066576456657e-20,-1.3317494876040957e-20,-6.885717004156997e-22,-2.387721843240462e-19,2.2060623467784836e-19,No,0,S
1988.25,5.0294214931692287e-20,-1.345062840590369e-20,-3.68435865257886e-20,-2.387721843240462e-19,2.2060623467784836e-19,No,-6.018531076210112e-36,S
1988.3333333333335,5.948708233221867e-20,-1.358376193576642e-20,-4.590332039645225e-20,-2.387721843240462e-19,2.2060623467784836e-19,No,0,S
1988.4166666666667,-2.7453026914738885e-20,-1.3716895465629153e-20,4.116992238036804e-20,-2.387721843240462e-19,2.2060623467784836e-19,No,0,S
1988.5,1.2623442506513017e-20,-1.3850028995491887e-20,1,-2.387721843240462e-19,2.2060623467784836e-19,No,1,S
1988.5833333333335,-1.1344388924112757e-19,-1.3983162525354617e-20,1.274270517664822e-19,-2.387721843240462e-19,2.2060623467784836e-19,No,0,S
1988.6666666666667,-1.596315013988962e-19,-1.411629605521735e-20,1.7374779745411354e-19,-2.387721843240462e-19,2.2060623467784836e-19,No,0,S
1988.75,4.194905860505804e-20,-1.4125069386785114e-20,-2.782398921827293e-20,-2.387721843240462e-19,2.2060623467784836e-19,No,0,S
1988.8333333333335,1.0548606802199849e-19,-1.4133842718352876e-20,-9.135222530364561e-20,-2.387721843240462e-19,2.2060623467784836e-19,No,0,S
1988.9166666666667,3.514252030559155e-20,-1.4142616049920637e-20,-2.0999904255670915e-20,-2.387721843240462e-19,2.2060623467784836e-19,No,0,S
1989,3.0530529313650893e-20,-1.41513893814884e-20,-1.6379139932162492e-20,-2.387721843240462e-19,2.2060623467784836e-19,No,0,S
1989.0833333333335,-4.8990564347115e-20,-1.4160162713056166e-20,6.315072706017116e-20,-2.387721843240462e-19,2.2060623467784836e-19,No,0,S
1989.1666666666667,1.4006066576456657e-20,-1.4168936044623927e-20,1.628694681672704e-22,-2.387721843240462e-19,2.2060623467784836e-19,No,0,S
1989.25,5.0294214931692287e-20,-1.417770937619169e-20,-3.61165055555006e-20,-2.387721843240462e-19,2.2060623467784836e-19,No,0,S
1989.3333333333335,5.948708233221867e-20,-1.4186482707759453e-20,-4.530059962445921e-20,-2.387721843240462e-19,2.2060623467784836e-19,No,0,S
1989.4166666666667,-2.7453026914738885e-20,-1.4195256039327217e-20,4.16482829540661e-20,-2.387721843240462e-19,2.2060623467784836e-19,No,0,S
1989.5,1.2623442506513017e-20,-1.420402937089498e-20,6,-2.387721843240462e-19,2.2060623467784836e-19,No,6,S
1989.5833333333335,-1.1344388924112757e-19,-1.421280270246274e-20,1,-2.387721843240462e-19,2.2060623467784836e-19,No,1,S
1989.6666666666667,-1.596315013988962e-19,-1.4221576034030504e-20,1.7385307743292669e-19,-2.387721843240462e-19,2.2060623467784836e-19,No,0,S
1989.75,4.194905860505804e-20,-1.423034936559827e-20,5,-2.387721843240462e-19,2.2060623467784836e-19,No,5,S
1989.8333333333335,1.0548606802199849e-19,-1.423912269716603e-20,-9.124694532483246e-20,-2.387721843240462e-19,2.2060623467784836e-19,No,0,S
1989.9166666666667,3.514252030559155e-20,-1.415270048627886e-20,-2.0989819819312693e-20,-2.387721843240462e-19,2.2060623467784836e-19,No,0,S
1990,3.0530529313650893e-20,-1.4066278275391685e-20,-1.646425103825921e-20,-2.387721843240462e-19,2.2060623467784836e-19,No,0,S
1990.0833333333335,-4.8990564347115e-20,-1.3979856064504513e-20,6.297042041161951e-20,-2.387721843240462e-19,2.2060623467784836e-19,No,0,S
1990.1666666666667,1.4006066576456657e-20,-1.389343385361734e-20,1,-2.387721843240462e-19,2.2060623467784836e-19,No,1,S
1990.25,5.0294214931692287e-20,-1.3807011642730168e-20,-3.6487203288962116e-20,-2.387721843240462e-19,2.2060623467784836e-19,No,6.018531076210112e-36,S
1990.3333333333335,5.948708233221867e-20,-1.3720589431842994e-20,1,-2.387721843240462e-19,2.2060623467784836e-19,No,1,S
1990.4166666666667,-2.7453026914738885e-20,-1.3634167220955822e-20,4.1087194135694707e-20,-2.387721843240462e-19,2.2060623467784836e-19,No,0,S
1990.5,1.2623442506513017e-20,-1.354774501006865e-20,3,-2.387721843240462e-19,2.2060623467784836e-19,Yes,3,S
1990.5833333333335,-1.1344388924112757e-19,-1.3461322799181477e-20,4,-2.387721843240462e-19,2.2060623467784836e-19,No,4,S
1990.6666666666667,-1.596315013988962e-19,-1.3374900588294304e-20,1.730064019871905e-19,-2.387721843240462e-19,2.2060623467784836e-19,No,0,S
1990.75,4.194905860505804e-20,-1.3288478377407133e-20,-2.866058022765091e-20,-2.387721843240462e-19,2.2060623467784836e-19,No,0,S
1990.8333333333335,1.0548606802199849e-19,-1.320205616651996e-20,-9.228401185547853e-20,-2.387721843240462e-19,2.2060623467784836e-19,No,0,S
1990.9166666666667,3.514252030559155e-20,-1.3115633955632787e-20,-2.2026886349958763e-20,-2.387721843240462e-19,2.2060623467784836e-19,No,0,S
1991,3.0530529313650893e-20,-1.3029211744745614e-20,-1.750131756890528e-20,-2.387721843240462e-19,2.2060623467784836e-19,No,0,S
1991.0833333333335,-4.8990564347115e-20,-1.2849571266748263e-20,6.184013561386326e-20,-2.387721843240462e-19,2.2060623467784836e-19,No,6.018531076210112e-36,S
1991.1666666666667,1.4006066576456657e-20,-1.2669930788750913e-20,-1.336135787705744e-21,-2.387721843240462e-19,2.2060623467784836e-19,No,0,S
1991.25,5.0294214931692287e-20,-1.2490290310753561e-20,-3.7803924620938724e-20,-2.387721843240462e-19,2.2060623467784836e-19,No,0,S
1991.3333333333335,5.948708233221867e-20,-1.231064983275621e-20,-4.7176432499462455e-20,-2.387721843240462e-19,2.2060623467784836e-19,No,0,S
1991.4166666666667,-2.7453026914738885e-20,-1.2131009354758858e-20,3.9584036269497744e-20,-2.387721843240462e-19,2.2060623467784836e-19,No,0,S
1991.5,1.2623442506513017e-20,-1.1951368876761508e-20,-6.720736297515091e-22,-2.387721843240462e-19,2.2060623467784836e-19,No,0,S
1991.5833333333335,-1.1344388924112757e-19,-1.1771728398764156e-20,6,-2.387721843240462e-19,2.2060623467784836e-19,No,6,S
1991.6666666666667,-1.596315013988962e-19,-1.1592087920766804e-20,4,-2.387721843240462e-19,2.2060623467784836e-19,No,4,S
1991.75,4.194905860505804e-20,-1.1412447442769454e-20,-3.053661116228859e-20,-2.387721843240462e-19,2.2060623467784836e-19,No,0,S
1991.8333333333335,1.0548606802199849e-19,-1.1232806964772103e-20,-9.425326105722638e-20,-2.387721843240462e-19,2.2060623467784836e-19,No,0,S
1991.9166666666667,3.514252030559155e-20,-1.1053166486774751e-20,-2.4089353818816803e-20,-2.387721843240462e-19,2.2060623467784836e-19,No,0,S
1992,3.0530529313650893e-20,-1.08735260087774e-20,-1.9657003304873495e-20,-2.387721843240462e-19,2.2060623467784836e-19,No,0,S
1992.0833333333335,-4.8990564347115e-20,-1.0693885530780049e-20,5.968444987789504e-20,-2.387721843240462e-19,2.2060623467784836e-19,No,-6.018531076210112e-36,S
1992.1666666666667,1.4006066576456657e-20,-1.0514245052782697e-20,-3.491821523673959e-21,-2.387721843240462e-19,2.2060623467784836e-19,No,0,S
1992.25,5.0294214931692287e-20,-1.0325141637323558e-20,-3.996907329436873e-20,-2.387721843240462e-19,2.2060623467784836e-19,No,0,S
1992.3333333333335,5.948708233221867e-20,-1.013603822186442e-20,-4.9351044110354247e-20,-2.387721843240462e-19,2.2060623467784836e-19,No,0,S
1992.4166666666667,-2.7453026914738885e-20,-9.946934806405281e-21,3.7399961721144166e-20,-2.387721843240462e-19,2.2060623467784836e-19,No,0,S
1992.5,1.2623442506513017e-20,-9.757831390946142e-21,-2.865611115566875e-21,-2.387721843240462e-19,2.2060623467784836e-19,No,0,S
1992.5833333333335,-1.1344388924112757e-19,-9.568727975487004e-21,1.2301261721661458e-19,-2.387721843240462e-19,2.2060623467784836e-19,No,0,S
1992.6666666666667,-1.596315013988962e-19,-9.379624560027865e-21,1.6901112595892404e-19,-2.387721843240462e-19,2.2060623467784836e-19,No,0,S
1992.75,4.194905860505804e-20,-9.190521144568727e-21,-3.275853746048931e-20,-2.387721843240462e-19,2.2060623467784836e-19,No,0,S
1992.8333333333335,1.0548606802199849e-19,-9.001417729109588e-21,-9.648465029288889e-20,-2.387721843240462e-19,2.2060623467784836e-19,No,0,S
1992.9166666666667,3.514252030559155e-20,-8.812314313650448e-21,-2.6330205991941104e-20,-2.387721843240462e-19,2.2060623467784836e-19,No,0,S
1993,3.0530529313650893e-20,-8.62321089819131e-21,-2.1907318415459583e-20,-2.387721843240462e-19,2.2060623467784836e-19,No,0,S
1993.0833333333335,-4.8990564347115e-20,-8.434107482732171e-21,5.742467182984717e-20,-2.387721843240462e-19,2.2060623467784836e-19,No,0,S
1993.1666666666667,1.4006066576456657e-20,-8.245004067273032e-21,-5.761062509183625e-21,-2.387721843240462e-19,2.2060623467784836e-19,No,0,S
1993.25,5.0294214931692287e-20,-8.055900651813894e-21,-4.223831427987839e-20,-2.387721843240462e-19,2.2060623467784836e-19,No,6.018531076210112e-36,S
1993.3333333333335,5.948708233221867e-20,-7.866797236354755e-21,-5.162028509586391e-20,-2.387721843240462e-19,2.2060623467784836e-19,No,0,S
1993.4166666666667,-2.7453026914738885e-20,-7.741332925124049e-21,3.5194359839862937e-20,-2.387721843240462e-19,2.2060623467784836e-19,No,6.018531076210112e-36,S
1993.5,1.2623442506513017e-20,-7.615868613893343e-21,3,-2.387721843240462e-19,2.2060623467784836e-19,No,3,S
1993.5833333333335,-1.1344388924112757e-19,-7.490404302662637e-21,1.2093429354379022e-19,-2.387721843240462e-19,2.2060623467784836e-19,No,0,S
1993.6666666666667,-1.596315013988962e-19,-7.364939991431932e-21,1.6699644139032811e-19,-2.387721843240462e-19,2.2060623467784836e-19,No,0,S
1993.75,4.194905860505804e-20,-7.239475680201227e-21,-3.4709582924856813e-20,-2.387721843240462e-19,2.2060623467784836e-19,No,0,S
1993.8333333333335,1.0548606802199849e-19,-7.114011368970522e-21,-9.837205665302796e-20,-2.387721843240462e-19,2.2060623467784836e-19,No,0,S
1993.9166666666667,3.514252030559155e-20,-6.988547057739816e-21,-2.815397324785174e-20,-2.387721843240462e-19,2.2060623467784836e-19,No,0,S
1994,3.0530529313650893e-20,-6.86308274650911e-21,-2.3667446567141783e-20,-2.387721843240462e-19,2.2060623467784836e-19,No,0,S
1994.0833333333335,-4.8990564347115e-20,-6.737618435278404e-21,5.57281827823934e-20,-2.387721843240462e-19,2.2060623467784836e-19,No,0,S
1994.1666666666667,1.4006066576456657e-20,-6.612154124047698e-21,-7.393912452408958e-21,-2.387721843240462e-19,2.2060623467784836e-19,No,0,S
1994.25,5.0294214931692287e-20,-6.4866898128169925e-21,-4.3807525118875296e-20,-2.387721843240462e-19,2.2060623467784836e-19,No,0,S
1994.3333333333335,5.948708233221867e-20,-6.3612255015862874e-21,-5.3125856830632376e-20,-2.387721843240462e-19,2.2060623467784836e-19,No,0,S
1994.4166666666667,-2.7453026914738885e-20,-6.2357611903555816e-21,3.3688788105094467e-20,-2.387721843240462e-19,2.2060623467784836e-19,No,0,S
1994.5,1.2623442506513017e-20,-6.110296879124876e-21,-6.513145627388141e-21,-2.387721843240462e-19,2.2060623467784836e-19,No,0,S
1994.5833333333335,-1.1344388924112757e-19,-6.036250369215189e-21,1.1948013961034277e-19,-2.387721843240462e-19,2.2060623467784836e-19,No,0,S
1994.6666666666667,-1.596315013988962e-19,-5.962203859305502e-21,1.6559370525820168e-19,-2.387721843240462e-19,2.2060623467784836e-19,No,0,S
1994.75,4.194905860505804e-20,-5.888157349395816e-21,-3.6060901255662225e-20,-2.387721843240462e-19,2.2060623467784836e-19,No,0,S
1994.8333333333335,1.0548606802199849e-19,-5.814110839486129e-21,-9.967195718251236e-20,-2.387721843240462e-19,2.2060623467784836e-19,No,0,S
1994.9166666666667,3.514252030559155e-20,-5.740064329576442e-21,3,-2.387721843240462e-19,2.2060623467784836e-19,No,3,S
1995,3.0530529313650893e-20,-5.666017819666755e-21,-2.4864511493984138e-20,-2.387721843240462e-19,2.2060623467784836e-19,No,0,S
1995.0833333333335,-4.8990564347115e-20,-5.591971309757069e-21,6,-2.387721843240462e-19,2.2060623467784836e-19,No,6,S
1995.1666666666667,1.4006066576456657e-20,-5.517924799847382e-21,-8.488141776609274e-21,-2.387721843240462e-19,2.2060623467784836e-19,No,0,S
1995.25,5.0294214931692287e-20,-5.4438782899376954e-21,5,-2.387721843240462e-19,2.2060623467784836e-19,No,5,S
1995.3333333333335,5.948708233221867e-20,-5.3698317800280085e-21,-5.411725055219066e-20,-2.387721843240462e-19,2.2060623467784836e-19,No,0,S
1995.4166666666667,-2.7453026914738885e-20,-5.295785270118322e-21,3.2748812184857206e-20,-2.387721843240462e-19,2.2060623467784836e-19,No,0,S
1995.5,1.2623442506513017e-20,-5.2217387602086355e-21,-7.401703746304381e-21,-2.387721843240462e-19,2.2060623467784836e-19,No,0,S
1995.5833333333335,-1.1344388924112757e-19,-5.147692250298949e-21,1.185915814914265e-19,-2.387721843240462e-19,2.2060623467784836e-19,No,0,S
1995.6666666666667,-1.596315013988962e-19,-5.073645740389262e-21,1.6470514713928545e-19,-2.387721843240462e-19,2.2060623467784836e-19,No,0,S
1995.75,4.194905860505804e-20,-5.0346186701021535e-21,2,-2.387721843240462e-19,2.2060623467784836e-19,No,2,S
1995.8333333333335,1.0548606802199849e-19,-4.995591599815045e-21,7,-2.387721843240462e-19,2.2060623467784836e-19,No,7,S
1995.9166666666667,3.514252030559155e-20,-4.956564529527937e-21,1,-2.387721843240462e-19,2.2060623467784836e-19,No,1,S
1996,3.0530529313650893e-20,-4.917537459240828e-21,6,-2.387721843240462e-19,2.2060623467784836e-19,No,6,S
1996.0833333333335,-4.8990564347115e-20,-4.8785103889537195e-21,5.3869074736068715e-20,-2.387721843240462e-19,2.2060623467784836e-19,No,0,S
1996.1666666666667,1.4006066576456657e-20,-4.839483318666611e-21,-9.166583257790046e-21,-2.387721843240462e-19,2.2060623467784836e-19,No,0,S
1996.25,5.0294214931692287e-20,-4.800456248379503e-21,-4.5493758683312783e-20,-2.387721843240462e-19,2.2060623467784836e-19,No,0,S
1996.3333333333335,5.948708233221867e-20,-4.761429178092395e-21,-5.472565315412627e-20,-2.387721843240462e-19,2.2060623467784836e-19,No,0,S
1996.4166666666667,-2.7453026914738885e-20,-4.722402107805286e-21,9,-2.387721843240462e-19,2.2060623467784836e-19,Yes,9,S
1996.5,1.2623442506513017e-20,-4.683375037518178e-21,6,-2.387721843240462e-19,2.2060623467784836e-19,No,6,S
1996.5833333333335,-1.1344388924112757e-19,-4.644347967231069e-21,1.1808823720835864e-19,-2.387721843240462e-19,2.2060623467784836e-19,No,0,S
1996.6666666666667,-1.596315013988962e-19,-4.605320896943961e-21,1.6423682229584014e-19,-2.387721843240462e-19,2.2060623467784836e-19,No,0,S
1996.75,4.194905860505804e-20,-4.5662938266568524e-21,-3.738276477840119e-20,-2.387721843240462e-19,2.2060623467784836e-19,No,0,S
1996.8333333333335,1.0548606802199849e-19,-4.527266756369744e-21,-1.0095880126562875e-19,-2.387721843240462e-19,2.2060623467784836e-19,No,0,S
1996.9166666666667,3.514252030559155e-20,-4.557160041669274e-21,-3.058536026392228e-20,-2.387721843240462e-19,2.2060623467784836e-19,No,0,S
1997,3.0530529313650893e-20,-4.587053326968805e-21,-2.5943475986682088e-20,-2.387721843240462e-19,2.2060623467784836e-19,No,0,S
1997.0833333333335,-4.8990564347115e-20,-4.616946612268335e-21,5.3607510959383336e-20,-2.387721843240462e-19,2.2060623467784836e-19,No,6.018531076210112e-36,S
1997.1666666666667,1.4006066576456657e-20,-4.646839897567866e-21,8,-2.387721843240462e-19,2.2060623467784836e-19,Yes,8,S
1997.25,5.0294214931692287e-20,-4.676733182867396e-21,10,-2.387721843240462e-19,2.2060623467784836e-19,Yes,10,S
1997.3333333333335,5.948708233221867e-20,-4.7066264681669266e-21,-5.478045586405174e-20,-2.387721843240462e-19,2.2060623467784836e-19,No,0,S
1997.4166666666667,-2.7453026914738885e-20,-4.736519753466457e-21,1,-2.387721843240462e-19,2.2060623467784836e-19,No,1,S
1997.5,1.2623442506513017e-20,-4.766413038765987e-21,2,-2.387721843240462e-19,2.2060623467784836e-19,No,2,S
1997.5833333333335,-1.1344388924112757e-19,-4.7963063240655175e-21,1.182401955651931e-19,-2.387721843240462e-19,2.2060623467784836e-19,No,0,S
1997.6666666666667,-1.596315013988962e-19,-4.8261996093650475e-21,7,-2.387721843240462e-19,2.2060623467784836e-19,No,7,S
1997.75,4.194905860505804e-20,-4.856092894664578e-21,6,-2.387721843240462e-19,2.2060623467784836e-19,No,6,S
1997.8333333333335,1.0548606802199849e-19,-4.885986179964108e-21,-1.0060008184203437e-19,-2.387721843240462e-19,2.2060623467784836e-19,No,0,S
1997.9166666666667,3.514252030559155e-20,-4.915879465263639e-21,-3.0226640840327915e-20,-2.387721843240462e-19,2.2060623467784836e-19,No,0,S
1998,3.0530529313650893e-20,-4.945772750563169e-21,-2.5584756563087724e-20,-2.387721843240462e-19,2.2060623467784836e-19,No,0,S
1998.0833333333335,-4.8990564347115e-20,-5.05341969110348e-21,6,-2.387721843240462e-19,2.2060623467784836e-19,No,6,S
1998.1666666666667,1.4006066576456657e-20,-5.16106663164379e-21,10,-2.387721843240462e-19,2.2060623467784836e-19,No,10,S
1998.25,5.0294214931692287e-20,-5.268713572184101e-21,-4.5025501359508187e-20,-2.387721843240462e-19,2.2060623467784836e-19,No,0,S
1998.3333333333335,5.948708233221867e-20,-5.376360512724411e-21,-5.4110721819494254e-20,-2.387721843240462e-19,2.2060623467784836e-19,No,0,S
1998.4166666666667,-2.7453026914738885e-20,-5.484007453264722e-21,3.293703436800361e-20,-2.387721843240462e-19,2.2060623467784836e-19,No,0,S
1998.5,1.2623442506513017e-20,-5.5916543938050325e-21,-7.031788112707984e-21,-2.387721843240462e-19,2.2060623467784836e-19,No,0,S
1998.5833333333335,-1.1344388924112757e-19,-5.699301334345343e-21,1.191431905754729e-19,-2.387721843240462e-19,2.2060623467784836e-19,No,0,S
1998.6666666666667,-1.596315013988962e-19,-5.8069482748856536e-21,1.6543844967378184e-19,-2.387721843240462e-19,2.2060623467784836e-19,No,0,S
1998.75,4.194905860505804e-20,-5.914595215425963e-21,-3.603446338963208e-20,-2.387721843240462e-19,2.2060623467784836e-19,No,0,S
1998.8333333333335,1.0548606802199849e-19,-6.022242155966274e-21,-9.946382586603221e-20,-2.387721843240462e-19,2.2060623467784836e-19,No,0,S
1998.9166666666667,3.514252030559155e-20,-6.1298890965065844e-21,-2.901263120908497e-20,-2.387721843240462e-19,2.2060623467784836e-19,No,0,S
1999,3.0530529313650893e-20,-6.237536037046895e-21,-2.4292993276603997e-20,-2.387721843240462e-19,2.2060623467784836e-19,No,0,S
1999.0833333333335,-4.8990564347115e-20,-6.3451829775872055e-21,5.53357473247022e-20,-2.387721843240462e-19,2.2060623467784836e-19,No,0,S
1999.1666666666667,1.4006066576456657e-20,-6.452829918127516e-21,-7.553236658329141e-21,-2.387721843240462e-19,2.2060623467784836e-19,No,0,S
1999.25,5.0294214931692287e-20,-6.605945616567097e-21,3,-2.387721843240462e-19,2.2060623467784836e-19,No,3,S
1999.3333333333335,5.948708233221867e-20,-6.759061315006678e-21,-5.2728021017211985e-20,-2.387721843240462e-19,2.2060623467784836e-19,No,0,S
1999.4166666666667,-2.7453026914738885e-20,-6.91217701344626e-21,3.4365203928185143e-20,-2.387721843240462e-19,2.2060623467784836e-19,No,0,S
1999.5,1.2623442506513017e-20,-7.065292711885841e-21,-5.558149794627175e-21,-2.387721843240462e-19,2.2060623467784836e-19,No,0,S
1999.5833333333335,-1.1344388924112757e-19,-7.218408410325423e-21,1.20662297651453e-19,-2.387721843240462e-19,2.2060623467784836e-19,No,0,S
1999.6666666666667,-1.596315013988962e-19,-7.371524108765004e-21,1.670030255076612e-19,-2.387721843240462e-19,2.2060623467784836e-19,No,0,S
1999.75,4.194905860505804e-20,-7.524639807204585e-21,-3.442441879785346e-20,-2.387721843240462e-19,2.2060623467784836e-19,No,0,S
1999.8333333333335,1.0548606802199849e-19,-7.677755505644166e-21,-9.780831251635432e-20,-2.387721843240462e-19,2.2060623467784836e-19,No,0,S
1999.9166666666667,3.514252030559155e-20,-7.830871204083747e-21,-2.7311649101507806e-20,-2.387721843240462e-19,2.2060623467784836e-19,No,0,S
2000,3.0530529313650893e-20,-7.98398690252333e-21,-2.2546542411127564e-20,-2.387721843240462e-19,2.2060623467784836e-19,No,0,S
2000.0833333333335,-4.8990564347115e-20,-8.137102600962911e-21,5.71276669480779e-20,-2.387721843240462e-19,2.2060623467784836e-19,No,-6.018531076210112e-36,S
2000.1666666666667,1.4006066576456657e-20,-8.290218299402492e-21,4,-2.387721843240462e-19,2.2060623467784836e-19,No,4,S
2000.25,5.0294214931692287e-20,-8.443333997842073e-21,-4.185088093385021e-20,-2.387721843240462e-19,2.2060623467784836e-19,No,6.018531076210112e-36,S
2000.3333333333335,5.948708233221867e-20,-8.596449696281654e-21,1,-2.387721843240462e-19,2.2060623467784836e-19,No,1,S
2000.4166666666667,-2.7453026914738885e-20,-8.700528705583064e-21,3.615355562032195e-20,-2.387721843240462e-19,2.2060623467784836e-19,No,0,S
2000.5,1.2623442506513017e-20,-8.804607714884471e-21,-3.818834791628545e-21,-2.387721843240462e-19,2.2060623467784836e-19,No,0,S
2000.5833333333335,-1.1344388924112757e-19,-8.908686724185881e-21,4,-2.387721843240462e-19,2.2060623467784836e-19,No,4,S
2000.6666666666667,-1.596315013988962e-19,-9.01276573348729e-21,1.6864426713238347e-19,-2.387721843240462e-19,2.2060623467784836e-19,No,0,S
2000.75,4.194905860505804e-20,-9.116844742788698e-21,-3.2832213862269347e-20,-2.387721843240462e-19,2.2060623467784836e-19,No,0,S
2000.8333333333335,1.0548606802199849e-19,-9.220923752090107e-21,-9.626514426990838e-20,-2.387721843240462e-19,2.2060623467784836e-19,No,0,S
2000.9166666666667,3.514252030559155e-20,-9.325002761391515e-21,-2.5817517544200038e-20,-2.387721843240462e-19,2.2060623467784836e-19,No,0,S
2001,3.0530529313650893e-20,-9.429081770692925e-21,-2.110144754295797e-20,-2.387721843240462e-19,2.2060623467784836e-19,No,0,S
2001.0833333333335,-4.8990564347115e-20,-9.533160779994334e-21,5.852372512710934e-20,-2.387721843240462e-19,2.2060623467784836e-19,No,6.018531076210112e-36,S
2001.1666666666667,1.4006066576456657e-20,-9.637239789295742e-21,-4.368826787160915e-21,-2.387721843240462e-19,2.2060623467784836e-19,No,0,S
2001.25,5.0294214931692287e-20,-9.741318798597151e-21,-4.0552896133095136e-20,-2.387721843240462e-19,2.2060623467784836e-19,No,0,S
2001.3333333333335,5.948708233221867e-20,-9.84539780789856e-21,-4.9641684524320105e-20,-2.387721843240462e-19,2.2060623467784836e-19,No,0,S
2001.4166666666667,-2.7453026914738885e-20,-9.949476817199969e-21,3.7402503731938855e-20,-2.387721843240462e-19,2.2060623467784836e-19,No,0,S
2001.5,1.2623442506513017e-20,-1.0053555826501378e-20,-2.5698866800116388e-21,-2.387721843240462e-19,2.2060623467784836e-19,No,0,S
2001.5833333333335,-1.1344388924112757e-19,-1.0198105936785527e-20,1.236419951779131e-19,-2.387721843240462e-19,2.2060623467784836e-19,No,0,S
2001.6666666666667,-1.596315013988962e-19,-1.0342656047069675e-20,1.6997415744596587e-19,-2.387721843240462e-19,2.2060623467784836e-19,No,0,S
2001.75,4.194905860505804e-20,-1.0487206157353824e-20,-3.1461852447704215e-20,-2.387721843240462e-19,2.2060623467784836e-19,No,0,S
2001.8333333333335,1.0548606802199849e-19,-1.0631756267637971e-20,-9.485431175436051e-20,-2.387721843240462e-19,2.2060623467784836e-19,No,0,S
2001.9166666666667,3.514252030559155e-20,-1.077630637792212e-20,-2.4366213927669433e-20,-2.387721843240462e-19,2.2060623467784836e-19,No,0,S
2002,3.0530529313650893e-20,-1.0920856488206268e-20,2,-2.387721843240462e-19,2.2060623467784836e-19,No,2,S
2002.0833333333335,-4.8990564347115e-20,-1.1065406598490417e-20,6.005597094560541e-20,-2.387721843240462e-19,2.2060623467784836e-19,No,0,S
2002.1666666666667,1.4006066576456657e-20,-1.1209956708774566e-20,6,-2.387721843240462e-19,2.2060623467784836e-19,No,6,S
2002.25,5.0294214931692287e-20,-1.1354506819058713e-20,-3.893970811263357e-20,-2.387721843240462e-19,2.2060623467784836e-19,No,0,S
2002.3333333333335,5.948708233221867e-20,-1.1499056929342862e-20,-4.79880254028758e-20,-2.387721843240462e-19,2.2060623467784836e-19,No,0,S
2002.4166666666667,-2.7453026914738885e-20,-1.164360703962701e-20,3.90966339543659e-20,-2.387721843240462e-19,2.2060623467784836e-19,No,6.018531076210112e-36,S
2002.5,1.2623442506513017e-20,-1.1788157149911159e-20,-8.352853566018577e-22,-2.387721843240462e-19,2.2060623467784836e-19,No,0,S
2002.5833333333335,-1.1344388924112757e-19,-1.1932707260195308e-20,1.253765965013229e-19,-2.387721843240462e-19,2.2060623467784836e-19,No,0,S
2002.6666666666667,-1.596315013988962e-19,-1.2077257370479456e-20,1.7170875876937566e-19,-2.387721843240462e-19,2.2060623467784836e-19,No,0,S
2002.75,4.194905860505804e-20,-1.217843576409128e-20,-2.977062284096676e-20,-2.387721843240462e-19,2.2060623467784836e-19,No,0,S
2002.8333333333335,1.0548606802199849e-19,-1.2279614157703105e-20,-9.320645386429538e-20,-2.387721843240462e-19,2.2060623467784836e-19,No,0,S
2002.9166666666667,3.514252030559155e-20,-1.2380792551314929e-20,-2.2761727754276622e-20,-2.387721843240462e-19,2.2060623467784836e-19,No,0,S
2003,3.0530529313650893e-20,-1.2481970944926753e-20,-1.804855836872414e-20,-2.387721843240462e-19,2.2060623467784836e-19,No,0,S
2003.0833333333335,-4.8990564347115e-20,-1.2583149338538577e-20,6.157371368565358e-20,-2.387721843240462e-19,2.2060623467784836e-19,No,6.018531076210112e-36,S
2003.1666666666667,1.4006066576456657e-20,-1.2684327732150402e-20,-1.3217388443062548e-21,-2.387721843240462e-19,2.2060623467784836e-19,No,0,S
2003.25,5.0294214931692287e-20,-1.2785506125762226e-20,-3.750870880593006e-20,-2.387721843240462e-19,2.2060623467784836e-19,No,0,S
2003.3333333333335,5.948708233221867e-20,-1.288668451937405e-20,-4.6600397812844614e-20,-2.387721843240462e-19,2.2060623467784836e-19,No,0,S
2003.4166666666667,-2.7453026914738885e-20,-1.2987862912985875e-20,2,-2.387721843240462e-19,2.2060623467784836e-19,No,2,S
2003.5,1.2623442506513017e-20,-1.3089041306597699e-20,4.655988000846823e-22,-2.387721843240462e-19,2.2060623467784836e-19,No,0,S
2003.5833333333335,-1.1344388924112757e-19,-1.3190219700209523e-20,4,-2.387721843240462e-19,2.2060623467784836e-19,No,4,S
2003.6666666666667,-1.596315013988962e-19,-1.3291398093821347e-20,1.7292289949271754e-19,-2.387721843240462e-19,2.2060623467784836e-19,No,0,S
2003.75,4.194905860505804e-20,-1.3392576487433172e-20,-2.855648211762487e-20,-2.387721843240462e-19,2.2060623467784836e-19,No,0,S
2003.8333333333335,1.0548606802199849e-19,-1.3493754881044996e-20,-9.199231314095349e-20,-2.387721843240462e-19,2.2060623467784836e-19,No,0,S
2003.9166666666667,3.514252030559155e-20,-1.3532499662144528e-20,-2.1610020643447023e-20,-2.387721843240462e-19,2.2060623467784836e-19,No,0,S
2004,3.0530529313650893e-20,-1.3571244443244058e-20,-1.6959284870406835e-20,-2.387721843240462e-19,2.2060623467784836e-19,No,0,S
2004.0833333333335,-4.8990564347115e-20,-1.360998922434359e-20,3,-2.387721843240462e-19,2.2060623467784836e-19,No,3,S
2004.1666666666667,1.4006066576456657e-20,-1.3648734005443122e-20,-3.573325710135348e-22,-2.387721843240462e-19,2.2060623467784836e-19,No,0,S
2004.25,5.0294214931692287e-20,-1.3687478786542654e-20,-3.660673614514963e-20,-2.387721843240462e-19,2.2060623467784836e-19,No,6.018531076210112e-36,S
2004.3333333333335,5.948708233221867e-20,-1.3726223567642183e-20,-4.5760858764576483e-20,-2.387721843240462e-19,2.2060623467784836e-19,No,0,S
2004.4166666666667,-2.7453026914738885e-20,-1.3764968348741714e-20,4.12179952634806e-20,-2.387721843240462e-19,2.2060623467784836e-19,No,0,S
2004.5,1.2623442506513017e-20,-1.3803713129841246e-20,1.1802706233282296e-21,-2.387721843240462e-19,2.2060623467784836e-19,No,0,S
2004.5833333333335,-1.1344388924112757e-19,-1.3842457910940778e-20,1.2728634715206835e-19,-2.387721843240462e-19,2.2060623467784836e-19,No,0,S
2004.6666666666667,-1.596315013988962e-19,-1.388120269204031e-20,1.735127040909365e-19,-2.387721843240462e-19,2.2060623467784836e-19,No,0,S
2004.75,4.194905860505804e-20,-1.3919947473139842e-20,-2.80291111319182e-20,-2.387721843240462e-19,2.2060623467784836e-19,No,0,S
2004.8333333333335,1.0548606802199849e-19,-1.395869225423937e-20,-9.152737576775912e-20,-2.387721843240462e-19,2.2060623467784836e-19,No,0,S
2004.9166666666667,3.514252030559155e-20,-1.3997437035338902e-20,-2.114508327025265e-20,-2.387721843240462e-19,2.2060623467784836e-19,No,0,S
2005,3.0530529313650893e-20,-1.4036181816438434e-20,-1.649434749721246e-20,-2.387721843240462e-19,2.2060623467784836e-19,No,0,S
2005.0833333333335,-4.8990564347115e-20,-1.409276964770613e-20,6.308333399482113e-20,-2.387721843240462e-19,2.2060623467784836e-19,No,6.018531076210112e-36,S
2005.1666666666667,1.4006066576456657e-20,-1.4149357478973832e-20,1.4329090251717479e-22,-2.387721843240462e-19,2.2060623467784836e-19,No,0,S
2005.25,5.0294214931692287e-20,-1.420594531024153e-20,-3.608826962145076e-20,-2.387721843240462e-19,2.2060623467784836e-19,No,0,S
2005.3333333333335,5.948708233221867e-20,-1.4262533141509226e-20,-4.522454919070944e-20,-2.387721843240462e-19,2.2060623467784836e-19,No,0,S
2005.4166666666667,-2.7453026914738885e-20,-1.4319120972776926e-20,7,-2.387721843240462e-19,2.2060623467784836e-19,No,7,S
2005.5,1.2623442506513017e-20,-1.4375708804044623e-20,2,-2.387721843240462e-19,2.2060623467784836e-19,No,2,S
2005.5833333333335,-1.1344388924112757e-19,-1.443229663531232e-20,1,-2.387721843240462e-19,2.2060623467784836e-19,No,1,S
2005.6666666666667,-1.596315013988962e-19,-1.448888446658002e-20,1.741203858654762e-19,-2.387721843240462e-19,2.2060623467784836e-19,No,0,S
2005.75,4.194905860505804e-20,-1.4545472297847717e-20,-2.7403586307210325e-20,-2.387721843240462e-19,2.2060623467784836e-19,No,0,S
2005.8333333333335,1.0548606802199849e-19,-1.4602060129115417e-20,-9.088400789288307e-20,-2.387721843240462e-19,2.2060623467784836e-19,No,0,S
2005.9166666666667,3.514252030559155e-20,-1.4658647960383114e-20,-2.0483872345208438e-20,-2.387721843240462e-19,2.2060623467784836e-19,No,0,S
2006,3.0530529313650893e-20,-1.471523579165081e-20,-1.5815293522000082e-20,-2.387721843240462e-19,2.2060623467784836e-19,No,0,S
2006.0833333333335,-4.8990564347115e-20,-1.4771823622918512e-20,6.376238797003351e-20,-2.387721843240462e-19,2.2060623467784836e-19,No,0,S
2006.1666666666667,1.4006066576456657e-20,-1.482841145418621e-20,8.223448777295519e-22,-2.387721843240462e-19,2.2060623467784836e-19,No,0,S
2006.25,5.0294214931692287e-20,-1.4906453162052312e-20,-3.538776176963997e-20,-2.387721843240462e-19,2.2060623467784836e-19,No,6.018531076210112e-36,S
2006.3333333333335,5.948708233221867e-20,-1.4984494869918415e-20,-4.450258746230025e-20,-2.387721843240462e-19,2.2060623467784836e-19,No,0,S
2006.4166666666667,-2.7453026914738885e-20,-1.5062536577784518e-20,7,-2.387721843240462e-19,2.2060623467784836e-19,No,7,S
2006.5,1.2623442506513017e-20,-1.514057828565062e-20,6,-2.387721843240462e-19,2.2060623467784836e-19,No,6,S
2006.5833333333335,-1.1344388924112757e-19,-1.5218619993516724e-20,1,-2.387721843240462e-19,2.2060623467784836e-19,No,1,S
2006.6666666666667,-1.596315013988962e-19,-1.5296661701382827e-20,6,-2.387721843240462e-19,2.2060623467784836e-19,No,6,S
2006.75,4.194905860505804e-20,-1.537470340924893e-20,-2.6574355195809112e-20,-2.387721843240462e-19,2.2060623467784836e-19,No,0,S
2006.8333333333335,1.0548606802199849e-19,-1.5452745117115036e-20,6,-2.387721843240462e-19,2.2060623467784836e-19,No,6,S
2006.9166666666667,3.514252030559155e-20,-1.553078682498114e-20,4,-2.387721843240462e-19,2.2060623467784836e-19,No,4,S
2007,3.0530529313650893e-20,-1.5608828532847242e-20,5,-2.387721843240462e-19,2.2060623467784836e-19,No,5,S
2007.0833333333335,-4.8990564347115e-20,-1.5686870240713345e-20,6.467743458782834e-20,-2.387721843240462e-19,2.2060623467784836e-19,No,-6.018531076210112e-36,S
2007.1666666666667,1.4006066576456657e-20,-1.5764911948579448e-20,1.758845372122791e-21,-2.387721843240462e-19,2.2060623467784836e-19,No,0,S
2007.25,5.0294214931692287e-20,-1.584295365644555e-20,-3.4451261275246736e-20,-2.387721843240462e-19,2.2060623467784836e-19,No,0,S
2007.3333333333335,5.948708233221867e-20,-1.5920995364311654e-20,-4.3566086967907015e-20,-2.387721843240462e-19,2.2060623467784836e-19,No,0,S
2007.4166666666667,-2.7453026914738885e-20,-1.5887517042633737e-20,4.334054395737262e-20,-2.387721843240462e-19,2.2060623467784836e-19,No,0,S
2007.5,1.2623442506513017e-20,-1.5854038720955817e-20,3.2305962144428005e-21,-2.387721843240462e-19,2.2060623467784836e-19,No,0,S
2007.5833333333335,-1.1344388924112757e-19,-1.58205603992779e-20,1.2926444964040547e-19,-2.387721843240462e-19,2.2060623467784836e-19,No,0,S
2007.6666666666667,-1.596315013988962e-19,-1.5787082077599984e-20,1.7541858347649617e-19,-2.387721843240462e-19,2.2060623467784836e-19,No,0,S
2007.75,4.194905860505804e-20,-1.5753603755922067e-20,4,-2.387721843240462e-19,2.2060623467784836e-19,No,4,S
2007.8333333333335,1.0548606802199849e-19,-1.5720125434244147e-20,3,-2.387721843240462e-19,2.2060623467784836e-19,No,3,S
2007.9166666666667,3.514252030559155e-20,-1.568664711256623e-20,3,-2.387721843240462e-19,2.2060623467784836e-19,No,3,S
2008,3.0530529313650893e-20,-1.5653168790888314e-20,6,-2.387721843240462e-19,2.2060623467784836e-19,No,6,S
2008.0833333333335,-4.8990564347115e-20,-1.5619690469210394e-20,8,-2.387721843240462e-19,2.2060623467784836e-19,No,8,S
2008.1666666666667,1.4006066576456657e-20,-1.5586212147532477e-20,1.5801455710758203e-21,-2.387721843240462e-19,2.2060623467784836e-19,No,0,S
2008.25,5.0294214931692287e-20,-1.555273382585456e-20,-3.474148110583773e-20,-2.387721843240462e-19,2.2060623467784836e-19,No,-6.018531076210112e-36,S
2008.3333333333335,5.948708233221867e-20,-1.5519255504176644e-20,-4.396782682804202e-20,-2.387721843240462e-19,2.2060623467784836e-19,No,0,S
2008.4166666666667,-2.7453026914738885e-20,-1.5485777182498724e-20,1,-2.387721843240462e-19,2.2060623467784836e-19,No,1,S
2008.5,1.2623442506513017e-20,-1.5452298860820807e-20,2.8288563543077903e-21,-2.387721843240462e-19,2.2060623467784836e-19,No,0,S
2008.5833333333335,-1.1344388924112757e-19,-1.535473828639962e-20,1.2879862752752718e-19,-2.387721843240462e-19,2.2060623467784836e-19,No,-2.407412430484045e-35,S
2008.6666666666667,-1.596315013988962e-19,-1.5257177711978435e-20,1,-2.387721843240462e-19,2.2060623467784836e-19,No,1,S
2008.75,4.194905860505804e-20,-1.5159617137557248e-20,-2.6789441467500794e-20,-2.387721843240462e-19,2.2060623467784836e-19,No,0,S
2008.8333333333335,1.0548606802199849e-19,-1.5062056563136064e-20,-9.042401145886242e-20,-2.387721843240462e-19,2.2060623467784836e-19,No,0,S
2008.9166666666667,3.514252030559155e-20,-1.4964495988714876e-20,-2.0178024316876676e-20,-2.387721843240462e-19,2.2060623467784836e-19,No,0,S
2009,3.0530529313650893e-20,-1.4866935414293692e-20,-1.56635938993572e-20,-2.387721843240462e-19,2.2060623467784836e-19,No,0,S
2009.0833333333335,-4.8990564347115e-20,-1.4769374839872505e-20,6.37599391869875e-20,-2.387721843240462e-19,2.2060623467784836e-19,No,6.018531076210112e-36,S
2009.1666666666667,1.4006066576456657e-20,-1.4671814265451317e-20,6.6574768899466045e-22,-2.387721843240462e-19,2.2060623467784836e-19,No,0,S
2009.25,5.0294214931692287e-20,-1.4574253691030133e-20,-3.5719961240662154e-20,-2.387721843240462e-19,2.2060623467784836e-19,No,0,S
2009.3333333333335,5.948708233221867e-20,-1.4476693116608945e-20,-4.5010389215609723e-20,-2.387721843240462e-19,2.2060623467784836e-19,No,0,S
2009.4166666666667,-2.7453026914738885e-20,-1.437913254218776e-20,3,-2.387721843240462e-19,2.2060623467784836e-19,No,3,S
2009.5,1.2623442506513017e-20,-1.4281571967766574e-20,1.658129461253557e-21,-2.387721843240462e-19,2.2060623467784836e-19,No,0,S
2009.5833333333335,-1.1344388924112757e-19,-1.418401139334539e-20,4,-2.387721843240462e-19,2.2060623467784836e-19,No,4,S
2009.6666666666667,-1.596315013988962e-19,-1.4086450818924202e-20,1.737179522178204e-19,-2.387721843240462e-19,2.2060623467784836e-19,No,0,S
2009.75,4.194905860505804e-20,-1.399736375095664e-20,2,-2.387721843240462e-19,2.2060623467784836e-19,No,2,S
2009.8333333333335,1.0548606802199849e-19,-1.3908276682989083e-20,-9.157779133900941e-20,-2.387721843240462e-19,2.2060623467784836e-19,No,0,S
2009.9166666666667,3.514252030559155e-20,-1.381918961502152e-20,-2.132333069057003e-20,-2.387721843240462e-19,2.2060623467784836e-19,No,0,S
2010,3.0530529313650893e-20,-1.3730102547053963e-20,1,-2.387721843240462e-19,2.2060623467784836e-19,No,1,S
2010.0833333333335,-4.8990564347115e-20,-1.3641015479086402e-20,6.26315798262014e-20,-2.387721843240462e-19,2.2060623467784836e-19,No,0,S
2010.1666666666667,1.4006066576456657e-20,-1.3551928411118842e-20,-4.541381653378146e-22,-2.387721843240462e-19,2.2060623467784836e-19,No,0,S
2010.25,5.0294214931692287e-20,-1.3462841343151282e-20,6,-2.387721843240462e-19,2.2060623467784836e-19,No,6,S
2010.3333333333335,5.948708233221867e-20,-1.3373754275183721e-20,1,-2.387721843240462e-19,2.2060623467784836e-19,No,1,S
2010.4166666666667,-2.7453026914738885e-20,-1.3284667207216161e-20,1,-2.387721843240462e-19,2.2060623467784836e-19,No,1,S
2010.5,1.2623442506513017e-20,-1.3195580139248602e-20,3,-2.387721843240462e-19,2.2060623467784836e-19,No,3,S
2010.5833333333335,-1.1344388924112757e-19,-1.3106493071281042e-20,7,-2.387721843240462e-19,2.2060623467784836e-19,No,7,S
2010.6666666666667,-1.596315013988962e-19,-1.3017406003313481e-20,1,-2.387721843240462e-19,2.2060623467784836e-19,No,1,S
2010.75,4.194905860505804e-20,-1.2928318935345921e-20,-2.9020739669712124e-20,-2.387721843240462e-19,2.2060623467784836e-19,No,0,S
2010.8333333333335,1.0548606802199849e-19,-1.2839231867378361e-20,-9.264683615462012e-20,-2.387721843240462e-19,2.2060623467784836e-19,No,0,S
2010.9166666666667,3.514252030559155e-20,-1.2726325690572255e-20,-2.2416194615019297e-20,-2.387721843240462e-19,2.2060623467784836e-19,No,0,S
2011,3.0530529313650893e-20,-1.2613419513766149e-20,-1.7917109799884743e-20,-2.387721843240462e-19,2.2060623467784836e-19,No,0,S
2011.0833333333335,-4.8990564347115e-20,-1.2500513336960042e-20,2,-2.387721843240462e-19,2.2060623467784836e-19,No,2,S
2011.1666666666667,1.4006066576456657e-20,-1.2387607160153936e-20,5,-2.387721843240462e-19,2.2060623467784836e-19,No,5,S
2011.25,5.0294214931692287e-20,-1.227470098334783e-20,8,-2.387721843240462e-19,2.2060623467784836e-19,No,8,S
2011.3333333333335,5.948708233221867e-20,-1.2161794806541724e-20,1,-2.387721843240462e-19,2.2060623467784836e-19,No,1,S
2011.4166666666667,-2.7453026914738885e-20,-1.2048888629735619e-20,3,-2.387721843240462e-19,2.2060623467784836e-19,No,3,S
2011.5,1.2623442506513017e-20,-1.1935982452929513e-20,-6.874600535835041e-22,-2.387721843240462e-19,2.2060623467784836e-19,No,0,S
2011.5833333333335,-1.1344388924112757e-19,-1.1823076276123406e-20,1.2526696551725099e-19,-2.387721843240462e-19,2.2060623467784836e-19,No,0,S
2011.6666666666667,-1.596315013988962e-19,-1.17101700993173e-20,6,-2.387721843240462e-19,2.2060623467784836e-19,No,6,S
2011.75,4.194905860505804e-20,-1.1597263922511194e-20,2,-2.387721843240462e-19,2.2060623467784836e-19,No,2,S
2011.8333333333335,1.0548606802199849e-19,-1.1484357745705087e-20,-9.40017102762934e-20,-2.387721843240462e-19,2.2060623467784836e-19,No,0,S
2011.9166666666667,3.514252030559155e-20,-1.1371451568898981e-20,-2.377106873669257e-20,-2.387721843240462e-19,2.2060623467784836e-19,No,0,S
2012,3.0530529313650893e-20,-1.1258545392092875e-20,-1.9271983921558018e-20,-2.387721843240462e-19,2.2060623467784836e-19,No,0,S
2012.0833333333335,-4.8990564347115e-20,-1.0996215953687462e-20,5.998678030080246e-20,-2.387721843240462e-19,2.2060623467784836e-19,No,0,S
2012.1666666666667,1.4006066576456657e-20,-1.073388651528205e-20,-3.2721800611746068e-21,-2.387721843240462e-19,2.2060623467784836e-19,No,0,S
2012.25,5.0294214931692287e-20,-1.0471557076876637e-20,-3.982265785481565e-20,-2.387721843240462e-19,2.2060623467784836e-19,No,6.018531076210112e-36,S
2012.3333333333335,5.948708233221867e-20,-1.0209227638471223e-20,5,-2.387721843240462e-19,2.2060623467784836e-19,No,5,S
2012.4166666666667,-2.7453026914738885e-20,-9.94689820006581e-21,3.7399925114804695e-20,-2.387721843240462e-19,2.2060623467784836e-19,No,0,S
2012.5,1.2623442506513017e-20,-9.684568761660398e-21,-2.9388737448526183e-21,-2.387721843240462e-19,2.2060623467784836e-19,No,0,S
2012.5833333333335,-1.1344388924112757e-19,-9.422239323254985e-21,1.2286612856438255e-19,-2.387721843240462e-19,2.2060623467784836e-19,No,0,S
2012.6666666666667,-1.596315013988962e-19,-9.159909884849572e-21,1.6879141128374575e-19,-2.387721843240462e-19,2.2060623467784836e-19,No,0,S
2012.75,4.194905860505804e-20,-8.89758044644416e-21,-3.305147815861388e-20,-2.387721843240462e-19,2.2060623467784836e-19,No,0,S
2012.8333333333335,1.0548606802199849e-19,-8.635251008038747e-21,-9.685081701395973e-20,-2.387721843240462e-19,2.2060623467784836e-19,No,0,S
2012.9166666666667,3.514252030559155e-20,-8.372921569633334e-21,-2.6769598735958218e-20,-2.387721843240462e-19,2.2060623467784836e-19,No,0,S
2013,3.0530529313650893e-20,-8.11059213122792e-21,-2.241993718242297e-20,-2.387721843240462e-19,2.2060623467784836e-19,No,0,S
2013.0833333333335,-4.8990564347115e-20,-7.848262692822509e-21,5.683882703993751e-20,-2.387721843240462e-19,2.2060623467784836e-19,No,0,S
2013.1666666666667,1.4006066576456657e-20,-7.585933254417095e-21,-6.420133322039561e-21,-2.387721843240462e-19,2.2060623467784836e-19,No,0,S
2013.25,5.0294214931692287e-20,-7.332062443263565e-21,1,-2.387721843240462e-19,2.2060623467784836e-19,No,1,S
2013.3333333333335,5.948708233221867e-20,-7.078191632110035e-21,3,-2.387721843240462e-19,2.2060623467784836e-19,No,3,S
2013.4166666666667,-2.7453026914738885e-20,-6.824320820956503e-21,3.427734773569539e-20,-2.387721843240462e-19,2.2060623467784836e-19,No,6.018531076210112e-36,S
2013.5,1.2623442506513017e-20,-6.5704500098029725e-21,5,-2.387721843240462e-19,2.2060623467784836e-19,No,5,S
2013.5833333333335,-1.1344388924112757e-19,-6.316579198649442e-21,8,-2.387721843240462e-19,2.2060623467784836e-19,No,8,S
2013.6666666666667,-1.596315013988962e-19,-6.062708387495911e-21,3,-2.387721843240462e-19,2.2060623467784836e-19,No,3,S
2013.75,4.194905860505804e-20,-5.808837576342381e-21,4,-2.387721843240462e-19,2.2060623467784836e-19,No,4,S
2013.8333333333335,1.0548606802199849e-19,-5.55496676518885e-21,-9.993110125680964e-20,-2.387721843240462e-19,2.2060623467784836e-19,No,0,S
2013.9166666666667,3.514252030559155e-20,-5.301095954035319e-21,-2.984142435155623e-20,-2.387721843240462e-19,2.2060623467784836e-19,No,0,S
2014,3.0530529313650893e-20,-5.047225142881789e-21,-2.5483304170769104e-20,-2.387721843240462e-19,2.2060623467784836e-19,No,0,S
2014.0833333333335,-4.8990564347115e-20,-4.793354331728258e-21,5.3783918678843255e-20,-2.387721843240462e-19,2.2060623467784836e-19,No,0,S
2014.1666666666667,1.4006066576456657e-20,-4.5394835205747275e-21,-9.466583055881928e-21,-2.387721843240462e-19,2.2060623467784836e-19,No,0,S
2014.25,5.0294214931692287e-20,-4.2856127094211964e-21,-4.6008602222271093e-20,-2.387721843240462e-19,2.2060623467784836e-19,No,-6.018531076210112e-36,S
2014.3333333333335,5.948708233221867e-20,-4.031741898267666e-21,6,-2.387721843240462e-19,2.2060623467784836e-19,No,6,S
2014.4166666666667,-2.7453026914738885e-20,-3.996650882920982e-21,3.1449677797659867e-20,-2.387721843240462e-19,2.2060623467784836e-19,No,0,S
2014.5,1.2623442506513017e-20,-3.961559867574298e-21,-8.66188263893872e-21,-2.387721843240462e-19,2.2060623467784836e-19,No,0,S
2014.5833333333335,-1.1344388924112757e-19,-3.926468852227614e-21,1.1737035809335518e-19,-2.387721843240462e-19,2.2060623467784836e-19,No,0,S
2014.6666666666667,-1.596315013988962e-19,-3.891377836880929e-21,2,-2.387721843240462e-19,2.2060623467784836e-19,No,2,S
2014.75,4.194905860505804e-20,-3.856286821534245e-21,2,-2.387721843240462e-19,2.2060623467784836e-19,No,2,S
2014.8333333333335,1.0548606802199849e-19,-3.821195806187561e-21,3,-2.387721843240462e-19,2.2060623467784836e-19,No,3,S
2014.9166666666667,3.514252030559155e-20,-3.786104790840877e-21,-3.1356415514750674e-20,-2.387721843240462e-19,2.2060623467784836e-19,No,0,S
2015,3.0530529313650893e-20,-3.7510137754941926e-21,-2.67795155381567e-20,-2.387721843240462e-19,2.2060623467784836e-19,No,0,S
2015.0833333333335,-4.8990564347115e-20,-3.715922760147509e-21,5.2706487107262505e-20,-2.387721843240462e-19,2.2060623467784836e-19,No,0,S
2015.1666666666667,1.4006066576456657e-20,-3.6808317448008246e-21,-1.0325234831655831e-20,-2.387721843240462e-19,2.2060623467784836e-19,No,0,S
2015.25,5.0294214931692287e-20,-3.64574072945414e-21,-4.6648474202238144e-20,-2.387721843240462e-19,2.2060623467784836e-19,No,6.018531076210112e-36,S
2015.3333333333335,5.948708233221867e-20,-3.610649714107456e-21,12,-2.387721843240462e-19,2.2060623467784836e-19,Yes,12,S
2015.4166666666667,-2.7453026914738885e-20,-3.575558698760772e-21,3,-2.387721843240462e-19,2.2060623467784836e-19,No,3,S
2015.5,1.2623442506513017e-20,-3.540467683414088e-21,-9.082974823098929e-21,-2.387721843240462e-19,2.2060623467784836e-19,No,0,S
2015.5833333333335,-1.1344388924112757e-19,-3.563458980836422e-21,1.1700734822196399e-19,-2.387721843240462e-19,2.2060623467784836e-19,No,0,S
2015.6666666666667,-1.596315013988962e-19,-3.586450278258756e-21,1.6321795167715494e-19,-2.387721843240462e-19,2.2060623467784836e-19,No,0,S
2015.75,4.194905860505804e-20,-3.60944157568109e-21,-3.833961702937695e-20,-2.387721843240462e-19,2.2060623467784836e-19,No,0,S
2015.8333333333335,1.0548606802199849e-19,-3.632432873103423e-21,5,-2.387721843240462e-19,2.2060623467784836e-19,No,5,S
2015.9166666666667,3.514252030559155e-20,-3.655424170525757e-21,6,-2.387721843240462e-19,2.2060623467784836e-19,No,6,S
2016,3.0530529313650893e-20,-3.6784154679480914e-21,3,-2.387721843240462e-19,2.2060623467784836e-19,No,3,S
2016.0833333333335,-4.8990564347115e-20,-3.7014067653704255e-21,2,-2.387721843240462e-19,2.2060623467784836e-19,No,2,S
2016.1666666666667,1.4006066576456657e-20,-3.7243980627927595e-21,-1.0281668513663896e-20,-2.387721843240462e-19,2.2060623467784836e-19,No,0,S
2016.25,5.0294214931692287e-20,-3.7473893602150936e-21,-4.6546825571477196e-20,-2.387721843240462e-19,2.2060623467784836e-19,No,0,S
2016.3333333333335,5.948708233221867e-20,-3.770380657637428e-21,-5.571670167458123e-20,-2.387721843240462e-19,2.2060623467784836e-19,No,0,S
2016.4166666666667,-2.7453026914738885e-20,-3.793371955059761e-21,3.1246398869798644e-20,-2.387721843240462e-19,2.2060623467784836e-19,No,0,S
2016.5,1.2623442506513017e-20,-3.816363252482095e-21,7,-2.387721843240462e-19,2.2060623467784836e-19,No,7,S
2016.5833333333335,-1.1344388924112757e-19,-3.839354549904429e-21,7,-2.387721843240462e-19,2.2060623467784836e-19,No,7,S
2016.6666666666667,-1.596315013988962e-19,-3.862345847326763e-21,1.6349384724622294e-19,-2.387721843240462e-19,2.2060623467784836e-19,No,0,S
2016.75,4.194905860505804e-20,-3.775502582706329e-21,-3.8173556022351715e-20,-2.387721843240462e-19,2.2060623467784836e-19,No,0,S
2016.8333333333335,1.0548606802199849e-19,-3.688659318085894e-21,2,-2.387721843240462e-19,2.2060623467784836e-19,No,2,S
2016.9166666666667,3.514252030559155e-20,-3.6018160534654594e-21,4,-2.387721843240462e-19,2.2060623467784836e-19,No,4,S
2017,3.0530529313650893e-20,-3.514972788845025e-21,-2.701555652480587e-20,-2.387721843240462e-19,2.2060623467784836e-19,No,0,S
2017.0833333333335,-4.8990564347115e-20,-3.42812952422459e-21,5.241869387133959e-20,-2.387721843240462e-19,2.2060623467784836e-19,No,0,S
2017.1666666666667,1.4006066576456657e-20,-3.3412862596041557e-21,-1.0664780316852501e-20,-2.387721843240462e-19,2.2060623467784836e-19,No,0,S
2017.25,5.0294214931692287e-20,-3.254442994983721e-21,1,-2.387721843240462e-19,2.2060623467784836e-19,No,1,S
2017.3333333333335,5.948708233221867e-20,-3.1675997303632863e-21,12,-2.387721843240462e-19,2.2060623467784836e-19,No,12,S
2017.4166666666667,-2.7453026914738885e-20,-3.080756465742852e-21,6,-2.387721843240462e-19,2.2060623467784836e-19,No,6,S
2017.5,1.2623442506513017e-20,-2.9939132011224173e-21,-9.6295293053906e-21,-2.387721843240462e-19,2.2060623467784836e-19,No,0,S
2017.5833333333335,-1.1344388924112757e-19,-2.9070699365019826e-21,5,-2.387721843240462e-19,2.2060623467784836e-19,No,5,S
2017.6666666666667,-1.596315013988962e-19,-2.820226671881548e-21,1.6245172807077775e-19,-2.387721843240462e-19,2.2060623467784836e-19,No,0,S
2017.75,4.194905860505804e-20,-2.7333834072611136e-21,6,-2.387721843240462e-19,2.2060623467784836e-19,No,6,S
2017.8333333333335,1.0548606802199849e-19,-2.646540142640679e-21,4,-2.387721843240462e-19,2.2060623467784836e-19,No,4,S
2017.9166666666667,3.514252030559155e-20,-2.464193835184745e-21,-3.2678326470406804e-20,-2.387721843240462e-19,2.2060623467784836e-19,No,6.018531076210112e-36,S
2018,3.0530529313650893e-20,-2.2818475277288116e-21,-2.824868178592208e-20,-2.387721843240462e-19,2.2060623467784836e-19,No,0,S
2018.0833333333335,-4.8990564347115e-20,-2.0995012202728778e-21,5.1090065567387877e-20,-2.387721843240462e-19,2.2060623467784836e-19,No,0,S
2018.1666666666667,1.4006066576456657e-20,-1.9171549128169443e-21,-1.2088911663639712e-20,-2.387721843240462e-19,2.2060623467784836e-19,No,0,S
2018.25,5.0294214931692287e-20,-1.7348086053610105e-21,-4.855940632633128e-20,-2.387721843240462e-19,2.2060623467784836e-19,No,0,S
2018.3333333333335,5.948708233221867e-20,-1.5524622979050766e-21,-5.793462003431358e-20,-2.387721843240462e-19,2.2060623467784836e-19,No,0,S
2018.4166666666667,-2.7453026914738885e-20,-1.370115990449143e-21,2.8823142905188025e-20,-2.387721843240462e-19,2.2060623467784836e-19,No,0,S
2018.5,1.2623442506513017e-20,-1.1877696829932093e-21,-1.1435672823519808e-20,-2.387721843240462e-19,2.2060623467784836e-19,No,0,S
2018.5833333333335,-1.1344388924112757e-19,-1.0054233755372757e-21,1.1444931261666484e-19,-2.387721843240462e-19,2.2060623467784836e-19,No,0,S
2018.6666666666667,-1.596315013988962e-19,-8.230770680813419e-22,6,-2.387721843240462e-19,2.2060623467784836e-19,No,6,S
2018.75,4.194905860505804e-20,-6.407307606254082e-22,-4.1308327844432634e-20,-2.387721843240462e-19,2.2060623467784836e-19,No,0,S
2018.8333333333335,1.0548606802199849e-19,-4.583844531694745e-22,-1.0502768356882901e-19,-2.387721843240462e-19,2.2060623467784836e-19,No,0,S
2018.9166666666667,3.514252030559155e-20,-2.7603814571354083e-22,-3.4866482159878013e-20,-2.387721843240462e-19,2.2060623467784836e-19,No,0,S
2019,3.0530529313650893e-20,-9.369183825760687e-23,-3.043683747539329e-20,-2.387721843240462e-19,2.2060623467784836e-19,No,0,S
2019.0833333333335,-4.8990564347115e-20,2.8388821660720177e-22,1,-2.387721843240462e-19,2.2060623467784836e-19,No,1,S
2019.1666666666667,1.4006066576456657e-20,6.614682714720105e-22,-1.4667534847928666e-20,-2.387721843240462e-19,2.2060623467784836e-19,No,0,S
2019.25,5.0294214931692287e-20,1.039048326336819e-21,-5.1333263258029105e-20,-2.387721843240462e-19,2.2060623467784836e-19,No,0,S
2019.3333333333335,5.948708233221867e-20,1.4166283812016278e-21,-6.09037107134203e-20,-2.387721843240462e-19,2.2060623467784836e-19,No,0,S
2019.4166666666667,-2.7453026914738885e-20,1.7942084360664363e-21,2.565881847867245e-20,-2.387721843240462e-19,2.2060623467784836e-19,No,0,S
2019.5,1.2623442506513017e-20,2.1717884909312452e-21,-1.479523099744426e-20,-2.387721843240462e-19,2.2060623467784836e-19,No,1.504632769052528e-36,S
2019.5833333333335,-1.1344388924112757e-19,2.5493685457960537e-21,1.1089452069533151e-19,-2.387721843240462e-19,2.2060623467784836e-19,No,0,S
2019.6666666666667,-1.596315013988962e-19,2.9269486006608622e-21,4,-2.387721843240462e-19,2.2060623467784836e-19,No,4,S
2019.75,4.194905860505804e-20,3.304528655525671e-21,-4.525358726058371e-20,-2.387721843240462e-19,2.2060623467784836e-19,No,0,S
2019.8333333333335,1.0548606802199849e-19,3.68210871039048e-21,-1.0916817673238897e-19,-2.387721843240462e-19,2.2060623467784836e-19,No,-1.2037062152420224e-35,S
2019.9166666666667,3.514252030559155e-20,4.0596887652552885e-21,-3.920220907084684e-20,-2.387721843240462e-19,2.2060623467784836e-19,No,0,S
2020,3.0530529313650893e-20,4.437268820120097e-21,2,-2.387721843240462e-19,2.2060623467784836e-19,No,2,S
2020.0833333333335,-4.8990564347115e-20,4.8148488749849056e-21,4,-2.387721843240462e-19,2.2060623467784836e-19,No,4,S
2020.1666666666667,1.4006066576456657e-20,5.192428929849715e-21,-1.9198495506306372e-20,-2.387721843240462e-19,2.2060623467784836e-19,No,0,S
2020.25,5.0294214931692287e-20,5.8106162437231974e-21,1,-2.387721843240462e-19,2.2060623467784836e-19,No,1,S
2020.3333333333335,5.948708233221867e-20,6.42880355759668e-21,6,-2.387721843240462e-19,2.2060623467784836e-19,No,6,S
2020.4166666666667,-2.7453026914738885e-20,7.046990871470163e-21,2.0406036043268723e-20,-2.387721843240462e-19,2.2060623467784836e-19,No,0,S
2020.5,1.2623442506513017e-20,7.665178185343645e-21,6,-2.387721843240462e-19,2.2060623467784836e-19,No,6,S
2020.5833333333335,-1.1344388924112757e-19,8.283365499217128e-21,1.0516052374191044e-19,-2.387721843240462e-19,2.2060623467784836e-19,No,0,S
2020.6666666666667,-1.596315013988962e-19,8.90155281309061e-21,1.5072994858580558e-19,-2.387721843240462e-19,2.2060623467784836e-19,No,0,S
2020.75,4.194905860505804e-20,9.519740126964093e-21,-5.1468798732022134e-20,-2.387721843240462e-19,2.2060623467784836e-19,No,0,S
2020.8333333333335,1.0548606802199849e-19,1.0137927440837576e-20,5,-2.387721843240462e-19,2.2060623467784836e-19,No,5,S
2020.9166666666667,3.514252030559155e-20,1.0756114754711058e-20,3,-2.387721843240462e-19,2.2060623467784836e-19,No,3,S
2021,3.0530529313650893e-20,1.1374302068584541e-20,-4.190483138223543e-20,-2.387721843240462e-19,2.2060623467784836e-19,No,0,S
2021.0833333333335,-4.8990564347115e-20,1.1992489382458023e-20,3.6998074964656976e-20,-2.387721843240462e-19,2.2060623467784836e-19,No,0,S
2021.1666666666667,1.4006066576456657e-20,1.2610676696331506e-20,-2.6616743272788163e-20,-2.387721843240462e-19,2.2060623467784836e-19,No,0,S
2021.25,5.0294214931692287e-20,1.3228864010204989e-20,6,-2.387721843240462e-19,2.2060623467784836e-19,No,6,S
2021.3333333333335,5.948708233221867e-20,1.384705132407847e-20,-7.333413365629714e-20,-2.387721843240462e-19,2.2060623467784836e-19,No,0,S
2021.4166666666667,-2.7453026914738885e-20,1.4457322318366626e-20,1.2995704596372258e-20,-2.387721843240462e-19,2.2060623467784836e-19,No,0,S
2021.5,1.2623442506513017e-20,1.506759331265478e-20,-2.76910358191678e-20,-2.387721843240462e-19,2.2060623467784836e-19,No,0,S
2021.5833333333335,-1.1344388924112757e-19,1.5677864306942936e-20,9.776602493418463e-20,-2.387721843240462e-19,2.2060623467784836e-19,No,0,S
2021.6666666666667,-1.596315013988962e-19,1.6288135301231094e-20,1.433433660976651e-19,-2.387721843240462e-19,2.2060623467784836e-19,No,2.407412430484045e-35,S
2021.75,4.194905860505804e-20,1.689840629551925e-20,2,-2.387721843240462e-19,2.2060623467784836e-19,No,2,S
2021.8333333333335,1.0548606802199849e-19,1.7508677289807404e-20,-1.229947453118059e-19,-2.387721843240462e-19,2.2060623467784836e-19,No,-1.2037062152420224e-35,S
2021.9166666666667,3.514252030559155e-20,1.811894828409556e-20,-5.326146858968711e-20,-2.387721843240462e-19,2.2060623467784836e-19,No,0,S
2022,3.0530529313650893e-20,1.8729219278383714e-20,-4.9259748592034607e-20,-2.387721843240462e-19,2.2060623467784836e-19,No,0,S
2022.0833333333335,-4.8990564347115e-20,1.933949027267187e-20,2.965107407444313e-20,-2.387721843240462e-19,2.2060623467784836e-19,No,0,S
2022.1666666666667,1.4006066576456657e-20,1.9949761266960026e-20,-3.3955827843416683e-20,-2.387721843240462e-19,2.2060623467784836e-19,No,0,S
2022.25,5.0294214931692287e-20,2.056003226124818e-20,-7.085424719294047e-20,-2.387721843240462e-19,2.2060623467784836e-19,No,-6.018531076210112e-36,S
2022.3333333333335,5.948708233221867e-20,2.1170303255536336e-20,3,-2.387721843240462e-19,2.2060623467784836e-19,No,3,S
2022.4166666666667,-2.7453026914738885e-20,2.178057424982449e-20,5.672452664914393e-21,-2.387721843240462e-19,2.2060623467784836e-19,No,0,S
2022.5,1.2623442506513017e-20,2.2390845244112646e-20,4,-2.387721843240462e-19,2.2060623467784836e-19,No,4,S
2022.5833333333335,-1.1344388924112757e-19,2.3028698108287147e-20,9.041519113284043e-20,-2.387721843240462e-19,2.2060623467784836e-19,No,0,S
2022.6666666666667,-1.596315013988962e-19,2.3666550972461648e-20,1.3596495042643454e-19,-2.387721843240462e-19,2.2060623467784836e-19,No,0,S
2022.75,4.194905860505804e-20,2.4304403836636152e-20,1,-2.387721843240462e-19,2.2060623467784836e-19,No,1,S
2022.8333333333335,1.0548606802199849e-19,2.4942256700810653e-20,2,-2.387721843240462e-19,2.2060623467784836e-19,No,2,S
2022.9166666666667,3.514252030559155e-20,2.5580109564985154e-20,6,-2.387721843240462e-19,2.2060623467784836e-19,No,6,S
2023,3.0530529313650893e-20,2.6217962429159655e-20,-5.674849174281055e-20,-2.387721843240462e-19,2.2060623467784836e-19,No,0,S
2023.0833333333335,-4.8990564347115e-20,2.6855815293334158e-20,2.213474905378084e-20,-2.387721843240462e-19,2.2060623467784836e-19,No,0,S
2023.1666666666667,1.4006066576456657e-20,2.7493668157508656e-20,7,-2.387721843240462e-19,2.2060623467784836e-19,No,7,S
2023.25,5.0294214931692287e-20,2.813152102168316e-20,5,-2.387721843240462e-19,2.2060623467784836e-19,No,5,S
2023.3333333333335,5.948708233221867e-20,2.8769373885857664e-20,1,-2.387721843240462e-19,2.2060623467784836e-19,No,1,S
2023.4166666666667,-2.7453026914738885e-20,2.940722675003216e-20,7,-2.387721843240462e-19,2.2060623467784836e-19,No,7,S
2023.5,1.2623442506513017e-20,3.0045079614206666e-20,1,-2.387721843240462e-19,2.2060623467784836e-19,No,1,S
2023.5833333333335,-1.1344388924112757e-19,3.0682932478381164e-20,8.276095676274641e-20,-2.387721843240462e-19,2.2060623467784836e-19,No,0,S
2023.6666666666667,-1.596315013988962e-19,3.132078534255567e-20,1.2831071605634052e-19,-2.387721843240462e-19,2.2060623467784836e-19,No,0,S
2023.75,4.194905860505804e-20,3.1976352277906116e-20,6,-2.387721843240462e-19,2.2060623467784836e-19,No,6,S
2023.8333333333335,1.0548606802199849e-19,3.263191921325657e-20,1,-2.387721843240462e-19,2.2060623467784836e-19,No,1,S
2023.9166666666667,3.514252030559155e-20,3.328748614860702e-20,5,-2.387721843240462e-19,2.2060623467784836e-19,No,5,S
2024,3.0530529313650893e-20,3.3943053083957473e-20,2,-2.387721843240462e-19,2.2060623467784836e-19,No,2,S
2024.0833333333335,-4.8990564347115e-20,3.459862001930792e-20,1.4391944327807076e-20,-2.387721843240462e-19,2.2060623467784836e-19,No,0,S
2024.1666666666667,1.4006066576456657e-20,3.5254186954658376e-20,-4.9260253531115036e-20,-2.387721843240462e-19,2.2060623467784836e-19,No,-3.009265538105056e-36,S
2024.25,5.0294214931692287e-20,3.5909753890008824e-20,6,-2.387721843240462e-19,2.2060623467784836e-19,No,6,S
2024.3333333333335,5.948708233221867e-20,3.656532082535927e-20,-9.605240315757794e-20,-2.387721843240462e-19,2.2060623467784836e-19,No,0,S
2024.4166666666667,-2.7453026914738885e-20,3.722088776070973e-20,-9.767860845970843e-21,-2.387721843240462e-19,2.2060623467784836e-19,No,0,S
2024.5,1.2623442506513017e-20,3.7876454696060176e-20,-5.049989720257319e-20,-2.387721843240462e-19,2.2060623467784836e-19,No,3.009265538105056e-36,S
2024.5833333333335,-1.1344388924112757e-19,3.853202163141063e-20,7.491186760971694e-20,-2.387721843240462e-19,2.2060623467784836e-19,No,0,S
2024.6666666666667,-1.596315013988962e-19,3.918758856676108e-20,1.204439128321351e-19,-2.387721843240462e-19,2.2060623467784836e-19,No,0,S
2024.75,4.194905860505804e-20,3.9843155502111527e-20,-8.179221410716957e-20,-2.387721843240462e-19,2.2060623467784836e-19,No,0,S
2024.8333333333335,1.0548606802199849e-19,4.049872243746198e-20,5,-2.387721843240462e-19,2.2060623467784836e-19,No,5,S
2024.9166666666667,3.514252030559155e-20,4.114404715414081e-20,1,-2.387721843240462e-19,2.2060623467784836e-19,No,1,S
2025,3.0530529313650893e-20,4.1789371870819644e-20,2,-2.387721843240462e-19,2.2060623467784836e-19,No,2,S
2025.0833333333335,-4.8990564347115e-20,4.243469658749848e-20,6.555867759616516e-21,-2.387721843240462e-19,2.2060623467784836e-19,No,0,S
2025.1666666666667,1.4006066576456657e-20,4.3080021304177313e-20,4,-2.387721843240462e-19,2.2060623467784836e-19,No,4,S
2025.25,5.0294214931692287e-20,4.3725346020856145e-20,-9.401956095254844e-20,-2.387721843240462e-19,2.2060623467784836e-19,No,-6.018531076210112e-36,S
2025.3333333333335,5.948708233221867e-20,4.4370670737534977e-20,1,-2.387721843240462e-19,2.2060623467784836e-19,No,1,S
2025.4166666666667,-2.7453026914738885e-20,4.5015995454213814e-20,5,-2.387721843240462e-19,2.2060623467784836e-19,No,5,S
2025.5,1.2623442506513017e-20,4.5661320170892646e-20,1,-2.387721843240462e-19,2.2060623467784836e-19,No,1,S
2025.5833333333335,-1.1344388924112757e-19,4.630664488757148e-20,6,-2.387721843240462e-19,2.2060623467784836e-19,No,6,S
2025.6666666666667,-1.596315013988962e-19,4.695196960425031e-20,1.1267953179464587e-19,-2.387721843240462e-19,2.2060623467784836e-19,No,0,S
2025.75,4.194905860505804e-20,4.7597294320929147e-20,6,-2.387721843240462e-19,2.2060623467784836e-19,No,6,S
2025.8333333333335,1.0548606802199849e-19,4.824261903760798e-20,1,-2.387721843240462e-19,2.2060623467784836e-19,No,1,S
2025.9166666666667,3.514252030559155e-20,4.888794375428681e-20,-8.403046405987836e-20,-2.387721843240462e-19,2.2060623467784836e-19,No,6.018531076210112e-36,S
