x,seasonal,trend,remainder,remainder_l1,remainder_l2,anomaly,observed,Zone
1981.6666666666667,-0.9463029423198068,66.68994711256612,-3.4325159087030244,-22.403715858334127,21.66565396639935,No,62.31112826154329,NW
1981.75,-0.3527610765114302,66.85504530789058,-4.191155969835862,-22.403715858334127,21.66565396639935,No,62.31112826154329,NW
1981.8333333333335,-0.8967328287637435,67.02014350321502,-3.81228241290799,-22.403715858334127,21.66565396639935,No,62.31112826154329,NW
1981.9166666666667,-0.2356631517695596,67.18524169853947,-4.638450285226625,-22.403715858334127,21.66565396639935,No,62.31112826154329,NW
1982,0.43800991554015667,67.35033989386393,-5.4772215478608,-22.403715858334127,21.66565396639935,No,62.31112826154329,NW
1982.0833333333335,0.5772179521674278,67.5154380891884,-5.781527779812535,-22.403715858334127,21.66565396639935,No,62.31112826154329,NW
1982.1666666666667,0.535032210238344,67.68053628451284,-5.904440233207858,-22.403715858334127,21.66565396639935,No,62.311128261543324,NW
1982.25,0.3466384430164382,67.84563447983729,-5.881144661310373,-22.403715858334127,21.66565396639935,No,62.31112826154335,NW
1982.3333333333335,0.3749452100783981,68.01073267516175,-6.074549623696761,-22.403715858334127,21.66565396639935,No,62.31112826154339,NW
1982.4166666666667,0.5371331661505832,68.17583087048621,-6.4018357750933745,-22.403715858334127,21.66565396639935,No,62.311128261543416,NW
1982.5,-0.10928063162928386,68.34092906581066,-5.9205201726379215,-22.403715858334127,21.66565396639935,No,62.31112826154345,NW
1982.5833333333335,-0.2682362523177811,68.5060272611351,-4.288940171984379,-22.403715858334127,21.66565396639935,No,63.94885083683294,NW
1982.6666666666667,-0.9463029423198068,68.67112545645956,-2.138249102017312,-22.403715858334127,21.66565396639935,No,65.58657341212245,NW
1982.75,-0.3527610765114302,68.83622365178402,-1.259166587860662,-22.403715858334127,21.66565396639935,No,67.22429598741194,NW
1982.8333333333335,-0.8967328287637435,69.00132184710847,0.757429544356711,-22.403715858334127,21.66565396639935,No,68.86201856270144,NW
1982.9166666666667,-0.2356631517695596,69.15669514051724,1.5787091492432381,-22.403715858334127,21.66565396639935,No,70.49974113799092,NW
1983,0.43800991554015667,69.31206843392602,2.3873853638142464,-22.403715858334127,21.66565396639935,No,72.13746371328043,NW
1983.0833333333335,0.5772179521674278,69.46744172733477,3.7305266090677094,-22.403715858334127,21.66565396639935,No,73.77518628856991,NW
1983.1666666666667,0.535032210238344,69.62281502074354,5.255061632877528,-22.403715858334127,21.66565396639935,No,75.41290886385941,NW
1983.25,0.3466384430164382,69.77818831415232,6.925804681980139,-22.403715858334127,21.66565396639935,No,77.0506314391489,NW
1983.3333333333335,0.3749452100783981,69.93356160756109,8.37984719679892,-22.403715858334127,21.66565396639935,No,78.6883540144384,NW
1983.4166666666667,0.5371331661505832,70.08893490096985,9.700008522607462,-22.403715858334127,21.66565396639935,No,80.32607658972789,NW
1983.5,-0.10928063162928386,70.24430819437862,11.828771602268063,-22.403715858334127,21.66565396639935,No,81.96379916501739,NW
1983.5833333333335,-0.2682362523177811,70.39968148778739,-6.140193621856028,-22.403715858334127,21.66565396639935,No,63.99125161361358,NW
1983.6666666666667,-0.9463029423198068,70.55505478119616,-0.45996018865048427,-22.403715858334127,21.66565396639935,No,69.14879165022587,NW
1983.75,-0.3527610765114302,70.71042807460493,3.948664688744671,-22.403715858334127,21.66565396639935,No,74.30633168683818,NW
1983.8333333333335,-0.8967328287637435,70.86580136801369,9.494803184200535,-22.403715858334127,21.66565396639935,No,79.46387172345048,NW
1983.9166666666667,-0.2356631517695596,71.02117466142246,5.622514010699064,-22.403715858334127,21.66565396639935,No,76.40802552035197,NW
1984,0.43800991554015667,71.17654795483124,3.4395385465640658,-22.403715858334127,21.66565396639935,No,75.05409641693547,NW
1984.0833333333335,0.5772179521674278,71.3246972192336,1.7982521421179314,-22.403715858334127,21.66565396639935,No,73.70016731351896,NW
1984.1666666666667,0.535032210238344,71.47284648363598,0.3383595162281381,-22.403715858334127,21.66565396639935,No,72.34623821010246,NW
1984.25,0.3466384430164382,71.62099574803834,-0.9753250843688335,-22.403715858334127,21.66565396639935,No,70.99230910668595,NW
1984.3333333333335,0.3749452100783981,71.7691450124407,-2.50571021924965,-22.403715858334127,21.66565396639935,No,69.63838000326945,NW
1984.4166666666667,0.5371331661505832,71.91729427684307,-4.169976543140706,-22.403715858334127,21.66565396639935,No,68.28445089985294,NW
1984.5,-0.10928063162928386,72.06544354124544,-5.0256411131797165,-22.403715858334127,21.66565396639935,No,66.93052179643644,NW
1984.5833333333335,-0.2682362523177811,72.2135928056478,-3.7913112856807487,-22.403715858334127,21.66565396639935,No,68.15404526764928,NW
1984.6666666666667,-0.9463029423198068,72.36174207005017,-2.037870388868228,-22.403715858334127,21.66565396639935,No,69.37756873886214,NW
1984.75,-0.3527610765114302,72.50989133445255,-1.5560380478661386,-22.403715858334127,21.66565396639935,No,70.60109221007498,NW
1984.8333333333335,-0.8967328287637435,72.65804059885491,0.06330791119665946,-22.403715858334127,21.66565396639935,No,71.82461568128782,NW
1984.9166666666667,-0.2356631517695596,72.80618986325727,0.4776124410129654,-22.403715858334127,21.66565396639935,No,73.04813915250068,NW
1985,0.43800991554015667,72.95433912765964,0.879313580513724,-22.403715858334127,21.66565396639935,No,74.27166262371352,NW
1985.0833333333335,0.5772179521674278,73.10248839206201,1.8154797506969231,-22.403715858334127,21.66565396639935,No,75.49518609492637,NW
1985.1666666666667,0.535032210238344,73.25063765646438,2.933039699436506,-22.403715858334127,21.66565396639935,No,76.71870956613922,NW
1985.25,0.3466384430164382,73.39081464392629,4.204779950409346,-22.403715858334127,21.66565396639935,No,77.94223303735208,NW
1985.3333333333335,0.3749452100783981,73.53099163138819,5.259819667098327,-22.403715858334127,21.66565396639935,No,79.16575650856491,NW
1985.4166666666667,0.5371331661505832,73.67116861885009,6.180978194777097,-22.403715858334127,21.66565396639935,No,80.38927997977777,NW
1985.5,-0.10928063162928386,73.811345606312,7.910738476307898,-22.403715858334127,21.66565396639935,No,81.61280345099061,NW
1985.5833333333335,-0.2682362523177811,73.95152259377392,7.405257619649362,-22.403715858334127,21.66565396639935,No,81.0885439611055,NW
1985.6666666666667,-0.9463029423198068,74.09169958123582,7.418887832304392,-22.403715858334127,21.66565396639935,No,80.5642844712204,NW
1985.75,-0.3527610765114302,74.23187656869771,6.160909489149006,-22.403715858334127,21.66565396639935,No,80.04002498133529,NW
1985.8333333333335,-0.8967328287637435,74.37205355615963,6.040444764054314,-22.403715858334127,21.66565396639935,No,79.5157654914502,NW
1985.9166666666667,-0.2356631517695596,74.51223054362154,4.714938609713101,-22.403715858334127,21.66565396639935,No,78.99150600156509,NW
1986,0.43800991554015667,74.65240753108344,3.3768290650563983,-22.403715858334127,21.66565396639935,No,78.46724651168,NW
1986.0833333333335,0.5772179521674278,74.79258451854534,2.5731845510821074,-22.403715858334127,21.66565396639935,No,77.94298702179488,NW
1986.1666666666667,0.535032210238344,74.93276150600725,1.9509338156641718,-22.403715858334127,21.66565396639935,No,77.41872753190977,NW
1986.25,0.3466384430164382,75.07293849346917,1.474891105539058,-22.403715858334127,21.66565396639935,No,76.89446804202467,NW
1986.3333333333335,0.3749452100783981,75.21311548093107,0.7821478611300989,-22.403715858334127,21.66565396639935,No,76.37020855213956,NW
1986.4166666666667,0.5371331661505832,75.31155140475492,-0.002735508651042551,-22.403715858334127,21.66565396639935,No,75.84594906225446,NW
1986.5,-0.10928063162928386,75.40998732857878,0.020982875419861102,-22.403715858334127,21.66565396639935,No,75.32168957236935,NW
1986.5833333333335,-0.2682362523177811,75.50842325240264,-0.44275691760060454,-22.403715858334127,21.66565396639935,No,74.79743008248425,NW
1986.6666666666667,-0.9463029423198068,75.60685917622651,-0.38738564130756004,-22.403715858334127,21.66565396639935,No,74.27317059259914,NW
1986.75,-0.3527610765114302,75.70529510005036,-0.9042975303970451,-22.403715858334127,21.66565396639935,No,74.44823649314189,NW
1986.8333333333335,-0.8967328287637435,75.80373102387422,-0.2836958014258357,-22.403715858334127,21.66565396639935,No,74.62330239368464,NW
1986.9166666666667,-0.2356631517695596,75.90216694769808,-0.8681355017011327,-22.403715858334127,21.66565396639935,No,74.79836829422739,NW
1987,0.43800991554015667,76.00060287152193,-1.465178592291963,-22.403715858334127,21.66565396639935,No,74.97343419477014,NW
1987.0833333333335,0.5772179521674278,76.09903879534579,-1.5277566522003383,-22.403715858334127,21.66565396639935,No,75.14850009531288,NW
1987.1666666666667,0.535032210238344,76.19747471916965,-1.4089409335523584,-22.403715858334127,21.66565396639935,No,75.32356599585563,NW
1987.25,0.3466384430164382,76.29591064299352,-2.033788471346625,-22.403715858334127,21.66565396639935,No,74.60876061466334,NW
1987.3333333333335,0.3749452100783981,76.39434656681738,-2.8753365434247655,-22.403715858334127,21.66565396639935,No,73.893955233471,NW
1987.4166666666667,0.5371331661505832,76.49278249064123,-3.8507658045131166,-22.403715858334127,21.66565396639935,No,73.1791498522787,NW
1987.5,-0.10928063162928386,76.59121841446509,-4.017593311749408,-22.403715858334127,21.66565396639935,No,72.46434447108639,NW
1987.5833333333335,-0.2682362523177811,76.64281202379722,-4.625036681585371,-22.403715858334127,21.66565396639935,No,71.74953908989407,NW
1987.6666666666667,-0.9463029423198068,76.69440563312936,-4.713368982107795,-22.403715858334127,21.66565396639935,No,71.03473370870176,NW
1987.75,-0.3527610765114302,76.7459992424615,-3.1211977694057538,-22.403715858334127,21.66565396639935,No,73.27204039654431,NW
1987.8333333333335,-0.8967328287637435,76.79759285179362,-0.39151293864300385,-22.403715858334127,21.66565396639935,No,75.50934708438687,NW
1987.9166666666667,-0.2356631517695596,76.84918646112575,1.1331304628732255,-22.403715858334127,21.66565396639935,No,77.74665377222942,NW
1988,0.43800991554015667,76.9007800704579,2.6451704740739217,-22.403715858334127,21.66565396639935,No,79.98396046007198,NW
1988.0833333333335,0.5772179521674278,76.95237367979003,4.691675515957087,-22.403715858334127,21.66565396639935,No,82.22126714791455,NW
1988.1666666666667,0.535032210238344,77.00396728912216,6.919574336396593,-22.403715858334127,21.66565396639935,No,84.4585738357571,NW
1988.25,0.3466384430164382,77.0555608984543,8.621688384022804,-22.403715858334127,21.66565396639935,No,86.02388772549355,NW
1988.3333333333335,0.3749452100783981,77.10715450778643,10.107101897365169,-22.403715858334127,21.66565396639935,No,87.58920161523,NW
1988.4166666666667,0.5371331661505832,77.15874811711856,11.45863422169731,-22.403715858334127,21.66565396639935,No,89.15451550496645,NW
1988.5,-0.10928063162928386,77.2103417264507,18.74860454304448,-22.403715858334127,21.66565396639935,No,95.84966563786588,NW
1988.5833333333335,-0.2682362523177811,77.26193533578284,13.071669811074614,-22.403715858334127,21.66565396639935,No,90.06536889453967,NW
1988.6666666666667,-0.9463029423198068,77.31352894511497,7.913846148418301,-22.403715858334127,21.66565396639935,No,84.28107215121346,NW
1988.75,-0.3527610765114302,77.35445843293346,1.4950780514652422,-22.403715858334127,21.66565396639935,No,78.49677540788727,NW
1988.8333333333335,-0.8967328287637435,77.39538792075194,-3.7861764274271366,-22.403715858334127,21.66565396639935,No,72.71247866456106,NW
1988.9166666666667,-0.2356631517695596,77.43631740857043,6.243744262037495,-22.403715858334127,21.66565396639935,No,83.44439851883837,NW
1989,0.43800991554015667,77.4772468963889,16.261061561186594,-22.403715858334127,21.66565396639935,No,94.17631837311566,NW
1989.0833333333335,0.5772179521674278,77.5181763842074,0.9850026133299679,-22.403715858334127,21.66565396639935,No,79.08039694970479,NW
1989.1666666666667,0.535032210238344,77.55910587202588,-13.26313735585343,-22.403715858334127,21.66565396639935,No,64.83100072641079,NW
1989.25,0.3466384430164382,77.60003535984437,1.054805460087536,-22.403715858334127,21.66565396639935,No,79.00147926294835,NW
1989.3333333333335,0.3749452100783981,77.64096484766286,15.15604774174463,-22.403715858334127,21.66565396639935,No,93.17195779948588,NW
1989.4166666666667,0.5371331661505832,77.68189433548135,8.251438813132893,-22.403715858334127,21.66565396639935,No,86.47046631476482,NW
1989.5,-0.10928063162928386,77.72282382329983,-8.024225821303673,-22.403715858334127,21.66565396639935,No,69.58931737036687,NW
1989.5833333333335,-0.2682362523177811,77.76375331111831,2.937801290279637,-22.403715858334127,21.66565396639935,No,80.43331834908017,NW
1989.6666666666667,-0.9463029423198068,77.8046827989368,-5.486156551305228,-22.403715858334127,21.66565396639935,No,71.37222330531176,NW
1989.75,-0.3527610765114302,77.84561228675528,-15.181722948700482,-22.403715858334127,21.66565396639935,No,62.311128261543374,NW
1989.8333333333335,-0.8967328287637435,77.88654177457377,-7.258976538180946,-22.403715858334127,21.66565396639935,No,69.73083240762908,NW
1989.9166666666667,-0.2356631517695596,77.921588484972645,-0.5353887794883008,-22.403715858334127,21.66565396639935,No,77.15053655371479,NW
1990,0.43800991554015667,77.9566351953715,3.2159248971213827,-22.403715858334127,21.66565396639935,No,81.61057000803305,NW
1990.0833333333335,0.5772179521674278,77.99168190577038,-1.3945557763623668,-22.403715858334127,21.66565396639935,No,77.17434408157544,NW
1990.1666666666667,0.535032210238344,78.02672861616925,-2.505208744159688,-22.403715858334127,21.66565396639935,No,76.0565520822479,NW
1990.25,0.3466384430164382,78.06177532656812,0.9957987463140228,-22.403715858334127,21.66565396639935,No,79.40421251589859,NW
1990.3333333333335,0.3749452100783981,78.09682203696698,4.280105702503889,-22.403715858334127,21.66565396639935,No,82.75187294954927,NW
1990.4166666666667,0.5371331661505832,78.13186874736586,1.850372556996831,-22.403715858334127,21.66565396639935,No,80.51937447051327,NW
1990.5,-0.10928063162928386,78.16691545776473,0.2292411653418327,-22.403715858334127,21.66565396639935,No,78.28687599147727,NW
1990.5833333333335,-0.2682362523177811,78.20196216816359,-10.163955822684827,-22.403715858334127,21.66565396639935,No,67.76977009316099,NW
1990.6666666666667,-0.9463029423198068,78.23700887856246,-8.735393448042188,-22.403715858334127,21.66565396639935,No,68.55531248820047,NW
1990.75,-0.3527610765114302,78.27205558896134,-8.578439629209967,-22.403715858334127,21.66565396639935,No,69.34085488323994,NW
1990.8333333333335,-0.8967328287637435,78.30710229936021,-7.283972192317037,-22.403715858334127,21.66565396639935,No,70.12639727827943,NW
1990.9166666666667,-0.2356631517695596,78.34214900975907,-7.1945461846706,-22.403715858334127,21.66565396639935,No,70.91193967331891,NW
1991,0.43800991554015667,78.37719572015794,-7.117723567339709,-22.403715858334127,21.66565396639935,No,71.6974820683584,NW
1991.0833333333335,0.5772179521674278,78.41214444335,-6.506337932119564,-22.403715858334127,21.66565396639935,No,72.48302446339787,NW
1991.1666666666667,0.535032210238344,78.44709316654205,-5.713558518343035,-22.403715858334127,21.66565396639935,No,73.26856685843735,NW
1991.25,0.3466384430164382,78.4820418897341,-4.774571079273713,-22.403715858334127,21.66565396639935,No,74.05410925347684,NW
1991.3333333333335,0.3749452100783981,78.51699061292616,-4.052284174488236,-22.403715858334127,21.66565396639935,No,74.83965164851632,NW
1991.4166666666667,0.5371331661505832,78.55193933611821,-3.4638784587129834,-22.403715858334127,21.66565396639935,No,75.62519404355581,NW
1991.5,-0.10928063162928386,78.58688805931027,-2.0668709890857,-22.403715858334127,21.66565396639935,No,76.41073643859528,NW
1991.5833333333335,-0.2682362523177811,78.62183678250233,-1.1573216965497863,-22.403715858334127,21.66565396639935,No,77.19627883363476,NW
1991.6666666666667,-0.9463029423198068,78.65678550569437,10.32620500806101,-22.403715858334127,21.66565396639935,No,88.03668757143558,NW
1991.75,-0.3527610765114302,78.69173422888643,9.125499058625081,-22.403715858334127,21.66565396639935,No,87.46447221100009,NW
1991.8333333333335,-0.8967328287637435,78.72668295207848,9.062306727249876,-22.403715858334127,21.66565396639935,No,86.8922568505646,NW
1991.9166666666667,-0.2356631517695596,78.76163167527054,7.794072966628136,-22.403715858334127,21.66565396639935,No,86.32004149012911,NW
1992,0.43800991554015667,78.7965803984626,6.5132358156908765,-22.403715858334127,21.66565396639935,No,85.74782612969364,NW
1992.0833333333335,0.5772179521674278,78.83152912165464,5.766863695436072,-22.403715858334127,21.66565396639935,No,85.17561076925814,NW
1992.1666666666667,0.535032210238344,78.8664778448467,5.201885353737609,-22.403715858334127,21.66565396639935,No,84.60339540882265,NW
1992.25,0.3466384430164382,78.91216415279314,4.772377452577587,-22.403715858334127,21.66565396639935,No,84.03118004838717,NW
1992.3333333333335,0.3749452100783981,78.95785046073959,4.126169017133691,-22.403715858334127,21.66565396639935,No,83.45896468795168,NW
1992.4166666666667,0.5371331661505832,79.00353676868605,3.346079392679556,-22.403715858334127,21.66565396639935,No,82.88674932751618,NW
1992.5,-0.10928063162928386,79.04922307663249,3.374591522077509,-22.403715858334127,21.66565396639935,No,82.3145339670807,NW
1992.5833333333335,-0.2682362523177811,79.09490938457893,2.915645474384064,-22.403715858334127,21.66565396639935,No,81.74231860664521,NW
1992.6666666666667,-0.9463029423198068,79.14059569252538,2.975810496004158,-22.403715858334127,21.66565396639935,No,81.17010324620973,NW
1992.75,-0.3527610765114302,79.18628200047183,1.7643669618138347,-22.403715858334127,21.66565396639935,No,80.59788788577424,NW
1992.8333333333335,-0.8967328287637435,79.23196830841827,1.6904370456842202,-22.403715858334127,21.66565396639935,No,80.02567252533875,NW
1992.9166666666667,-0.2356631517695596,79.27765461636471,0.41146570030811347,-22.403715858334127,21.66565396639935,No,79.45345716490327,NW
1993,0.43800991554015667,79.32334092431117,-0.8801090353835548,-22.403715858334127,21.66565396639935,No,78.88124180446778,NW
1993.0833333333335,0.5772179521674278,79.36902723225762,-1.6372187403927683,-22.403715858334127,21.66565396639935,No,78.30902644403228,NW
1993.1666666666667,0.535032210238344,79.41471354020406,-2.212934666845598,-22.403715858334127,21.66565396639935,No,77.7368110835968,NW
1993.25,0.3466384430164382,79.4603998481505,-2.6424425680056345,-22.403715858334127,21.66565396639935,No,77.16459572316131,NW
1993.3333333333335,0.3749452100783981,79.50608615609696,-3.288651003449516,-22.403715858334127,21.66565396639935,No,76.59238036272583,NW
1993.4166666666667,0.5371331661505832,79.5518750227732,-4.068843186633444,-22.403715858334127,21.66565396639935,No,76.02016500229034,NW
1993.5,-0.10928063162928386,79.59766388944946,-3.4423563495409866,-22.403715858334127,21.66565396639935,No,76.04602690827919,NW
1993.5833333333335,-0.2682362523177811,79.64345275612571,-3.303327689539884,-22.403715858334127,21.66565396639935,No,76.07188881426805,NW
1993.6666666666667,-0.9463029423198068,79.68924162280197,-2.6451879602252717,-22.403715858334127,21.66565396639935,No,76.0977507202569,NW
1993.75,-0.3527610765114302,79.73503048947822,-3.2586567867210334,-22.403715858334127,21.66565396639935,No,76.12361262624576,NW
1993.8333333333335,-0.8967328287637435,79.78081935615448,-2.734611995156115,-22.403715858334127,21.66565396639935,No,76.14947453223462,NW
1993.9166666666667,-0.2356631517695596,79.82660822283073,-3.415608632837703,-22.403715858334127,21.66565396639935,No,76.17533643822347,NW
1994,0.43800991554015667,79.87239708950698,-4.1092086608347955,-22.403715858334127,21.66565396639935,No,76.20119834421234,NW
1994.0833333333335,0.5772179521674278,79.91818595618324,-4.26834365814949,-22.403715858334127,21.66565396639935,No,76.22706025020118,NW
1994.1666666666667,0.535032210238344,79.96397482285948,-4.246084876907787,-22.403715858334127,21.66565396639935,No,76.25292215619004,NW
1994.25,0.3466384430164382,80.00976368953575,-4.077618070373305,-22.403715858334127,21.66565396639935,No,76.27878406217889,NW
1994.3333333333335,0.3749452100783981,80.05555255621199,-4.125851798122653,-22.403715858334127,21.66565396639935,No,76.30464596816773,NW
1994.4166666666667,0.5371331661505832,80.10134142288825,-4.307966714882241,-22.403715858334127,21.66565396639935,No,76.3305078741566,NW
1994.5,-0.10928063162928386,80.1471302895645,-0.6400762970215084,-22.403715858334127,21.66565396639935,No,79.3977733609137,NW
1994.5833333333335,-0.2682362523177811,80.15461830227848,2.57865679771011,-22.403715858334127,21.66565396639935,No,82.46503884767081,NW
1994.6666666666667,-0.9463029423198068,80.16210631499247,6.316500961755253,-22.403715858334127,21.66565396639935,No,85.53230433442792,NW
1994.75,-0.3527610765114302,80.16959432770645,8.782736569990007,-22.403715858334127,21.66565396639935,No,88.59956982118503,NW
1994.8333333333335,-0.8967328287637435,80.17708234042044,12.386485796285442,-22.403715858334127,21.66565396639935,No,91.66683530794214,NW
1994.9166666666667,-0.2356631517695596,80.18457035313442,14.785193593334384,-22.403715858334127,21.66565396639935,No,94.73410079469924,NW
1995,0.43800991554015667,80.19205836584841,3.4978671770357295,-22.403715858334127,21.66565396639935,No,84.1279354584243,NW
1995.0833333333335,0.5772179521674278,80.19954637856239,9.212036217415388,-22.403715858334127,21.66565396639935,No,89.9888005481452,NW
1995.1666666666667,0.535032210238344,80.20703439127637,15.10759903635143,-22.403715858334127,21.66565396639935,No,95.84966563786614,NW
1995.25,0.3466384430164382,80.21452240399036,11.24510624295634,-22.403715858334127,21.66565396639935,No,91.80626708996314,NW
1995.3333333333335,0.3749452100783981,80.22201041670434,7.165912915277403,-22.403715858334127,21.66565396639935,No,87.76286854206013,NW
1995.4166666666667,0.5371331661505832,80.22949842941833,2.952838398588213,-22.403715858334127,21.66565396639935,No,83.71946999415712,NW
1995.5,-0.10928063162928386,80.2369864421323,-0.45163436424888914,-22.403715858334127,21.66565396639935,No,79.67607144625413,NW
1995.5833333333335,-0.2682362523177811,80.2444744548463,-17.66510994098514,-22.403715858334127,21.66565396639935,No,62.311128261543374,NW
1995.6666666666667,-0.9463029423198068,80.25196246756028,-15.128368651432211,-22.403715858334127,21.66565396639935,No,64.17729087380826,NW
1995.75,-0.3527610765114302,80.2327017572379,-13.83648719465333,-22.403715858334127,21.66565396639935,No,66.04345348607315,NW
1995.8333333333335,-0.8967328287637435,80.21344104691553,-11.407092119813754,-22.403715858334127,21.66565396639935,No,67.90961609833803,NW
1995.9166666666667,-0.2356631517695596,80.19418033659316,-1.671641193346332,-22.403715858334127,21.66565396639935,No,78.28687599147727,NW
1996,0.43800991554015667,80.1749196262708,5.961761183637336,-22.403715858334127,21.66565396639935,No,86.5746907254483,NW
1996.0833333333335,0.5772179521674278,80.15565891594844,-15.061501902432141,-22.403715858334127,21.66565396639935,No,65.67137496568373,NW
1996.1666666666667,0.535032210238344,80.13639820562607,-3.2584851805392105,-22.403715858334127,21.66565396639935,No,77.4129452353252,NW
1996.25,0.3466384430164382,80.1171374953037,8.690739566646528,-22.403715858334127,21.66565396639935,No,89.15451550496667,NW
1996.3333333333335,0.3749452100783981,80.09787678498132,7.163651160535423,-22.403715858334127,21.66565396639935,No,87.63647315559514,NW
1996.4166666666667,0.5371331661505832,80.07861607465895,5.502681565414093,-22.403715858334127,21.66565396639935,No,86.11843080622363,NW
1996.5,-0.10928063162928386,80.05935536433658,4.650313724144837,-22.403715858334127,21.66565396639935,No,84.60038845685213,NW
1996.5833333333335,-0.2682362523177811,80.04009465401423,3.310487705784169,-22.403715858334127,21.66565396639935,No,83.08234610748062,NW
1996.6666666666667,-0.9463029423198068,80.02083394369185,2.489772756737054,-22.403715858334127,21.66565396639935,No,81.5643037581091,NW
1996.75,-0.3527610765114302,80.00157323336948,0.39744925187953584,-22.403715858334127,21.66565396639935,No,80.04626140873759,NW
1996.8333333333335,-0.8967328287637435,79.98231252304711,-0.5573606349172877,-22.403715858334127,21.66565396639935,No,78.52821905936608,NW
1996.9166666666667,-0.2356631517695596,79.97168222462898,-2.7258423628648387,-22.403715858334127,21.66565396639935,No,77.01017670999458,NW
1997,0.43800991554015667,79.96105192621086,-4.906927481127937,-22.403715858334127,21.66565396639935,No,75.49213436062308,NW
1997.0833333333335,0.5772179521674278,79.95042162779272,-6.553547568708595,-22.403715858334127,21.66565396639935,No,73.97409201125156,NW
1997.1666666666667,0.535032210238344,79.9397913293746,11.070700328689753,-22.403715858334127,21.66565396639935,No,91.5455238683027,NW
1997.25,0.3466384430164382,79.92916103095646,12.227171634392533,-22.403715858334127,21.66565396639935,No,92.50297110836544,NW
1997.3333333333335,0.3749452100783981,79.91853073253834,-16.862265446359878,-22.403715858334127,21.66565396639935,No,63.43121049625687,NW
1997.4166666666667,0.5371331661505832,79.90790043412021,-0.23827659740310025,-22.403715858334127,21.66565396639935,No,80.20675700286769,NW
1997.5,-0.10928063162928386,79.89727013570207,7.403548183918787,-22.403715858334127,21.66565396639935,No,87.19153768799157,NW
1997.5833333333335,-0.2682362523177811,79.88663983728395,14.557914788149262,-22.403715858334127,21.66565396639935,No,94.17631837311544,NW
1997.6666666666667,-0.9463029423198068,79.87600953886582,10.08837359464718,-22.403715858334127,21.66565396639935,No,89.01808019119319,NW
1997.75,-0.3527610765114302,79.8653792404477,4.347223845334682,-22.403715858334127,21.66565396639935,No,83.85984200927095,NW
1997.8333333333335,-0.8967328287637435,79.85474894202956,14.022551049628703,-22.403715858334127,21.66565396639935,No,92.98056716289452,NW
1997.9166666666667,-0.2356631517695596,79.84411864361144,4.669575226298321,-22.403715858334127,21.66565396639935,No,84.2780307181402,NW
1998,0.43800991554015667,79.8334883451933,3.754794008135349,-22.403715858334127,21.66565396639935,No,84.02629226886881,NW
1998.0833333333335,0.5772179521674278,79.81996687615276,-2.1103088368429184,-22.403715858334127,21.66565396639935,No,78.28687599147727,NW
1998.1666666666667,0.535032210238344,79.80644540711222,-4.250690157781634,-22.403715858334127,21.66565396639935,No,76.09078745956893,NW
1998.25,0.3466384430164382,79.79292393807168,-3.9600414960620185,-22.403715858334127,21.66565396639935,No,76.17952088502611,NW
1998.3333333333335,0.3749452100783981,79.77940246903115,-3.886093368626291,-22.403715858334127,21.66565396639935,No,76.26825431048326,NW
1998.4166666666667,0.5371331661505832,79.76588099999061,-3.94602643020076,-22.403715858334127,21.66565396639935,No,76.35698773594044,NW
1998.5,-0.10928063162928386,79.75235953095007,-3.197357737923184,-22.403715858334127,21.66565396639935,No,76.4457211613976,NW
1998.5833333333335,-0.2682362523177811,79.73883806190953,-2.9361472227369916,-22.403715858334127,21.66565396639935,No,76.53445458685476,NW
1998.6666666666667,-0.9463029423198068,79.72531659286899,-2.1558256382372605,-22.403715858334127,21.66565396639935,No,76.62318801231193,NW
1998.75,-0.3527610765114302,79.71179512382845,-2.647112609547932,-22.403715858334127,21.66565396639935,No,76.71192143776909,NW
1998.8333333333335,-0.8967328287637435,79.69827365478791,-2.000885962797895,-22.403715858334127,21.66565396639935,No,76.80065486322627,NW
1998.9166666666667,-0.2356631517695596,79.68475218574739,-2.5597007452943927,-22.403715858334127,21.66565396639935,No,76.88938828868343,NW
1999,0.43800991554015667,79.67123071670684,-3.1311189181064094,-22.403715858334127,21.66565396639935,No,76.9781217141406,NW
1999.0833333333335,0.5772179521674278,79.6577092476663,-3.1680720602359713,-22.403715858334127,21.66565396639935,No,77.06685513959776,NW
1999.1666666666667,0.535032210238344,79.64418777862576,-3.023631423809178,-22.403715858334127,21.66565396639935,No,77.15558856505493,NW
1999.25,0.3466384430164382,79.64132466532737,-2.7436411178317144,-22.403715858334127,21.66565396639935,No,77.2443219905121,NW
1999.3333333333335,0.3749452100783981,79.63846155202899,-2.68035134613811,-22.403715858334127,21.66565396639935,No,77.33305541596927,NW
1999.4166666666667,0.5371331661505832,79.6355984387306,-2.750942763454745,-22.403715858334127,21.66565396639935,No,77.42178884142643,NW
1999.5,-0.10928063162928386,79.63273532543221,-0.23105493693957158,-22.403715858334127,21.66565396639935,No,79.29239975686335,NW
1999.5833333333335,-0.2682362523177811,79.62987221213382,1.8013747124842183,-22.403715858334127,21.66565396639935,No,81.16301067230026,NW
1999.6666666666667,-0.9463029423198068,79.62700909883543,3.771346699778107,-22.403715858334127,21.66565396639935,No,82.45205285629373,NW
1999.75,-0.3527610765114302,79.62414598553706,2.423985409343956,-22.403715858334127,21.66565396639935,No,81.69537031836958,NW
1999.8333333333335,-0.8967328287637435,79.62128287223867,2.214137736970528,-22.403715858334127,21.66565396639935,No,80.93868778044545,NW
1999.9166666666667,-0.2356631517695596,79.61841975894028,0.7992486353505797,-22.403715858334127,21.66565396639935,No,80.1820052425213,NW
2000,0.43800991554015667,79.61555664564189,-0.6282438565848878,-22.403715858334127,21.66565396639935,No,79.42532270459716,NW
2000.0833333333335,0.5772179521674278,79.6126935323435,-1.5212713178379147,-22.403715858334127,21.66565396639935,No,78.66864016667301,NW
2000.1666666666667,0.535032210238344,79.60983041904511,-2.2329050005345863,-22.403715858334127,21.66565396639935,No,77.91195762874887,NW
2000.25,0.3466384430164382,79.60696730574672,-2.798330657938422,-22.403715858334127,21.66565396639935,No,77.15527509082474,NW
2000.3333333333335,0.3749452100783981,79.60410419244833,-3.5804568496261453,-22.403715858334127,21.66565396639935,No,76.39859255290058,NW
2000.4166666666667,0.5371331661505832,79.59293722803925,-5.694155559579116,-22.403715858334127,21.66565396639935,No,74.43591483461071,NW
2000.5,-0.10928063162928386,79.58177026363016,-17.16136137045772,-22.403715858334127,21.66565396639935,No,62.31112826154316,NW
2000.5833333333335,-0.2682362523177811,79.57060329922108,-14.264071150759449,-22.403715858334127,21.66565396639935,No,65.03829589614385,NW
2000.6666666666667,-0.9463029423198068,79.55943633481199,-10.847669861747647,-22.403715858334127,21.66565396639935,No,67.76546353074454,NW
2000.75,-0.3527610765114302,79.5482693704029,-8.702877128546262,-22.403715858334127,21.66565396639935,No,70.49263116534522,NW
2000.8333333333335,-0.8967328287637435,79.53710240599382,-5.420570777284169,-22.403715858334127,21.66565396639935,No,73.2197987999459,NW
2000.9166666666667,-0.2356631517695596,79.52593544158474,-3.343305855268582,-22.403715858334127,21.66565396639935,No,75.9469664345466,NW
2001,0.43800991554015667,79.51476847717564,-1.2786443235685283,-22.403715858334127,21.66565396639935,No,78.67413406914727,NW
2001.0833333333335,0.5772179521674278,79.50360151276655,1.3204822388139803,-22.403715858334127,21.66565396639935,No,81.40130170374796,NW
2001.1666666666667,0.535032210238344,79.49243454835747,4.101002579752844,-22.403715858334127,21.66565396639935,No,84.12846933834865,NW
2001.25,0.3466384430164382,79.48126758394838,5.305772544707395,-22.403715858334127,21.66565396639935,No,85.13367857167222,NW
2001.3333333333335,0.3749452100783981,79.4701006195393,6.293841975378086,-22.403715858334127,21.66565396639935,No,86.13888780499578,NW
2001.4166666666667,0.5371331661505832,79.45893365513021,7.148030217038539,-22.403715858334127,21.66565396639935,No,87.14409703831933,NW
2001.5,-0.10928063162928386,79.44776669072112,8.810820212551064,-22.403715858334127,21.66565396639935,No,88.1493062716429,NW
2001.5833333333335,-0.2682362523177811,79.42382411228732,9.998927644996911,-22.403715858334127,21.66565396639935,No,89.15451550496645,NW
2001.6666666666667,-0.9463029423198068,79.39988153385353,6.228135582953129,-22.403715858334127,21.66565396639935,No,84.68171417448686,NW
2001.75,-0.3527610765114302,79.37593895541973,1.185734965098959,-22.403715858334127,21.66565396639935,No,80.20891284400726,NW
2001.8333333333335,-0.8967328287637435,79.35199637698592,-2.7191520346945026,-22.403715858334127,21.66565396639935,No,75.73611151352767,NW
2001.9166666666667,-0.2356631517695596,79.32805379855212,-7.829080463734485,-22.403715858334127,21.66565396639935,No,71.26331018304808,NW
2002,0.43800991554015667,79.30411122011833,-12.951612283090014,-22.403715858334127,21.66565396639935,No,66.79050885256848,NW
2002.0833333333335,0.5772179521674278,79.28016864168453,-10.0818928226483,-22.403715858334127,21.66565396639935,No,69.77549377120366,NW
2002.1666666666667,0.535032210238344,79.25622606325072,-4.275864751339114,-22.403715858334127,21.66565396639935,No,75.51539352214995,NW
2002.25,0.3466384430164382,79.23228348481693,-2.7691204113012446,-22.403715858334127,21.66565396639935,No,76.80980151653213,NW
2002.3333333333335,0.3749452100783981,79.20834090638313,-1.479076605547192,-22.403715858334127,21.66565396639935,No,78.10420951091433,NW
2002.4166666666667,0.5371331661505832,79.18439832794932,-0.3229139888033927,-22.403715858334127,21.66565396639935,No,79.39861750529651,NW
2002.5,-0.10928063162928386,79.16045574951552,1.641850381792466,-22.403715858334127,21.66565396639935,No,80.6930254996787,NW
2002.5833333333335,-0.2682362523177811,79.13651317108173,3.119156575296941,-22.403715858334127,21.66565396639935,No,81.9874334940609,NW
2002.6666666666667,-0.9463029423198068,79.11257059264793,5.115573838114955,-22.403715858334127,21.66565396639935,No,83.28184148844308,NW
2002.75,-0.3527610765114302,79.10694328655036,4.413673078094661,-22.403715858334127,21.66565396639935,No,83.1678552881336,NW
2002.8333333333335,-0.8967328287637435,79.10131598045278,6.830295300490846,-22.403715858334127,21.66565396639935,No,85.03487845217988,NW
2002.9166666666667,-0.2356631517695596,79.09568867435522,8.04187609364051,-22.403715858334127,21.66565396639935,No,86.90190161622617,NW
2003,0.43800991554015667,79.09006136825765,9.240853496474628,-22.403715858334127,21.66565396639935,No,88.76892478027244,NW
2003.0833333333335,0.5772179521674278,79.08443406216007,10.974295929991229,-22.403715858334127,21.66565396639935,No,90.63594794431873,NW
2003.1666666666667,0.535032210238344,79.0788067560625,12.88913214206417,-22.403715858334127,21.66565396639935,No,92.50297110836502,NW
2003.25,0.3466384430164382,79.07317944996494,10.94240562217503,-22.403715858334127,21.66565396639935,No,90.36222351515642,NW
2003.3333333333335,0.3749452100783981,79.06755214386736,8.778978568002017,-22.403715858334127,21.66565396639935,No,88.22147592194777,NW
2003.4166666666667,0.5371331661505832,79.0619248377698,6.481670324818779,-22.403715858334127,21.66565396639935,No,86.08072832873916,NW
2003.5,-0.10928063162928386,79.05629753167221,4.9929638354876005,-22.403715858334127,21.66565396639935,No,83.93998073553053,NW
2003.5833333333335,-0.2682362523177811,79.05067022557465,3.016799169065038,-22.403715858334127,21.66565396639935,No,81.79923314232191,NW
2003.6666666666667,-0.9463029423198068,79.04504291947708,-0.8718909332572196,-22.403715858334127,21.66565396639935,No,77.22684904390006,NW
2003.75,-0.3527610765114302,79.0394156133795,-1.1241735294674413,-22.403715858334127,21.66565396639935,No,77.56248100740063,NW
2003.8333333333335,-0.8967328287637435,79.03378830728194,-0.23894250761698288,-22.403715858334127,21.66565396639935,No,77.89811297090121,NW
2003.9166666666667,-0.2356631517695596,79.04610870830197,-0.5767006221306303,-22.403715858334127,21.66565396639935,No,78.23374493440178,NW
2004,0.43800991554015667,79.058429109322,-0.9270621269597967,-22.403715858334127,21.66565396639935,No,78.56937689790237,NW
2004.0833333333335,0.5772179521674278,79.07074951034204,-0.7429586011065226,-22.403715858334127,21.66565396639935,No,78.90500886140295,NW
2004.1666666666667,0.535032210238344,79.08306991136207,-0.3774612966968931,-22.403715858334127,21.66565396639935,No,79.24064082490352,NW
2004.25,0.3466384430164382,79.09539031238211,0.1342440330055581,-22.403715858334127,21.66565396639935,No,79.57627278840411,NW
2004.3333333333335,0.3749452100783981,79.10771071340214,0.4292488284241358,-22.403715858334127,21.66565396639935,No,79.91190475190467,NW
2004.4166666666667,0.5371331661505832,79.12003111442218,0.5903724348324886,-22.403715858334127,21.66565396639935,No,80.24753671540525,NW
2004.5,-0.10928063162928386,79.1323515154422,3.4295052171622444,-22.403715858334127,21.66565396639935,No,82.45257610097515,NW
2004.5833333333335,-0.2682362523177811,79.14467191646223,-0.7631305105629167,-22.403715858334127,21.66565396639935,No,78.11330515358154,NW
2004.6666666666667,-0.9463029423198068,79.15699231748226,-0.3606005952378837,-22.403715858334127,21.66565396639935,No,77.85008877992458,NW
2004.75,-0.3527610765114302,79.1693127185023,-1.2296792357232391,-22.403715858334127,21.66565396639935,No,77.58687240626763,NW
2004.8333333333335,-0.8967328287637435,79.18163311952233,-0.9612442581479144,-22.403715858334127,21.66565396639935,No,77.32365603261067,NW
2004.9166666666667,-0.2356631517695596,79.19395352054237,-1.897850709819096,-22.403715858334127,21.66565396639935,No,77.06043965895371,NW
2005,0.43800991554015667,79.2062739215624,-2.8470605518057823,-22.403715858334127,21.66565396639935,No,76.79722328529678,NW
2005.0833333333335,0.5772179521674278,79.2156884317427,-3.258899472270329,-22.403715858334127,21.66565396639935,No,76.5340069116398,NW
2005.1666666666667,0.535032210238344,79.22510294192303,-3.4893446141785205,-22.403715858334127,21.66565396639935,No,76.27079053798285,NW
2005.25,0.3466384430164382,79.23451745210333,-3.5735817307938618,-22.403715858334127,21.66565396639935,No,76.00757416432592,NW
2005.3333333333335,0.3749452100783981,79.24393196228364,-3.8745193816930907,-22.403715858334127,21.66565396639935,No,75.74435779066894,NW
2005.4166666666667,0.5371331661505832,79.25334647246396,3.403887793564394,-22.403715858334127,21.66565396639935,No,83.19436743217894,NW
2005.5,-0.10928063162928386,79.26276098264427,-2.365438564779552,-22.403715858334127,21.66565396639935,No,76.78804178623542,NW
2005.5833333333335,-0.2682362523177811,79.27217549282459,-14.452854885028486,-22.403715858334127,21.66565396639935,No,64.55108435547832,NW
2005.6666666666667,-0.9463029423198068,79.2815900030049,-12.741575316476712,-22.403715858334127,21.66565396639935,No,65.59371174420838,NW
2005.75,-0.3527610765114302,79.2910045131852,-12.301904303735341,-22.403715858334127,21.66565396639935,No,66.63633913293843,NW
2005.8333333333335,-0.8967328287637435,79.30041902336552,-10.724719672933276,-22.403715858334127,21.66565396639935,No,67.6789665216685,NW
2005.9166666666667,-0.2356631517695596,79.30983353354583,-10.352576471377716,-22.403715858334127,21.66565396639935,No,68.72159391039855,NW
2006,0.43800991554015667,79.31924804372613,-9.993036660137676,-22.403715858334127,21.66565396639935,No,69.76422129912862,NW
2006.0833333333335,0.5772179521674278,79.32866255390645,-9.099031818215224,-22.403715858334127,21.66565396639935,No,70.80684868785866,NW
2006.1666666666667,0.535032210238344,79.33807706408676,-8.023633197736373,-22.403715858334127,21.66565396639935,No,71.84947607658873,NW
2006.25,0.3466384430164382,79.33863039721642,-6.793165374914068,-22.403715858334127,21.66565396639935,No,72.8921034653188,NW
2006.3333333333335,0.3749452100783981,79.33918373034608,-5.779398086375636,-22.403715858334127,21.66565396639935,No,73.93473085404884,NW
2006.4166666666667,0.5371331661505832,79.33973706347574,1.2642042218814709,-22.403715858334127,21.66565396639935,No,81.14107445150779,NW
2006.5,-0.10928063162928386,79.34029039660538,-1.5585856092655206,-22.403715858334127,21.66565396639935,No,77.67242415571057,NW
2006.5833333333335,-0.2682362523177811,79.34084372973504,-9.080831268790334,-22.403715858334127,21.66565396639935,No,69.99177620862693,NW
2006.6666666666667,-0.9463029423198068,79.3413970628647,-16.083965859001594,-22.403715858334127,21.66565396639935,No,62.3111282615433,NW
2006.75,-0.3527610765114302,79.34195039599436,-1.1701421118075785,-22.403715858334127,21.66565396639935,No,77.81904720767535,NW
2006.8333333333335,-0.8967328287637435,79.34250372912402,0.26986271229274905,-22.403715858334127,21.66565396639935,No,78.71563361265302,NW
2006.9166666666667,-0.2356631517695596,79.34305706225368,0.5048261071465561,-22.403715858334127,21.66565396639935,No,79.61222001763068,NW
2007,0.43800991554015667,79.34361039538334,4.552613981488122,-22.403715858334127,21.66565396639935,No,84.33423429241162,NW
2007.0833333333335,0.5772179521674278,79.34416372851298,10.906497026049593,-22.403715858334127,21.66565396639935,No,90.82787870673,NW
2007.1666666666667,0.535032210238344,79.34471706164264,1.5077936570466335,-22.403715858334127,21.66565396639935,No,81.38754292892762,NW
2007.25,0.3466384430164382,79.3452703947723,1.1188475963331683,-22.403715858334127,21.66565396639935,No,80.81075643412191,NW
2007.3333333333335,0.3749452100783981,79.34582372790196,0.5132010013358297,-22.403715858334127,21.66565396639935,No,80.23396993931618,NW
2007.4166666666667,0.5371331661505832,79.35576095758994,-0.23571067923006694,-22.403715858334127,21.66565396639935,No,79.65718344451045,NW
2007.5,-0.10928063162928386,79.36569818727791,-0.17602060594389002,-22.403715858334127,21.66565396639935,No,79.08039694970473,NW
2007.5833333333335,-0.2682362523177811,79.37563541696589,13.395571943717329,-22.403715858334127,21.66565396639935,No,92.50297110836544,NW
2007.6666666666667,-0.9463029423198068,79.38557264665388,11.82851494692217,-22.403715858334127,21.66565396639935,No,90.26778465125625,NW
2007.75,-0.3527610765114302,79.39550987634186,8.989849394316636,-22.403715858334127,21.66565396639935,No,88.03259819414707,NW
2007.8333333333335,-0.8967328287637435,79.40544710602984,7.288697459771782,-22.403715858334127,21.66565396639935,No,85.79741173703788,NW
2007.9166666666667,-0.2356631517695596,79.41538433571782,4.382504095980423,-22.403715858334127,21.66565396639935,No,83.56222527992868,NW
2008,0.43800991554015667,79.4253215654058,1.463707341873544,-22.403715858334127,21.66565396639935,No,81.3270388228195,NW
2008.0833333333335,0.5772179521674278,79.43525879509377,-0.9206243815508941,-22.403715858334127,21.66565396639935,No,79.09185236571031,NW
2008.1666666666667,0.535032210238344,79.44519602478175,-5.359502635470818,-22.403715858334127,21.66565396639935,No,74.62072559954927,NW
2008.25,0.3466384430164382,79.45513325446974,-9.652172864097949,-22.403715858334127,21.66565396639935,No,70.14959883338824,NW
2008.3333333333335,0.3749452100783981,79.46507048415772,-5.172031470826468,-22.403715858334127,21.66565396639935,No,74.66798422340965,NW
2008.4166666666667,0.5371331661505832,79.4750077138457,-0.8257712665652122,-22.403715858334127,21.66565396639935,No,79.18636961343107,NW
2008.5,-0.10928063162928386,79.48494494353368,4.329090691548103,-22.403715858334127,21.66565396639935,No,83.70475500345249,NW
2008.5833333333335,-0.2682362523177811,79.49652050043169,9.712252440170289,-22.403715858334127,21.66565396639935,No,88.9405366882842,NW
2008.6666666666667,-0.9463029423198068,79.5080960573297,15.614525258106028,-22.403715858334127,21.66565396639935,No,94.17631837311592,NW
2008.75,-0.3527610765114302,79.5196716142277,13.243914237439796,-22.403715858334127,21.66565396639935,No,92.41082477515607,NW
2008.8333333333335,-0.8967328287637435,79.53124717112571,12.010816834834259,-22.403715858334127,21.66565396639935,No,90.64533117719623,NW
2008.9166666666667,-0.2356631517695596,79.54282272802372,9.572678002982201,-22.403715858334127,21.66565396639935,No,88.87983757923637,NW
2009,0.43800991554015667,79.55439828492173,7.121935780814638,-22.403715858334127,21.66565396639935,No,87.11434398127653,NW
2009.0833333333335,0.5772179521674278,79.56597384181974,5.205658589329502,-22.403715858334127,21.66565396639935,No,85.34885038331667,NW
2009.1666666666667,0.535032210238344,79.57754939871776,3.4707751764007213,-22.403715858334127,21.66565396639935,No,83.58335678535683,NW
2009.25,0.3466384430164382,79.58912495561577,1.882099788764748,-22.403715858334127,21.66565396639935,No,81.81786318739697,NW
2009.3333333333335,0.3749452100783981,79.60070051251378,0.0767238668449437,-22.403715858334127,21.66565396639935,No,80.05236958943712,NW
2009.4166666666667,0.5371331661505832,79.61227606941179,-1.8625332440850997,-22.403715858334127,21.66565396639935,No,78.28687599147727,NW
2009.5,-0.10928063162928386,79.6238516263098,-17.203442733137145,-22.403715858334127,21.66565396639935,No,62.311128261543374,NW
2009.5833333333335,-0.2682362523177811,79.63542718320781,-11.658673698273489,-22.403715858334127,21.66565396639935,No,67.70851723261654,NW
2009.6666666666667,-0.9463029423198068,79.64700274010582,-5.594793594096302,-22.403715858334127,21.66565396639935,No,73.10590620368971,NW
2009.75,-0.3527610765114302,79.64067036754639,-0.7846141162720812,-22.403715858334127,21.66565396639935,No,78.50329517476288,NW
2009.8333333333335,-0.8967328287637435,79.63433799498696,0.3611127617195109,-22.403715858334127,21.66565396639935,No,79.09871792794273,NW
2009.9166666666667,-0.2356631517695596,79.62800562242754,16.457323167207903,-22.403715858334127,21.66565396639935,No,95.84966563786588,NW
2010,0.43800991554015667,79.62167324986811,11.245672101918785,-22.403715858334127,21.66565396639935,No,91.30535526732706,NW
2010.0833333333335,0.5772179521674278,79.61534087730868,6.568486067312122,-22.403715858334127,21.66565396639935,No,86.76104489678823,NW
2010.1666666666667,0.535032210238344,79.60900850474926,2.0726938112618143,-22.403715858334127,21.66565396639935,No,82.21673452624941,NW
2010.25,0.3466384430164382,79.60267613218983,-2.276890419495686,-22.403715858334127,21.66565396639935,No,77.67242415571059,NW
2010.3333333333335,0.3749452100783981,79.59634375963039,13.200668829777058,-22.403715858334127,21.66565396639935,No,93.17195779948584,NW
2010.4166666666667,0.5371331661505832,79.59001138707096,-3.7121027467964467,-22.403715858334127,21.66565396639935,No,76.4150418064251,NW
2010.5,-0.10928063162928386,79.58367901451153,-1.565672349062055,-22.403715858334127,21.66565396639935,No,77.90872603382019,NW
2010.5833333333335,-0.2682362523177811,79.5773466419521,0.09329987158096742,-22.403715858334127,21.66565396639935,No,79.4024102612153,NW
2010.6666666666667,-0.9463029423198068,79.57101426939268,8.854727713271657,-22.403715858334127,21.66565396639935,No,87.47943904034453,NW
2010.75,-0.3527610765114302,79.56468189683325,3.7740137114620325,-22.403715858334127,21.66565396639935,No,82.98593453178385,NW
2010.8333333333335,-0.8967328287637435,79.55834952427382,-0.1691866722869122,-22.403715858334127,21.66565396639935,No,78.49243002322316,NW
2010.9166666666667,-0.2356631517695596,79.52992825315614,-5.295339586724097,-22.403715858334127,21.66565396639935,No,73.99892551466249,NW
2011,0.43800991554015667,79.50150698203845,-10.434095891476801,-22.403715858334127,21.66565396639935,No,69.50542100610181,NW
2011.0833333333335,0.5772179521674278,79.47308571092077,-3.8288637173156275,-22.403715858334127,21.66565396639935,No,76.22143994577257,NW
2011.1666666666667,0.535032210238344,79.44466443980308,-2.9774659224064663,-22.403715858334127,21.66565396639935,No,77.00223072763495,NW
2011.25,0.3466384430164382,79.4162431686854,-1.979860102204512,-22.403715858334127,21.66565396639935,No,77.78302150949733,NW
2011.3333333333335,0.3749452100783981,79.3878218975677,16.086898530219784,-22.403715858334127,21.66565396639935,No,95.84966563786588,NW
2011.4166666666667,0.5371331661505832,79.35940062645003,7.568497501184595,-22.403715858334127,21.66565396639935,No,87.4650312937852,NW
2011.5,-0.10928063162928386,79.33097935533235,-0.14130177399853494,-22.403715858334127,21.66565396639935,No,79.08039694970452,NW
2011.5833333333335,-0.2682362523177811,79.30255808421465,-8.338559226273034,-22.403715858334127,21.66565396639935,No,70.69576260562384,NW
2011.6666666666667,-0.9463029423198068,79.27413681309697,-16.01670560923401,-22.403715858334127,21.66565396639935,No,62.31112826154316,NW
2011.75,-0.3527610765114302,79.24571554197928,-13.222423659866891,-22.403715858334127,21.66565396639935,No,65.67053080560096,NW
2011.8333333333335,-0.8967328287637435,79.2172942708616,-6.837316638677237,-22.403715858334127,21.66565396639935,No,71.48324480342062,NW
2011.9166666666667,-0.2356631517695596,79.18887299974391,-1.6572510467340749,-22.403715858334127,21.66565396639935,No,77.29595880124027,NW
2012,0.43800991554015667,79.16045172862623,3.510211154893554,-22.403715858334127,21.66565396639935,No,83.10867279905995,NW
2012.0833333333335,0.5772179521674278,79.14971489518962,9.19445394952254,-22.403715858334127,21.66565396639935,No,88.92138679687959,NW
2012.1666666666667,0.535032210238344,79.13897806175302,15.060090522707881,-22.403715858334127,21.66565396639935,No,94.73410079469924,NW
2012.25,0.3466384430164382,79.12824122831643,10.552765071567762,-22.403715858334127,21.66565396639935,No,90.02764474290063,NW
2012.3333333333335,0.3749452100783981,79.11750439487982,5.828739086143813,-22.403715858334127,21.66565396639935,No,85.32118869110202,NW
2012.4166666666667,0.5371331661505832,79.1067675614432,-3.4219523132406664,-22.403715858334127,21.66565396639935,No,76.22194841435312,NW
2012.5,-0.10928063162928386,79.09603072800661,-1.732337893462116,-22.403715858334127,21.66565396639935,No,77.2544122029152,NW
2012.5833333333335,-0.2682362523177811,79.08529389457001,-0.5301816507749635,-22.403715858334127,21.66565396639935,No,78.28687599147727,NW
2012.6666666666667,-0.9463029423198068,79.0745570611334,-10.778022041183803,-22.403715858334127,21.66565396639935,No,67.3502320776298,NW
2012.75,-0.3527610765114302,79.0638202276968,-15.279848654928593,-22.403715858334127,21.66565396639935,No,63.431210496256774,NW
2012.8333333333335,-0.8967328287637435,79.0530833942602,-12.540694938818362,-22.403715858334127,21.66565396639935,No,65.61565562667809,NW
2012.9166666666667,-0.2356631517695596,79.0423465608236,-11.00658265195463,-22.403715858334127,21.66565396639935,No,67.80010075709941,NW
2013,0.43800991554015667,79.03160972738699,-9.485073755406418,-22.403715858334127,21.66565396639935,No,69.98454588752074,NW
2013.0833333333335,0.5772179521674278,79.02087289395038,-7.429099828175765,-22.403715858334127,21.66565396639935,No,72.16899101794205,NW
2013.1666666666667,0.535032210238344,79.01013606051379,-5.191732122388757,-22.403715858334127,21.66565396639935,No,74.35343614836337,NW
2013.25,0.3466384430164382,79.02246634570118,-2.8312235099329115,-22.403715858334127,21.66565396639935,No,76.53788127878471,NW
2013.3333333333335,0.3749452100783981,79.03479663088856,-0.6874154317609396,-22.403715858334127,21.66565396639935,No,78.72232640920602,NW
2013.4166666666667,0.5371331661505832,79.04712691607595,1.3225114574007932,-22.403715858334127,21.66565396639935,No,80.90677153962733,NW
2013.5,-0.10928063162928386,79.05945720126334,4.1410401004146,-22.403715858334127,21.66565396639935,No,83.09121667004865,NW
2013.5833333333335,-0.2682362523177811,79.07178748645073,-9.773179817260385,-22.403715858334127,21.66565396639935,No,69.03037141687257,NW
2013.6666666666667,-0.9463029423198068,79.08411777163812,-6.44329382499815,-22.403715858334127,21.66565396639935,No,71.69452100432017,NW
2013.75,-0.3527610765114302,79.09644805682551,-4.385016388546305,-22.403715858334127,21.66565396639935,No,74.35867059176778,NW
2013.8333333333335,-0.8967328287637435,79.10877834201291,0.8843816694810585,-22.403715858334127,21.66565396639935,No,79.09642718273022,NW
2013.9166666666667,-0.2356631517695596,79.1211086272003,2.7008010444139643,-22.403715858334127,21.66565396639935,No,81.5862465198447,NW
2014,0.43800991554015667,79.13343891238769,4.504617029031337,-22.403715858334127,21.66565396639935,No,84.07606585695919,NW
2014.0833333333335,0.5772179521674278,79.14576919757508,6.84289804433115,-22.403715858334127,21.66565396639935,No,86.56588519407366,NW
2014.1666666666667,0.535032210238344,79.15809948276247,9.362572838187333,-22.403715858334127,21.66565396639935,No,89.05570453118814,NW
2014.25,0.3466384430164382,79.17042976794986,12.028455657336337,-22.403715858334127,21.66565396639935,No,91.54552386830264,NW
2014.3333333333335,0.3749452100783981,79.18276005313724,-3.8137079782302123,-22.403715858334127,21.66565396639935,No,75.74399728498543,NW
2014.4166666666667,0.5371331661505832,79.24045287672317,1.4333025704435727,-22.403715858334127,21.66565396639935,No,81.21088861331732,NW
2014.5,-0.10928063162928386,79.2981457003091,4.093731141768231,-22.403715858334127,21.66565396639935,No,83.28259621044805,NW
2014.5833333333335,-0.2682362523177811,79.355838523895045,6.2667015360014915,-22.403715858334127,21.66565396639935,No,85.35430380757876,NW
2014.6666666666667,-0.9463029423198068,79.41353134748097,-0.18035241368389165,-22.403715858334127,21.66565396639935,No,78.28687599147727,NW
2014.75,-0.3527610765114302,79.4712241710669,-15.967273156977058,-22.403715858334127,21.66565396639935,No,63.15118993757841,NW
2014.8333333333335,-0.8967328287637435,79.52891699465283,-11.28173838370985,-22.403715858334127,21.66565396639935,No,67.35044578217924,NW
2014.9166666666667,-0.2356631517695596,79.58660981823877,-8.646458380791913,-22.403715858334127,21.66565396639935,No,70.7044882856773,NW
2015,0.43800991554015667,79.6443026418247,-6.023781768189465,-22.403715858334127,21.66565396639935,No,74.05853078917539,NW
2015.0833333333335,0.5772179521674278,79.70199546541062,-2.866640124904606,-22.403715858334127,21.66565396639935,No,77.41257329267344,NW
2015.1666666666667,0.535032210238344,79.75968828899656,0.4718952969366086,-22.403715858334127,21.66565396639935,No,80.76661579617151,NW
2015.25,0.3466384430164382,79.8173811125825,3.9566387440706308,-22.403715858334127,21.66565396639935,No,84.12065829966957,NW
2015.3333333333335,0.3749452100783981,79.87507393616842,7.224681656920836,-22.403715858334127,21.66565396639935,No,87.47470080316765,NW
2015.4166666666667,0.5371331661505832,79.93276675975434,10.358843380760788,-22.403715858334127,21.66565396639935,No,90.82874330666571,NW
2015.5,-0.10928063162928386,79.99045958334028,-7.4951924548802396,-22.403715858334127,21.66565396639935,No,72.38598649683075,NW
2015.5833333333335,-0.2682362523177811,80.07847267579187,-17.499108161930927,-22.403715858334127,21.66565396639935,No,62.31112826154316,NW
2015.6666666666667,-0.9463029423198068,80.16648576824348,-4.3248991749796915,-22.403715858334127,21.66565396639935,No,74.89528365094398,NW
2015.75,-0.3527610765114302,80.25449886069507,7.5777012561611485,-22.403715858334127,21.66565396639935,No,87.47943904034479,NW
2015.8333333333335,-0.8967328287637435,80.34251195314665,-1.1589031329056354,-22.403715858334127,21.66565396639935,No,78.28687599147727,NW
2015.9166666666667,-0.2356631517695596,80.43052504559826,-1.8767419061703947,-22.403715858334127,21.66565396639935,No,78.3181199876583,NW
2016,0.43800991554015667,80.51853813804985,0.37181926176023694,-22.403715858334127,21.66565396639935,No,81.32836731535025,NW
2016.0833333333335,0.5772179521674278,80.60655123050145,-3.680903912851889,-22.403715858334127,21.66565396639935,No,77.502865269817,NW
2016.1666666666667,0.535032210238344,80.69456432295304,-3.530728582959327,-22.403715858334127,21.66565396639935,No,77.69886795023206,NW
2016.25,0.3466384430164382,80.78257741540463,-3.234345227773929,-22.403715858334127,21.66565396639935,No,77.89487063064715,NW
2016.3333333333335,0.3749452100783981,80.87059050785624,-3.1546624068724185,-22.403715858334127,21.66565396639935,No,78.09087331106221,NW
2016.4166666666667,0.5371331661505832,80.95860360030782,-3.208860774981133,-22.403715858334127,21.66565396639935,No,78.28687599147727,NW
2016.5,-0.10928063162928386,81.04661669275941,0.27667153807858824,-22.403715858334127,21.66565396639935,No,81.21400759920871,NW
2016.5833333333335,-0.2682362523177811,81.13462978521102,3.2747456740468976,-22.403715858334127,21.66565396639935,No,84.14113920694014,NW
2016.6666666666667,-0.9463029423198068,81.22264287766261,6.791930879328774,-22.403715858334127,21.66565396639935,No,87.06827081467158,NW
2016.75,-0.3527610765114302,81.28864341503314,9.05952008388131,-22.403715858334127,21.66565396639935,No,89.99540242240302,NW
2016.8333333333335,-0.8967328287637435,81.35464395240366,12.464622906494526,-22.403715858334127,21.66565396639935,No,92.92253403013444,NW
2016.9166666666667,-0.2356631517695596,81.42064448977419,14.66468429986125,-22.403715858334127,21.66565396639935,No,95.84966563786588,NW
2017,0.43800991554015667,81.48664502714473,13.925010695181072,-22.403715858334127,21.66565396639935,No,95.84966563786597,NW
2017.0833333333335,0.5772179521674278,81.55264556451526,13.719802121183363,-22.403715858334127,21.66565396639935,No,95.84966563786605,NW
2017.1666666666667,0.535032210238344,81.61864610188579,13.69598732574201,-22.403715858334127,21.66565396639935,No,95.84966563786614,NW
2017.25,0.3466384430164382,81.68464663925631,-3.4533661728500675,-22.403715858334127,21.66565396639935,No,78.57791890942269,NW
2017.3333333333335,0.3749452100783981,81.75064717662684,-0.4050786841190188,-22.403715858334127,21.66565396639935,No,81.72051370258622,NW
2017.4166666666667,0.5371331661505832,81.81664771399737,-18.69855393694845,-22.403715858334127,21.66565396639935,No,63.6552269431995,NW
2017.5,-0.10928063162928386,81.8826482513679,-16.48339715479591,-22.403715858334127,21.66565396639935,No,65.2899704649427,NW
2017.5833333333335,-0.2682362523177811,81.94864878873844,-14.75569854973476,-22.403715858334127,21.66565396639935,No,66.9247139866859,NW
2017.6666666666667,-0.9463029423198068,82.01464932610897,-12.508888875360057,-22.403715858334127,21.66565396639935,No,68.5594575084291,NW
2017.75,-0.3527610765114302,82.0806498634795,-11.533687756795771,-22.403715858334127,21.66565396639935,No,70.1942010301723,NW
2017.8333333333335,-0.8967328287637435,82.14665040085002,-9.420973020170777,-22.403715858334127,21.66565396639935,No,71.8289445519155,NW
2017.9166666666667,-0.2356631517695596,82.15725940931218,-8.457908183883916,-22.403715858334127,21.66565396639935,No,73.4636880736587,NW
2018,0.43800991554015667,82.16786841777434,-7.507446737912602,-22.403715858334127,21.66565396639935,No,75.0984315954019,NW
2018.0833333333335,0.5772179521674278,82.1784774262365,-6.022520261258833,-22.403715858334127,21.66565396639935,No,76.7331751171451,NW
2018.1666666666667,0.535032210238344,82.18908643469867,-4.356200006048709,-22.403715858334127,21.66565396639935,No,78.3679186388883,NW
2018.25,0.3466384430164382,82.19969544316082,-2.5436717255457637,-22.403715858334127,21.66565396639935,No,80.0026621606315,NW
2018.3333333333335,0.3749452100783981,82.21030445162299,-0.9478439793266773,-22.403715858334127,21.66565396639935,No,81.6374056823747,NW
2018.4166666666667,0.5371331661505832,82.22091346008514,0.51410257788217,-22.403715858334127,21.66565396639935,No,83.2721492041179,NW
2018.5,-0.10928063162928386,82.2315224685473,2.7846508889430908,-22.403715858334127,21.66565396639935,No,84.9068927258611,NW
2018.5833333333335,-0.2682362523177811,82.24213147700947,3.2867558944967215,-22.403715858334127,21.66565396639935,No,85.26065111918841,NW
2018.6666666666667,-0.9463029423198068,82.25274048547162,4.307971969363905,-22.403715858334127,21.66565396639935,No,85.61440951251572,NW
2018.75,-0.3527610765114302,82.26334949393379,4.057579488420657,-22.403715858334127,21.66565396639935,No,85.96816790584302,NW
2018.8333333333335,-0.8967328287637435,82.27395850239594,4.9447006255381325,-22.403715858334127,21.66565396639935,No,86.32192629917033,NW
2018.9166666666667,-0.2356631517695596,82.28456751085811,4.626780333409087,-22.403715858334127,21.66565396639935,No,86.67568469249764,NW
2019,0.43800991554015667,82.29517651932026,4.296256650964537,-22.403715858334127,21.66565396639935,No,87.02944308582497,NW
2019.0833333333335,0.5772179521674278,82.27368310599329,4.532300420991547,-22.403715858334127,21.66565396639935,No,87.38320147915226,NW
2019.1666666666667,0.535032210238344,82.2521896926663,4.949737969574926,-22.403715858334127,21.66565396639935,No,87.73695987247957,NW
2019.25,0.3466384430164382,82.23069627933934,5.5133835434510985,-22.403715858334127,21.66565396639935,No,88.09071826580688,NW
2019.3333333333335,0.3749452100783981,82.20920286601236,5.860328583043426,-22.403715858334127,21.66565396639935,No,88.44447665913418,NW
2019.4166666666667,0.5371331661505832,82.18770945268538,6.0733924336255285,-22.403715858334127,21.66565396639935,No,88.7982350524615,NW
2019.5,-0.10928063162928386,82.1662160393584,7.09505803805969,-22.403715858334127,21.66565396639935,No,89.1519934457888,NW
2019.5833333333335,-0.2682362523177811,82.14472262603144,6.795873608896983,-22.403715858334127,21.66565396639935,No,88.67235998261064,NW
2019.6666666666667,-0.9463029423198068,82.12322921270446,7.015800249047828,-22.403715858334127,21.66565396639935,No,88.19272651943248,NW
2019.75,-0.3527610765114302,82.10173579937748,5.964118333388271,-22.403715858334127,21.66565396639935,No,87.71309305625432,NW
2019.8333333333335,-0.8967328287637435,82.0802423860505,6.049950035789394,-22.403715858334127,21.66565396639935,No,87.23345959307615,NW
2019.9166666666667,-0.2356631517695596,82.05874897272352,4.930740308944024,-22.403715858334127,21.66565396639935,No,86.75382612989799,NW
2020,0.43800991554015667,82.03725555939656,3.7989271917831218,-22.403715858334127,21.66565396639935,No,86.27419266671984,NW
2020.0833333333335,0.5772179521674278,82.01576214606958,3.20157910530466,-22.403715858334127,21.66565396639935,No,85.79455920354167,NW
2020.1666666666667,0.535032210238344,81.9942687327426,10.6426568565049,-22.403715858334127,21.66565396639935,No,93.17195779948584,NW
2020.25,0.3466384430164382,81.93817575607198,1.9662682007013643,-22.403715858334127,21.66565396639935,No,84.2510823997898,NW
2020.3333333333335,0.3749452100783981,81.88208277940139,-6.926820989386016,-22.403715858334127,21.66565396639935,No,75.33020700009376,NW
2020.4166666666667,0.5371331661505832,81.82598980273077,-4.17144825413574,-22.403715858334127,21.66565396639935,No,78.19167471474562,NW
2020.5,-0.10928063162928386,81.76989682606016,-0.6074737650333901,-22.403715858334127,21.66565396639935,No,81.05314242939748,NW
2020.5833333333335,-0.2682362523177811,81.71380384938955,2.469042546977562,-22.403715858334127,21.66565396639935,No,83.91461014404933,NW
2020.6666666666667,-0.9463029423198068,81.65771087271895,4.094409437723982,-22.403715858334127,21.66565396639935,No,84.80581736812313,NW
2020.75,-0.3527610765114302,81.60161789604834,4.448167772660014,-22.403715858334127,21.66565396639935,No,85.69702459219693,NW
2020.8333333333335,-0.8967328287637435,81.54552491937773,5.939439725656754,-22.403715858334127,21.66565396639935,No,86.58823181627073,NW
2020.9166666666667,-0.2356631517695596,81.48943194270713,6.22567024940696,-22.403715858334127,21.66565396639935,No,87.47943904034453,NW
2021,0.43800991554015667,81.43333896603652,3.6475073465922065,-22.403715858334127,21.66565396639935,No,85.51885622816889,NW
2021.0833333333335,0.5772179521674278,81.3772459893659,1.6038094744598936,-22.403715858334127,21.66565396639935,No,83.55827341599323,NW
2021.1666666666667,0.535032210238344,81.32115301269529,-0.258494619116064,-22.403715858334127,21.66565396639935,No,81.59769060381757,NW
2021.25,0.3466384430164382,81.26506003602469,-1.9745906873991999,-22.403715858334127,21.66565396639935,No,79.63710779164194,NW
2021.3333333333335,0.3749452100783981,81.20896705935408,-19.27278400788932,-22.403715858334127,21.66565396639935,No,62.31112826154316,NW
2021.4166666666667,0.5371331661505832,81.14843324411457,-10.426642400914162,-22.403715858334127,21.66565396639935,No,71.25892400935099,NW
2021.5,-0.10928063162928386,81.08789942887506,-0.7718990400869501,-22.403715858334127,21.66565396639935,No,80.20671975715882,NW
2021.5833333333335,-0.2682362523177811,81.02736561363557,8.395386143648864,-22.403715858334127,21.66565396639935,No,89.15451550496665,NW
2021.6666666666667,-0.9463029423198068,80.96683179839606,-2.1864711776610335,-22.403715858334127,21.66565396639935,No,77.83405767841522,NW
2021.75,-0.3527610765114302,80.90629798315655,-2.745356713407574,-22.403715858334127,21.66565396639935,No,77.80818019323755,NW
2021.8333333333335,-0.8967328287637435,80.84576416791704,-2.1667286310934344,-22.403715858334127,21.66565396639935,No,77.78230270805986,NW
2021.9166666666667,-0.2356631517695596,80.78523035267754,-2.793141978025801,-22.403715858334127,21.66565396639935,No,77.75642522288219,NW
2022,0.43800991554015667,80.72469653743804,-3.4321587152736868,-22.403715858334127,21.66565396639935,No,77.73054773770451,NW
2022.0833333333335,0.5772179521674278,80.66416272219853,-3.536710421839132,-22.403715858334127,21.66565396639935,No,77.70467025252682,NW
2022.1666666666667,0.535032210238344,80.60362890695902,-3.4598683498482075,-22.403715858334127,21.66565396639935,No,77.67879276734915,NW
2022.25,0.3466384430164382,80.54309509171951,-3.2368182525644755,-22.403715858334127,21.66565396639935,No,77.65291528217148,NW
2022.3333333333335,0.3749452100783981,80.48256127648001,-3.230468689564617,-22.403715858334127,21.66565396639935,No,77.62703779699379,NW
2022.4166666666667,0.5371331661505832,80.4220274612405,-3.3580003155749694,-22.403715858334127,21.66565396639935,No,77.60116031181612,NW
2022.5,-0.10928063162928386,80.361493646001,-3.840555331911048,-22.403715858334127,21.66565396639935,No,76.41165768246066,NW
2022.5833333333335,-0.2682362523177811,80.29432431502741,2.620109384309359,-22.403715858334127,21.66565396639935,No,82.64619744701899,NW
2022.6666666666667,-0.9463029423198068,80.22715498405383,-1.3862567190665374,-22.403715858334127,21.66565396639935,No,77.89459532266748,NW
2022.75,-0.3527610765114302,80.15998565308024,-0.708004684384747,-22.403715858334127,21.66565396639935,No,79.09921989218407,NW
2022.8333333333335,-0.8967328287637435,80.09281632210667,2.2925921707170716,-22.403715858334127,21.66565396639935,No,81.48867566406,NW
2022.9166666666667,-0.2356631517695596,80.02564699113309,-1.758102804580858,-22.403715858334127,21.66565396639935,No,78.03188103478267,NW
2023,0.43800991554015667,79.9584776601595,-8.009467499975898,-22.403715858334127,21.66565396639935,No,72.38702007572377,NW
2023.0833333333335,0.5772179521674278,79.89130832918592,-4.7246491649291045,-22.403715858334127,21.66565396639935,No,75.74387711642424,NW
2023.1666666666667,0.535032210238344,79.82413899821233,-2.1700843785429385,-22.403715858334127,21.66565396639935,No,78.18908682990774,NW
2023.25,0.3466384430164382,79.75696966723875,-1.6842144761032642,-22.403715858334127,21.66565396639935,No,78.41939363415193,NW
2023.3333333333335,0.3749452100783981,79.68980033626517,-17.753617284800406,-22.403715858334127,21.66565396639935,No,62.31112826154316,NW
2023.4166666666667,0.5371331661505832,79.6226310052916,-1.20723202455099,-22.403715858334127,21.66565396639935,No,78.95253214689119,NW
2023.5,-0.10928063162928386,79.55546167431801,-0.8063556693302587,-22.403715858334127,21.66565396639935,No,78.63982537335846,NW
2023.5833333333335,-0.2682362523177811,79.48829234334443,-0.8929374912008967,-22.403715858334127,21.66565396639935,No,78.32711859982575,NW
2023.6666666666667,-0.9463029423198068,79.42112301237084,-0.46040824375801037,-22.403715858334127,21.66565396639935,No,78.01441182629303,NW
2023.75,-0.3527610765114302,79.35122660682634,-0.4499317944294319,-22.403715858334127,21.66565396639935,No,78.54853373588548,NW
2023.8333333333335,-0.8967328287637435,79.28133020128183,0.6980582729598552,-22.403715858334127,21.66565396639935,No,79.08265564547794,NW
2023.9166666666667,-0.2356631517695596,79.21143379573734,0.11902990198834118,-22.403715858334127,21.66565396639935,No,79.09480054595612,NW
2024,0.43800991554015667,79.14153739019282,-2.226327125047206,-22.403715858334127,21.66565396639935,No,77.35322018068578,NW
2024.0833333333335,0.5772179521674278,79.07164098464833,6.148152777451585,-22.403715858334127,21.66565396639935,No,85.79701171426734,NW
2024.1666666666667,0.535032210238344,79.00174457910381,0.11901314371451122,-22.403715858334127,21.66565396639935,No,79.65578993305667,NW
2024.25,0.3466384430164382,78.93184817355932,-9.690504745107503,-22.403715858334127,21.66565396639935,No,69.58798187146826,NW
2024.3333333333335,0.3749452100783981,78.86195176801482,-6.794801325849463,-22.403715858334127,21.66565396639935,No,72.44209565224375,NW
2024.4166666666667,0.5371331661505832,78.79205536247031,-4.032979095601618,-22.403715858334127,21.66565396639935,No,75.29620943301927,NW
2024.5,-0.10928063162928386,78.72215895692581,-0.462555111501743,-22.403715858334127,21.66565396639935,No,78.15032321379478,NW
2024.5833333333335,-0.2682362523177811,78.6522625513813,2.620410695506763,-22.403715858334127,21.66565396639935,No,81.00443699457028,NW
2024.6666666666667,-0.9463029423198068,78.5823661458368,6.2224875718288075,-22.403715858334127,21.66565396639935,No,83.8585507753458,NW
2024.75,-0.3527610765114302,78.51246974029229,8.55295589234045,-22.403715858334127,21.66565396639935,No,86.71266455612131,NW
2024.8333333333335,-0.8967328287637435,78.44257333474779,-0.21258333444134792,-22.403715858334127,21.66565396639935,No,77.3332571715427,NW
2024.9166666666667,-0.2356631517695596,78.3742526118585,-2.877535549025197,-22.403715858334127,21.66565396639935,No,75.26105391106374,NW
2025,0.43800991554015667,78.3059318889692,-2.124007516814359,-22.403715858334127,21.66565396639935,No,76.619934287695,NW
2025.0833333333335,0.5772179521674278,78.23761116607992,5.864948287938233,-22.403715858334127,21.66565396639935,No,84.67977740618558,NW
2025.1666666666667,0.535032210238344,78.16929044319062,4.7765045882391775,-22.403715858334127,21.66565396639935,No,83.48082724166814,NW
2025.25,0.3466384430164382,78.10096972030132,-0.8803965057626613,-22.403715858334127,21.66565396639935,No,77.5672116575551,NW
2025.3333333333335,0.3749452100783981,78.03264899741202,0.683560447440243,-22.403715858334127,21.66565396639935,No,79.09115465493066,NW
2025.4166666666667,0.5371331661505832,77.96432827452274,0.5896932142573377,-22.403715858334127,21.66565396639935,No,79.09115465493066,NW
2025.5,-0.10928063162928386,77.89600755163345,1.3044277349265059,-22.403715858334127,21.66565396639935,No,79.09115465493066,NW
2025.5833333333335,-0.2682362523177811,77.82768682874415,1.5317040785042906,-22.403715858334127,21.66565396639935,No,79.09115465493066,NW
2025.6666666666667,-0.9463029423198068,77.75936610585485,2.278091491395614,-22.403715858334127,21.66565396639935,No,79.09115465493066,NW
2025.75,-0.3527610765114302,77.69104538296557,1.7528703484765202,-22.403715858334127,21.66565396639935,No,79.09115465493066,NW
2025.8333333333335,-0.8967328287637435,77.62272466007627,2.3651628236181352,-22.403715858334127,21.66565396639935,No,79.09115465493066,NW
2025.9166666666667,-0.2356631517695596,77.55440393718698,1.7724138695132439,-22.403715858334127,21.66565396639935,No,79.09115465493066,NW
1981.6666666666667,-0.9913167011219098,43.9801502458186,-0.8630838979238007,-20.49585026069176,20.970715137989437,No,42.12574964677289,SW
1981.75,-0.7495921684776926,44.0512278275813,-1.1758860123307215,-20.49585026069176,20.970715137989437,No,42.12574964677289,SW
1981.8333333333335,-0.32162229116535507,44.122305409343994,-1.674933471405751,-20.49585026069176,20.970715137989437,No,42.12574964677289,SW
1981.9166666666667,-0.42549232603336556,44.193382991106695,-1.810453103965635,-20.49585026069176,20.970715137989437,No,41.957437561107696,SW
1982,-0.554243352782063,44.264460572869396,-1.9210917446448335,-20.49585026069176,20.970715137989437,No,41.789125475442496,SW
1982.0833333333335,-0.8590225215808265,44.33553815463209,-1.85570224327396,-20.49585026069176,20.970715137989437,No,41.620813389777304,SW
1982.1666666666667,-1.2228084983617311,44.40661573639479,-1.7313059339209573,-20.49585026069176,20.970715137989437,No,41.452501304112104,SW
1982.25,0.08681784261695535,44.477693318157485,-3.280321942327525,-20.49585026069176,20.970715137989437,No,41.28418921844691,SW
1982.3333333333335,1.7728680057865722,44.548770899920186,-5.205761772925037,-20.49585026069176,20.970715137989437,No,41.11587713278172,SW
1982.4166666666667,1.281301369264494,44.61984848168289,-4.953584803830864,-20.49585026069176,20.970715137989437,No,40.94756504711652,SW
1982.5,1.765300349477472,44.69092606344558,-5.676973451471724,-20.49585026069176,20.970715137989437,No,40.77925296145133,SW
1982.5833333333335,0.217810216620792,44.76200364520828,-4.368872986042938,-20.49585026069176,20.970715137989437,No,40.610940875786135,SW
1982.6666666666667,-0.9913167011219098,44.83308122697098,-3.3991357357281373,-20.49585026069176,20.970715137989437,No,40.442628790120935,SW
1982.75,-0.7495921684776926,44.904158808733676,-3.8802499358002436,-20.49585026069176,20.970715137989437,No,40.27431670445574,SW
1982.8333333333335,-0.32162229116535507,44.97523639049638,-4.547609480540473,-20.49585026069176,20.970715137989437,No,40.10600461879055,SW
1982.9166666666667,-0.42549232603336556,45.03973589110689,-4.676551031948179,-20.49585026069176,20.970715137989437,No,39.93769253312535,SW
1983,-0.554243352782063,45.1042353917174,-4.780611591475179,-20.49585026069176,20.970715137989437,No,39.76938044746016,SW
1983.0833333333335,-0.8590225215808265,45.16873489232792,-4.708644008952135,-20.49585026069176,20.970715137989437,No,39.60106836179496,SW
1983.1666666666667,-1.2228084983617311,45.23323439293843,-4.577669618446933,-20.49585026069176,20.970715137989437,No,39.432756276129766,SW
1983.25,0.08681784261695535,45.297733893548944,-1.9131995273469755,-20.49585026069176,20.970715137989437,No,43.47135220881892,SW
1983.3333333333335,1.7728680057865722,45.36223339415945,0.37484674156205244,-20.49585026069176,20.970715137989437,No,47.509948141508076,SW
1983.4166666666667,1.281301369264494,45.42673289476997,4.840509810162764,-20.49585026069176,20.970715137989437,No,51.54854407419723,SW
1983.5,1.765300349477472,45.491232395380486,8.33060726202843,-20.49585026069176,20.970715137989437,No,55.587140006886386,SW
1983.5833333333335,0.217810216620792,45.555731895990995,7.742490781671442,-20.49585026069176,20.970715137989437,No,53.51603289428323,SW
1983.6666666666667,-0.9913167011219098,45.62023139660151,6.816011086200476,-20.49585026069176,20.970715137989437,No,51.44492578168008,SW
1983.75,-0.7495921684776926,45.68473089721202,4.438679940342595,-20.49585026069176,20.970715137989437,No,49.373818669076925,SW
1983.8333333333335,-0.32162229116535507,45.74923039782254,1.875103449816585,-20.49585026069176,20.970715137989437,No,47.30271155647377,SW
1983.9166666666667,-0.42549232603336556,45.813729898433046,2.3286954065947185,-20.49585026069176,20.970715137989437,No,47.7169329789944,SW
1984,-0.554243352782063,45.87822939904356,2.8071683552535305,-20.49585026069176,20.970715137989437,No,48.131154401515026,SW
1984.0833333333335,-0.8590225215808265,45.942299152030536,3.4620991935859493,-20.49585026069176,20.970715137989437,No,48.54537582403566,SW
1984.1666666666667,-1.2228084983617311,46.00636890501751,4.176036839900512,-20.49585026069176,20.970715137989437,No,48.95959724655629,SW
1984.25,0.08681784261695535,46.070438658004484,3.2165621684554893,-20.49585026069176,20.970715137989437,No,49.373818669076925,SW
1984.3333333333335,1.7728680057865722,46.13450841099146,1.8806636748195231,-20.49585026069176,20.970715137989437,No,49.78804009159755,SW
1984.4166666666667,1.281301369264494,46.19857816397843,2.722381980875255,-20.49585026069176,20.970715137989437,No,50.202261514118184,SW
1984.5,1.765300349477472,46.262647916965406,2.5885346701959406,-20.49585026069176,20.970715137989437,No,50.61648293663882,SW
1984.5833333333335,0.217810216620792,46.32671766995237,4.48617647258628,-20.49585026069176,20.970715137989437,No,51.030704359159444,SW
1984.6666666666667,-0.9913167011219098,46.39078742293935,6.04545505986264,-20.49585026069176,20.970715137989437,No,51.44492578168008,SW
1984.75,-0.7495921684776926,46.45485717592632,6.153882196752079,-20.49585026069176,20.970715137989437,No,51.85914720420071,SW
1984.8333333333335,-0.32162229116535507,46.518926928913295,6.076063988973395,-20.49585026069176,20.970715137989437,No,52.273368626721336,SW
1984.9166666666667,-0.42549232603336556,46.58299668190027,6.530085693375064,-20.49585026069176,20.970715137989437,No,52.68759004924197,SW
1985,-0.554243352782063,46.64706643488724,7.008988389657425,-20.49585026069176,20.970715137989437,No,53.1018114717626,SW
1985.0833333333335,-0.8590225215808265,46.71113618787422,7.663919227989837,-20.49585026069176,20.970715137989437,No,53.51603289428323,SW
1985.1666666666667,-1.2228084983617311,46.77520594086119,8.377856874304399,-20.49585026069176,20.970715137989437,No,53.93025431680386,SW
1985.25,0.08681784261695535,46.84296025710179,7.414697639605755,-20.49585026069176,20.970715137989437,No,54.344475739324494,SW
1985.3333333333335,1.7728680057865722,46.91071457334238,6.075114582716175,-20.49585026069176,20.970715137989437,No,54.75869716184513,SW
1985.4166666666667,1.281301369264494,46.97846888958298,6.913148325518279,-20.49585026069176,20.970715137989437,No,55.17291858436575,SW
1985.5,1.765300349477472,47.04622320582357,6.775616451585343,-20.49585026069176,20.970715137989437,No,55.587140006886386,SW
1985.5833333333335,0.217810216620792,47.11397752206417,1.523581150528166,-20.49585026069176,20.970715137989437,No,48.855368889213125,SW
1985.6666666666667,-0.9913167011219098,47.18173183830476,-4.066817365642983,-20.49585026069176,20.970715137989437,No,42.12359777153987,SW
1985.75,-0.7495921684776926,47.24948615454535,-11.108067332201053,-20.49585026069176,20.970715137989437,No,35.39182665386661,SW
1985.8333333333335,-0.32162229116535507,47.31724047078595,-9.920745472708951,-20.49585026069176,20.970715137989437,No,37.07487270691164,SW
1985.9166666666667,-0.42549232603336556,47.38499478702654,-8.201583701036498,-20.49585026069176,20.970715137989437,No,38.75791875995668,SW
1986,-0.554243352782063,47.45274910326714,-6.457540937483358,-20.49585026069176,20.970715137989437,No,40.44096481300171,SW
1986.0833333333335,-0.8590225215808265,47.52050341950773,-4.537470031880154,-20.49585026069176,20.970715137989437,No,42.12401086604675,SW
1986.1666666666667,-1.2228084983617311,47.58825773574833,-2.558392318294814,-20.49585026069176,20.970715137989437,No,43.807056919091785,SW
1986.25,0.08681784261695535,47.656012051988924,-2.2527269224690514,-20.49585026069176,20.970715137989437,No,45.490102972136825,SW
1986.3333333333335,1.7728680057865722,47.72376636822952,-2.3234853488342324,-20.49585026069176,20.970715137989437,No,47.17314902518186,SW
1986.4166666666667,1.281301369264494,47.771309696397665,-0.196415987435266,-20.49585026069176,20.970715137989437,No,48.8561950782269,SW
1986.5,1.765300349477472,47.81885302456581,0.9550877572286467,-20.49585026069176,20.970715137989437,No,50.53924113127193,SW
1986.5833333333335,0.217810216620792,47.86639635273395,4.13808061496222,-20.49585026069176,20.970715137989437,No,52.22228718431696,SW
1986.6666666666667,-0.9913167011219098,47.9139396809021,6.9827102575818145,-20.49585026069176,20.970715137989437,No,53.905333237362,SW
1986.75,-0.7495921684776926,47.96148300907024,5.011635627244814,-20.49585026069176,20.970715137989437,No,52.22352646783737,SW
1986.8333333333335,-0.32162229116535507,48.00902633723839,1.1697824589701824,-20.49585026069176,20.970715137989437,No,48.85718650504322,SW
1986.9166666666667,-0.42549232603336556,48.056569665406535,-2.1402307971241044,-20.49585026069176,20.970715137989437,No,45.490846542249066,SW
1987,-0.554243352782063,48.104112993574674,-5.425363061337698,-20.49585026069176,20.970715137989437,No,42.12450657945491,SW
1987.0833333333335,-0.8590225215808265,48.15165632174282,-8.534467183501235,-20.49585026069176,20.970715137989437,No,38.75816661666076,SW
1987.1666666666667,-1.2228084983617311,48.199199649910966,-11.584564497682628,-20.49585026069176,20.970715137989437,No,35.39182665386661,SW
1987.25,0.08681784261695535,48.24674297807911,-1.1627998553004488,-20.49585026069176,20.970715137989437,No,47.170760965395615,SW
1987.3333333333335,1.7728680057865722,48.29428630624725,8.882540964890794,-20.49585026069176,20.970715137989437,No,58.949695276924615,SW
1987.4166666666667,1.281301369264494,48.3418296344154,3.493835223579225,-20.49585026069176,20.970715137989437,No,53.11696622725912,SW
1987.5,1.765300349477472,48.38937296258354,-2.870436134467397,-20.49585026069176,20.970715137989437,No,47.28423717759362,SW
1987.5833333333335,0.217810216620792,48.4097642410806,-7.1760663297732705,-20.49585026069176,20.970715137989437,No,41.45150812792812,SW
1987.6666666666667,-0.9913167011219098,48.43015551957766,-4.5653299666183145,-20.49585026069176,20.970715137989437,No,42.873508851837435,SW
1987.75,-0.7495921684776926,48.45054679807472,-4.1196142307193,-20.49585026069176,20.970715137989437,No,43.58134039887773,SW
1987.8333333333335,-0.32162229116535507,48.47093807657178,-3.8601438394883942,-20.49585026069176,20.970715137989437,No,44.28917194591803,SW
1987.9166666666667,-0.42549232603336556,48.491329355068835,-3.0688335360771504,-20.49585026069176,20.970715137989437,No,44.99700349295832,SW
1988,-0.554243352782063,48.51172063356589,-2.2526422407852067,-20.49585026069176,20.970715137989437,No,45.70483503999862,SW
1988.0833333333335,-0.8590225215808265,48.53211191206295,-1.2604228034432126,-20.49585026069176,20.970715137989437,No,46.41266658703891,SW
1988.1666666666667,-1.2228084983617311,48.55250319056002,-0.2091965581190749,-20.49585026069176,20.970715137989437,No,47.12049813407921,SW
1988.25,0.08681784261695535,48.572894469057076,-0.831382630554522,-20.49585026069176,20.970715137989437,No,47.828329681119506,SW
1988.3333333333335,1.7728680057865722,48.593285747554134,-1.8299925251809057,-20.49585026069176,20.970715137989437,No,48.5361612281598,SW
1988.4166666666667,1.281301369264494,48.61367702605119,-0.6509856201155912,-20.49585026069176,20.970715137989437,No,49.2439927752001,SW
1988.5,1.765300349477472,48.63406830454825,-0.4475443317853305,-20.49585026069176,20.970715137989437,No,49.95182432224039,SW
1988.5833333333335,0.217810216620792,48.65445958304531,1.7873860696145911,-20.49585026069176,20.970715137989437,No,50.65965586928069,SW
1988.6666666666667,-0.9913167011219098,48.67485086154237,3.6839532559005264,-20.49585026069176,20.970715137989437,No,51.367487416320984,SW
1988.75,-0.7495921684776926,48.73596912638198,4.0889420054569925,-20.49585026069176,20.970715137989437,No,52.07531896336128,SW
1988.8333333333335,-0.32162229116535507,48.797087391221595,4.307685410345336,-20.49585026069176,20.970715137989437,No,52.783150510401576,SW
1988.9166666666667,-0.42549232603336556,48.85820565606121,5.658600012649515,-20.49585026069176,20.970715137989437,No,54.09131334267736,SW
1989,-0.554243352782063,48.91932392090082,7.034395606834394,-20.49585026069176,20.970715137989437,No,55.39947617495315,SW
1989.0833333333335,-0.8590225215808265,48.980442185740436,8.586219343069324,-20.49585026069176,20.970715137989437,No,56.707639007228934,SW
1989.1666666666667,-1.2228084983617311,49.04156045058005,4.589733626528492,-20.49585026069176,20.970715137989437,No,52.40848557874681,SW
1989.25,0.08681784261695535,49.102678715419664,-1.0801644077719175,-20.49585026069176,20.970715137989437,No,48.1093321502647,SW
1989.3333333333335,1.7728680057865722,49.16379698025928,-7.126486264263271,-20.49585026069176,20.970715137989437,No,43.81017872178258,SW
1989.4166666666667,1.281301369264494,49.22491524509889,-5.54942662736584,-20.49585026069176,20.970715137989437,No,44.95678998699755,SW
1989.5,1.765300349477472,49.286033509938505,-4.947932607203455,-20.49585026069176,20.970715137989437,No,46.10340125221252,SW
1989.5833333333335,0.217810216620792,49.34715177477812,-4.0763990932123235,-20.49585026069176,20.970715137989437,No,45.488562898186586,SW
1989.6666666666667,-0.9913167011219098,49.40827003961773,-4.3038204783215335,-20.49585026069176,20.970715137989437,No,44.11313286017429,SW
1989.75,-0.7495921684776926,49.46938830445735,-5.982093313817657,-20.49585026069176,20.970715137989437,No,42.737702822162,SW
1989.8333333333335,-0.32162229116535507,49.53050656929696,-1.0557521754673616,-20.49585026069176,20.970715137989437,No,48.153132102664244,SW
1989.9166666666667,-0.42549232603336556,49.60600791244734,4.388045796752515,-20.49585026069176,20.970715137989437,No,53.56856138316649,SW
1990,-0.554243352782063,49.681509255597724,1.974724641191493,-20.49585026069176,20.970715137989437,No,51.10199054400715,SW
1990.0833333333335,-0.8590225215808265,49.7570105987481,4.072338131313465,-20.49585026069176,20.970715137989437,No,52.97032620848074,SW
1990.1666666666667,-1.2228084983617311,49.83251194189848,-0.5011126754642135,-20.49585026069176,20.970715137989437,No,48.10859076807254,SW
1990.25,0.08681784261695535,49.90801328504887,2.4134601381533543,-20.49585026069176,20.970715137989437,No,52.40829126581917,SW
1990.3333333333335,1.7728680057865722,49.983514628199245,4.951609129579985,-20.49585026069176,20.970715137989437,No,56.7079917635658,SW
1990.4166666666667,1.281301369264494,50.05901597134963,1.1613211903476213,-20.49585026069176,20.970715137989437,No,52.50163853096175,SW
1990.5,1.765300349477472,50.13451731450001,-3.6045323656197823,-20.49585026069176,20.970715137989437,No,48.2952852983577,SW
1990.5833333333335,0.217810216620792,50.21001865765039,-6.2835214098012315,-20.49585026069176,20.970715137989437,No,44.14430746446995,SW
1990.6666666666667,-0.9913167011219098,50.28552000080077,-1.697926676305201,-20.49585026069176,20.970715137989437,No,47.59627662337366,SW
1990.75,-0.7495921684776926,50.36102134395115,-1.9516063089194304,-20.49585026069176,20.970715137989437,No,47.65982286655403,SW
1990.8333333333335,-0.32162229116535507,50.43652268710153,-2.391531286201783,-20.49585026069176,20.970715137989437,No,47.72336910973439,SW
1990.9166666666667,-0.42549232603336556,50.512024030251915,-2.29961635130379,-20.49585026069176,20.970715137989437,No,47.78691535291476,SW
1991,-0.554243352782063,50.58752537340229,-2.1828204245250973,-20.49585026069176,20.970715137989437,No,47.85046159609513,SW
1991.0833333333335,-0.8590225215808265,50.609943876408806,-1.8369135155524816,-20.49585026069176,20.970715137989437,No,47.9140078392755,SW
1991.1666666666667,-1.2228084983617311,50.632362379415326,-1.4319997985977366,-20.49585026069176,20.970715137989437,No,47.97755408245586,SW
1991.25,0.08681784261695535,50.65478088242184,-2.700498399402562,-20.49585026069176,20.970715137989437,No,48.04110032563623,SW
1991.3333333333335,1.7728680057865722,50.67719938542835,-4.345420822398324,-20.49585026069176,20.970715137989437,No,48.1046465688166,SW
1991.4166666666667,1.281301369264494,50.69961788843487,-3.8127264457024026,-20.49585026069176,20.970715137989437,No,48.16819281199697,SW
1991.5,1.765300349477472,50.722036391441385,-4.255597685741527,-20.49585026069176,20.970715137989437,No,48.23173905517733,SW
1991.5833333333335,0.217810216620792,50.7444548944479,-2.6669798127109914,-20.49585026069176,20.970715137989437,No,48.2952852983577,SW
1991.6666666666667,-0.9913167011219098,50.76687339745442,2.4479697715048587,-20.49585026069176,20.970715137989437,No,52.22352646783737,SW
1991.75,-0.7495921684776926,50.78929190046093,2.3197196236034756,-20.49585026069176,20.970715137989437,No,52.359419355586716,SW
1991.8333333333335,-0.32162229116535507,50.81171040346745,2.0052241310339625,-20.49585026069176,20.970715137989437,No,52.49531224333606,SW
1991.9166666666667,-0.42549232603336556,50.834128906473964,2.2225685506448087,-20.49585026069176,20.970715137989437,No,52.63120513108541,SW
1992,-0.554243352782063,50.85654740948048,2.4647939621363406,-20.49585026069176,20.970715137989437,No,52.76709801883475,SW
1992.0833333333335,-0.8590225215808265,50.878965912487,2.88304751567793,-20.49585026069176,20.970715137989437,No,52.9029909065841,SW
1992.1666666666667,-1.2228084983617311,50.90138441549351,3.360307877201663,-20.49585026069176,20.970715137989437,No,53.038883794333444,SW
1992.25,0.08681784261695535,50.86465075727001,2.223308082195828,-20.49585026069176,20.970715137989437,No,53.17477668208279,SW
1992.3333333333335,1.7728680057865722,50.827917099046516,0.7098844649990497,-20.49585026069176,20.970715137989437,No,53.310669569832136,SW
1992.4166666666667,1.281301369264494,50.79118344082302,1.3740776474939693,-20.49585026069176,20.970715137989437,No,53.446562457581486,SW
1992.5,1.765300349477472,50.75444978259952,1.0627052132538353,-20.49585026069176,20.970715137989437,No,53.58245534533083,SW
1992.5833333333335,0.217810216620792,50.717716124376025,2.782821892083362,-20.49585026069176,20.970715137989437,No,53.71834823308018,SW
1992.6666666666667,-0.9913167011219098,50.68098246615253,4.16457535579891,-20.49585026069176,20.970715137989437,No,53.85424112082953,SW
1992.75,-0.7495921684776926,50.64424880792903,4.095477369127529,-20.49585026069176,20.970715137989437,No,53.99013400857887,SW
1992.8333333333335,-0.32162229116535507,50.607515149705534,3.84013403778804,-20.49585026069176,20.970715137989437,No,54.12602689632822,SW
1992.9166666666667,-0.42549232603336556,50.57078149148204,4.116630618628889,-20.49585026069176,20.970715137989437,No,54.26191978407756,SW
1993,-0.554243352782063,50.53404783325854,4.418008191350438,-20.49585026069176,20.970715137989437,No,54.39781267182691,SW
1993.0833333333335,-0.8590225215808265,50.497314175035044,4.895413906122037,-20.49585026069176,20.970715137989437,No,54.533705559576255,SW
1993.1666666666667,-1.2228084983617311,50.46058051681155,5.431826428875787,-20.49585026069176,20.970715137989437,No,54.669598447325605,SW
1993.25,0.08681784261695535,50.42384685858805,4.2948266338699455,-20.49585026069176,20.970715137989437,No,54.80549133507495,SW
1993.3333333333335,1.7728680057865722,50.38711320036455,2.781403016673174,-20.49585026069176,20.970715137989437,No,54.9413842228243,SW
1993.4166666666667,1.281301369264494,50.34419943213359,3.45177630917555,-20.49585026069176,20.970715137989437,No,55.07727711057364,SW
1993.5,1.765300349477472,50.30128566390263,3.146583984942886,-20.49585026069176,20.970715137989437,No,55.21316999832299,SW
1993.5833333333335,0.217810216620792,50.25837189567167,4.872880773779876,-20.49585026069176,20.970715137989437,No,55.34906288607234,SW
1993.6666666666667,-0.9913167011219098,50.21545812744071,6.26081434750288,-20.49585026069176,20.970715137989437,No,55.48495577382168,SW
1993.75,-0.7495921684776926,50.17254435920975,6.19789647083897,-20.49585026069176,20.970715137989437,No,55.62084866157103,SW
1993.8333333333335,-0.32162229116535507,50.12963059097879,5.948733249506937,-20.49585026069176,20.970715137989437,No,55.756741549320374,SW
1993.9166666666667,-0.42549232603336556,50.08671682274783,6.231409940355256,-20.49585026069176,20.970715137989437,No,55.892634437069724,SW
1994,-0.554243352782063,50.043803054516864,6.538967623084268,-20.49585026069176,20.970715137989437,No,56.028527324819066,SW
1994.0833333333335,-0.8590225215808265,50.000889286285904,7.022553447863338,-20.49585026069176,20.970715137989437,No,56.164420212568416,SW
1994.1666666666667,-1.2228084983617311,49.957975518054944,7.565146080624544,-20.49585026069176,20.970715137989437,No,56.30031310031776,SW
1994.25,0.08681784261695535,49.915061749823984,6.434326395626172,-20.49585026069176,20.970715137989437,No,56.43620598806711,SW
1994.3333333333335,1.7728680057865722,49.872147981593024,4.927082888436857,-20.49585026069176,20.970715137989437,No,56.57209887581645,SW
1994.4166666666667,1.281301369264494,49.829234213362064,5.59745618093924,-20.49585026069176,20.970715137989437,No,56.7079917635658,SW
1994.5,1.765300349477472,49.7863204451311,2.9417172618354286,-20.49585026069176,20.970715137989437,No,54.493338056444,SW
1994.5833333333335,0.217810216620792,49.75515905122785,2.305715081473565,-20.49585026069176,20.970715137989437,No,52.278684349322205,SW
1994.6666666666667,-0.9913167011219098,49.7239976573246,1.331349685997715,-20.49585026069176,20.970715137989437,No,50.06403064220041,SW
1994.75,-0.7495921684776926,49.69283626342135,-1.0938671598650487,-20.49585026069176,20.970715137989437,No,47.84937693507861,SW
1994.8333333333335,-0.32162229116535507,49.661674869518095,-3.705329350395928,-20.49585026069176,20.970715137989437,No,45.63472322795681,SW
1994.9166666666667,-0.42549232603336556,49.63051347561485,-5.7849516287464695,-20.49585026069176,20.970715137989437,No,43.420069520835014,SW
1995,-0.554243352782063,49.599352081711594,-9.639160641578677,-20.49585026069176,20.970715137989437,No,39.40594808735085,SW
1995.0833333333335,-0.8590225215808265,49.56819068780834,-13.317341512360834,-20.49585026069176,20.970715137989437,No,35.39182665386668,SW
1995.1666666666667,-1.2228084983617311,49.53702929390509,-11.238673465733733,-20.49585026069176,20.970715137989437,No,37.07554732980963,SW
1995.25,0.08681784261695535,49.50586790000184,-10.83341773686621,-20.49585026069176,20.970715137989437,No,38.75926800575258,SW
1995.3333333333335,1.7728680057865722,49.47470650609859,-7.440052856320662,-20.49585026069176,20.970715137989437,No,43.8075216555645,SW
1995.4166666666667,1.281301369264494,49.44354511219534,-1.8690711760834091,-20.49585026069176,20.970715137989437,No,48.855775305376426,SW
1995.5,1.765300349477472,49.412383718292084,2.72634488741879,-20.49585026069176,20.970715137989437,No,53.904028955188345,SW
1995.5833333333335,0.217810216620792,49.38122232438884,-1.5841004803449792,-20.49585026069176,20.970715137989437,No,48.01493206066465,SW
1995.6666666666667,-0.9913167011219098,49.35006093048558,-5.392478119937074,-20.49585026069176,20.970715137989437,No,42.9662661094266,SW
1995.75,-0.7495921684776926,49.29563386772836,-10.628441541062124,-20.49585026069176,20.970715137989437,No,37.91760015818855,SW
1995.8333333333335,-0.32162229116535507,49.24120680497114,5.82597327912422,-20.49585026069176,20.970715137989437,No,54.74555779293001,SW
1995.9166666666667,-0.42549232603336556,49.18677974221393,3.0868007590292734,-20.49585026069176,20.970715137989437,No,51.84808817520984,SW
1996,-0.554243352782063,49.13235267945671,-10.941232658873382,-20.49585026069176,20.970715137989437,No,37.63687666780126,SW
1996.0833333333335,-0.8590225215808265,49.07792561669949,-11.03103643010433,-20.49585026069176,20.970715137989437,No,37.18786666501433,SW
1996.1666666666667,-1.2228084983617311,49.02349855394227,-11.06183339335314,-20.49585026069176,20.970715137989437,No,36.7388566622274,SW
1996.25,0.08681784261695535,48.96907149118505,-12.766042674361529,-20.49585026069176,20.970715137989437,No,36.28984665944047,SW
1996.3333333333335,1.7728680057865722,48.914644428427835,-14.846675777560868,-20.49585026069176,20.970715137989437,No,35.840836656653536,SW
1996.4166666666667,1.281301369264494,48.860217365670614,-14.749692081068503,-20.49585026069176,20.970715137989437,No,35.39182665386661,SW
1996.5,1.765300349477472,48.805790302913394,-6.3419198334259335,-20.49585026069176,20.970715137989437,No,44.22917081896493,SW
1996.5833333333335,0.217810216620792,48.751363240156174,-4.1899023784175,-20.49585026069176,20.970715137989437,No,44.779271078359464,SW
1996.6666666666667,-0.9913167011219098,48.69693617739896,-2.37624813852306,-20.49585026069176,20.970715137989437,No,45.32937133775399,SW
1996.75,-0.7495921684776926,48.64250911464174,-2.0134453490155266,-20.49585026069176,20.970715137989437,No,45.87947159714852,SW
1996.8333333333335,-0.32162229116535507,48.58808205188452,-1.836887904176109,-20.49585026069176,20.970715137989437,No,46.429571856543056,SW
1996.9166666666667,-0.42549232603336556,48.540506590797705,-1.1353421488267514,-20.49585026069176,20.970715137989437,No,46.97967211593759,SW
1997,-0.554243352782063,48.49293112971089,-0.40891540159670825,-20.49585026069176,20.970715137989437,No,47.529772375332115,SW
1997.0833333333335,-0.8590225215808265,48.44535566862407,0.4935394876834067,-20.49585026069176,20.970715137989437,No,48.07987263472665,SW
1997.1666666666667,-1.2228084983617311,48.39778020753725,-4.208447091196234,-20.49585026069176,20.970715137989437,No,42.96652461797929,SW
1997.25,0.08681784261695535,48.35020474645044,-6.9855144611392745,-20.49585026069176,20.970715137989437,No,41.451508127928115,SW
1997.3333333333335,1.7728680057865722,48.30262928536362,-2.060565230485537,-20.49585026069176,20.970715137989437,No,48.014932060664655,SW
1997.4166666666667,1.281301369264494,48.25505382427681,-0.6799095015873817,-20.49585026069176,20.970715137989437,No,48.85644569195392,SW
1997.5,1.765300349477472,48.207478363189985,-3.358428761844621,-20.49585026069176,20.970715137989437,No,46.614349950822835,SW
1997.5833333333335,0.217810216620792,48.15990290210317,-6.532638822508282,-20.49585026069176,20.970715137989437,No,41.84507429621568,SW
1997.6666666666667,-0.9913167011219098,48.112327441016355,-10.045212098285923,-20.49585026069176,20.970715137989437,No,37.07579864160852,SW
1997.75,-0.7495921684776926,48.06475197992954,-1.8236460284041485,-20.49585026069176,20.970715137989437,No,45.4915137830477,SW
1997.8333333333335,-0.32162229116535507,48.01717651884272,-1.5030975658021646,-20.49585026069176,20.970715137989437,No,46.1924566618752,SW
1997.9166666666667,-0.42549232603336556,47.9696010577559,-0.6507091910198355,-20.49585026069176,20.970715137989437,No,46.8933995407027,SW
1998,-0.554243352782063,47.92202559666909,0.2265601756431792,-20.49585026069176,20.970715137989437,No,47.5943424195302,SW
1998.0833333333335,-0.8590225215808265,47.943463472559294,1.2108443473792292,-20.49585026069176,20.970715137989437,No,48.2952852983577,SW
1998.1666666666667,-1.2228084983617311,47.9649013484495,3.4230944000795063,-20.49585026069176,20.970715137989437,No,50.16518725016728,SW
1998.25,0.08681784261695535,47.98633922433971,2.4680655151352653,-20.49585026069176,20.970715137989437,No,50.541222582091926,SW
1998.3333333333335,1.7728680057865722,48.00777710022991,0.8899854672866496,-20.49585026069176,20.970715137989437,No,50.67063057330313,SW
1998.4166666666667,1.281301369264494,48.029214976120116,1.489522219129725,-20.49585026069176,20.970715137989437,No,50.80003856451434,SW
1998.5,1.765300349477472,48.05065285201032,1.1134933542377468,-20.49585026069176,20.970715137989437,No,50.92944655572554,SW
1998.5833333333335,0.217810216620792,48.07209072790053,2.768953602415422,-20.49585026069176,20.970715137989437,No,51.05885454693674,SW
1998.6666666666667,-0.9913167011219098,48.09352860379074,4.0860506354791255,-20.49585026069176,20.970715137989437,No,51.18826253814795,SW
1998.75,-0.7495921684776926,48.114966479680945,3.952296218155901,-20.49585026069176,20.970715137989437,No,51.317670529359155,SW
1998.8333333333335,-0.32162229116535507,48.13640435557115,3.6322964561645605,-20.49585026069176,20.970715137989437,No,51.44707852057036,SW
1998.9166666666667,-0.42549232603336556,48.15784223146135,3.8441366063535725,-20.49585026069176,20.970715137989437,No,51.57648651178156,SW
1999,-0.554243352782063,48.17928010735156,4.080857748423277,-20.49585026069176,20.970715137989437,No,51.70589450299277,SW
1999.0833333333335,-0.8590225215808265,48.200717983241766,4.493607032543032,-20.49585026069176,20.970715137989437,No,51.83530249420397,SW
1999.1666666666667,-1.2228084983617311,48.22215585913197,4.965363124644931,-20.49585026069176,20.970715137989437,No,51.964710485415175,SW
1999.25,0.08681784261695535,48.29952047811542,3.7077801558940138,-20.49585026069176,20.970715137989437,No,52.094118476626385,SW
1999.3333333333335,1.7728680057865722,48.37688509709887,2.073773364952146,-20.49585026069176,20.970715137989437,No,52.22352646783759,SW
1999.4166666666667,1.281301369264494,48.454249716082316,4.356414399959974,-20.49585026069176,20.970715137989437,No,54.09196548530679,SW
1999.5,1.765300349477472,48.53161433506576,5.663489818232762,-20.49585026069176,20.970715137989437,No,55.960404502775994,SW
1999.5833333333335,0.217810216620792,48.608978954049206,9.002054349575197,-20.49585026069176,20.970715137989437,No,57.828843520245194,SW
1999.6666666666667,-0.9913167011219098,48.68634357303266,-2.2016461240160794,-20.49585026069176,20.970715137989437,No,45.49338074789467,SW
1999.75,-0.7495921684776926,48.763708192016104,-2.241022219797877,-20.49585026069176,20.970715137989437,No,45.77309380374054,SW
1999.8333333333335,-0.32162229116535507,48.84107281099955,-2.46664366024779,-20.49585026069176,20.970715137989437,No,46.052806859586404,SW
1999.9166666666667,-0.42549232603336556,48.918437429983,-2.1604251885173653,-20.49585026069176,20.970715137989437,No,46.33251991543227,SW
2000,-0.554243352782063,48.995802048966446,-1.8293257249062336,-20.49585026069176,20.970715137989437,No,46.61223297127815,SW
2000.0833333333335,-0.8590225215808265,49.07316666794989,-1.3221981192450514,-20.49585026069176,20.970715137989437,No,46.891946027124014,SW
2000.1666666666667,-1.2228084983617311,49.15053128693334,-0.7560637056017256,-20.49585026069176,20.970715137989437,No,47.17165908296988,SW
2000.25,0.08681784261695535,49.22789590591679,3.7459634314135073,-20.49585026069176,20.970715137989437,No,53.06067717994725,SW
2000.3333333333335,1.7728680057865722,49.305260524900234,7.871566746237811,-20.49585026069176,20.970715137989437,No,58.949695276924615,SW
2000.4166666666667,1.281301369264494,49.35980521603745,-2.795008743691106,-20.49585026069176,20.970715137989437,No,47.84609784161084,SW
2000.5,1.765300349477472,49.41434990717466,1.0438762111852355,-20.49585026069176,20.970715137989437,No,52.22352646783737,SW
2000.5833333333335,0.217810216620792,49.46889459831188,-12.610906173324146,-20.49585026069176,20.970715137989437,No,37.07579864160852,SW
2000.6666666666667,-0.9913167011219098,49.523439289449094,-10.291114113931819,-20.49585026069176,20.970715137989437,No,38.241008474395365,SW
2000.75,-0.7495921684776926,49.5779839805863,-9.422173504926405,-20.49585026069176,20.970715137989437,No,39.40621830718221,SW
2000.8333333333335,-0.32162229116535507,49.63252867172352,-8.739478240589115,-20.49585026069176,20.970715137989437,No,40.57142813996905,SW
2000.9166666666667,-0.42549232603336556,49.68707336286073,-7.524943064071472,-20.49585026069176,20.970715137989437,No,41.736637972755894,SW
2001,-0.554243352782063,49.741618053997946,-6.285526895673144,-20.49585026069176,20.970715137989437,No,42.90184780554274,SW
2001.0833333333335,-0.8590225215808265,49.79616274513516,-4.870082585224758,-20.49585026069176,20.970715137989437,No,44.06705763832958,SW
2001.1666666666667,-1.2228084983617311,49.85070743627237,-3.395631466794228,-20.49585026069176,20.970715137989437,No,45.232267471116415,SW
2001.25,0.08681784261695535,49.90525212740959,-3.594592666123283,-20.49585026069176,20.970715137989437,No,46.39747730390326,SW
2001.3333333333335,1.7728680057865722,49.959796818546806,-4.169977687643275,-20.49585026069176,20.970715137989437,No,47.5626871366901,SW
2001.4166666666667,1.281301369264494,50.014341509684016,-2.5677459094715687,-20.49585026069176,20.970715137989437,No,48.727896969476944,SW
2001.5,1.765300349477472,50.06888620082123,-1.941079748034916,-20.49585026069176,20.970715137989437,No,49.89310680226379,SW
2001.5833333333335,0.217810216620792,50.07693536968009,0.7635710487497462,-20.49585026069176,20.970715137989437,No,51.05831663505063,SW
2001.6666666666667,-0.9913167011219098,50.084984538538954,3.1298586304204292,-20.49585026069176,20.970715137989437,No,52.22352646783747,SW
2001.75,-0.7495921684776926,50.093033707397815,2.1504563042122697,-20.49585026069176,20.970715137989437,No,51.493897843132395,SW
2001.8333333333335,-0.32162229116535507,50.101082876256676,0.9848086333359944,-20.49585026069176,20.970715137989437,No,50.764269218427316,SW
2001.9166666666667,-0.42549232603336556,50.10913204511554,0.35100087464007146,-20.49585026069176,20.970715137989437,No,50.034640593722244,SW
2002,-0.554243352782063,50.1171812139744,-0.2579258921751659,-20.49585026069176,20.970715137989437,No,49.305011969017166,SW
2002.0833333333335,-0.8590225215808265,50.12523038283326,1.0338791515131973,-20.49585026069176,20.970715137989437,No,50.30008701276563,SW
2002.1666666666667,-1.2228084983617311,50.13327955169212,-0.6151857549726927,-20.49585026069176,20.970715137989437,No,48.2952852983577,SW
2002.25,0.08681784261695535,50.14132872055098,-1.2781958295820246,-20.49585026069176,20.970715137989437,No,48.94995073358591,SW
2002.3333333333335,1.7728680057865722,50.14937788940984,-2.317629726382293,-20.49585026069176,20.970715137989437,No,49.60461616881412,SW
2002.4166666666667,1.281301369264494,50.1574270582687,-1.1794468234908706,-20.49585026069176,20.970715137989437,No,50.25928160404233,SW
2002.5,1.765300349477472,50.16547622712756,-1.0168295373344947,-20.49585026069176,20.970715137989437,No,50.91394703927054,SW
2002.5833333333335,0.217810216620792,50.173525395986424,1.177276861891535,-20.49585026069176,20.970715137989437,No,51.56861247449875,SW
2002.6666666666667,-0.9913167011219098,50.181574564845285,3.0330200460035854,-20.49585026069176,20.970715137989437,No,52.22327790972696,SW
2002.75,-0.7495921684776926,50.16375630758195,1.6878264049028928,-20.49585026069176,20.970715137989437,No,51.10199054400715,SW
2002.8333333333335,-0.32162229116535507,50.145938050318605,2.149641977400286,-20.49585026069176,20.970715137989437,No,51.97395773655354,SW
2002.9166666666667,-0.42549232603336556,50.12811979305526,3.143297462078017,-20.49585026069176,20.970715137989437,No,52.845924929099915,SW
2003,-0.554243352782063,50.110301535791926,4.161833938636441,-20.49585026069176,20.970715137989437,No,53.7178921216463,SW
2003.0833333333335,-0.8590225215808265,50.09248327852859,5.3563985572449155,-20.49585026069176,20.970715137989437,No,54.58985931419268,SW
2003.1666666666667,-1.2228084983617311,50.07466502126525,6.609969983835548,-20.49585026069176,20.970715137989437,No,55.461826506739065,SW
2003.25,0.08681784261695535,50.056846764001904,6.190129092666588,-20.49585026069176,20.970715137989437,No,56.333793699285444,SW
2003.3333333333335,1.7728680057865722,50.03902850673857,5.393864379306692,-20.49585026069176,20.970715137989437,No,57.20576089183183,SW
2003.4166666666667,1.281301369264494,50.02121024947523,6.775216465638479,-20.49585026069176,20.970715137989437,No,58.07772808437821,SW
2003.5,1.765300349477472,50.00339199221189,7.1810029352352345,-20.49585026069176,20.970715137989437,No,58.949695276924594,SW
2003.5833333333335,0.217810216620792,49.985573734948545,-2.124535291392789,-20.49585026069176,20.970715137989437,No,48.07884866017655,SW
2003.6666666666667,-0.9913167011219098,49.96775547768521,2.1230926967262604,-20.49585026069176,20.970715137989437,No,51.09953147328956,SW
2003.75,-0.7495921684776926,49.94993722042187,2.6468877598960034,-20.49585026069176,20.970715137989437,No,51.847232811840186,SW
2003.8333333333335,-0.32162229116535507,49.93211896315853,2.9844374783976377,-20.49585026069176,20.970715137989437,No,52.59493415039081,SW
2003.9166666666667,-0.42549232603336556,49.90985451105836,3.858273303916441,-20.49585026069176,20.970715137989437,No,53.34263548894144,SW
2004,-0.554243352782063,49.8875900589582,4.75699012131593,-20.49585026069176,20.970715137989437,No,54.09033682749207,SW
2004.0833333333335,-0.8590225215808265,49.865325606858036,5.831735080765476,-20.49585026069176,20.970715137989437,No,54.838038166042686,SW
2004.1666666666667,-1.2228084983617311,49.84306115475787,6.965486848197173,-20.49585026069176,20.970715137989437,No,55.58573950459331,SW
2004.25,0.08681784261695535,49.8207967026577,6.4258262978692855,-20.49585026069176,20.970715137989437,No,56.33344084314394,SW
2004.3333333333335,1.7728680057865722,49.79853225055754,5.509741925350454,-20.49585026069176,20.970715137989437,No,57.08114218169457,SW
2004.4166666666667,1.281301369264494,49.776267798457376,6.771274352523321,-20.49585026069176,20.970715137989437,No,57.828843520245194,SW
2004.5,1.765300349477472,49.75400334635721,2.1292815609436317,-20.49585026069176,20.970715137989437,No,53.64858525677831,SW
2004.5833333333335,0.217810216620792,49.73173889425705,-0.48122211756641065,-20.49585026069176,20.970715137989437,No,49.46832699331143,SW
2004.6666666666667,-0.9913167011219098,49.70947444215688,0.3218443682208587,-20.49585026069176,20.970715137989437,No,49.04000210925583,SW
2004.75,-0.7495921684776926,49.687209990056715,-0.3259405963787927,-20.49585026069176,20.970715137989437,No,48.61167722520023,SW
2004.8333333333335,-0.32162229116535507,49.66494553795655,-1.159970905646567,-20.49585026069176,20.970715137989437,No,48.18335234114463,SW
2004.9166666666667,-0.42549232603336556,49.64268108585639,-1.4621613027339961,-20.49585026069176,20.970715137989437,No,47.75502745708903,SW
2005,-0.554243352782063,49.62041663375622,-1.7394707079407254,-20.49585026069176,20.970715137989437,No,47.32670257303343,SW
2005.0833333333335,-0.8590225215808265,49.57925907654874,-1.8218588659900803,-20.49585026069176,20.970715137989437,No,46.89837768897783,SW
2005.1666666666667,-1.2228084983617311,49.538101519341254,-1.8452402160572916,-20.49585026069176,20.970715137989437,No,46.47005280492223,SW
2005.25,0.08681784261695535,49.49694396213378,-3.542033883884102,-20.49585026069176,20.970715137989437,No,46.04172792086663,SW
2005.3333333333335,1.7728680057865722,49.45578640492629,-5.615251373901835,-20.49585026069176,20.970715137989437,No,45.61340303681103,SW
2005.4166666666667,1.281301369264494,49.41462884771881,-5.510852064227876,-20.49585026069176,20.970715137989437,No,45.18507815275543,SW
2005.5,1.765300349477472,49.373471290511326,-1.6716110116685314,-20.49585026069176,20.970715137989437,No,49.467160628320265,SW
2005.5833333333335,0.217810216620792,49.33231373330384,-2.937393873174969,-20.49585026069176,20.970715137989437,No,46.61273007674966,SW
2005.6666666666667,-0.9913167011219098,49.291156176096365,2.8000955668435736,-20.49585026069176,20.970715137989437,No,51.09993504181803,SW
2005.75,-0.7495921684776926,49.24999861888888,7.08673355647521,-20.49585026069176,20.970715137989437,No,55.5871400068864,SW
2005.8333333333335,-0.32162229116535507,49.2088410616814,8.381198871389465,-20.49585026069176,20.970715137989437,No,57.26841764190551,SW
2005.9166666666667,-0.42549232603336556,49.167683504473914,3.478071713390719,-20.49585026069176,20.970715137989437,No,52.22026289183127,SW
2006,-0.554243352782063,49.12652594726644,-1.4001744527273416,-20.49585026069176,20.970715137989437,No,47.17210814175703,SW
2006.0833333333335,-0.8590225215808265,49.08536839005895,-6.1023924767953375,-20.49585026069176,20.970715137989437,No,42.12395339168279,SW
2006.1666666666667,-1.2228084983617311,49.04421083285147,-10.74560369288119,-20.49585026069176,20.970715137989437,No,37.07579864160855,SW
2006.25,0.08681784261695535,48.981264749309,-1.0553356326593786,-20.49585026069176,20.970715137989437,No,48.01274695926657,SW
2006.3333333333335,1.7728680057865722,48.91831866576653,8.258508605371496,-20.49585026069176,20.970715137989437,No,58.949695276924594,SW
2006.4166666666667,1.281301369264494,48.85537258222405,-2.482118164070158,-20.49585026069176,20.970715137989437,No,47.65455578741839,SW
2006.5,1.765300349477472,48.79242649868158,-1.3654202344863293,-20.49585026069176,20.970715137989437,No,49.19230661367272,SW
2006.5833333333335,0.217810216620792,48.72948041513911,3.2762358360774684,-20.49585026069176,20.970715137989437,No,52.22352646783737,SW
2006.6666666666667,-0.9913167011219098,48.66653433159664,-2.7469190993741535,-20.49585026069176,20.970715137989437,No,44.92829853110057,SW
2006.75,-0.7495921684776926,48.60358824805416,1.2272047919717792,-20.49585026069176,20.970715137989437,No,49.08120087154825,SW
2006.8333333333335,-0.32162229116535507,48.54064216451169,-12.827193219479724,-20.49585026069176,20.970715137989437,No,35.39182665386661,SW
2006.9166666666667,-0.42549232603336556,48.47769608096922,-12.660377101069201,-20.49585026069176,20.970715137989437,No,35.39182665386665,SW
2007,-0.554243352782063,48.414749997426746,-12.468679990778,-20.49585026069176,20.970715137989437,No,35.39182665386668,SW
2007.0833333333335,-0.8590225215808265,48.351803913884275,-8.454856240430303,-20.49585026069176,20.970715137989437,No,39.03792515187315,SW
2007.1666666666667,-1.2228084983617311,48.2888578303418,-4.382025682100448,-20.49585026069176,20.970715137989437,No,42.68402364987962,SW
2007.25,0.08681784261695535,48.225911746799326,-1.9826074415301917,-20.49585026069176,20.970715137989437,No,46.33012214788609,SW
2007.3333333333335,1.7728680057865722,48.162965663256855,0.04038697684912762,-20.49585026069176,20.970715137989437,No,49.97622064589255,SW
2007.4166666666667,1.281301369264494,48.13510029254023,4.2059174820943,-20.49585026069176,20.970715137989437,No,53.62231914389903,SW
2007.5,1.765300349477472,48.1072349218236,7.395882370604426,-20.49585026069176,20.970715137989437,No,57.268417641905494,SW
2007.5833333333335,0.217810216620792,48.079369551106964,1.679040878164777,-20.49585026069176,20.970715137989437,No,49.97622064589253,SW
2007.6666666666667,-0.9913167011219098,48.05150418039034,-4.376163829388858,-20.49585026069176,20.970715137989437,No,42.68402364987957,SW
2007.75,-0.7495921684776926,48.02363880967371,-11.882219987329414,-20.49585026069176,20.970715137989437,No,35.39182665386661,SW
2007.8333333333335,-0.32162229116535507,47.99577343895708,-11.159676502097149,-20.49585026069176,20.970715137989437,No,36.51447464569458,SW
2007.9166666666667,-0.42549232603336556,47.96790806824045,-3.7336966156232947,-20.49585026069176,20.970715137989437,No,43.80871912658379,SW
2008,-0.554243352782063,47.94004269752382,-5.261010406368804,-20.49585026069176,20.970715137989437,No,42.12478893837295,SW
2008.0833333333335,-0.8590225215808265,47.912177326807196,0.7788952766718964,-20.49585026069176,20.970715137989437,No,47.83205008189827,SW
2008.1666666666667,-1.2228084983617311,47.88431195609056,1.1994988251981482,-20.49585026069176,20.970715137989437,No,47.86100228292698,SW
2008.25,0.08681784261695535,47.85644658537393,-0.05330994403518474,-20.49585026069176,20.970715137989437,No,47.8899544839557,SW
2008.3333333333335,1.7728680057865722,47.828581214657305,-1.6825425354594685,-20.49585026069176,20.970715137989437,No,47.91890668498441,SW
2008.4166666666667,1.281301369264494,47.80071584394068,-1.1341583271920541,-20.49585026069176,20.970715137989437,No,47.94785888601312,SW
2008.5,1.765300349477472,47.77285047322405,-1.5613397356596792,-20.49585026069176,20.970715137989437,No,47.97681108704184,SW
2008.5833333333335,0.217810216620792,47.786064521070024,0.001888550379739229,-20.49585026069176,20.970715137989437,No,48.005763288070554,SW
2008.6666666666667,-0.9913167011219098,47.799278568916,1.2267536213051784,-20.49585026069176,20.970715137989437,No,48.03471548909927,SW
2008.75,-0.7495921684776926,47.81249261676198,1.0007672418436968,-20.49585026069176,20.970715137989437,No,48.063667690127986,SW
2008.8333333333335,-0.32162229116535507,47.82570666460796,0.5885355177140923,-20.49585026069176,20.970715137989437,No,48.092619891156694,SW
2008.9166666666667,-0.42549232603336556,47.838920712453934,0.7081437057648401,-20.49585026069176,20.970715137989437,No,48.12157209218541,SW
2009,-0.554243352782063,47.85213476029991,0.8526328856962806,-20.49585026069176,20.970715137989437,No,48.150524293214126,SW
2009.0833333333335,-0.8590225215808265,47.865348808145896,1.1731502076777716,-20.49585026069176,20.970715137989437,No,48.17947649424284,SW
2009.1666666666667,-1.2228084983617311,47.87856285599187,1.5526743376414132,-20.49585026069176,20.970715137989437,No,48.20842869527156,SW
2009.25,0.08681784261695535,47.89177690383785,0.2587861498454629,-20.49585026069176,20.970715137989437,No,48.237380896300266,SW
2009.3333333333335,1.7728680057865722,47.90499095168383,-1.411525860141417,-20.49585026069176,20.970715137989437,No,48.26633309732898,SW
2009.4166666666667,1.281301369264494,47.918204999529806,-0.9042210704366056,-20.49585026069176,20.970715137989437,No,48.2952852983577,SW
2009.5,1.765300349477472,47.93141904737578,9.252975880071354,-20.49585026069176,20.970715137989437,No,58.94969527692461,SW
2009.5833333333335,0.217810216620792,47.94463309522176,7.116308905250634,-20.49585026069176,20.970715137989437,No,55.278752217093185,SW
2009.6666666666667,-0.9913167011219098,47.95784714306774,4.641278715315934,-20.49585026069176,20.970715137989437,No,51.60780915726176,SW
2009.75,-0.7495921684776926,47.96633236189949,0.7201259040085404,-20.49585026069176,20.970715137989437,No,47.93686609743034,SW
2009.8333333333335,-0.32162229116535507,47.974817580731234,5.6915356912879105,-20.49585026069176,20.970715137989437,No,53.34473098085379,SW
2009.9166666666667,-0.42549232603336556,47.983302799562985,1.4864680678763875,-20.49585026069176,20.970715137989437,No,49.04427854140601,SW
2010,-0.554243352782063,47.991788018394736,-2.6937185636544356,-20.49585026069176,20.970715137989437,No,44.743826101958234,SW
2010.0833333333335,-0.8590225215808265,48.00027323722648,-6.697877053135201,-20.49585026069176,20.970715137989437,No,40.44337366251045,SW
2010.1666666666667,-1.2228084983617311,48.00875845605823,-6.342576295186049,-20.49585026069176,20.970715137989437,No,40.44337366251045,SW
2010.25,0.08681784261695535,48.017243674889976,0.752064729317226,-20.49585026069176,20.970715137989437,No,48.856126246824154,SW
2010.3333333333335,1.7728680057865722,48.02572889372173,-4.8689940862341246,-20.49585026069176,20.970715137989437,No,44.92960281327417,SW
2010.4166666666667,1.281301369264494,48.03421411255348,-6.770356708395674,-20.49585026069176,20.970715137989437,No,42.5451587734223,SW
2010.5,1.765300349477472,48.04269933138522,-9.647284947292263,-20.49585026069176,20.970715137989437,No,40.16071473357043,SW
2010.5833333333335,0.217810216620792,48.05118455021697,-10.492724073119213,-20.49585026069176,20.970715137989437,No,37.77627069371855,SW
2010.6666666666667,-0.9913167011219098,48.059669769048725,-11.676526414060135,-20.49585026069176,20.970715137989437,No,35.39182665386668,SW
2010.75,-0.7495921684776926,48.06815498788047,-8.178030305810637,-20.49585026069176,20.970715137989437,No,39.14053251359214,SW
2010.8333333333335,-0.32162229116535507,48.07664020671222,-4.865779542229269,-20.49585026069176,20.970715137989437,No,42.889238373317596,SW
2010.9166666666667,-0.42549232603336556,48.068972985593,-1.0055364265165778,-20.49585026069176,20.970715137989437,No,46.63794423304306,SW
2011,-0.554243352782063,48.061305764473786,2.8795876810767993,-20.49585026069176,20.970715137989437,No,50.38665009276852,SW
2011.0833333333335,-0.8590225215808265,48.053638543354566,-6.751627340078173,-20.49585026069176,20.970715137989437,No,40.44298868169557,SW
2011.1666666666667,-1.2228084983617311,48.045971322235346,-2.2931653405421955,-20.49585026069176,20.970715137989437,No,44.52999748333142,SW
2011.25,0.08681784261695535,48.03830410111613,1.9930608899436209,-20.49585026069176,20.970715137989437,No,50.118182833676705,SW
2011.3333333333335,1.7728680057865722,48.03063687999691,3.049156534498067,-20.49585026069176,20.970715137989437,No,52.85266142028155,SW
2011.4166666666667,1.281301369264494,48.0229696588777,6.2828689787442045,-20.49585026069176,20.970715137989437,No,55.5871400068864,SW
2011.5,1.765300349477472,48.01530243775848,3.936230765985826,-20.49585026069176,20.970715137989437,No,53.716833553221775,SW
2011.5833333333335,0.217810216620792,48.00763521663926,3.6210816662971013,-20.49585026069176,20.970715137989437,No,51.84652709955715,SW
2011.6666666666667,-0.9913167011219098,47.999967995520045,2.96756935149439,-20.49585026069176,20.970715137989437,No,49.976220645892525,SW
2011.75,-0.7495921684776926,47.992300774400825,1.9185902333570368,-20.49585026069176,20.970715137989437,No,49.16129883928017,SW
2011.8333333333335,-0.32162229116535507,47.984633553281604,2.3089994574264523,-20.49585026069176,20.970715137989437,No,49.9720107195427,SW
2011.9166666666667,-0.42549232603336556,47.97696633216239,3.231248593676206,-20.49585026069176,20.970715137989437,No,50.78272259980523,SW
2012,-0.554243352782063,47.96929911104317,4.178378721806666,-20.49585026069176,20.970715137989437,No,51.59343448006777,SW
2012.0833333333335,-0.8590225215808265,47.94690136421152,5.3162675176996075,-20.49585026069176,20.970715137989437,No,52.4041463603303,SW
2012.1666666666667,-1.2228084983617311,47.92450361737986,6.513163121574699,-20.49585026069176,20.970715137989437,No,53.21485824059283,SW
2012.25,0.08681784261695535,47.90210587054821,6.036646407690199,-20.49585026069176,20.970715137989437,No,54.02557012085536,SW
2012.3333333333335,1.7728680057865722,47.87970812371656,5.183705871614762,-20.49585026069176,20.970715137989437,No,54.836282001117894,SW
2012.4166666666667,1.281301369264494,47.85731037688491,6.508382135231024,-20.49585026069176,20.970715137989437,No,55.64699388138043,SW
2012.5,1.765300349477472,47.83491263005325,6.857492782112239,-20.49585026069176,20.970715137989437,No,56.45770576164296,SW
2012.5833333333335,0.217810216620792,47.8125148832216,9.2380925420631,-20.49585026069176,20.970715137989437,No,57.268417641905494,SW
2012.6666666666667,-0.9913167011219098,47.79011713638995,5.9037073474497745,-20.49585026069176,20.970715137989437,No,52.70250778271782,SW
2012.75,-0.7495921684776926,47.767719389558295,7.726850606076958,-20.49585026069176,20.970715137989437,No,54.74497782715756,SW
2012.8333333333335,-0.32162229116535507,47.745321642726644,4.7998271162762975,-20.49585026069176,20.970715137989437,No,52.22352646783759,SW
2012.9166666666667,-0.42549232603336556,47.72292389589499,3.8740849362989067,-20.49585026069176,20.970715137989437,No,51.171516506160536,SW
2013,-0.554243352782063,47.70052614906334,2.9732237482022086,-20.49585026069176,20.970715137989437,No,50.119506544483485,SW
2013.0833333333335,-0.8590225215808265,47.678128402231685,2.248390702155568,-20.49585026069176,20.970715137989437,No,49.06749658280643,SW
2013.1666666666667,-1.2228084983617311,47.655730655400035,1.582564464091071,-20.49585026069176,20.970715137989437,No,48.01548662112938,SW
2013.25,0.08681784261695535,47.61546686796243,-0.7388080511270587,-20.49585026069176,20.970715137989437,No,46.963476659452326,SW
2013.3333333333335,1.7728680057865722,47.57520308052482,-3.436604388536125,-20.49585026069176,20.970715137989437,No,45.91146669777527,SW
2013.4166666666667,1.281301369264494,47.53493929308722,-3.9567839262535003,-20.49585026069176,20.970715137989437,No,44.85945673609822,SW
2013.5,1.765300349477472,47.49467550564962,-5.452529080705922,-20.49585026069176,20.970715137989437,No,43.807446774421166,SW
2013.5833333333335,0.217810216620792,47.45441171821201,-12.280395280966147,-20.49585026069176,20.970715137989437,No,35.39182665386665,SW
2013.6666666666667,-0.9913167011219098,47.414147930774405,-8.224507581076658,-20.49585026069176,20.970715137989437,No,38.19832364857584,SW
2013.75,-0.7495921684776926,47.373884143336795,4.756996070926398,-20.49585026069176,20.970715137989437,No,51.3812880457855,SW
2013.8333333333335,-0.32162229116535507,47.33362035589919,2.0850812107775383,-20.49585026069176,20.970715137989437,No,49.097079275511376,SW
2013.9166666666667,-0.42549232603336556,47.29335656846159,-0.05499373719097633,-20.49585026069176,20.970715137989437,No,46.81287050523725,SW
2014,-0.554243352782063,47.25309278102398,-2.170187693278791,-20.49585026069176,20.970715137989437,No,44.52866173496312,SW
2014.0833333333335,-0.8590225215808265,47.21282899358638,-4.109353507316563,-20.49585026069176,20.970715137989437,No,42.24445296468899,SW
2014.1666666666667,-1.2228084983617311,47.172565206148775,-5.989512513372183,-20.49585026069176,20.970715137989437,No,39.96024419441486,SW
2014.25,0.08681784261695535,47.132301418711165,-9.543083837187382,-20.49585026069176,20.970715137989437,No,37.676035424140736,SW
2014.3333333333335,1.7728680057865722,47.09203763127356,-13.473078983193524,-20.49585026069176,20.970715137989437,No,35.39182665386661,SW
2014.4166666666667,1.281301369264494,47.0285363147,-6.186239912424632,-20.49585026069176,20.970715137989437,No,42.12359777153986,SW
2014.5,1.765300349477472,46.965034998126434,0.12503354160921276,-20.49585026069176,20.970715137989437,No,48.85536888921312,SW
2014.5833333333335,0.217810216620792,46.90153368155287,8.467796108712712,-20.49585026069176,20.970715137989437,No,55.58714000688637,SW
2014.6666666666667,-0.9913167011219098,46.838032364979306,2.448569634500302,-20.49585026069176,20.970715137989437,No,48.2952852983577,SW
2014.75,-0.7495921684776926,46.77453104840574,2.2703464184296465,-20.49585026069176,20.970715137989437,No,48.2952852983577,SW
2014.8333333333335,-0.32162229116535507,46.71102973183218,0.7813535247288144,-20.49585026069176,20.970715137989437,No,47.17076096539564,SW
2014.9166666666667,-0.42549232603336556,46.64752841525862,-0.733522384982912,-20.49585026069176,20.970715137989437,No,45.488513704242344,SW
2015,-0.554243352782063,46.584027098685056,-2.2235173028139386,-20.49585026069176,20.970715137989437,No,43.80626644308905,SW
2015.0833333333335,-0.8590225215808265,46.52052578211149,-3.5374840785949075,-20.49585026069176,20.970715137989437,No,42.12401918193576,SW
2015.1666666666667,-1.2228084983617311,46.45702446553793,-4.792444046393733,-20.49585026069176,20.970715137989437,No,40.441771920782465,SW
2015.25,0.08681784261695535,46.39352314896436,-7.720816331952143,-20.49585026069176,20.970715137989437,No,38.75952465962917,SW
2015.3333333333335,1.7728680057865722,46.3300218323908,1.2350328829019972,-20.49585026069176,20.970715137989437,No,49.337922721079366,SW
2015.4166666666667,1.281301369264494,46.266520515817234,-11.31400923734413,-20.49585026069176,20.970715137989437,No,36.2338126477376,SW
2015.5,1.765300349477472,46.20301919924367,4.253881282164478,-20.49585026069176,20.970715137989437,No,52.22220083088562,SW
2015.5833333333335,0.217810216620792,46.14011903299296,9.228787449668353,-20.49585026069176,20.970715137989437,No,55.58671669928211,SW
2015.6666666666667,-0.9913167011219098,46.07721886674225,10.020287769709533,-20.49585026069176,20.970715137989437,No,55.10618993532987,SW
2015.75,-0.7495921684776926,46.01431870049154,9.360936639363786,-20.49585026069176,20.970715137989437,No,54.62566317137764,SW
2015.8333333333335,-0.32162229116535507,45.95141853424084,3.707182585072026,-20.49585026069176,20.970715137989437,No,49.33697882814751,SW
2015.9166666666667,-0.42549232603336556,45.88851836799012,2.8322592564009383,-20.49585026069176,20.970715137989437,No,48.2952852983577,SW
2016,-0.554243352782063,45.82561820173942,1.4442165644181912,-20.49585026069176,20.970715137989437,No,46.71559141337554,SW
2016.0833333333335,-0.8590225215808265,45.7627180354887,-6.143924884557457,-20.49585026069176,20.970715137989437,No,38.75977062935042,SW
2016.1666666666667,-1.2228084983617311,45.699817869238,-0.6697575796322965,-20.49585026069176,20.970715137989437,No,43.80725179124397,SW
2016.25,0.08681784261695535,45.63691770298729,3.130997407533272,-20.49585026069176,20.970715137989437,No,48.854732953137514,SW
2016.3333333333335,1.7728680057865722,45.57401753673658,6.555328572507911,-20.49585026069176,20.970715137989437,No,53.90221411503106,SW
2016.4166666666667,1.281301369264494,45.51111737048587,12.15727653717424,-20.49585026069176,20.970715137989437,No,58.94969527692461,SW
2016.5,1.765300349477472,45.44821720423516,-11.821690899846026,-20.49585026069176,20.970715137989437,No,35.39182665386661,SW
2016.5833333333335,0.217810216620792,45.38531703798445,-2.99652346248628,-20.49585026069176,20.970715137989437,No,42.60660379211896,SW
2016.6666666666667,-0.9913167011219098,45.32241687173374,-4.129422091243654,-20.49585026069176,20.970715137989437,No,40.20167807936818,SW
2016.75,-0.7495921684776926,45.31315130852496,-6.766806773429877,-20.49585026069176,20.970715137989437,No,37.79675236661739,SW
2016.8333333333335,-0.32162229116535507,45.30388574531617,-9.590436800284209,-20.49585026069176,20.970715137989437,No,35.39182665386661,SW
2016.9166666666667,-0.42549232603336556,45.29462018210739,0.24830470165449725,-20.49585026069176,20.970715137989437,No,45.11743255772852,SW
2017,-0.554243352782063,45.2853546188986,10.855499606264452,-20.49585026069176,20.970715137989437,No,55.58661087238099,SW
2017.0833333333335,-0.8590225215808265,45.276089055689816,5.560515600688056,-20.49585026069176,20.970715137989437,No,49.977582134797046,SW
2017.1666666666667,-1.2228084983617311,45.26682349248103,0.3245384030938112,-20.49585026069176,20.970715137989437,No,44.36855339721311,SW
2017.25,0.08681784261695535,45.25755792927224,-6.584851112260019,-20.49585026069176,20.970715137989437,No,38.75952465962917,SW
2017.3333333333335,1.7728680057865722,45.24829236606345,2.0936949248589656,-20.49585026069176,20.970715137989437,No,49.11485529670899,SW
2017.4166666666667,1.281301369264494,45.23902680285467,1.4178442926494483,-20.49585026069176,20.970715137989437,No,47.93817246476861,SW
2017.5,1.765300349477472,45.22976123964588,-5.330062029805745,-20.49585026069176,20.970715137989437,No,41.66499955931761,SW
2017.5833333333335,0.217810216620792,45.220495676437096,-10.046479239191278,-20.49585026069176,20.970715137989437,No,35.39182665386661,SW
2017.6666666666667,-0.9913167011219098,45.21123011322831,-8.828086758239792,-20.49585026069176,20.970715137989437,No,35.39182665386661,SW
2017.75,-0.7495921684776926,45.201964550019525,-9.060545727675226,-20.49585026069176,20.970715137989437,No,35.39182665386661,SW
2017.8333333333335,-0.32162229116535507,45.19269898681074,-6.111552036016214,-20.49585026069176,20.970715137989437,No,38.75952465962917,SW
2017.9166666666667,-0.42549232603336556,45.235583700411595,-3.947114796341907,-20.49585026069176,20.970715137989437,No,40.862976578036324,SW
2018,-0.554243352782063,45.27846841401246,-1.757796564786915,-20.49585026069176,20.970715137989437,No,42.96642849644348,SW
2018.0833333333335,-0.8590225215808265,45.321353127613314,0.6075498088181419,-20.49585026069176,20.970715137989437,No,45.06988041485063,SW
2018.1666666666667,-1.2228084983617311,45.36423784121418,3.0319029904053423,-20.49585026069176,20.970715137989437,No,47.17333233325779,SW
2018.25,0.08681784261695535,45.40712255481503,3.782843854232958,-20.49585026069176,20.970715137989437,No,49.27678425166494,SW
2018.3333333333335,1.7728680057865722,45.450007268415895,4.15736089586963,-20.49585026069176,20.970715137989437,No,51.380236170072095,SW
2018.4166666666667,1.281301369264494,45.49289198201675,6.709494737198,-20.49585026069176,20.970715137989437,No,53.48368808847925,SW
2018.5,1.765300349477472,45.535776695617606,8.286062961791323,-20.49585026069176,20.970715137989437,No,55.5871400068864,SW
2018.5833333333335,0.217810216620792,45.57866140921847,0.9558984566982147,-20.49585026069176,20.970715137989437,No,46.752370082537475,SW
2018.6666666666667,-0.9913167011219098,45.621546122819325,-6.712629263508866,-20.49585026069176,20.970715137989437,No,37.91760015818855,SW
2018.75,-0.7495921684776926,45.66443083642019,0.5785420799521717,-20.49585026069176,20.970715137989437,No,45.49338074789467,SW
2018.8333333333335,-0.32162229116535507,45.70731555002104,-2.137039036511041,-20.49585026069176,20.970715137989437,No,43.24865422234465,SW
2018.9166666666667,-0.42549232603336556,45.750200263621906,-4.320780240793923,-20.49585026069176,20.970715137989437,No,41.00392769679462,SW
2019,-0.554243352782063,45.79308497722276,-6.479640453196097,-20.49585026069176,20.970715137989437,No,38.7592011712446,SW
2019.0833333333335,-0.8590225215808265,45.86331144340054,-8.489814276125138,-20.49585026069176,20.970715137989437,No,36.51447464569458,SW
2019.1666666666667,-1.2228084983617311,45.93353790957831,-7.074442598838843,-20.49585026069176,20.970715137989437,No,37.63628681237774,SW
2019.25,0.08681784261695535,46.00376437575609,-7.33248323931214,-20.49585026069176,20.970715137989437,No,38.758098979060904,SW
2019.3333333333335,1.7728680057865722,46.07399084193387,-7.966947701976366,-20.49585026069176,20.970715137989437,No,39.879911145744074,SW
2019.4166666666667,1.281301369264494,46.14421730811164,-6.4237953649489015,-20.49585026069176,20.970715137989437,No,41.00172331242724,SW
2019.5,1.765300349477472,46.21444377428942,-5.8562086446564905,-20.49585026069176,20.970715137989437,No,42.1235354791104,SW
2019.5833333333335,0.217810216620792,46.28467024046719,-3.2571328112944187,-20.49585026069176,20.970715137989437,No,43.245347645793565,SW
2019.6666666666667,-0.9913167011219098,46.35489670664497,-0.9964201930463332,-20.49585026069176,20.970715137989437,No,44.36715981247673,SW
2019.75,-0.7495921684776926,46.42512317282275,-0.18655902518516854,-20.49585026069176,20.970715137989437,No,45.48897197915989,SW
2019.8333333333335,-0.32162229116535507,46.49534963900052,0.43705679800788744,-20.49585026069176,20.970715137989437,No,46.610784145843056,SW
2019.9166666666667,-0.42549232603336556,46.5655761051783,1.5925125333812886,-20.49585026069176,20.970715137989437,No,47.732596312526226,SW
2020,-0.554243352782063,46.63580257135608,2.7728492606353754,-20.49585026069176,20.970715137989437,No,48.85440847920939,SW
2020.0833333333335,-0.8590225215808265,46.70602903753385,4.129214129939527,-20.49585026069176,20.970715137989437,No,49.97622064589255,SW
2020.1666666666667,-1.2228084983617311,46.77625550371163,4.6102228866600115,-20.49585026069176,20.970715137989437,No,50.163669892009914,SW
2020.25,0.08681784261695535,46.87758558333245,3.3867157121778817,-20.49585026069176,20.970715137989437,No,50.35111913812728,SW
2020.3333333333335,1.7728680057865722,46.97891566295327,1.7867847155048011,-20.49585026069176,20.970715137989437,No,50.53856838424464,SW
2020.4166666666667,1.281301369264494,47.080245742574085,-2.0295257699714213,-20.49585026069176,20.970715137989437,No,46.33202134186716,SW
2020.5,1.765300349477472,47.1815758221949,-6.8214018721826974,-20.49585026069176,20.970715137989437,No,42.125474299489674,SW
2020.5833333333335,0.217810216620792,47.28290590181572,-7.058653730352582,-20.49585026069176,20.970715137989437,No,40.442062388083926,SW
2020.6666666666667,-0.9913167011219098,47.38423598143654,-7.634268803636452,-20.49585026069176,20.970715137989437,No,38.75865047667818,SW
2020.75,-0.7495921684776926,47.485566061057355,-9.660735327307236,-20.49585026069176,20.970715137989437,No,37.07523856527243,SW
2020.8333333333335,-0.32162229116535507,47.58689614067817,-11.873447195646136,-20.49585026069176,20.970715137989437,No,35.39182665386668,SW
2020.9166666666667,-0.42549232603336556,47.68822622029899,-3.452555172483052,-20.49585026069176,20.970715137989437,No,43.81017872178258,SW
2021,-0.554243352782063,47.78955629991981,-2.303857581211389,-20.49585026069176,20.970715137989437,No,44.931455365926354,SW
2021.0833333333335,-0.8590225215808265,47.890886379540625,-0.9791318478896613,-20.49585026069176,20.970715137989437,No,46.05273201007014,SW
2021.1666666666667,-1.2228084983617311,47.99221645916144,0.4046006934142099,-20.49585026069176,20.970715137989437,No,47.17400865421392,SW
2021.25,0.08681784261695535,48.09354653878226,0.11492091695848217,-20.49585026069176,20.970715137989437,No,48.2952852983577,SW
2021.3333333333335,1.7728680057865722,48.19487661840308,-0.8870719489877459,-20.49585026069176,20.970715137989437,No,49.0806726752019,SW
2021.4166666666667,1.281301369264494,48.29766822820379,0.2870904545778217,-20.49585026069176,20.970715137989437,No,49.86606005204611,SW
2021.5,1.765300349477472,48.40045983800451,0.4856872414083355,-20.49585026069176,20.970715137989437,No,50.651447428890314,SW
2021.5833333333335,0.217810216620792,48.50325144780522,2.71577314130851,-20.49585026069176,20.970715137989437,No,51.43683480573452,SW
2021.6666666666667,-0.9913167011219098,48.60604305760593,4.607495826094706,-20.49585026069176,20.970715137989437,No,52.222222182578726,SW
2021.75,-0.7495921684776926,48.70883466740664,4.122950728828329,-20.49585026069176,20.970715137989437,No,52.08219322775728,SW
2021.8333333333335,-0.32162229116535507,48.81162627720736,3.452160286893829,-20.49585026069176,20.970715137989437,No,51.942164272935834,SW
2021.9166666666667,-0.42549232603336556,48.91441788700807,3.3132097571396812,-20.49585026069176,20.970715137989437,No,51.80213531811439,SW
2022,-0.554243352782063,49.01720949680878,3.1991402192662193,-20.49585026069176,20.970715137989437,No,51.662106363292935,SW
2022.0833333333335,-0.8590225215808265,49.1200011066095,3.261098823442815,-20.49585026069176,20.970715137989437,No,51.52207740847149,SW
2022.1666666666667,-1.2228084983617311,49.22279271641021,3.382064235601561,-20.49585026069176,20.970715137989437,No,51.38204845365004,SW
2022.25,0.08681784261695535,49.32558432621092,1.8296173300007226,-20.49585026069176,20.970715137989437,No,51.2420194988286,SW
2022.3333333333335,1.7728680057865722,49.42837593601163,-0.09925339779105258,-20.49585026069176,20.970715137989437,No,51.10199054400715,SW
2022.4166666666667,1.281301369264494,49.53116754581235,2.6716589533654087,-20.49585026069176,20.970715137989437,No,53.48412786844226,SW
2022.5,1.765300349477472,49.63395915561306,2.084868363351724,-20.49585026069176,20.970715137989437,No,53.48412786844226,SW
2022.5833333333335,0.217810216620792,49.73953270051938,3.5267849513020835,-20.49585026069176,20.970715137989437,No,53.48412786844226,SW
2022.6666666666667,-0.9913167011219098,49.845106245425704,4.630338324138464,-20.49585026069176,20.970715137989437,No,53.48412786844226,SW
2022.75,-0.7495921684776926,49.950679790332025,7.015823950829095,-20.49585026069176,20.970715137989437,No,56.21691157268343,SW
2022.8333333333335,-0.32162229116535507,50.05625333523834,9.21506423285161,-20.49585026069176,20.970715137989437,No,58.949695276924594,SW
2022.9166666666667,-0.42549232603336556,50.16182688014466,-3.2356757244631638,-20.49585026069176,20.970715137989437,No,46.50065882964813,SW
2023,-0.554243352782063,50.26740042505098,4.7527784216011995,-20.49585026069176,20.970715137989437,No,54.46593549387011,SW
2023.0833333333335,-0.8590225215808265,50.3729739699573,1.8882088398141974,-20.49585026069176,20.970715137989437,No,51.40216028819067,SW
2023.1666666666667,-1.2228084983617311,50.47854751486362,-0.917353933990654,-20.49585026069176,20.970715137989437,No,48.33838508251124,SW
2023.25,0.08681784261695535,50.58412105976994,2.0313305777782915,-20.49585026069176,20.970715137989437,No,52.702269480165185,SW
2023.3333333333335,1.7728680057865722,50.68969460467626,-8.895554160473218,-20.49585026069176,20.970715137989437,No,43.567008449989615,SW
2023.4166666666667,1.281301369264494,50.795268149582576,-4.90264376457521,-20.49585026069176,20.970715137989437,No,47.17392575427186,SW
2023.5,1.765300349477472,50.900841694488896,-2.9674159329117558,-20.49585026069176,20.970715137989437,No,49.69872611105461,SW
2023.5833333333335,0.217810216620792,51.00641523939522,0.999301011821359,-20.49585026069176,20.970715137989437,No,52.22352646783737,SW
2023.6666666666667,-0.9913167011219098,51.11198878430154,7.147745558725866,-20.49585026069176,20.970715137989437,No,57.268417641905494,SW
2023.75,-0.7495921684776926,51.217282955476286,-5.350258229270075,-20.49585026069176,20.970715137989437,No,45.11743255772852,SW
2023.8333333333335,-0.32162229116535507,51.322577126651034,4.586185171400693,-20.49585026069176,20.970715137989437,No,55.58714000688637,SW
2023.9166666666667,-0.42549232603336556,51.42787129782578,-3.4082975371268702,-20.49585026069176,20.970715137989437,No,47.59408143466555,SW
2024,-0.554243352782063,51.53316546900053,3.48649491590772,-20.49585026069176,20.970715137989437,No,54.46541703212618,SW
2024.0833333333335,-0.8590225215808265,51.63845964017528,2.0202832339268113,-20.49585026069176,20.970715137989437,No,52.79972035252126,SW
2024.1666666666667,-1.2228084983617311,51.743753811350025,0.6130783599280392,-20.49585026069176,20.970715137989437,No,51.134023672916335,SW
2024.25,0.08681784261695535,51.84904798252478,-2.4675388318303177,-20.49585026069176,20.970715137989437,No,49.468326993311415,SW
2024.3333333333335,1.7728680057865722,51.95434215369953,-3.3404833413326287,-20.49585026069176,20.970715137989437,No,50.38672681815347,SW
2024.4166666666667,1.281301369264494,52.059636324874276,-2.0358110511432415,-20.49585026069176,20.970715137989437,No,51.30512664299553,SW
2024.5,1.765300349477472,52.164930496049024,-1.706704377688908,-20.49585026069176,20.970715137989437,No,52.22352646783759,SW
2024.5833333333335,0.217810216620792,52.27022466722377,-0.2651712344829633,-20.49585026069176,20.970715137989437,No,52.2228636493616,SW
2024.6666666666667,-0.9913167011219098,52.37551883839852,0.837998693609002,-20.49585026069176,20.970715137989437,No,52.22220083088561,SW
2024.75,-0.7495921684776926,52.48081300957327,0.4903171713140466,-20.49585026069176,20.970715137989437,No,52.221538012409624,SW
2024.8333333333335,-0.32162229116535507,52.586107180748016,-4.961388385273416,-20.49585026069176,20.970715137989437,No,47.303096504309245,SW
2024.9166666666667,-0.42549232603336556,52.688599959795006,3.323767805872045,-20.49585026069176,20.970715137989437,No,55.58687543963369,SW
2025,-0.554243352782063,52.791092738841996,-1.457735294554567,-20.49585026069176,20.970715137989437,No,50.77911409150536,SW
2025.0833333333335,-0.8590225215808265,52.89358551788899,6.915132280616433,-20.49585026069176,20.970715137989437,No,58.949695276924594,SW
2025.1666666666667,-1.2228084983617311,52.99607829693597,4.93472196499156,-20.49585026069176,20.970715137989437,No,56.7079917635658,SW
2025.25,0.08681784261695535,53.09857107598296,2.4013983319495793,-20.49585026069176,20.970715137989437,No,55.58678725054949,SW
2025.3333333333335,1.7728680057865722,53.20106385502995,0.6126790115644596,-20.49585026069176,20.970715137989437,No,55.58661087238098,SW
2025.4166666666667,1.281301369264494,53.30355663407694,-3.4828674593342868,-20.49585026069176,20.970715137989437,No,51.10199054400715,SW
2025.5,1.765300349477472,53.40604941312393,-18.656875116906825,-20.49585026069176,20.970715137989437,No,36.51447464569458,SW
2025.5833333333335,0.217810216620792,53.50854219217092,-13.28461480756144,-20.49585026069176,20.970715137989437,No,40.44173760123027,SW
2025.6666666666667,-0.9913167011219098,53.611034971217904,-13.861284317986922,-20.49585026069176,20.970715137989437,No,38.75843395210907,SW
2025.75,-0.7495921684776926,53.713527750264895,-15.888805278799325,-20.49585026069176,20.970715137989437,No,37.07513030298788,SW
2025.8333333333335,-0.32162229116535507,53.816020529311885,-18.10257158427985,-20.49585026069176,20.970715137989437,No,35.39182665386668,SW
2025.9166666666667,-0.42549232603336556,53.918513308358875,-18.10119432845883,-20.49585026069176,20.970715137989437,No,35.39182665386668,SW
1981.6666666666667,-0.013633557868711814,33.57329962407279,-1.5364571779940093,-1.7415073818552638,1.7322985397650181,No,32.023208888210064,S
1981.75,-0.025074355888555316,33.581392489016444,-1.5331092449178243,-1.7415073818552638,1.7322985397650181,No,32.023208888210064,S
1981.8333333333335,-0.039678106710612,33.5894853539601,-1.5265983590394256,-1.7415073818552638,1.7322985397650181,No,32.023208888210064,S
1981.9166666666667,0.037901074371257275,33.59757821890376,-1.3315522579268944,-1.7415073818552638,1.7322985397650181,No,32.303927035348124,S
1982,-0.034509360326805794,33.60567108384742,-0.9865165410344261,-1.7415073818552638,1.7322985397650181,No,32.584645182486184,S
1982.0833333333335,0.013454360336050911,33.613763948791075,-0.7618549795028784,-1.7415073818552638,1.7322985397650181,No,32.865363329624245,S
1982.1666666666667,-0.007566717442855649,33.62185681373473,-0.4682086195295625,-1.7415073818552638,1.7322985397650181,No,33.14608147676231,S
1982.25,0.01585550999429857,33.62994967867839,-0.21900556477231703,-1.7415073818552638,1.7322985397650181,No,33.42679962390037,S
1982.3333333333335,-0.03489183020189772,33.63804254362205,0.10436705761828335,-1.7415073818552638,1.7322985397650181,No,33.70751777103843,S
1982.4166666666667,0.030803071832876387,33.646135408565705,0.11479473478127034,-1.7415073818552638,1.7322985397650181,No,33.79173321517985,S
1982.5,-0.007347452342849216,33.65422827350936,0.22906783815476928,-1.7415073818552638,1.7322985397650181,No,33.87594865932128,S
1982.5833333333335,0.06468735764531997,33.66232113845302,0.2331556073643668,-1.7415073818552638,1.7322985397650181,No,33.9601641034627,S
1982.6666666666667,-0.013633557868711814,33.67041400339668,0.3875991020761589,-1.7415073818552638,1.7322985397650181,No,34.04437954760412,S
1982.75,-0.025074355888555316,33.678506868340335,0.19444433215569745,-1.7415073818552638,1.7322985397650181,No,33.84787684460748,S
1982.8333333333335,-0.039678106710612,33.68659973328399,0.0044525150374497,-1.7415073818552638,1.7322985397650181,No,33.65137414161083,S
1982.9166666666667,0.037901074371257275,33.693267942649584,-0.27629757840664837,-1.7415073818552638,1.7322985397650181,No,33.45487143861419,S
1983,-0.034509360326805794,33.699936152015184,-0.4070580560708308,-1.7415073818552638,1.7322985397650181,No,33.258368735617545,S
1983.0833333333335,0.013454360336050911,33.706604361380776,-0.6581926890959267,-1.7415073818552638,1.7322985397650181,No,33.0618660326209,S
1983.1666666666667,-0.007566717442855649,33.71327257074637,-0.8403425236792614,-1.7415073818552638,1.7322985397650181,No,32.86536332962425,S
1983.25,0.01585550999429857,33.71994078011197,-0.5095096284473541,-1.7415073818552638,1.7322985397650181,No,33.22628666165891,S
1983.3333333333335,-0.03489183020189772,33.72660898947756,-0.10450716558209905,-1.7415073818552638,1.7322985397650181,No,33.58720999369356,S
1983.4166666666667,0.030803071832876387,33.73327719884316,0.18405305505218195,-1.7415073818552638,1.7322985397650181,No,33.94813332572822,S
1983.5,-0.007347452342849216,33.739945408208754,0.5764587018969678,-1.7415073818552638,1.7322985397650181,No,34.30905665776287,S
1983.5833333333335,0.06468735764531997,33.74661361757435,0.8586790145778664,-1.7415073818552638,1.7322985397650181,No,34.66997998979753,S
1983.6666666666667,-0.013633557868711814,33.75328182693995,1.2912550527609525,-1.7415073818552638,1.7322985397650181,No,35.030903321832184,S
1983.75,-0.025074355888555316,33.75995003630554,1.6569509734498595,-1.7415073818552638,1.7322985397650181,No,35.39182665386684,S
1983.8333333333335,-0.039678106710612,33.76661824567113,-0.7412690319913651,-1.7415073818552638,1.7322985397650181,No,32.98567110696916,S
1983.9166666666667,0.037901074371257275,33.77328645503673,-0.7161457157616624,-1.7415073818552638,1.7322985397650181,No,33.095041813646326,S
1984,-0.034509360326805794,33.779954664402325,-0.5410327837520228,-1.7415073818552638,1.7322985397650181,No,33.204412520323494,S
1984.0833333333335,0.013454360336050911,33.785369883948405,-0.4850410172837911,-1.7415073818552638,1.7322985397650181,No,33.31378322700066,S
1984.1666666666667,-0.007566717442855649,33.790785103494485,-0.36006445237380547,-1.7415073818552638,1.7322985397650181,No,33.423153933677824,S
1984.25,0.01585550999429857,33.796200323040566,-0.2795311926798689,-1.7415073818552638,1.7322985397650181,No,33.53252464035499,S
1984.3333333333335,-0.03489183020189772,33.801615542586646,-0.12482836535258457,-1.7415073818552638,1.7322985397650181,No,33.64189534703216,S
1984.4166666666667,0.030803071832876387,33.807030762132726,-0.08656778025627432,-1.7415073818552638,1.7322985397650181,No,33.75126605370933,S
1984.5,-0.007347452342849216,33.812445981678806,0.05553823105054079,-1.7415073818552638,1.7322985397650181,No,33.8606367603865,S
1984.5833333333335,0.06468735764531997,33.817861201224886,0.08745890819346158,-1.7415073818552638,1.7322985397650181,No,33.97000746706367,S
1984.6666666666667,-0.013633557868711814,33.82327642077096,0.26973531083859115,-1.7415073818552638,1.7322985397650181,No,34.079378173740835,S
1984.75,-0.025074355888555316,33.82869164031704,0.3851315959895203,-1.7415073818552638,1.7322985397650181,No,34.188748880418004,S
1984.8333333333335,-0.039678106710612,33.83410685986312,0.503690833942656,-1.7415073818552638,1.7322985397650181,No,34.298119587095165,S
1984.9166666666667,0.037901074371257275,33.8395220794092,0.5300671399918784,-1.7415073818552638,1.7322985397650181,No,34.407490293772334,S
1985,-0.034509360326805794,33.84493729895528,0.7064330618210306,-1.7415073818552638,1.7322985397650181,No,34.5168610004495,S
1985.0833333333335,0.013454360336050911,33.85035251850136,0.7624248282892623,-1.7415073818552638,1.7322985397650181,No,34.62623170712667,S
1985.1666666666667,-0.007566717442855649,33.85576773804744,0.887401393199255,-1.7415073818552638,1.7322985397650181,No,34.73560241380384,S
1985.25,0.01585550999429857,33.86045052611525,0.9686670843714609,-1.7415073818552638,1.7322985397650181,No,34.84497312048101,S
1985.3333333333335,-0.03489183020189772,33.86513331418306,1.1241023431770145,-1.7415073818552638,1.7322985397650181,No,34.954343827158176,S
1985.4166666666667,0.030803071832876387,33.86981610225088,1.1630953597515798,-1.7415073818552638,1.7322985397650181,No,35.06371453383534,S
1985.5,-0.007347452342849216,33.87449889031869,1.3059338025366642,-1.7415073818552638,1.7322985397650181,No,35.173085240512506,S
1985.5833333333335,0.06468735764531997,33.8791816783865,1.3385869111578543,-1.7415073818552638,1.7322985397650181,No,35.282455947189675,S
1985.6666666666667,-0.013633557868711814,33.88386446645431,1.521595745281246,-1.7415073818552638,1.7322985397650181,No,35.39182665386684,S
1985.75,-0.025074355888555316,33.88854725452212,1.528353755233276,-1.7415073818552638,1.7322985397650181,No,35.39182665386684,S
1985.8333333333335,-0.039678106710612,33.89323004258994,1.4061720605107766,-1.7415073818552638,1.7322985397650181,No,35.25972399639011,S
1985.9166666666667,0.037901074371257275,33.89791283065775,1.1918074338843638,-1.7415073818552638,1.7322985397650181,No,35.12762133891337,S
1986,-0.034509360326805794,33.90259561872556,1.127432423037881,-1.7415073818552638,1.7322985397650181,No,34.995518681436636,S
1986.0833333333335,0.013454360336050911,33.907278406793374,0.9426832568304775,-1.7415073818552638,1.7322985397650181,No,34.8634160239599,S
1986.1666666666667,-0.007566717442855649,33.91196119486119,0.826918889064828,-1.7415073818552638,1.7322985397650181,No,34.731313366483164,S
1986.25,0.01585550999429857,33.916643982929,0.6667112160831294,-1.7415073818552638,1.7322985397650181,No,34.59921070900643,S
1986.3333333333335,-0.03489183020189772,33.921326770996814,0.5806731107347787,-1.7415073818552638,1.7322985397650181,No,34.46710805152969,S
1986.4166666666667,0.030803071832876387,33.92238140319574,0.3818209190243351,-1.7415073818552638,1.7322985397650181,No,34.335005394052956,S
1986.5,-0.007347452342849216,33.923436035394666,0.28681415352439643,-1.7415073818552638,1.7322985397650181,No,34.20290273657621,S
1986.5833333333335,0.06468735764531997,33.924490667593595,0.08162205386056343,-1.7415073818552638,1.7322985397650181,No,34.07080007909948,S
1986.6666666666667,-0.013633557868711814,33.925545299792525,0.026785679698932086,-1.7415073818552638,1.7322985397650181,No,33.93869742162274,S
1986.75,-0.025074355888555316,33.92659993199145,-0.09493081195688546,-1.7415073818552638,1.7322985397650181,No,33.806594764146006,S
1986.8333333333335,-0.039678106710612,33.92765456419038,-0.21348435081049644,-1.7415073818552638,1.7322985397650181,No,33.67449210666927,S
1986.9166666666667,0.037901074371257275,33.9287091963893,-0.42422082156802077,-1.7415073818552638,1.7322985397650181,No,33.542389449192534,S
1987,-0.034509360326805794,33.92976382858823,-0.48496767654562234,-1.7415073818552638,1.7322985397650181,No,33.4102867917158,S
1987.0833333333335,0.013454360336050911,33.93081846078716,-0.6660886868841445,-1.7415073818552638,1.7322985397650181,No,33.27818413423906,S
1987.1666666666667,-0.007566717442855649,33.93187309298608,-0.7782248987808984,-1.7415073818552638,1.7322985397650181,No,33.146081476762326,S
1987.25,0.01585550999429857,33.93292772518501,-1.0834199055550329,-1.7415073818552638,1.7322985397650181,No,32.86536332962427,S
1987.3333333333335,-0.03489183020189772,33.93398235738394,-1.3144453446958195,-1.7415073818552638,1.7322985397650181,No,32.58464518248622,S
1987.4166666666667,0.030803071832876387,33.93503698958286,-1.6619130260675732,-1.7415073818552638,1.7322985397650181,No,32.30392703534817,S
1987.5,-0.007347452342849216,33.93609162178179,-1.905535281228829,-1.7415073818552638,1.7322985397650181,Yes,32.023208888210114,S
1987.5833333333335,0.06468735764531997,33.92512777128349,-1.966606240718697,-1.7415073818552638,1.7322985397650181,Yes,32.023208888210114,S
1987.6666666666667,-0.013633557868711814,33.914163920785185,-0.7544488861541438,-1.7415073818552638,1.7322985397650181,No,33.146081476762326,S
1987.75,-0.025074355888555316,33.903200070286886,-0.5074697199255667,-1.7415073818552638,1.7322985397650181,No,33.37065599447276,S
1987.8333333333335,-0.039678106710612,33.89223621978858,-0.2573276008947758,-1.7415073818552638,1.7322985397650181,No,33.59523051218319,S
1987.9166666666667,0.037901074371257275,33.88127236929028,-0.0993684137679125,-1.7415073818552638,1.7322985397650181,No,33.81980502989362,S
1988,-0.034509360326805794,33.87030851879197,0.20858038913889487,-1.7415073818552638,1.7322985397650181,No,34.04437954760406,S
1988.0833333333335,0.013454360336050911,33.85934466829367,0.3961550366847675,-1.7415073818552638,1.7322985397650181,No,34.26895406531449,S
1988.1666666666667,-0.007566717442855649,33.84838081779537,0.6527144826724083,-1.7415073818552638,1.7322985397650181,No,34.493528583024926,S
1988.25,0.01585550999429857,33.83741696729707,0.8648306234439929,-1.7415073818552638,1.7322985397650181,No,34.718103100735355,S
1988.3333333333335,-0.03489183020189772,33.82645311679877,1.1511163318489253,-1.7415073818552638,1.7322985397650181,No,34.94267761844579,S
1988.4166666666667,0.030803071832876387,33.81548926630046,1.3209597980228907,-1.7415073818552638,1.7322985397650181,No,35.16725213615623,S
1988.5,-0.007347452342849216,33.80452541580216,1.5946486904073467,-1.7415073818552638,1.7322985397650181,No,35.39182665386666,S
1988.5833333333335,0.06468735764531997,33.793561565303854,1.3464322994921218,-1.7415073818552638,1.7322985397650181,No,35.204681222441295,S
1988.6666666666667,-0.013633557868711814,33.782597714805554,1.2485716340790987,-1.7415073818552638,1.7322985397650181,No,35.01753579101594,S
1988.75,-0.025074355888555316,33.768579385472684,1.0868853300064458,-1.7415073818552638,1.7322985397650181,No,34.830390359590574,S
1988.8333333333335,-0.039678106710612,33.75456105613981,0.9283619787360138,-1.7415073818552638,1.7322985397650181,No,34.64324492816522,S
1988.9166666666667,0.037901074371257275,33.74054272680694,0.6776556955616542,-1.7415073818552638,1.7322985397650181,No,34.45609949673985,S
1989,-0.034509360326805794,33.72652439747408,0.5769390281672173,-1.7415073818552638,1.7322985397650181,No,34.26895406531449,S
1989.0833333333335,0.013454360336050911,33.71250606814121,0.3558482054118741,-1.7415073818552638,1.7322985397650181,No,34.08180863388913,S
1989.1666666666667,-0.007566717442855649,33.69848773880834,0.2037421810982849,-1.7415073818552638,1.7322985397650181,No,33.89466320246377,S
1989.25,0.01585550999429857,33.68446940947547,0.007192851568646574,-1.7415073818552638,1.7322985397650181,No,33.70751777103841,S
1989.3333333333335,-0.03489183020189772,33.6704510801426,-0.11518691032765105,-1.7415073818552638,1.7322985397650181,No,33.52037233961305,S
1989.4166666666667,0.030803071832876387,33.65643275080973,-0.35400891445491567,-1.7415073818552638,1.7322985397650181,No,33.33322690818769,S
1989.5,-0.007347452342849216,33.64241442147686,-0.48898549237168254,-1.7415073818552638,1.7322985397650181,No,33.146081476762326,S
1989.5833333333335,0.06468735764531997,33.628396092143994,-1.669874561579249,-1.7415073818552638,1.7322985397650181,No,32.023208888210064,S
1989.6666666666667,-0.013633557868711814,33.614377762811124,-0.9038117636010128,-1.7415073818552638,1.7322985397650181,No,32.696932441341396,S
1989.75,-0.025074355888555316,33.60035943347825,-0.20462908311696992,-1.7415073818552638,1.7322985397650181,No,33.37065599447273,S
1989.8333333333335,-0.039678106710612,33.58634110414538,0.2282271289167781,-1.7415073818552638,1.7322985397650181,No,33.77489012635155,S
1989.9166666666667,0.037901074371257275,33.5766591207658,0.5645640630933215,-1.7415073818552638,1.7322985397650181,No,34.179124258230374,S
1990,-0.034509360326805794,33.5669771373862,1.050890613049802,-1.7415073818552638,1.7322985397650181,No,34.5833583901092,S
1990.0833333333335,0.013454360336050911,33.55729515400662,1.4168430076453546,-1.7415073818552638,1.7322985397650181,No,34.98759252198802,S
1990.1666666666667,-0.007566717442855649,33.547613170627024,1.8517802006826756,-1.7415073818552638,1.7322985397650181,Yes,35.39182665386684,S
1990.25,0.01585550999429857,33.53793118724744,1.8380399566250176,-1.7415073818552638,1.7322985397650181,Yes,35.39182665386675,S
1990.3333333333335,-0.03489183020189772,33.528249203867844,1.8984692802007146,-1.7415073818552638,1.7322985397650181,Yes,35.39182665386666,S
1990.4166666666667,0.030803071832876387,33.51856722048826,0.15814747871725388,-1.7415073818552638,1.7322985397650181,No,33.70751777103839,S
1990.5,-0.007347452342849216,33.50888523710867,-1.478328896555702,-1.7415073818552638,1.7322985397650181,No,32.02320888821012,S
1990.5833333333335,0.06468735764531997,33.49920325372908,0.14362715966404238,-1.7415073818552638,1.7322985397650181,No,33.70751777103844,S
1990.6666666666667,-0.013633557868711814,33.48952127034949,0.13805734284497362,-1.7415073818552638,1.7322985397650181,No,33.61394505532575,S
1990.75,-0.025074355888555316,33.4798392869699,0.06560740853172575,-1.7415073818552638,1.7322985397650181,No,33.52037233961307,S
1990.8333333333335,-0.039678106710612,33.47015730359031,-0.003679572979322643,-1.7415073818552638,1.7322985397650181,No,33.42679962390038,S
1990.9166666666667,0.037901074371257275,33.46047532021072,-0.1651494863942773,-1.7415073818552638,1.7322985397650181,No,33.3332269081877,S
1991,-0.034509360326805794,33.45079333683113,-0.17662978402931628,-1.7415073818552638,1.7322985397650181,No,33.23965419247501,S
1991.0833333333335,0.013454360336050911,33.444316969401356,-0.31168985297508556,-1.7415073818552638,1.7322985397650181,No,33.14608147676232,S
1991.1666666666667,-0.007566717442855649,33.43784060197157,-0.37776512347907953,-1.7415073818552638,1.7322985397650181,No,33.05250876104964,S
1991.25,0.01585550999429857,33.431364234541796,-0.48828369919914394,-1.7415073818552638,1.7322985397650181,No,32.95893604533695,S
1991.3333333333335,-0.03489183020189772,33.42488786711201,-0.5246327072858463,-1.7415073818552638,1.7322985397650181,No,32.865363329624266,S
1991.4166666666667,0.030803071832876387,33.418411499682236,-0.677423957603537,-1.7415073818552638,1.7322985397650181,No,32.77179061391158,S
1991.5,-0.007347452342849216,33.41193513225245,-0.7263697817107087,-1.7415073818552638,1.7322985397650181,No,32.678217898198895,S
1991.5833333333335,0.06468735764531997,33.405458764822676,-0.8855009399817888,-1.7415073818552638,1.7322985397650181,No,32.584645182486206,S
1991.6666666666667,-0.013633557868711814,33.3989823973929,-0.519985509899918,-1.7415073818552638,1.7322985397650181,No,32.865363329624266,S
1991.75,-0.025074355888555316,33.392506029963116,-0.4893084286712934,-1.7415073818552638,1.7322985397650181,No,32.878123245403266,S
1991.8333333333335,-0.039678106710612,33.38602966253334,-0.4554683946404552,-1.7415073818552638,1.7322985397650181,No,32.89088316118227,S
1991.9166666666667,0.037901074371257275,33.379553295103555,-0.5138112925135374,-1.7415073818552638,1.7322985397650181,No,32.903643076961274,S
1992,-0.034509360326805794,33.37307692767378,-0.4221645746066969,-1.7415073818552638,1.7322985397650181,No,32.916402992740274,S
1992.0833333333335,0.013454360336050911,33.366600560243995,-0.4508920120607698,-1.7415073818552638,1.7322985397650181,No,32.929162908519274,S
1992.1666666666667,-0.007566717442855649,33.36012419281422,-0.4106346510730816,-1.7415073818552638,1.7322985397650181,No,32.94192282429828,S
1992.25,0.01585550999429857,33.35420697740574,-0.41537974732275273,-1.7415073818552638,1.7322985397650181,No,32.95468274007728,S
1992.3333333333335,-0.03489183020189772,33.34828976199726,-0.34595527593907605,-1.7415073818552638,1.7322985397650181,No,32.96744265585628,S
1992.4166666666667,0.030803071832876387,33.34237254658878,-0.39297304678637346,-1.7415073818552638,1.7322985397650181,No,32.98020257163528,S
1992.5,-0.007347452342849216,33.3364553311803,-0.3361453914231589,-1.7415073818552638,1.7322985397650181,No,32.99296248741429,S
1992.5833333333335,0.06468735764531997,33.330538115771816,-0.3895030702238458,-1.7415073818552638,1.7322985397650181,No,33.00572240319329,S
1992.6666666666667,-0.013633557868711814,33.324620900363335,-0.292505023522331,-1.7415073818552638,1.7322985397650181,No,33.01848231897229,S
1992.75,-0.025074355888555316,33.318703684954855,-0.2623870943150024,-1.7415073818552638,1.7322985397650181,No,33.031242234751296,S
1992.8333333333335,-0.039678106710612,33.31278646954638,-0.22910621230547434,-1.7415073818552638,1.7322985397650181,No,33.0440021505303,S
1992.9166666666667,0.037901074371257275,33.3068692541379,-0.28800826219985964,-1.7415073818552638,1.7322985397650181,No,33.0567620663093,S
1993,-0.034509360326805794,33.30095203872942,-0.19692069631431508,-1.7415073818552638,1.7322985397650181,No,33.0695219820883,S
1993.0833333333335,0.013454360336050911,33.29503482332094,-0.22620728578968397,-1.7415073818552638,1.7322985397650181,No,33.082281897867304,S
1993.1666666666667,-0.007566717442855649,33.28911760791246,-0.18650907682329887,-1.7415073818552638,1.7322985397650181,No,33.095041813646304,S
1993.25,0.01585550999429857,33.28320039250398,-0.19125417307297,-1.7415073818552638,1.7322985397650181,No,33.107801729425304,S
1993.3333333333335,-0.03489183020189772,33.2772831770955,-0.1218297016892933,-1.7415073818552638,1.7322985397650181,No,33.120561645204305,S
1993.4166666666667,0.030803071832876387,33.274853448610685,-0.172334959460251,-1.7415073818552638,1.7322985397650181,No,33.13332156098331,S
1993.5,-0.007347452342849216,33.27242372012588,-0.11899479102071808,-1.7415073818552638,1.7322985397650181,No,33.14608147676231,S
1993.5833333333335,0.06468735764531997,33.269993991641066,-0.12254854378571167,-1.7415073818552638,1.7322985397650181,No,33.21213280550067,S
1993.6666666666667,-0.013633557868711814,33.26756426315626,0.024253428951489298,-1.7415073818552638,1.7322985397650181,No,33.278184134239034,S
1993.75,-0.025074355888555316,33.265134534671446,0.10417528419450406,-1.7415073818552638,1.7322985397650181,No,33.344235462977394,S
1993.8333333333335,-0.039678106710612,33.26270480618664,0.1872600922397254,-1.7415073818552638,1.7322985397650181,No,33.410286791715755,S
1993.9166666666667,0.037901074371257275,33.26027507770183,0.17816196838103338,-1.7415073818552638,1.7322985397650181,No,33.476338120454116,S
1994,-0.034509360326805794,33.257845349217014,0.3190534603022712,-1.7415073818552638,1.7322985397650181,No,33.54238944919248,S
1994.0833333333335,0.013454360336050911,33.25541562073221,0.3395707968625814,-1.7415073818552638,1.7322985397650181,No,33.60844077793084,S
1994.1666666666667,-0.007566717442855649,33.252985892247395,0.4290729318646598,-1.7415073818552638,1.7322985397650181,No,33.6744921066692,S
1994.25,0.01585550999429857,33.25055616376259,0.47413176165068194,-1.7415073818552638,1.7322985397650181,No,33.74054343540757,S
1994.3333333333335,-0.03489183020189772,33.248126435277776,0.5933601590700519,-1.7415073818552638,1.7322985397650181,No,33.80659476414593,S
1994.4166666666667,0.030803071832876387,33.24569670679297,0.5961463142584407,-1.7415073818552638,1.7322985397650181,No,33.87264609288429,S
1994.5,-0.007347452342849216,33.24326697830816,0.7027778956573414,-1.7415073818552638,1.7322985397650181,No,33.93869742162265,S
1994.5833333333335,0.06468735764531997,33.24366930749734,0.6963920852183492,-1.7415073818552638,1.7322985397650181,No,34.00474875036101,S
1994.6666666666667,-0.013633557868711814,33.24407163668653,0.8403620002815586,-1.7415073818552638,1.7322985397650181,No,34.07080007909937,S
1994.75,-0.025074355888555316,33.24447396587572,0.9174517978505676,-1.7415073818552638,1.7322985397650181,No,34.13685140783773,S
1994.8333333333335,-0.039678106710612,33.244876295064905,0.9977045482217974,-1.7415073818552638,1.7322985397650181,No,34.20290273657609,S
1994.9166666666667,0.037901074371257275,33.24527862425409,0.9857743666891068,-1.7415073818552638,1.7322985397650181,No,34.26895406531445,S
1995,-0.034509360326805794,33.245680953443276,0.2156280307838756,-1.7415073818552638,1.7322985397650181,No,33.426799623900344,S
1995.0833333333335,0.013454360336050911,33.24608328263247,-0.6748924604822832,-1.7415073818552638,1.7322985397650181,No,32.584645182486234,S
1995.1666666666667,-0.007566717442855649,33.246485611821655,-0.26126830589929284,-1.7415073818552638,1.7322985397650181,No,32.977650588479506,S
1995.25,0.01585550999429857,33.24688794101084,0.10791254346764134,-1.7415073818552638,1.7322985397650181,No,33.37065599447278,S
1995.3333333333335,-0.03489183020189772,33.247290270200025,0.21440118390224683,-1.7415073818552638,1.7322985397650181,No,33.42679962390037,S
1995.4166666666667,0.030803071832876387,33.24769259938921,0.20444758210588532,-1.7415073818552638,1.7322985397650181,No,33.482943253327974,S
1995.5,-0.007347452342849216,33.248094928578404,0.29833940652001445,-1.7415073818552638,1.7322985397650181,No,33.53908688275557,S
1995.5833333333335,0.06468735764531997,33.24849725776759,0.2820458967702564,-1.7415073818552638,1.7322985397650181,No,33.595230512183164,S
1995.6666666666667,-0.013633557868711814,33.248899586956774,0.4161081125227071,-1.7415073818552638,1.7322985397650181,No,33.651374141610766,S
1995.75,-0.025074355888555316,33.24956437903323,0.4830277478936864,-1.7415073818552638,1.7322985397650181,No,33.70751777103836,S
1995.8333333333335,-0.039678106710612,33.25022917110969,0.2563511519496089,-1.7415073818552638,1.7322985397650181,No,33.466902216348686,S
1995.9166666666667,0.037901074371257275,33.250893963186144,2.103031616309444,-1.7415073818552638,1.7322985397650181,Yes,35.39182665386684,S
1996,-0.034509360326805794,33.25155875526261,-0.07096791817350123,-1.7415073818552638,1.7322985397650181,No,33.1460814767623,S
1996.0833333333335,0.013454360336050911,33.252223547339064,-0.11959643091280725,-1.7415073818552638,1.7322985397650181,No,33.146081476762305,S
1996.1666666666667,-0.007566717442855649,33.25288833941552,-0.09924014521035929,-1.7415073818552638,1.7322985397650181,No,33.146081476762305,S
1996.25,0.01585550999429857,33.25355313149198,-0.12332716472396044,-1.7415073818552638,1.7322985397650181,No,33.14608147676231,S
1996.3333333333335,-0.03489183020189772,33.25421792356843,-0.07324461660422088,-1.7415073818552638,1.7322985397650181,No,33.14608147676231,S
1996.4166666666667,0.030803071832876387,33.25488271564489,-0.13960431071544832,-1.7415073818552638,1.7322985397650181,No,33.14608147676232,S
1996.5,-0.007347452342849216,33.255547507721346,-0.10211857861617091,-1.7415073818552638,1.7322985397650181,No,33.146081476762326,S
1996.5833333333335,0.06468735764531997,33.25621229979781,-0.209907949073056,-1.7415073818552638,1.7322985397650181,No,33.11099170837007,S
1996.6666666666667,-0.013633557868711814,33.256877091874266,-0.1673415940277394,-1.7415073818552638,1.7322985397650181,No,33.07590193997781,S
1996.75,-0.025074355888555316,33.25754188395072,-0.19165535647660903,-1.7415073818552638,1.7322985397650181,No,33.04081217158556,S
1996.8333333333335,-0.039678106710612,33.25820667602718,-0.21280616612326497,-1.7415073818552638,1.7322985397650181,No,33.0057224031933,S
1996.9166666666667,0.037901074371257275,33.25778596391259,-0.32505440348280246,-1.7415073818552638,1.7322985397650181,No,32.97063263480104,S
1997,-0.034509360326805794,33.25736525179799,-0.28731302506239587,-1.7415073818552638,1.7322985397650181,No,32.93554286640879,S
1997.0833333333335,0.013454360336050911,33.2569445396834,-0.36994580200292404,-1.7415073818552638,1.7322985397650181,No,32.90045309801653,S
1997.1666666666667,-0.007566717442855649,33.25652382756881,-0.383593780501684,-1.7415073818552638,1.7322985397650181,No,32.86536332962427,S
1997.25,0.01585550999429857,33.25610311545422,-0.23816440754139734,-1.7415073818552638,1.7322985397650181,No,33.03379421790712,S
1997.3333333333335,-0.03489183020189772,33.25568240333963,-0.6922890200791372,-1.7415073818552638,1.7322985397650181,No,32.52850155305859,S
1997.4166666666667,0.030803071832876387,33.25526169122504,-1.2628558748478511,-1.7415073818552638,1.7322985397650181,No,32.023208888210064,S
1997.5,-0.007347452342849216,33.25484097911045,-1.224284638557485,-1.7415073818552638,1.7322985397650181,No,32.023208888210114,S
1997.5833333333335,0.06468735764531997,33.25442026699585,-0.5740520723617877,-1.7415073818552638,1.7322985397650181,No,32.74505555227938,S
1997.6666666666667,-0.013633557868711814,33.25399955488126,0.22653621933611134,-1.7415073818552638,1.7322985397650181,No,33.46690221634866,S
1997.75,-0.025074355888555316,33.25357884276667,0.47901328416030964,-1.7415073818552638,1.7322985397650181,No,33.707517771038425,S
1997.8333333333335,-0.039678106710612,33.25315813065208,0.3536786735279307,-1.7415073818552638,1.7322985397650181,No,33.5671586974694,S
1997.9166666666667,0.037901074371257275,33.252737418537485,0.1361611309916384,-1.7415073818552638,1.7322985397650181,No,33.42679962390038,S
1998,-0.034509360326805794,33.252316706422896,0.06863320423526176,-1.7415073818552638,1.7322985397650181,No,33.28644055033135,S
1998.0833333333335,0.013454360336050911,33.25311288910674,-0.12048577268046046,-1.7415073818552638,1.7322985397650181,No,33.146081476762326,S
1998.1666666666667,-0.007566717442855649,33.25390907179058,-0.2125481364406241,-1.7415073818552638,1.7322985397650181,No,33.0337942179071,S
1998.25,0.01585550999429857,33.25470525447443,-0.22812906511121867,-1.7415073818552638,1.7322985397650181,No,33.04243169935751,S
1998.3333333333335,-0.03489183020189772,33.25550143715827,-0.16954042614845832,-1.7415073818552638,1.7322985397650181,No,33.051069180807914,S
1998.4166666666667,0.030803071832876387,33.256297619842115,-0.22739402941667208,-1.7415073818552638,1.7322985397650181,No,33.05970666225832,S
1998.5,-0.007347452342849216,33.25709380252596,-0.1814022064743881,-1.7415073818552638,1.7322985397650181,No,33.06834414370872,S
1998.5833333333335,0.06468735764531997,33.2578899852098,-0.2455957176959913,-1.7415073818552638,1.7322985397650181,No,33.07698162515913,S
1998.6666666666667,-0.013633557868711814,33.25868616789365,-0.15943350341539997,-1.7415073818552638,1.7322985397650181,No,33.085619106609535,S
1998.75,-0.025074355888555316,33.25948235057749,-0.14015140662899483,-1.7415073818552638,1.7322985397650181,No,33.09425658805994,S
1998.8333333333335,-0.039678106710612,33.260278533261335,-0.11770635704037602,-1.7415073818552638,1.7322985397650181,No,33.10289406951035,S
1998.9166666666667,0.037901074371257275,33.26107471594518,-0.18744423935567767,-1.7415073818552638,1.7322985397650181,No,33.111531550960756,S
1999,-0.034509360326805794,33.26187089862903,-0.10719250589106366,-1.7415073818552638,1.7322985397650181,No,33.120169032411155,S
1999.0833333333335,0.013454360336050911,33.26266708131287,-0.147314927787356,-1.7415073818552638,1.7322985397650181,No,33.12880651386156,S
1999.1666666666667,-0.007566717442855649,33.26346326399671,-0.11845255124188725,-1.7415073818552638,1.7322985397650181,No,33.13744399531197,S
1999.25,0.01585550999429857,33.26485360365004,-0.13462763688195878,-1.7415073818552638,1.7322985397650181,No,33.146081476762376,S
1999.3333333333335,-0.03489183020189772,33.266243943303365,-0.03423097322308166,-1.7415073818552638,1.7322985397650181,No,33.197121139878384,S
1999.4166666666667,0.030803071832876387,33.26763428295669,-0.05027655179518575,-1.7415073818552638,1.7322985397650181,No,33.248160802994384,S
1999.5,-0.007347452342849216,33.26902462261002,0.037523295843222115,-1.7415073818552638,1.7322985397650181,No,33.29920046611039,S
1999.5833333333335,0.06468735764531997,33.270414962263345,0.015137809317735673,-1.7415073818552638,1.7322985397650181,No,33.3502401292264,S
1999.6666666666667,-0.013633557868711814,33.27180530191667,0.1431080482944438,-1.7415073818552638,1.7322985397650181,No,33.4012797923424,S
1999.75,-0.025074355888555316,33.27319564156999,0.2041981697769728,-1.7415073818552638,1.7322985397650181,No,33.45231945545841,S
1999.8333333333335,-0.039678106710612,33.27458598122332,0.2684512440617013,-1.7415073818552638,1.7322985397650181,No,33.50335911857441,S
1999.9166666666667,0.037901074371257275,33.275976320876644,0.24052138644251642,-1.7415073818552638,1.7322985397650181,No,33.554398781690416,S
2000,-0.034509360326805794,33.27736666052997,0.3625811446032614,-1.7415073818552638,1.7322985397650181,No,33.605438444806424,S
2000.0833333333335,0.013454360336050911,33.2787570001833,0.36426674740307874,-1.7415073818552638,1.7322985397650181,No,33.656478107922425,S
2000.1666666666667,-0.007566717442855649,33.280147339836624,0.43493714864466426,-1.7415073818552638,1.7322985397650181,No,33.70751777103843,S
2000.25,0.01585550999429857,33.28153767948995,-0.43202985985997344,-1.7415073818552638,1.7322985397650181,No,32.86536332962427,S
2000.3333333333335,-0.03489183020189772,33.28292801914328,-1.2248273007312562,-1.7415073818552638,1.7322985397650181,No,32.02320888821012,S
2000.4166666666667,0.030803071832876387,33.28372126192129,-1.0105972984060045,-1.7415073818552638,1.7322985397650181,No,32.30392703534817,S
2000.5,-0.007347452342849216,33.2845145046993,-0.692521869870248,-1.7415073818552638,1.7322985397650181,No,32.584645182486206,S
2000.5833333333335,0.06468735764531997,33.28530774747732,-0.48463177549838576,-1.7415073818552638,1.7322985397650181,No,32.86536332962425,S
2000.6666666666667,-0.013633557868711814,33.286100990255335,-0.25848861310104354,-1.7415073818552638,1.7322985397650181,No,33.013978819285576,S
2000.75,-0.025074355888555316,33.286894233033344,-0.09922556819788753,-1.7415073818552638,1.7322985397650181,No,33.1625943089469,S
2000.8333333333335,-0.039678106710612,33.28768747581136,0.06320042950747506,-1.7415073818552638,1.7322985397650181,No,33.311209798608225,S
2000.9166666666667,0.037901074371257275,33.28848071858937,0.1334434953089243,-1.7415073818552638,1.7322985397650181,No,33.45982528826955,S
2001,-0.034509360326805794,33.289273961367385,0.3536761768902892,-1.7415073818552638,1.7322985397650181,No,33.608440777930866,S
2001.0833333333335,0.013454360336050911,33.2900672041454,0.4535347031107406,-1.7415073818552638,1.7322985397650181,No,33.75705626759219,S
2001.1666666666667,-0.007566717442855649,33.29086044692341,0.6223780277729603,-1.7415073818552638,1.7322985397650181,No,33.905671757253515,S
2001.25,0.01585550999429857,33.29165368970143,0.7467780472191166,-1.7415073818552638,1.7322985397650181,No,34.05428724691484,S
2001.3333333333335,-0.03489183020189772,33.29244693247944,0.9453476342986207,-1.7415073818552638,1.7322985397650181,No,34.20290273657616,S
2001.4166666666667,0.030803071832876387,33.29324017525745,1.0274749791471578,-1.7415073818552638,1.7322985397650181,No,34.35151822623749,S
2001.5,-0.007347452342849216,33.29403341803547,1.2134477502061927,-1.7415073818552638,1.7322985397650181,No,34.50013371589881,S
2001.5833333333335,0.06468735764531997,33.29242653753947,1.291635310375348,-1.7415073818552638,1.7322985397650181,No,34.64874920556014,S
2001.6666666666667,-0.013633557868711814,33.29081965704347,1.5201785960466978,-1.7415073818552638,1.7322985397650181,No,34.797364695221454,S
2001.75,-0.025074355888555316,33.28921277654747,1.6818417642238614,-1.7415073818552638,1.7322985397650181,No,34.94598018488278,S
2001.8333333333335,-0.039678106710612,33.287605896051474,1.8466678852032388,-1.7415073818552638,1.7322985397650181,Yes,35.0945956745441,S
2001.9166666666667,0.037901074371257275,33.285999015555475,1.9193110742786956,-1.7415073818552638,1.7322985397650181,Yes,35.24321116420543,S
2002,-0.034509360326805794,33.28439213505948,2.1419438791340824,-1.7415073818552638,1.7322985397650181,Yes,35.39182665386675,S
2002.0833333333335,0.013454360336050911,33.28278525456348,0.9727144504150118,-1.7415073818552638,1.7322985397650181,No,34.26895406531454,S
2002.1666666666667,-0.007566717442855649,33.28117837406748,-0.12753017986229764,-1.7415073818552638,1.7322985397650181,No,33.146081476762326,S
2002.25,0.01585550999429857,33.27957149357148,-0.11191644051837812,-1.7415073818552638,1.7322985397650181,No,33.1835105630474,S
2002.3333333333335,-0.03489183020189772,33.27796461307548,-0.0221331335411179,-1.7415073818552638,1.7322985397650181,No,33.220939649332465,S
2002.4166666666667,0.030803071832876387,33.276357732579484,-0.04879206879482467,-1.7415073818552638,1.7322985397650181,No,33.25836873561754,S
2002.5,-0.007347452342849216,33.274750852083486,0.02839442216197341,-1.7415073818552638,1.7322985397650181,No,33.29579782190261,S
2002.5833333333335,0.06468735764531997,33.27314397158749,-0.00460442104512282,-1.7415073818552638,1.7322985397650181,No,33.33322690818768,S
2002.6666666666667,-0.013633557868711814,33.27153709109149,0.11275246124997551,-1.7415073818552638,1.7322985397650181,No,33.37065599447275,S
2002.75,-0.025074355888555316,33.26765751886037,0.16550191778600976,-1.7415073818552638,1.7322985397650181,No,33.40808508075782,S
2002.8333333333335,-0.039678106710612,33.26377794662925,0.22141432712425768,-1.7415073818552638,1.7322985397650181,No,33.445514167042894,S
2002.9166666666667,0.037901074371257275,33.25989837439812,0.18514380455859225,-1.7415073818552638,1.7322985397650181,No,33.48294325332797,S
2003,-0.034509360326805794,33.256018802167,0.2988628977728425,-1.7415073818552638,1.7322985397650181,No,33.52037233961303,S
2003.0833333333335,0.013454360336050911,33.25213922993588,0.29220783562617925,-1.7415073818552638,1.7322985397650181,No,33.557801425898106,S
2003.1666666666667,-0.007566717442855649,33.24825965770476,0.3545375719212771,-1.7415073818552638,1.7322985397650181,No,33.59523051218318,S
2003.25,0.01585550999429857,33.24438008547363,0.37242400300032585,-1.7415073818552638,1.7322985397650181,No,33.63265959846825,S
2003.3333333333335,-0.03489183020189772,33.24050051324251,0.4644800017127082,-1.7415073818552638,1.7322985397650181,No,33.67008868475332,S
2003.4166666666667,0.030803071832876387,33.23662094101139,0.44009375819412355,-1.7415073818552638,1.7322985397650181,No,33.70751777103839,S
2003.5,-0.007347452342849216,33.23274136878027,-0.3600305868131599,-1.7415073818552638,1.7322985397650181,No,32.86536332962426,S
2003.5833333333335,0.06468735764531997,33.22886179654915,-1.2703402659843448,-1.7415073818552638,1.7322985397650181,No,32.02320888821012,S
2003.6666666666667,-0.013633557868711814,33.22498222431802,-1.0009943468138118,-1.7415073818552638,1.7322985397650181,No,32.21035431963549,S
2003.75,-0.025074355888555316,33.2211026520869,-0.7985285451374793,-1.7415073818552638,1.7322985397650181,No,32.39749975106086,S
2003.8333333333335,-0.039678106710612,33.21722307985578,-0.5928997906589402,-1.7415073818552638,1.7322985397650181,No,32.58464518248623,S
2003.9166666666667,0.037901074371257275,33.210749750338394,-0.4768602107980513,-1.7415073818552638,1.7322985397650181,No,32.7717906139116,S
2004,-0.034509360326805794,33.20427642082101,-0.21083101515723257,-1.7415073818552638,1.7322985397650181,No,32.95893604533697,S
2004.0833333333335,0.013454360336050911,33.19780309130363,-0.0651759748773415,-1.7415073818552638,1.7322985397650181,No,33.14608147676234,S
2004.1666666666667,-0.007566717442855649,33.19132976178625,-0.0176302713569072,-1.7415073818552638,1.7322985397650181,No,33.16613277298649,S
2004.25,0.01585550999429857,33.184856432268866,-0.014527873052529117,-1.7415073818552638,1.7322985397650181,No,33.18618406921063,S
2004.3333333333335,-0.03489183020189772,33.17838310275148,0.06274409288519678,-1.7415073818552638,1.7322985397650181,No,33.20623536543478,S
2004.4166666666667,0.030803071832876387,33.1719097732341,0.02357381659194857,-1.7415073818552638,1.7322985397650181,No,33.226286661658925,S
2004.5,-0.007347452342849216,33.16543644371672,0.08824896650919811,-1.7415073818552638,1.7322985397650181,No,33.24633795788307,S
2004.5833333333335,0.06468735764531997,33.15896311419934,0.04273878226256045,-1.7415073818552638,1.7322985397650181,No,33.26638925410722,S
2004.6666666666667,-0.013633557868711814,33.152489784681954,0.14758432351812445,-1.7415073818552638,1.7322985397650181,No,33.28644055033136,S
2004.75,-0.025074355888555316,33.14601645516457,0.18554974727950224,-1.7415073818552638,1.7322985397650181,No,33.30649184655552,S
2004.8333333333335,-0.039678106710612,33.139543125647194,0.2266781238430795,-1.7415073818552638,1.7322985397650181,No,33.32654314277966,S
2004.9166666666667,0.037901074371257275,33.13306979612981,0.1756235685027434,-1.7415073818552638,1.7322985397650181,No,33.34659443900381,S
2005,-0.034509360326805794,33.126596466612426,0.2745586289423372,-1.7415073818552638,1.7322985397650181,No,33.366645735227955,S
2005.0833333333335,0.013454360336050911,33.11989401861308,0.25334865250297156,-1.7415073818552638,1.7322985397650181,No,33.3866970314521,S
2005.1666666666667,-0.007566717442855649,33.11319157061374,0.3011234745053599,-1.7415073818552638,1.7322985397650181,No,33.40674832767625,S
2005.25,0.01585550999429857,33.1064891226144,0.3044549912916992,-1.7415073818552638,1.7322985397650181,No,33.42679962390039,S
2005.3333333333335,-0.03489183020189772,33.09978667461506,0.38195607571137913,-1.7415073818552638,1.7322985397650181,No,33.44685092012454,S
2005.4166666666667,0.030803071832876387,33.093084226615716,0.3430149179000921,-1.7415073818552638,1.7322985397650181,No,33.466902216348686,S
2005.5,-0.007347452342849216,33.08638177861638,0.6284834447648322,-1.7415073818552638,1.7322985397650181,No,33.70751777103836,S
2005.5833333333335,0.06468735764531997,33.07967933061703,-1.1211578000522877,-1.7415073818552638,1.7322985397650181,No,32.023208888210064,S
2005.6666666666667,-0.013633557868711814,33.07297688261769,-0.9398882146630001,-1.7415073818552638,1.7322985397650181,No,32.11945511008597,S
2005.75,-0.025074355888555316,33.06627443461835,-0.8254987467679129,-1.7415073818552638,1.7322985397650181,No,32.21570133196188,S
2005.8333333333335,-0.039678106710612,33.059571986619005,-0.7079463260706049,-1.7415073818552638,1.7322985397650181,No,32.31194755383779,S
2005.9166666666667,0.037901074371257275,33.05286953861967,-0.6825768372772245,-1.7415073818552638,1.7322985397650181,No,32.4081937757137,S
2006,-0.034509360326805794,33.04616709062032,-0.5072177327039071,-1.7415073818552638,1.7322985397650181,No,32.50443999758961,S
2006.0833333333335,0.013454360336050911,33.039464642620985,-0.4522327834915174,-1.7415073818552638,1.7322985397650181,No,32.600686219465516,S
2006.1666666666667,-0.007566717442855649,33.03276219462164,-0.3282630358373595,-1.7415073818552638,1.7322985397650181,No,32.696932441341424,S
2006.25,0.01585550999429857,33.02941782315859,-0.25209466993555196,-1.7415073818552638,1.7322985397650181,No,32.79317866321733,S
2006.3333333333335,-0.03489183020189772,33.02607345169553,-0.10175673640038951,-1.7415073818552638,1.7322985397650181,No,32.88942488509324,S
2006.4166666666667,0.030803071832876387,33.02272908023248,-0.06786104509620827,-1.7415073818552638,1.7322985397650181,No,32.98567110696915,S
2006.5,-0.007347452342849216,33.01938470876942,0.13404422033575258,-1.7415073818552638,1.7322985397650181,No,33.146081476762326,S
2006.5833333333335,0.06468735764531997,33.01604033730637,2.311098958915153,-1.7415073818552638,1.7322985397650181,Yes,35.39182665386684,S
2006.6666666666667,-0.013633557868711814,33.012695965843314,0.14701906878772775,-1.7415073818552638,1.7322985397650181,No,33.146081476762326,S
2006.75,-0.025074355888555316,33.00935159438026,0.1618042382706193,-1.7415073818552638,1.7322985397650181,No,33.146081476762326,S
2006.8333333333335,-0.039678106710612,33.00600722291721,0.17975236055572452,-1.7415073818552638,1.7322985397650181,No,33.146081476762326,S
2006.9166666666667,0.037901074371257275,33.002662851454154,0.6669538452130226,-1.7415073818552638,1.7322985397650181,No,33.70751777103843,S
2007,-0.034509360326805794,32.9993184799911,-0.26787667832283546,-1.7415073818552638,1.7322985397650181,No,32.69693244134146,S
2007.0833333333335,0.013454360336050911,32.995974108528046,-0.293781484380105,-1.7415073818552638,1.7322985397650181,No,32.71564698448399,S
2007.1666666666667,-0.007566717442855649,32.992629737064995,-0.2507014919956134,-1.7415073818552638,1.7322985397650181,No,32.734361527626525,S
2007.25,0.01585550999429857,32.98928536560194,-0.2520648048271781,-1.7415073818552638,1.7322985397650181,No,32.753076070769055,S
2007.3333333333335,-0.03489183020189772,32.985940994138886,-0.17925855002539492,-1.7415073818552638,1.7322985397650181,No,32.77179061391159,S
2007.4166666666667,0.030803071832876387,32.986839060911635,-0.22713697569039226,-1.7415073818552638,1.7322985397650181,No,32.79050515705412,S
2007.5,-0.007347452342849216,32.987737127684376,-0.17116997514487053,-1.7415073818552638,1.7322985397650181,No,32.80921970019666,S
2007.5833333333335,0.06468735764531997,32.988635194457125,-0.22538830876325733,-1.7415073818552638,1.7322985397650181,No,32.827934243339186,S
2007.6666666666667,-0.013633557868711814,32.98953326122987,-0.12925091687943535,-1.7415073818552638,1.7322985397650181,No,32.84664878648172,S
2007.75,-0.025074355888555316,32.99043132800262,-0.0999936424898138,-1.7415073818552638,1.7322985397650181,No,32.86536332962425,S
2007.8333333333335,-0.039678106710612,32.99132939477536,0.19443018869754525,-1.7415073818552638,1.7322985397650181,No,33.1460814767623,S
2007.9166666666667,0.037901074371257275,32.99222746154811,0.11595294084293073,-1.7415073818552638,1.7322985397650181,No,33.1460814767623,S
2008,-0.034509360326805794,32.99312552832086,0.1874653087682745,-1.7415073818552638,1.7322985397650181,No,33.146081476762326,S
2008.0833333333335,0.013454360336050911,32.9940235950936,0.2789625949017065,-1.7415073818552638,1.7322985397650181,No,33.286440550331356,S
2008.1666666666667,-0.007566717442855649,32.99492166186635,0.8254321317917359,-1.7415073818552638,1.7322985397650181,No,33.81278707621523,S
2008.25,0.01585550999429857,32.9958197286391,1.327458363465702,-1.7415073818552638,1.7322985397650181,No,34.339133602099096,S
2008.3333333333335,-0.03489183020189772,32.99671779541185,1.903654162773023,-1.7415073818552638,1.7322985397650181,Yes,34.86548012798297,S
2008.4166666666667,0.030803071832876387,32.99761586218459,2.363407719849377,-1.7415073818552638,1.7322985397650181,Yes,35.39182665386684,S
2008.5,-0.007347452342849216,32.99851392895734,1.2777875887001144,-1.7415073818552638,1.7322985397650181,No,34.2689540653146,S
2008.5833333333335,0.06468735764531997,33.00123964333581,0.08015447578123513,-1.7415073818552638,1.7322985397650181,No,33.14608147676236,S
2008.6666666666667,-0.013633557868711814,33.003965357714286,-0.9671229116354496,-1.7415073818552638,1.7322985397650181,No,32.02320888821012,S
2008.75,-0.025074355888555316,33.006691072092764,-0.8336442070438466,-1.7415073818552638,1.7322985397650181,No,32.14797250916036,S
2008.8333333333335,-0.039678106710612,33.009416786471235,-0.6970025496500227,-1.7415073818552638,1.7322985397650181,No,32.2727361301106,S
2008.9166666666667,0.037901074371257275,33.012142500849706,-0.6525438241601123,-1.7415073818552638,1.7322985397650181,No,32.39749975106085,S
2009,-0.034509360326805794,33.014868215228184,-0.4580954828902861,-1.7415073818552638,1.7322985397650181,No,32.52226337201109,S
2009.0833333333335,0.013454360336050911,33.01759392960666,-0.38402129698138054,-1.7415073818552638,1.7322985397650181,No,32.64702699296133,S
2009.1666666666667,-0.007566717442855649,33.02031964398513,-0.24096231263070678,-1.7415073818552638,1.7322985397650181,No,32.77179061391157,S
2009.25,0.01585550999429857,33.0230453583636,-0.14234663349608212,-1.7415073818552638,1.7322985397650181,No,32.89655423486182,S
2009.3333333333335,-0.03489183020189772,33.02577107274208,0.030438613271876136,-1.7415073818552638,1.7322985397650181,No,33.02131785581206,S
2009.4166666666667,0.030803071832876387,33.02849678712056,0.08678161780886029,-1.7415073818552638,1.7322985397650181,No,33.1460814767623,S
2009.5,-0.007347452342849216,33.03122250149903,-0.018152645962878466,-1.7415073818552638,1.7322985397650181,No,33.0057224031933,S
2009.5833333333335,0.06468735764531997,33.0339482158775,-0.23327224389851153,-1.7415073818552638,1.7322985397650181,No,32.86536332962431,S
2009.6666666666667,-0.013633557868711814,33.03667393025598,-0.5787542634700529,-1.7415073818552638,1.7322985397650181,No,32.44428610891721,S
2009.75,-0.025074355888555316,33.03954747600423,-0.9912642319055607,-1.7415073818552638,1.7322985397650181,No,32.023208888210114,S
2009.8333333333335,-0.039678106710612,33.04242102175248,0.14333856172048343,-1.7415073818552638,1.7322985397650181,No,33.146081476762355,S
2009.9166666666667,0.037901074371257275,33.04529456750074,1.185758423442607,-1.7415073818552638,1.7322985397650181,No,34.2689540653146,S
2010,-0.034509360326805794,33.04816811324899,2.3781679009446606,-1.7415073818552638,1.7322985397650181,Yes,35.39182665386684,S
2010.0833333333335,0.013454360336050911,33.05104165899724,1.578748908832047,-1.7415073818552638,1.7322985397650181,No,34.64324492816534,S
2010.1666666666667,-0.007566717442855649,33.05391520474549,0.8483147151611945,-1.7415073818552638,1.7322985397650181,No,33.89466320246383,S
2010.25,0.01585550999429857,33.05678875049375,0.07343721627427868,-1.7415073818552638,1.7322985397650181,No,33.146081476762326,S
2010.3333333333335,-0.03489183020189772,33.059662296242,-1.0015615778300386,-1.7415073818552638,1.7322985397650181,No,32.023208888210064,S
2010.4166666666667,0.030803071832876387,33.062535841990254,2.2984877400437114,-1.7415073818552638,1.7322985397650181,Yes,35.39182665386684,S
2010.5,-0.007347452342849216,33.065409387738505,0.0880195413666982,-1.7415073818552638,1.7322985397650181,No,33.146081476762355,S
2010.5833333333335,0.06468735764531997,33.068282933486756,0.3339319252165893,-1.7415073818552638,1.7322985397650181,No,33.466902216348664,S
2010.6666666666667,-0.013633557868711814,33.071156479235015,2.334303732500544,-1.7415073818552638,1.7322985397650181,Yes,35.39182665386684,S
2010.75,-0.025074355888555316,33.074030024983266,2.3428709847721123,-1.7415073818552638,1.7322985397650181,Yes,35.39182665386682,S
2010.8333333333335,-0.039678106710612,33.07690357073152,2.3546011898459014,-1.7415073818552638,1.7322985397650181,Yes,35.39182665386681,S
2010.9166666666667,0.037901074371257275,33.079502570208454,2.2744230092870765,-1.7415073818552638,1.7322985397650181,Yes,35.39182665386679,S
2011,-0.034509360326805794,33.082101569685385,2.3442344445081957,-1.7415073818552638,1.7322985397650181,Yes,35.39182665386677,S
2011.0833333333335,0.013454360336050911,33.08470056916232,2.29367172436838,-1.7415073818552638,1.7322985397650181,Yes,35.39182665386675,S
2011.1666666666667,-0.007566717442855649,33.08729956863926,-0.38280040985497976,-1.7415073818552638,1.7322985397650181,No,32.696932441341424,S
2011.25,0.01585550999429857,33.08989856811619,0.1806864722208772,-1.7415073818552638,1.7322985397650181,No,33.28644055033136,S
2011.3333333333335,-0.03489183020189772,33.09249756759313,2.3342209164756156,-1.7415073818552638,1.7322985397650181,Yes,35.39182665386684,S
2011.4166666666667,0.030803071832876387,33.095096567070065,0.02018183785941119,-1.7415073818552638,1.7322985397650181,No,33.146081476762355,S
2011.5,-0.007347452342849216,33.097695566546996,0.05573336255820038,-1.7415073818552638,1.7322985397650181,No,33.14608147676235,S
2011.5833333333335,0.06468735764531997,33.10029456602393,-0.018900446906918944,-1.7415073818552638,1.7322985397650181,No,33.14608147676233,S
2011.6666666666667,-0.013633557868711814,33.102893565500864,0.056821469130177604,-1.7415073818552638,1.7322985397650181,No,33.146081476762326,S
2011.75,-0.025074355888555316,33.1054925649778,0.6270995619492368,-1.7415073818552638,1.7322985397650181,No,33.70751777103848,S
2011.8333333333335,-0.039678106710612,33.10809156445474,0.49473498048049436,-1.7415073818552638,1.7322985397650181,No,33.56314843822462,S
2011.9166666666667,0.037901074371257275,33.11069056393167,0.2701874671078386,-1.7415073818552638,1.7322985397650181,No,33.41877910541076,S
2012,-0.034509360326805794,33.11328956340861,0.19562956951510557,-1.7415073818552638,1.7322985397650181,No,33.274409772596904,S
2012.0833333333335,0.013454360336050911,33.11770817961895,-0.001122100171961904,-1.7415073818552638,1.7322985397650181,No,33.13004043978304,S
2012.1666666666667,-0.007566717442855649,33.12212679582929,-0.12888897141725408,-1.7415073818552638,1.7322985397650181,No,32.98567110696918,S
2012.25,0.01585550999429857,33.12654541203963,-0.3010991478786096,-1.7415073818552638,1.7322985397650181,No,32.84130177415532,S
2012.3333333333335,-0.03489183020189772,33.13096402824997,-0.39913975670661017,-1.7415073818552638,1.7322985397650181,No,32.69693244134146,S
2012.4166666666667,0.030803071832876387,33.135382644460314,-0.2242628919948828,-1.7415073818552638,1.7322985397650181,No,32.94192282429831,S
2012.5,-0.007347452342849216,33.13980126067065,0.05445939892736362,-1.7415073818552638,1.7322985397650181,No,33.18691320725517,S
2012.5833333333335,0.06468735764531997,33.144219876880996,0.22299635568570153,-1.7415073818552638,1.7322985397650181,No,33.431903590212016,S
2012.6666666666667,-0.013633557868711814,33.14863849309134,0.5418890379462482,-1.7415073818552638,1.7322985397650181,No,33.67689397316887,S
2012.75,-0.025074355888555316,33.15305710930168,0.7939016027126016,-1.7415073818552638,1.7322985397650181,No,33.92188435612572,S
2012.8333333333335,-0.039678106710612,33.15747572551202,1.0490771202811686,-1.7415073818552638,1.7322985397650181,No,34.16687473908258,S
2012.9166666666667,0.037901074371257275,33.16189434172236,1.2120697059458152,-1.7415073818552638,1.7322985397650181,No,34.41186512203943,S
2013,-0.034509360326805794,33.1663129579327,1.5250519073903916,-1.7415073818552638,1.7322985397650181,No,34.65685550499629,S
2013.0833333333335,0.013454360336050911,33.17073157414304,1.7176599534740475,-1.7415073818552638,1.7322985397650181,No,34.90184588795314,S
2013.1666666666667,-0.007566717442855649,33.175150190353385,1.9792527979994645,-1.7415073818552638,1.7322985397650181,Yes,35.14683627090999,S
2013.25,0.01585550999429857,33.17979797325446,2.1961731706180885,-1.7415073818552638,1.7322985397650181,Yes,35.39182665386684,S
2013.3333333333335,-0.03489183020189772,33.18444575615553,-0.003472449191278315,-1.7415073818552638,1.7322985397650181,No,33.146081476762355,S
2013.4166666666667,0.030803071832876387,33.18909353905661,-0.2983896518375957,-1.7415073818552638,1.7322985397650181,No,32.92150695905189,S
2013.5,-0.007347452342849216,33.193741321957674,-0.4894614282734011,-1.7415073818552638,1.7322985397650181,No,32.696932441341424,S
2013.5833333333335,0.06468735764531997,33.19838910485875,0.023364087827296487,-1.7415073818552638,1.7322985397650181,No,33.28644055033136,S
2013.6666666666667,-0.013633557868711814,33.20303688775982,-1.166194441680986,-1.7415073818552638,1.7322985397650181,No,32.02320888821012,S
2013.75,-0.025074355888555316,33.207684670660896,-0.3172469851480386,-1.7415073818552638,1.7322985397650181,No,32.8653633296243,S
2013.8333333333335,-0.039678106710612,33.21233245356197,-0.2671884247787659,-1.7415073818552638,1.7322985397650181,No,32.905465922072594,S
2013.9166666666667,0.037901074371257275,33.216980236463044,-0.3093127963134208,-1.7415073818552638,1.7322985397650181,No,32.94556851452088,S
2014,-0.034509360326805794,33.22162801936412,-0.2014475520681387,-1.7415073818552638,1.7322985397650181,No,32.98567110696917,S
2014.0833333333335,0.013454360336050911,33.226275802265185,-0.21395646318377715,-1.7415073818552638,1.7322985397650181,No,33.025773699417456,S
2014.1666666666667,-0.007566717442855649,33.23092358516626,-0.15748057585765451,-1.7415073818552638,1.7322985397650181,No,33.06587629186575,S
2014.25,0.01585550999429857,33.23557136806733,-0.1454479937475952,-1.7415073818552638,1.7322985397650181,No,33.105978884314034,S
2014.3333333333335,-0.03489183020189772,33.24021915096841,-0.05924584400418098,-1.7415073818552638,1.7322985397650181,No,33.146081476762326,S
2014.4166666666667,0.030803071832876387,33.244404435589445,0.011233042909033486,-1.7415073818552638,1.7322985397650181,No,33.286440550331356,S
2014.5,-0.007347452342849216,33.24858972021048,0.1855573560327599,-1.7415073818552638,1.7322985397650181,No,33.42679962390039,S
2014.5833333333335,0.06468735764531997,33.25277500483152,0.24969633499258492,-1.7415073818552638,1.7322985397650181,No,33.567158697469424,S
2014.6666666666667,-0.013633557868711814,33.25696028945256,0.4641910394546116,-1.7415073818552638,1.7322985397650181,No,33.707517771038454,S
2014.75,-0.025074355888555316,33.261145574073595,-1.212862329974925,-1.7415073818552638,1.7322985397650181,No,32.023208888210114,S
2014.8333333333335,-0.039678106710612,33.26533085869463,-0.07957127522166729,-1.7415073818552638,1.7322985397650181,No,33.146081476762355,S
2014.9166666666667,0.037901074371257275,33.26951614331567,-0.16133574092457792,-1.7415073818552638,1.7322985397650181,No,33.14608147676235,S
2015,-0.034509360326805794,33.27370142793671,-0.09311059084755158,-1.7415073818552638,1.7322985397650181,No,33.14608147676235,S
2015.0833333333335,0.013454360336050911,33.277886712557745,-0.1452595961314529,-1.7415073818552638,1.7322985397650181,No,33.14608147676234,S
2015.1666666666667,-0.007566717442855649,33.28207199717878,-0.12842380297359313,-1.7415073818552638,1.7322985397650181,No,33.14608147676233,S
2015.25,0.01585550999429857,33.28625728179982,-0.15603131503178247,-1.7415073818552638,1.7322985397650181,No,33.14608147676233,S
2015.3333333333335,-0.03489183020189772,33.29044256642086,-0.10946925945663111,-1.7415073818552638,1.7322985397650181,No,33.146081476762326,S
2015.4166666666667,0.030803071832876387,33.294627851041895,-1.3022220346646733,-1.7415073818552638,1.7322985397650181,No,32.0232088882101,S
2015.5,-0.007347452342849216,33.29881313566293,-0.9987673738574543,-1.7415073818552638,1.7322985397650181,No,32.29269830946263,S
2015.5833333333335,0.06468735764531997,33.30167591991129,-0.8041755468414422,-1.7415073818552638,1.7322985397650181,No,32.562187730715166,S
2015.6666666666667,-0.013633557868711814,33.304538704159654,-0.4592279943232427,-1.7415073818552638,1.7322985397650181,No,32.831677151967696,S
2015.75,-0.025074355888555316,33.30740148840802,-0.18116055929922936,-1.7415073818552638,1.7322985397650181,No,33.10116657322023,S
2015.8333333333335,-0.039678106710612,33.310264272656376,0.10006982852699764,-1.7415073818552638,1.7322985397650181,No,33.37065599447276,S
2015.9166666666667,0.037901074371257275,33.31312705690473,-0.20494665451366245,-1.7415073818552638,1.7322985397650181,No,33.146081476762326,S
2016,-0.034509360326805794,33.3159898411531,-0.13539900406391325,-1.7415073818552638,1.7322985397650181,No,33.146081476762376,S
2016.0833333333335,0.013454360336050911,33.31885262540146,0.37521078530094343,-1.7415073818552638,1.7322985397650181,No,33.707517771038454,S
2016.1666666666667,-0.007566717442855649,33.32171540964982,0.3452459678935398,-1.7415073818552638,1.7322985397650181,No,33.6593946601005,S
2016.25,0.01585550999429857,33.324578193898176,0.2708378452700728,-1.7415073818552638,1.7322985397650181,No,33.611271549162545,S
2016.3333333333335,-0.03489183020189772,33.32744097814654,0.27059929027995366,-1.7415073818552638,1.7322985397650181,No,33.563148438224594,S
2016.4166666666667,0.030803071832876387,33.330303762394905,0.1539184930588533,-1.7415073818552638,1.7322985397650181,No,33.51502532728664,S
2016.5,-0.007347452342849216,33.33316654664326,0.141083122048272,-1.7415073818552638,1.7322985397650181,No,33.466902216348686,S
2016.5833333333335,0.06468735764531997,33.33602933089162,0.06618552781174714,-1.7415073818552638,1.7322985397650181,No,33.466902216348686,S
2016.6666666666667,-0.013633557868711814,33.338892115139984,0.7832851382501076,-1.7415073818552638,1.7322985397650181,No,34.10854369552138,S
2016.75,-0.025074355888555316,33.33776393079164,1.437495599790978,-1.7415073818552638,1.7322985397650181,No,34.75018517469406,S
2016.8333333333335,-0.039678106710612,33.3366357464433,2.094869014134062,-1.7415073818552638,1.7322985397650181,Yes,35.39182665386675,S
2016.9166666666667,0.037901074371257275,33.33550756209496,0.33410913457220914,-1.7415073818552638,1.7322985397650181,No,33.707517771038425,S
2017,-0.034509360326805794,33.334379377746615,0.8287249743256808,-1.7415073818552638,1.7322985397650181,No,34.12859499174549,S
2017.0833333333335,0.013454360336050911,33.33325119339827,1.2029666587182248,-1.7415073818552638,1.7322985397650181,No,34.54967221245254,S
2017.1666666666667,-0.007566717442855649,33.33212300904993,1.6461931415525228,-1.7415073818552638,1.7322985397650181,No,34.9707494331596,S
2017.25,0.01585550999429857,33.33099482470159,2.0449763191707717,-1.7415073818552638,1.7322985397650181,Yes,35.39182665386666,S
2017.3333333333335,-0.03489183020189772,33.329866640353245,-0.14889333338901878,-1.7415073818552638,1.7322985397650181,No,33.146081476762326,S
2017.4166666666667,0.030803071832876387,33.3287384560049,-0.21346005107545096,-1.7415073818552638,1.7322985397650181,No,33.146081476762326,S
2017.5,-0.007347452342849216,33.32761027165656,-0.061894083696159896,-1.7415073818552638,1.7322985397650181,No,33.25836873561755,S
2017.5833333333335,0.06468735764531997,33.32648208730822,-0.02051345048076314,-1.7415073818552638,1.7322985397650181,No,33.37065599447278,S
2017.6666666666667,-0.013633557868711814,33.325353902959876,-0.05335160947360862,-1.7415073818552638,1.7322985397650181,No,33.25836873561755,S
2017.75,-0.025074355888555316,33.32422571861153,-0.1530698859606474,-1.7415073818552638,1.7322985397650181,No,33.146081476762326,S
2017.8333333333335,-0.039678106710612,33.32309753426319,0.42409834348584496,-1.7415073818552638,1.7322985397650181,No,33.707517771038425,S
2017.9166666666667,0.037901074371257275,33.319574795778095,0.2938982714614653,-1.7415073818552638,1.7322985397650181,No,33.651374141610816,S
2018,-0.034509360326805794,33.31605205729299,0.3136878152170226,-1.7415073818552638,1.7322985397650181,No,33.59523051218321,S
2018.0833333333335,0.013454360336050911,33.3125293188079,0.21310320361165225,-1.7415073818552638,1.7322985397650181,No,33.5390868827556,S
2018.1666666666667,-0.007566717442855649,33.3090065803228,0.18150339044804298,-1.7415073818552638,1.7322985397650181,No,33.48294325332799,S
2018.25,0.01585550999429857,33.305483841837706,0.10546027206837749,-1.7415073818552638,1.7322985397650181,No,33.42679962390038,S
2018.3333333333335,-0.03489183020189772,33.3019611033526,0.10358672132205982,-1.7415073818552638,1.7322985397650181,No,33.37065599447276,S
2018.4166666666667,0.030803071832876387,33.29843836486751,-0.014729071655231962,-1.7415073818552638,1.7322985397650181,No,33.314512365045154,S
2018.5,-0.007347452342849216,33.29491562638241,-0.029199438422018886,-1.7415073818552638,1.7322985397650181,No,33.258368735617545,S
2018.5833333333335,0.06468735764531997,33.29139288789731,-0.15385513935269302,-1.7415073818552638,1.7322985397650181,No,33.202225106189935,S
2018.6666666666667,-0.013633557868711814,33.287870149412214,-0.12815511478117259,-1.7415073818552638,1.7322985397650181,No,33.146081476762326,S
2018.75,-0.025074355888555316,33.28434741092712,0.3359574571446302,-1.7415073818552638,1.7322985397650181,No,33.59523051218319,S
2018.8333333333335,-0.039678106710612,33.28082467244202,0.8032329818726467,-1.7415073818552638,1.7322985397650181,No,34.04437954760406,S
2018.9166666666667,0.037901074371257275,33.27730193395692,1.1783255746967498,-1.7415073818552638,1.7322985397650181,No,34.493528583024926,S
2019,-0.034509360326805794,33.273779195471825,1.7034077833007757,-1.7415073818552638,1.7322985397650181,No,34.94267761844579,S
2019.0833333333335,0.013454360336050911,33.268854754181824,2.1095175393487864,-1.7415073818552638,1.7322985397650181,Yes,35.39182665386666,S
2019.1666666666667,-0.007566717442855649,33.263930312891816,1.8948475037279522,-1.7415073818552638,1.7322985397650181,Yes,35.15121109917691,S
2019.25,0.01585550999429857,33.259005871601815,1.6357341628910547,-1.7415073818552638,1.7322985397650181,No,34.910595544487165,S
2019.3333333333335,-0.03489183020189772,33.25408143031181,1.450790389687512,-1.7415073818552638,1.7322985397650181,No,34.66997998979742,S
2019.4166666666667,0.030803071832876387,33.249156989021806,1.1494043742529882,-1.7415073818552638,1.7322985397650181,No,34.42936443510767,S
2019.5,-0.007347452342849216,33.2442325477318,0.9518637850289764,-1.7415073818552638,1.7322985397650181,No,34.188748880417926,S
2019.5833333333335,0.06468735764531997,33.2393081064418,0.6441378616410631,-1.7415073818552638,1.7322985397650181,No,33.94813332572818,S
2019.6666666666667,-0.013633557868711814,33.234383665151796,0.4867676637553515,-1.7415073818552638,1.7322985397650181,No,33.70751777103843,S
2019.75,-0.025074355888555316,33.22945922386179,0.08205568235811711,-1.7415073818552638,1.7322985397650181,No,33.28644055033135,S
2019.8333333333335,-0.039678106710612,33.22453478257179,-0.3194933462369036,-1.7415073818552638,1.7322985397650181,No,32.86536332962427,S
2019.9166666666667,0.037901074371257275,33.21961034128178,-0.8132253067358377,-1.7415073818552638,1.7322985397650181,No,32.4442861089172,S
2020,-0.034509360326805794,33.21468589999178,-1.1569676514548561,-1.7415073818552638,1.7322985397650181,No,32.023208888210114,S
2020.0833333333335,0.013454360336050911,33.20976145870177,0.48430195200061377,-1.7415073818552638,1.7322985397650181,No,33.70751777103843,S
2020.1666666666667,-0.007566717442855649,33.20483701741177,1.352401912483721,-1.7415073818552638,1.7322985397650181,No,34.549672212452634,S
2020.25,0.01585550999429857,33.19981109231224,2.1761600515603092,-1.7415073818552638,1.7322985397650181,Yes,35.39182665386684,S
2020.3333333333335,-0.03489183020189772,33.19478516721271,-0.013811860248480912,-1.7415073818552638,1.7322985397650181,No,33.146081476762326,S
2020.4166666666667,0.030803071832876387,33.189759242113176,-0.074480837183728,-1.7415073818552638,1.7322985397650181,No,33.146081476762326,S
2020.5,-0.007347452342849216,33.18473331701365,-0.03130438790847734,-1.7415073818552638,1.7322985397650181,No,33.146081476762326,S
2020.5833333333335,0.06468735764531997,33.17970739191412,-0.04216964336949758,-1.7415073818552638,1.7322985397650181,No,33.20222510618994,S
2020.6666666666667,-0.013633557868711814,33.17468146681459,0.09732082667168385,-1.7415073818552638,1.7322985397650181,No,33.25836873561756,S
2020.75,-0.025074355888555316,33.16965554171506,0.16993117921867196,-1.7415073818552638,1.7322985397650181,No,33.314512365045175,S
2020.8333333333335,-0.039678106710612,33.16462961661553,0.24570448456787375,-1.7415073818552638,1.7322985397650181,No,33.37065599447279,S
2020.9166666666667,0.037901074371257275,33.159603691516,-1.1742958776771175,-1.7415073818552638,1.7322985397650181,No,32.023208888210135,S
2021,-0.034509360326805794,33.154577766416466,-0.8161413707414766,-1.7415073818552638,1.7322985397650181,No,32.30392703534818,S
2021.0833333333335,0.013454360336050911,33.14955184131694,-0.5783610191667634,-1.7415073818552638,1.7322985397650181,No,32.58464518248623,S
2021.1666666666667,-0.007566717442855649,33.14452591621741,-0.2715958691502749,-1.7415073818552638,1.7322985397650181,No,32.86536332962428,S
2021.25,0.01585550999429857,33.13949999111788,-0.009274024349849697,-1.7415073818552638,1.7322985397650181,No,33.146081476762326,S
2021.3333333333335,-0.03489183020189772,33.13447406601835,-0.14064619047948668,-1.7415073818552638,1.7322985397650181,No,32.95893604533696,S
2021.4166666666667,0.030803071832876387,33.12918025384064,-0.38819271176192416,-1.7415073818552638,1.7322985397650181,No,32.77179061391159,S
2021.5,-0.007347452342849216,33.123886441662926,-0.5318938068338497,-1.7415073818552638,1.7322985397650181,No,32.58464518248623,S
2021.5833333333335,0.06468735764531997,33.11859262948522,-0.7857802360696837,-1.7415073818552638,1.7322985397650181,No,32.397499751060856,S
2021.6666666666667,-0.013633557868711814,33.11329881730751,-0.889310939803309,-1.7415073818552638,1.7322985397650181,No,32.210354319635485,S
2021.75,-0.025074355888555316,33.1080050051298,-1.0597217610311205,-1.7415073818552638,1.7322985397650181,No,32.02320888821012,S
2021.8333333333335,-0.039678106710612,33.102711192952086,-0.879413828238178,-1.7415073818552638,1.7322985397650181,No,32.1836192580033,S
2021.9166666666667,0.037901074371257275,33.097417380774374,-0.7912888273491561,-1.7415073818552638,1.7322985397650181,No,32.34402962779647,S
2022,-0.034509360326805794,33.09212356859667,-0.5531742106802113,-1.7415073818552638,1.7322985397650181,No,32.50443999758965,S
2022.0833333333335,0.013454360336050911,33.08682975641896,-0.43543374937218005,-1.7415073818552638,1.7322985397650181,No,32.664850367382826,S
2022.1666666666667,-0.007566717442855649,33.081535944241246,-0.24870848962238767,-1.7415073818552638,1.7322985397650181,No,32.825260737176,S
2022.25,0.01585550999429857,33.076242132063534,-0.10642653508865152,-1.7415073818552638,1.7322985397650181,No,32.98567110696918,S
2022.3333333333335,-0.03489183020189772,33.07094831988583,0.11002498707842534,-1.7415073818552638,1.7322985397650181,No,33.146081476762355,S
2022.4166666666667,0.030803071832876387,33.06565450770812,0.33034204435939785,-1.7415073818552638,1.7322985397650181,No,33.42679962390039,S
2022.5,-0.007347452342849216,33.060360695530406,0.6545045278508752,-1.7415073818552638,1.7322985397650181,No,33.70751777103843,S
2022.5833333333335,0.06468735764531997,33.05527868860078,1.1489880190684687,-1.7415073818552638,1.7322985397650181,No,34.26895406531457,S
2022.6666666666667,-0.013633557868711814,33.050196681671146,1.793827235788278,-1.7415073818552638,1.7322985397650181,Yes,34.83039035959071,S
2022.75,-0.025074355888555316,33.04511467474152,2.37178633501388,-1.7415073818552638,1.7322985397650181,Yes,35.39182665386684,S
2022.8333333333335,-0.039678106710612,33.04003266781189,-0.9771456728911616,-1.7415073818552638,1.7322985397650181,No,32.02320888821012,S
2022.9166666666667,0.037901074371257275,33.03495066088226,0.07322974150881123,-1.7415073818552638,1.7322985397650181,No,33.146081476762326,S
2023,-0.034509360326805794,33.02986865395263,0.09725205987211183,-1.7415073818552638,1.7322985397650181,No,33.09261135349794,S
2023.0833333333335,0.013454360336050911,33.024786647023,9.002228744918739e-4,-1.7415073818552638,1.7322985397650181,No,33.03914123023354,S
2023.1666666666667,-0.007566717442855649,33.01970464009337,-0.026466815681366995,-1.7415073818552638,1.7322985397650181,No,32.98567110696915,S
2023.25,0.01585550999429857,33.01462263316375,-0.3335457018165826,-1.7415073818552638,1.7322985397650181,No,32.69693244134146,S
2023.3333333333335,-0.03489183020189772,33.00954062623411,2.417177857834446,-1.7415073818552638,1.7322985397650181,Yes,35.39182665386666,S
2023.4166666666667,0.030803071832876387,33.004458619304486,-0.049590584168207386,-1.7415073818552638,1.7322985397650181,No,32.98567110696916,S
2023.5,-0.007347452342849216,32.99937661237486,2.3997974938346474,-1.7415073818552638,1.7322985397650181,Yes,35.39182665386666,S
2023.5833333333335,0.06468735764531997,32.994294605445226,1.5842629650746716,-1.7415073818552638,1.7322985397650181,No,34.64324492816522,S
2023.6666666666667,-0.013633557868711814,32.9892125985156,0.9190841618168832,-1.7415073818552638,1.7322985397650181,No,33.89466320246377,S
2023.75,-0.025074355888555316,32.98479670169247,0.18635913095841516,-1.7415073818552638,1.7322985397650181,No,33.146081476762326,S
2023.8333333333335,-0.039678106710612,32.98038080486933,-0.9174938099486525,-1.7415073818552638,1.7322985397650181,No,32.023208888210064,S
2023.9166666666667,0.037901074371257275,32.975964908046194,0.35679001205532757,-1.7415073818552638,1.7322985397650181,No,33.37065599447278,S
2024,-0.034509360326805794,32.971549011223054,2.4547870029705052,-1.7415073818552638,1.7322985397650181,Yes,35.39182665386675,S
2024.0833333333335,0.013454360336050911,32.96713311439992,1.6626574534293042,-1.7415073818552638,1.7322985397650181,No,34.643244928165274,S
2024.1666666666667,-0.007566717442855649,32.96271721757678,0.9395127023298784,-1.7415073818552638,1.7322985397650181,No,33.8946632024638,S
2024.25,0.01585550999429857,32.95830132075365,0.17192464601438218,-1.7415073818552638,1.7322985397650181,No,33.146081476762326,S
2024.3333333333335,-0.03489183020189772,32.953885423930515,0.16292373511643632,-1.7415073818552638,1.7322985397650181,No,33.08191732884505,S
2024.4166666666667,0.030803071832876387,32.949469527107375,0.03748058198753057,-1.7415073818552638,1.7322985397650181,No,33.017753180927784,S
2024.5,-0.007347452342849216,32.94505363028424,0.015882855069115465,-1.7415073818552638,1.7322985397650181,No,32.95358903301051,S
2024.5833333333335,0.06468735764531997,32.9406377334611,-0.11590020601317974,-1.7415073818552638,1.7322985397650181,No,32.88942488509324,S
2024.6666666666667,-0.013633557868711814,32.93622183663797,-0.09732754159328749,-1.7415073818552638,1.7322985397650181,No,32.82526073717597,S
2024.75,-0.025074355888555316,32.93180593981483,-0.14563499466757435,-1.7415073818552638,1.7322985397650181,No,32.7610965892587,S
2024.8333333333335,-0.039678106710612,32.927390042991696,-0.19077949493966173,-1.7415073818552638,1.7322985397650181,No,32.696932441341424,S
2024.9166666666667,0.037901074371257275,32.923640185223945,2.4302853942716425,-1.7415073818552638,1.7322985397650181,Yes,35.39182665386684,S
2025,-0.034509360326805794,32.91989032745619,0.8221368039091033,-1.7415073818552638,1.7322985397650181,No,33.70751777103848,S
2025.0833333333335,0.013454360336050911,32.916140469688436,-0.064231500400183,-1.7415073818552638,1.7322985397650181,No,32.8653633296243,S
2025.1666666666667,-0.007566717442855649,32.91239061192068,-0.8816150062677011,-1.7415073818552638,1.7322985397650181,No,32.02320888821012,S
2025.25,0.01585550999429857,32.90864075415293,0.7830215068912594,-1.7415073818552638,1.7322985397650181,No,33.70751777103848,S
2025.3333333333335,-0.03489183020189772,32.90489089638517,2.5218275876835747,-1.7415073818552638,1.7322985397650181,Yes,35.39182665386684,S
2025.4166666666667,0.030803071832876387,32.90114103861742,0.4387118840224815,-1.7415073818552638,1.7322985397650181,No,33.37065599447278,S
2025.5,-0.007347452342849216,32.89739118084966,-0.8668348402967467,-1.7415073818552638,1.7322985397650181,No,32.023208888210064,S
2025.5833333333335,0.06468735764531997,32.89364132308191,0.18775279603509887,-1.7415073818552638,1.7322985397650181,No,33.146081476762326,S
2025.6666666666667,-0.013633557868711814,32.88989146531415,0.2698235693168911,-1.7415073818552638,1.7322985397650181,No,33.146081476762326,S
2025.75,-0.025074355888555316,32.8861416075464,0.28501422510448293,-1.7415073818552638,1.7322985397650181,No,33.146081476762326,S
2025.8333333333335,-0.039678106710612,32.88239174977864,2.5491130107988127,-1.7415073818552638,1.7322985397650181,Yes,35.39182665386684,S
2025.9166666666667,0.037901074371257275,32.87864189201089,2.4752836874846977,-1.7415073818552638,1.7322985397650181,Yes,35.39182665386684,S
