"TimeLabel","Trend","Estimate","SE","CI_low","CI_high","significant"
"1981_09","X1",0.0057107334112663,0.0767002457399039,-0.144618985844317,0.15604045266685,FALSE
"1981_09","X2",-0.0596094479907254,0.183415402949698,-0.419097031982035,0.299878136000584,FALSE
"1981_09","X3",-0.0170808199954074,0.206426941930669,-0.42167019161826,0.387508551627446,FALSE
"1981_10","X1",0.00423943539352016,0.0759440844945338,-0.144608235054633,0.153087105841673,FALSE
"1981_10","X2",-0.0656298021343527,0.179162681073939,-0.416782204412909,0.285522600144204,FALSE
"1981_10","X3",-0.0213258647491874,0.201489432672828,-0.416237896053339,0.373586166554964,FALSE
"1981_11","X1",-0.164324853212065,0.219483264332135,-0.594504146512334,0.265854440088205,FALSE
"1981_11","X2",-0.330585485102996,0.451976093829368,-1.21644235088165,0.555271380675662,FALSE
"1981_11","X3",0.110963274269281,0.481294200624617,-0.832356024922963,1.05428257346152,FALSE
"1981_12","X1",-0.688968765768901,0.219483229526189,-1.11914799085077,-0.258789540687032,TRUE
"1981_12","X2",-0.810016896206306,0.45197609631232,-1.69587376685146,0.0758399744388469,FALSE
"1981_12","X3",0.325447691415728,0.481294057043963,-0.617871326363606,1.26876670919506,FALSE
"1982_01","X1",0.0116899680892182,0.0759407991639517,-0.137151263229316,0.160531199407753,FALSE
"1982_01","X2",-0.0633206423287407,0.179143291007929,-0.41443504077626,0.287793756118779,FALSE
"1982_01","X3",-0.00526154866216611,0.201466065065698,-0.400127780297937,0.389604682973605,FALSE
"1982_02","X1",1.48371677400498,0.0758957989415499,1.33496374150165,1.63246980650831,TRUE
"1982_02","X2",-0.388988706842699,0.179132900420191,-0.740082740112473,-0.0378946735729252,TRUE
"1982_02","X3",0.538936174777364,0.201319296625125,0.144357603999182,0.933514745555545,TRUE
"1982_03","X1",0.0172091475688573,0.0758972661272031,-0.131546760565513,0.165965055703227,FALSE
"1982_03","X2",-0.0449759819893292,0.17914164557551,-0.396087155448567,0.306135191469909,FALSE
"1982_03","X3",0.00907072872301412,0.201329838882433,-0.385528504499807,0.403669961945835,FALSE
"1982_04","X1",0.00629825243003839,0.076208147813849,-0.143066972613611,0.155663477473687,FALSE
"1982_04","X2",-0.0575816600577826,0.181028769433124,-0.41239152831231,0.297228208196745,FALSE
"1982_04","X3",-0.0138224766768141,0.203799502818114,-0.413262162267487,0.385617208913859,FALSE
"1982_05","X1",-0.0471121387708463,0.253122104878079,-0.543222348022852,0.448998070481159,FALSE
"1982_05","X2",-0.100505312444735,0.426673589984298,-0.93677018196837,0.735759557078899,FALSE
"1982_05","X3",0.0668026638290736,0.66481189337627,-1.2362047036823,1.36981003134045,FALSE
"1982_06","X1",0.014403102187062,0.0762081550739251,-0.134962137086075,0.163768341460199,FALSE
"1982_06","X2",-0.0480507014213069,0.181028812114894,-0.402860653330567,0.306759250487953,FALSE
"1982_06","X3",0.00391034817118691,0.20379955426804,-0.395529438259487,0.40335013460186,FALSE
"1982_07","X1",1.10005552660521,0.0758987952355593,0.951296621473529,1.24881443173688,TRUE
"1982_07","X2",-0.302548727059946,0.179150652167658,-0.653677553115418,0.0485800989955256,FALSE
"1982_07","X3",0.395534528319631,0.201340770988121,0.000913868563387432,0.790155188075875,TRUE
"1982_08","X1",0.0143927209709889,0.0762081550739232,-0.134972518302144,0.163757960244122,FALSE
"1982_08","X2",-0.0480899900398984,0.181028812114915,-0.402899941949199,0.306719961869402,FALSE
"1982_08","X3",0.00386291334501651,0.203799554268034,-0.395576873085647,0.40330269977568,FALSE
"1982_09","X1",-0.0471202677726126,0.253122104878036,-0.543230477024534,0.448989941479308,FALSE
"1982_09","X2",-0.100972552418791,0.426673589984067,-0.937237421941972,0.73529231710439,FALSE
"1982_09","X3",0.0659604799709312,0.664811893375805,-1.23704688753953,1.36896784748139,FALSE
"1982_10","X1",0.00590072985094665,0.0762081478129579,-0.143464495190956,0.155265954892849,FALSE
"1982_10","X2",-0.0589114746955525,0.181028769428555,-0.413721342941126,0.295898393550021,FALSE
"1982_10","X3",-0.0154446457387753,0.203799502812608,-0.414884331318655,0.383995039841105,FALSE
"1982_11","X1",0.00573256059765472,0.0758972659584108,-0.143023347205888,0.154488468401198,FALSE
"1982_11","X2",-0.0596116721435045,0.179141644627394,-0.410722843744469,0.29149949945746,FALSE
"1982_11","X3",-0.0170322697137967,0.201329837703726,-0.411631500626394,0.3775669611988,FALSE
"1982_12","X1",0.00571284950097236,0.0758957514876998,-0.143040089994521,0.154465788996466,FALSE
"1982_12","X2",-0.0596821798327473,0.179132724389405,-0.410775868088522,0.291411508423027,FALSE
"1982_12","X3",-0.017119334034618,0.201319009557789,-0.411697342171159,0.377458674101923,FALSE
"1983_01","X1",0.00570534128678949,0.0758974035327261,-0.143050836157457,0.154461518731036,FALSE
"1983_01","X2",-0.0596991986993115,0.179142527730295,-0.410812101150158,0.291413703751535,FALSE
"1983_01","X3",-0.0171428938720182,0.201330835224205,-0.411744079888828,0.377458292144791,FALSE
"1983_02","X1",0.00511637221114571,0.0762482981660148,-0.144327546076715,0.154560290499006,FALSE
"1983_02","X2",-0.0596543749507901,0.181306401850842,-0.415008392744986,0.295699642843406,FALSE
"1983_02","X3",-0.0174885647066966,0.203978805613481,-0.417279677318617,0.382302547905223,FALSE
"1983_03","X1",-0.128796469790696,0.376986473415736,-0.867676380344306,0.610083440762914,FALSE
"1983_03","X2",-0.0374461109126109,0.653664287023452,-1.31860457145863,1.24371234963341,FALSE
"1983_03","X3",-0.0123331204789856,0.713130322789561,-1.41004286942995,1.38537662847198,FALSE
"1983_04","X1",0.00511289356720251,0.0762482986668569,-0.14433102570229,0.154556812836695,FALSE
"1983_04","X2",-0.059666202984129,0.181306404746251,-0.415020226453222,0.295687820484964,FALSE
"1983_04","X3",-0.0175032437867907,0.203978809130867,-0.41729436329266,0.382287875719079,FALSE
"1983_05","X1",0.00563484918219279,0.0758975237289762,-0.143121563842375,0.15439126220676,FALSE
"1983_05","X2",-0.0598160772992876,0.179143110241172,-0.410930121450473,0.291297966851897,FALSE
"1983_05","X3",-0.0174083844559072,0.201331598863279,-0.4120110671778,0.377194298265985,FALSE
"1983_06","X1",0.00328831897733278,0.0759893996237239,-0.145648167491988,0.152224805446653,FALSE
"1983_06","X2",-0.0530073553159462,0.179214097410154,-0.404260531761701,0.298245821129809,FALSE
"1983_06","X3",-0.0279690250814937,0.201524597722761,-0.422949978617027,0.36701192845404,FALSE
"1983_07","X1",0.130397934366629,0.471282489184256,-0.7932987709789,1.05409463971216,FALSE
"1983_07","X2",1.26049866432162,0.235339356947582,0.79924200055954,1.72175532808369,TRUE
"1983_07","X3",-1.26463821709062,0.293295019230484,-1.83948589162735,-0.689790542553889,TRUE
"1983_08","X1",-0.0810055649877577,0.432078014847823,-0.927862912601054,0.765851782625539,FALSE
"1983_08","X2",-0.0369837496207737,0.199921535726011,-0.428822759377693,0.354855260136145,FALSE
"1983_08","X3",-0.0621772350273939,0.263819212576072,-0.579253390106212,0.454898920051424,FALSE
"1983_09","X1",-0.00353802010225455,0.0759772994140217,-0.152450790596353,0.145374750391844,FALSE
"1983_09","X2",-0.0917688500712301,0.179218361396935,-0.443030383777506,0.259492683635046,FALSE
"1983_09","X3",-0.0388058419586509,0.20150986635388,-0.433757922541735,0.356146238624434,FALSE
"1983_10","X1",-1.23801460166191,0.0765283649251933,-1.38800744071103,-1.08802176261279,TRUE
"1983_10","X2",-1.62340887180021,0.182499084971137,-1.98110050555515,-1.26571723804527,TRUE
"1983_10","X3",0.892922360996366,0.205334020485188,0.490475076044587,1.29536964594814,TRUE
"1983_11","X1",-0.824417610447118,0.818501391918014,-2.42865085990233,0.779815639008092,FALSE
"1983_11","X2",-1.10574743163702,0.827936568117663,-2.72847328663133,0.516978423357295,FALSE
"1983_11","X3",0.587226574248596,0.830966227555545,-1.04143730412939,2.21589045262658,FALSE
"1983_12","X1",-0.410820619232327,0.818501388482249,-2.01505386195356,1.19341262348891,FALSE
"1983_12","X2",-0.588085991473825,0.827936528801536,-2.21081176940994,1.0346397864623,FALSE
"1983_12","X3",0.281530787500826,0.830966170256382,-1.34713297857286,1.91019455357451,FALSE
"1984_01","X1",0.00277637198246486,0.0765282546844855,-0.147216250998835,0.152768994963765,FALSE
"1984_01","X2",-0.0704245513106315,0.182498549878487,-0.428115136303252,0.287266033681989,FALSE
"1984_01","X3",-0.0241649992469438,0.205333324832107,-0.426610920743737,0.378280922249849,FALSE
"1984_02","X1",0.00556649765743935,0.0758983054963936,-0.143191447603111,0.154324442917989,FALSE
"1984_02","X2",-0.0602521305456651,0.17914782973869,-0.411375424742011,0.290871163650681,FALSE
"1984_02","X3",-0.0177468468602123,0.201337195224651,-0.412360498248839,0.376866804528414,FALSE
"1984_03","X1",0.00570192000717731,0.0758957486027663,-0.143051013833951,0.154454853848305,FALSE
"1984_03","X2",-0.0597233043449561,0.179132707352771,-0.41081695920954,0.291370350519628,FALSE
"1984_03","X3",-0.017166933696218,0.201318988995281,-0.411744901530984,0.377411034138548,FALSE
"1984_04","X1",0.00571155855457385,0.0758957373658171,-0.143041353262539,0.154464470371686,FALSE
"1984_04","X2",-0.0596870502195678,0.179132640814357,-0.410780574671256,0.291406474232121,FALSE
"1984_04","X3",-0.0171249927725095,0.201318908903419,-0.411702803630111,0.377452818085092,FALSE
"1984_05","X1",0.00571937647025634,0.0758958314418721,-0.143033719732536,0.154472472673048,FALSE
"1984_05","X2",-0.059660493753661,0.179133097293628,-0.410754912888281,0.291433925380959,FALSE
"1984_05","X3",-0.0170928562305117,0.20131950564793,-0.411671836685862,0.377486124224838,FALSE
"1984_06","X1",0.00592386576411683,0.0759693128140026,-0.142973251281586,0.154820982809819,FALSE
"1984_06","X2",-0.0593787631689677,0.179196843765962,-0.410598123093504,0.291840596755568,FALSE
"1984_06","X3",-0.016611540596896,0.201477724917924,-0.411500625123095,0.378277543929303,FALSE
"1984_07","X1",0.0313823033677466,0.420244819263224,-0.792282407077716,0.855047013813209,FALSE
"1984_07","X2",-0.0644355077212007,0.199354185160313,-0.455162530802744,0.326291515360343,FALSE
"1984_07","X3",-0.00669502083851015,0.259642841132572,-0.515585638302006,0.502195596624985,FALSE
"1984_08","X1",0.00592386877899243,0.0759693128144362,-0.14297324826756,0.154820985825545,FALSE
"1984_08","X2",-0.0593787519013829,0.179196843765942,-0.410598111825881,0.291840608023115,FALSE
"1984_08","X3",-0.0166115274897833,0.20147772491791,-0.411500612015956,0.378277557036389,FALSE
"1984_09","X1",0.00571942139364473,0.0758958314415326,-0.143033674808482,0.154472517595771,FALSE
"1984_09","X2",-0.0596603258448775,0.179133097292207,-0.410754744976713,0.291434093286958,FALSE
"1984_09","X3",-0.0170926609202205,0.201319505646205,-0.411671641372191,0.37748631953175,FALSE
"1984_10","X1",0.00571222467615031,0.0758957373129174,-0.143040687037281,0.154465136389581,FALSE
"1984_10","X2",-0.0596845586163796,0.179132640500675,-0.410778082453263,0.291408965220504,FALSE
"1984_10","X3",-0.0171220960920506,0.20131890852571,-0.411699906209357,0.377455714025255,FALSE
"1984_11","X1",0.00571177230550636,0.075895736938458,-0.143041138673998,0.15446468328501,FALSE
"1984_11","X2",-0.0596862328141906,0.17913263832586,-0.410779752388516,0.291407286760135,FALSE
"1984_11","X3",-0.0171240531091394,0.201318905882845,-0.411701858046523,0.377453751828245,FALSE
"1984_12","X1",0.0057117418473666,0.0758957369370103,-0.1430411691293,0.154464652824033,FALSE
"1984_12","X2",-0.0596863465362589,0.17913263831593,-0.410779866091121,0.291407173018603,FALSE
"1984_12","X3",-0.0171241854683547,0.201318905870876,-0.411701990382281,0.377453619445572,FALSE
"1985_01","X1",0.00571173758218456,0.075895736936664,-0.143041173393803,0.154464648558172,FALSE
"1985_01","X2",-0.0596863624752416,0.179132638315869,-0.410779882029984,0.291407157079501,FALSE
"1985_01","X3",-0.0171242040105158,0.201318905870814,-0.411702008924321,0.377453600903289,FALSE
"1985_02","X1",0.005711704455121,0.0758957369368069,-0.143041206521147,0.154464615431389,FALSE
"1985_02","X2",-0.0596864862096055,0.17913263831592,-0.410780005764447,0.291407033345236,FALSE
"1985_02","X3",-0.0171243479985414,0.201318905870871,-0.411702152912458,0.377453456915375,FALSE
"1985_03","X1",0.0057112136636196,0.0758957369383053,-0.143041697315585,0.154464124642824,FALSE
"1985_03","X2",-0.0596883107416746,0.179132638325847,-0.410781830315975,0.291405208832625,FALSE
"1985_03","X3",-0.0171264776347342,0.201318905882838,-0.411704282572105,0.377451327302637,FALSE
"1985_04","X1",0.00570375301290265,0.0758957373129272,-0.143049158700547,0.154456664726353,FALSE
"1985_04","X2",-0.0597149103134857,0.179132640500643,-0.410808434150306,0.291378613523335,FALSE
"1985_04","X3",-0.0171584263726404,0.201318908525716,-0.411736236489958,0.377419383744677,FALSE
"1985_05","X1",0.00557264329539332,0.0758958314415099,-0.143180452906689,0.154325739497475,FALSE
"1985_05","X2",-0.060044503418927,0.179133097292232,-0.411138922550812,0.291049915712958,FALSE
"1985_05","X3",-0.0176835175525765,0.201319505646216,-0.412262498004568,0.376895462899415,FALSE
"1985_06","X1",0.00211441962541207,0.0759693128142199,-0.146782697420716,0.15101153667154,FALSE
"1985_06","X2",-0.0557360148308088,0.179196843765953,-0.406955374755327,0.29548334509371,FALSE
"1985_06","X3",-0.0330314010285955,0.201477724917914,-0.427920485554775,0.361857683497584,FALSE
"1985_07","X1",0.125075581636967,0.420244819263225,-0.698589128808498,0.948740292082432,FALSE
"1985_07","X2",1.34372690736142,0.199354185160321,0.95299988427986,1.73445393044298,TRUE
"1985_07","X3",-1.44888958757335,0.259642841132575,-1.95778020503685,-0.939998970109844,TRUE
"1985_08","X1",0.0107683621075367,0.0759693128142433,-0.138128754938637,0.159665479153711,FALSE
"1985_08","X2",-0.0211168236264818,0.17919684376596,-0.372336183551014,0.33010253629805,FALSE
"1985_08","X3",0.0228698576540346,0.201477724917916,-0.372019226872149,0.417758942180219,FALSE
"1985_09","X1",-1.04335949582686,0.0758958314414011,-1.19211259202873,-0.894606399624995,TRUE
"1985_09","X2",-0.606011733220516,0.17913309729219,-0.957106152352319,-0.254917314088713,TRUE
"1985_09","X3",1.99907195073032,0.201319505646206,1.60449297027835,2.39365093118229,TRUE
"1985_10","X1",-1.52369956434442,0.0758957373130148,-1.67245247605804,-1.3749466526308,TRUE
"1985_10","X2",-0.13181279983984,0.179132640500644,-0.482906323676663,0.219280723996984,FALSE
"1985_10","X3",0.0194909650191718,0.201318908525718,-0.375086845098149,0.414068775136493,FALSE
"1985_11","X1",-0.00319476711656255,0.0758957369384926,-0.151947678096134,0.145558143863009,FALSE
"1985_11","X2",-0.0702300093582637,0.179132638325844,-0.421323528932558,0.28086351021603,FALSE
"1985_11","X3",-0.0314384345240732,0.201318905882841,-0.42601623946145,0.363139370413303,FALSE
"1985_12","X1",0.00546821057665527,0.0758957369367903,-0.14328470039958,0.15422112155289,FALSE
"1985_12","X2",-0.0604937279049626,0.179132638315919,-0.411587247459803,0.290599791649878,FALSE
"1985_12","X3",-0.0180882040300465,0.201318905870866,-0.412666008943952,0.376489600883859,FALSE
"1986_01","X1",0.00569679621462271,0.0758957369369647,-0.143056114761954,0.1544497071912,FALSE
"1986_01","X2",-0.0597416703015218,0.17913263831585,-0.410835189856227,0.291351849253183,FALSE
"1986_01","X3",-0.0171887555347833,0.201318905870806,-0.411766560448571,0.377389049379005,FALSE
"1986_02","X1",0.00571073909401441,0.0758957369367958,-0.143042171882232,0.15446365007026,FALSE
"1986_02","X2",-0.0596900909997593,0.179132638315875,-0.410783610554513,0.291403428554995,FALSE
"1986_02","X3",-0.0171285429403496,0.201318905870823,-0.411706347854171,0.377449261973472,FALSE
"1986_03","X1",0.005711669268647,0.0758957369368978,-0.143041241707799,0.154464580245093,FALSE
"1986_03","X2",-0.0596866177637002,0.179132638315887,-0.410780137318479,0.291406901791079,FALSE
"1986_03","X3",-0.0171245009914177,0.201318905870821,-0.411702305905237,0.377453303922401,FALSE
"1986_04","X1",0.0057116886910109,0.0758957369368828,-0.143041222285406,0.154464599667427,FALSE
"1986_04","X2",-0.0596865451088258,0.179132638315924,-0.410780064663676,0.291406974446024,FALSE
"1986_04","X3",-0.0171244165256604,0.20131890587087,-0.411702221439575,0.377453388388254,FALSE
"1986_05","X1",0.00571104674739448,0.0758957369385498,-0.143041864232289,0.154463957727078,FALSE
"1986_05","X2",-0.0596889323858139,0.179132638325863,-0.410782451960146,0.291404587188518,FALSE
"1986_05","X3",-0.017127202375895,0.20131890588284,-0.41170500731327,0.37745060256148,FALSE
"1986_06","X1",0.00570124028227635,0.0758957373128799,-0.143051671431081,0.154454151995634,FALSE
"1986_06","X2",-0.0597240115953673,0.179132640500652,-0.410817535432206,0.291369512241472,FALSE
"1986_06","X3",-0.0171692367606576,0.201318908525703,-0.41174704687795,0.377408573356635,FALSE
"1986_07","X1",0.00553050033164856,0.0758958314414779,-0.143222595870371,0.154283596533668,FALSE
"1986_07","X2",-0.060165111224223,0.179133097292204,-0.411259530356052,0.290929307907606,FALSE
"1986_07","X3",-0.0178551361726605,0.20131950564621,-0.41243411662464,0.376723844279319,FALSE
"1986_08","X1",0.00105801987488814,0.0759693128142468,-0.147839097171293,0.149955136921069,FALSE
"1986_08","X2",-0.0554954060695841,0.179196843765967,-0.406714765994131,0.295723953854963,FALSE
"1986_08","X3",-0.037222832443033,0.201477724917911,-0.432111916969206,0.35766625208314,FALSE
"1986_09","X1",0.120461564999405,0.420244819263228,-0.703203145446066,0.944126275444877,FALSE
"1986_09","X2",1.6396389928295,0.199354185160314,1.24891196974795,2.03036601591104,TRUE
"1986_09","X3",-1.76492073566611,0.259642841132577,-2.27381135312962,-1.25603011820261,TRUE
"1986_10","X1",0.377463539475737,0.0759693128142647,0.228566422429521,0.526360656521953,TRUE
"1986_10","X2",0.750860924108837,0.179196843766912,0.39964156418244,1.10208028403524,TRUE
"1986_10","X3",-0.847116274499528,0.201477724919038,-1.24200535902791,-0.452227189971145,TRUE
"1986_11","X1",0.00534804982059033,0.0758958314760336,-0.143405046449157,0.154101146090338,FALSE
"1986_11","X2",-0.0556522505937186,0.179133097496626,-0.406746670126208,0.295442168938771,FALSE
"1986_11","X3",-0.0237240228569031,0.201319505892341,-0.41830300379129,0.370854958077484,FALSE
"1986_12","X1",0.00567460547956426,0.0758957449200865,-0.143078321143644,0.154427532102773,FALSE
"1986_12","X2",-0.0597529674339662,0.179132685449749,-0.410846579369417,0.291340644501484,FALSE
"1986_12","X3",-0.0172784486402606,0.201318962701968,-0.41185636494108,0.377299467660558,FALSE
"1987_01","X1",0.00569516259787549,0.0758974220010348,-0.143061051043591,0.154451376239342,FALSE
"1987_01","X2",-0.0596969993402055,0.179142479088276,-0.410809806454447,0.291415807774036,FALSE
"1987_01","X3",-0.0171748649872395,0.201330868600187,-0.411776116419771,0.377426386445292,FALSE
"1987_02","X1",0.00455709639812858,0.0763139737584502,-0.145015543685569,0.154129736481826,FALSE
"1987_02","X2",-0.0573131202855084,0.181195944201842,-0.412450645065847,0.29782440449483,FALSE
"1987_02","X3",-0.0196269435683411,0.204031904903743,-0.419522128876778,0.380268241740096,FALSE
"1987_03","X1",-0.116775905792295,0.618477161998389,-1.32896886856968,1.09541705698509,FALSE
"1987_03","X2",0.31546322570131,0.475788842034904,-0.617065768933118,1.24799222033574,FALSE
"1987_03","X3",-0.322234105176472,0.678628770270559,-1.65232205377947,1.00785384342653,FALSE
"1987_04","X1",-0.00124299834544337,0.0763139838690808,-0.150815658245612,0.148329661554726,FALSE
"1987_04","X2",-0.060687955186626,0.181196003499975,-0.415825596189171,0.294449685815919,FALSE
"1987_04","X3",-0.0370884306937181,0.204031976373845,-0.436983756080981,0.362806894693544,FALSE
"1987_05","X1",-0.425691930840724,0.0758995381890877,-0.574452292134559,-0.27693156954689,TRUE
"1987_05","X2",0.761156615596221,0.179154970387043,0.410019325986277,1.11229390520616,TRUE
"1987_05","X3",-0.946906770366264,0.201345984302313,-1.34153764803057,-0.552275892701963,TRUE
"1987_06","X1",0.0114184562987026,0.0763352977007336,-0.138195977943878,0.161032890541284,FALSE
"1987_06","X2",-0.0179673564052182,0.181789774180347,-0.374268766556368,0.338334053745932,FALSE
"1987_06","X3",0.041825540581607,0.204690548244792,-0.359360561953943,0.443011643117157,FALSE
"1987_07","X1",-1.53381717758565,0.0879061329970298,-1.70611003228001,-1.36152432289128,TRUE
"1987_07","X2",-1.01179452986475,0.432211973349501,-1.85891443131676,-0.164674628412743,TRUE
"1987_07","X3",2.91126577219758,0.65935640431875,1.618950966757,4.20358057763816,TRUE
"1987_08","X1",-0.251045959614152,0.392043147519486,-1.01943640913807,0.517344489909764,FALSE
"1987_08","X2",-0.421790046530074,0.771500624772465,-1.93390348513425,1.09032339207411,FALSE
"1987_08","X3",2.35272200824587,0.931804984660849,0.526417797695714,4.17902621879603,TRUE
"1987_09","X1",0.519793938551836,0.744695031091627,-0.939781501853688,1.97936937895736,FALSE
"1987_09","X2",-0.212205914376073,0.856698219604694,-1.89130357042086,1.46689174166871,FALSE
"1987_09","X3",1.93207455871276,0.911695654170387,0.145183911677114,3.7189652057484,TRUE
"1987_10","X1",1.29063383671783,0.232531644445662,0.834880188338455,1.7463874850972,TRUE
"1987_10","X2",-0.00262178222207221,0.476287284644472,-0.936127706419615,0.93088414197547,FALSE
"1987_10","X3",1.51142710917964,0.510414964641773,0.511032161311477,2.5118220570478,TRUE
"1987_11","X1",0.027135515685437,0.0759504779851799,-0.121724685774118,0.175995717144992,FALSE
"1987_11","X2",-0.00560157545897596,0.179160580132087,-0.356749859967169,0.345546709049217,FALSE
"1987_11","X3",0.0577291178555112,0.201509365646477,-0.337221981359096,0.452680217070118,FALSE
"1987_12","X1",0.00683468521600419,0.0758958139857923,-0.1419183767735,0.155587747205508,FALSE
"1987_12","X2",-0.0556491031659125,0.179132972517794,-0.406743277744393,0.295445071412568,FALSE
"1987_12","X3",-0.01233672748868,0.201319395663877,-0.406915492379247,0.382242037401887,FALSE
"1988_01","X1",0.00579348345080306,0.0758958317355496,-0.142959613327586,0.154546580229192,FALSE
"1988_01","X2",-0.0593846097396953,0.179133098973364,-0.410479032166537,0.291709812687146,FALSE
"1988_01","X3",-0.016771245575342,0.20131950771357,-0.411350230079272,0.377807738928588,FALSE
"1988_02","X1",0.00593267970172892,0.0759693128155922,-0.142964437347089,0.154829796750547,FALSE
"1988_02","X2",-0.059349317164562,0.179196843773696,-0.410568677104257,0.291870042775133,FALSE
"1988_02","X3",-0.0165761646511158,0.20147772492726,-0.411465249195614,0.378312919893382,FALSE
"1988_03","X1",0.0316012364986164,0.420244819263262,-0.79206347394692,0.855265946944153,FALSE
"1988_03","X2",-0.0643401205872563,0.199354185160345,-0.455067143668862,0.32638690249435,FALSE
"1988_03","X3",-0.00646863315127433,0.25964284113264,-0.515359250614904,0.502421984312355,FALSE
"1988_04","X1",0.00648108428948795,0.0759693128142475,-0.142416032756694,0.15537820133567,FALSE
"1988_04","X2",-0.0575156798506829,0.179196843765968,-0.408735039775231,0.293703680073865,FALSE
"1988_04","X3",-0.0143414656277942,0.201477724917921,-0.409230550153987,0.380547618898399,FALSE
"1988_05","X1",0.0218371620659035,0.0758958314415244,-0.126915934136207,0.170590258268014,FALSE
"1988_05","X2",-0.0384182656751313,0.179133097292227,-0.389512684807007,0.312676153456744,FALSE
"1988_05","X3",0.0201835117218157,0.201319505646222,-0.374395468730187,0.414762492173818,FALSE
"1988_06","X1",2.04711189302615,0.0758957373128182,1.89835898131292,2.19586480473939,TRUE
"1988_06","X2",-0.5011940013424,0.17913264050071,-0.852287525179352,-0.150100477505447,TRUE
"1988_06","X3",0.77168599398889,0.201318908525777,0.377108183871455,1.16626380410633,TRUE
"1988_07","X1",1.41802116468839,0.0758957369406001,1.26926825370469,1.56677407567209,TRUE
"1988_07","X2",-0.663105070893288,0.179132638337813,-1.01419859049104,-0.312011551295536,TRUE
"1988_07","X3",0.736943602701047,0.201318905897233,0.342365797735462,1.13152140766663,TRUE
"1988_08","X1",-1.45481498834307,0.075895737387228,-1.60356790020215,-1.30606207648399,TRUE
"1988_08","X2",-1.88246748418792,0.179132640925159,-2.23356100885677,-1.53137395951906,TRUE
"1988_08","X3",1.1064428657698,0.201318909048218,0.711865054628403,1.50102067691121,TRUE
"1988_09","X1",-0.00365340930075358,0.075895851390385,-0.152406544601912,0.145099726000405,FALSE
"1988_09","X2",-0.0939030498498491,0.179133181415368,-0.44499763386005,0.257191534160352,FALSE
"1988_09","X3",-0.0375953289661359,0.201319629434119,-0.432174552037958,0.356983894105687,FALSE
"1988_10","X1",0.00663617829598309,0.0759869609313901,-0.142295528424194,0.15556788501616,FALSE
"1988_10","X2",-0.0552754589628871,0.179218153491607,-0.406536585182208,0.295985667256433,FALSE
"1988_10","X3",-0.0172612947737352,0.201535290471579,-0.412263205711849,0.377740616164379,FALSE
"1988_11","X1",0.309831043627493,0.459453672564998,-0.590681607164561,1.21034369441955,FALSE
"1988_11","X2",0.394042011670671,0.450903987989168,-0.48971356527358,1.27779758861492,FALSE
"1988_11","X3",-0.367455368887114,0.464288634538092,-1.27744437101305,0.542533633238827,FALSE
"1988_12","X1",1.82945001665448,0.075986984581258,1.68051826358142,1.97838176972755,TRUE
"1988_12","X2",1.25891131035991,0.179218282110179,0.90764993205282,1.610172688667,TRUE
"1988_12","X3",-1.10060965644981,0.201535450041597,-1.49561188013941,-0.705607432760211,TRUE
"1989_01","X1",2.05975306787497,0.0759064904750973,1.91097908035095,2.20852705539899,TRUE
"1989_01","X2",-0.400015468309242,0.179157936310414,-0.751158571022174,-0.0488723655963089,TRUE
"1989_01","X3",0.834424743041501,0.201356964290253,0.439772344996287,1.22907714108671,TRUE
"1989_02","X1",1.86976867910851,0.139508893574549,1.59633627217936,2.14320108603766,TRUE
"1989_02","X2",1.26162717475573,0.186735962567923,0.895631413504182,1.62762293600728,TRUE
"1989_02","X3",-1.02418966148024,0.212115679423854,-1.43992875370724,-0.60845056925324,TRUE
"1989_03","X1",0.242737177834405,0.421039081768855,-0.582484258516365,1.06795861418517,FALSE
"1989_03","X2",-0.0815192823746084,0.199381453270107,-0.472299749969273,0.309261185220057,FALSE
"1989_03","X3",0.0862206314430545,0.259980020714472,-0.423330845857288,0.595772108743397,FALSE
"1989_04","X1",0.00130998085733767,0.0760550331600064,-0.147755144979274,0.15037510669395,FALSE
"1989_04","X2",-0.0547422072341277,0.179268335668621,-0.406101688713063,0.296617274244807,FALSE
"1989_04","X3",-0.0337512201822344,0.201658008009766,-0.428993653075466,0.361491212710997,FALSE
"1989_05","X1",-0.27044184714182,0.459467479834811,-1.17098155968543,0.630097865401793,FALSE
"1989_05","X2",1.49724483291279,0.217231321209632,1.07147926702786,1.92301039879772,TRUE
"1989_05","X3",-1.63063337954232,0.271504972315753,-2.16277334690474,-1.0984934121799,TRUE
"1989_06","X1",-0.758998509087128,0.467022362992799,-1.67434552052781,0.15634850235355,FALSE
"1989_06","X2",0.523976234193629,0.204516984576639,0.123130310196682,0.924822158190575,TRUE
"1989_06","X3",-0.624204896096467,0.279057731683821,-1.1711479998042,-0.0772617923887363,TRUE
"1989_07","X1",-0.5018731612966,0.874388987486625,-2.21564408524883,1.21189776265563,FALSE
"1989_07","X2",0.327019346980494,0.830240625158846,-1.30022237683286,1.95426107079385,FALSE
"1989_07","X3",-0.421068032218388,0.84071459423003,-2.06883835818645,1.22670229374967,FALSE
"1989_08","X1",-0.244747813506072,0.832961935575609,-1.87732320772704,1.38782758071489,FALSE
"1989_08","X2",0.13006245976736,0.828701021371453,-1.49416169607224,1.75428661560696,FALSE
"1989_08","X3",-0.217931168340309,0.833846052268229,-1.85223939943694,1.41637706275632,FALSE
"1989_09","X1",0.0123775342844559,0.0769307583175685,-0.138403981321333,0.163159049890245,FALSE
"1989_09","X2",-0.0668944274457749,0.184837383811107,-0.429169042712151,0.295380187820602,FALSE
"1989_09","X3",-0.0147943044622299,0.208249483572859,-0.422955792064099,0.393367183139639,FALSE
"1989_10","X1",1.81576040788944,0.379340450730243,1.07226678657897,2.5592540291999,TRUE
"1989_10","X2",-1.00432775971311,0.681336229086866,-2.3397222300857,0.331066710659476,FALSE
"1989_10","X3",0.439122471808563,0.75258126925825,-1.03590971137705,1.91415465499417,FALSE
"1989_11","X1",0.953022606784019,0.245467866471438,0.471914429138115,1.43413078442992,TRUE
"1989_11","X2",-1.16408851100866,0.499607774281191,-2.14330175499601,-0.18487526702131,TRUE
"1989_11","X3",0.864575420624828,0.537332191212352,-0.188576321885371,1.91772716313503,FALSE
"1989_12","X1",0.429313505278266,0.498315725877983,-0.547367370372516,1.40599438092905,FALSE
"1989_12","X2",-0.379747891612348,0.525781787285378,-1.41026125841879,0.650765475194093,FALSE
"1989_12","X3",0.370682657083747,0.554356671998965,-0.715836454623707,1.4572017687912,FALSE
"1990_01","X1",0.225644155840903,0.507944929414472,-0.769909611941201,1.22119792362301,FALSE
"1990_01","X2",-0.144024724746203,0.527851990294067,-1.17859561489036,0.890546165397955,FALSE
"1990_01","X3",0.111935390341726,0.557558331540258,-0.980858858757423,1.20472963944087,FALSE
"1990_02","X1",0.0882850077080682,0.504648723042079,-0.900808314298535,1.07737832971467,FALSE
"1990_02","X2",-0.2085329157882,0.521143602495633,-1.2299556074531,0.812889775876699,FALSE
"1990_02","X3",0.112544136700207,0.549351298997871,-0.964164624195915,1.18925289759633,FALSE
"1990_03","X1",-0.433469381044616,0.480866935471597,-1.37595125592509,0.509012493835859,FALSE
"1990_03","X2",-0.883544664694621,0.484065937081389,-1.83229646751678,0.0652071381275339,FALSE
"1990_03","X3",0.371784881600144,0.504668090607945,-0.617346400138024,1.36091616333831,FALSE
"1990_04","X1",-0.00243916976061308,0.0760939887667701,-0.151580647183478,0.146702307662252,FALSE
"1990_04","X2",-0.0961921422509428,0.17931066278218,-0.447634583348021,0.255250298846136,FALSE
"1990_04","X3",-0.041742436843653,0.201797697814851,-0.437258656723858,0.353773783036552,FALSE
"1990_05","X1",-0.439648769753917,0.459476167646466,-1.34020551009548,0.460907970587644,FALSE
"1990_05","X2",-0.971682606202156,0.450909119679969,-1.85544824107556,-0.0879169713287564,TRUE
"1990_05","X3",0.427228703612305,0.464319329347679,-0.482820459234937,1.33727786645955,FALSE
"1990_06","X1",0.340304660013553,0.0766302322781051,0.190112164621528,0.490497155405578,TRUE
"1990_06","X2",-0.15260132473739,0.182591996697896,-0.510475062130522,0.205272412655743,FALSE
"1990_06","X3",0.0994197857413934,0.205585577831477,-0.303520542549157,0.502360114031944,FALSE
"1990_07","X1",0.208300345035497,0.822559930479354,-1.40388749382981,1.8204881839008,FALSE
"1990_07","X2",-0.0813095422648185,0.843484417877717,-1.73450862282588,1.57188953829624,FALSE
"1990_07","X3",0.0164014167244585,0.849048184889126,-1.64770244679733,1.68050528024625,FALSE
"1990_08","X1",0.0762960300574409,0.83439665236523,-1.5590913573992,1.71168341751408,FALSE
"1990_08","X2",-0.0100177597922471,0.888599514844782,-1.75164080556778,1.73160528598329,FALSE
"1990_08","X3",-0.0666169522924763,0.899829513235342,-1.83025039045995,1.697016485875,FALSE
"1990_09","X1",-0.0557082849206151,0.2543835593023,-0.554290899412232,0.442874329571002,FALSE
"1990_09","X2",0.0612740226803243,0.517464241274445,-0.952937253504933,1.07548529886558,FALSE
"1990_09","X3",-0.149635321309411,0.55560456053726,-1.23860024960864,0.939329606989822,FALSE
"1990_10","X1",-0.0525369209304248,0.224292451628108,-0.492142048125708,0.387068206264859,FALSE
"1990_10","X2",0.0535254778927643,0.46068985245144,-0.849410040955129,0.956460996740658,FALSE
"1990_10","X3",-0.142523547540432,0.491415322692277,-1.10567988146842,0.820632786387559,FALSE
"1990_11","X1",0.00494253323752148,0.0759432733805574,-0.14390354745645,0.153788613931493,FALSE
"1990_11","X2",-0.0600684360609718,0.179143640887868,-0.411183520260569,0.291046648138626,FALSE
"1990_11","X3",-0.0194147594902311,0.201474411387913,-0.414297349616947,0.375467830636485,FALSE
"1990_12","X1",0.00568448168133348,0.0758957951685976,-0.143068543427147,0.154437506789814,FALSE
"1990_12","X2",-0.0597698464987945,0.179132872124006,-0.410863824309065,0.291324131311476,FALSE
"1990_12","X3",-0.0172346328941287,0.201319266849233,-0.411813145312634,0.377343879524376,FALSE
"1991_01","X1",0.00571008629700777,0.0758957371519011,-0.143042825100837,0.154462997694852,FALSE
"1991_01","X2",-0.0596923996216529,0.179132639535,-0.410785921565848,0.291401122322542,FALSE
"1991_01","X3",-0.0171313230495454,0.201318907377971,-0.411709130917324,0.377446484818233,FALSE
"1991_02","X1",0.00571162970296245,0.0758957369377943,-0.143041281275241,0.154464540681166,FALSE
"1991_02","X2",-0.0596867646780239,0.179132638321517,-0.410780284243837,0.291406754887789,FALSE
"1991_02","X3",-0.017124672575149,0.201318905877621,-0.411702477502295,0.377453132351997,FALSE
"1991_03","X1",0.00571173240516049,0.075895736936939,-0.143041178571366,0.154464643381687,FALSE
"1991_03","X2",-0.0596863818168272,0.179132638317334,-0.410779901374441,0.291407137740787,FALSE
"1991_03","X3",-0.0171242265145913,0.201318905872566,-0.41170203143183,0.377453578402648,FALSE
"1991_04","X1",0.00571173931879422,0.0758957369896819,-0.143041171761107,0.154464650398695,FALSE
"1991_04","X2",-0.0596863559854676,0.179132638629562,-0.410779876155038,0.291407164184103,FALSE
"1991_04","X3",-0.0171241964608467,0.201318906248514,-0.411702002114929,0.377453609193236,FALSE
"1991_05","X1",0.00571173978479153,0.0758957486010571,-0.143041194052987,0.15446467362257,FALSE
"1991_05","X2",-0.059686354243949,0.179132707342778,-0.410780009088947,0.291407300601049,FALSE
"1991_05","X3",-0.0171241944349646,0.201318988983247,-0.411702162246144,0.377453773376215,FALSE
"1991_06","X1",0.00571173981621071,0.0758983054962537,-0.143046205444065,0.154469685076486,FALSE
"1991_06","X2",-0.0596863541265522,0.179147829737186,-0.41080964831995,0.291436940066846,FALSE
"1991_06","X3",-0.0171241942983952,0.20133719522285,-0.411737845683491,0.3774894570867,FALSE
"1991_07","X1",0.00571173981831337,0.0765282546301656,-0.144280883056522,0.155704362693148,FALSE
"1991_07","X2",-0.0596863541186568,0.182498549568764,-0.417376938504232,0.298004230266919,FALSE
"1991_07","X3",-0.0171241942892178,0.205333324456439,-0.419570115049715,0.385321726471279,FALSE
"1991_08","X1",0.00571173981836457,0.818501387232958,-1.59852150045431,1.60994498009103,FALSE
"1991_08","X2",-0.059686354118461,0.827936514396544,-1.68241210382131,1.56303939558439,FALSE
"1991_08","X3",-0.0171241942889934,0.830966149329077,-1.64578791934592,1.61153953076793,FALSE
"1991_09","X1",0.00571173981841577,0.818501387232934,-1.59852150045421,1.60994498009104,FALSE
"1991_09","X2",-0.0596863541182652,0.827936514396556,-1.68241210382114,1.56303939558461,FALSE
"1991_09","X3",-0.017124194288769,0.830966149329075,-1.64578791934569,1.61153953076815,FALSE
"1991_10","X1",0.00571173981846697,0.0765282546293766,-0.144280883054822,0.155704362691756,FALSE
"1991_10","X2",-0.0596863541180694,0.182498549568935,-0.41737693850398,0.298004230267841,FALSE
"1991_10","X3",-0.0171241942885447,0.205333324456411,-0.419570115048988,0.385321726471898,FALSE
"1991_11","X1",0.00571173981847912,0.0758983054961765,-0.143046205441645,0.154469685078603,FALSE
"1991_11","X2",-0.0596863541180631,0.179147829737198,-0.410809648311485,0.291436940075359,FALSE
"1991_11","X3",-0.0171241942885237,0.201337195222858,-0.411737845673636,0.377489457096588,FALSE
"1991_12","X1",0.00571173981847995,0.0758957486011926,-0.143041194019564,0.154464673656524,FALSE
"1991_12","X2",-0.0596863541180616,0.179132707342792,-0.410780008963087,0.291407300726964,FALSE
"1991_12","X3",-0.0171241942885232,0.201318988983248,-0.411702162099705,0.377453773522659,FALSE
"1992_01","X1",0.0057117398184785,0.075895736989889,-0.143041171261828,0.154464650898785,FALSE
"1992_01","X2",-0.0596863541180645,0.179132638629557,-0.410779874287624,0.291407166051495,FALSE
"1992_01","X3",-0.0171241942885194,0.201318906248515,-0.411701999942605,0.377453611365566,FALSE
"1992_02","X1",0.00571173981847831,0.0758957369370676,-0.1430411711583,0.154464650795257,FALSE
"1992_02","X2",-0.0596863541180607,0.179132638317305,-0.410779873675619,0.291407165439498,FALSE
"1992_02","X3",-0.0171241942885195,0.201318905872535,-0.411701999205696,0.377453610628657,FALSE
"1992_03","X1",0.00571173981848094,0.0758957369366435,-0.143041171157467,0.154464650794429,FALSE
"1992_03","X2",-0.0596863541180306,0.179132638315897,-0.410779873672828,0.291407165436767,FALSE
"1992_03","X3",-0.0171241942884862,0.201318905870822,-0.411701999202307,0.377453610625334,FALSE
"1992_04","X1",0.00571173981860172,0.0758957369369023,-0.143041171157853,0.154464650795056,FALSE
"1992_04","X2",-0.059686354117602,0.17913263831588,-0.410779873672367,0.291407165437163,FALSE
"1992_04","X3",-0.0171241942879832,0.201318905870825,-0.41170199920181,0.377453610625843,FALSE
"1992_05","X1",0.00571173982030494,0.0758957369367812,-0.143041171155912,0.154464650796522,FALSE
"1992_05","X2",-0.0596863541112227,0.179132638315874,-0.410779873665975,0.291407165443529,FALSE
"1992_05","X3",-0.0171241942805622,0.201318905870816,-0.411701999194371,0.377453610633247,FALSE
"1992_06","X1",0.00571173984563313,0.0758957369368599,-0.143041171130739,0.154464650822005,FALSE
"1992_06","X2",-0.0596863540165765,0.179132638315878,-0.410779873571336,0.291407165538184,FALSE
"1992_06","X3",-0.0171241941704637,0.201318905870816,-0.411701999084272,0.377453610743345,FALSE
"1992_07","X1",0.00571174022128873,0.0758957369365077,-0.143041170754393,0.15446465119697,FALSE
"1992_07","X2",-0.0596863526125947,0.179132638315888,-0.410779872167375,0.291407166942186,FALSE
"1992_07","X3",-0.0171241925372621,0.201318905870815,-0.411701997451068,0.377453612376544,FALSE
"1992_08","X1",0.00571174579394564,0.0758957369367614,-0.143041165182233,0.154464656770124,FALSE
"1992_08","X2",-0.0596863317859754,0.179132638315876,-0.410779851340732,0.291407187768781,FALSE
"1992_08","X3",-0.0171241683103041,0.201318905870817,-0.411701973224114,0.377453636603506,FALSE
"1992_09","X1",0.00571182846063736,0.0758957369366451,-0.143041082515313,0.154464739436588,FALSE
"1992_09","X2",-0.0596860228476343,0.179132638315865,-0.410779542402368,0.2914074967071,FALSE
"1992_09","X3",-0.0171238089243188,0.201318905870805,-0.411701613838106,0.377453995989468,FALSE
"1992_10","X1",0.00571305503103744,0.07589573693687,-0.143039855945354,0.154465966007429,FALSE
"1992_10","X2",-0.0596814405999981,0.179132638315874,-0.410774960154752,0.291412078954755,FALSE
"1992_10","X3",-0.0171184773849905,0.201318905870808,-0.411696282298784,0.377459327528803,FALSE
"1992_11","X1",0.00573129638382385,0.0758957369368465,-0.143021614592522,0.154484207360169,FALSE
"1992_11","X2",-0.0596135420303616,0.179132638315882,-0.41070706158513,0.291479977524407,FALSE
"1992_11","X3",-0.0170393358566803,0.201318905870829,-0.411617140770514,0.377538469057153,FALSE
"1992_12","X1",0.00601008721079072,0.0758957369369453,-0.142742823765748,0.15476299818733,FALSE
"1992_12","X2",-0.0586163230077896,0.179132638315893,-0.40970984256258,0.292477196547001,FALSE
"1992_12","X3",-0.0158586481148055,0.20131890587082,-0.410436453028622,0.378719156799011,FALSE
"1993_01","X1",0.0118023134831531,0.0758957369367073,-0.136950597492919,0.160555224459226,FALSE
"1993_01","X2",-0.0451136232800501,0.179132638315912,-0.396207142834877,0.305979896274776,FALSE
"1993_01","X3",0.00238362794767546,0.201318905870867,-0.392194176966232,0.396961432861583,FALSE
"1993_02","X1",0.480032897230138,0.0758957369386435,0.331279986250271,0.628785808210006,TRUE
"1993_02","X2",0.00321109890177144,0.179132638327142,-0.347882420675066,0.354304618478609,FALSE
"1993_02","X3",0.315696525231423,0.201318905884401,-0.0788812797090115,0.710274330171858,FALSE
"1993_03","X1",0.0118027794296977,0.0758957373613951,-0.136950132378748,0.160555691238143,FALSE
"1993_03","X2",-0.0451118954680756,0.179132640786071,-0.396205419864326,0.305981628928174,FALSE
"1993_03","X3",0.00238564582403805,0.201318908869989,-0.392192164968041,0.396963456616117,FALSE
"1993_04","X1",0.00601742185690991,0.0758958423756898,-0.142735695775771,0.154770539489591,FALSE
"1993_04","X2",-0.0585910825168991,0.179133159534612,-0.409685623641606,0.292503458607808,FALSE
"1993_04","X3",-0.0158282336081531,0.201319581798184,-0.410407363315259,0.378750896098953,FALSE
"1993_05","X1",0.00591728918007523,0.0759726447440627,-0.142986358328544,0.154820936688694,FALSE
"1993_05","X2",-0.0593051423398589,0.179209478877283,-0.410549266627525,0.291938981947807,FALSE
"1993_05","X3",-0.016549153203532,0.201495130215571,-0.411472351486259,0.378374045079195,FALSE
"1993_06","X1",0.0258988168643417,0.421826706924709,-0.80086633642522,0.852663970153903,FALSE
"1993_06","X2",-0.0630707518235921,0.200497165876412,-0.456037975943713,0.329896472296529,FALSE
"1993_06","X3",-0.00700922552858552,0.263138478928687,-0.522751167175463,0.508732716118292,FALSE
"1993_07","X1",-0.103810115469232,0.253367379521199,-0.600401054188074,0.392780823249609,FALSE
"1993_07","X2",-0.162248483627052,0.427956779060808,-1.001028357526,0.676531390271897,FALSE
"1993_07","X3",0.127264575450738,0.665855285757374,-1.17778780354934,1.43231695445082,FALSE
"1993_08","X1",-0.297046809910654,0.0762104775376285,-0.446416601129004,-0.147677018692303,TRUE
"1993_08","X2",-0.436768830955537,0.18104217407345,-0.791604971822331,-0.0819326900887431,TRUE
"1993_08","X3",0.21064804567218,0.203815555974511,-0.188823103526869,0.610119194871228,FALSE
"1993_09","X1",0.00371642418561361,0.0758972763240016,-0.145039503934114,0.152472352305341,FALSE
"1993_09","X2",-0.0669571500760323,0.179141705900998,-0.418068441771056,0.284154141618991,FALSE
"1993_09","X3",-0.021607038565784,0.201329911464518,-0.416206414046878,0.37299233691531,FALSE
"1993_10","X1",0.00561614465980843,0.075895743935396,-0.143136780033442,0.154369069353059,FALSE
"1993_10","X2",-0.0600602982741967,0.179132679693672,-0.411153898927942,0.291033302379549,FALSE
"1993_10","X3",-0.0175333126929343,0.20131895573238,-0.412111215333613,0.377044589947744,FALSE
"1993_11","X1",0.00570891530241835,0.075895736968333,-0.14304399573564,0.154461826340476,FALSE
"1993_11","X2",-0.0596970935833573,0.179132638504,-0.410790613506829,0.291396426340115,FALSE
"1993_11","X3",-0.0171365087768846,0.201318906097347,-0.411714314134685,0.377441296580916,FALSE
"1993_12","X1",0.00576589990206834,0.0758957369369667,-0.142987011074513,0.154518810878649,FALSE
"1993_12","X2",-0.0594840607849555,0.179132638316748,-0.410577580341422,0.291609458771511,FALSE
"1993_12","X3",-0.0168887428242733,0.201318905871854,-0.411466547740115,0.377689062091569,FALSE
"1994_01","X1",0.00652112501074143,0.0758957369368613,-0.142231785965633,0.155274035987116,FALSE
"1994_01","X2",-0.0566696922058136,0.179132638315919,-0.407763211760655,0.294423827349027,FALSE
"1994_01","X3",-0.0135958639533398,0.201318905870883,-0.40817366886728,0.380981940960601,FALSE
"1994_02","X1",0.01701938418147,0.0758957369388366,-0.131733526798776,0.165772295161716,FALSE
"1994_02","X2",-0.0162107048471448,0.179132638327818,-0.367304224425307,0.334882814731017,FALSE
"1994_02","X3",0.0364740501448038,0.201318905885212,-0.358103754797221,0.431051855086828,FALSE
"1994_03","X1",-0.10670302943205,0.0758957373872897,-0.255455941291248,0.042049882427148,FALSE
"1994_03","X2",0.377821157927668,0.179132640925124,0.0267276332588799,0.728914682596456,TRUE
"1994_03","X3",1.02069356493997,0.201318909048174,0.62611575379865,1.41527137608128,TRUE
"1994_04","X1",0.0171808348630989,0.075895851390349,-0.131572300437989,0.165933970164187,FALSE
"1994_04","X2",-0.0156530675845207,0.179133181415321,-0.366747651594629,0.335441516425587,FALSE
"1994_04","X3",0.0371445894739182,0.201319629434079,-0.357434633597826,0.431723812545662,FALSE
"1994_05","X1",0.0105746438360255,0.0759869609300001,-0.138357062881427,0.159506350553478,FALSE
"1994_05","X2",-0.0497282371584756,0.179218153487301,-0.400989363369358,0.301532889052407,FALSE
"1994_05","X3",-0.00280675268335676,0.201535290464945,-0.397808663608468,0.392195158241755,FALSE
"1994_06","X1",0.440702796943307,0.459453671804003,-0.459809852357224,1.34121544624384,FALSE
"1994_06","X2",-0.120459936410097,0.45090398793973,-1.00421551325745,0.763295640437256,FALSE
"1994_06","X3",0.197885606762365,0.464288633577321,-0.712103393480498,1.10787460700523,FALSE
"1994_07","X1",1.47167639115318,0.0759869609303723,1.32274468443499,1.62060809787136,TRUE
"1994_07","X2",-0.0108855978900854,0.179218153488351,-0.362146724103025,0.340375528322854,FALSE
"1994_07","X3",0.85518444824108,0.201535290466235,0.460182537313442,1.25018635916872,TRUE
"1994_08","X1",0.0222505393181758,0.0758958514297717,-0.126502596060179,0.171003674696531,FALSE
"1994_08","X2",-0.0238446412852922,0.179133181648863,-0.374939225753134,0.32724994318255,FALSE
"1994_08","X3",0.0326269041451716,0.201319629715257,-0.361952319477671,0.427206127768014,FALSE
"1994_09","X1",0.00647505742503194,0.0758957460720203,-0.142277871455925,0.155227986305989,FALSE
"1994_09","X2",-0.0569760439799846,0.179132692307113,-0.40806966935562,0.294117581395651,FALSE
"1994_09","X3",-0.0139056835413412,0.201318970922576,-0.408483615954257,0.380672248871574,FALSE
"1994_10","X1",0.00583135516913038,0.0758976529870486,-0.142925311196604,0.154588021534865,FALSE
"1994_10","X2",-0.0592408998445205,0.179143939895572,-0.41035657008845,0.291874770399409,FALSE
"1994_10","X3",-0.0166054600352963,0.201332526641932,-0.411209961169934,0.377999041099341,FALSE
"1994_11","X1",0.00680137853583823,0.0763838864014835,-0.142908287810268,0.156511044881945,FALSE
"1994_11","X2",-0.0557923164275231,0.181631544611685,-0.411783602322805,0.300198969467759,FALSE
"1994_11","X3",-0.0126002002530417,0.204324284916929,-0.413068439857122,0.387868039351039,FALSE
"1994_12","X1",0.0342134775372716,0.742742114379531,-1.42153431644774,1.48996127152228,FALSE
"1994_12","X2",-0.00128679651554561,0.720452369108603,-1.41334749254496,1.41077389951387,FALSE
"1994_12","X3",0.0462189860476705,0.72822615536223,-1.38107805106237,1.47351602315771,FALSE
"1995_01","X1",0.0616255765387051,0.446148844473481,-0.812810090373479,0.936061243450889,FALSE
"1995_01","X2",0.0532187233964319,0.203802329818396,-0.346226503012978,0.452663949805842,FALSE
"1995_01","X3",0.105038172348383,0.273967379244317,-0.431928023909305,0.642004368606071,FALSE
"1995_02","X1",0.735522871548182,0.25339614419975,0.238875555095354,1.23217018800101,TRUE
"1995_02","X2",3.41277498092533,0.428423493553237,2.57308036343015,4.2524695984205,TRUE
"1995_02","X3",-0.102816464868404,0.666573681690718,-1.40927687402448,1.20364394428767,FALSE
"1995_03","X1",2.30109718042485,0.0765801991448506,2.15100274817204,2.45119161267767,TRUE
"1995_03","X2",-0.444800572014711,0.183307522450661,-0.804076714113273,-0.0855244299161481,TRUE
"1995_03","X3",0.95276360085574,0.206588800916545,0.547856991449996,1.35767021026148,TRUE
"1995_04","X1",0.205315603431163,0.376986859428799,-0.533565063694148,0.944196270556473,FALSE
"1995_04","X2",-0.224572276152557,0.653771168696215,-1.5059402209278,1.05679566862268,FALSE
"1995_04","X3",0.466420092570481,0.713327651588378,-0.931676413719275,1.86451659886024,FALSE
"1995_05","X1",0.0104808653656127,0.0762487740413548,-0.138963985620775,0.159925716352,FALSE
"1995_05","X2",-0.0486455096180287,0.181309160953311,-0.404004935153693,0.306713915917636,FALSE
"1995_05","X3",0.000620033887361745,0.203982290120214,-0.399177908232258,0.400417976006981,FALSE
"1995_06","X1",0.0125998292930671,0.0760025820461463,-0.13636249424943,0.161562152835564,FALSE
"1995_06","X2",-0.0453133848460503,0.179239917257059,-0.396617167261826,0.305990397569725,FALSE
"1995_06","X3",0.00341691380346791,0.201597720040888,-0.391707356842061,0.398541184448997,FALSE
"1995_07","X1",0.618608767820892,0.472596089796503,-0.30766254741471,1.54488008305649,FALSE
"1995_07","X2",-0.087684841050465,0.481312990777839,-1.03104096826629,0.855671286165358,FALSE
"1995_07","X3",0.351453754052858,0.504192067785707,-0.636744540097906,1.33965204820362,FALSE
"1995_08","X1",2.02137333290848,0.245864237850809,1.53948828163451,2.50325838418246,TRUE
"1995_08","X2",1.04375022912224,0.590492162389578,-0.113593142314512,2.20109360055899,FALSE
"1995_08","X3",2.03560913573101,0.708488102832244,0.646997970704698,3.42422030075731,TRUE
"1995_09","X1",1.35891602041348,0.254597391915055,0.859914301702146,1.85791773912482,TRUE
"1995_09","X2",2.26452998388008,0.513202148595041,1.25867225584523,3.27038771191493,TRUE
"1995_09","X3",3.93415170961143,0.559846586084828,2.83687256401746,5.03143085520539,TRUE
"1995_10","X1",-0.150234315138724,0.398314314189375,-0.930916025476669,0.630447395199222,FALSE
"1995_10","X2",1.63019385004634,0.804243006024499,0.0539065234200977,3.20648117667259,TRUE
"1995_10","X3",3.42545700840415,0.953089981857184,1.55743496993814,5.29347904687016,TRUE
"1995_11","X1",-1.01953091947567,0.814845422603572,-2.61659860074599,0.577536761794649,FALSE
"1995_11","X2",1.45720709901696,0.951909079035223,-0.408500412448767,3.32291461048269,FALSE
"1995_11","X3",2.99346707948801,1.07464448531063,0.887202592094601,5.09973156688142,TRUE
"1995_12","X1",-1.88882752381262,0.653162994367723,-3.1690034688077,-0.608651578817546,TRUE
"1995_12","X2",1.28422034798758,0.786979864754209,-0.258231843488873,2.82667253946403,FALSE
"1995_12","X3",2.56147715057187,0.984311750062187,0.632261570890392,4.49069273025335,TRUE
"1996_01","X1",-0.97333503946676,0.829285538327584,-2.59870482748873,0.652034748555213,FALSE
"1996_01","X2",0.648823000565441,0.819472046485952,-0.957312696884358,2.25495869801524,FALSE
"1996_01","X3",1.29155620333608,0.88798322117204,-0.448858929036984,3.03197133570914,FALSE
"1996_02","X1",-0.057842555120899,0.454303731951353,-0.94826150778769,0.832576397545892,FALSE
"1996_02","X2",0.0134256531433039,0.203395931971387,-0.385223048122574,0.412074354409182,FALSE
"1996_02","X3",0.0216352561002872,0.276388649882997,-0.520076543406037,0.563347055606612,FALSE
"1996_03","X1",0.0200007241369881,0.0759922451998685,-0.128941339559091,0.168942787833067,FALSE
"1996_03","X2",-0.0386178104425245,0.179242268174557,-0.389926200571926,0.312690579686877,FALSE
"1996_03","X3",0.0177854034852627,0.201555122114885,-0.377255376759484,0.41282618373001,FALSE
"1996_04","X1",1.77738519748923,0.0904923113096676,1.60002352644449,1.95474686853396,TRUE
"1996_04","X2",-0.444628788245769,0.179267403066115,-0.795986441857379,-0.0932711346341583,TRUE
"1996_04","X3",0.658350095622601,0.20428633012973,0.257956246034471,1.05874394521073,TRUE
"1996_05","X1",0.0157024004931124,0.0763054623495929,-0.133853557535767,0.165258358521992,FALSE
"1996_05","X2",-0.0399960584563624,0.181607272733836,-0.395939772345225,0.3159476554325,FALSE
"1996_05","X3",0.00837130041677591,0.204585612136629,-0.392609131126097,0.409351731959648,FALSE
"1996_06","X1",-0.598668204515119,0.261388334832556,-1.11097992676582,-0.0863564822644137,TRUE
"1996_06","X2",0.485735137853272,0.454367893339355,-0.4048095688232,1.37627984452974,FALSE
"1996_06","X3",-0.432657092093587,0.751857037341262,-1.90626980680545,1.04095562261827,FALSE
"1996_07","X1",-0.225034060913547,0.378304571902974,-0.966497397030219,0.516429275203126,FALSE
"1996_07","X2",0.196061747267734,0.677933874706399,-1.1326642310565,1.52478772559196,FALSE
"1996_07","X3",-0.209828619020403,0.800522798564857,-1.77882447301074,1.35916723496993,FALSE
"1996_08","X1",0.00421484894283834,0.0763486242285197,-0.145425704814242,0.153855402699919,FALSE
"1996_08","X2",-0.0585190351850993,0.181891857968336,-0.415020525884112,0.297982455513914,FALSE
"1996_08","X3",-0.0195311465856351,0.204777610160864,-0.420887887341111,0.381825594169841,FALSE
"1996_09","X1",0.00568868264220034,0.0758978936932045,-0.14306845549893,0.154445820783331,FALSE
"1996_09","X2",-0.059728123260659,0.179145399047723,-0.410846653390252,0.291390406868934,FALSE
"1996_09","X3",-0.0172007798961895,0.201334335543862,-0.411808826413462,0.377407266621083,FALSE
"1996_10","X1",0.00571071788496917,0.0758957467626222,-0.143042212349543,0.154463648119481,FALSE
"1996_10","X2",-0.0596898674796409,0.179132696444304,-0.410783500964022,0.29140376600474,FALSE
"1996_10","X3",-0.0171284865006975,0.201318975890045,-0.411706428649674,0.377449455648279,FALSE
"1996_11","X1",0.00571242526863584,0.0758957376848251,-0.143040487173721,0.154465337710992,FALSE
"1996_11","X2",-0.059683797953242,0.179132642655825,-0.410777326014142,0.291409730107658,FALSE
"1996_11","X3",-0.0171212223717509,0.201318911152444,-0.41169903763736,0.377456592893858,FALSE
"1996_12","X1",0.00572345499040144,0.0758959140909399,-0.143029803201587,0.15447671318239,FALSE
"1996_12","X2",-0.0596446299790173,0.179133486131685,-0.410739811222226,0.291450551264191,FALSE
"1996_12","X3",-0.0170758298739115,0.201320036986659,-0.411655851734034,0.377504191986211,FALSE
"1997_01","X1",0.00603553025917611,0.0760264683500147,-0.142973609578627,0.155044670096979,FALSE
"1997_01","X2",-0.0590506279391106,0.179261051683383,-0.410395833069315,0.292294577191094,FALSE
"1997_01","X3",-0.0164551607554234,0.201658824479498,-0.411699193899923,0.378788872389076,FALSE
"1997_02","X1",0.0538183749853495,0.51668789231423,-0.958871285198451,1.06650803516915,FALSE
"1997_02","X2",-0.0441190278919242,0.521075001443834,-1.065407263966,0.977169208182147,FALSE
"1997_02","X3",-0.0224359278347304,0.546116828488036,-1.09280524302252,1.04793338735306,FALSE
"1997_03","X1",-0.188006489582181,0.985935449201572,-2.12040446109858,1.74439148193422,FALSE
"1997_03","X2",-0.292459406286384,0.982528513183137,-2.21817990590902,1.63326109333625,FALSE
"1997_03","X3",0.292939919819084,0.996489049195715,-1.66014272759308,2.24602256723125,FALSE
"1997_04","X1",-0.429831354149711,1.13650890496253,-2.65734787598532,1.7976851676859,FALSE
"1997_04","X2",-0.540799784680843,1.127276067274,-2.75022027717183,1.66862070781014,FALSE
"1997_04","X3",0.608315767472897,1.1453285598784,-1.63648696035388,2.85311849529968,FALSE
"1997_05","X1",-0.671656218717241,1.10712136699848,-2.84157422454901,1.49826178711453,FALSE
"1997_05","X2",-0.789140163075303,1.0898102197274,-2.92512894372469,1.34684861757408,FALSE
"1997_05","X3",0.923691615126711,1.12009144496164,-1.27164727638952,3.11903050664295,FALSE
"1997_06","X1",-0.913481083284771,0.879922951518295,-2.63809837743081,0.811136210861272,FALSE
"1997_06","X2",-1.03748054146976,0.846266641631659,-2.69613268038548,0.621171597445953,FALSE
"1997_06","X3",1.23906746278053,0.906351162726878,-0.537348173510156,3.01548309907121,FALSE
"1997_07","X1",-0.249886862860591,0.263608909775086,-0.766550832023629,0.266777106302447,FALSE
"1997_07","X2",-0.277960798314886,0.530367576443685,-1.3174621467123,0.76154055008253,FALSE
"1997_07","X3",0.721560709528189,0.575159410540354,-0.405731020500192,1.84885243955657,FALSE
"1997_08","X1",-2.45914359573349,0.493638166346453,-3.42665662316693,-1.49163056830005,TRUE
"1997_08","X2",-0.811255882568227,0.545617274394888,-1.88064608972511,0.258134324588661,FALSE
"1997_08","X3",1.42056827660494,0.576088306819928,0.291455943323221,2.54968060988666,TRUE
"1997_09","X1",-0.119698163351205,0.401458398133102,-0.906542164983227,0.667145838280818,FALSE
"1997_09","X2",0.119587435035286,0.779658697962448,-1.4085155332045,1.64769040327508,FALSE
"1997_09","X3",0.957876501194763,0.888002668129371,-0.782576746514277,2.6983297489038,FALSE
"1997_10","X1",-0.258874973700879,0.776221736504501,-1.78024162126684,1.26249167386508,FALSE
"1997_10","X2",-0.30159889362209,0.817762039074265,-1.90438303813169,1.30118525088751,FALSE
"1997_10","X3",0.681439598480119,0.855250296804895,-0.994820181024666,2.3576993779849,FALSE
"1997_11","X1",-0.398051784050553,0.460621083087711,-1.3008525174223,0.504748949321193,FALSE
"1997_11","X2",-0.722785222279465,0.203985054412923,-1.12258858231324,-0.322981862245694,TRUE
"1997_11","X3",0.405002695765474,0.277140546969253,-0.138182794949993,0.948188186480942,FALSE
"1997_12","X1",0.0170493310247634,0.449170210998415,-0.863308105460387,0.897406767509914,FALSE
"1997_12","X2",-0.0735639369834699,0.200488315968126,-0.466513815602083,0.319385941635144,FALSE
"1997_12","X3",-0.0171824120467601,0.272885405411481,-0.552027978559874,0.517663154466354,FALSE
"1998_01","X1",0.0350539042194663,0.527465282778635,-0.998759053121894,1.06886686156083,FALSE
"1998_01","X2",-0.0696672132061451,0.28761833175141,-0.633388784732401,0.494054358320111,FALSE
"1998_01","X3",-0.0108115218371574,0.499433711484234,-0.989683609011424,0.968060565337109,FALSE
"1998_02","X1",0.0277288068619714,0.952470216988682,-1.83907851478289,1.89453612850684,FALSE
"1998_02","X2",-0.0671688637123055,0.89396682595854,-1.81931164596463,1.68497391854002,FALSE
"1998_02","X3",-0.0123748979666452,0.945729979710526,-1.86597159729907,1.84122180136578,FALSE
"1998_03","X1",0.0204037095044764,1.03511760128483,-2.00838950877727,2.04919692778622,FALSE
"1998_03","X2",-0.064670514218466,1.01478602225194,-2.05361456984694,1.92427354141001,FALSE
"1998_03","X3",-0.013938274096133,1.03677180518915,-2.04597367245344,2.01809712426117,FALSE
"1998_04","X1",0.0130786121469814,0.878081105168706,-1.70792872948881,1.73408595378277,FALSE
"1998_04","X2",-0.0621721647246264,0.880094460776843,-1.78712561084044,1.66278128139118,FALSE
"1998_04","X3",-0.0155016502256208,0.889328834966344,-1.75855413717262,1.72755083672138,FALSE
"1998_05","X1",0.00575351478948645,0.0766384403834352,-0.144455068193367,0.155962097772339,FALSE
"1998_05","X2",-0.0596738152307868,0.183039484021491,-0.418424611661704,0.299076981200131,FALSE
"1998_05","X3",-0.0170650263551086,0.205998049810097,-0.420813784868387,0.38668373215817,FALSE
"1998_06","X1",0.00571258614226743,0.0758987343589687,-0.143046199673484,0.154471371958019,FALSE
"1998_06","X2",-0.0596839788551019,0.179150346507091,-0.410812205826871,0.291444248116667,FALSE
"1998_06","X3",-0.0171210677724501,0.201340235702792,-0.411740678388728,0.377498542843828,FALSE
"1998_07","X1",0.00571178712743734,0.0758957505388108,-0.143041150508268,0.154464724763143,FALSE
"1998_07","X2",-0.0596861821528839,0.179132718801316,-0.410779859456204,0.291407495150436,FALSE
"1998_07","X3",-0.0171239914766733,0.201319002785306,-0.411701986339391,0.377454003386044,FALSE
"1998_08","X1",0.00571174292242649,0.0758957369986191,-0.143041168174991,0.154464654019844,FALSE
"1998_08","X2",-0.0596863425497777,0.179132638681645,-0.410779862821428,0.291407177721872,FALSE
"1998_08","X3",-0.0171241808109909,0.201318906311231,-0.411701986587996,0.377453624966015,FALSE
"1998_09","X1",0.00571173957971655,0.0758957369369959,-0.143041171396922,0.154464650556355,FALSE
"1998_09","X2",-0.05968635501059,0.17913263831756,-0.410779874568648,0.291407164547468,FALSE
"1998_09","X3",-0.0171241953266201,0.201318905872823,-0.411702000244361,0.377453609591121,FALSE
"1998_10","X1",0.00571173316184241,0.0758957369368465,-0.143041177814503,0.154464644138188,FALSE
"1998_10","X2",-0.0596863789959208,0.179132638315881,-0.410779898550687,0.291407140558846,FALSE
"1998_10","X3",-0.0171242232281221,0.201318905870821,-0.411702028141941,0.377453581685697,FALSE
"1998_11","X1",0.0057116408629342,0.0758957369370283,-0.143041270113767,0.154464551839636,FALSE
"1998_11","X2",-0.0596867239387465,0.179132638316806,-0.410780243495325,0.291406795617833,FALSE
"1998_11","X3",-0.0171246244934388,0.201318905871907,-0.411702429409385,0.377453180422508,FALSE
"1998_12","X1",0.00571027177715317,0.0758957369704315,-0.143042639265018,0.154463182819324,FALSE
"1998_12","X2",-0.0596918397654275,0.179132638515491,-0.410785359711422,0.291401680180567,FALSE
"1998_12","X3",-0.0171305762709193,0.201318906111168,-0.41170838165581,0.377447229113971,FALSE
"1999_01","X1",0.00568995077346457,0.0758957443624914,-0.143062974756877,0.154442876303807,FALSE
"1999_01","X2",-0.0597676819683586,0.179132682218827,-0.410861287571318,0.291325923634601,FALSE
"1999_01","X3",-0.0172189017212519,0.201318958775573,-0.41179681032648,0.377359006883976,FALSE
"1999_02","X1",0.00538813602849376,0.0758973702768418,-0.143367976235417,0.154144248292404,FALSE
"1999_02","X2",-0.0608861575779195,0.179142258939092,-0.411998533207689,0.29022621805185,FALSE
"1999_02","X3",-0.0185346833567837,0.201330583384286,-0.413135375776422,0.376066009062855,FALSE
"1999_03","X1",0.00123484289511032,0.0762293785827721,-0.148171993690992,0.150641679481213,FALSE
"1999_03","X2",-0.0765065280764913,0.181156951494226,-0.431567628554243,0.27855457240126,FALSE
"1999_03","X3",-0.0389623035929411,0.203967303544334,-0.438730872563584,0.360806265377702,FALSE
"1999_04","X1",0.0942130716060591,0.25321115728952,-0.402071677165107,0.590497820377226,FALSE
"1999_04","X2",-0.155373461215925,0.433711340566723,-1.00543206841329,0.694685145981438,FALSE
"1999_04","X3",-0.508937662311559,0.681481372646112,-1.84461660883286,0.826741284209739,FALSE
"1999_05","X1",-0.772855185911245,0.0859325842037813,-0.941279956049112,-0.604430415773379,TRUE
"1999_05","X2",1.20594767340198,0.29659510750038,0.624631944710449,1.78726340209351,TRUE
"1999_05","X3",-1.81065058904899,0.354985766018419,-2.50640990546945,-1.11489127262852,TRUE
"1999_06","X1",-0.278863356975786,0.420896426213661,-1.10380519357618,0.546078479624609,FALSE
"1999_06","X2",-0.0177805190864696,0.1997747343714,-0.409331803475469,0.37377076530253,FALSE
"1999_06","X3",-0.163420499795992,0.260895625579452,-0.674766529655764,0.347925530063781,FALSE
"1999_07","X1",-0.00540793334796767,0.0760578366037813,-0.154478553833411,0.143662687137476,FALSE
"1999_07","X2",-0.00445081295140168,0.179276160229333,-0.355825630287527,0.346924004384724,FALSE
"1999_07","X3",0.00353487212491714,0.201667975549483,-0.391727096787174,0.398796841037008,FALSE
"1999_08","X1",-3.53471740072327,0.463990457985448,-4.44412198754499,-2.62531281390154,TRUE
"1999_08","X2",3.43680939677236,0.219990368102154,3.00563619834643,3.86798259519829,TRUE
"1999_08","X3",-1.05548747668734,0.272481245967816,-1.58954090524686,-0.521434048127821,TRUE
"1999_09","X1",-0.888870681474777,0.473645640666524,-1.81719907861556,0.0394577156660093,FALSE
"1999_09","X2",1.01122913485632,0.455417538710138,0.11862716105657,1.90383110865606,TRUE
"1999_09","X3",-1.10342467419082,0.473406005972037,-2.03128339596097,-0.175565952420677,TRUE
"1999_10","X1",-0.00264589790362248,0.0759950009039666,-0.151593362680486,0.146301566873241,FALSE
"1999_10","X2",-0.0624857570499605,0.179223532262355,-0.413757425466229,0.288785911366308,FALSE
"1999_10","X3",-0.0378363166629233,0.201556541289782,-0.432879878439356,0.35720724511351,FALSE
"1999_11","X1",0.0054612569512705,0.0758958624802666,-0.143291900085657,0.154214413988198,FALSE
"1999_11","X2",-0.0604286318925581,0.179133233251404,-0.411523317499523,0.290666053714407,FALSE
"1999_11","X3",-0.0181160034968234,0.201319699933512,-0.412695364744917,0.376463357751271,FALSE
"1999_12","X1",0.0056979561013673,0.0758957450307402,-0.143054970738718,0.154450882941453,FALSE
"1999_12","X2",-0.0597364427543147,0.179132686154113,-0.410830056070294,0.291357170561664,FALSE
"1999_12","X3",-0.017183426775189,0.201318963519719,-0.411761344678771,0.377394491128393,FALSE
"2000_01","X1",0.00572418553936534,0.075897403606253,-0.143031992048991,0.154480363127722,FALSE
"2000_01","X2",-0.0596285765079767,0.179142528161019,-0.410741479803027,0.291484326787074,FALSE
"2000_01","X3",-0.0170607309335321,0.201330835749052,-0.411661917979023,0.377540456111959,FALSE
"2000_02","X1",0.00539822403911972,0.0762483203716457,-0.144045737770978,0.154842185849217,FALSE
"2000_02","X2",-0.0585489205935255,0.18130652755243,-0.413903184758308,0.296805343571257,FALSE
"2000_02","X3",-0.0161959276973724,0.203978970413747,-0.415987363311879,0.383595507917134,FALSE
"2000_03","X1",-0.128561518738507,0.376986710261662,-0.867441893501602,0.610318856024587,FALSE
"2000_03","X2",-0.0216211118927899,0.653668856373635,-1.3027885282006,1.25954630441502,FALSE
"2000_03","X3",0.00825075542204934,0.713145027647752,-1.38948781452137,1.40598932536546,FALSE
"2000_04","X1",0.0112405241191496,0.0763344374843899,-0.138372224130379,0.160853272368678,FALSE
"2000_04","X2",-0.0235003136313751,0.18139236137519,-0.379022808997422,0.332022181734672,FALSE
"2000_04","X3",0.0225567904573733,0.204177160119914,-0.377623089843326,0.422736670758073,FALSE
"2000_05","X1",-0.66462787288875,0.439163851182279,-1.52537320451792,0.196117458740424,FALSE
"2000_05","X2",0.567487692909734,0.200476930953017,0.174560128510698,0.96041525730877,TRUE
"2000_05","X3",0.64450074491122,0.268428313465303,0.118390918088397,1.17061057173404,TRUE
"2000_06","X1",-2.69206414855139,0.5374015447902,-3.74535182157637,-1.63877647552641,TRUE
"2000_06","X2",1.80388447263558,0.55076065621071,0.724413422360945,2.88335552291022,TRUE
"2000_06","X3",0.560556613292046,0.60314063754238,-0.621577313903545,1.74269054048764,FALSE
"2000_07","X1",-2.21551381648687,0.498773599596969,-3.19309210813633,-1.23793552483741,TRUE
"2000_07","X2",1.24902921321089,0.520896540028533,0.228090755083436,2.26996767133834,TRUE
"2000_07","X3",-0.125242337688525,0.549892418328298,-1.20301167298362,0.952526997606571,FALSE
"2000_08","X1",-0.46854875878958,0.384107407687876,-1.22138544405286,0.284287926473699,FALSE
"2000_08","X2",0.5529176775002,0.683540377370637,-0.786796844125166,1.89263219912557,FALSE
"2000_08","X3",-0.0447433070919111,0.754372480250725,-1.52328619931149,1.43379958512766,FALSE
"2000_09","X1",0.00646328658409427,0.0762610853955324,-0.143005694213083,0.155932267381271,FALSE
"2000_09","X2",-0.043794548600607,0.181319526069871,-0.399174289391425,0.311585192190211,FALSE
"2000_09","X3",-0.00467307661826192,0.204040468729155,-0.404585046716077,0.395238893479553,FALSE
"2000_10","X1",0.00592430207908815,0.0758974306968631,-0.142831928605888,0.154680532764065,FALSE
"2000_10","X2",-0.0588115115609784,0.179142656808396,-0.409924667000255,0.292301643878298,FALSE
"2000_10","X3",-0.0161525282278313,0.201331015164947,-0.410754066922014,0.378449010466352,FALSE
"2000_11","X1",0.00572822467271665,0.0758957446464791,-0.143024701414231,0.154481150759664,FALSE
"2000_11","X2",-0.0596242160572477,0.179132683926984,-0.410717825008134,0.291469392893638,FALSE
"2000_11","X3",-0.0170522493489045,0.201318960810412,-0.411630161942342,0.377525663244533,FALSE
"2000_12","X1",0.00573137004271037,0.0758957369717365,-0.143021541002018,0.154484281087439,FALSE
"2000_12","X2",-0.0596136597334787,0.179132638523197,-0.410707179694577,0.29147986022762,FALSE
"2000_12","X3",-0.0170392442647635,0.20131890612045,-0.411617049667846,0.377538561138319,FALSE
"2001_01","X1",0.00600749537679524,0.0758957369368348,-0.142745415599527,0.154760406353118,FALSE
"2001_01","X2",-0.0586898076766911,0.179132638316804,-0.409783327233266,0.292403711879884,FALSE
"2001_01","X3",-0.0159136817309741,0.201318905871948,-0.410491486647001,0.378664123185052,FALSE
"2001_02","X1",0.0140631345863342,0.075895736936839,-0.134689776389997,0.162816045562665,FALSE
"2001_02","X2",-0.0481141334991108,0.179132638315898,-0.39920765305391,0.302979386055689,FALSE
"2001_02","X3",0.00267267459074102,0.201318905870822,-0.391905130323079,0.397250479504561,FALSE
"2001_03","X1",1.03689047090216,0.0758957369368656,0.888137559925773,1.18564338187854,TRUE
"2001_03","X2",-0.269527234962049,0.17913263831589,-0.620620754516832,0.0815662845927339,FALSE
"2001_03","X3",0.395807041759729,0.201318905870824,0.00122923684590487,0.790384846673553,TRUE
"2001_04","X1",1.65401097136943,0.0758957369365613,1.50525806039365,1.80276388234522,TRUE
"2001_04","X2",-0.41381931751215,0.179132638315879,-0.764912837066912,-0.0627257979573876,TRUE
"2001_04","X3",0.61923764588553,0.20131890587082,0.224659840971713,1.01381545079935,TRUE
"2001_05","X1",0.0187657943262501,0.0758957369367065,-0.129987116649821,0.167518705302321,FALSE
"2001_05","X2",-0.0423622932341155,0.179132638315875,-0.393455812788869,0.308731226320638,FALSE
"2001_05","X3",0.0131525659636801,0.201318905870813,-0.381425238950123,0.407730370877484,FALSE
"2001_06","X1",0.00665529632256264,0.0758957369367458,-0.142097614653585,0.155408207298711,FALSE
"2001_06","X2",-0.0565392349032306,0.17913263831588,-0.407632754457996,0.294554284651535,FALSE
"2001_06","X3",-0.0132852658600979,0.201318905870822,-0.407863070773919,0.381292539053723,FALSE
"2001_07","X1",0.020584434923878,0.0758957369369337,-0.128168476052638,0.169337345900394,FALSE
"2001_07","X2",-0.0412382946264847,0.179132638315894,-0.392331814181277,0.309855224928308,FALSE
"2001_07","X3",0.0161781297662652,0.201318905870818,-0.378399675147548,0.410755934680078,FALSE
"2001_08","X1",1.95043766102536,0.0758957369368197,1.80168475004907,2.09919057200166,TRUE
"2001_08","X2",-0.499642054037896,0.179132638315942,-0.850735573592783,-0.14854853448301,TRUE
"2001_08","X3",0.690548733722371,0.201318905870899,0.295970928808401,1.08512653863634,TRUE
"2001_09","X1",-0.682290843077918,0.0758957369392141,-0.831043754058904,-0.533537932096932,TRUE
"2001_09","X2",1.28848450469086,0.179132638329837,0.937390985108746,1.63957802427298,TRUE
"2001_09","X3",-1.5018140170134,0.201318905887658,-1.89639182196022,-1.10723621206658,TRUE
"2001_10","X1",-0.00336612343093352,0.0758957374647509,-0.152119035441953,0.145386788580086,FALSE
"2001_10","X2",-0.0640548610874278,0.179132641368369,-0.415148386624961,0.287038664450105,FALSE
"2001_10","X3",-0.0441224846597704,0.201318909592102,-0.438700296867165,0.350455327547625,FALSE
"2001_11","X1",0.00499056573582201,0.0758958716551087,-0.143762609283465,0.153743740755109,FALSE
"2001_11","X2",-0.0622424438476783,0.179133269888307,-0.413337201261653,0.288852313566296,FALSE
"2001_11","X3",-0.020160171201155,0.201319756524232,-0.414739643365023,0.374419300962713,FALSE
"2001_12","X1",-0.00122524848409011,0.076002574760185,-0.150187557746366,0.147737060778185,FALSE
"2001_12","X2",-0.089510925247268,0.179225173224571,-0.440785809890379,0.261763959395843,FALSE
"2001_12","X3",-0.037503921654135,0.201580846160543,-0.432595120101908,0.357587276793638,FALSE
"2002_01","X1",-0.772768904626715,0.481519081334721,-1.71652896191158,0.17099115265815,FALSE
"2002_01","X2",-1.45972156627914,0.484776766448597,-2.40986656906017,-0.509576563498104,TRUE
"2002_01","X3",0.661361440162961,0.505467562892338,-0.329336778459256,1.65205965878518,FALSE
"2002_02","X1",-0.00236258036492701,0.516019734289103,-1.0137426748835,1.00901751415364,FALSE
"2002_02","X2",-0.32845369310173,0.528361665220515,-1.36402352774555,0.707116141542088,FALSE
"2002_02","X3",0.180970038553565,0.555292453672336,-0.90738317153109,1.26932324863822,FALSE
"2002_03","X1",-0.0315450296676043,0.75406779845592,-1.50949075654262,1.44640069720741,FALSE
"2002_03","X2",-0.132491313634768,0.760638338742759,-1.62331506283095,1.35833243556142,FALSE
"2002_03","X3",0.00995092471827608,0.767732027425499,-1.49477619881362,1.51467804825017,FALSE
"2002_04","X1",-0.0607274789702816,0.0763943957435761,-0.210457743248391,0.0890027853078275,FALSE
"2002_04","X2",0.0634710658321943,0.181635794237801,-0.292528549177224,0.419470680841612,FALSE
"2002_04","X3",-0.161068189117013,0.204354850331262,-0.561596335832359,0.239459957598333,FALSE
"2002_05","X1",0.00479150528215427,0.0758976638810518,-0.143965182435434,0.153548192999742,FALSE
"2002_05","X2",-0.0603334955048667,0.179143981409146,-0.411449247113905,0.290782256104172,FALSE
"2002_05","X3",-0.0199402336952476,0.201332592160703,-0.414544863244317,0.374664395853822,FALSE
"2002_06","X1",0.00570161115066974,0.0758957458678219,-0.143051317330066,0.154454539631405,FALSE
"2002_06","X2",-0.0597040782859308,0.179132691094001,-0.410797701283912,0.29138954471205,FALSE
"2002_06","X3",-0.0171595897892974,0.201318969471652,-0.411737519358455,0.37741833977986,FALSE
"2002_07","X1",0.00609442659373922,0.0758957931240707,-0.142658594507542,0.15484744769502,FALSE
"2002_07","X2",-0.0583526104682817,0.179132864560734,-0.409446573454811,0.292741352518248,FALSE
"2002_07","X3",-0.0155639526760568,0.201319254464527,-0.410142440820984,0.37901453546887,FALSE
"2002_08","X1",0.0173469642696288,0.0759414593029492,-0.131495560897566,0.166189489436824,FALSE
"2002_08","X2",-0.0401544627950615,0.179143737926648,-0.391269737187174,0.310960811597051,FALSE
"2002_08","X3",0.00510865177628061,0.201468564552207,-0.389762478763027,0.399979782315588,FALSE
"2002_09","X1",1.82341883636954,0.220588929056449,1.39107248003064,2.25576519270844,TRUE
"2002_09","X2",0.320219905895799,0.453727916727157,-0.569070469669816,1.20951028146141,FALSE
"2002_09","X3",-0.143225184219783,0.483572518515475,-1.09100990442344,0.804559535983877,FALSE
"2002_10","X1",0.308767838214639,0.469000944066511,-0.610457120871007,1.22799279730028,FALSE
"2002_10","X2",0.247472331509894,0.475751087275408,-0.684982665155677,1.17992732817546,FALSE
"2002_10","X3",-0.23103237562593,0.493952008690453,-1.19916052275043,0.737095771498574,FALSE
"2002_11","X1",-0.237857248153533,0.0759953461493336,-0.386805389598882,-0.0889091067081845,TRUE
"2002_11","X2",0.409819492568962,0.179219305648643,0.0585561081633458,0.761082876974578,TRUE
"2002_11","X3",-0.543782983494782,0.201561323740218,-0.938835918701829,-0.148730048287736,TRUE
"2002_12","X1",0.00246800178924845,0.075895861590741,-0.146285153504241,0.151221157082738,FALSE
"2002_12","X2",-0.0614124971134156,0.179133222495352,-0.412507161638905,0.289682167412074,FALSE
"2002_12","X3",-0.0268347677168103,0.201319692425248,-0.421414114248977,0.367744578815356,FALSE
"2003_01","X1",0.00586743105199066,0.0758957374250257,-0.142885480881168,0.15462034298515,FALSE
"2003_01","X2",-0.05913724807048,0.179132641139548,-0.410230773159531,0.291956277018571,FALSE
"2003_01","X3",-0.0164895374784513,0.201318909313037,-0.41106734913889,0.378088274181987,FALSE
"2003_02","X1",0.0137499785562288,0.0758957369706785,-0.135002932486426,0.162502889598884,FALSE
"2003_02","X2",-0.0494224230325892,0.179132638515848,-0.400515942979285,0.301671096914106,FALSE
"2003_02","X3",0.00116903909245085,0.201318906111634,-0.393408766293352,0.395746844478253,FALSE
"2003_03","X1",1.04045423879689,0.07589574389582,0.891701314181206,1.18920716341257,TRUE
"2003_03","X2",-0.289479446216561,0.179132679461099,-0.640573046414473,0.0616141539813503,FALSE
"2003_03","X3",0.372893058452401,0.201318955452384,-0.0216848436394953,0.767470960544297,FALSE
"2003_04","X1",0.0137116965540686,0.0758972676623043,-0.135044214589044,0.162467607697181,FALSE
"2003_04","X2",-0.0495624904198841,0.179141654668038,-0.40067368170015,0.301548700860381,FALSE
"2003_04","X3",0.00100159991760876,0.20132984987865,-0.393597654857402,0.395600854692619,FALSE
"2003_05","X1",0.00538992040267137,0.0762085045899548,-0.143976003909295,0.154755844714638,FALSE
"2003_05","X2",-0.0609272380180869,0.181030920726144,-0.415741322729455,0.293886846693281,FALSE
"2003_05","X3",-0.0192614981706141,0.203802284339382,-0.418706635442795,0.380183639101567,FALSE
"2003_06","X1",0.0409672107566846,0.253122538648688,-0.455143848670091,0.53707827018346,FALSE
"2003_06","X2",-0.0413153511835341,0.426802686419052,-0.877833245069818,0.79520254270275,FALSE
"2003_06","X3",-0.118542743382677,0.665077296144938,-1.42207029076204,1.18498480399668,FALSE
"2003_07","X1",-0.398988513079123,0.0767240018039214,-0.549364793364595,-0.248612232793651,TRUE
"2003_07","X2",0.98935174970926,0.183629863440465,0.629443830879941,1.34925966853858,TRUE
"2003_07","X3",-0.788900558737894,0.206949492107772,-1.19451410988798,-0.383287007587804,TRUE
"2003_08","X1",-1.12236044191326,0.752579076157114,-2.59738832669963,0.352667442873112,FALSE
"2003_08","X2",1.22379895065607,0.755212434479763,-0.256390221601078,2.70398812291322,FALSE
"2003_08","X3",-0.713883980656289,0.761617380088277,-2.20662661562907,0.778858654316487,FALSE
"2003_09","X1",-1.84573237074739,0.507281770719127,-2.83998637137059,-0.851478370124198,TRUE
"2003_09","X2",1.45824615160288,0.495445293716774,0.487191219608139,2.42930108359763,TRUE
"2003_09","X3",-0.638867402574684,0.519981854854186,-1.65801311070322,0.380278305553854,FALSE
"2003_10","X1",-0.587667027511511,0.436449988286617,-1.44309328560621,0.267759230583187,FALSE
"2003_10","X2",1.32220653796684,0.200292484285581,0.929640482393049,1.71477259354063,TRUE
"2003_10","X3",-1.23353410299919,0.26547030691708,-1.75384634352146,-0.713221862476923,TRUE
"2003_11","X1",-0.000157875612619388,0.0759767095387806,-0.14906948997249,0.148753738747251,FALSE
"2003_11","X2",-0.0543892284462943,0.17920532284805,-0.405625207066345,0.296846750173757,FALSE
"2003_11","X3",-0.0312210922296563,0.201496547267695,-0.426147067883511,0.363704883424198,FALSE
"2003_12","X1",0.00602066649671108,0.0758973412574393,-0.142735388890216,0.154776721883638,FALSE
"2003_12","X2",-0.0584217609622697,0.179141999104822,-0.409533627326227,0.292690105401687,FALSE
"2003_12","X3",-0.0156534037029821,0.20133028413952,-0.410253509613656,0.378946702207692,FALSE
"2004_01","X1",0.00879344121385625,0.0762066303518553,-0.140568809658937,0.15815569208665,FALSE
"2004_01","X2",-0.0463839746513544,0.181016912759413,-0.401170604252433,0.308402654949724,FALSE
"2004_01","X3",0.0208001105298061,0.203714876573609,-0.378473710669489,0.420073931729101,FALSE
"2004_02","X1",-1.54054789728764,0.0852266360695352,-1.70758903450744,-1.37350676006785,TRUE
"2004_02","X2",-1.38436009280279,0.374732013413277,-2.118821342947,-0.649898842658587,TRUE
"2004_02","X3",2.22076090707047,0.56804850599066,1.10740629385699,3.33411552028394,TRUE
"2004_03","X1",0.00884119479204206,0.0762066304251203,-0.140521056224348,0.158203445808432,FALSE
"2004_03","X2",-0.0462049994629477,0.181016913173303,-0.400991629875236,0.30858163094934,FALSE
"2004_03","X3",0.0210082933971298,0.203714877084722,-0.37826552880393,0.42028211559819,FALSE
"2004_04","X1",0.0066990835852381,0.0758973604929648,-0.142057009502626,0.155455176673102,FALSE
"2004_04","X2",-0.0557551128968971,0.179142076450784,-0.406867130856154,0.29535690506236,FALSE
"2004_04","X3",-0.0125432607874167,0.201330402301584,-0.407143598291481,0.382057076716648,FALSE
"2004_05","X1",0.000538048467618322,0.0759944657700496,-0.148408367466041,0.149484464401277,FALSE
"2004_05","X2",-0.0156936544270703,0.179223502755509,-0.366965265010983,0.335577956156842,FALSE
"2004_05","X3",0.0178118449831537,0.201555340475592,-0.377229363240714,0.412853053207022,FALSE
"2004_06","X1",-3.27173266389152,0.472598983270678,-4.1980096502323,-2.34545567755075,TRUE
"2004_06","X2",1.53826540660442,0.454504584172851,0.647452790817278,2.42907802239156,TRUE
"2004_06","X3",0.421292124678337,0.472340816974774,-0.504478865020445,1.34706311437712,FALSE
"2004_07","X1",-1.70548974285002,0.448221917324483,-2.5839885578875,-0.826990927812548,TRUE
"2004_07","X2",0.470686820359096,0.20098412793672,0.0767651681389355,0.864608472579257,TRUE
"2004_07","X3",-0.573637388813193,0.269653431772425,-1.10214840339477,-0.0451263742316123,TRUE
"2004_08","X1",-5.6993514586347,0.472673930714024,-6.62577533926517,-4.77292757800423,TRUE
"2004_08","X2",2.79926806237707,0.454837616907667,1.90780271442402,3.69073341033013,TRUE
"2004_08","X3",0.97891059877925,0.472608687005995,0.0526145934667375,1.90520660409176,TRUE
"2004_09","X1",-0.227380337802919,0.0777396260507576,-0.379747205034016,-0.0750134705718225,TRUE
"2004_09","X2",1.38377021055891,0.191902848066433,1.00764753981804,1.75989288129978,TRUE
"2004_09","X3",0.358108365054484,0.203742785445537,-0.0412201565286391,0.757436886637607,FALSE
"2004_10","X1",0.0264721040394905,0.0817935400847379,-0.133840288694629,0.18678449677361,FALSE
"2004_10","X2",0.0595119416637906,0.264011753060499,-0.45794158583007,0.576965469157651,FALSE
"2004_10","X3",0.127359348861153,0.338933406636355,-0.536937921303571,0.791656619025876,FALSE
"2004_11","X1",0.00784993854278836,0.0759906380214413,-0.141088975141457,0.156788852227033,FALSE
"2004_11","X2",-0.0515492264278814,0.179703489627007,-0.403761593992982,0.300663141137219,FALSE
"2004_11","X3",-0.0076414108236431,0.202028371579428,-0.403609742974598,0.388326921327312,FALSE
"2004_12","X1",0.00585856676196655,0.0758961835361622,-0.142895219532953,0.154612353056886,FALSE
"2004_12","X2",-0.0591370896288337,0.17913527758193,-0.410235782050002,0.291961602792335,FALSE
"2004_12","X3",-0.0164852150095663,0.201322093175152,-0.411069266925081,0.378098836905948,FALSE
"2005_01","X1",0.00572346750136699,0.0758957389677903,-0.143029447455555,0.154476382458289,FALSE
"2005_01","X2",-0.0596425273883097,0.179132650330356,-0.410736070491015,0.291451015714395,FALSE
"2005_01","X3",-0.0170732089040922,0.201318920341267,-0.411651042179463,0.377504624371279,FALSE
"2005_02","X1",0.00573967784264159,0.0758957370208903,-0.143013233298427,0.15449258898371,FALSE
"2005_02","X2",-0.0595827494044201,0.179132638814744,-0.410676269936939,0.291510771128099,FALSE
"2005_02","X3",-0.0170032382390802,0.201318906470656,-0.411581044328554,0.377574567850393,FALSE
"2005_03","X1",0.00614215657928021,0.0758957532080333,-0.142610786288005,0.154895099446566,FALSE
"2005_03","X2",-0.058213875826522,0.179132736831557,-0.409307588468465,0.292879836815421,FALSE
"2005_03","X3",-0.0153550174701258,0.201319022814406,-0.40993305158916,0.379223016648908,FALSE
"2005_04","X1",0.0175725146803419,0.0758989736643513,-0.131186740165341,0.166331769526025,FALSE
"2005_04","X2",-0.0413275864257517,0.179156029798237,-0.39246695244348,0.309811779591977,FALSE
"2005_04","X3",0.0108500581522103,0.201343520163275,-0.383775989888324,0.405476106192744,FALSE
"2005_05","X1",1.49664759920029,0.0772215802852857,1.34529608301186,1.64799911538872,TRUE
"2005_05","X2",-0.172873321450892,0.19048141147094,-0.54621002765829,0.200463384756506,FALSE
"2005_05","X3",0.426786403622259,0.205949411273331,0.0231329748893019,0.830439832355215,TRUE
"2005_06","X1",0.624509050202572,0.859472214461626,-1.0600255358551,2.30904363626024,FALSE
"2005_06","X2",-0.455730205183988,0.868010096358076,-2.15699873226296,1.24553832189498,FALSE
"2005_06","X3",0.512679598612335,0.874300070360565,-1.20091705097521,2.22627624819988,FALSE
"2005_07","X1",-0.24762949879515,0.971103279992796,-2.15095695284974,1.65569795525944,FALSE
"2005_07","X2",-0.738587088917084,0.970520797126443,-2.64077289753202,1.16359871969785,FALSE
"2005_07","X3",0.598572793602411,0.985797196928225,-1.33355420843745,2.53069979564227,FALSE
"2005_08","X1",-1.11976804779287,0.78677217249045,-2.66181316991249,0.422277074326745,FALSE
"2005_08","X2",-1.02144397265018,0.775687075399695,-2.54176270370679,0.498874758406427,FALSE
"2005_08","X3",0.684465988592487,0.815231047814668,-0.913357504203112,2.28228948138809,FALSE
"2005_09","X1",-0.335382657016687,0.0765972941033663,-0.485510594772507,-0.185254719260867,TRUE
"2005_09","X2",0.539645717048187,0.182870732856218,0.181225666823555,0.89806576727282,TRUE
"2005_09","X3",-0.753454473862957,0.205874007060743,-1.15696011305496,-0.349948834670956,TRUE
"2005_10","X1",-0.634846433643157,0.0758986371475181,-0.783605028927966,-0.486087838358348,TRUE
"2005_10","X2",1.10336584467162,0.17914976598377,0.752238755504649,1.45449293383858,TRUE
"2005_10","X3",-1.41740176541349,0.201339567555133,-1.81202006648442,-1.02278346434256,TRUE
"2005_11","X1",-1.03907216613821,0.0758957501051489,-1.18782510292396,-0.89031922935247,TRUE
"2005_11","X2",1.89237790877539,0.179132716224278,1.54128423652297,2.2434715810278,TRUE
"2005_11","X3",-2.28210859305327,0.201318999695974,-2.67668658186101,-1.88753060424553,TRUE
"2005_12","X1",-0.00868897567805587,0.0758957369966648,-0.157441886771643,0.140063935415531,FALSE
"2005_12","X2",-0.0694515134573458,0.179132638670384,-0.420545033706924,0.281642006792233,FALSE
"2005_12","X3",-0.0610630375340117,0.201318906297691,-0.45564084328448,0.333514768216457,FALSE
"2006_01","X1",0.00539012636829198,0.0758957369533524,-0.143362784640404,0.154143037376988,FALSE
"2006_01","X2",-0.0604928654488722,0.179132638414298,-0.411586385196531,0.290600654298787,FALSE
"2006_01","X3",-0.0183455519714243,0.201318905988563,-0.412923357116013,0.376232253173165,FALSE
"2006_02","X1",0.00725663754211361,0.0758957403123666,-0.14149628005013,0.156009555134357,FALSE
"2006_02","X2",-0.0437447792919476,0.179132660307556,-0.394838341949604,0.307348783365709,FALSE
"2006_02","X3",-0.00517156007706822,0.201318930822256,-0.3997494138948,0.389406293740663,FALSE
"2006_03","X1",-0.223437918555074,0.0758961795189094,-0.372191696976323,-0.0746841401338253,TRUE
"2006_03","X2",0.599908186473189,0.179139055359626,0.248802089743794,0.951014283202584,TRUE
"2006_03","X3",-0.141828578537841,0.20132338167219,-0.536415155861145,0.252757998785463,FALSE
"2006_04","X1",-0.744022254951483,0.0766671312690236,-0.894287071036773,-0.593757438866192,TRUE
"2006_04","X2",1.72731622677048,0.186642297019512,1.36150404662041,2.09312840692055,TRUE
"2006_04","X3",-0.456090463652986,0.201757165877406,-0.851527242395575,-0.0606536849103971,TRUE
"2006_05","X1",-0.172549954893438,0.513312538769367,-1.17862404369422,0.83352413390734,FALSE
"2006_05","X2",0.598603375130908,0.5222991164336,-0.425084082236041,1.62229083249786,FALSE
"2006_05","X3",-0.61229256037775,0.546562423734185,-1.68353522619967,0.458950105444172,FALSE
"2006_06","X1",0.314785032714481,0.955817410906071,-1.55858266845774,2.1881527338867,FALSE
"2006_06","X2",0.272509531507105,0.985364119116524,-1.65876865361932,2.20378771663353,FALSE
"2006_06","X3",-0.421598571948249,1.00619954674083,-2.39371344482081,1.55051630092431,FALSE
"2006_07","X1",0.802120020322399,1.05570990298549,-1.26703336765143,2.87127340829623,FALSE
"2006_07","X2",-0.0535843121166985,1.13223329606314,-2.27272079449752,2.16555217026412,FALSE
"2006_07","X3",-0.230904583518748,1.17090392600183,-2.52583410783889,2.0640249408014,FALSE
"2006_08","X1",1.28945500793032,0.93075194937705,-0.534785291389147,3.11369530724978,FALSE
"2006_08","X2",-0.379678155740502,1.0981009677814,-2.53191650398063,1.77256019249963,FALSE
"2006_08","X3",-0.0402105950892466,1.17237618162147,-2.33802568739991,2.25760449722141,FALSE
"2006_09","X1",1.77678999553824,0.410991847867864,0.97126077577766,2.58231921529881,TRUE
"2006_09","X2",-0.705771999364305,0.861720919687844,-2.39471396667721,0.983169967948601,FALSE
"2006_09","X3",0.150483393340254,1.01132944670959,-1.83168589871536,2.13265268539587,FALSE
"2006_10","X1",0.778997321313593,0.542914490885296,-0.285095527506486,1.84309017013367,FALSE
"2006_10","X2",-0.188822722697444,0.604382095490551,-1.37338986275977,0.995744417364884,FALSE
"2006_10","X3",0.288107332671445,0.645218642844287,-0.976497969457169,1.55271263480006,FALSE
"2006_11","X1",1.45217164922955,0.950311802778313,-0.410405258299273,3.31474855675838,FALSE
"2006_11","X2",0.259164934857769,0.945465510369969,-1.59391341409215,2.11224328380769,FALSE
"2006_11","X3",0.201836826553285,0.980564214874445,-1.72003371912942,2.12370737223599,FALSE
"2006_12","X1",2.12534597714551,1.01401431560326,0.137914438755082,4.11277751553594,TRUE
"2006_12","X2",0.707152592412982,0.95837703759259,-1.17123188487868,2.58553706970465,FALSE
"2006_12","X3",0.115566320435125,1.02554643687755,-1.89446776031826,2.12560040118851,FALSE
"2007_01","X1",2.79852030506147,0.818629142932867,1.19403666821816,4.40300394190478,TRUE
"2007_01","X2",1.1551402499682,0.66258755044625,-0.14350748551107,2.45378798544746,FALSE
"2007_01","X3",0.029295814316965,0.828869737156297,-1.59525901838456,1.65385064701849,FALSE
"2007_02","X1",0.519947247056925,0.461477992047387,-0.384532997013814,1.42442749112767,FALSE
"2007_02","X2",-0.0991598207326444,0.204207508205046,-0.499399182187201,0.301079540721912,FALSE
"2007_02","X3",0.240511331978455,0.277499988201256,-0.303378650606298,0.784401314563207,FALSE
"2007_03","X1",0.14257185971405,0.431229437680057,-0.702622307212322,0.987766026640422,FALSE
"2007_03","X2",-0.0765255591056888,0.199822523208994,-0.468170507895236,0.315119389683859,FALSE
"2007_03","X3",0.0488920841145855,0.263630812107278,-0.467814812830726,0.565598981059897,FALSE
"2007_04","X1",0.00710838761192461,0.0759744568957672,-0.14179881164877,0.156015586872619,FALSE
"2007_04","X2",-0.0570204255066999,0.179203089329348,-0.408252026510536,0.294211175497136,FALSE
"2007_04","X3",-0.0131985677850049,0.201491141382444,-0.408113948098463,0.381716812528453,FALSE
"2007_05","X1",0.0075641267882532,0.0758958399618617,-0.141188986113411,0.156317239689918,FALSE
"2007_05","X2",-0.0527444931929873,0.179133140624998,-0.403838997255532,0.298350010869558,FALSE
"2007_05","X3",-0.0091035298907343,0.201319561213949,-0.403682619253482,0.385475559472013,FALSE
"2007_06","X1",0.0342214837764443,0.0758958519042465,-0.114531652531864,0.182974620084753,FALSE
"2007_06","X2",0.0447341692163244,0.179133184374985,-0.30636042059462,0.395828759027269,FALSE
"2007_06","X3",0.0948081684759285,0.201319633044892,-0.29977106167288,0.489387398624737,FALSE
"2007_07","X1",1.19720233703175,0.0759869968099028,1.04827055999098,1.34613411407252,TRUE
"2007_07","X2",2.13902812123241,0.179218263377928,1.78776677963986,2.49028946282497,TRUE
"2007_07","X3",0.907572496050259,0.201535462625523,0.512570247696616,1.3025747444039,TRUE
"2007_08","X1",0.315426809278665,0.459472684423994,-0.5851231040723,1.21597672262963,FALSE
"2007_08","X2",0.322833386969347,0.450905355276308,-0.560924869808455,1.20659164374715,FALSE
"2007_08","X3",-0.109820091713838,0.464315128378022,-1.01986102081185,0.800220837384177,FALSE
"2007_09","X1",0.0104768087853418,0.0765191169040117,-0.139497904475331,0.160451522046015,FALSE
"2007_09","X2",-0.00193620759487407,0.182460195759674,-0.359551619895963,0.355679204706215,FALSE
"2007_09","X3",0.023155192664632,0.205750249882623,-0.380107886915425,0.426418272244689,FALSE
"2007_10","X1",-1.15891516998344,0.273775837417848,-1.69550595115971,-0.622324388807162,TRUE
"2007_10","X2",2.14104824341297,0.524325189441539,1.11338975592041,3.16870673090552,TRUE
"2007_10","X3",-0.592142521363803,0.827957103352703,-2.21490862467921,1.0306235819516,FALSE
"2007_11","X1",-0.41845038976065,0.38286593851862,-1.16885384016427,0.33195306064297,FALSE
"2007_11","X2",2.56239895554954,0.792504641788838,1.0091184000626,4.11567951103648,TRUE
"2007_11","X3",0.142424593750209,1.09408252147395,-2.00193774445351,2.28678693195393,FALSE
"2007_12","X1",-0.0565955925479404,0.386582439081806,-0.81428325020393,0.701092065108049,FALSE
"2007_12","X2",3.94086825532114,0.862745828309023,2.24991750402328,5.63181900661901,TRUE
"2007_12","X3",0.731862730943659,1.20282263639286,-1.62562631617585,3.08935177806317,FALSE
"2008_01","X1",2.19886441572653,0.402256736430194,1.41045569978473,2.98727313166833,TRUE
"2008_01","X2",6.94322366965098,0.910889920544966,5.1579122315023,8.72853510779966,TRUE
"2008_01","X3",1.12378437132964,1.22108700631411,-1.26950218303584,3.51707092569513,FALSE
"2008_02","X1",1.80806128529711,0.859843003131312,0.122799966800974,3.49332260379324,TRUE
"2008_02","X2",5.60886048790427,1.02164877116401,3.60646569157322,7.61125528423533,TRUE
"2008_02","X3",2.06202702226743,1.15929450948996,-0.210148463807913,4.33420250834278,FALSE
"2008_03","X1",1.41725815486769,0.829069249988117,-0.207687715798657,3.04220402553403,FALSE
"2008_03","X2",4.27449730615757,0.882266468323616,2.54528680347593,6.0037078088392,TRUE
"2008_03","X3",3.00026967320522,0.927985286200314,1.18145193406951,4.81908741234093,TRUE
"2008_04","X1",1.02645502443827,0.0767331462239583,0.876060821418862,1.17684922745767,TRUE
"2008_04","X2",2.94013412441086,0.18331441806993,2.58084446714688,3.29942378167484,TRUE
"2008_04","X3",3.93851232414301,0.206475838783357,3.53382711644993,4.34319753183608,TRUE
"2008_05","X1",0.481773090429343,0.421891946174719,-0.345119929440617,1.3086661102993,FALSE
"2008_05","X2",0.179122133979709,0.200570302548802,-0.213988435384245,0.572232703343662,FALSE
"2008_05","X3",0.529743335308727,0.263534135142002,0.013225921733491,1.04626074888396,TRUE
"2008_06","X1",-1.2100875011621,0.086307435386501,-1.37924696611766,-1.04092803620654,TRUE
"2008_06","X2",-0.0874235431277322,0.390717782184149,-0.85321632432803,0.678369238072565,FALSE
"2008_06","X3",3.59031111777455,0.593619381976863,2.42683850857498,4.75378372697413,TRUE
"2008_07","X1",-2.38413118146397,0.470774952171917,-3.30683313254449,-1.46142923038345,TRUE
"2008_07","X2",2.23786390360241,0.279070953100136,1.69089488639488,2.78483292080994,TRUE
"2008_07","X3",3.64111451155626,0.457640043602586,2.74415650821186,4.53807251490067,TRUE
"2008_08","X1",0.0543043957179893,0.443768787692156,-0.815466445621638,0.924075237057616,FALSE
"2008_08","X2",0.233433188671117,0.2003694354349,-0.159283688383911,0.626150065726145,FALSE
"2008_08","X3",0.321338218331933,0.270251913247272,-0.208345798385763,0.851022235049629,FALSE
"2008_09","X1",0.306301549296829,0.430377822890986,-0.537223483314262,1.14982658190792,FALSE
"2008_09","X2",1.05497291504014,0.199781064397222,0.663409224028508,1.44653660605177,TRUE
"2008_09","X3",2.79701303868674,0.263304192715381,2.28094630398621,3.31307977338728,TRUE
"2008_10","X1",-0.3228816206861,0.0759740386168966,-0.471788000135272,-0.173975241236927,TRUE
"2008_10","X2",0.66028650021118,0.179202536427593,0.309055982874871,1.01151701754749,TRUE
"2008_10","X3",2.35047582783122,0.201490004466587,1.95556267583189,2.74538897983054,TRUE
"2008_11","X1",0.0294015300560844,0.0758958388243434,-0.119351580616085,0.178154640728254,FALSE
"2008_11","X2",0.0301677365351385,0.179133134512874,-0.320926755547864,0.381262228618141,FALSE
"2008_11","X3",0.096418036966741,0.201319553550875,-0.298161037376656,0.490997111310138,FALSE
"2008_12","X1",0.00741122965520572,0.0758957373428641,-0.14134168211692,0.156164141427331,FALSE
"2008_12","X2",-0.0533689749964049,0.179132640676288,-0.404462499177484,0.297724549184674,FALSE
"2008_12","X3",-0.00971714363128096,0.201318908738792,-0.404294954166219,0.384860666903657,FALSE
"2009_01","X1",0.0058263026023768,0.0758957369387369,-0.142926608377674,0.154579213582427,FALSE
"2009_01","X2",-0.0592585940361077,0.179132638328243,-0.410352113615103,0.291834925542888,FALSE
"2009_01","X3",-0.0166261977600847,0.201318905885724,-0.411204002703112,0.377951607182942,FALSE
"2009_02","X1",0.00572001277158203,0.0758957369955448,-0.14303289831981,0.154472923862974,FALSE
"2009_02","X2",-0.0596554391583379,0.179132638663515,-0.410748959394455,0.291438081077779,FALSE
"2009_02","X3",-0.0170882289711703,0.201318906289393,-0.411666034705374,0.377489576763033,FALSE
"2009_03","X1",0.00572050310282491,0.0758957498623662,-0.143032433207074,0.154473439412723,FALSE
"2009_03","X2",-0.0596536312885946,0.179132714799333,-0.410747300748173,0.291440038170983,FALSE
"2009_03","X3",-0.0170861004467941,0.201318997969228,-0.411664085870174,0.377491884976586,FALSE
"2009_04","X1",0.00583408819080962,0.0758985829668435,-0.142924400901829,0.154592577283448,FALSE
"2009_04","X2",-0.0592315103684708,0.17914946309262,-0.410358005879694,0.291894985142752,FALSE
"2009_04","X3",-0.0165909180873133,0.2013391789714,-0.411208457548121,0.378026621373495,FALSE
"2009_05","X1",0.00741491371729928,0.0765843893826403,-0.142687731250667,0.157517558685266,FALSE
"2009_05","X2",-0.0532174790824851,0.182836166982127,-0.411569781438806,0.305134823273836,FALSE
"2009_05","X3",-0.00895267499641235,0.205777698256321,-0.412269552400352,0.394364202407528,FALSE
"2009_06","X1",-0.0183855958678052,0.823069560736669,-1.63157229168288,1.59480109994727,FALSE
"2009_06","X2",-0.00768899083809559,0.841863058091624,-1.65771026461243,1.64233228293624,FALSE
"2009_06","X3",0.153238033378245,0.872368330323614,-1.55657247530938,1.86304854206587,FALSE
"2009_07","X1",-0.0441861054529097,0.836639299139977,-1.6839689998181,1.59559678891228,FALSE
"2009_07","X2",0.037839497406294,0.879171708094183,-1.68530538668487,1.76098438149745,FALSE
"2009_07","X3",0.315428741752903,0.979393662226561,-1.60414756289794,2.23500504640375,FALSE
"2009_08","X1",-0.0699866150380141,0.270980836701878,-0.601099295474224,0.461126065398196,FALSE
"2009_08","X2",0.0833679856506835,0.475455061134386,-0.848506810440003,1.01524278174137,FALSE
"2009_08","X3",0.47761945012756,0.798060640975047,-1.08655066366248,2.0417895639176,FALSE
"2009_09","X1",0.0736028544182827,0.0769343052667424,-0.0771856130801425,0.224391321916708,FALSE
"2009_09","X2",0.320640532268382,0.184823931228374,-0.0416077164203391,0.682888780957103,FALSE
"2009_09","X3",0.519355371871749,0.208598483420675,0.11050985713755,0.928200886605948,TRUE
"2009_10","X1",-1.55232270389483,0.704149377442017,-2.93243012341748,-0.172215284372174,TRUE
"2009_10","X2",-0.427573446461159,0.682977055118763,-1.76618387676116,0.911036983838844,FALSE
"2009_10","X3",3.26038833703369,0.7289014803392,1.83176768729093,4.68900898677645,TRUE
"2009_11","X1",-0.776298998884193,0.536161210411126,-1.8271556611974,0.274557663429016,FALSE
"2009_11","X2",1.49792347467504,0.554023596228821,0.412057179481195,2.58378976986889,TRUE
"2009_11","X3",3.79190111111195,0.59957026988962,2.61676497592734,4.96703724629656,TRUE
"2009_12","X1",0.804931168256152,0.0762335530639702,0.655516149837247,0.954346186675056,TRUE
"2009_12","X2",2.04025323852245,0.180319322343166,1.68683386101317,2.39367261603172,TRUE
"2009_12","X3",3.22505882800771,0.202932852639916,2.8273177455535,3.62279991046192,TRUE
"2010_01","X1",-0.0779836198196233,0.0758968219671957,-0.226738657416375,0.0707714177771285,FALSE
"2010_01","X2",-0.829304013559018,0.179138688459821,-1.18040939117801,-0.478198635940027,TRUE
"2010_01","X3",1.6558875060409,0.201326394046613,1.26129502457222,2.05047998750958,TRUE
"2010_02","X1",-0.206763693531094,0.0759510385724191,-0.355624993721448,-0.05790239334074,TRUE
"2010_02","X2",0.472238470774806,0.179159793439201,0.121091728156336,0.823385213393275,TRUE
"2010_02","X3",-0.412543952546108,0.201510128007645,-0.807496545961149,-0.0175913591310676,TRUE
"2010_03","X1",-0.2304441129537,0.234493957196603,-0.690043823651319,0.229155597743918,FALSE
"2010_03","X2",0.408937209900174,0.480509535884383,-0.532844174661273,1.35071859446162,FALSE
"2010_03","X3",-0.520132831799598,0.513867272791614,-1.52729417930498,0.487028515705784,FALSE
"2010_04","X1",-0.297751359587351,0.847362356560408,-1.95855106030074,1.36304834112604,FALSE
"2010_04","X2",0.633917973022296,0.880568677512802,-1.09196492081686,2.35980086686145,FALSE
"2010_04","X3",-0.728684709297418,0.892710293633941,-2.47836473344812,1.02099531485328,FALSE
"2010_05","X1",-0.365058606221002,0.877166388509708,-2.0842731361491,1.3541559237071,FALSE
"2010_05","X2",0.858898736144418,0.844113267342225,-0.795532866718773,2.51333033900761,FALSE
"2010_05","X3",-0.937236586795238,0.857383217419069,-2.61767681388569,0.74320364029521,FALSE
"2010_06","X1",-0.432365852854652,0.457363253233566,-1.32878135704451,0.464049651335209,FALSE
"2010_06","X2",1.08387949926654,0.205590493300129,0.680929536834463,1.48682946169862,TRUE
"2010_06","X3",-1.14578846429306,0.280325727506271,-1.69521679414534,-0.596360134440778,TRUE
"2010_07","X1",-0.208722950235717,0.261724979141701,-0.721694483207948,0.304248582736515,FALSE
"2010_07","X2",0.991535863633686,0.466067147466956,0.0780610402211345,1.90501068704624,TRUE
"2010_07","X3",-0.636174804388033,0.788253953867515,-2.18112416463966,0.908774555863592,FALSE
"2010_08","X1",1.45324234562894,0.67824736871483,0.123901930338812,2.78258276091906,TRUE
"2010_08","X2",0.861956235791719,0.541018634266121,-0.198420802334925,1.92233327391836,FALSE
"2010_08","X3",0.129154900489069,0.90125856399509,-1.63727942569959,1.89558922667773,FALSE
"2010_09","X1",3.96896493822402,0.669947599011058,2.65589177263326,5.28203810381477,TRUE
"2010_09","X2",3.69950875310831,0.511739210259266,2.69651833152318,4.70249917469345,TRUE
"2010_09","X3",-0.455504052959278,0.802115401963845,-2.02762135225328,1.11661324633473,FALSE
"2010_10","X1",0.0474826531108039,0.0764875887442993,-0.102430266092334,0.197395572313942,FALSE
"2010_10","X2",0.0719619249486587,0.182108376126291,-0.284963933541946,0.428887783439264,FALSE
"2010_10","X3",0.110137760078605,0.205272932050112,-0.292189793740552,0.512465313897763,FALSE
"2010_11","X1",0.00848764635630898,0.0758982700766543,-0.140270229482828,0.157245522195445,FALSE
"2010_11","X2",-0.0495164610815615,0.179147311002771,-0.400638738574188,0.301605816411065,FALSE
"2010_11","X3",-0.00536107503636675,0.201336841028711,-0.399974032213707,0.389251882140973,FALSE
"2010_12","X1",0.0234798556436552,0.0759519314975673,-0.12538319464783,0.17234290593514,FALSE
"2010_12","X2",-0.0347602849430745,0.179162488750475,-0.385912310274569,0.31639174038842,FALSE
"2010_12","X3",0.0223980124067225,0.201510461246361,-0.3725552341442,0.417351258957645,FALSE
"2011_01","X1",2.3704228244528,0.239234171545613,1.90153246435212,2.83931318455348,TRUE
"2011_01","X2",-0.310829624736034,0.461452361857338,-1.21525963455736,0.593600385085293,FALSE
"2011_01","X3",0.602842093100097,0.499269559458385,-0.375708262015516,1.58139244821571,FALSE
"2011_02","X1",-0.294437789194193,0.539304059231193,-1.35145432200359,0.7625787436152,FALSE
"2011_02","X2",-2.89655246677943,0.588970613337198,-4.0509136568728,-1.74219127668605,TRUE
"2011_02","X3",2.39033748806819,0.663641709234553,1.08962363932987,3.69105133680652,TRUE
"2011_03","X1",-1.04123075595349,0.289406337917418,-1.60845675516926,-0.474004756737726,TRUE
"2011_03","X2",-2.07805123236561,0.797126143129057,-3.64038976403388,-0.515712700697338,TRUE
"2011_03","X3",3.92463352639156,0.928504980132591,2.1047972058656,5.74446984691751,TRUE
"2011_04","X1",-0.899062102541207,0.894484176424922,-2.65221887307503,0.85409466799261,FALSE
"2011_04","X2",-1.04313213051946,1.07045432647171,-3.14118405749909,1.05491979646017,FALSE
"2011_04","X3",4.28945433880854,1.1701570498854,1.99598866477752,6.58292001283956,TRUE
"2011_05","X1",-0.75689344912892,1.01859764626749,-2.75330815055047,1.23952125229263,FALSE
"2011_05","X2",-0.0082130286733153,1.12194410653893,-2.20718307015658,2.19075701280995,FALSE
"2011_05","X3",4.65427515122552,1.24600007651157,2.2121598765287,7.09639042592234,TRUE
"2011_06","X1",-0.614724795716632,0.892229621649082,-2.36346272008863,1.13401312865537,FALSE
"2011_06","X2",1.02670607317283,0.986949050086221,-0.90767851957218,2.96109066591784,FALSE
"2011_06","X3",5.0190959636425,1.18822031035579,2.69022694964615,7.34796497763885,TRUE
"2011_07","X1",-0.472556142304345,0.275135494209232,-1.01181180182307,0.0666995172143793,FALSE
"2011_07","X2",2.06162517501898,0.540187016567404,1.00287807763073,3.12037227240723,TRUE
"2011_07","X3",5.38391677605948,0.973304406248136,3.47627519381899,7.29155835829997,TRUE
"2011_08","X1",0.186428487559786,0.093702012211015,0.00277591834726393,0.370081056772308,TRUE
"2011_08","X2",3.65103749307773,0.452080124521547,2.76497673088911,4.53709825526634,TRUE
"2011_08","X3",6.17137224053883,0.648730958594754,4.89988292603696,7.44286155504069,TRUE
"2011_09","X1",1.1678113497923,0.266511486199261,0.645458435375499,1.69016426420909,TRUE
"2011_09","X2",4.15050640518495,0.499091512129722,3.17230501642106,5.12870779394884,TRUE
"2011_09","X3",4.93478059675425,0.85809548137407,3.25294435796452,6.61661683554399,TRUE
"2011_10","X1",0.610974256455259,0.720576809457544,-0.801330338176308,2.02327885108683,FALSE
"2011_10","X2",2.12991502971977,0.758078689426115,0.644108100997256,3.61572195844228,TRUE
"2011_10","X3",2.5590445665693,0.839074241683851,0.914489272513693,4.2035998606249,TRUE
"2011_11","X1",0.054137163118223,0.0765100743123577,-0.0958198269884812,0.204094153224927,FALSE
"2011_11","X2",0.109323654254587,0.182505073830463,-0.248379717448943,0.467027025958118,FALSE
"2011_11","X3",0.183308536384342,0.205452365478558,-0.219370700492193,0.585987773260876,FALSE
"2011_12","X1",0.677033305386798,0.0758983563049935,0.528275260543222,0.825791350230374,TRUE
"2011_12","X2",0.0389862496005548,0.179148109650047,-0.31213759321197,0.39011009241308,FALSE
"2011_12","X3",0.46369038978876,0.201337578212313,0.0690759877581098,0.85830479181941,TRUE
"2012_01","X1",0.0144313529889776,0.0758958434010378,-0.134321766653348,0.163184472631304,FALSE
"2012_01","X2",-0.038581085574666,0.179133168028133,-0.389675643346369,0.312513472197037,FALSE
"2012_01","X3",0.0109964580196225,0.201319590845796,-0.383582689420477,0.405575605459722,FALSE
"2012_02","X1",0.003448307981313,0.0759693334928111,-0.145448849594109,0.152345465556735,FALSE
"2012_02","X2",-0.0577004146271323,0.179196914721121,-0.408919913621224,0.29351908436696,FALSE
"2012_02","X3",-0.0190818708713271,0.201477825677235,-0.413971152882146,0.375807411139492,FALSE
"2012_03","X1",-0.460230497057065,0.420256779890654,-1.28391864990152,0.363457655787394,FALSE
"2012_03","X2",0.212312761962915,0.1993591501929,-0.17842399240368,0.60304951632951,FALSE
"2012_03","X3",-0.203532604203503,0.259663564093468,-0.712463837924007,0.305398629517002,FALSE
"2012_04","X1",-0.015423480725635,0.0764064332174738,-0.165177338019048,0.134330376567778,FALSE
"2012_04","X2",0.0404895034471503,0.181293985361219,-0.31484017847457,0.395819185368871,FALSE
"2012_04","X3",-0.0309910948152302,0.204247205454306,-0.431308261448622,0.369326071818162,FALSE
"2012_05","X1",-0.0295779949318683,0.639760183711547,-1.28348491374923,1.22432892388549,FALSE
"2012_05","X2",-0.0998986078329452,0.475924495093559,-1.03269347757673,0.83289626191084,FALSE
"2012_05","X3",0.0699264480425943,0.682236447177972,-1.26723241736679,1.40708531345198,FALSE
"2012_06","X1",0.0327836176626878,0.437484231670074,-0.824669720214834,0.89023695554021,FALSE
"2012_06","X2",-0.0635658086379196,0.201440348896941,-0.458381637509108,0.331250020233268,FALSE
"2012_06","X3",-0.00421119386850232,0.268298428788457,-0.530066451402562,0.521644063665558,FALSE
"2012_07","X1",0.00608140794247718,0.0760858495539276,-0.143044116916354,0.155206932801308,FALSE
"2012_07","X2",-0.0571999102949864,0.179309742691379,-0.408640548047234,0.294240727457261,FALSE
"2012_07","X3",-0.0167459816277789,0.201772516842605,-0.412212847709285,0.378720884453727,FALSE
"2012_08","X1",0.0745702811284468,0.480112863624275,-0.866433640089522,1.01557420234642,FALSE
"2012_08","X2",0.148535762802934,0.48267772283367,-0.797495190090865,1.09456671569673,FALSE
"2012_08","X3",-0.189011525706253,0.502898042321581,-1.17467357655225,0.796650525139746,FALSE
"2012_09","X1",0.215935642487218,0.499745827853417,-0.763548181529634,1.19541946650407,FALSE
"2012_09","X2",0.387353362010054,0.512388017625572,-0.616908698645942,1.39161542266605,FALSE
"2012_09","X3",-0.204265989367532,0.538413582382133,-1.2595372196237,0.851005240888637,FALSE
"2012_10","X1",0.76869750520809,0.48011063163719,-0.17230204139558,1.70969705181176,FALSE
"2012_10","X2",2.08350745332554,0.482677538072574,1.13747686255684,3.02953804409425,TRUE
"2012_10","X3",0.879346231158977,0.502895288578374,-0.106310422449513,1.86500288476747,FALSE
"2012_11","X1",-0.599600065532892,0.0760015256227314,-0.748560318523544,-0.450639812542241,TRUE
"2012_11","X2",1.23296919058706,0.179224604679931,0.881695420270964,1.58424296090315,TRUE
"2012_11","X3",-1.2739915727456,0.201577717692919,-1.6690766395095,-0.878906505981693,TRUE
"2012_12","X1",-0.00116217635326119,0.0758958702316635,-0.149915348582647,0.147590995876125,FALSE
"2012_12","X2",-0.0586036670324993,0.179133263542675,-0.409698412009263,0.292491077944265,FALSE
"2012_12","X3",-0.0356882562035927,0.201319747530451,-0.430267710739973,0.358891198332788,FALSE
"2013_01","X1",0.00549248158415378,0.0758957374907366,-0.143260430477796,0.154245393646104,FALSE
"2013_01","X2",-0.0603089651152671,0.179132641524016,-0.411402490957863,0.290784560727329,FALSE
"2013_01","X3",-0.0179908864273797,0.201318909778825,-0.412568699000745,0.376586926145986,FALSE
"2013_02","X1",0.0054029757339095,0.0758957439020831,-0.143349948894049,0.154155900361868,FALSE
"2013_02","X2",-0.0608902880040994,0.179132679498833,-0.411983888275969,0.29020331226777,FALSE
"2013_02","X3",-0.0184458730246693,0.201318955497822,-0.413023775205621,0.376132029156283,FALSE
"2013_03","X1",-0.000471090962824162,0.0758972685527253,-0.14922700385113,0.148284821925482,FALSE
"2013_03","X2",-0.082211778709131,0.179141659914176,-0.433322980271639,0.268899422853377,FALSE
"2013_03","X3",-0.0310613229841792,0.201329856240304,-0.425660590227801,0.363537944259442,FALSE
"2013_04","X1",-0.929353745979854,0.0762086870574189,-1.07872002792148,-0.779987464038229,TRUE
"2013_04","X2",-1.22456928081393,0.181032021135249,-1.57938552228752,-0.869753039340353,TRUE
"2013_04","X3",0.684349733961321,0.203803710060731,0.284901802326645,1.083797665596,TRUE
"2013_05","X1",-0.223475326322504,0.253122545865144,-0.719586399893273,0.272635747248266,FALSE
"2013_05","X2",-0.276213594355687,0.426867633908827,-1.11285878298282,0.560431594271442,FALSE
"2013_05","X3",0.284018488915333,0.665214330251053,-1.01977764037666,1.58781461820733,FALSE
"2013_06","X1",0.0119824189680259,0.0769368541470632,-0.138811044244029,0.162775882180081,FALSE
"2013_06","X2",-0.0332440311224181,0.184868390632977,-0.395579418642935,0.329091356398099,FALSE
"2013_06","X3",0.0135799915159742,0.20855907963942,-0.39518829322611,0.422348276258058,FALSE
"2013_07","X1",0.129512305772327,0.793137719287657,-1.42500905881172,1.68403367035637,FALSE
"2013_07","X2",0.547423033041265,0.773731679707783,-0.969063192883669,2.0639092589662,FALSE
"2013_07","X3",0.187965848630293,0.876370068139544,-1.52968792205213,1.90561961931271,FALSE
"2013_08","X1",0.247042192576627,0.712177373532708,-1.14879981015181,1.64288419530506,FALSE
"2013_08","X2",1.12809009720495,0.58237985190796,-0.0133534378564233,2.26953363226632,FALSE
"2013_08","X3",0.362351705744611,0.988450743221281,-1.57497615146095,2.29967956295017,FALSE
"2013_09","X1",-0.138114031956024,0.407899135359997,-0.937581646586647,0.661353582674599,FALSE
"2013_09","X2",0.985975489919863,0.793063668568086,-0.568400737920796,2.54035171776052,FALSE
"2013_09","X3",1.00005053008709,1.03779376996727,-1.03398788242881,3.03408894260299,FALSE
"2013_10","X1",0.0086881677089129,0.774749549154873,-1.50979304567328,1.52716938109111,FALSE
"2013_10","X2",1.17320719823239,0.82150858779193,-0.436920046830157,2.78333444329493,FALSE
"2013_10","X3",1.62294604466806,0.898940591538207,-0.138945138987953,3.38483722832408,FALSE
"2013_11","X1",0.15549036737385,0.448139246345224,-0.722846415521711,1.03382715026941,FALSE
"2013_11","X2",1.36043890654491,0.203682995777414,0.961227570557957,1.75965024253187,TRUE
"2013_11","X3",2.24584155924904,0.273267152494029,1.71024778220292,2.78143533629515,TRUE
"2013_12","X1",0.0354789540518,0.0759855448801199,-0.113449977258887,0.184407885362487,FALSE
"2013_12","X2",0.0524293324573828,0.179229657817125,-0.29885434182562,0.403713006740385,FALSE
"2013_12","X3",0.116855732884622,0.201532747902293,-0.278141194709262,0.511852660478507,FALSE
"2014_01","X1",0.00782950060040358,0.0758958657328266,-0.140923662811424,0.156582664012231,FALSE
"2014_01","X2",-0.0517838152218892,0.179133281705961,-0.40287859579804,0.299310965354262,FALSE
"2014_01","X3",-0.00790851228098059,0.201319736548638,-0.402487945293402,0.386670920731441,FALSE
"2014_02","X1",0.00681974934135674,0.0758958548891389,-0.141933392817234,0.155572891499947,FALSE
"2014_02","X2",-0.055563511664204,0.179133222901867,-0.406658176986449,0.295531153658041,FALSE
"2014_02","X3",-0.01231321806263,0.201319663179088,-0.406892507273377,0.382266071148117,FALSE
"2014_03","X1",0.0203414574803339,0.0759804735672948,-0.128577534239861,0.169260449200529,FALSE
"2014_03","X2",-0.00712414798904032,0.179218692371146,-0.358386330392849,0.344138034414768,FALSE
"2014_03","X3",0.0461312406350809,0.201515069381764,-0.348831037695266,0.441093518965428,FALSE
"2014_04","X1",0.226490298318372,0.439106747486099,-0.634143112122907,1.08712370875965,FALSE
"2014_04","X2",0.581769720922384,0.201473387103933,0.18688913835538,0.976650303489389,TRUE
"2014_04","X3",1.03811801940482,0.268979978160887,0.510926949647115,1.56530908916253,TRUE
"2014_05","X1",-0.0750281685075593,0.665234412287014,-1.37886365786678,1.22880732085166,FALSE
"2014_05","X2",0.782516889912799,0.476077923317326,-0.150578693623781,1.71561247344938,FALSE
"2014_05","X3",0.0582589796729702,0.686743411427636,-1.28773337334537,1.40425133269131,FALSE
"2014_06","X1",-0.0409508470423166,0.450517913730196,-0.923949732343623,0.84204803825899,FALSE
"2014_06","X2",-0.0222917320820754,0.201948953337882,-0.418104407339885,0.373520943175734,FALSE
"2014_06","X3",-0.0133595831629968,0.273169146373593,-0.548761271742789,0.522042105416796,FALSE
"2014_07","X1",-0.176087856706895,0.443120845372026,-1.04458875443501,0.692413041021217,FALSE
"2014_07","X2",-0.0216866394609388,0.200332476793944,-0.414331078910776,0.370957799988898,FALSE
"2014_07","X3",-0.104201147739708,0.267999517796241,-0.629470550494441,0.421068255015025,FALSE
"2014_08","X1",-0.322863972239589,0.473147786424491,-1.25021659299644,0.604488648517262,FALSE
"2014_08","X2",1.25951729213575,0.205241181201949,0.857251968835473,1.66178261543603,TRUE
"2014_08","X3",-1.38223389715384,0.28213048774078,-1.93519949206649,-0.829268302241196,TRUE
"2014_09","X1",-0.264155864276671,0.959599291031308,-2.1449359142882,1.61662418573486,FALSE
"2014_09","X2",0.919208152207823,0.89062357674412,-0.826381981992896,2.66479828640854,FALSE
"2014_09","X3",-1.0565635401407,0.919012322171325,-2.85779459294502,0.744667512663621,FALSE
"2014_10","X1",-0.205447756313754,1.0980248150846,-2.35753684801082,1.94664133538331,FALSE
"2014_10","X2",0.578899012279893,1.0416140502723,-1.4626270120447,2.62042503660448,FALSE
"2014_10","X3",-0.730893183127551,1.09733790087765,-2.88163594771852,1.41984958146342,FALSE
"2014_11","X1",-0.146739648350836,1.0384372457591,-2.18203925024363,1.88855995354196,FALSE
"2014_11","X2",0.238589872351964,0.95779557593344,-1.63865496102938,2.1158347057333,FALSE
"2014_11","X3",-0.405222826114405,1.07624257178033,-2.51461950543261,1.7041738532038,FALSE
"2014_12","X1",-0.088031540387918,0.734105616285759,-1.52685210915658,1.35078902838075,FALSE
"2014_12","X2",-0.101719267575965,0.538932242597838,-1.15800705317513,0.9545685180232,FALSE
"2014_12","X3",-0.0795524691012583,0.840848655901914,-1.72758555111792,1.56848061291541,FALSE
"2015_01","X1",0.00434541860084391,0.0765662330104415,-0.145721640531523,0.154412477733211,FALSE
"2015_01","X2",-0.0634606234317804,0.18245066338144,-0.421057352614844,0.294136105751283,FALSE
"2015_01","X3",-0.021759055164328,0.205723278581397,-0.424969271965367,0.381451161636711,FALSE
"2015_02","X1",0.00542510876137472,0.0758984870633527,-0.143333192363876,0.154183409886625,FALSE
"2015_02","X2",-0.0605595619600365,0.179148684427798,-0.411684531316252,0.290565407396179,FALSE
"2015_02","X3",-0.0182807266825128,0.201338429159392,-0.412896796538791,0.376335343173765,FALSE
"2015_03","X1",-0.00129861853139839,0.0758979526528677,-0.150055872231345,0.147458635168549,FALSE
"2015_03","X2",-0.0598833459991442,0.179145748597176,-0.411002561233076,0.291235869234787,FALSE
"2015_03","X3",-0.0365508753769899,0.201334755903421,-0.431159745783859,0.358057995029879,FALSE
"2015_04","X1",-0.590774154469218,0.0763601353819909,-0.740437269672522,-0.441111039265913,TRUE
"2015_04","X2",1.17367960609983,0.181959929930192,0.817044696807225,1.53031451539244,TRUE
"2015_04","X3",-1.25424731424294,0.20485380476925,-1.65575339368667,-0.852741234799214,TRUE
"2015_05","X1",-0.156845695137816,0.381371791688284,-0.904320671566364,0.590629281290731,FALSE
"2015_05","X2",0.677799172280632,0.722984359066691,-0.739224132875857,2.09482247743712,FALSE
"2015_05","X3",-0.973575541394993,0.82885848555921,-2.59810832137146,0.650957238581471,FALSE
"2015_06","X1",0.644696616035922,0.388406188676908,-0.116565525143287,1.40595875721513,FALSE
"2015_06","X2",0.486362016582198,0.756342263698016,-0.996041580251408,1.9687656134158,FALSE
"2015_06","X3",-0.793982481986631,0.875466977536927,-2.50986622761314,0.921901263639882,FALSE
"2015_07","X1",-0.308007429331255,0.487445378093075,-1.26338281482419,0.647367956161682,FALSE
"2015_07","X2",1.07629633684647,0.529053037437759,0.0393714375569458,2.113221236136,TRUE
"2015_07","X3",-0.740323186185734,0.557032042555204,-1.83208592782872,0.351439555457248,FALSE
"2015_08","X1",1.16698539067614,0.23778766586256,0.700930129617681,1.6330406517346,TRUE
"2015_08","X2",2.1714725660426,0.461343978654593,1.26725498339519,3.07569014869002,TRUE
"2015_08","X3",-1.74155642943455,0.49529321627761,-2.71231329512567,-0.770799563743428,TRUE
"2015_09","X1",-0.0728912390860021,0.0766606269818648,-0.223143307002717,0.0773608288307123,FALSE
"2015_09","X2",1.67265071515291,0.186569774242533,1.30698067703377,2.03832075327204,TRUE
"2015_09","X3",-1.4067197285942,0.201812783562174,-1.80226551599584,-1.01117394119256,TRUE
"2015_10","X1",1.95785786799801,0.241074519938716,1.48536049132784,2.43035524466818,TRUE
"2015_10","X2",0.906408482092494,0.493126590899924,-0.0601018758903742,1.87291884007536,FALSE
"2015_10","X3",-0.668260715436148,0.527891994608005,-1.70291001259485,0.366388581722553,FALSE
"2015_11","X1",1.56789003696441,0.915141573244977,-0.225754487351066,3.36153456127989,FALSE
"2015_11","X2",0.714180501213784,0.97830514904532,-1.20326235680513,2.6316233592327,FALSE
"2015_11","X3",-0.537218947240233,0.990204950001976,-2.47798498655739,1.40354709207692,FALSE
"2015_12","X1",1.17792220593081,1.10541567306938,-0.988652701231282,3.34449711309291,FALSE
"2015_12","X2",0.521952520335074,1.13713446021558,-1.70679006726686,2.75069510793701,FALSE
"2015_12","X3",-0.406177179044318,1.14359502607596,-2.64758224305235,1.83522788496372,FALSE
"2016_01","X1",0.787954374897216,1.10067981616914,-1.36933842330446,2.94524717309889,FALSE
"2016_01","X2",0.329724539456365,1.11855052748464,-1.8625942093018,2.52204328821453,FALSE
"2016_01","X3",-0.275135410848403,1.12275606430918,-2.47569686031832,1.92542603862152,FALSE
"2016_02","X1",0.397986543863617,0.897853463236263,-1.36177390747401,2.15774699520125,FALSE
"2016_02","X2",0.137496558577655,0.911768868972688,-1.64953758683363,1.92453070398894,FALSE
"2016_02","X3",-0.144093642652488,0.915871514919229,-1.93916882636031,1.65098154105534,FALSE
"2016_03","X1",0.00801871283001897,0.0766691687519391,-0.142250096648405,0.158287522308443,FALSE
"2016_03","X2",-0.0547314223010553,0.183238490182862,-0.413872263640962,0.304409419038851,FALSE
"2016_03","X3",-0.0130518744565727,0.206223033044158,-0.417241592005736,0.391137843092591,FALSE
"2016_04","X1",0.0055979356926544,0.0758989951876488,-0.143161361337916,0.154357232723225,FALSE
"2016_04","X2",-0.0599439480531235,0.179151795397513,-0.411075014797937,0.29118711869169,FALSE
"2016_04","X3",-0.0175820957214463,0.201342024720564,-0.412205212748125,0.377041021305232,FALSE
"2016_05","X1",0.000789770520072527,0.0759775037079786,-0.148123400382824,0.149702941422969,FALSE
"2016_05","X2",-0.0581844302620201,0.17921892476055,-0.409447068140692,0.293078207616652,FALSE
"2016_05","X3",-0.0366588790215361,0.201511170305037,-0.431613515301925,0.358295757258853,FALSE
"2016_06","X1",-0.0120752118984812,0.431087163030417,-0.856990525635646,0.832840101838683,FALSE
"2016_06","X2",1.35383832907073,0.20231260694865,0.957312905832968,1.75036375230849,TRUE
"2016_06","X3",-1.51618750451213,0.267341615769492,-2.04016744298908,-0.992207566035182,TRUE
"2016_07","X1",-0.195308601823228,0.386646000436982,-0.95312083744617,0.562503633799713,FALSE
"2016_07","X2",0.696399883873496,0.734525154561728,-0.743242964806207,2.1360427325532,FALSE
"2016_07","X3",-1.03204546728193,0.865303402377733,-2.72800897164226,0.663918037078394,FALSE
"2016_08","X1",-0.19982179646139,0.385796827197764,-0.95596968311883,0.556326090196051,FALSE
"2016_08","X2",0.342332670109297,0.802258954038631,-1.23006598608119,1.91473132629979,FALSE
"2016_08","X3",-0.6525460406961,0.978127484169127,-2.56964068195636,1.26454860056416,FALSE
"2016_09","X1",-0.167194203889669,0.381343527417208,-0.914613783364859,0.580225375585521,FALSE
"2016_09","X2",0.118521220179606,0.732922934028396,-1.31798133395948,1.55502377431869,FALSE
"2016_09","X3",-0.33756789460578,0.858212388823395,-2.01963326778572,1.34449747857416,FALSE
"2016_10","X1",-0.00751256608055072,0.0768417218666177,-0.158119573449165,0.143094441288064,FALSE
"2016_10","X2",-0.0773949337923013,0.184856155493583,-0.439706340880261,0.284916473295658,FALSE
"2016_10","X3",-0.0583192038801864,0.208661572481132,-0.467288370900699,0.350649963140327,FALSE
"2016_11","X1",-0.803706442090554,0.261388855827261,-1.31601918547212,-0.291393698708989,TRUE
"2016_11","X2",0.81447730605947,0.454593283525269,-0.0765091572638622,1.7054637693828,FALSE
"2016_11","X3",-1.26143634670319,0.752358780234647,-2.73603245941558,0.213159766009207,FALSE
"2016_12","X1",0.715767887983141,0.378304682546645,-0.0256956649911422,1.45723144095742,FALSE
"2016_12","X2",0.529631182178101,0.677965215924757,-0.799156223805343,1.85841858816154,FALSE
"2016_12","X3",-1.36218103358128,0.80064391801845,-2.93141427733848,0.207052210175923,FALSE
"2017_01","X1",-1.00863624235023,0.0763487982276896,-1.15827713713941,-0.858995347561039,TRUE
"2017_01","X2",1.19479012367883,0.181892889466394,0.838286611280778,1.55129363607689,TRUE
"2017_01","X3",-1.63246483694943,0.204778984249403,-2.03382427086895,-1.2311054030299,TRUE
"2017_02","X1",0.00763381974607302,0.075898057474923,-0.141123639401327,0.156391278893473,FALSE
"2017_02","X2",-0.0523013407481981,0.179146184274799,-0.40342140989458,0.298818728398184,FALSE
"2017_02","X3",-0.0201032742634352,0.201335380900775,-0.414713369642608,0.374506821115737,FALSE
"2017_03","X1",1.79356833751753,0.0760171223660192,1.64457751547175,1.9425591595633,TRUE
"2017_03","X2",-0.422610014175282,0.179252720843892,-0.773938891160122,-0.0712811371904408,TRUE
"2017_03","X3",0.7106707967174,0.201630005686401,0.315483247369447,1.10585834606535,TRUE
"2017_04","X1",-0.1985744831355,0.504165962859747,-1.18672161257156,0.789572646300562,FALSE
"2017_04","X2",-1.02656944885927,0.50650157612276,-2.01929429617265,-0.0338446015458841,TRUE
"2017_04","X3",2.27409410435043,0.528104981889043,1.23902735979173,3.30916084890913,TRUE
"2017_05","X1",-0.119103996540382,0.883532757813271,-1.85079638101574,1.61258838793498,FALSE
"2017_05","X2",-0.65612014472526,0.885899211038061,-2.39245069229231,1.08021040284179,FALSE
"2017_05","X3",1.56778273575475,0.892468687188339,-0.18142374846414,3.31698921997363,FALSE
"2017_06","X1",-0.0396335099452633,0.835388470263363,-1.67696482476147,1.59769780487094,FALSE
"2017_06","X2",-0.285670840591254,0.843014577854132,-1.93794905162759,1.36660737044508,FALSE
"2017_06","X3",0.861471367159063,0.847340808326422,-0.79928609979178,2.52222883410991,FALSE
"2017_07","X1",0.0398369766498549,0.0769064656957463,-0.110896926292073,0.190570879591783,FALSE
"2017_07","X2",0.0847784635427529,0.184695277917449,-0.277217629290063,0.446774556375568,FALSE
"2017_07","X3",0.155159998563379,0.208214157604173,-0.252932251412147,0.563252248538904,FALSE
"2017_08","X1",-0.857707639302916,0.253139909794354,-1.35385274554957,-0.361562533056265,TRUE
"2017_08","X2",1.99248277427945,0.43456585090191,1.1407493576007,2.8442161909582,TRUE
"2017_08","X3",2.27827560285959,0.684126907753439,0.937411502808094,3.61913970291109,TRUE
"2017_09","X1",0.380336614408928,0.0848499638512068,0.214033741171037,0.546639487646819,TRUE
"2017_09","X2",3.52685783739288,0.287497032154514,2.96337400870787,4.09034166607788,TRUE
"2017_09","X3",5.48751560683748,0.371479566372089,4.75942903575563,6.21560217791933,TRUE
"2017_10","X1",-0.365790316639808,0.262775236975908,-0.880820317141565,0.14923968386195,FALSE
"2017_10","X2",2.01885885168954,0.476075993708391,1.08576705011697,2.9519506532621,TRUE
"2017_10","X3",3.90449533038113,0.817968210625518,2.30130709705644,5.50768356370582,TRUE
"2017_11","X1",-0.469641424757099,0.38006864358003,-1.21456227782695,0.275279428312749,FALSE
"2017_11","X2",2.04789289878178,0.720517010706541,0.635705507548498,3.46008029001506,TRUE
"2017_11","X3",2.33315137955991,0.948257499218368,0.47460083302189,4.19170192609793,TRUE
"2017_12","X1",-1.40926112305393,0.271120402679037,-1.94064734777884,-0.877874898329017,TRUE
"2017_12","X2",2.67539335895965,0.513883183568319,1.66820082690496,3.68258589101434,TRUE
"2017_12","X3",0.762030985974973,0.79144039919025,-0.78916369234792,2.31322566429787,FALSE
"2018_01","X1",0.0675950189991349,0.0763800015836349,-0.0821070332439017,0.217297071242171,FALSE
"2018_01","X2",0.687915986776544,0.182097062848497,0.331012301902962,1.04481967165013,TRUE
"2018_01","X3",1.1262048905394,0.205153072877403,0.724112256381971,1.52829752469683,TRUE
"2018_02","X1",0.0208527591261705,0.0758981180383582,-0.127904818723381,0.169610336975722,FALSE
"2018_02","X2",-0.00217161207203669,0.179146683071494,-0.353292658841976,0.348949434697903,FALSE
"2018_02","X3",0.0513093120842804,0.201335933930535,-0.343301867213305,0.445920491381865,FALSE
"2018_03","X1",0.00676110786611011,0.0758957477703389,-0.14199182434349,0.15551404007571,FALSE
"2018_03","X2",-0.0557674165040855,0.179132702379926,-0.406861061622073,0.295326228613902,FALSE
"2018_03","X3",-0.0125559114964693,0.20131898306123,-0.407133867700709,0.38202204470777,FALSE
"2018_04","X1",0.00577754584189137,0.0758957373624082,-0.14297536596854,0.154530457652322,FALSE
"2018_04","X2",-0.0594396679621335,0.179132640793912,-0.410533192373752,0.291653856449484,FALSE
"2018_04","X3",-0.0168377990106061,0.201318908878835,-0.411415609820024,0.377740011798811,FALSE
"2018_05","X1",0.00562968823932261,0.0758958315207472,-0.143123408118062,0.154382784596707,FALSE
"2018_05","X2",-0.0598928282822851,0.179133097740331,-0.410987248292427,0.291201591727857,FALSE
"2018_05","X3",-0.0174530904328311,0.201319506196001,-0.412032071962381,0.377125891096719,FALSE
"2018_06","X1",0.00349363839236925,0.0759693383517854,-0.145403528706468,0.152390805491206,FALSE
"2018_06","X2",-0.0572531612654162,0.179196933137052,-0.40847269635407,0.293966373823238,FALSE
"2018_06","X3",-0.027046469822027,0.201477850980248,-0.421935801425841,0.367842861781787,FALSE
"2018_07","X1",0.0867523394390242,0.420258914874682,-0.736939997897237,0.910444676775285,FALSE
"2018_07","X2",0.813106033477482,0.199360882855231,0.422365883155121,1.20384618379984,TRUE
"2018_07","X3",-0.909824176233359,0.259668651967688,-1.41876538200409,-0.400882970462626,TRUE
"2018_08","X1",0.0029327686784673,0.0764305595786594,-0.146868375413948,0.152733912770883,FALSE
"2018_08","X2",-0.0565197898896024,0.182020689945083,-0.413273786623096,0.300234206843891,FALSE
"2018_08","X3",-0.0268174726078875,0.20498691184531,-0.428584437126782,0.374949491911007,FALSE
"2018_09","X1",-0.152326604196493,0.381125802448591,-0.899319450574658,0.594666242181672,FALSE
"2018_09","X2",-0.0135399276434133,0.71642069268319,-1.4176986830817,1.39061882779488,FALSE
"2018_09","X3",-0.0100830658005255,0.81402020849614,-1.60553335714075,1.5853672255397,FALSE
"2018_10","X1",-0.151888763229619,0.381125616515955,-0.898881245186514,0.595103718727276,FALSE
"2018_10","X2",-0.0124843544102221,0.716416827808314,-1.41663553483295,1.39166682601251,FALSE
"2018_10","X3",-0.00456041036547383,0.814006666991149,-1.59998416084361,1.59086334011267,FALSE
"2018_11","X1",0.00672884711983504,0.0763548287134588,-0.142923867204269,0.156381561443939,FALSE
"2018_11","X2",-0.0530784389223827,0.181951685664419,-0.409697189750996,0.303540311906231,FALSE
"2018_11","X3",-0.0100247545867426,0.204820264122817,-0.411465095571445,0.39141558639796,FALSE
"2018_12","X1",0.0279966803412725,0.0758979246873288,-0.120760518547225,0.17675387922977,FALSE
"2018_12","X2",0.0245718688438408,0.179145597205502,-0.326547049667863,0.375690787355545,FALSE
"2018_12","X3",0.0823527666140442,0.201334561523672,-0.312255722815517,0.476961256043605,FALSE
"2019_01","X1",0.17543755222806,0.0758957469060384,0.0266846217124576,0.324190482743662,TRUE
"2019_01","X2",1.08811964489944,0.179132697299715,0.737026009738486,1.4392132800604,TRUE
"2019_01","X3",1.58219118817763,0.201318976914017,1.1876132440217,1.97676913233355,TRUE
"2019_02","X1",-1.44588303997026,0.0758957369821037,-1.59463595103531,-1.29713012890522,TRUE
"2019_02","X2",0.936331296078675,0.179132638584014,0.585237775998377,1.28742481615897,TRUE
"2019_02","X3",-0.978191902882372,0.201318906193682,-1.37276970842899,-0.583614097335759,TRUE
"2019_03","X1",-0.200434176868178,0.0758957369386252,-0.34918708784801,-0.0516812658883466,TRUE
"2019_03","X2",2.19638247208646,0.179132638327081,1.84528895250974,2.54747599166318,TRUE
"2019_03","X3",1.29488340640918,0.201318905884327,0.900305601468887,1.68946121134946,TRUE
"2019_04","X1",0.0299883207453047,0.0758957373130474,-0.118764590968381,0.17874123245899,FALSE
"2019_04","X2",0.0492828357616429,0.179132640502094,-0.301810688078022,0.400376359601307,FALSE
"2019_04","X3",0.0995391330867404,0.201318908527456,-0.295038677033987,0.494116943207468,FALSE
"2019_05","X1",0.00738930885144511,0.0758958314969974,-0.14136378745939,0.156142405162281,FALSE
"2019_05","X2",-0.0530942454294677,0.179133097605279,-0.404188665174912,0.298000174315977,FALSE
"2019_05","X3",-0.00963956421560081,0.201319506030396,-0.404218545420571,0.38493941698937,FALSE
"2019_06","X1",-0.00323644899358447,0.0759693307393216,-0.152133601172266,0.145660703185098,FALSE
"2019_06","X2",-0.0587749506773252,0.179196906337034,-0.40999443323891,0.29244453188426,FALSE
"2019_06","X3",-0.0300455116042925,0.201477813296696,-0.424934769349702,0.364843746141117,FALSE
"2019_07","X1",-1.52579155506054,0.420254639916878,-2.34947551363347,-0.70210759648761,TRUE
"2019_07","X2",0.810244002121721,0.199358745856325,0.41950804024025,1.20097996400319,TRUE
"2019_07","X3",-0.637764354499818,0.259660960883058,-1.14669048602168,-0.128838222977961,TRUE
"2019_08","X1",-0.00328119474472844,0.0762832080417199,-0.152793535131676,0.146231145642219,FALSE
"2019_08","X2",-0.0588797475614019,0.181096455308658,-0.41382227769424,0.296062782571436,FALSE
"2019_08","X3",-0.0294150171712077,0.203963866246241,-0.429176849161384,0.370346814818969,FALSE
"2019_09","X1",-0.0468034701867924,0.2531221055754,-0.542913680805522,0.449306740431937,FALSE
"2019_09","X2",-0.105658687050733,0.426678884878718,-0.941933934376732,0.730616560275266,FALSE
"2019_09","X3",0.0559121559187833,0.664823575995216,-1.24711810910497,1.35894242094253,FALSE
"2019_10","X1",0.00777925154927338,0.0762081655755486,-0.141586008306667,0.157144511405214,FALSE
"2019_10","X2",-0.0518996974756523,0.18102887595486,-0.406709774508948,0.302910379557643,FALSE
"2019_10","X3",-0.0073033593709001,0.203799639997441,-0.406743313828113,0.392136595086312,FALSE
"2019_11","X1",0.0350048513603464,0.0758977816299814,-0.113752067140903,0.183761769861596,FALSE
"2019_11","X2",0.0506134581862349,0.179144692077682,-0.300503686307539,0.401730602680009,FALSE
"2019_11","X3",0.113059943349347,0.201333517503392,-0.281546499838065,0.50766638653676,FALSE
"2019_12","X1",0.26179433016477,0.0760054830280362,0.112826320802249,0.410762339527292,TRUE
"2019_12","X2",1.44738240039664,0.179791904364968,1.09499674312944,1.79976805766385,TRUE
"2019_12","X3",2.0647058537418,0.202137165277248,1.66852428986138,2.46088741762223,TRUE
"2020_01","X1",0.0971611049094264,0.0833705396818803,-0.0662421502387263,0.260564360057579,FALSE
"2020_01","X2",2.2538389211883,0.275488410166928,1.71389155910293,2.79378628327368,TRUE
"2020_01","X3",3.85210194827395,0.35456647859322,3.15716442010605,4.54703947644186,TRUE
"2020_02","X1",1.07622355734708,0.68764492451357,-0.271535728851286,2.42398284354544,FALSE
"2020_02","X2",3.79699147500772,0.605497082907778,2.61023899976441,4.98374395025103,TRUE
"2020_02","X3",2.7837994414566,0.728613182566995,1.35574384496419,4.21185503794902,TRUE
"2020_03","X1",0.475870906413496,0.480790962828154,-0.466462064822022,1.41820387764901,FALSE
"2020_03","X2",2.04724480040841,0.281366093956164,1.49577738978362,2.5987122110332,TRUE
"2020_03","X3",3.40163992174341,0.463151138495276,2.49388037089395,4.30939947259288,TRUE
"2020_04","X1",-0.672466984093804,0.0769094123915675,-0.823206662453414,-0.521727305734193,TRUE
"2020_04","X2",-0.787929535263182,0.183998372651705,-1.1485597188745,-0.427299351651861,TRUE
"2020_04","X3",0.738097535120353,0.207386354036079,0.331627750324565,1.14456731991614,TRUE
"2020_05","X1",-0.484344938199503,0.829166062042767,-2.10948055700623,1.14079068060722,FALSE
"2020_05","X2",-0.287112239355255,0.866495007359838,-1.98541124656431,1.4111867678538,FALSE
"2020_05","X3",0.52446373623294,0.880873253687215,-1.20201611593861,2.2509435884045,FALSE
"2020_06","X1",-0.296222892305202,0.860135037731161,-1.98205658809928,1.38961080348887,FALSE
"2020_06","X2",0.213705056552673,0.968305164413949,-1.6841381917428,2.11154830484815,FALSE
"2020_06","X3",0.310829937345528,1.00848350894896,-1.66576141919702,2.28742129388807,FALSE
"2020_07","X1",-0.108100846410902,0.403562673920973,-0.899069152800691,0.682867459978887,FALSE
"2020_07","X2",0.7145223524606,0.770882145397121,-0.796378888842726,2.22542359376393,FALSE
"2020_07","X3",0.0971961384581154,0.875393052361009,-1.61854271648605,1.81293499340228,FALSE
"2020_08","X1",0.691468113784389,0.461640473044916,-0.213330587189679,1.59626681475846,FALSE
"2020_08","X2",1.49026360342526,0.220906101187138,1.05729560113331,1.92323160571721,TRUE
"2020_08","X3",-0.163890974413026,0.278333043798055,-0.709413715964623,0.38163176713857,FALSE
"2020_09","X1",1.65569421779929,0.0842416462515346,1.49058362514792,1.82080481045067,TRUE
"2020_09","X2",1.01404838143132,0.348903156521669,0.330210760556507,1.69788600230613,TRUE
"2020_09","X3",2.38407148110888,0.495534460138518,1.41284178613888,3.35530117607887,TRUE
"2020_10","X1",-0.0333294793103364,0.0765992937599471,-0.183461336321036,0.116802377700364,FALSE
"2020_10","X2",0.483881818933974,0.183404663946296,0.124415283002562,0.843348354865386,TRUE
"2020_10","X3",0.0878999100107673,0.206762327319373,-0.317346804894886,0.49314662491642,FALSE
"2020_11","X1",-0.165517689866556,0.275415302225621,-0.705321763019988,0.374286383286876,FALSE
"2020_11","X2",0.628085691756337,0.511234305104086,-0.373915133909033,1.63008651742171,FALSE
"2020_11","X3",-0.141099926684091,0.757802709057391,-1.62636594382346,1.34416609045528,FALSE
"2020_12","X1",-0.0793094454839199,0.721454263144371,-1.49333381773977,1.33471492677193,FALSE
"2020_12","X2",0.288808850114211,0.759841233801982,-1.20045260210615,1.77807030233457,FALSE
"2020_12","X3",-0.0754325942120316,0.813222877840021,-1.66932014618249,1.51845495775842,FALSE
"2021_01","X1",0.00689879889871562,0.076479630197877,-0.142998521840065,0.156796119637496,FALSE
"2021_01","X2",-0.0504679915279153,0.182329677907388,-0.407827593539185,0.306891610483354,FALSE
"2021_01","X3",-0.0097652617399721,0.205196398150219,-0.411942811871743,0.392412288391799,FALSE
"2021_02","X1",0.00700592470717587,0.0759000918912358,-0.141755521822927,0.155767371237279,FALSE
"2021_02","X2",-0.0548360188277442,0.179158384450585,-0.405979999879271,0.296307962223783,FALSE
"2021_02","X3",-0.0114956278147873,0.201349928992382,-0.406134236929553,0.383142981299979,FALSE
"2021_03","X1",0.0237921148111501,0.076363933711922,-0.125878444982021,0.173462674604321,FALSE
"2021_03","X2",0.00426326269343934,0.181614159014584,-0.351693948057676,0.360220473444555,FALSE
"2021_03","X3",0.0586286052243049,0.204280494844186,-0.34175380741432,0.45901101786293,FALSE
"2021_04","X1",0.428422720333692,0.711657564201915,-0.966400474827563,1.82324591549495,FALSE
"2021_04","X2",0.804973221554348,0.719534799511422,-0.605289071111288,2.21523551421998,FALSE
"2021_04","X3",1.14223612249571,0.723019870881327,-0.27485678453849,2.55932902952991,FALSE
"2021_05","X1",0.833053325856234,0.140303086149754,0.558064330082895,1.10804232162957,TRUE
"2021_05","X2",1.60568318041526,0.189257606843628,1.23474508720151,1.97662127362901,TRUE
"2021_05","X3",2.22584363976712,0.215193506980577,1.80407211637831,2.64761516315592,TRUE
"2021_06","X1",0.396186822384869,0.0759085618154101,0.247408775108432,0.544964869661305,TRUE
"2021_06","X2",2.33196340052518,0.179169501702681,1.98079763005994,2.68312917099043,TRUE
"2021_06","X3",3.32081363148791,0.201370983428679,2.92613375643629,3.71549350653953,TRUE
"2021_07","X1",0.0581255691610807,0.0758958978044957,-0.0906276571100634,0.206878795432225,FALSE
"2021_07","X2",0.126850788843103,0.179133439059088,-0.22424430013951,0.477945877825716,FALSE
"2021_07","X3",0.206514716226612,0.201319948314835,-0.18806513183993,0.601094564293153,FALSE
"2021_08","X1",0.590072233843528,0.0759914555019065,0.441131717927013,0.739012749760043,TRUE
"2021_08","X2",-0.098571556976934,0.179231001816812,-0.449857865450919,0.252714751497051,FALSE
"2021_08","X3",0.299887909530149,0.201558624510093,-0.0951597352830659,0.694935554343365,FALSE
"2021_09","X1",-4.37133722803921,0.461068699800939,-5.27501527404776,-3.46765918203066,TRUE
"2021_09","X2",1.32527009185113,0.451154685156748,0.441023157487397,2.20951702621486,TRUE
"2021_09","X3",2.0723208908073,0.469812862004091,1.15150460180559,2.993137179809,TRUE
"2021_10","X1",-1.64504891476671,0.0855251882315318,-1.81267520347152,-1.4774226260619,TRUE
"2021_10","X2",-1.0152807247471,0.399521708549243,-1.79832888454553,-0.232232564948676,TRUE
"2021_10","X3",3.35554206366953,0.584536082895421,2.20987239353038,4.50121173380867,TRUE
"2021_11","X1",0.083530746070165,0.0762343529614877,-0.0658858401190653,0.232947332259395,FALSE
"2021_11","X2",0.399377334695674,0.181210535901165,0.0442112107101873,0.75454345868116,TRUE
"2021_11","X3",0.641519208481992,0.203937228137576,0.241809586225415,1.04122883073857,TRUE
"2021_12","X1",0.0149417813135482,0.0758973798064655,-0.133814349628082,0.163697912255178,FALSE
"2021_12","X2",-0.0250220686241752,0.179142349575404,-0.376134621897851,0.3260904846495,FALSE
"2021_12","X3",0.0239135047260766,0.201330648321596,-0.370687314968351,0.418514324420504,FALSE
"2022_01","X1",0.00727055375258949,0.0758957444530011,-0.141482371955148,0.156023479460327,FALSE
"2022_01","X2",-0.0508585545765147,0.179132682778071,-0.401952161275571,0.300235052122542,FALSE
"2022_01","X3",-0.0090420583233073,0.201318959428189,-0.403619968207639,0.385535851561024,FALSE
"2022_02","X1",-0.0390546371735668,0.0758957456595037,-0.187807565246006,0.109698290898873,FALSE
"2022_02","X2",0.177838411219142,0.179132689916497,-0.173255209470974,0.528932031909258,FALSE
"2022_02","X3",-0.0451125052558986,0.201318968026871,-0.439690431993336,0.349465421481539,FALSE
"2022_03","X1",0.00676955805912339,0.0758976468439333,-0.141987096266326,0.155526212384573,FALSE
"2022_03","X2",-0.0527044856862949,0.179143926107097,-0.403820128905309,0.298411157532719,FALSE
"2022_03","X3",-0.0112087182158415,0.201332553380066,-0.405813271756259,0.383395835324576,FALSE
"2022_04","X1",0.00696425639054987,0.0763086729042605,-0.142597994209848,0.156526506990948,FALSE
"2022_04","X2",-0.0512843141673969,0.181586005387027,-0.407186344822467,0.304617716487673,FALSE
"2022_04","X3",-0.00932510401658875,0.204382112727571,-0.409906684046834,0.391256476013656,FALSE
"2022_05","X1",-0.0977668958966549,0.385576756780461,-0.853483452462119,0.657949660668809,FALSE
"2022_05","X2",0.183115181372295,0.693007029182364,-1.17515363685824,1.54138399960283,FALSE
"2022_05","X3",0.0139337195380663,0.779205935977719,-1.51328185151809,1.54114929059422,FALSE
"2022_06","X1",0.293191913414757,0.567325570371976,-0.818745772022961,1.40512959885247,FALSE
"2022_06","X2",0.475052530027711,0.584301939712744,-0.670158227906161,1.62026328796158,FALSE
"2022_06","X3",0.0152976398724939,0.668821310596047,-1.29556804098863,1.32616332073362,FALSE
"2022_07","X1",0.71675131428616,0.734229599212003,-0.722312256552644,2.15581488512496,FALSE
"2022_07","X2",1.35111397254558,0.623636128017537,0.128809622173199,2.57341832291797,TRUE
"2022_07","X3",0.42106419413721,0.825059990648996,-1.19602367261978,2.0381520608942,FALSE
"2022_08","X1",-0.41940578882162,0.520693152679222,-1.43994561506951,0.60113403742627,FALSE
"2022_08","X2",1.0961875958711,0.400447501307793,0.311324915608774,1.88105027613343,TRUE
"2022_08","X3",0.82387251906368,0.685585141516357,-0.519849666644174,2.16759470477153,FALSE
"2022_09","X1",0.449054683988467,0.48450477350735,-0.500557222423676,1.39866659040061,FALSE
"2022_09","X2",-0.0580403980137588,0.455653871491071,-0.9511055755525,0.835024779524983,FALSE
"2022_09","X3",0.625095015710473,0.488004967835011,-0.331377145522775,1.58156717694372,FALSE
"2022_10","X1",0.679789566104383,0.154601311633036,0.37677656334098,0.982802568867786,TRUE
"2022_10","X2",2.00316428272458,0.288939697662242,1.4368528816027,2.56947568384647,TRUE
"2022_10","X3",4.53119686567728,0.393058136332682,3.76081707463479,5.30157665671977,TRUE
"2022_11","X1",-1.01472863502333,0.7772145839408,-2.53804122780658,0.50858395775992,FALSE
"2022_11","X2",3.00695138353996,0.69335081997565,1.64800874773637,4.36589401934354,TRUE
"2022_11","X3",4.95392338612035,0.903987969485314,3.18213952347164,6.72570724876906,TRUE
"2022_12","X1",-2.49327120906529,1.01752565547537,-4.48758484714253,-0.498957570988057,TRUE
"2022_12","X2",4.13735370078085,0.982230154625644,2.21221797318538,6.06248942837632,TRUE
"2022_12","X3",5.36557794502546,1.14177129648199,3.12774732533916,7.60340856471177,TRUE
"2023_01","X1",-3.97181378310726,1.00201282966572,-5.93572284129913,-2.00790472491539,TRUE
"2023_01","X2",5.26775601802174,0.963352860962998,3.37961910613064,7.15589292991284,TRUE
"2023_01","X3",5.77723250393058,1.19020108423075,3.44448124447778,8.10998376338338,TRUE
"2023_02","X1",-5.45035635714922,0.714196235836204,-6.85015525728226,-4.05055745701619,TRUE
"2023_02","X2",6.39815833526263,0.608730920661944,5.20506765448932,7.59124901603595,TRUE
"2023_02","X3",6.1888870628357,1.07517674420342,4.08157936718197,8.29619475848942,TRUE
"2023_03","X1",-4.42278250932755,1.06953715658567,-6.51903681636283,-2.32652820229226,TRUE
"2023_03","X2",5.53701407639347,1.04560507904245,3.48766577941811,7.58636237336883,TRUE
"2023_03","X3",4.98633389129699,1.28085069418739,2.47591266111657,7.4967551214774,TRUE
"2023_04","X1",-3.39520866150587,1.19693256461845,-5.74115338008119,-1.04926394293055,TRUE
"2023_04","X2",4.67586981752431,1.22623891143075,2.27248571467845,7.07925392037017,TRUE
"2023_04","X3",3.78378071975828,1.36275950293474,1.11282117441649,6.45474026510007,TRUE
"2023_05","X1",-2.36763481368419,1.17315376999899,-4.66697395120959,-0.0682956761587961,TRUE
"2023_05","X2",3.81472555865515,1.26557061973341,1.33425272408562,6.29519839322467,TRUE
"2023_05","X3",2.58122754821957,1.34372985283191,-0.0524345682822838,5.21488966472141,FALSE
"2023_06","X1",-1.34006096586252,0.98733800735795,-3.27520790085164,0.595085969126605,FALSE
"2023_06","X2",2.95358129978599,1.17784182223082,0.645053748728543,5.26210885084343,TRUE
"2023_06","X3",1.37867437668085,1.21904383204975,-1.01060762971234,3.76795638307405,FALSE
"2023_07","X1",-0.312487118040845,0.477794184117277,-1.24894651093341,0.623972274851717,FALSE
"2023_07","X2",2.09243704091682,0.927679342174709,0.274218941052585,3.91065514078106,TRUE
"2023_07","X3",0.176121205142143,0.947885701991292,-1.68170063222125,2.03394304250554,FALSE
"2023_08","X1",-0.452664488539137,0.0767799208224928,-0.60315036808706,-0.302178608991214,TRUE
"2023_08","X2",1.37381300889975,0.183775427734184,1.0136197892973,1.73400622850219,TRUE
"2023_08","X3",-1.02643196639657,0.207046458879755,-1.43223556892744,-0.620628363865696,TRUE
"2023_09","X1",-0.393571520010825,0.52067574937601,-1.41407723641121,0.626934196389556,FALSE
"2023_09","X2",0.447662425141691,0.513941665775458,-0.559644729932727,1.45496958021611,FALSE
"2023_09","X3",-0.570748563916616,0.543718108521409,-1.63641647436082,0.494919346527585,FALSE
"2023_10","X1",-1.21307543722423,0.984446319763498,-3.14255476867369,0.716403894225224,FALSE
"2023_10","X2",-0.253748212363016,0.942447871472161,-2.10091209775489,1.59341567302885,FALSE
"2023_10","X3",0.254995268888206,0.992018579529937,-1.68932541898505,2.19931595676147,FALSE
"2023_11","X1",-2.03257935443764,1.11300402985937,-4.21402716760994,0.148868458734664,FALSE
"2023_11","X2",-0.955158849867724,1.03287867791697,-2.97956385898433,1.06924615924889,FALSE
"2023_11","X3",1.08073910169303,1.14378029003084,-1.1610290729942,3.32250727638025,FALSE
"2023_12","X1",-1.97857168728317,1.24424798830901,-4.41725293220525,0.460109557638904,FALSE
"2023_12","X2",-0.68422694877461,1.20935380620965,-3.05451685351196,1.68606295596275,FALSE
"2023_12","X3",1.10295160589036,1.30834743391975,-1.46136224385774,3.66726545563846,FALSE
"2024_01","X1",-1.9245640201287,1.23678947259571,-4.34862684287459,0.499498802617182,FALSE
"2024_01","X2",-0.413295047681495,1.23846483769904,-2.84064152569087,2.01405143032787,FALSE
"2024_01","X3",1.12516411008769,1.35082151875826,-1.52239741622019,3.77272563639557,FALSE
"2024_02","X1",-1.87055635297424,1.08777911352484,-4.00256423861782,0.261451532669348,FALSE
"2024_02","X2",-0.142363146588381,1.13164214315522,-2.36034099056033,2.07561469738357,FALSE
"2024_02","X3",1.14737661428502,1.28338250531592,-1.36800687452296,3.66276010309301,FALSE
"2024_03","X1",-1.81654868581977,0.71344141826986,-3.21486817070787,-0.41822920093167,TRUE
"2024_03","X2",0.128568754504733,0.838446770187485,-1.51475671801667,1.77189422702613,FALSE
"2024_03","X3",1.16958911848235,1.08573875590595,-0.958419739712625,3.29759797667733,FALSE
"2024_04","X1",-0.720913697489388,0.794286781455205,-2.27768718253783,0.835859787559051,FALSE
"2024_04","X2",0.0735176659323082,0.831717401494215,-1.55661848631159,1.70365381817621,FALSE
"2024_04","X3",0.721191696744001,0.905837891517412,-1.05421794646183,2.49660133994983,FALSE
"2024_05","X1",0.374721290840995,0.076734403433946,0.224324623735294,0.525117957946696,TRUE
"2024_05","X2",0.0184665773598829,0.183254787520257,-0.340706206174361,0.377639360894127,FALSE
"2024_05","X3",0.272794275005647,0.206443512793987,-0.131827574912501,0.677416124923795,FALSE
"2024_06","X1",0.00865942198324855,0.0758994516259581,-0.140100769649969,0.157419613616466,FALSE
"2024_06","X2",-0.037286323280427,0.179154414253332,-0.388422522888328,0.313849876327474,FALSE
"2024_06","X3",-0.00182479418479728,0.201345241271783,-0.39645421553602,0.392804627166425,FALSE
"2024_07","X1",-0.380621960420231,0.0759906369181276,-0.529560871942021,-0.231683048898442,TRUE
"2024_07","X2",0.895868221504855,0.179703475680372,0.543655881274656,1.24808056173505,TRUE
"2024_07","X3",-0.666652601576134,0.202028357416694,-1.06262090596864,-0.270684297183627,TRUE
"2024_08","X1",0.00211609354855331,0.0817924820345022,-0.15819422544521,0.162426412542317,FALSE
"2024_08","X2",-0.0590786361884511,0.263994842931791,-0.576499020439071,0.458341748062168,FALSE
"2024_08","X3",-0.0312629783793301,0.338918024559037,-0.695530100226504,0.633004143467844,FALSE
"2024_09","X1",0.00515955791639738,0.0761210917796965,-0.144035040435676,0.15435415626847,FALSE
"2024_09","X2",-0.0593183780674317,0.179834319426227,-0.411787167327109,0.293150411192246,FALSE
"2024_09","X3",-0.0191529628946116,0.202369415097353,-0.415789728057859,0.377483802268636,FALSE
"2024_10","X1",-0.00159057917646582,0.514462786453765,-1.00991911201197,1.00673795365903,FALSE
"2024_10","X2",0.105434671299202,0.516381810808136,-0.90665508015632,1.11752442275472,FALSE
"2024_10","X3",-0.170357605589539,0.541970803642731,-1.23260086140152,0.891885650222442,FALSE
"2024_11","X1",-0.230121430607811,0.967535732555855,-2.12645662017286,1.66621375895724,FALSE
"2024_11","X2",0.192377304167894,0.95558960837977,-1.68054391225719,2.06529852059298,FALSE
"2024_11","X3",-0.0686947873969528,0.991741761196904,-2.01247292130721,1.8750833465133,FALSE
"2024_12","X1",-0.458652282039155,1.08600723963473,-2.58718735867299,1.66988279459468,FALSE
"2024_12","X2",0.279319937036586,1.06039345731865,-1.79901304874988,2.35765292282305,FALSE
"2024_12","X3",0.0329680307956332,1.13855721134165,-2.19856309777236,2.26449915936363,FALSE
"2025_01","X1",-0.6871831334705,0.997261726401717,-2.6417802003781,1.2674139334371,FALSE
"2025_01","X2",0.366262569905278,0.948946009305002,-1.49363743160554,2.22616257141609,FALSE
"2025_01","X3",0.134630848988219,1.1099616028447,-2.04085391680974,2.31011561478618,FALSE
"2025_02","X1",-0.915713984901845,0.617643159917159,-2.12627233363699,0.294844363833299,FALSE
"2025_02","X2",0.45320520277397,0.49126798430028,-0.509662353212167,1.41607275876011,FALSE
"2025_02","X3",0.236293667180805,0.889189760274157,-1.50648623837835,1.97907357273996,FALSE
"2025_03","X1",-0.641564429983087,0.841997814690158,-2.29184982183723,1.00872096187105,FALSE
"2025_03","X2",0.488877546425679,0.78680947463884,-1.05324068656133,2.03099577941269,FALSE
"2025_03","X3",-0.152370099095308,0.909806321548487,-1.93555772223721,1.63081752404659,FALSE
"2025_04","X1",-0.36741487506433,0.546114481099845,-1.43777958945581,0.702949839327147,FALSE
"2025_04","X2",0.524549890077388,0.506048132478509,-0.467286224024243,1.51638600417902,FALSE
"2025_04","X3",-0.541033865371421,0.554834149541352,-1.62848881586538,0.546421085122538,FALSE
"2025_05","X1",-1.03294987638424,0.704864451590816,-2.41445881548481,0.348559062716335,FALSE
"2025_05","X2",1.47383196175832,0.553583950419895,0.388827356515922,2.55883656700073,TRUE
"2025_05","X3",0.0650796627437439,0.762493872021119,-1.42938086485014,1.55954019033763,FALSE
"2025_06","X1",1.29018701164945,0.436862879697523,0.433951501259847,2.14642252203905,TRUE
"2025_06","X2",4.75183254256828,0.821400682843194,3.14191678731901,6.36174829781755,TRUE
"2025_06","X3",-1.11740942307104,1.03439234255872,-3.14478116037014,0.909962314228069,FALSE
"2025_07","X1",0.450830037087089,0.386804502371147,-0.307292856618296,1.20895293079247,FALSE
"2025_07","X2",3.22123658034425,0.829459847674291,1.59552515228056,4.84694800840794,TRUE
"2025_07","X3",-0.642234663542746,1.05934812590906,-2.71851883741451,1.43404951032902,FALSE
"2025_08","X1",-0.125794949077126,0.381377727186483,-0.873281558868374,0.621691660714123,FALSE
"2025_08","X2",1.37765174476207,0.75023270216042,-0.0927773314965219,2.84808082102065,FALSE
"2025_08","X3",-0.185109997900761,0.911631633659473,-1.97187516704074,1.60165517123922,FALSE
"2025_09","X1",0.0347954738318652,0.0856664648729753,-0.133107712002032,0.202698659665762,FALSE
"2025_09","X2",0.100605534252018,0.293524569176331,-0.474692049911227,0.675903118415262,FALSE
"2025_09","X3",0.172385990223141,0.379542675592444,-0.571503984534018,0.9162759649803,FALSE
"2025_10","X1",0.353179934114383,0.259561384722345,-0.155551031718758,0.861910899947523,FALSE
"2025_10","X2",0.782523498899958,0.466699322216884,-0.132190364254389,1.6972373620543,FALSE
"2025_10","X3",0.278702703224322,0.781614831014004,-1.25323421534549,1.81063962179413,FALSE
"2025_11","X1",1.67199733587437,0.303377027771362,1.0773892877057,2.26660538404305,TRUE
"2025_11","X2",2.92095105493071,0.520419386532177,1.90094780047122,3.94095430939021,TRUE
"2025_11","X3",-0.392459875518696,0.766210014806175,-1.8942039091327,1.10928415809531,FALSE
"2025_12","X1",0.0315457067912037,0.0774321737965159,-0.120218565094614,0.183309978677021,FALSE
"2025_12","X2",0.0404553056129009,0.187615110227433,-0.32726355338838,0.408174164614182,FALSE
"2025_12","X3",0.075737370788966,0.211698749789322,-0.339184554370262,0.490659295948194,FALSE
