x,seasonal,trend,remainder,remainder_l1,remainder_l2,anomaly,observed,Zone
1981.6666666666667,-3.642675875231377e-15,-1.4494824729050341e-15,5.092158348136411e-15,-3.1325656049095854e-14,3.2520060085097693e-14,No,0,NW
1981.75,-3.790640414028009e-15,-1.4374040611693296e-15,5.228044475197339e-15,-3.1325656049095854e-14,3.2520060085097693e-14,No,0,NW
1981.8333333333335,2.2288841976847375e-15,-1.4253256494336253e-15,-8.035585482511122e-16,-3.1325656049095854e-14,3.2520060085097693e-14,No,0,NW
1981.9166666666667,4.0052595800976965e-15,-1.4132472376979208e-15,-2.5920123423997757e-15,-3.1325656049095854e-14,3.2520060085097693e-14,No,0,NW
1982,6.846177617567802e-15,-1.4011688259622163e-15,-5.445008791605586e-15,-3.1325656049095854e-14,3.2520060085097693e-14,No,0,NW
1982.0833333333335,6.011611184128152e-15,-1.3890904142265118e-15,62.31112826154328,-3.1325656049095854e-14,3.2520060085097693e-14,No,62.31112826154329,NW
1982.1666666666667,6.886533707750404e-15,-1.3770120024908075e-15,-5.509521705259597e-15,-3.1325656049095854e-14,3.2520060085097693e-14,No,0,NW
1982.25,5.808745352751474e-15,-1.364933590755103e-15,-4.443811761996371e-15,-3.1325656049095854e-14,3.2520060085097693e-14,No,0,NW
1982.3333333333335,8.083279326377384e-16,-1.3528551790193985e-15,5.445272463816601e-16,-3.1325656049095854e-14,3.2520060085097693e-14,No,0,NW
1982.4166666666667,-4.457079917803122e-15,-1.3407767672836942e-15,5.797856685086816e-15,-3.1325656049095854e-14,3.2520060085097693e-14,No,0,NW
1982.5,-1.2241822952222212e-14,-1.3286983555479897e-15,62.311128261543466,-3.1325656049095854e-14,3.2520060085097693e-14,No,62.31112826154345,NW
1982.5833333333335,-8.463322161580405e-15,-1.3166199438122852e-15,9.779942105392689e-15,-3.1325656049095854e-14,3.2520060085097693e-14,No,0,NW
1982.6666666666667,-3.642675875231377e-15,-1.3045415320765807e-15,4.947217407307958e-15,-3.1325656049095854e-14,3.2520060085097693e-14,No,0,NW
1982.75,-3.790640414028009e-15,-1.2924631203408764e-15,5.0831035343688855e-15,-3.1325656049095854e-14,3.2520060085097693e-14,No,0,NW
1982.8333333333335,2.2288841976847375e-15,-1.2803847086051719e-15,-9.484994890795656e-16,-3.1325656049095854e-14,3.2520060085097693e-14,No,0,NW
1982.9166666666667,4.0052595800976965e-15,-1.2684957055494142e-15,-2.7367638745482825e-15,-3.1325656049095854e-14,3.2520060085097693e-14,No,0,NW
1983,6.846177617567802e-15,-1.2566067024936565e-15,-5.5895709150741455e-15,-3.1325656049095854e-14,3.2520060085097693e-14,No,0,NW
1983.0833333333335,6.011611184128152e-15,-1.2447176994378988e-15,-4.7668934846902536e-15,-3.1325656049095854e-14,3.2520060085097693e-14,No,0,NW
1983.1666666666667,6.886533707750404e-15,-1.2328286963821413e-15,-5.653705011368263e-15,-3.1325656049095854e-14,3.2520060085097693e-14,No,0,NW
1983.25,5.808745352751474e-15,-1.2209396933263836e-15,-4.587805659425091e-15,-3.1325656049095854e-14,3.2520060085097693e-14,No,0,NW
1983.3333333333335,8.083279326377384e-16,-1.2090506902706259e-15,4.007227576328875e-16,-3.1325656049095854e-14,3.2520060085097693e-14,No,0,NW
1983.4166666666667,-4.457079917803122e-15,-1.1971616872148682e-15,5.65424160501799e-15,-3.1325656049095854e-14,3.2520060085097693e-14,No,-7.888609052210118e-31,NW
1983.5,-1.2241822952222212e-14,-1.1852726841591105e-15,573.7465941551218,-3.1325656049095854e-14,3.2520060085097693e-14,Yes,573.7465941551218,NW
1983.5833333333335,-8.463322161580405e-15,-1.1733836811033528e-15,127.98250322722717,-3.1325656049095854e-14,3.2520060085097693e-14,No,127.98250322722716,NW
1983.6666666666667,-3.642675875231377e-15,-1.1614946780475951e-15,4.804170553278972e-15,-3.1325656049095854e-14,3.2520060085097693e-14,No,0,NW
1983.75,-3.790640414028009e-15,-1.1496056749918376e-15,4.940246089019847e-15,-3.1325656049095854e-14,3.2520060085097693e-14,No,0,NW
1983.8333333333335,2.2288841976847375e-15,-1.13771667193608e-15,2145.524536533163,-3.1325656049095854e-14,3.2520060085097693e-14,Yes,2145.524536533163,NW
1983.9166666666667,4.0052595800976965e-15,-1.1258276688803222e-15,382.04012760175993,-3.1325656049095854e-14,3.2520060085097693e-14,No,382.04012760175993,NW
1984,6.846177617567802e-15,-1.1139386658245645e-15,-5.732238951743238e-15,-3.1325656049095854e-14,3.2520060085097693e-14,No,0,NW
1984.0833333333335,6.011611184128152e-15,-1.1029519656950905e-15,-4.908659218433062e-15,-3.1325656049095854e-14,3.2520060085097693e-14,No,0,NW
1984.1666666666667,6.886533707750404e-15,-1.0919652655656166e-15,-5.7945684421847874e-15,-3.1325656049095854e-14,3.2520060085097693e-14,No,0,NW
1984.25,5.808745352751474e-15,-1.0809785654361428e-15,-4.727766787315331e-15,-3.1325656049095854e-14,3.2520060085097693e-14,No,0,NW
1984.3333333333335,8.083279326377384e-16,-1.0699918653066688e-15,2.616639326689304e-16,-3.1325656049095854e-14,3.2520060085097693e-14,No,0,NW
1984.4166666666667,-4.457079917803122e-15,-1.0590051651771948e-15,5.516085082980317e-15,-3.1325656049095854e-14,3.2520060085097693e-14,No,0,NW
1984.5,-1.2241822952222212e-14,-1.0480184650477209e-15,535.4441743714915,-3.1325656049095854e-14,3.2520060085097693e-14,Yes,535.4441743714915,NW
1984.5833333333335,-8.463322161580405e-15,-1.0370317649182469e-15,9.500353926498652e-15,-3.1325656049095854e-14,3.2520060085097693e-14,No,0,NW
1984.6666666666667,-3.642675875231377e-15,-1.0260450647887731e-15,4.66872094002015e-15,-3.1325656049095854e-14,3.2520060085097693e-14,No,0,NW
1984.75,-3.790640414028009e-15,-1.0150583646592991e-15,4.805698778687309e-15,-3.1325656049095854e-14,3.2520060085097693e-14,No,0,NW
1984.8333333333335,2.2288841976847375e-15,-1.0040716645298252e-15,-1.2248125331549123e-15,-3.1325656049095854e-14,3.2520060085097693e-14,No,0,NW
1984.9166666666667,4.0052595800976965e-15,-9.930849644003512e-16,-3.0121746156973453e-15,-3.1325656049095854e-14,3.2520060085097693e-14,No,0,NW
1985,6.846177617567802e-15,-9.820982642708774e-16,-5.864079353296925e-15,-3.1325656049095854e-14,3.2520060085097693e-14,No,0,NW
1985.0833333333335,6.011611184128152e-15,-9.711115641414034e-16,-5.0404996199867485e-15,-3.1325656049095854e-14,3.2520060085097693e-14,No,0,NW
1985.1666666666667,6.886533707750404e-15,-9.601248640119295e-16,-5.926408843738474e-15,-3.1325656049095854e-14,3.2520060085097693e-14,No,0,NW
1985.25,5.808745352751474e-15,-9.499761593971547e-16,-4.8587691933543194e-15,-3.1325656049095854e-14,3.2520060085097693e-14,No,0,NW
1985.3333333333335,8.083279326377384e-16,-9.398274547823799e-16,1.3149952214464149e-16,-3.1325656049095854e-14,3.2520060085097693e-14,No,0,NW
1985.4166666666667,-4.457079917803122e-15,-9.296787501676051e-16,5.386758667970727e-15,-3.1325656049095854e-14,3.2520060085097693e-14,No,0,NW
1985.5,-1.2241822952222212e-14,-9.195300455528303e-16,979.3536414118876,-3.1325656049095854e-14,3.2520060085097693e-14,Yes,979.3536414118876,NW
1985.5833333333335,-8.463322161580405e-15,-9.093813409380556e-16,9.37270350251846e-15,-3.1325656049095854e-14,3.2520060085097693e-14,No,0,NW
1985.6666666666667,-3.642675875231377e-15,-8.992326363232808e-16,4.541908511554658e-15,-3.1325656049095854e-14,3.2520060085097693e-14,No,0,NW
1985.75,-3.790640414028009e-15,-8.89083931708506e-16,4.6797243457365155e-15,-3.1325656049095854e-14,3.2520060085097693e-14,No,0,NW
1985.8333333333335,2.2288841976847375e-15,-8.789352270937313e-16,-1.3499489705910063e-15,-3.1325656049095854e-14,3.2520060085097693e-14,No,0,NW
1985.9166666666667,4.0052595800976965e-15,-8.687865224789565e-16,-3.13647305761874e-15,-3.1325656049095854e-14,3.2520060085097693e-14,No,0,NW
1986,6.846177617567802e-15,-8.586378178641818e-16,-5.9875397997036205e-15,-3.1325656049095854e-14,3.2520060085097693e-14,No,0,NW
1986.0833333333335,6.011611184128152e-15,-8.484891132494071e-16,-5.163122070878745e-15,-3.1325656049095854e-14,3.2520060085097693e-14,No,0,NW
1986.1666666666667,6.886533707750404e-15,-8.383404086346323e-16,-6.048193299115772e-15,-3.1325656049095854e-14,3.2520060085097693e-14,No,0,NW
1986.25,5.808745352751474e-15,-8.281917040198575e-16,-4.980553648731617e-15,-3.1325656049095854e-14,3.2520060085097693e-14,No,0,NW
1986.3333333333335,8.083279326377384e-16,-8.180429994050827e-16,9.715066767344339e-18,-3.1325656049095854e-14,3.2520060085097693e-14,No,0,NW
1986.4166666666667,-4.457079917803122e-15,-8.10850202740538e-16,5.2679301205436604e-15,-3.1325656049095854e-14,3.2520060085097693e-14,No,7.888609052210118e-31,NW
1986.5,-1.2241822952222212e-14,-8.036574060759934e-16,1.3045480358298204e-14,-3.1325656049095854e-14,3.2520060085097693e-14,No,0,NW
1986.5833333333335,-8.463322161580405e-15,-7.964646094114486e-16,9.259786770991854e-15,-3.1325656049095854e-14,3.2520060085097693e-14,No,0,NW
1986.6666666666667,-3.642675875231377e-15,-7.892718127469039e-16,1188.3707294815863,-3.1325656049095854e-14,3.2520060085097693e-14,Yes,1188.3707294815863,NW
1986.75,-3.790640414028009e-15,-7.820790160823591e-16,4.572719430110369e-15,-3.1325656049095854e-14,3.2520060085097693e-14,No,0,NW
1986.8333333333335,2.2288841976847375e-15,-7.748862194178145e-16,-1.453997978266923e-15,-3.1325656049095854e-14,3.2520060085097693e-14,No,0,NW
1986.9166666666667,4.0052595800976965e-15,-7.676934227532697e-16,-3.237566157344427e-15,-3.1325656049095854e-14,3.2520060085097693e-14,No,0,NW
1987,6.846177617567802e-15,-7.60500626088725e-16,-6.0856769914790776e-15,-3.1325656049095854e-14,3.2520060085097693e-14,No,0,NW
1987.0833333333335,6.011611184128152e-15,-7.533078294241804e-16,-5.258303354703972e-15,-3.1325656049095854e-14,3.2520060085097693e-14,No,0,NW
1987.1666666666667,6.886533707750404e-15,-7.461150327596356e-16,602.588527966845,-3.1325656049095854e-14,3.2520060085097693e-14,Yes,602.588527966845,NW
1987.25,5.808745352751474e-15,-7.389222360950909e-16,-5.069823116656383e-15,-3.1325656049095854e-14,3.2520060085097693e-14,No,0,NW
1987.3333333333335,8.083279326377384e-16,-7.317294394305461e-16,-7.659849320719228e-17,-3.1325656049095854e-14,3.2520060085097693e-14,No,0,NW
1987.4166666666667,-4.457079917803122e-15,-7.245366427660015e-16,5.1816165605691235e-15,-3.1325656049095854e-14,3.2520060085097693e-14,No,0,NW
1987.5,-1.2241822952222212e-14,-7.173438461014567e-16,1.2959166798323668e-14,-3.1325656049095854e-14,3.2520060085097693e-14,No,0,NW
1987.5833333333335,-8.463322161580405e-15,-7.17344432751567e-16,9.180666594331971e-15,-3.1325656049095854e-14,3.2520060085097693e-14,No,0,NW
1987.6666666666667,-3.642675875231377e-15,-7.173450194016771e-16,355.17366854350877,-3.1325656049095854e-14,3.2520060085097693e-14,No,355.17366854350877,NW
1987.75,-3.790640414028009e-15,-7.173456060517874e-16,4.5079860200797965e-15,-3.1325656049095854e-14,3.2520060085097693e-14,No,0,NW
1987.8333333333335,2.2288841976847375e-15,-7.173461927018976e-16,-1.51153800498284e-15,-3.1325656049095854e-14,3.2520060085097693e-14,No,0,NW
1987.9166666666667,4.0052595800976965e-15,-7.173467793520078e-16,-3.2879128007456886e-15,-3.1325656049095854e-14,3.2520060085097693e-14,No,0,NW
1988,6.846177617567802e-15,-7.17347366002118e-16,-6.128830251565684e-15,-3.1325656049095854e-14,3.2520060085097693e-14,No,0,NW
1988.0833333333335,6.011611184128152e-15,-7.173479526522282e-16,-5.294263231475924e-15,-3.1325656049095854e-14,3.2520060085097693e-14,No,0,NW
1988.1666666666667,6.886533707750404e-15,-7.173485393023384e-16,422.29286917878545,-3.1325656049095854e-14,3.2520060085097693e-14,No,422.29286917878545,NW
1988.25,5.808745352751474e-15,-7.173491259524486e-16,-5.0913962267990254e-15,-3.1325656049095854e-14,3.2520060085097693e-14,No,0,NW
1988.3333333333335,8.083279326377384e-16,-7.173497126025588e-16,-9.097822003517962e-17,-3.1325656049095854e-14,3.2520060085097693e-14,No,0,NW
1988.4166666666667,-4.457079917803122e-15,-7.17350299252669e-16,89.15451550496645,-3.1325656049095854e-14,3.2520060085097693e-14,No,89.15451550496645,NW
1988.5,-1.2241822952222212e-14,-7.173508859027793e-16,95.8496656378659,-3.1325656049095854e-14,3.2520060085097693e-14,No,95.84966563786588,NW
1988.5833333333335,-8.463322161580405e-15,-7.173514725528894e-16,9.180673634133294e-15,-3.1325656049095854e-14,3.2520060085097693e-14,No,0,NW
1988.6666666666667,-3.642675875231377e-15,-7.173520592029997e-16,4.360027934434377e-15,-3.1325656049095854e-14,3.2520060085097693e-14,No,0,NW
1988.75,-3.790640414028009e-15,-7.157462035206955e-16,4.506386617548705e-15,-3.1325656049095854e-14,3.2520060085097693e-14,No,0,NW
1988.8333333333335,2.2288841976847375e-15,-7.141403478383914e-16,727.1247866456106,-3.1325656049095854e-14,3.2520060085097693e-14,Yes,727.1247866456106,NW
1988.9166666666667,4.0052595800976965e-15,-7.125344921560873e-16,-3.2927250879416093e-15,-3.1325656049095854e-14,3.2520060085097693e-14,No,0,NW
1989,6.846177617567802e-15,-7.10928636473783e-16,188.35263674623133,-3.1325656049095854e-14,3.2520060085097693e-14,No,188.35263674623133,NW
1989.0833333333335,6.011611184128152e-15,-7.093227807914789e-16,158.16079389940958,-3.1325656049095854e-14,3.2520060085097693e-14,No,158.16079389940958,NW
1989.1666666666667,6.886533707750404e-15,-7.077169251091748e-16,259.32400290564317,-3.1325656049095854e-14,3.2520060085097693e-14,No,259.32400290564317,NW
1989.25,5.808745352751474e-15,-7.061110694268706e-16,-5.102634283324603e-15,-3.1325656049095854e-14,3.2520060085097693e-14,No,0,NW
1989.3333333333335,8.083279326377384e-16,-7.045052137445665e-16,465.85978899742935,-3.1325656049095854e-14,3.2520060085097693e-14,No,465.85978899742935,NW
1989.4166666666667,-4.457079917803122e-15,-7.028993580622623e-16,864.7046631476483,-3.1325656049095854e-14,3.2520060085097693e-14,Yes,864.7046631476483,NW
1989.5,-1.2241822952222212e-14,-7.012935023799582e-16,417.5359042222012,-3.1325656049095854e-14,3.2520060085097693e-14,No,417.5359042222012,NW
1989.5833333333335,-8.463322161580405e-15,-6.99687646697654e-16,1608.6663669816032,-3.1325656049095854e-14,3.2520060085097693e-14,Yes,1608.6663669816032,NW
1989.6666666666667,-3.642675875231377e-15,-6.980817910153498e-16,4.340757666246727e-15,-3.1325656049095854e-14,3.2520060085097693e-14,No,0,NW
1989.75,-3.790640414028009e-15,-6.964759353330457e-16,124.62225652308676,-3.1325656049095854e-14,3.2520060085097693e-14,No,124.62225652308676,NW
1989.8333333333335,2.2288841976847375e-15,-6.948700796507416e-16,-1.534014118033996e-15,-3.1325656049095854e-14,3.2520060085097693e-14,No,0,NW
1989.9166666666667,4.0052595800976965e-15,-6.948324278401912e-16,1465.8601945205808,-3.1325656049095854e-14,3.2520060085097693e-14,Yes,1465.8601945205808,NW
1990,6.846177617567802e-15,-6.947947760296408e-16,2611.538240257057,-3.1325656049095854e-14,3.2520060085097693e-14,Yes,2611.538240257057,NW
1990.0833333333335,6.011611184128152e-15,-6.947571242190904e-16,1620.661225713084,-3.1325656049095854e-14,3.2520060085097693e-14,Yes,1620.661225713084,NW
1990.1666666666667,6.886533707750404e-15,-6.9471947240854e-16,1597.187593727206,-3.1325656049095854e-14,3.2520060085097693e-14,Yes,1597.187593727206,NW
1990.25,5.808745352751474e-15,-6.946818205979896e-16,-5.114063532153484e-15,-3.1325656049095854e-14,3.2520060085097693e-14,No,0,NW
1990.3333333333335,8.083279326377384e-16,-6.946441687874393e-16,910.270602445042,-3.1325656049095854e-14,3.2520060085097693e-14,Yes,910.270602445042,NW
1990.4166666666667,-4.457079917803122e-15,-6.946065169768889e-16,5.151686434780011e-15,-3.1325656049095854e-14,3.2520060085097693e-14,No,0,NW
1990.5,-1.2241822952222212e-14,-6.945688651663384e-16,1957.171899786932,-3.1325656049095854e-14,3.2520060085097693e-14,Yes,1957.171899786932,NW
1990.5833333333335,-8.463322161580405e-15,-6.94531213355788e-16,542.1581607452879,-3.1325656049095854e-14,3.2520060085097693e-14,Yes,542.1581607452879,NW
1990.6666666666667,-3.642675875231377e-15,-6.944935615452376e-16,4.3371694367766145e-15,-3.1325656049095854e-14,3.2520060085097693e-14,No,0,NW
1990.75,-3.790640414028009e-15,-6.944559097346872e-16,4.485096323762696e-15,-3.1325656049095854e-14,3.2520060085097693e-14,No,0,NW
1990.8333333333335,2.2288841976847375e-15,-6.944182579241369e-16,-1.5344659397606006e-15,-3.1325656049095854e-14,3.2520060085097693e-14,No,0,NW
1990.9166666666667,4.0052595800976965e-15,-6.943806061135865e-16,-3.31087897398411e-15,-3.1325656049095854e-14,3.2520060085097693e-14,No,0,NW
1991,6.846177617567802e-15,-6.943429543030361e-16,-6.151834663264766e-15,-3.1325656049095854e-14,3.2520060085097693e-14,No,0,NW
1991.0833333333335,6.011611184128152e-15,-6.903473164272107e-16,-5.3212638677009415e-15,-3.1325656049095854e-14,3.2520060085097693e-14,No,0,NW
1991.1666666666667,6.886533707750404e-15,-6.863516785513851e-16,-6.200182029199019e-15,-3.1325656049095854e-14,3.2520060085097693e-14,No,0,NW
1991.25,5.808745352751474e-15,-6.823560406755597e-16,-5.1263893120759145e-15,-3.1325656049095854e-14,3.2520060085097693e-14,No,0,NW
1991.3333333333335,8.083279326377384e-16,-6.783604027997343e-16,-1.2996752983800413e-16,-3.1325656049095854e-14,3.2520060085097693e-14,No,0,NW
1991.4166666666667,-4.457079917803122e-15,-6.7436476492390885e-16,5.131444682727031e-15,-3.1325656049095854e-14,3.2520060085097693e-14,No,0,NW
1991.5,-1.2241822952222212e-14,-6.703691270480833e-16,1.2912192079270296e-14,-3.1325656049095854e-14,3.2520060085097693e-14,No,1.5777218104420236e-30,NW
1991.5833333333335,-8.463322161580405e-15,-6.663734891722579e-16,1775.5144131735997,-3.1325656049095854e-14,3.2520060085097693e-14,Yes,1775.5144131735997,NW
1991.6666666666667,-3.642675875231377e-15,-6.623778512964325e-16,264.11006271430676,-3.1325656049095854e-14,3.2520060085097693e-14,No,264.11006271430676,NW
1991.75,-3.790640414028009e-15,-6.583822134206069e-16,4.4490226274486165e-15,-3.1325656049095854e-14,3.2520060085097693e-14,No,0,NW
1991.8333333333335,2.2288841976847375e-15,-6.543865755447815e-16,-1.5744976221399559e-15,-3.1325656049095854e-14,3.2520060085097693e-14,No,0,NW
1991.9166666666667,4.0052595800976965e-15,-6.503909376689561e-16,-3.3548686424287405e-15,-3.1325656049095854e-14,3.2520060085097693e-14,No,0,NW
1992,6.846177617567802e-15,-6.463952997931307e-16,-6.199782317774672e-15,-3.1325656049095854e-14,3.2520060085097693e-14,No,0,NW
1992.0833333333335,6.011611184128152e-15,-6.423996619173051e-16,-5.3692115222108474e-15,-3.1325656049095854e-14,3.2520060085097693e-14,No,-7.888609052210118e-31,NW
1992.1666666666667,6.886533707750404e-15,-6.384040240414797e-16,-6.248129683708924e-15,-3.1325656049095854e-14,3.2520060085097693e-14,No,0,NW
1992.25,5.808745352751474e-15,-6.13029991453292e-16,-5.195715361298182e-15,-3.1325656049095854e-14,3.2520060085097693e-14,No,0,NW
1992.3333333333335,8.083279326377384e-16,-5.876559588651044e-16,-2.2067197377263403e-16,-3.1325656049095854e-14,3.2520060085097693e-14,No,0,NW
1992.4166666666667,-4.457079917803122e-15,-5.622819262769167e-16,5.019361844080039e-15,-3.1325656049095854e-14,3.2520060085097693e-14,No,7.888609052210118e-31,NW
1992.5,-1.2241822952222212e-14,-5.36907893688729e-16,1.2778730845910941e-14,-3.1325656049095854e-14,3.2520060085097693e-14,No,0,NW
1992.5833333333335,-8.463322161580405e-15,-5.115338611005414e-16,8.974856022680945e-15,-3.1325656049095854e-14,3.2520060085097693e-14,No,0,NW
1992.6666666666667,-3.642675875231377e-15,-4.861598285123536e-16,4.1288357037437306e-15,-3.1325656049095854e-14,3.2520060085097693e-14,No,0,NW
1992.75,-3.790640414028009e-15,-4.607857959241659e-16,4.251426209952175e-15,-3.1325656049095854e-14,3.2520060085097693e-14,No,0,NW
1992.8333333333335,2.2288841976847375e-15,-4.3541176333597827e-16,-1.7934724343487593e-15,-3.1325656049095854e-14,3.2520060085097693e-14,No,0,NW
1992.9166666666667,4.0052595800976965e-15,-4.100377307477906e-16,-3.595221849349906e-15,-3.1325656049095854e-14,3.2520060085097693e-14,No,0,NW
1993,6.846177617567802e-15,-3.8466369815960294e-16,-6.461513919408199e-15,-3.1325656049095854e-14,3.2520060085097693e-14,No,0,NW
1993.0833333333335,6.011611184128152e-15,-3.5928966557141527e-16,-5.652321518556737e-15,-3.1325656049095854e-14,3.2520060085097693e-14,No,0,NW
1993.1666666666667,6.886533707750404e-15,-3.339156329832276e-16,-6.552618074767176e-15,-3.1325656049095854e-14,3.2520060085097693e-14,No,0,NW
1993.25,5.808745352751474e-15,-3.0854160039503993e-16,-5.500203752356434e-15,-3.1325656049095854e-14,3.2520060085097693e-14,No,0,NW
1993.3333333333335,8.083279326377384e-16,-2.831675678068522e-16,-5.251603648308861e-16,-3.1325656049095854e-14,3.2520060085097693e-14,No,9.860761315262648e-32,NW
1993.4166666666667,-4.457079917803122e-15,-2.443110258634861e-16,912.241980027484,-3.1325656049095854e-14,3.2520060085097693e-14,Yes,912.241980027484,NW
1993.5,-1.2241822952222212e-14,-2.0545448392011997e-16,1.2447277436142332e-14,-3.1325656049095854e-14,3.2520060085097693e-14,No,0,NW
1993.5833333333335,-8.463322161580405e-15,-1.6659794197675387e-16,8.629920103557159e-15,-3.1325656049095854e-14,3.2520060085097693e-14,No,0,NW
1993.6666666666667,-3.642675875231377e-15,-1.2774140003338775e-16,3.7704172752647645e-15,-3.1325656049095854e-14,3.2520060085097693e-14,No,0,NW
1993.75,-3.790640414028009e-15,-8.888485809002163e-17,3.879525272118031e-15,-3.1325656049095854e-14,3.2520060085097693e-14,No,0,NW
1993.8333333333335,2.2288841976847375e-15,-5.0028316146655515e-17,-2.178855881538082e-15,-3.1325656049095854e-14,3.2520060085097693e-14,No,0,NW
1993.9166666666667,4.0052595800976965e-15,-1.1171774203289398e-17,-3.994087805894407e-15,-3.1325656049095854e-14,3.2520060085097693e-14,No,0,NW
1994,6.846177617567802e-15,2.768476774007672e-17,-6.873862385307879e-15,-3.1325656049095854e-14,3.2520060085097693e-14,No,0,NW
1994.0833333333335,6.011611184128152e-15,6.654130968344284e-17,-6.078152493811595e-15,-3.1325656049095854e-14,3.2520060085097693e-14,No,0,NW
1994.1666666666667,6.886533707750404e-15,1.0539785162680895e-16,-6.991931559377213e-15,-3.1325656049095854e-14,3.2520060085097693e-14,No,0,NW
1994.25,5.808745352751474e-15,1.4425439357017506e-16,-5.952999746321649e-15,-3.1325656049095854e-14,3.2520060085097693e-14,No,0,NW
1994.3333333333335,8.083279326377384e-16,1.8311093551354119e-16,-9.914388681512796e-16,-3.1325656049095854e-14,3.2520060085097693e-14,No,0,NW
1994.4166666666667,-4.457079917803122e-15,2.219674774569073e-16,1297.6186338606622,-3.1325656049095854e-14,3.2520060085097693e-14,Yes,1297.6186338606622,NW
1994.5,-1.2241822952222212e-14,2.6082401940027336e-16,1.1980998932821938e-14,-3.1325656049095854e-14,3.2520060085097693e-14,No,0,NW
1994.5833333333335,-8.463322161580405e-15,2.7365160902043737e-16,8.189670552559968e-15,-3.1325656049095854e-14,3.2520060085097693e-14,No,0,NW
1994.6666666666667,-3.642675875231377e-15,2.8647919864060143e-16,3.3561966765907757e-15,-3.1325656049095854e-14,3.2520060085097693e-14,No,0,NW
1994.75,-3.790640414028009e-15,2.9930678826076544e-16,3.4913336257672438e-15,-3.1325656049095854e-14,3.2520060085097693e-14,No,0,NW
1994.8333333333335,2.2288841976847375e-15,3.121343778809295e-16,-2.5410185755656668e-15,-3.1325656049095854e-14,3.2520060085097693e-14,No,0,NW
1994.9166666666667,4.0052595800976965e-15,3.249619675010935e-16,284.2023023840978,-3.1325656049095854e-14,3.2520060085097693e-14,No,284.2023023840978,NW
1995,6.846177617567802e-15,3.3778955712125757e-16,504.76761275054577,-3.1325656049095854e-14,3.2520060085097693e-14,Yes,504.76761275054577,NW
1995.0833333333335,6.011611184128152e-15,3.506171467414216e-16,-6.3622283308695736e-15,-3.1325656049095854e-14,3.2520060085097693e-14,No,0,NW
1995.1666666666667,6.886533707750404e-15,3.6344473636158564e-16,191.69933127573228,-3.1325656049095854e-14,3.2520060085097693e-14,No,191.69933127573228,NW
1995.25,5.808745352751474e-15,3.7627232598174965e-16,-6.1850176787332236e-15,-3.1325656049095854e-14,3.2520060085097693e-14,No,0,NW
1995.3333333333335,8.083279326377384e-16,3.8909991560191366e-16,-1.197427848239652e-15,-3.1325656049095854e-14,3.2520060085097693e-14,No,9.860761315262648e-32,NW
1995.4166666666667,-4.457079917803122e-15,4.019275052220777e-16,4.055152412581044e-15,-3.1325656049095854e-14,3.2520060085097693e-14,No,0,NW
1995.5,-1.2241822952222212e-14,4.1475509484224173e-16,1832.5496432638452,-3.1325656049095854e-14,3.2520060085097693e-14,Yes,1832.5496432638452,NW
1995.5833333333335,-8.463322161580405e-15,4.275826844624058e-16,124.62225652308678,-3.1325656049095854e-14,3.2520060085097693e-14,No,124.62225652308676,NW
1995.6666666666667,-3.642675875231377e-15,4.404102740825698e-16,3.2022656011488074e-15,-3.1325656049095854e-14,3.2520060085097693e-14,No,0,NW
1995.75,-3.790640414028009e-15,4.3215788729712523e-16,3.358482526730884e-15,-3.1325656049095854e-14,3.2520060085097693e-14,No,0,NW
1995.8333333333335,2.2288841976847375e-15,4.239055005116806e-16,814.9153931800564,-3.1325656049095854e-14,3.2520060085097693e-14,Yes,814.9153931800564,NW
1995.9166666666667,4.0052595800976965e-15,4.1565311372623605e-16,1957.171899786932,-3.1325656049095854e-14,3.2520060085097693e-14,No,1957.171899786932,NW
1996,6.846177617567802e-15,4.0740072694079143e-16,1125.470979430828,-3.1325656049095854e-14,3.2520060085097693e-14,Yes,1125.470979430828,NW
1996.0833333333335,6.011611184128152e-15,3.9914834015534687e-16,65.67137496568373,-3.1325656049095854e-14,3.2520060085097693e-14,No,65.67137496568373,NW
1996.1666666666667,6.886533707750404e-15,3.9089595336990225e-16,-7.277429661120306e-15,-3.1325656049095854e-14,3.2520060085097693e-14,No,7.888609052210118e-31,NW
1996.25,5.808745352751474e-15,3.826435665844577e-16,89.15451550496665,-3.1325656049095854e-14,3.2520060085097693e-14,No,89.15451550496665,NW
1996.3333333333335,8.083279326377384e-16,3.7439117979901307e-16,-1.1827191124367515e-15,-3.1325656049095854e-14,3.2520060085097693e-14,No,0,NW
1996.4166666666667,-4.457079917803122e-15,3.661387930135685e-16,4.090941124789553e-15,-3.1325656049095854e-14,3.2520060085097693e-14,No,0,NW
1996.5,-1.2241822952222212e-14,3.5788640622812394e-16,1.1883936545994087e-14,-3.1325656049095854e-14,3.2520060085097693e-14,No,0,NW
1996.5833333333335,-8.463322161580405e-15,3.4963401944267933e-16,8.113688142137726e-15,-3.1325656049095854e-14,3.2520060085097693e-14,No,0,NW
1996.6666666666667,-3.642675875231377e-15,3.4138163265723476e-16,3.3012942425741423e-15,-3.1325656049095854e-14,3.2520060085097693e-14,No,0,NW
1996.75,-3.790640414028009e-15,3.3312924587179014e-16,3.4575111681562193e-15,-3.1325656049095854e-14,3.2520060085097693e-14,No,0,NW
1996.8333333333335,2.2288841976847375e-15,3.248768590863456e-16,-2.553761056771083e-15,-3.1325656049095854e-14,3.2520060085097693e-14,No,0,NW
1996.9166666666667,4.0052595800976965e-15,3.1989422423890846e-16,-4.325153804336605e-15,-3.1325656049095854e-14,3.2520060085097693e-14,No,0,NW
1997,6.846177617567802e-15,3.149115893914713e-16,-7.161089206959273e-15,-3.1325656049095854e-14,3.2520060085097693e-14,No,0,NW
1997.0833333333335,6.011611184128152e-15,3.099289545440342e-16,1405.5077482137797,-3.1325656049095854e-14,3.2520060085097693e-14,Yes,1405.5077482137797,NW
1997.1666666666667,6.886533707750404e-15,3.0494631969659707e-16,640.8186670781188,-3.1325656049095854e-14,3.2520060085097693e-14,Yes,640.8186670781188,NW
1997.25,5.808745352751474e-15,2.9996368484915996e-16,92.50297110836544,-3.1325656049095854e-14,3.2520060085097693e-14,No,92.50297110836544,NW
1997.3333333333335,8.083279326377384e-16,2.949810500017228e-16,190.2936314887706,-3.1325656049095854e-14,3.2520060085097693e-14,No,190.2936314887706,NW
1997.4166666666667,-4.457079917803122e-15,2.899984151542857e-16,1203.1013550430152,-3.1325656049095854e-14,3.2520060085097693e-14,Yes,1203.1013550430152,NW
1997.5,-1.2241822952222212e-14,2.8501578030684857e-16,1.1956807171915363e-14,-3.1325656049095854e-14,3.2520060085097693e-14,No,0,NW
1997.5833333333335,-8.463322161580405e-15,2.800331454594114e-16,188.3526367462309,-3.1325656049095854e-14,3.2520060085097693e-14,No,188.3526367462309,NW
1997.6666666666667,-3.642675875231377e-15,2.750505106119743e-16,3.367625364619403e-15,-3.1325656049095854e-14,3.2520060085097693e-14,No,0,NW
1997.75,-3.790640414028009e-15,2.7006787576453717e-16,1593.336998176148,-3.1325656049095854e-14,3.2520060085097693e-14,Yes,1593.336998176148,NW
1997.8333333333335,2.2288841976847375e-15,2.6508524091710006e-16,650.8639701402618,-3.1325656049095854e-14,3.2520060085097693e-14,Yes,650.8639701402618,NW
1997.9166666666667,4.0052595800976965e-15,2.601026060696629e-16,927.0583378995424,-3.1325656049095854e-14,3.2520060085097693e-14,Yes,927.0583378995424,NW
1998,6.846177617567802e-15,2.551199712222258e-16,1428.4469685707695,-3.1325656049095854e-14,3.2520060085097693e-14,Yes,1428.4469685707695,NW
1998.0833333333335,6.011611184128152e-15,2.450841181918331e-16,1957.171899786932,-3.1325656049095854e-14,3.2520060085097693e-14,No,1957.171899786932,NW
1998.1666666666667,6.886533707750404e-15,2.350482651614405e-16,2891.449923463619,-3.1325656049095854e-14,3.2520060085097693e-14,Yes,2891.449923463619,NW
1998.25,5.808745352751474e-15,2.250124121310478e-16,-6.033757764882521e-15,-3.1325656049095854e-14,3.2520060085097693e-14,No,0,NW
1998.3333333333335,8.083279326377384e-16,2.1497655910065518e-16,-1.0233044917383935e-15,-3.1325656049095854e-14,3.2520060085097693e-14,No,9.860761315262648e-32,NW
1998.4166666666667,-4.457079917803122e-15,2.0494070607026253e-16,4.25213921173286e-15,-3.1325656049095854e-14,3.2520060085097693e-14,No,0,NW
1998.5,-1.2241822952222212e-14,1.949048530398699e-16,1.2046918099182342e-14,-3.1325656049095854e-14,3.2520060085097693e-14,No,0,NW
1998.5833333333335,-8.463322161580405e-15,1.8486900000947724e-16,8.278453161570928e-15,-3.1325656049095854e-14,3.2520060085097693e-14,No,0,NW
1998.6666666666667,-3.642675875231377e-15,1.7483314697908457e-16,3.4678427282522923e-15,-3.1325656049095854e-14,3.2520060085097693e-14,No,0,NW
1998.75,-3.790640414028009e-15,1.6479729394869193e-16,3.6258431200793176e-15,-3.1325656049095854e-14,3.2520060085097693e-14,No,0,NW
1998.8333333333335,2.2288841976847375e-15,1.5476144091829928e-16,-2.383645638603037e-15,-3.1325656049095854e-14,3.2520060085097693e-14,No,0,NW
1998.9166666666667,4.0052595800976965e-15,1.4472558788790664e-16,-4.149985167985603e-15,-3.1325656049095854e-14,3.2520060085097693e-14,No,0,NW
1999,6.846177617567802e-15,1.34689734857514e-16,-6.9808673524253164e-15,-3.1325656049095854e-14,3.2520060085097693e-14,No,0,NW
1999.0833333333335,6.011611184128152e-15,1.2465388182712135e-16,-6.1362650659552734e-15,-3.1325656049095854e-14,3.2520060085097693e-14,No,0,NW
1999.1666666666667,6.886533707750404e-15,1.1461802879672868e-16,-7.001151736547133e-15,-3.1325656049095854e-14,3.2520060085097693e-14,No,0,NW
1999.25,5.808745352751474e-15,8.512394556809851e-17,-5.893869298319572e-15,-3.1325656049095854e-14,3.2520060085097693e-14,No,0,NW
1999.3333333333335,8.083279326377384e-16,5.562986233946834e-17,-8.639577949772068e-16,-3.1325656049095854e-14,3.2520060085097693e-14,No,-9.860761315262648e-32,NW
1999.4166666666667,-4.457079917803122e-15,2.6135779110838167e-17,309.68715536570573,-3.1325656049095854e-14,3.2520060085097693e-14,No,309.68715536570573,NW
1999.5,-1.2241822952222212e-14,-3.3583041177920044e-18,1.2245181256340004e-14,-3.1325656049095854e-14,3.2520060085097693e-14,No,0,NW
1999.5833333333335,-8.463322161580405e-15,-3.2852387346422176e-17,2759.5423628582093,-3.1325656049095854e-14,3.2520060085097693e-14,Yes,2759.5423628582093,NW
1999.6666666666667,-3.642675875231377e-15,-6.234647057505235e-17,247.35615856888123,-3.1325656049095854e-14,3.2520060085097693e-14,No,247.35615856888123,NW
1999.75,-3.790640414028009e-15,-9.184055380368252e-17,3.882480967831692e-15,-3.1325656049095854e-14,3.2520060085097693e-14,No,0,NW
1999.8333333333335,2.2288841976847375e-15,-1.213346370323127e-16,-2.107549560652425e-15,-3.1325656049095854e-14,3.2520060085097693e-14,No,0,NW
1999.9166666666667,4.0052595800976965e-15,-1.5082872026094287e-16,-3.8544308598367536e-15,-3.1325656049095854e-14,3.2520060085097693e-14,No,0,NW
2000,6.846177617567802e-15,-1.8032280348957303e-16,-6.6658548140782294e-15,-3.1325656049095854e-14,3.2520060085097693e-14,No,0,NW
2000.0833333333335,6.011611184128152e-15,-2.098168867182032e-16,-5.801794297409949e-15,-3.1325656049095854e-14,3.2520060085097693e-14,No,0,NW
2000.1666666666667,6.886533707750404e-15,-2.393109699468334e-16,-6.647222737803571e-15,-3.1325656049095854e-14,3.2520060085097693e-14,No,0,NW
2000.25,5.808745352751474e-15,-2.6880505317546356e-16,-5.53994029957601e-15,-3.1325656049095854e-14,3.2520060085097693e-14,No,0,NW
2000.3333333333335,8.083279326377384e-16,-2.982991364040937e-16,381.99296276450286,-3.1325656049095854e-14,3.2520060085097693e-14,No,381.99296276450286,NW
2000.4166666666667,-4.457079917803122e-15,-3.3861861771219645e-16,1339.8464670229928,-3.1325656049095854e-14,3.2520060085097693e-14,Yes,1339.8464670229928,NW
2000.5,-1.2241822952222212e-14,-3.789380990202992e-16,62.311128261543175,-3.1325656049095854e-14,3.2520060085097693e-14,No,62.31112826154316,NW
2000.5833333333335,-8.463322161580405e-15,-4.19257580328402e-16,8.882579741908807e-15,-3.1325656049095854e-14,3.2520060085097693e-14,No,0,NW
2000.6666666666667,-3.642675875231377e-15,-4.595770616365048e-16,4.102252936867882e-15,-3.1325656049095854e-14,3.2520060085097693e-14,No,0,NW
2000.75,-3.790640414028009e-15,-4.998965429446075e-16,4.290536956972616e-15,-3.1325656049095854e-14,3.2520060085097693e-14,No,0,NW
2000.8333333333335,2.2288841976847375e-15,-5.402160242527102e-16,-1.6886681734320271e-15,-3.1325656049095854e-14,3.2520060085097693e-14,No,0,NW
2000.9166666666667,4.0052595800976965e-15,-5.805355055608129e-16,-3.4247240745368836e-15,-3.1325656049095854e-14,3.2520060085097693e-14,No,0,NW
2001,6.846177617567802e-15,-6.208549868689157e-16,-6.225322630698887e-15,-3.1325656049095854e-14,3.2520060085097693e-14,No,0,NW
2001.0833333333335,6.011611184128152e-15,-6.611744681770185e-16,-5.3504367159511336e-15,-3.1325656049095854e-14,3.2520060085097693e-14,No,0,NW
2001.1666666666667,6.886533707750404e-15,-7.014939494851212e-16,168.2569386766973,-3.1325656049095854e-14,3.2520060085097693e-14,No,168.2569386766973,NW
2001.25,5.808745352751474e-15,-7.41813430793224e-16,-5.06693192195825e-15,-3.1325656049095854e-14,3.2520060085097693e-14,No,0,NW
2001.3333333333335,8.083279326377384e-16,-7.821329121013267e-16,-2.619502053641173e-17,-3.1325656049095854e-14,3.2520060085097693e-14,No,0,NW
2001.4166666666667,-4.457079917803122e-15,-8.224523934094295e-16,5.279532311212551e-15,-3.1325656049095854e-14,3.2520060085097693e-14,No,0,NW
2001.5,-1.2241822952222212e-14,-8.627718747175323e-16,1.3104594826939744e-14,-3.1325656049095854e-14,3.2520060085097693e-14,No,0,NW
2001.5833333333335,-8.463322161580405e-15,-8.95163812118014e-16,89.15451550496647,-3.1325656049095854e-14,3.2520060085097693e-14,No,89.15451550496645,NW
2001.6666666666667,-3.642675875231377e-15,-9.275557495184959e-16,4.5702316247498725e-15,-3.1325656049095854e-14,3.2520060085097693e-14,No,0,NW
2001.75,-3.790640414028009e-15,-9.599476869189777e-16,4.7505881009469866e-15,-3.1325656049095854e-14,3.2520060085097693e-14,No,0,NW
2001.8333333333335,2.2288841976847375e-15,-9.923396243194593e-16,-1.2365445733652782e-15,-3.1325656049095854e-14,3.2520060085097693e-14,No,0,NW
2001.9166666666667,4.0052595800976965e-15,-1.0247315617199411e-15,-2.9805280183777556e-15,-3.1325656049095854e-14,3.2520060085097693e-14,No,0,NW
2002,6.846177617567802e-15,-1.057123499120423e-15,801.4861062308217,-3.1325656049095854e-14,3.2520060085097693e-14,Yes,801.4861062308217,NW
2002.0833333333335,6.011611184128152e-15,-1.0895154365209047e-15,627.9794439408329,-3.1325656049095854e-14,3.2520060085097693e-14,Yes,627.9794439408329,NW
2002.1666666666667,6.886533707750404e-15,-1.1219073739213865e-15,1132.730902832249,-3.1325656049095854e-14,3.2520060085097693e-14,Yes,1132.730902832249,NW
2002.25,5.808745352751474e-15,-1.1542993113218684e-15,-4.654446041429606e-15,-3.1325656049095854e-14,3.2520060085097693e-14,No,0,NW
2002.3333333333335,8.083279326377384e-16,-1.18669124872235e-15,3.7836331608461156e-16,-3.1325656049095854e-14,3.2520060085097693e-14,No,0,NW
2002.4166666666667,-4.457079917803122e-15,-1.2190831861228318e-15,5.676163103925954e-15,-3.1325656049095854e-14,3.2520060085097693e-14,No,0,NW
2002.5,-1.2241822952222212e-14,-1.2514751235233136e-15,1.3493298075745525e-14,-3.1325656049095854e-14,3.2520060085097693e-14,No,0,NW
2002.5833333333335,-8.463322161580405e-15,-1.2838670609237954e-15,9.7471892225042e-15,-3.1325656049095854e-14,3.2520060085097693e-14,No,0,NW
2002.6666666666667,-3.642675875231377e-15,-1.3162589983242772e-15,333.1273659537723,-3.1325656049095854e-14,3.2520060085097693e-14,No,333.1273659537723,NW
2002.75,-3.790640414028009e-15,-1.3298016389540088e-15,1164.3499740338702,-3.1325656049095854e-14,3.2520060085097693e-14,Yes,1164.3499740338702,NW
2002.8333333333335,2.2288841976847375e-15,-1.3433442795837405e-15,-8.85539918100997e-16,-3.1325656049095854e-14,3.2520060085097693e-14,No,0,NW
2002.9166666666667,4.0052595800976965e-15,-1.356886920213472e-15,-2.6483726598842244e-15,-3.1325656049095854e-14,3.2520060085097693e-14,No,0,NW
2003,6.846177617567802e-15,-1.3704295608432037e-15,-5.4757480567245985e-15,-3.1325656049095854e-14,3.2520060085097693e-14,No,0,NW
2003.0833333333335,6.011611184128152e-15,-1.3839722014729353e-15,-4.6276389826552164e-15,-3.1325656049095854e-14,3.2520060085097693e-14,No,7.888609052210118e-31,NW
2003.1666666666667,6.886533707750404e-15,-1.397514842102667e-15,92.50297110836502,-3.1325656049095854e-14,3.2520060085097693e-14,No,92.50297110836502,NW
2003.25,5.808745352751474e-15,-1.4110574827323986e-15,-4.397687870019075e-15,-3.1325656049095854e-14,3.2520060085097693e-14,No,0,NW
2003.3333333333335,8.083279326377384e-16,-1.4246001233621302e-15,6.162721907243918e-16,-3.1325656049095854e-14,3.2520060085097693e-14,No,0,NW
2003.4166666666667,-4.457079917803122e-15,-1.4381427639918618e-15,5.895222681794984e-15,-3.1325656049095854e-14,3.2520060085097693e-14,No,7.888609052210118e-31,NW
2003.5,-1.2241822952222212e-14,-1.4516854046215934e-15,1.3693508356843804e-14,-3.1325656049095854e-14,3.2520060085097693e-14,No,-1.5777218104420236e-30,NW
2003.5833333333335,-8.463322161580405e-15,-1.465228045251325e-15,2126.78006170037,-3.1325656049095854e-14,3.2520060085097693e-14,Yes,2126.78006170037,NW
2003.6666666666667,-3.642675875231377e-15,-1.4787706858810567e-15,1390.0832827902009,-3.1325656049095854e-14,3.2520060085097693e-14,Yes,1390.0832827902009,NW
2003.75,-3.790640414028009e-15,-1.4923133265107883e-15,5.282953740538797e-15,-3.1325656049095854e-14,3.2520060085097693e-14,No,0,NW
2003.8333333333335,2.2288841976847375e-15,-1.50585596714052e-15,-7.230282305442175e-16,-3.1325656049095854e-14,3.2520060085097693e-14,No,0,NW
2003.9166666666667,4.0052595800976965e-15,-1.5141691367643514e-15,-2.491090443333345e-15,-3.1325656049095854e-14,3.2520060085097693e-14,No,0,NW
2004,6.846177617567802e-15,-1.5224823063881828e-15,-5.323695311179619e-15,-3.1325656049095854e-14,3.2520060085097693e-14,No,0,NW
2004.0833333333335,6.011611184128152e-15,-1.5307954760120142e-15,-4.480815708116138e-15,-3.1325656049095854e-14,3.2520060085097693e-14,No,0,NW
2004.1666666666667,6.886533707750404e-15,-1.5391086456358455e-15,-5.3474250621145585e-15,-3.1325656049095854e-14,3.2520060085097693e-14,No,0,NW
2004.25,5.808745352751474e-15,-1.547421815259677e-15,-4.261323537491797e-15,-3.1325656049095854e-14,3.2520060085097693e-14,No,0,NW
2004.3333333333335,8.083279326377384e-16,-1.5557349848835083e-15,7.474070522457699e-16,-3.1325656049095854e-14,3.2520060085097693e-14,No,0,NW
2004.4166666666667,-4.457079917803122e-15,-1.5640481545073398e-15,2327.178564746752,-3.1325656049095854e-14,3.2520060085097693e-14,Yes,2327.178564746752,NW
2004.5,-1.2241822952222212e-14,-1.5723613241311712e-15,82.45257610097516,-3.1325656049095854e-14,3.2520060085097693e-14,No,82.45257610097515,NW
2004.5833333333335,-8.463322161580405e-15,-1.5806744937550026e-15,1874.7193236859569,-3.1325656049095854e-14,3.2520060085097693e-14,Yes,1874.7193236859569,NW
2004.6666666666667,-3.642675875231377e-15,-1.588987663378834e-15,5.231663538610211e-15,-3.1325656049095854e-14,3.2520060085097693e-14,No,0,NW
2004.75,-3.790640414028009e-15,-1.5973008330026653e-15,5.387941247030675e-15,-3.1325656049095854e-14,3.2520060085097693e-14,No,0,NW
2004.8333333333335,2.2288841976847375e-15,-1.6056140026264967e-15,-6.232701950582407e-16,-3.1325656049095854e-14,3.2520060085097693e-14,No,0,NW
2004.9166666666667,4.0052595800976965e-15,-1.6139271722503282e-15,-2.3913324078473683e-15,-3.1325656049095854e-14,3.2520060085097693e-14,No,0,NW
2005,6.846177617567802e-15,-1.6222403418741596e-15,-5.223937275693643e-15,-3.1325656049095854e-14,3.2520060085097693e-14,No,0,NW
2005.0833333333335,6.011611184128152e-15,-1.63576196251781e-15,-4.3758492216103424e-15,-3.1325656049095854e-14,3.2520060085097693e-14,No,0,NW
2005.1666666666667,6.886533707750404e-15,-1.64928358316146e-15,-5.237250124588944e-15,-3.1325656049095854e-14,3.2520060085097693e-14,No,0,NW
2005.25,5.808745352751474e-15,-1.6628052038051104e-15,-4.145940148946363e-15,-3.1325656049095854e-14,3.2520060085097693e-14,No,0,NW
2005.3333333333335,8.083279326377384e-16,-1.6763268244487607e-15,75.74435779066894,-3.1325656049095854e-14,3.2520060085097693e-14,No,75.74435779066894,NW
2005.4166666666667,-4.457079917803122e-15,-1.689848445092411e-15,748.7493068896105,-3.1325656049095854e-14,3.2520060085097693e-14,Yes,748.7493068896105,NW
2005.5,-1.2241822952222212e-14,-1.7033700657360612e-15,1228.6086685797668,-3.1325656049095854e-14,3.2520060085097693e-14,Yes,1228.6086685797668,NW
2005.5833333333335,-8.463322161580405e-15,-1.7168916863797115e-15,387.3065061328699,-3.1325656049095854e-14,3.2520060085097693e-14,No,387.3065061328699,NW
2005.6666666666667,-3.642675875231377e-15,-1.7304133070233618e-15,5.373089182254739e-15,-3.1325656049095854e-14,3.2520060085097693e-14,No,0,NW
2005.75,-3.790640414028009e-15,-1.743934927667012e-15,5.534575341695022e-15,-3.1325656049095854e-14,3.2520060085097693e-14,No,0,NW
2005.8333333333335,2.2288841976847375e-15,-1.7574565483106623e-15,-4.714276493740752e-16,-3.1325656049095854e-14,3.2520060085097693e-14,No,0,NW
2005.9166666666667,4.0052595800976965e-15,-1.7709781689543126e-15,-2.234281411143384e-15,-3.1325656049095854e-14,3.2520060085097693e-14,No,0,NW
2006,6.846177617567802e-15,-1.7844997895979627e-15,-5.06167782796984e-15,-3.1325656049095854e-14,3.2520060085097693e-14,No,0,NW
2006.0833333333335,6.011611184128152e-15,-1.7980214102416132e-15,-4.2135897738865386e-15,-3.1325656049095854e-14,3.2520060085097693e-14,No,7.888609052210118e-31,NW
2006.1666666666667,6.886533707750404e-15,-1.8115430308852634e-15,-5.074990676865141e-15,-3.1325656049095854e-14,3.2520060085097693e-14,No,0,NW
2006.25,5.808745352751474e-15,-1.8073751528293817e-15,-4.001370199922092e-15,-3.1325656049095854e-14,3.2520060085097693e-14,No,0,NW
2006.3333333333335,8.083279326377384e-16,-1.8032072747735004e-15,961.1515011026348,-3.1325656049095854e-14,3.2520060085097693e-14,Yes,961.1515011026348,NW
2006.4166666666667,-4.457079917803122e-15,-1.7990393967176187e-15,1460.5393401271403,-3.1325656049095854e-14,3.2520060085097693e-14,Yes,1460.5393401271403,NW
2006.5,-1.2241822952222212e-14,-1.7948715186617373e-15,2019.483028048475,-3.1325656049095854e-14,3.2520060085097693e-14,Yes,2019.483028048475,NW
2006.5833333333335,-8.463322161580405e-15,-1.7907036406058557e-15,1.025402580218626e-14,-3.1325656049095854e-14,3.2520060085097693e-14,No,0,NW
2006.6666666666667,-3.642675875231377e-15,-1.7865357625499743e-15,186.9333847846299,-3.1325656049095854e-14,3.2520060085097693e-14,No,186.9333847846299,NW
2006.75,-3.790640414028009e-15,-1.7823678844940927e-15,2256.7523690225853,-3.1325656049095854e-14,3.2520060085097693e-14,Yes,2256.7523690225853,NW
2006.8333333333335,2.2288841976847375e-15,-1.7782000064382113e-15,-4.506841912465261e-16,-3.1325656049095854e-14,3.2520060085097693e-14,No,0,NW
2006.9166666666667,4.0052595800976965e-15,-1.7740321283823296e-15,1034.958860229199,-3.1325656049095854e-14,3.2520060085097693e-14,Yes,1034.958860229199,NW
2007,6.846177617567802e-15,-1.7698642503264481e-15,1349.3477486785855,-3.1325656049095854e-14,3.2520060085097693e-14,Yes,1349.3477486785855,NW
2007.0833333333335,6.011611184128152e-15,-1.7656963722705666e-15,363.31151482692,-3.1325656049095854e-14,3.2520060085097693e-14,No,363.31151482692,NW
2007.1666666666667,6.886533707750404e-15,-1.7615284942146851e-15,1546.3633156496248,-3.1325656049095854e-14,3.2520060085097693e-14,Yes,1546.3633156496248,NW
2007.25,5.808745352751474e-15,-1.7573606161588036e-15,-4.051384736592671e-15,-3.1325656049095854e-14,3.2520060085097693e-14,No,0,NW
2007.3333333333335,8.083279326377384e-16,-1.7531927381029221e-15,9.448648054651838e-16,-3.1325656049095854e-14,3.2520060085097693e-14,No,9.860761315262648e-32,NW
2007.4166666666667,-4.457079917803122e-15,-1.7337833677239784e-15,6.1908632855271e-15,-3.1325656049095854e-14,3.2520060085097693e-14,No,0,NW
2007.5,-1.2241822952222212e-14,-1.7143739973450347e-15,316.32158779881894,-3.1325656049095854e-14,3.2520060085097693e-14,No,316.32158779881894,NW
2007.5833333333335,-8.463322161580405e-15,-1.694964626966091e-15,92.50297110836546,-3.1325656049095854e-14,3.2520060085097693e-14,No,92.50297110836544,NW
2007.6666666666667,-3.642675875231377e-15,-1.6755552565871473e-15,5.318231131818524e-15,-3.1325656049095854e-14,3.2520060085097693e-14,No,0,NW
2007.75,-3.790640414028009e-15,-1.6561458862082036e-15,5.446786300236213e-15,-3.1325656049095854e-14,3.2520060085097693e-14,No,0,NW
2007.8333333333335,2.2288841976847375e-15,-1.63673651582926e-15,-5.921476818554776e-16,-3.1325656049095854e-14,3.2520060085097693e-14,No,0,NW
2007.9166666666667,4.0052595800976965e-15,-1.617327145450316e-15,-2.3879324346473804e-15,-3.1325656049095854e-14,3.2520060085097693e-14,No,0,NW
2008,6.846177617567802e-15,-1.5979177750713723e-15,-5.24825984249643e-15,-3.1325656049095854e-14,3.2520060085097693e-14,No,0,NW
2008.0833333333335,6.011611184128152e-15,-1.5785084046924286e-15,3400.949651725543,-3.1325656049095854e-14,3.2520060085097693e-14,Yes,3400.949651725543,NW
2008.1666666666667,6.886533707750404e-15,-1.559099034313485e-15,-5.327434673436919e-15,-3.1325656049095854e-14,3.2520060085097693e-14,No,0,NW
2008.25,5.808745352751474e-15,-1.5396896639345412e-15,210.44879650016463,-3.1325656049095854e-14,3.2520060085097693e-14,No,210.44879650016463,NW
2008.3333333333335,8.083279326377384e-16,-1.5202802935555975e-15,7.119523609178591e-16,-3.1325656049095854e-14,3.2520060085097693e-14,No,0,NW
2008.4166666666667,-4.457079917803122e-15,-1.5008709231766538e-15,5.957950840979776e-15,-3.1325656049095854e-14,3.2520060085097693e-14,No,0,NW
2008.5,-1.2241822952222212e-14,-1.4814615527977101e-15,669.6380400276199,-3.1325656049095854e-14,3.2520060085097693e-14,Yes,669.6380400276199,NW
2008.5833333333335,-8.463322161580405e-15,-1.4738683925818048e-15,9.937190554162209e-15,-3.1325656049095854e-14,3.2520060085097693e-14,No,0,NW
2008.6666666666667,-3.642675875231377e-15,-1.4662752323658993e-15,188.35263674623187,-3.1325656049095854e-14,3.2520060085097693e-14,No,188.35263674623187,NW
2008.75,-3.790640414028009e-15,-1.458682072149994e-15,5.249322486178003e-15,-3.1325656049095854e-14,3.2520060085097693e-14,No,0,NW
2008.8333333333335,2.2288841976847375e-15,-1.4510889119340886e-15,-7.777952857506489e-16,-3.1325656049095854e-14,3.2520060085097693e-14,No,0,NW
2008.9166666666667,4.0052595800976965e-15,-1.4434957517181833e-15,-2.5617638283795134e-15,-3.1325656049095854e-14,3.2520060085097693e-14,No,0,NW
2009,6.846177617567802e-15,-1.4359025915022778e-15,-5.410275026065525e-15,-3.1325656049095854e-14,3.2520060085097693e-14,No,0,NW
2009.0833333333335,6.011611184128152e-15,-1.4283094312863724e-15,-4.58330175284178e-15,-3.1325656049095854e-14,3.2520060085097693e-14,No,0,NW
2009.1666666666667,6.886533707750404e-15,-1.4207162710704671e-15,-5.465817436679937e-15,-3.1325656049095854e-14,3.2520060085097693e-14,No,0,NW
2009.25,5.808745352751474e-15,-1.4131231108545616e-15,-4.395622241896912e-15,-3.1325656049095854e-14,3.2520060085097693e-14,No,0,NW
2009.3333333333335,8.083279326377384e-16,-1.4055299506386563e-15,5.972020180009179e-16,-3.1325656049095854e-14,3.2520060085097693e-14,No,0,NW
2009.4166666666667,-4.457079917803122e-15,-1.397936790422751e-15,1957.171899786932,-3.1325656049095854e-14,3.2520060085097693e-14,No,1957.171899786932,NW
2009.5,-1.2241822952222212e-14,-1.3903436302068456e-15,124.62225652308678,-3.1325656049095854e-14,3.2520060085097693e-14,No,124.62225652308676,NW
2009.5833333333335,-8.463322161580405e-15,-1.38275046999094e-15,9.846072631571345e-15,-3.1325656049095854e-14,3.2520060085097693e-14,No,0,NW
2009.6666666666667,-3.642675875231377e-15,-1.3751573097750348e-15,5.017833185006412e-15,-3.1325656049095854e-14,3.2520060085097693e-14,No,0,NW
2009.75,-3.790640414028009e-15,-1.3890896866794534e-15,3140.1318069905155,-3.1325656049095854e-14,3.2520060085097693e-14,Yes,3140.1318069905155,NW
2009.8333333333335,2.2288841976847375e-15,-1.403022063583872e-15,237.29615378382815,-3.1325656049095854e-14,3.2520060085097693e-14,No,237.29615378382815,NW
2009.9166666666667,4.0052595800976965e-15,-1.4169544404882908e-15,95.84966563786588,-3.1325656049095854e-14,3.2520060085097693e-14,No,95.84966563786588,NW
2010,6.846177617567802e-15,-1.4308868173927094e-15,-5.415290800175093e-15,-3.1325656049095854e-14,3.2520060085097693e-14,No,0,NW
2010.0833333333335,6.011611184128152e-15,-1.4448191942971281e-15,-4.566791989831024e-15,-3.1325656049095854e-14,3.2520060085097693e-14,No,0,NW
2010.1666666666667,6.886533707750404e-15,-1.4587515712015468e-15,-5.427782136548857e-15,-3.1325656049095854e-14,3.2520060085097693e-14,No,0,NW
2010.25,5.808745352751474e-15,-1.4726839481059655e-15,2019.4830280484753,-3.1325656049095854e-14,3.2520060085097693e-14,Yes,2019.4830280484753,NW
2010.3333333333335,8.083279326377384e-16,-1.4866163250103841e-15,465.8597889974292,-3.1325656049095854e-14,3.2520060085097693e-14,No,465.8597889974292,NW
2010.4166666666667,-4.457079917803122e-15,-1.5005487019148028e-15,382.0752090321255,-3.1325656049095854e-14,3.2520060085097693e-14,No,382.0752090321255,NW
2010.5,-1.2241822952222212e-14,-1.5144810788192215e-15,1.3756304031041433e-14,-3.1325656049095854e-14,3.2520060085097693e-14,No,0,NW
2010.5833333333335,-8.463322161580405e-15,-1.5284134557236401e-15,873.4265128733682,-3.1325656049095854e-14,3.2520060085097693e-14,Yes,873.4265128733682,NW
2010.6666666666667,-3.642675875231377e-15,-1.5423458326280588e-15,174.95887808068906,-3.1325656049095854e-14,3.2520060085097693e-14,No,174.95887808068906,NW
2010.75,-3.790640414028009e-15,-1.5562782095324775e-15,5.3469186235604866e-15,-3.1325656049095854e-14,3.2520060085097693e-14,No,0,NW
2010.8333333333335,2.2288841976847375e-15,-1.5702105864368962e-15,-6.586736112478413e-16,-3.1325656049095854e-14,3.2520060085097693e-14,No,0,NW
2010.9166666666667,4.0052595800976965e-15,-1.59100085656167e-15,-2.4142587235360265e-15,-3.1325656049095854e-14,3.2520060085097693e-14,No,0,NW
2011,6.846177617567802e-15,-1.6117911266864437e-15,486.5379470427127,-3.1325656049095854e-14,3.2520060085097693e-14,No,486.5379470427127,NW
2011.0833333333335,6.011611184128152e-15,-1.6325813968112175e-15,533.550079620408,-3.1325656049095854e-14,3.2520060085097693e-14,Yes,533.550079620408,NW
2011.1666666666667,6.886533707750404e-15,-1.653371666935991e-15,-5.233162040814413e-15,-3.1325656049095854e-14,3.2520060085097693e-14,No,0,NW
2011.25,5.808745352751474e-15,-1.6741619370607648e-15,3189.10388188939,-3.1325656049095854e-14,3.2520060085097693e-14,Yes,3189.10388188939,NW
2011.3333333333335,8.083279326377384e-16,-1.6949522071855386e-15,95.84966563786588,-3.1325656049095854e-14,3.2520060085097693e-14,No,95.84966563786588,NW
2011.4166666666667,-4.457079917803122e-15,-1.7157424773103124e-15,6.1728223951134346e-15,-3.1325656049095854e-14,3.2520060085097693e-14,No,0,NW
2011.5,-1.2241822952222212e-14,-1.7365327474350862e-15,1.3978355699657299e-14,-3.1325656049095854e-14,3.2520060085097693e-14,No,0,NW
2011.5833333333335,-8.463322161580405e-15,-1.75732301755986e-15,1.0220645179140265e-14,-3.1325656049095854e-14,3.2520060085097693e-14,No,0,NW
2011.6666666666667,-3.642675875231377e-15,-1.7781132876846335e-15,62.31112826154317,-3.1325656049095854e-14,3.2520060085097693e-14,No,62.31112826154316,NW
2011.75,-3.790640414028009e-15,-1.7989035578094073e-15,394.02318483360574,-3.1325656049095854e-14,3.2520060085097693e-14,No,394.02318483360574,NW
2011.8333333333335,2.2288841976847375e-15,-1.819693827934181e-15,-4.0919036975055644e-16,-3.1325656049095854e-14,3.2520060085097693e-14,No,0,NW
2011.9166666666667,4.0052595800976965e-15,-1.840484098058955e-15,-2.1647754820387417e-15,-3.1325656049095854e-14,3.2520060085097693e-14,No,0,NW
2012,6.846177617567802e-15,-1.8612743681837286e-15,-4.9849032493840736e-15,-3.1325656049095854e-14,3.2520060085097693e-14,No,0,NW
2012.0833333333335,6.011611184128152e-15,-1.857786091083234e-15,-4.153825093044919e-15,-3.1325656049095854e-14,3.2520060085097693e-14,No,-7.888609052210118e-31,NW
2012.1666666666667,6.886533707750404e-15,-1.8542978139827388e-15,284.2023023840978,-3.1325656049095854e-14,3.2520060085097693e-14,No,284.2023023840978,NW
2012.25,5.808745352751474e-15,-1.850809536882244e-15,-3.95793581586923e-15,-3.1325656049095854e-14,3.2520060085097693e-14,No,0,NW
2012.3333333333335,8.083279326377384e-16,-1.8473212597817494e-15,1194.4966416754285,-3.1325656049095854e-14,3.2520060085097693e-14,Yes,1194.4966416754285,NW
2012.4166666666667,-4.457079917803122e-15,-1.8438329826812543e-15,533.5536389004718,-3.1325656049095854e-14,3.2520060085097693e-14,Yes,533.5536389004718,NW
2012.5,-1.2241822952222212e-14,-1.8403447055807596e-15,1.4082167657802971e-14,-3.1325656049095854e-14,3.2520060085097693e-14,No,0,NW
2012.5833333333335,-8.463322161580405e-15,-1.8368564284802645e-15,1957.171899786932,-3.1325656049095854e-14,3.2520060085097693e-14,No,1957.171899786932,NW
2012.6666666666667,-3.642675875231377e-15,-1.8333681513797698e-15,538.8018566210384,-3.1325656049095854e-14,3.2520060085097693e-14,Yes,538.8018566210384,NW
2012.75,-3.790640414028009e-15,-1.829879874279275e-15,190.29363148877033,-3.1325656049095854e-14,3.2520060085097693e-14,No,190.29363148877033,NW
2012.8333333333335,2.2288841976847375e-15,-1.82639159717878e-15,-4.024926005059575e-16,-3.1325656049095854e-14,3.2520060085097693e-14,No,0,NW
2012.9166666666667,4.0052595800976965e-15,-1.8229033200782853e-15,-2.1823562600194112e-15,-3.1325656049095854e-14,3.2520060085097693e-14,No,0,NW
2013,6.846177617567802e-15,-1.8194150429777906e-15,-5.026762574590012e-15,-3.1325656049095854e-14,3.2520060085097693e-14,No,0,NW
2013.0833333333335,6.011611184128152e-15,-1.8159267658772955e-15,-4.195684418250857e-15,-3.1325656049095854e-14,3.2520060085097693e-14,No,0,NW
2013.1666666666667,6.886533707750404e-15,-1.8124384887768008e-15,-5.074095218973604e-15,-3.1325656049095854e-14,3.2520060085097693e-14,No,0,NW
2013.25,5.808745352751474e-15,-1.8000495294575278e-15,-4.008695823293946e-15,-3.1325656049095854e-14,3.2520060085097693e-14,No,0,NW
2013.3333333333335,8.083279326377384e-16,-1.7876605701382552e-15,9.793326375005167e-16,-3.1325656049095854e-14,3.2520060085097693e-14,No,-9.860761315262648e-32,NW
2013.4166666666667,-4.457079917803122e-15,-1.7752716108189824e-15,6.232351528622105e-15,-3.1325656049095854e-14,3.2520060085097693e-14,No,0,NW
2013.5,-1.2241822952222212e-14,-1.7628826514997097e-15,2160.371633421265,-3.1325656049095854e-14,3.2520060085097693e-14,Yes,2160.371633421265,NW
2013.5833333333335,-8.463322161580405e-15,-1.7504936921804369e-15,69.03037141687258,-3.1325656049095854e-14,3.2520060085097693e-14,No,69.03037141687257,NW
2013.6666666666667,-3.642675875231377e-15,-1.7381047328611641e-15,5.380780608092541e-15,-3.1325656049095854e-14,3.2520060085097693e-14,No,0,NW
2013.75,-3.790640414028009e-15,-1.7257157735418913e-15,1264.0974000600522,-3.1325656049095854e-14,3.2520060085097693e-14,Yes,1264.0974000600522,NW
2013.8333333333335,2.2288841976847375e-15,-1.7133268142226184e-15,474.57856309638134,-3.1325656049095854e-14,3.2520060085097693e-14,No,474.57856309638134,NW
2013.9166666666667,4.0052595800976965e-15,-1.7009378549033456e-15,-2.304321725194351e-15,-3.1325656049095854e-14,3.2520060085097693e-14,No,0,NW
2014,6.846177617567802e-15,-1.6885488955840728e-15,-5.157628721983729e-15,-3.1325656049095854e-14,3.2520060085097693e-14,No,0,NW
2014.0833333333335,6.011611184128152e-15,-1.6761599362648e-15,-4.335451247863352e-15,-3.1325656049095854e-14,3.2520060085097693e-14,No,7.888609052210118e-31,NW
2014.1666666666667,6.886533707750404e-15,-1.6637709769455273e-15,-5.222762730804877e-15,-3.1325656049095854e-14,3.2520060085097693e-14,No,0,NW
2014.25,5.808745352751474e-15,-1.6513820176262545e-15,640.8186670781184,-3.1325656049095854e-14,3.2520060085097693e-14,Yes,640.8186670781184,NW
2014.3333333333335,8.083279326377384e-16,-1.6389930583069817e-15,302.9759891399417,-3.1325656049095854e-14,3.2520060085097693e-14,No,302.9759891399417,NW
2014.4166666666667,-4.457079917803122e-15,-1.6317996259456323e-15,1543.0068836530293,-3.1325656049095854e-14,3.2520060085097693e-14,Yes,1543.0068836530293,NW
2014.5,-1.2241822952222212e-14,-1.6246061935842827e-15,1.3866429145806494e-14,-3.1325656049095854e-14,3.2520060085097693e-14,No,-1.5777218104420236e-30,NW
2014.5833333333335,-8.463322161580405e-15,-1.6174127612229333e-15,1280.3145571136813,-3.1325656049095854e-14,3.2520060085097693e-14,Yes,1280.3145571136813,NW
2014.6666666666667,-3.642675875231377e-15,-1.6102193288615837e-15,1957.171899786932,-3.1325656049095854e-14,3.2520060085097693e-14,No,1957.171899786932,NW
2014.75,-3.790640414028009e-15,-1.6030258965002343e-15,252.60475975031363,-3.1325656049095854e-14,3.2520060085097693e-14,No,252.60475975031363,NW
2014.8333333333335,2.2288841976847375e-15,-1.5958324641388847e-15,404.1026746930754,-3.1325656049095854e-14,3.2520060085097693e-14,No,404.1026746930754,NW
2014.9166666666667,4.0052595800976965e-15,-1.5886390317775352e-15,-2.416620548320161e-15,-3.1325656049095854e-14,3.2520060085097693e-14,No,0,NW
2015,6.846177617567802e-15,-1.5814455994161858e-15,-5.264732018151616e-15,-3.1325656049095854e-14,3.2520060085097693e-14,No,0,NW
2015.0833333333335,6.011611184128152e-15,-1.5742521670548362e-15,-4.437359017073316e-15,-3.1325656049095854e-14,3.2520060085097693e-14,No,0,NW
2015.1666666666667,6.886533707750404e-15,-1.5670587346934868e-15,-5.3194749730569176e-15,-3.1325656049095854e-14,3.2520060085097693e-14,No,0,NW
2015.25,5.808745352751474e-15,-1.5598653023321372e-15,-4.248880050419337e-15,-3.1325656049095854e-14,3.2520060085097693e-14,No,0,NW
2015.3333333333335,8.083279326377384e-16,-1.5526718699707878e-15,7.443439373330494e-16,-3.1325656049095854e-14,3.2520060085097693e-14,No,0,NW
2015.4166666666667,-4.457079917803122e-15,-1.5454784376094382e-15,181.65748661333143,-3.1325656049095854e-14,3.2520060085097693e-14,No,181.65748661333143,NW
2015.5,-1.2241822952222212e-14,-1.5382850052480888e-15,723.8598649683075,-3.1325656049095854e-14,3.2520060085097693e-14,Yes,723.8598649683075,NW
2015.5833333333335,-8.463322161580405e-15,-1.5170913618411303e-15,62.31112826154317,-3.1325656049095854e-14,3.2520060085097693e-14,No,62.31112826154316,NW
2015.6666666666667,-3.642675875231377e-15,-1.4958977184341716e-15,5.138573593665548e-15,-3.1325656049095854e-14,3.2520060085097693e-14,No,0,NW
2015.75,-3.790640414028009e-15,-1.474704075027213e-15,174.95887808068957,-3.1325656049095854e-14,3.2520060085097693e-14,No,174.95887808068957,NW
2015.8333333333335,2.2288841976847375e-15,-1.4535104316202546e-15,1957.171899786932,-3.1325656049095854e-14,3.2520060085097693e-14,No,1957.171899786932,NW
2015.9166666666667,4.0052595800976965e-15,-1.4323167882132959e-15,2036.271119679116,-3.1325656049095854e-14,3.2520060085097693e-14,Yes,2036.271119679116,NW
2016,6.846177617567802e-15,-1.4111231448063374e-15,1463.910611676304,-3.1325656049095854e-14,3.2520060085097693e-14,Yes,1463.910611676304,NW
2016.0833333333335,6.011611184128152e-15,-1.3899295013993787e-15,1472.5544401265229,-3.1325656049095854e-14,3.2520060085097693e-14,Yes,1472.5544401265229,NW
2016.1666666666667,6.886533707750404e-15,-1.3687358579924202e-15,-5.517797849757984e-15,-3.1325656049095854e-14,3.2520060085097693e-14,No,0,NW
2016.25,5.808745352751474e-15,-1.3475422145854617e-15,-4.461203138166012e-15,-3.1325656049095854e-14,3.2520060085097693e-14,No,0,NW
2016.3333333333335,8.083279326377384e-16,-1.326348571178503e-15,5.180206385407646e-16,-3.1325656049095854e-14,3.2520060085097693e-14,No,0,NW
2016.4166666666667,-4.457079917803122e-15,-1.3051549277715445e-15,1957.171899786932,-3.1325656049095854e-14,3.2520060085097693e-14,No,1957.171899786932,NW
2016.5,-1.2241822952222212e-14,-1.283961284364586e-15,1.3525784236586798e-14,-3.1325656049095854e-14,3.2520060085097693e-14,No,0,NW
2016.5833333333335,-8.463322161580405e-15,-1.2627676409576273e-15,9.726089802538032e-15,-3.1325656049095854e-14,3.2520060085097693e-14,No,0,NW
2016.6666666666667,-3.642675875231377e-15,-1.2415739975506688e-15,4.884249872782046e-15,-3.1325656049095854e-14,3.2520060085097693e-14,No,0,NW
2016.75,-3.790640414028009e-15,-1.2083748514557196e-15,4.9990152654837285e-15,-3.1325656049095854e-14,3.2520060085097693e-14,No,0,NW
2016.8333333333335,2.2288841976847375e-15,-1.1751757053607706e-15,-1.0537084923239669e-15,-3.1325656049095854e-14,3.2520060085097693e-14,No,0,NW
2016.9166666666667,4.0052595800976965e-15,-1.1419765592658215e-15,95.84966563786588,-3.1325656049095854e-14,3.2520060085097693e-14,No,95.84966563786588,NW
2017,6.846177617567802e-15,-1.1087774131708725e-15,-5.73740020439693e-15,-3.1325656049095854e-14,3.2520060085097693e-14,No,0,NW
2017.0833333333335,6.011611184128152e-15,-1.0755782670759233e-15,-4.936032917052229e-15,-3.1325656049095854e-14,3.2520060085097693e-14,No,0,NW
2017.1666666666667,6.886533707750404e-15,-1.0423791209809743e-15,191.69933127573228,-3.1325656049095854e-14,3.2520060085097693e-14,No,191.69933127573228,NW
2017.25,5.808745352751474e-15,-1.0091799748860251e-15,1021.5129458224948,-3.1325656049095854e-14,3.2520060085097693e-14,Yes,1021.5129458224948,NW
2017.3333333333335,8.083279326377384e-16,-9.759808287910762e-16,1144.0871918362072,-3.1325656049095854e-14,3.2520060085097693e-14,Yes,1144.0871918362072,NW
2017.4166666666667,-4.457079917803122e-15,-9.42781682696127e-16,318.2761347159975,-3.1325656049095854e-14,3.2520060085097693e-14,No,318.2761347159975,NW
2017.5,-1.2241822952222212e-14,-9.09582536601178e-16,1.3151405488823389e-14,-3.1325656049095854e-14,3.2520060085097693e-14,No,0,NW
2017.5833333333335,-8.463322161580405e-15,-8.763833905062288e-16,9.339705552086634e-15,-3.1325656049095854e-14,3.2520060085097693e-14,No,0,NW
2017.6666666666667,-3.642675875231377e-15,-8.431842444112798e-16,4.485860119642657e-15,-3.1325656049095854e-14,3.2520060085097693e-14,No,0,NW
2017.75,-3.790640414028009e-15,-8.099850983163307e-16,4.60062551234434e-15,-3.1325656049095854e-14,3.2520060085097693e-14,No,0,NW
2017.8333333333335,2.2288841976847375e-15,-7.767859522213816e-16,-1.452098245463356e-15,-3.1325656049095854e-14,3.2520060085097693e-14,No,0,NW
2017.9166666666667,4.0052595800976965e-15,-7.608007044981928e-16,-3.2444588755995036e-15,-3.1325656049095854e-14,3.2520060085097693e-14,No,0,NW
2018,6.846177617567802e-15,-7.448154567750041e-16,-6.101362160792798e-15,-3.1325656049095854e-14,3.2520060085097693e-14,No,0,NW
2018.0833333333335,6.011611184128152e-15,-7.288302090518152e-16,-5.282780975076337e-15,-3.1325656049095854e-14,3.2520060085097693e-14,No,-7.888609052210118e-31,NW
2018.1666666666667,6.886533707750404e-15,-7.128449613286264e-16,-6.173688746421778e-15,-3.1325656049095854e-14,3.2520060085097693e-14,No,0,NW
2018.25,5.808745352751474e-15,-6.968597136054377e-16,-5.111885639146036e-15,-3.1325656049095854e-14,3.2520060085097693e-14,No,0,NW
2018.3333333333335,8.083279326377384e-16,-6.808744658822489e-16,-1.2745346675548954e-16,-3.1325656049095854e-14,3.2520060085097693e-14,No,0,NW
2018.4166666666667,-4.457079917803122e-15,-6.6488921815906e-16,5.121969135962182e-15,-3.1325656049095854e-14,3.2520060085097693e-14,No,0,NW
2018.5,-1.2241822952222212e-14,-6.489039704358713e-16,1273.6033908879165,-3.1325656049095854e-14,3.2520060085097693e-14,Yes,1273.6033908879165,NW
2018.5833333333335,-8.463322161580405e-15,-6.329187227126825e-16,9.096240884293087e-15,-3.1325656049095854e-14,3.2520060085097693e-14,No,0,NW
2018.6666666666667,-3.642675875231377e-15,-6.169334749894937e-16,4.259609350220871e-15,-3.1325656049095854e-14,3.2520060085097693e-14,No,0,NW
2018.75,-3.790640414028009e-15,-6.009482272663049e-16,4.391588641294314e-15,-3.1325656049095854e-14,3.2520060085097693e-14,No,0,NW
2018.8333333333335,2.2288841976847375e-15,-5.849629795431161e-16,-1.6439212181416215e-15,-3.1325656049095854e-14,3.2520060085097693e-14,No,0,NW
2018.9166666666667,4.0052595800976965e-15,-5.689777318199273e-16,-3.436281848277769e-15,-3.1325656049095854e-14,3.2520060085097693e-14,No,0,NW
2019,6.846177617567802e-15,-5.529924840967386e-16,-6.293185133471064e-15,-3.1325656049095854e-14,3.2520060085097693e-14,No,0,NW
2019.0833333333335,6.011611184128152e-15,-5.375363330660716e-16,-5.474074851062081e-15,-3.1325656049095854e-14,3.2520060085097693e-14,No,0,NW
2019.1666666666667,6.886533707750404e-15,-5.220801820354048e-16,-6.3644535257149995e-15,-3.1325656049095854e-14,3.2520060085097693e-14,No,0,NW
2019.25,5.808745352751474e-15,-5.066240310047378e-16,-5.302121321746736e-15,-3.1325656049095854e-14,3.2520060085097693e-14,No,0,NW
2019.3333333333335,8.083279326377384e-16,-4.91167879974071e-16,-3.1716005266366744e-16,-3.1325656049095854e-14,3.2520060085097693e-14,No,0,NW
2019.4166666666667,-4.457079917803122e-15,-4.75711728943404e-16,4.932791646746526e-15,-3.1325656049095854e-14,3.2520060085097693e-14,No,0,NW
2019.5,-1.2241822952222212e-14,-4.602555779127371e-16,713.2159475663104,-3.1325656049095854e-14,3.2520060085097693e-14,Yes,713.2159475663104,NW
2019.5833333333335,-8.463322161580405e-15,-4.447994268820702e-16,8.908121588462474e-15,-3.1325656049095854e-14,3.2520060085097693e-14,No,0,NW
2019.6666666666667,-3.642675875231377e-15,-4.2934327585140327e-16,4.072019151082781e-15,-3.1325656049095854e-14,3.2520060085097693e-14,No,0,NW
2019.75,-3.790640414028009e-15,-4.1388712482073637e-16,4.204527538848746e-15,-3.1325656049095854e-14,3.2520060085097693e-14,No,0,NW
2019.8333333333335,2.2288841976847375e-15,-3.9843097379006947e-16,-1.830453223894668e-15,-3.1325656049095854e-14,3.2520060085097693e-14,No,0,NW
2019.9166666666667,4.0052595800976965e-15,-3.8297482275940257e-16,-3.622284757338294e-15,-3.1325656049095854e-14,3.2520060085097693e-14,No,0,NW
2020,6.846177617567802e-15,-3.6751867172873567e-16,-6.478658945839067e-15,-3.1325656049095854e-14,3.2520060085097693e-14,No,0,NW
2020.0833333333335,6.011611184128152e-15,-3.5206252069806877e-16,428.9727960177083,-3.1325656049095854e-14,3.2520060085097693e-14,No,428.9727960177083,NW
2020.1666666666667,6.886533707750404e-15,-3.366063696674018e-16,465.8597889974292,-3.1325656049095854e-14,3.2520060085097693e-14,No,465.8597889974292,NW
2020.25,5.808745352751474e-15,-2.589969392780598e-16,-5.549748413473414e-15,-3.1325656049095854e-14,3.2520060085097693e-14,No,0,NW
2020.3333333333335,8.083279326377384e-16,-1.813875088887178e-16,2485.896831003094,-3.1325656049095854e-14,3.2520060085097693e-14,Yes,2485.896831003094,NW
2020.4166666666667,-4.457079917803122e-15,-1.0377807849937578e-16,4.560857996302498e-15,-3.1325656049095854e-14,3.2520060085097693e-14,No,0,NW
2020.5,-1.2241822952222212e-14,-2.6168648110033766e-17,1.2267991600332246e-14,-3.1325656049095854e-14,3.2520060085097693e-14,No,0,NW
2020.5833333333335,-8.463322161580405e-15,5.1440782279308247e-17,1342.6337623047891,-3.1325656049095854e-14,3.2520060085097693e-14,Yes,1342.6337623047891,NW
2020.6666666666667,-3.642675875231377e-15,1.2905021266865026e-16,3.513625662562727e-15,-3.1325656049095854e-14,3.2520060085097693e-14,No,0,NW
2020.75,-3.790640414028009e-15,2.0665964305799229e-16,3.583980770970017e-15,-3.1325656049095854e-14,3.2520060085097693e-14,No,0,NW
2020.8333333333335,2.2288841976847375e-15,2.842690734473343e-16,-2.513153271132072e-15,-3.1325656049095854e-14,3.2520060085097693e-14,No,0,NW
2020.9166666666667,4.0052595800976965e-15,3.618785038366763e-16,174.95887808068906,-3.1325656049095854e-14,3.2520060085097693e-14,No,174.95887808068906,NW
2021,6.846177617567802e-15,4.3948793422601834e-16,-7.28566555179382e-15,-3.1325656049095854e-14,3.2520060085097693e-14,No,7.888609052210118e-31,NW
2021.0833333333335,6.011611184128152e-15,5.170973646153603e-16,-6.5287085487435124e-15,-3.1325656049095854e-14,3.2520060085097693e-14,No,0,NW
2021.1666666666667,6.886533707750404e-15,5.947067950047023e-16,-7.481240502755107e-15,-3.1325656049095854e-14,3.2520060085097693e-14,No,0,NW
2021.25,5.808745352751474e-15,6.723162253940443e-16,2946.572988290751,-3.1325656049095854e-14,3.2520060085097693e-14,Yes,2946.572988290751,NW
2021.3333333333335,8.083279326377384e-16,7.499256557833863e-16,62.31112826154316,-3.1325656049095854e-14,3.2520060085097693e-14,No,62.31112826154316,NW
2021.4166666666667,-4.457079917803122e-15,8.149572782447889e-16,3.642122639558333e-15,-3.1325656049095854e-14,3.2520060085097693e-14,No,0,NW
2021.5,-1.2241822952222212e-14,8.799889007061915e-16,1.136183405151602e-14,-3.1325656049095854e-14,3.2520060085097693e-14,No,0,NW
2021.5833333333335,-8.463322161580405e-15,9.45020523167594e-16,89.15451550496667,-3.1325656049095854e-14,3.2520060085097693e-14,No,89.15451550496665,NW
2021.6666666666667,-3.642675875231377e-15,1.0100521456289966e-15,1868.0173842819652,-3.1325656049095854e-14,3.2520060085097693e-14,Yes,1868.0173842819652,NW
2021.75,-3.790640414028009e-15,1.0750837680903991e-15,2.7155566459376102e-15,-3.1325656049095854e-14,3.2520060085097693e-14,No,0,NW
2021.8333333333335,2.2288841976847375e-15,1.1401153905518016e-15,-3.368999588236539e-15,-3.1325656049095854e-14,3.2520060085097693e-14,No,0,NW
2021.9166666666667,4.0052595800976965e-15,1.2051470130132041e-15,-5.210406593110901e-15,-3.1325656049095854e-14,3.2520060085097693e-14,No,0,NW
2022,6.846177617567802e-15,1.2701786354746066e-15,-8.116356253042408e-15,-3.1325656049095854e-14,3.2520060085097693e-14,No,0,NW
2022.0833333333335,6.011611184128152e-15,1.3352102579360093e-15,-7.346821442064161e-15,-3.1325656049095854e-14,3.2520060085097693e-14,No,0,NW
2022.1666666666667,6.886533707750404e-15,1.4002418803974119e-15,-8.286775588147816e-15,-3.1325656049095854e-14,3.2520060085097693e-14,No,0,NW
2022.25,5.808745352751474e-15,1.4652735028588144e-15,-7.274018855610288e-15,-3.1325656049095854e-14,3.2520060085097693e-14,No,0,NW
2022.3333333333335,8.083279326377384e-16,1.5303051253202169e-15,-2.338633057957955e-15,-3.1325656049095854e-14,3.2520060085097693e-14,No,9.860761315262648e-32,NW
2022.4166666666667,-4.457079917803122e-15,1.5953367477816194e-15,2095.231328419035,-3.1325656049095854e-14,3.2520060085097693e-14,Yes,2095.231328419035,NW
2022.5,-1.2241822952222212e-14,1.6603683702430221e-15,382.0582884123033,-3.1325656049095854e-14,3.2520060085097693e-14,No,382.0582884123033,NW
2022.5833333333335,-8.463322161580405e-15,1.7224654653713914e-15,1404.985356599323,-3.1325656049095854e-14,3.2520060085097693e-14,Yes,1404.985356599323,NW
2022.6666666666667,-3.642675875231377e-15,1.7845625604997606e-15,2181.0486690346893,-3.1325656049095854e-14,3.2520060085097693e-14,Yes,2181.0486690346893,NW
2022.75,-3.790640414028009e-15,1.8466596556281297e-15,79.09921989218407,-3.1325656049095854e-14,3.2520060085097693e-14,No,79.09921989218407,NW
2022.8333333333335,2.2288841976847375e-15,1.9087567507564987e-15,1711.26218894526,-3.1325656049095854e-14,3.2520060085097693e-14,Yes,1711.26218894526,NW
2022.9166666666667,4.0052595800976965e-15,1.9708538458848682e-15,1482.6057396608708,-3.1325656049095854e-14,3.2520060085097693e-14,Yes,1482.6057396608708,NW
2023,6.846177617567802e-15,2.0329509410132373e-15,579.09616060579,-3.1325656049095854e-14,3.2520060085097693e-14,Yes,579.09616060579,NW
2023.0833333333335,6.011611184128152e-15,2.0950480361416063e-15,227.23163134927273,-3.1325656049095854e-14,3.2520060085097693e-14,No,227.23163134927273,NW
2023.1666666666667,6.886533707750404e-15,2.1571451312699758e-15,2032.9162575776008,-3.1325656049095854e-14,3.2520060085097693e-14,Yes,2032.9162575776008,NW
2023.25,5.808745352751474e-15,2.219242226398345e-15,1176.2909045122788,-3.1325656049095854e-14,3.2520060085097693e-14,Yes,1176.2909045122788,NW
2023.3333333333335,8.083279326377384e-16,2.281339321526714e-15,62.31112826154316,-3.1325656049095854e-14,3.2520060085097693e-14,No,62.31112826154316,NW
2023.4166666666667,-4.457079917803122e-15,2.3434364166550834e-15,1894.8607715253888,-3.1325656049095854e-14,3.2520060085097693e-14,Yes,1894.8607715253888,NW
2023.5,-1.2241822952222212e-14,2.4055335117834524e-15,9.83628944043876e-15,-3.1325656049095854e-14,3.2520060085097693e-14,No,0,NW
2023.5833333333335,-8.463322161580405e-15,2.4676306069118215e-15,5.995691554668584e-15,-3.1325656049095854e-14,3.2520060085097693e-14,No,0,NW
2023.6666666666667,-3.642675875231377e-15,2.529727702040191e-15,2184.4035311362045,-3.1325656049095854e-14,3.2520060085097693e-14,Yes,2184.4035311362045,NW
2023.75,-3.790640414028009e-15,2.597411854613513e-15,1.1932285594144961e-15,-3.1325656049095854e-14,3.2520060085097693e-14,No,0,NW
2023.8333333333335,2.2288841976847375e-15,2.665096007186836e-15,474.4959338728676,-3.1325656049095854e-14,3.2520060085097693e-14,No,474.4959338728676,NW
2023.9166666666667,4.0052595800976965e-15,2.732780159760158e-15,1028.2324070974296,-3.1325656049095854e-14,3.2520060085097693e-14,Yes,1028.2324070974296,NW
2024,6.846177617567802e-15,2.8004643123334807e-15,2088.5369448785164,-3.1325656049095854e-14,3.2520060085097693e-14,Yes,2088.5369448785164,NW
2024.0833333333335,6.011611184128152e-15,2.868148464906803e-15,171.59402342853468,-3.1325656049095854e-14,3.2520060085097693e-14,No,171.59402342853468,NW
2024.1666666666667,6.886533707750404e-15,2.9358326174801256e-15,955.86947919668,-3.1325656049095854e-14,3.2520060085097693e-14,Yes,955.86947919668,NW
2024.25,5.808745352751474e-15,3.003516770053448e-15,835.055782457619,-3.1325656049095854e-14,3.2520060085097693e-14,Yes,835.055782457619,NW
2024.3333333333335,8.083279326377384e-16,3.07120092262677e-15,-3.8795288552645086e-15,-3.1325656049095854e-14,3.2520060085097693e-14,No,-9.860761315262648e-32,NW
2024.4166666666667,-4.457079917803122e-15,3.1388850752000927e-15,1.3181948426030293e-15,-3.1325656049095854e-14,3.2520060085097693e-14,No,0,NW
2024.5,-1.2241822952222212e-14,3.206569227773415e-15,9.035253724448796e-15,-3.1325656049095854e-14,3.2520060085097693e-14,No,0,NW
2024.5833333333335,-8.463322161580405e-15,3.2742533803467376e-15,5.189068781233667e-15,-3.1325656049095854e-14,3.2520060085097693e-14,No,0,NW
2024.6666666666667,-3.642675875231377e-15,3.34193753292006e-15,3.0073834231131723e-16,-3.1325656049095854e-14,3.2520060085097693e-14,No,0,NW
2024.75,-3.790640414028009e-15,3.4096216854933825e-15,953.8393101173344,-3.1325656049095854e-14,3.2520060085097693e-14,Yes,953.8393101173344,NW
2024.8333333333335,2.2288841976847375e-15,3.4773058380667047e-15,1623.9984006023967,-3.1325656049095854e-14,3.2520060085097693e-14,Yes,1623.9984006023967,NW
2024.9166666666667,4.0052595800976965e-15,3.550088933068999e-15,526.8273773774462,-3.1325656049095854e-14,3.2520060085097693e-14,Yes,526.8273773774462,NW
2025,6.846177617567802e-15,3.622872028071293e-15,1455.7787514662052,-3.1325656049095854e-14,3.2520060085097693e-14,Yes,1455.7787514662052,NW
2025.0833333333335,6.011611184128152e-15,3.695655123073587e-15,1016.1573288742268,-3.1325656049095854e-14,3.2520060085097693e-14,Yes,1016.1573288742268,NW
2025.1666666666667,6.886533707750404e-15,3.768438218075881e-15,1085.2507541416858,-3.1325656049095854e-14,3.2520060085097693e-14,Yes,1085.2507541416858,NW
2025.25,5.808745352751474e-15,3.841221313078175e-15,1706.4786564662122,-3.1325656049095854e-14,3.2520060085097693e-14,Yes,1706.4786564662122,NW
2025.3333333333335,8.083279326377384e-16,3.9140044080804696e-15,2056.3700210281972,-3.1325656049095854e-14,3.2520060085097693e-14,Yes,2056.3700210281972,NW
2025.4166666666667,-4.457079917803122e-15,3.9867875030827634e-15,4.702924147203586e-16,-3.1325656049095854e-14,3.2520060085097693e-14,No,0,NW
2025.5,-1.2241822952222212e-14,4.059570598085057e-15,8.182252354137155e-15,-3.1325656049095854e-14,3.2520060085097693e-14,No,1.5777218104420236e-30,NW
2025.5833333333335,-8.463322161580405e-15,4.132353693087352e-15,4.330968468493053e-15,-3.1325656049095854e-14,3.2520060085097693e-14,No,0,NW
2025.6666666666667,-3.642675875231377e-15,4.205136788089646e-15,-5.624609128582686e-16,-3.1325656049095854e-14,3.2520060085097693e-14,No,0,NW
2025.75,-3.790640414028009e-15,4.2779198830919395e-15,-4.872794690639302e-16,-3.1325656049095854e-14,3.2520060085097693e-14,No,0,NW
2025.8333333333335,2.2288841976847375e-15,4.350702978094234e-15,-6.5795871757789716e-15,-3.1325656049095854e-14,3.2520060085097693e-14,No,0,NW
2025.9166666666667,4.0052595800976965e-15,4.423486073096528e-15,-8.428745653194224e-15,-3.1325656049095854e-14,3.2520060085097693e-14,No,0,NW
1981.6666666666667,-8.230428726530258e-16,6.586819161545136e-17,7.571746810375745e-16,-2.1385304260031463e-15,2.1233217614769835e-15,No,9.860761315262648e-32,SW
1981.75,-5.022224134694589e-16,6.351237608645988e-17,4.387100373829991e-16,-2.1385304260031463e-15,2.1233217614769835e-15,No,0,SW
1981.8333333333335,5.502775436869673e-16,6.11565605574684e-17,337.0059971741831,-2.1385304260031463e-15,2.1233217614769835e-15,Yes,337.0059971741831,SW
1981.9166666666667,2.0571810617470817e-16,5.880074502847692e-17,-2.6451885120318507e-16,-2.1385304260031463e-15,2.1233217614769835e-15,No,2.465190328815662e-32,SW
1982,3.1676602421102096e-16,5.644492949948545e-17,-3.732109537105064e-16,-2.1385304260031463e-15,2.1233217614769835e-15,No,0,SW
1982.0833333333335,-2.6977589996925768e-17,5.4089113970493976e-17,-2.7111523973568208e-17,-2.1385304260031463e-15,2.1233217614769835e-15,No,0,SW
1982.1666666666667,7.667656781192462e-17,5.17332984415025e-17,-1.2840986625342713e-16,-2.1385304260031463e-15,2.1233217614769835e-15,No,-1.232595164407831e-32,SW
1982.25,4.821692486957538e-16,4.937748291251102e-17,-5.315467316082649e-16,-2.1385304260031463e-15,2.1233217614769835e-15,No,0,SW
1982.3333333333335,5.914550954905876e-17,4.702166738351954e-17,-1.061671769325783e-16,-2.1385304260031463e-15,2.1233217614769835e-15,No,0,SW
1982.4166666666667,1.8934317004310832e-16,4.466585185452807e-17,-2.3400902189763637e-16,-2.1385304260031463e-15,2.1233217614769835e-15,No,2.465190328815662e-32,SW
1982.5,8.496823467095997e-17,4.231003632553659e-17,-1.2727827099649655e-16,-2.1385304260031463e-15,2.1233217614769835e-15,No,1.232595164407831e-32,SW
1982.5833333333335,-6.128215710400316e-16,3.995422079654511e-17,5.728673502434865e-16,-2.1385304260031463e-15,2.1233217614769835e-15,No,0,SW
1982.6666666666667,-8.230428726530258e-16,3.759840526755364e-17,7.854444673854722e-16,-2.1385304260031463e-15,2.1233217614769835e-15,No,0,SW
1982.75,-5.022224134694589e-16,3.524258973856216e-17,4.669798237308967e-16,-2.1385304260031463e-15,2.1233217614769835e-15,No,-9.860761315262648e-32,SW
1982.8333333333335,5.502775436869673e-16,3.2886774209570683e-17,-5.83164317896538e-16,-2.1385304260031463e-15,2.1233217614769835e-15,No,0,SW
1982.9166666666667,2.0571810617470817e-16,3.062456762295335e-17,-2.363426737976615e-16,-2.1385304260031463e-15,2.1233217614769835e-15,No,0,SW
1983,3.1676602421102096e-16,2.836236103633602e-17,-3.45128385247357e-16,-2.1385304260031463e-15,2.1233217614769835e-15,No,0,SW
1983.0833333333335,-2.6977589996925768e-17,2.6100154449718688e-17,8.774355472070806e-19,-2.1385304260031463e-15,2.1233217614769835e-15,No,0,SW
1983.1666666666667,7.667656781192462e-17,2.3837947863101356e-17,197.16378138064889,-2.1385304260031463e-15,2.1233217614769835e-15,Yes,197.16378138064889,SW
1983.25,4.821692486957538e-16,2.1575741276484024e-17,-5.037449899722379e-16,-2.1385304260031463e-15,2.1233217614769835e-15,No,0,SW
1983.3333333333335,5.914550954905876e-17,1.9313534689866692e-17,-7.845904423892546e-17,-2.1385304260031463e-15,2.1233217614769835e-15,No,0,SW
1983.4166666666667,1.8934317004310832e-16,1.705132810324936e-17,-2.0639449814635769e-16,-2.1385304260031463e-15,2.1233217614769835e-15,No,0,SW
1983.5,8.496823467095997e-17,1.4789121516632028e-17,111.17428001377276,-2.1385304260031463e-15,2.1233217614769835e-15,No,111.17428001377276,SW
1983.5833333333335,-6.128215710400316e-16,1.2526914930014696e-17,6.002946561100169e-16,-2.1385304260031463e-15,2.1233217614769835e-15,No,0,SW
1983.6666666666667,-8.230428726530258e-16,1.0264708343397364e-17,8.127781643096285e-16,-2.1385304260031463e-15,2.1233217614769835e-15,No,0,SW
1983.75,-5.022224134694589e-16,8.002501756780032e-18,4.942199117126789e-16,-2.1385304260031463e-15,2.1233217614769835e-15,No,0,SW
1983.8333333333335,5.502775436869673e-16,5.7402951701627e-18,614.935250234159,-2.1385304260031463e-15,2.1233217614769835e-15,Yes,614.935250234159,SW
1983.9166666666667,2.0571810617470817e-16,3.478088583545368e-18,-2.0919619475825355e-16,-2.1385304260031463e-15,2.1233217614769835e-15,No,0,SW
1984,3.1676602421102096e-16,1.2158819969280363e-18,-3.1798190620794897e-16,-2.1385304260031463e-15,2.1233217614769835e-15,No,0,SW
1984.0833333333335,-2.6977589996925768e-17,-8.98423106090643e-19,2.787601310301641e-17,-2.1385304260031463e-15,2.1233217614769835e-15,No,0,SW
1984.1666666666667,7.667656781192462e-17,-3.0127282091093224e-18,-7.36638396028153e-17,-2.1385304260031463e-15,2.1233217614769835e-15,No,0,SW
1984.25,4.821692486957538e-16,-5.127033312128002e-18,-4.770422153836258e-16,-2.1385304260031463e-15,2.1233217614769835e-15,No,0,SW
1984.3333333333335,5.914550954905876e-17,-7.241338415146681e-18,-5.1904171133912083e-17,-2.1385304260031463e-15,2.1233217614769835e-15,No,0,SW
1984.4166666666667,1.8934317004310832e-16,-9.355643518165361e-18,-1.7998752652494297e-16,-2.1385304260031463e-15,2.1233217614769835e-15,No,0,SW
1984.5,8.496823467095997e-17,-1.146994862118404e-17,-7.349828604977592e-17,-2.1385304260031463e-15,2.1233217614769835e-15,No,0,SW
1984.5833333333335,-6.128215710400316e-16,-1.3584253724202718e-17,6.264058247642343e-16,-2.1385304260031463e-15,2.1233217614769835e-15,No,0,SW
1984.6666666666667,-8.230428726530258e-16,-1.56985588272214e-17,8.387414314802472e-16,-2.1385304260031463e-15,2.1233217614769835e-15,No,0,SW
1984.75,-5.022224134694589e-16,-1.781286393024008e-17,5.20035277399699e-16,-2.1385304260031463e-15,2.1233217614769835e-15,No,0,SW
1984.8333333333335,5.502775436869673e-16,-1.992716903325876e-17,-5.303503746537086e-16,-2.1385304260031463e-15,2.1233217614769835e-15,No,0,SW
1984.9166666666667,2.0571810617470817e-16,-2.2041474136277436e-17,-1.8367663203843073e-16,-2.1385304260031463e-15,2.1233217614769835e-15,No,0,SW
1985,3.1676602421102096e-16,-2.4155779239296116e-17,-2.9261024497172485e-16,-2.1385304260031463e-15,2.1233217614769835e-15,No,0,SW
1985.0833333333335,-2.6977589996925768e-17,-2.6270084342314796e-17,5.324767433924057e-17,-2.1385304260031463e-15,2.1233217614769835e-15,No,3.0814879110195774e-33,SW
1985.1666666666667,7.667656781192462e-17,-2.8384389445333473e-17,-4.829217836659115e-17,-2.1385304260031463e-15,2.1233217614769835e-15,No,0,SW
1985.25,4.821692486957538e-16,-3.0304912670226764e-17,-4.518643360255271e-16,-2.1385304260031463e-15,2.1233217614769835e-15,No,0,SW
1985.3333333333335,5.914550954905876e-17,-3.2225435895120054e-17,-2.6920073653938707e-17,-2.1385304260031463e-15,2.1233217614769835e-15,No,0,SW
1985.4166666666667,1.8934317004310832e-16,-3.4145959120013345e-17,-1.5519721092309498e-16,-2.1385304260031463e-15,2.1233217614769835e-15,No,0,SW
1985.5,8.496823467095997e-17,-3.6066482344906635e-17,111.17428001377276,-2.1385304260031463e-15,2.1233217614769835e-15,No,111.17428001377276,SW
1985.5833333333335,-6.128215710400316e-16,-3.798700556979992e-17,6.508085766098316e-16,-2.1385304260031463e-15,2.1233217614769835e-15,No,0,SW
1985.6666666666667,-8.230428726530258e-16,-3.990752879469321e-17,8.629504014477191e-16,-2.1385304260031463e-15,2.1233217614769835e-15,No,0,SW
1985.75,-5.022224134694589e-16,-4.18280520195865e-17,35.39182665386661,-2.1385304260031463e-15,2.1233217614769835e-15,No,35.39182665386661,SW
1985.8333333333335,5.502775436869673e-16,-4.374857524447979e-17,-5.065289684424876e-16,-2.1385304260031463e-15,2.1233217614769835e-15,No,0,SW
1985.9166666666667,2.0571810617470817e-16,-4.566909846937308e-17,-1.6004900770533508e-16,-2.1385304260031463e-15,2.1233217614769835e-15,No,0,SW
1986,3.1676602421102096e-16,-4.758962169426637e-17,-2.691764025167546e-16,-2.1385304260031463e-15,2.1233217614769835e-15,No,0,SW
1986.0833333333335,-2.6977589996925768e-17,-4.951014491915966e-17,7.648773491608543e-17,-2.1385304260031463e-15,2.1233217614769835e-15,No,-3.0814879110195774e-33,SW
1986.1666666666667,7.667656781192462e-17,-5.1430668144052946e-17,-2.5245899667871676e-17,-2.1385304260031463e-15,2.1233217614769835e-15,No,0,SW
1986.25,4.821692486957538e-16,-5.3351191368946236e-17,-4.288180573268076e-16,-2.1385304260031463e-15,2.1233217614769835e-15,No,0,SW
1986.3333333333335,5.914550954905876e-17,-5.5271714593839527e-17,-3.873794955219235e-18,-2.1385304260031463e-15,2.1233217614769835e-15,No,0,SW
1986.4166666666667,1.8934317004310832e-16,-5.702039139951531e-17,-1.32322778643593e-16,-2.1385304260031463e-15,2.1233217614769835e-15,No,0,SW
1986.5,8.496823467095997e-17,-5.876906820519109e-17,-2.619916646576888e-17,-2.1385304260031463e-15,2.1233217614769835e-15,No,0,SW
1986.5833333333335,-6.128215710400316e-16,-6.051774501086687e-17,6.733393160508985e-16,-2.1385304260031463e-15,2.1233217614769835e-15,No,0,SW
1986.6666666666667,-8.230428726530258e-16,-6.226642181654266e-17,107.810666474724,-2.1385304260031463e-15,2.1233217614769835e-15,No,107.810666474724,SW
1986.75,-5.022224134694589e-16,-6.401509862221845e-17,52.22352646783737,-2.1385304260031463e-15,2.1233217614769835e-15,No,52.22352646783737,SW
1986.8333333333335,5.502775436869673e-16,-6.576377542789422e-17,-4.845137682590731e-16,-2.1385304260031463e-15,2.1233217614769835e-15,No,0,SW
1986.9166666666667,2.0571810617470817e-16,-6.751245223357001e-17,-1.3820565394113816e-16,-2.1385304260031463e-15,2.1233217614769835e-15,No,0,SW
1987,3.1676602421102096e-16,-6.92611290392458e-17,-2.4750489517177514e-16,-2.1385304260031463e-15,2.1233217614769835e-15,No,4.930380657631324e-32,SW
1987.0833333333335,-2.6977589996925768e-17,-7.100980584492157e-17,9.798739584184734e-17,-2.1385304260031463e-15,2.1233217614769835e-15,No,3.0814879110195774e-33,SW
1987.1666666666667,7.667656781192462e-17,-7.275848265059736e-17,35.39182665386661,-2.1385304260031463e-15,2.1233217614769835e-15,No,35.39182665386661,SW
1987.25,4.821692486957538e-16,-7.450715945627314e-17,-4.0766208923948067e-16,-2.1385304260031463e-15,2.1233217614769835e-15,No,0,SW
1987.3333333333335,5.914550954905876e-17,-7.625583626194893e-17,58.949695276924615,-2.1385304260031463e-15,2.1233217614769835e-15,No,58.949695276924615,SW
1987.4166666666667,1.8934317004310832e-16,-7.80045130676247e-17,-1.1133865697548362e-16,-2.1385304260031463e-15,2.1233217614769835e-15,No,0,SW
1987.5,8.496823467095997e-17,-7.975318987330049e-17,-5.2150447976594766e-18,-2.1385304260031463e-15,2.1233217614769835e-15,No,0,SW
1987.5833333333335,-6.128215710400316e-16,-8.074407855979409e-17,207.2575406396406,-2.1385304260031463e-15,2.1233217614769835e-15,Yes,207.2575406396406,SW
1987.6666666666667,-8.230428726530258e-16,-8.173496724628767e-17,385.86157966653695,-2.1385304260031463e-15,2.1233217614769835e-15,Yes,385.86157966653695,SW
1987.75,-5.022224134694589e-16,-8.272585593278127e-17,5.849482694022402e-16,-2.1385304260031463e-15,2.1233217614769835e-15,No,0,SW
1987.8333333333335,5.502775436869673e-16,-8.371674461927485e-17,-4.665607990676925e-16,-2.1385304260031463e-15,2.1233217614769835e-15,No,0,SW
1987.9166666666667,2.0571810617470817e-16,-8.470763330576844e-17,-1.2101047286893973e-16,-2.1385304260031463e-15,2.1233217614769835e-15,No,0,SW
1988,3.1676602421102096e-16,-8.569852199226203e-17,-2.3106750221875894e-16,-2.1385304260031463e-15,2.1233217614769835e-15,No,0,SW
1988.0833333333335,-2.6977589996925768e-17,-8.668941067875562e-17,1.1366700067568138e-16,-2.1385304260031463e-15,2.1233217614769835e-15,No,-9.244463733058732e-33,SW
1988.1666666666667,7.667656781192462e-17,-8.768029936524922e-17,1.1003731553324599e-17,-2.1385304260031463e-15,2.1233217614769835e-15,No,0,SW
1988.25,4.821692486957538e-16,-8.86711880517428e-17,-3.93498060644011e-16,-2.1385304260031463e-15,2.1233217614769835e-15,No,0,SW
1988.3333333333335,5.914550954905876e-17,-8.96620767382364e-17,3.051656718917764e-17,-2.1385304260031463e-15,2.1233217614769835e-15,No,0,SW
1988.4166666666667,1.8934317004310832e-16,-9.065296542472998e-17,-9.869020461837834e-17,-2.1385304260031463e-15,2.1233217614769835e-15,No,0,SW
1988.5,8.496823467095997e-17,-9.164385411122358e-17,6.675619440263613e-18,-2.1385304260031463e-15,2.1233217614769835e-15,No,0,SW
1988.5833333333335,-6.128215710400316e-16,-9.263474279771718e-17,7.054563138377488e-16,-2.1385304260031463e-15,2.1233217614769835e-15,No,0,SW
1988.6666666666667,-8.230428726530258e-16,-9.362563148421076e-17,9.166685041372367e-16,-2.1385304260031463e-15,2.1233217614769835e-15,No,9.860761315262648e-32,SW
1988.75,-5.022224134694589e-16,-9.327426834266405e-17,5.95496681812123e-16,-2.1385304260031463e-15,2.1233217614769835e-15,No,0,SW
1988.8333333333335,5.502775436869673e-16,-9.292290520111735e-17,633.3978061248189,-2.1385304260031463e-15,2.1233217614769835e-15,Yes,633.3978061248189,SW
1988.9166666666667,2.0571810617470817e-16,-9.257154205957064e-17,-1.1314656411513753e-16,-2.1385304260031463e-15,2.1233217614769835e-15,No,0,SW
1989,3.1676602421102096e-16,-9.222017891802392e-17,-2.24545845292997e-16,-2.1385304260031463e-15,2.1233217614769835e-15,No,0,SW
1989.0833333333335,-2.6977589996925768e-17,-9.186881577647722e-17,170.1229170216868,-2.1385304260031463e-15,2.1233217614769835e-15,Yes,170.1229170216868,SW
1989.1666666666667,7.667656781192462e-17,-9.151745263493051e-17,1.484088482300589e-17,-2.1385304260031463e-15,2.1233217614769835e-15,No,0,SW
1989.25,4.821692486957538e-16,-9.11660894933838e-17,-3.9100315920237003e-16,-2.1385304260031463e-15,2.1233217614769835e-15,No,0,SW
1989.3333333333335,5.914550954905876e-17,-9.08147263518371e-17,87.62035744356515,-2.1385304260031463e-15,2.1233217614769835e-15,No,87.62035744356515,SW
1989.4166666666667,1.8934317004310832e-16,-9.046336321029039e-17,-9.887980683281793e-17,-2.1385304260031463e-15,2.1233217614769835e-15,No,0,SW
1989.5,8.496823467095997e-17,-9.011200006874369e-17,507.13741377433774,-2.1385304260031463e-15,2.1233217614769835e-15,Yes,507.13741377433774,SW
1989.5833333333335,-6.128215710400316e-16,-8.976063692719698e-17,227.44281449093293,-2.1385304260031463e-15,2.1233217614769835e-15,Yes,227.44281449093293,SW
1989.6666666666667,-8.230428726530258e-16,-8.940927378565027e-17,9.12452146438676e-16,-2.1385304260031463e-15,2.1233217614769835e-15,No,0,SW
1989.75,-5.022224134694589e-16,-8.905791064410357e-17,470.114731043782,-2.1385304260031463e-15,2.1233217614769835e-15,Yes,470.114731043782,SW
1989.8333333333335,5.502775436869673e-16,-8.870654750255685e-17,-4.615709961844105e-16,-2.1385304260031463e-15,2.1233217614769835e-15,No,0,SW
1989.9166666666667,2.0571810617470817e-16,-8.748453676419756e-17,267.84280691583245,-2.1385304260031463e-15,2.1233217614769835e-15,Yes,267.84280691583245,SW
1990,3.1676602421102096e-16,-8.626252602583827e-17,153.30597163202145,-2.1385304260031463e-15,2.1233217614769835e-15,No,153.30597163202145,SW
1990.0833333333335,-2.6977589996925768e-17,-8.504051528747897e-17,476.7329358763267,-2.1385304260031463e-15,2.1233217614769835e-15,Yes,476.7329358763267,SW
1990.1666666666667,7.667656781192462e-17,-8.381850454911968e-17,432.9773169126528,-2.1385304260031463e-15,2.1233217614769835e-15,Yes,432.9773169126528,SW
1990.25,4.821692486957538e-16,-8.259649381076039e-17,-3.9957275488499345e-16,-2.1385304260031463e-15,2.1233217614769835e-15,No,0,SW
1990.3333333333335,5.914550954905876e-17,-8.13744830724011e-17,170.1239752906974,-2.1385304260031463e-15,2.1233217614769835e-15,Yes,170.1239752906974,SW
1990.4166666666667,1.8934317004310832e-16,-8.015247233404181e-17,-1.0919069770906651e-16,-2.1385304260031463e-15,2.1233217614769835e-15,No,0,SW
1990.5,8.496823467095997e-17,-7.893046159568252e-17,579.5434235802924,-2.1385304260031463e-15,2.1233217614769835e-15,Yes,579.5434235802924,SW
1990.5833333333335,-6.128215710400316e-16,-7.770845085732323e-17,441.44307464469944,-2.1385304260031463e-15,2.1233217614769835e-15,Yes,441.44307464469944,SW
1990.6666666666667,-8.230428726530258e-16,-7.648644011896393e-17,380.7702129869893,-2.1385304260031463e-15,2.1233217614769835e-15,Yes,380.7702129869893,SW
1990.75,-5.022224134694589e-16,-7.526442938060464e-17,5.774868428500636e-16,-2.1385304260031463e-15,2.1233217614769835e-15,No,0,SW
1990.8333333333335,5.502775436869673e-16,-7.404241864224535e-17,-4.76235125044722e-16,-2.1385304260031463e-15,2.1233217614769835e-15,No,0,SW
1990.9166666666667,2.0571810617470817e-16,-7.282040790388605e-17,-1.3289769827082212e-16,-2.1385304260031463e-15,2.1233217614769835e-15,No,0,SW
1991,3.1676602421102096e-16,-7.159839716552676e-17,-2.4516762704549417e-16,-2.1385304260031463e-15,2.1233217614769835e-15,No,4.930380657631324e-32,SW
1991.0833333333335,-2.6977589996925768e-17,-7.033531635718496e-17,9.731290635411074e-17,-2.1385304260031463e-15,2.1233217614769835e-15,No,3.0814879110195774e-33,SW
1991.1666666666667,7.667656781192462e-17,-6.907223554884318e-17,-7.60433226308144e-18,-2.1385304260031463e-15,2.1233217614769835e-15,No,0,SW
1991.25,4.821692486957538e-16,-6.780915474050139e-17,-4.143600939552524e-16,-2.1385304260031463e-15,2.1233217614769835e-15,No,0,SW
1991.3333333333335,5.914550954905876e-17,-6.65460739321596e-17,7.400564383100841e-18,-2.1385304260031463e-15,2.1233217614769835e-15,No,0,SW
1991.4166666666667,1.8934317004310832e-16,-6.528299312381781e-17,-1.240601769192905e-16,-2.1385304260031463e-15,2.1233217614769835e-15,No,2.465190328815662e-32,SW
1991.5,8.496823467095997e-17,-6.401991231547601e-17,-2.0948322355483955e-17,-2.1385304260031463e-15,2.1233217614769835e-15,No,0,SW
1991.5833333333335,-6.128215710400316e-16,-6.275683150713423e-17,579.5434235802924,-2.1385304260031463e-15,2.1233217614769835e-15,No,579.5434235802924,SW
1991.6666666666667,-8.230428726530258e-16,-6.149375069879243e-17,52.22352646783737,-2.1385304260031463e-15,2.1233217614769835e-15,No,52.22352646783737,SW
1991.75,-5.022224134694589e-16,-6.023066989045065e-17,5.624530833599096e-16,-2.1385304260031463e-15,2.1233217614769835e-15,No,0,SW
1991.8333333333335,5.502775436869673e-16,-5.896758908210885e-17,-4.913099546048585e-16,-2.1385304260031463e-15,2.1233217614769835e-15,No,0,SW
1991.9166666666667,2.0571810617470817e-16,-5.770450827376706e-17,-1.4801359790094112e-16,-2.1385304260031463e-15,2.1233217614769835e-15,No,0,SW
1992,3.1676602421102096e-16,-5.644142746542527e-17,-2.6032459674559567e-16,-2.1385304260031463e-15,2.1233217614769835e-15,No,0,SW
1992.0833333333335,-2.6977589996925768e-17,-5.517834665708348e-17,8.215593665400925e-17,-2.1385304260031463e-15,2.1233217614769835e-15,No,3.0814879110195774e-33,SW
1992.1666666666667,7.667656781192462e-17,-5.391526584874169e-17,-2.2761301963182932e-17,-2.1385304260031463e-15,2.1233217614769835e-15,No,0,SW
1992.25,4.821692486957538e-16,-5.224322729474386e-17,-4.2992602140100996e-16,-2.1385304260031463e-15,2.1233217614769835e-15,No,0,SW
1992.3333333333335,5.914550954905876e-17,-5.057118874074603e-17,-8.574320808312732e-18,-2.1385304260031463e-15,2.1233217614769835e-15,No,0,SW
1992.4166666666667,1.8934317004310832e-16,-4.8899150186748197e-17,-1.4044401985636013e-16,-2.1385304260031463e-15,2.1233217614769835e-15,No,0,SW
1992.5,8.496823467095997e-17,-4.722711163275037e-17,-3.7741123038209596e-17,-2.1385304260031463e-15,2.1233217614769835e-15,No,0,SW
1992.5833333333335,-6.128215710400316e-16,-4.5555073078752543e-17,6.583766441187842e-16,-2.1385304260031463e-15,2.1233217614769835e-15,No,0,SW
1992.6666666666667,-8.230428726530258e-16,-4.388303452475471e-17,8.669259071777805e-16,-2.1385304260031463e-15,2.1233217614769835e-15,No,0,SW
1992.75,-5.022224134694589e-16,-4.221099597075688e-17,5.444334094402159e-16,-2.1385304260031463e-15,2.1233217614769835e-15,No,0,SW
1992.8333333333335,5.502775436869673e-16,-4.053895741675905e-17,-5.097385862702083e-16,-2.1385304260031463e-15,2.1233217614769835e-15,No,0,SW
1992.9166666666667,2.0571810617470817e-16,-3.8866918862761223e-17,-1.6685118731194695e-16,-2.1385304260031463e-15,2.1233217614769835e-15,No,0,SW
1993,3.1676602421102096e-16,-3.719488030876339e-17,-2.7957114390225757e-16,-2.1385304260031463e-15,2.1233217614769835e-15,No,0,SW
1993.0833333333335,-2.6977589996925768e-17,-3.552284175476556e-17,6.250043175169133e-17,-2.1385304260031463e-15,2.1233217614769835e-15,No,3.0814879110195774e-33,SW
1993.1666666666667,7.667656781192462e-17,-3.385080320076773e-17,-4.282576461115689e-17,-2.1385304260031463e-15,2.1233217614769835e-15,No,0,SW
1993.25,4.821692486957538e-16,-3.2178764646769904e-17,-4.49990484048984e-16,-2.1385304260031463e-15,2.1233217614769835e-15,No,0,SW
1993.3333333333335,5.914550954905876e-17,-3.050672609277207e-17,-2.863878345628669e-17,-2.1385304260031463e-15,2.1233217614769835e-15,No,0,SW
1993.4166666666667,1.8934317004310832e-16,-2.8745136671311343e-17,-1.6059803337179698e-16,-2.1385304260031463e-15,2.1233217614769835e-15,No,0,SW
1993.5,8.496823467095997e-17,-2.6983547249850622e-17,-5.798468742110935e-17,-2.1385304260031463e-15,2.1233217614769835e-15,No,-1.232595164407831e-32,SW
1993.5833333333335,-6.128215710400316e-16,-2.5221957828389894e-17,6.380435288684215e-16,-2.1385304260031463e-15,2.1233217614769835e-15,No,0,SW
1993.6666666666667,-8.230428726530258e-16,-2.346036840692917e-17,8.46503241059955e-16,-2.1385304260031463e-15,2.1233217614769835e-15,No,0,SW
1993.75,-5.022224134694589e-16,-2.1698778985468446e-17,5.239211924549274e-16,-2.1385304260031463e-15,2.1233217614769835e-15,No,0,SW
1993.8333333333335,5.502775436869673e-16,-1.9937189564007718e-17,-5.303403541229596e-16,-2.1385304260031463e-15,2.1233217614769835e-15,No,0,SW
1993.9166666666667,2.0571810617470817e-16,-1.8175600142546994e-17,-1.8754250603216117e-16,-2.1385304260031463e-15,2.1233217614769835e-15,No,0,SW
1994,3.1676602421102096e-16,-1.641401072108627e-17,-3.0035201348993467e-16,-2.1385304260031463e-15,2.1233217614769835e-15,No,0,SW
1994.0833333333335,-2.6977589996925768e-17,-1.4652421299625545e-17,4.163001129655131e-17,-2.1385304260031463e-15,2.1233217614769835e-15,No,0,SW
1994.1666666666667,7.667656781192462e-17,-1.2890831878164819e-17,-6.37857359337598e-17,-2.1385304260031463e-15,2.1233217614769835e-15,No,0,SW
1994.25,4.821692486957538e-16,-1.1129242456704093e-17,-4.710400062390497e-16,-2.1385304260031463e-15,2.1233217614769835e-15,No,0,SW
1994.3333333333335,5.914550954905876e-17,-9.367653035243368e-18,-4.9777856513815396e-17,-2.1385304260031463e-15,2.1233217614769835e-15,No,0,SW
1994.4166666666667,1.8934317004310832e-16,-7.606063613782644e-18,170.1239752906974,-2.1385304260031463e-15,2.1233217614769835e-15,No,170.1239752906974,SW
1994.5,8.496823467095997e-17,-5.844474192321917e-18,-7.912376047863804e-17,-2.1385304260031463e-15,2.1233217614769835e-15,No,0,SW
1994.5833333333335,-6.128215710400316e-16,-5.619136645137029e-18,6.184407076851686e-16,-2.1385304260031463e-15,2.1233217614769835e-15,No,0,SW
1994.6666666666667,-8.230428726530258e-16,-5.393799097952142e-18,8.28436671750978e-16,-2.1385304260031463e-15,2.1233217614769835e-15,No,0,SW
1994.75,-5.022224134694589e-16,-5.168461550767254e-18,5.073908750202262e-16,-2.1385304260031463e-15,2.1233217614769835e-15,No,0,SW
1994.8333333333335,5.502775436869673e-16,-4.943124003582366e-18,-5.45334419683385e-16,-2.1385304260031463e-15,2.1233217614769835e-15,No,0,SW
1994.9166666666667,2.0571810617470817e-16,-4.7177864563974785e-18,564.4609037708552,-2.1385304260031463e-15,2.1233217614769835e-15,Yes,564.4609037708552,SW
1995,3.1676602421102096e-16,-4.492448909212591e-18,-3.1227357530180836e-16,-2.1385304260031463e-15,2.1233217614769835e-15,No,0,SW
1995.0833333333335,-2.6977589996925768e-17,-4.267111362027703e-18,35.39182665386668,-2.1385304260031463e-15,2.1233217614769835e-15,No,35.39182665386668,SW
1995.1666666666667,7.667656781192462e-17,-4.041773814842816e-18,-7.263479399708181e-17,-2.1385304260031463e-15,2.1233217614769835e-15,No,0,SW
1995.25,4.821692486957538e-16,-3.816436267657928e-18,232.55560803451547,-2.1385304260031463e-15,2.1233217614769835e-15,Yes,232.55560803451547,SW
1995.3333333333335,5.914550954905876e-17,-3.591098720473041e-18,-5.555441082858573e-17,-2.1385304260031463e-15,2.1233217614769835e-15,No,0,SW
1995.4166666666667,1.8934317004310832e-16,-3.3657611732881525e-18,-1.8597740886982017e-16,-2.1385304260031463e-15,2.1233217614769835e-15,No,0,SW
1995.5,8.496823467095997e-17,-3.1404236261032652e-18,323.42417373113005,-2.1385304260031463e-15,2.1233217614769835e-15,Yes,323.42417373113005,SW
1995.5833333333335,-6.128215710400316e-16,-2.9150860789183775e-18,384.1194564853172,-2.1385304260031463e-15,2.1233217614769835e-15,Yes,384.1194564853172,SW
1995.6666666666667,-8.230428726530258e-16,-2.6897485317334894e-18,8.257326211847594e-16,-2.1385304260031463e-15,2.1233217614769835e-15,No,0,SW
1995.75,-5.022224134694589e-16,-3.3247426709764297e-18,151.6704006327542,-2.1385304260031463e-15,2.1233217614769835e-15,No,151.6704006327542,SW
1995.8333333333335,5.502775436869673e-16,-3.9597368102193704e-18,656.9466935151601,-2.1385304260031463e-15,2.1233217614769835e-15,Yes,656.9466935151601,SW
1995.9166666666667,2.0571810617470817e-16,-4.59473094946231e-18,466.6327935768885,-2.1385304260031463e-15,2.1233217614769835e-15,Yes,466.6327935768885,SW
1996,3.1676602421102096e-16,-5.229725088705251e-18,112.91063000340378,-2.1385304260031463e-15,2.1233217614769835e-15,No,112.91063000340378,SW
1996.0833333333335,-2.6977589996925768e-17,-5.864719227948192e-18,3.284230922487396e-17,-2.1385304260031463e-15,2.1233217614769835e-15,No,3.0814879110195774e-33,SW
1996.1666666666667,7.667656781192462e-17,-6.499713367191132e-18,-7.017685444473349e-17,-2.1385304260031463e-15,2.1233217614769835e-15,No,0,SW
1996.25,4.821692486957538e-16,-7.134707506434072e-18,-4.750345411893198e-16,-2.1385304260031463e-15,2.1233217614769835e-15,No,0,SW
1996.3333333333335,5.914550954905876e-17,-7.769701645677012e-18,-5.137580790338175e-17,-2.1385304260031463e-15,2.1233217614769835e-15,No,0,SW
1996.4166666666667,1.8934317004310832e-16,-8.404695784919954e-18,35.39182665386661,-2.1385304260031463e-15,2.1233217614769835e-15,No,35.39182665386661,SW
1996.5,8.496823467095997e-17,-9.039689924162894e-18,353.8333665517194,-2.1385304260031463e-15,2.1233217614769835e-15,Yes,353.8333665517194,SW
1996.5833333333335,-6.128215710400316e-16,-9.674684063405834e-18,6.224962551034375e-16,-2.1385304260031463e-15,2.1233217614769835e-15,No,0,SW
1996.6666666666667,-8.230428726530258e-16,-1.0309678202648775e-17,8.333525508556746e-16,-2.1385304260031463e-15,2.1233217614769835e-15,No,0,SW
1996.75,-5.022224134694589e-16,-1.0944672341891715e-17,5.131670858113507e-16,-2.1385304260031463e-15,2.1233217614769835e-15,No,0,SW
1996.8333333333335,5.502775436869673e-16,-1.1579666481134655e-17,-5.386978772058327e-16,-2.1385304260031463e-15,2.1233217614769835e-15,No,0,SW
1996.9166666666667,2.0571810617470817e-16,-1.2521762024414936e-17,-1.9319634415029322e-16,-2.1385304260031463e-15,2.1233217614769835e-15,No,0,SW
1997,3.1676602421102096e-16,-1.3463857567695218e-17,-3.033021666433257e-16,-2.1385304260031463e-15,2.1233217614769835e-15,No,0,SW
1997.0833333333335,-2.6977589996925768e-17,-1.44059531109755e-17,625.0383442514465,-2.1385304260031463e-15,2.1233217614769835e-15,Yes,625.0383442514465,SW
1997.1666666666667,7.667656781192462e-17,-1.5348048654255782e-17,171.86609847191716,-2.1385304260031463e-15,2.1233217614769835e-15,Yes,171.86609847191716,SW
1997.25,4.821692486957538e-16,-1.629014419753606e-17,207.25754063964055,-2.1385304260031463e-15,2.1233217614769835e-15,Yes,207.25754063964055,SW
1997.3333333333335,5.914550954905876e-17,-1.7232239740816343e-17,384.1194564853173,-2.1385304260031463e-15,2.1233217614769835e-15,Yes,384.1194564853173,SW
1997.4166666666667,1.8934317004310832e-16,-1.8174335284096626e-17,488.5644569195392,-2.1385304260031463e-15,2.1233217614769835e-15,Yes,488.5644569195392,SW
1997.5,8.496823467095997e-17,-1.9116430827376908e-17,279.686099704937,-2.1385304260031463e-15,2.1233217614769835e-15,Yes,279.686099704937,SW
1997.5833333333335,-6.128215710400316e-16,-2.0058526370657187e-17,6.328800974106888e-16,-2.1385304260031463e-15,2.1233217614769835e-15,No,0,SW
1997.6666666666667,-8.230428726530258e-16,-2.100062191393747e-17,74.15159728321704,-2.1385304260031463e-15,2.1233217614769835e-15,No,74.15159728321704,SW
1997.75,-5.022224134694589e-16,-2.1942717457217752e-17,227.4575689152385,-2.1385304260031463e-15,2.1233217614769835e-15,Yes,227.4575689152385,SW
1997.8333333333335,5.502775436869673e-16,-2.2884813000498032e-17,-5.273927306864693e-16,-2.1385304260031463e-15,2.1233217614769835e-15,No,0,SW
1997.9166666666667,2.0571810617470817e-16,-2.3826908543778314e-17,-1.8189119763092985e-16,-2.1385304260031463e-15,2.1233217614769835e-15,No,0,SW
1998,3.1676602421102096e-16,-2.4769004087058596e-17,-2.9199702012396235e-16,-2.1385304260031463e-15,2.1233217614769835e-15,No,0,SW
1998.0833333333335,-2.6977589996925768e-17,-2.6357718682066312e-17,579.5434235802924,-2.1385304260031463e-15,2.1233217614769835e-15,No,579.5434235802924,SW
1998.1666666666667,7.667656781192462e-17,-2.794643327707403e-17,902.9733705030112,-2.1385304260031463e-15,2.1233217614769835e-15,Yes,902.9733705030112,SW
1998.25,4.821692486957538e-16,-2.9535147872081746e-17,101.08244516418384,-2.1385304260031463e-15,2.1233217614769835e-15,No,101.08244516418384,SW
1998.3333333333335,5.914550954905876e-17,-3.112386246708946e-17,-2.8021647081969303e-17,-2.1385304260031463e-15,2.1233217614769835e-15,No,0,SW
1998.4166666666667,1.8934317004310832e-16,-3.271257706209717e-17,-1.5663059298101115e-16,-2.1385304260031463e-15,2.1233217614769835e-15,No,0,SW
1998.5,8.496823467095997e-17,-3.430129165710489e-17,-5.066694301385508e-17,-2.1385304260031463e-15,2.1233217614769835e-15,No,0,SW
1998.5833333333335,-6.128215710400316e-16,-3.589000625211261e-17,6.487115772921443e-16,-2.1385304260031463e-15,2.1233217614769835e-15,No,0,SW
1998.6666666666667,-8.230428726530258e-16,-3.747872084712032e-17,8.605215935001462e-16,-2.1385304260031463e-15,2.1233217614769835e-15,No,0,SW
1998.75,-5.022224134694589e-16,-3.906743544212803e-17,5.41289848911587e-16,-2.1385304260031463e-15,2.1233217614769835e-15,No,0,SW
1998.8333333333335,5.502775436869673e-16,-4.065615003713575e-17,-5.096213936498316e-16,-2.1385304260031463e-15,2.1233217614769835e-15,No,0,SW
1998.9166666666667,2.0571810617470817e-16,-4.224486463214347e-17,-1.634732415425647e-16,-2.1385304260031463e-15,2.1233217614769835e-15,No,0,SW
1999,3.1676602421102096e-16,-4.383357922715118e-17,-2.729324449838698e-16,-2.1385304260031463e-15,2.1233217614769835e-15,No,-4.930380657631324e-32,SW
1999.0833333333335,-2.6977589996925768e-17,-4.5422293822158894e-17,7.239988381908467e-17,-2.1385304260031463e-15,2.1233217614769835e-15,No,3.0814879110195774e-33,SW
1999.1666666666667,7.667656781192462e-17,-4.701100841716661e-17,-2.966555939475801e-17,-2.1385304260031463e-15,2.1233217614769835e-15,No,0,SW
1999.25,4.821692486957538e-16,-4.8962818517007617e-17,-4.332064301787462e-16,-2.1385304260031463e-15,2.1233217614769835e-15,No,0,SW
1999.3333333333335,5.914550954905876e-17,-5.0914628616848627e-17,52.22352646783759,-2.1385304260031463e-15,2.1233217614769835e-15,No,52.22352646783759,SW
1999.4166666666667,1.8934317004310832e-16,-5.286643871668963e-17,-1.3647673132641868e-16,-2.1385304260031463e-15,2.1233217614769835e-15,No,2.465190328815662e-32,SW
1999.5,8.496823467095997e-17,-5.4818248816530634e-17,-3.014998585442933e-17,-2.1385304260031463e-15,2.1233217614769835e-15,No,0,SW
1999.5833333333335,-6.128215710400316e-16,-5.677005891637164e-17,173.4865305607356,-2.1385304260031463e-15,2.1233217614769835e-15,Yes,173.4865305607356,SW
1999.6666666666667,-8.230428726530258e-16,-5.872186901621265e-17,45.49338074789467,-2.1385304260031463e-15,2.1233217614769835e-15,No,45.49338074789467,SW
1999.75,-5.022224134694589e-16,-6.067367911605366e-17,5.628960925855126e-16,-2.1385304260031463e-15,2.1233217614769835e-15,No,0,SW
1999.8333333333335,5.502775436869673e-16,-6.262548921589466e-17,-4.876520544710727e-16,-2.1385304260031463e-15,2.1233217614769835e-15,No,0,SW
1999.9166666666667,2.0571810617470817e-16,-6.457729931573567e-17,-1.411408068589725e-16,-2.1385304260031463e-15,2.1233217614769835e-15,No,0,SW
2000,3.1676602421102096e-16,-6.652910941557667e-17,-2.502369147954443e-16,-2.1385304260031463e-15,2.1233217614769835e-15,No,0,SW
2000.0833333333335,-2.6977589996925768e-17,-6.848091951541768e-17,9.545850951234346e-17,-2.1385304260031463e-15,2.1233217614769835e-15,No,3.0814879110195774e-33,SW
2000.1666666666667,7.667656781192462e-17,-7.043272961525869e-17,283.0299544978193,-2.1385304260031463e-15,2.1233217614769835e-15,Yes,283.0299544978193,SW
2000.25,4.821692486957538e-16,-7.238453971509969e-17,-4.097847089806541e-16,-2.1385304260031463e-15,2.1233217614769835e-15,No,0,SW
2000.3333333333335,5.914550954905876e-17,-7.43363498149407e-17,58.949695276924615,-2.1385304260031463e-15,2.1233217614769835e-15,No,58.949695276924615,SW
2000.4166666666667,1.8934317004310832e-16,-7.555937876737636e-17,478.4609784161085,-2.1385304260031463e-15,2.1233217614769835e-15,Yes,478.4609784161085,SW
2000.5,8.496823467095997e-17,-7.678240771981202e-17,52.22352646783737,-2.1385304260031463e-15,2.1233217614769835e-15,No,52.22352646783737,SW
2000.5833333333335,-6.128215710400316e-16,-7.800543667224768e-17,74.15159728321704,-2.1385304260031463e-15,2.1233217614769835e-15,No,74.15159728321704,SW
2000.6666666666667,-8.230428726530258e-16,-7.922846562468335e-17,9.02271338277709e-16,-2.1385304260031463e-15,2.1233217614769835e-15,No,-9.860761315262648e-32,SW
2000.75,-5.022224134694589e-16,-8.045149457711902e-17,5.82673908046578e-16,-2.1385304260031463e-15,2.1233217614769835e-15,No,9.860761315262648e-32,SW
2000.8333333333335,5.502775436869673e-16,-8.167452352955467e-17,-4.686030201574127e-16,-2.1385304260031463e-15,2.1233217614769835e-15,No,0,SW
2000.9166666666667,2.0571810617470817e-16,-8.289755248199033e-17,-1.2282055369271784e-16,-2.1385304260031463e-15,2.1233217614769835e-15,No,0,SW
2001,3.1676602421102096e-16,-8.4120581434426e-17,-2.3264544277659497e-16,-2.1385304260031463e-15,2.1233217614769835e-15,No,0,SW
2001.0833333333335,-2.6977589996925768e-17,-8.534361038686167e-17,1.1232120038378744e-16,-2.1385304260031463e-15,2.1233217614769835e-15,No,3.0814879110195774e-33,SW
2001.1666666666667,7.667656781192462e-17,-8.656663933929732e-17,9.8900715273727e-18,-2.1385304260031463e-15,2.1233217614769835e-15,No,0,SW
2001.25,4.821692486957538e-16,-8.778966829173298e-17,-3.943795804040208e-16,-2.1385304260031463e-15,2.1233217614769835e-15,No,0,SW
2001.3333333333335,5.914550954905876e-17,-8.901269724416865e-17,2.9867187695109886e-17,-2.1385304260031463e-15,2.1233217614769835e-15,No,0,SW
2001.4166666666667,1.8934317004310832e-16,-9.023572619660432e-17,-9.9107443846504e-17,-2.1385304260031463e-15,2.1233217614769835e-15,No,0,SW
2001.5,8.496823467095997e-17,-9.145875514903997e-17,6.490520478080006e-18,-2.1385304260031463e-15,2.1233217614769835e-15,No,0,SW
2001.5833333333335,-6.128215710400316e-16,-9.190106301631914e-17,7.047226340563507e-16,-2.1385304260031463e-15,2.1233217614769835e-15,No,0,SW
2001.6666666666667,-8.230428726530258e-16,-9.234337088359831e-17,104.44705293567496,-2.1385304260031463e-15,2.1233217614769835e-15,No,104.44705293567496,SW
2001.75,-5.022224134694589e-16,-9.27856787508775e-17,5.950080922203364e-16,-2.1385304260031463e-15,2.1233217614769835e-15,No,0,SW
2001.8333333333335,5.502775436869673e-16,-9.322798661815667e-17,-4.570495570688107e-16,-2.1385304260031463e-15,2.1233217614769835e-15,No,0,SW
2001.9166666666667,2.0571810617470817e-16,-9.367029448543584e-17,-1.1204781168927233e-16,-2.1385304260031463e-15,2.1233217614769835e-15,No,0,SW
2002,3.1676602421102096e-16,-9.411260235271501e-17,739.5751795352575,-2.1385304260031463e-15,2.1233217614769835e-15,Yes,739.5751795352575,SW
2002.0833333333335,-2.6977589996925768e-17,-9.455491021999418e-17,352.1006090893594,-2.1385304260031463e-15,2.1233217614769835e-15,Yes,352.1006090893594,SW
2002.1666666666667,7.667656781192462e-17,-9.499721808727337e-17,579.5434235802924,-2.1385304260031463e-15,2.1233217614769835e-15,No,579.5434235802924,SW
2002.25,4.821692486957538e-16,-9.543952595455254e-17,-3.867297227412013e-16,-2.1385304260031463e-15,2.1233217614769835e-15,No,0,SW
2002.3333333333335,5.914550954905876e-17,-9.588183382183171e-17,3.673632427277295e-17,-2.1385304260031463e-15,2.1233217614769835e-15,No,0,SW
2002.4166666666667,1.8934317004310832e-16,-9.632414168911088e-17,-9.301902835399744e-17,-2.1385304260031463e-15,2.1233217614769835e-15,No,0,SW
2002.5,8.496823467095997e-17,-9.676644955639006e-17,1.1798214885430097e-17,-2.1385304260031463e-15,2.1233217614769835e-15,No,0,SW
2002.5833333333335,-6.128215710400316e-16,-9.720875742366923e-17,7.100303284637008e-16,-2.1385304260031463e-15,2.1233217614769835e-15,No,0,SW
2002.6666666666667,-8.230428726530258e-16,-9.76510652909484e-17,208.89311163890784,-2.1385304260031463e-15,2.1233217614769835e-15,Yes,208.89311163890784,SW
2002.75,-5.022224134694589e-16,-9.724627462020898e-17,153.30597163202145,-2.1385304260031463e-15,2.1233217614769835e-15,No,153.30597163202145,SW
2002.8333333333335,5.502775436869673e-16,-9.684148394946955e-17,-4.534360597374978e-16,-2.1385304260031463e-15,2.1233217614769835e-15,No,0,SW
2002.9166666666667,2.0571810617470817e-16,-9.643669327873013e-17,-1.0928141289597804e-16,-2.1385304260031463e-15,2.1233217614769835e-15,No,0,SW
2003,3.1676602421102096e-16,-9.60319026079907e-17,-2.2073412160303026e-16,-2.1385304260031463e-15,2.1233217614769835e-15,No,0,SW
2003.0833333333335,-2.6977589996925768e-17,-9.562711193725127e-17,1.2260470193417704e-16,-2.1385304260031463e-15,2.1233217614769835e-15,No,3.0814879110195774e-33,SW
2003.1666666666667,7.667656781192462e-17,-9.522232126651184e-17,1.854575345458722e-17,-2.1385304260031463e-15,2.1233217614769835e-15,No,0,SW
2003.25,4.821692486957538e-16,-9.481753059577243e-17,-3.873517180999814e-16,-2.1385304260031463e-15,2.1233217614769835e-15,No,0,SW
2003.3333333333335,5.914550954905876e-17,-9.4412739925033e-17,3.5267230375974236e-17,-2.1385304260031463e-15,2.1233217614769835e-15,No,0,SW
2003.4166666666667,1.8934317004310832e-16,-9.400794925429357e-17,-9.533522078881475e-17,-2.1385304260031463e-15,2.1233217614769835e-15,No,0,SW
2003.5,8.496823467095997e-17,-9.360315858355414e-17,58.949695276924594,-2.1385304260031463e-15,2.1233217614769835e-15,No,58.949695276924594,SW
2003.5833333333335,-6.128215710400316e-16,-9.319836791281471e-17,625.025032582295,-2.1385304260031463e-15,2.1233217614769835e-15,Yes,625.025032582295,SW
2003.6666666666667,-8.230428726530258e-16,-9.279357724207529e-17,306.5971888397373,-2.1385304260031463e-15,2.1233217614769835e-15,Yes,306.5971888397373,SW
2003.75,-5.022224134694589e-16,-9.238878657133586e-17,5.946112000407948e-16,-2.1385304260031463e-15,2.1233217614769835e-15,No,-9.860761315262648e-32,SW
2003.8333333333335,5.502775436869673e-16,-9.198399590059643e-17,-4.582935477863709e-16,-2.1385304260031463e-15,2.1233217614769835e-15,No,9.860761315262648e-32,SW
2003.9166666666667,2.0571810617470817e-16,-9.064086637715973e-17,-1.1507723979754846e-16,-2.1385304260031463e-15,2.1233217614769835e-15,No,0,SW
2004,3.1676602421102096e-16,-8.929773685372303e-17,-2.274682873572979e-16,-2.1385304260031463e-15,2.1233217614769835e-15,No,0,SW
2004.0833333333335,-2.6977589996925768e-17,-8.795460733028633e-17,1.149321973272121e-16,-2.1385304260031463e-15,2.1233217614769835e-15,No,3.0814879110195774e-33,SW
2004.1666666666667,7.667656781192462e-17,-8.661147780684962e-17,9.934909994924998e-18,-2.1385304260031463e-15,2.1233217614769835e-15,No,0,SW
2004.25,4.821692486957538e-16,-8.526834828341293e-17,-3.969009004123409e-16,-2.1385304260031463e-15,2.1233217614769835e-15,No,0,SW
2004.3333333333335,5.914550954905876e-17,-8.392521875997622e-17,2.4779709210917458e-17,-2.1385304260031463e-15,2.1233217614769835e-15,No,0,SW
2004.4166666666667,1.8934317004310832e-16,-8.258208923653952e-17,173.4865305607356,-2.1385304260031463e-15,2.1233217614769835e-15,No,173.4865305607356,SW
2004.5,8.496823467095997e-17,-8.123895971310282e-17,-3.729274957857148e-18,-2.1385304260031463e-15,2.1233217614769835e-15,No,0,SW
2004.5833333333335,-6.128215710400316e-16,-7.989583018966611e-17,544.1515969264257,-2.1385304260031463e-15,2.1233217614769835e-15,Yes,544.1515969264257,SW
2004.6666666666667,-8.230428726530258e-16,-7.855270066622942e-17,9.015955733192552e-16,-2.1385304260031463e-15,2.1233217614769835e-15,No,0,SW
2004.75,-5.022224134694589e-16,-7.720957114279271e-17,5.794319846122517e-16,-2.1385304260031463e-15,2.1233217614769835e-15,No,0,SW
2004.8333333333335,5.502775436869673e-16,-7.5866441619356e-17,-4.744111020676113e-16,-2.1385304260031463e-15,2.1233217614769835e-15,No,9.860761315262648e-32,SW
2004.9166666666667,2.0571810617470817e-16,-7.452331209591931e-17,-1.3119479407878886e-16,-2.1385304260031463e-15,2.1233217614769835e-15,No,0,SW
2005,3.1676602421102096e-16,-7.31801825724826e-17,-2.4358584163853834e-16,-2.1385304260031463e-15,2.1233217614769835e-15,No,0,SW
2005.0833333333335,-2.6977589996925768e-17,-7.147667809073867e-17,9.845426808766444e-17,-2.1385304260031463e-15,2.1233217614769835e-15,No,3.0814879110195774e-33,SW
2005.1666666666667,7.667656781192462e-17,-6.977317360899473e-17,-6.9033942029298915e-18,-2.1385304260031463e-15,2.1233217614769835e-15,No,0,SW
2005.25,4.821692486957538e-16,-6.80696691272508e-17,-4.1409957956850303e-16,-2.1385304260031463e-15,2.1233217614769835e-15,No,0,SW
2005.3333333333335,5.914550954905876e-17,-6.636616464550687e-17,7.220655096448109e-18,-2.1385304260031463e-15,2.1233217614769835e-15,No,0,SW
2005.4166666666667,1.8934317004310832e-16,-6.466266016376294e-17,497.0358596803097,-2.1385304260031463e-15,2.1233217614769835e-15,Yes,497.0358596803097,SW
2005.5,8.496823467095997e-17,-6.2959155682019e-17,544.1387669115229,-2.1385304260031463e-15,2.1233217614769835e-15,Yes,544.1387669115229,SW
2005.5833333333335,-6.128215710400316e-16,-6.125565120027507e-17,279.67638046049797,-2.1385304260031463e-15,2.1233217614769835e-15,Yes,279.67638046049797,SW
2005.6666666666667,-8.230428726530258e-16,-5.955214671853114e-17,8.82595019371557e-16,-2.1385304260031463e-15,2.1233217614769835e-15,No,0,SW
2005.75,-5.022224134694589e-16,-5.78486422367872e-17,55.5871400068864,-2.1385304260031463e-15,2.1233217614769835e-15,No,55.5871400068864,SW
2005.8333333333335,5.502775436869673e-16,-5.614513775504326e-17,114.53683528381102,-2.1385304260031463e-15,2.1233217614769835e-15,No,114.53683528381102,SW
2005.9166666666667,2.0571810617470817e-16,-5.4441633273299335e-17,-1.5127647290140882e-16,-2.1385304260031463e-15,2.1233217614769835e-15,No,0,SW
2006,3.1676602421102096e-16,-5.27381287915554e-17,-2.6402789541946555e-16,-2.1385304260031463e-15,2.1233217614769835e-15,No,0,SW
2006.0833333333335,-2.6977589996925768e-17,-5.103462430981147e-17,7.801221430673723e-17,-2.1385304260031463e-15,2.1233217614769835e-15,No,-3.0814879110195774e-33,SW
2006.1666666666667,7.667656781192462e-17,-4.933111982806753e-17,74.1515972832171,-2.1385304260031463e-15,2.1233217614769835e-15,No,74.1515972832171,SW
2006.25,4.821692486957538e-16,-4.760796846809403e-17,-4.345612802276598e-16,-2.1385304260031463e-15,2.1233217614769835e-15,No,0,SW
2006.3333333333335,5.914550954905876e-17,-4.588481710812053e-17,58.949695276924594,-2.1385304260031463e-15,2.1233217614769835e-15,No,58.949695276924594,SW
2006.4166666666667,1.8934317004310832e-16,-4.416166574814702e-17,667.1637810238575,-2.1385304260031463e-15,2.1233217614769835e-15,Yes,667.1637810238575,SW
2006.5,8.496823467095997e-17,-4.2438514388173516e-17,491.92306613672713,-2.1385304260031463e-15,2.1233217614769835e-15,Yes,491.92306613672713,SW
2006.5833333333335,-6.128215710400316e-16,-4.0715363028200014e-17,52.22352646783737,-2.1385304260031463e-15,2.1233217614769835e-15,No,52.22352646783737,SW
2006.6666666666667,-8.230428726530258e-16,-3.899221166822651e-17,269.5697911866034,-2.1385304260031463e-15,2.1233217614769835e-15,Yes,269.5697911866034,SW
2006.75,-5.022224134694589e-16,-3.726906030825301e-17,736.2180130732237,-2.1385304260031463e-15,2.1233217614769835e-15,Yes,736.2180130732237,SW
2006.8333333333335,5.502775436869673e-16,-3.55459089482795e-17,35.39182665386661,-2.1385304260031463e-15,2.1233217614769835e-15,No,35.39182665386661,SW
2006.9166666666667,2.0571810617470817e-16,-3.3822757588306e-17,70.7836533077333,-2.1385304260031463e-15,2.1233217614769835e-15,No,70.7836533077333,SW
2007,3.1676602421102096e-16,-3.2099606228332496e-17,35.39182665386668,-2.1385304260031463e-15,2.1233217614769835e-15,No,35.39182665386668,SW
2007.0833333333335,-2.6977589996925768e-17,-3.0376454868358994e-17,5.735404486528477e-17,-2.1385304260031463e-15,2.1233217614769835e-15,No,3.0814879110195774e-33,SW
2007.1666666666667,7.667656781192462e-17,-2.865330350838549e-17,-4.802326430353913e-17,-2.1385304260031463e-15,2.1233217614769835e-15,No,0,SW
2007.25,4.821692486957538e-16,-2.6930152148411986e-17,-4.552390965473418e-16,-2.1385304260031463e-15,2.1233217614769835e-15,No,0,SW
2007.3333333333335,5.914550954905876e-17,-2.5207000788438484e-17,-3.3938508760620274e-17,-2.1385304260031463e-15,2.1233217614769835e-15,No,0,SW
2007.4166666666667,1.8934317004310832e-16,-2.4743530014990303e-17,-1.6459964002811803e-16,-2.1385304260031463e-15,2.1233217614769835e-15,No,0,SW
2007.5,8.496823467095997e-17,-2.4280059241542122e-17,229.07367056762195,-2.1385304260031463e-15,2.1233217614769835e-15,Yes,229.07367056762195,SW
2007.5833333333335,-6.128215710400316e-16,-2.3816588468093945e-17,6.366381595081256e-16,-2.1385304260031463e-15,2.1233217614769835e-15,No,0,SW
2007.6666666666667,-8.230428726530258e-16,-2.3353117694645764e-17,8.4639599034767155e-16,-2.1385304260031463e-15,2.1233217614769835e-15,No,-9.860761315262648e-32,SW
2007.75,-5.022224134694589e-16,-2.2889646921197583e-17,35.39182665386661,-2.1385304260031463e-15,2.1233217614769835e-15,No,35.39182665386661,SW
2007.8333333333335,5.502775436869673e-16,-2.2426176147749402e-17,109.54342393708372,-2.1385304260031463e-15,2.1233217614769835e-15,No,109.54342393708372,SW
2007.9166666666667,2.0571810617470817e-16,-2.1962705374301225e-17,350.4697530126703,-2.1385304260031463e-15,2.1233217614769835e-15,Yes,350.4697530126703,SW
2008,3.1676602421102096e-16,-2.1499234600853044e-17,210.6239446918648,-2.1385304260031463e-15,2.1233217614769835e-15,Yes,210.6239446918648,SW
2008.0833333333335,-2.6977589996925768e-17,-2.1035763827404863e-17,1100.1371518836602,-2.1385304260031463e-15,2.1233217614769835e-15,Yes,1100.1371518836602,SW
2008.1666666666667,7.667656781192462e-17,-2.0572293053956682e-17,-5.610427475796794e-17,-2.1385304260031463e-15,2.1233217614769835e-15,No,0,SW
2008.25,4.821692486957538e-16,-2.01088222805085e-17,-4.620604264152453e-16,-2.1385304260031463e-15,2.1233217614769835e-15,No,0,SW
2008.3333333333335,5.914550954905876e-17,-1.9645351507060324e-17,-3.950015804199844e-17,-2.1385304260031463e-15,2.1233217614769835e-15,No,0,SW
2008.4166666666667,1.8934317004310832e-16,-1.9181880733612143e-17,-1.7016128930949617e-16,-2.1385304260031463e-15,2.1233217614769835e-15,No,0,SW
2008.5,8.496823467095997e-17,-1.8718409960163962e-17,-6.6249824710796e-17,-2.1385304260031463e-15,2.1233217614769835e-15,No,1.232595164407831e-32,SW
2008.5833333333335,-6.128215710400316e-16,-1.9651388928898445e-17,6.324729599689301e-16,-2.1385304260031463e-15,2.1233217614769835e-15,No,0,SW
2008.6666666666667,-8.230428726530258e-16,-2.0584367897632925e-17,8.436272405506588e-16,-2.1385304260031463e-15,2.1233217614769835e-15,No,0,SW
2008.75,-5.022224134694589e-16,-2.1517346866367408e-17,5.237397603358263e-16,-2.1385304260031463e-15,2.1233217614769835e-15,No,0,SW
2008.8333333333335,5.502775436869673e-16,-2.245032583510189e-17,-5.278272178518654e-16,-2.1385304260031463e-15,2.1233217614769835e-15,No,0,SW
2008.9166666666667,2.0571810617470817e-16,-2.3383304803836372e-17,-1.823348013708718e-16,-2.1385304260031463e-15,2.1233217614769835e-15,No,0,SW
2009,3.1676602421102096e-16,-2.4316283772570855e-17,-2.924497404384501e-16,-2.1385304260031463e-15,2.1233217614769835e-15,No,0,SW
2009.0833333333335,-2.6977589996925768e-17,-2.5249262741305338e-17,5.2226852738231106e-17,-2.1385304260031463e-15,2.1233217614769835e-15,No,0,SW
2009.1666666666667,7.667656781192462e-17,-2.618224171003982e-17,-5.04943261018848e-17,-2.1385304260031463e-15,2.1233217614769835e-15,No,0,SW
2009.25,4.821692486957538e-16,-2.71152206787743e-17,-4.550540280169795e-16,-2.1385304260031463e-15,2.1233217614769835e-15,No,0,SW
2009.3333333333335,5.914550954905876e-17,-2.804819964750878e-17,-3.109730990154998e-17,-2.1385304260031463e-15,2.1233217614769835e-15,No,0,SW
2009.4166666666667,1.8934317004310832e-16,-2.898117861624327e-17,579.5434235802924,-2.1385304260031463e-15,2.1233217614769835e-15,No,579.5434235802924,SW
2009.5,8.496823467095997e-17,-2.991415758497775e-17,117.89939055384922,-2.1385304260031463e-15,2.1233217614769835e-15,No,117.89939055384922,SW
2009.5833333333335,-6.128215710400316e-16,-3.084713655371223e-17,6.436687075937439e-16,-2.1385304260031463e-15,2.1233217614769835e-15,No,0,SW
2009.6666666666667,-8.230428726530258e-16,-3.1780115522446714e-17,8.548229881754725e-16,-2.1385304260031463e-15,2.1233217614769835e-15,No,0,SW
2009.75,-5.022224134694589e-16,-3.4143343774106554e-17,527.3055270717338,-2.1385304260031463e-15,2.1233217614769835e-15,Yes,527.3055270717338,SW
2009.8333333333335,5.502775436869673e-16,-3.6506572025766395e-17,160.03419294256136,-2.1385304260031463e-15,2.1233217614769835e-15,No,160.03419294256136,SW
2009.9166666666667,2.0571810617470817e-16,-3.8869800277426236e-17,-1.6684830589728195e-16,-2.1385304260031463e-15,2.1233217614769835e-15,No,0,SW
2010,3.1676602421102096e-16,-4.1233028529086077e-17,-2.7553299568193487e-16,-2.1385304260031463e-15,2.1233217614769835e-15,No,0,SW
2010.0833333333335,-2.6977589996925768e-17,-4.3596256780745923e-17,80.8867473250209,-2.1385304260031463e-15,2.1233217614769835e-15,No,80.8867473250209,SW
2010.1666666666667,7.667656781192462e-17,-4.5959485032405764e-17,80.8867473250209,-2.1385304260031463e-15,2.1233217614769835e-15,No,80.8867473250209,SW
2010.25,4.821692486957538e-16,-4.8322713284065605e-17,830.5541461960106,-2.1385304260031463e-15,2.1233217614769835e-15,Yes,830.5541461960106,SW
2010.3333333333335,5.914550954905876e-17,-5.0685941535725446e-17,269.57761687964506,-2.1385304260031463e-15,2.1233217614769835e-15,Yes,269.57761687964506,SW
2010.4166666666667,1.8934317004310832e-16,-5.3049169787385286e-17,-1.3629400025572303e-16,-2.1385304260031463e-15,2.1233217614769835e-15,No,0,SW
2010.5,8.496823467095997e-17,-5.541239803904513e-17,-2.955583663191484e-17,-2.1385304260031463e-15,2.1233217614769835e-15,No,0,SW
2010.5833333333335,-6.128215710400316e-16,-5.777562629070497e-17,6.705971973307366e-16,-2.1385304260031463e-15,2.1233217614769835e-15,No,0,SW
2010.6666666666667,-8.230428726530258e-16,-6.013885454236481e-17,35.39182665386668,-2.1385304260031463e-15,2.1233217614769835e-15,No,35.39182665386668,SW
2010.75,-5.022224134694589e-16,-6.250208279402466e-17,5.647244962634836e-16,-2.1385304260031463e-15,2.1233217614769835e-15,No,0,SW
2010.8333333333335,5.502775436869673e-16,-6.48653110456845e-17,-4.854122326412828e-16,-2.1385304260031463e-15,2.1233217614769835e-15,No,0,SW
2010.9166666666667,2.0571810617470817e-16,-6.731261839091913e-17,-1.3840548778378905e-16,-2.1385304260031463e-15,2.1233217614769835e-15,No,0,SW
2011,3.1676602421102096e-16,-6.975992573615377e-17,554.2531510204537,-2.1385304260031463e-15,2.1233217614769835e-15,Yes,554.2531510204537,SW
2011.0833333333335,-2.6977589996925768e-17,-7.22072330813884e-17,161.77195472678227,-2.1385304260031463e-15,2.1233217614769835e-15,Yes,161.77195472678227,SW
2011.1666666666667,7.667656781192462e-17,-7.465454042662303e-17,311.7099823833199,-2.1385304260031463e-15,2.1233217614769835e-15,Yes,311.7099823833199,SW
2011.25,4.821692486957538e-16,-7.710184777185766e-17,801.8909253388273,-2.1385304260031463e-15,2.1233217614769835e-15,Yes,801.8909253388273,SW
2011.3333333333335,5.914550954905876e-17,-7.95491551170923e-17,2.0403645568033537e-17,-2.1385304260031463e-15,2.1233217614769835e-15,No,0,SW
2011.4166666666667,1.8934317004310832e-16,-8.199646246232693e-17,55.5871400068864,-2.1385304260031463e-15,2.1233217614769835e-15,No,55.5871400068864,SW
2011.5,8.496823467095997e-17,-8.444376980756157e-17,-5.244648633983966e-19,-2.1385304260031463e-15,2.1233217614769835e-15,No,0,SW
2011.5833333333335,-6.128215710400316e-16,-8.68910771527962e-17,6.997126481928278e-16,-2.1385304260031463e-15,2.1233217614769835e-15,No,0,SW
2011.6666666666667,-8.230428726530258e-16,-8.933838449803083e-17,149.92866193767756,-2.1385304260031463e-15,2.1233217614769835e-15,No,149.92866193767756,SW
2011.75,-5.022224134694589e-16,-9.178569184326546e-17,540.7742872320819,-2.1385304260031463e-15,2.1233217614769835e-15,Yes,540.7742872320819,SW
2011.8333333333335,5.502775436869673e-16,-9.42329991885001e-17,-4.560445444984673e-16,-2.1385304260031463e-15,2.1233217614769835e-15,No,0,SW
2011.9166666666667,2.0571810617470817e-16,-9.668030653373474e-17,-1.0903779964097343e-16,-2.1385304260031463e-15,2.1233217614769835e-15,No,0,SW
2012,3.1676602421102096e-16,-9.912761387896937e-17,-2.1763841033205158e-16,-2.1385304260031463e-15,2.1233217614769835e-15,No,0,SW
2012.0833333333335,-2.6977589996925768e-17,-9.965827896800101e-17,1.2663586896492678e-16,-2.1385304260031463e-15,2.1233217614769835e-15,No,3.0814879110195774e-33,SW
2012.1666666666667,7.667656781192462e-17,-1.0018894405703265e-16,2.351237624510803e-17,-2.1385304260031463e-15,2.1233217614769835e-15,No,0,SW
2012.25,4.821692486957538e-16,-1.0071960914606429e-16,-3.8144963954968953e-16,-2.1385304260031463e-15,2.1233217614769835e-15,No,0,SW
2012.3333333333335,5.914550954905876e-17,-1.0125027423509592e-16,4.210476468603716e-17,-2.1385304260031463e-15,2.1233217614769835e-15,No,0,SW
2012.4166666666667,1.8934317004310832e-16,-1.0178093932412756e-16,-8.756223071898076e-17,-2.1385304260031463e-15,2.1233217614769835e-15,No,0,SW
2012.5,8.496823467095997e-17,-1.023116044131592e-16,1.7343369742199232e-17,-2.1385304260031463e-15,2.1233217614769835e-15,No,0,SW
2012.5833333333335,-6.128215710400316e-16,-1.0284226950219084e-16,229.07367056762195,-2.1385304260031463e-15,2.1233217614769835e-15,No,229.07367056762195,SW
2012.6666666666667,-8.230428726530258e-16,-1.0337293459122248e-16,368.9175544790247,-2.1385304260031463e-15,2.1233217614769835e-15,Yes,368.9175544790247,SW
2012.75,-5.022224134694589e-16,-1.0390359968025412e-16,218.97991130863025,-2.1385304260031463e-15,2.1233217614769835e-15,Yes,218.97991130863025,SW
2012.8333333333335,5.502775436869673e-16,-1.0443426476928576e-16,52.22352646783759,-2.1385304260031463e-15,2.1233217614769835e-15,No,52.22352646783759,SW
2012.9166666666667,2.0571810617470817e-16,-1.0496492985831739e-16,-1.0075317631639079e-16,-2.1385304260031463e-15,2.1233217614769835e-15,No,0,SW
2013,3.1676602421102096e-16,-1.0549559494734902e-16,-2.1127042926367193e-16,-2.1385304260031463e-15,2.1233217614769835e-15,No,0,SW
2013.0833333333335,-2.6977589996925768e-17,-1.0602626003638066e-16,1.3300385003330644e-16,-2.1385304260031463e-15,2.1233217614769835e-15,No,3.0814879110195774e-33,SW
2013.1666666666667,7.667656781192462e-17,-1.065569251254123e-16,2.988035731348768e-17,-2.1385304260031463e-15,2.1233217614769835e-15,No,0,SW
2013.25,4.821692486957538e-16,-1.056509614314635e-16,-3.765182872642903e-16,-2.1385304260031463e-15,2.1233217614769835e-15,No,0,SW
2013.3333333333335,5.914550954905876e-17,-1.0474499773751468e-16,4.559948818845592e-17,-2.1385304260031463e-15,2.1233217614769835e-15,No,0,SW
2013.4166666666667,1.8934317004310832e-16,-1.0383903404356587e-16,-8.550413599954245e-17,-2.1385304260031463e-15,2.1233217614769835e-15,No,0,SW
2013.5,8.496823467095997e-17,-1.0293307034961707e-16,262.84468064652697,-2.1385304260031463e-15,2.1233217614769835e-15,Yes,262.84468064652697,SW
2013.5833333333335,-6.128215710400316e-16,-1.0202710665566825e-16,70.7836533077333,-2.1385304260031463e-15,2.1233217614769835e-15,No,70.7836533077333,SW
2013.6666666666667,-8.230428726530258e-16,-1.0112114296171945e-16,229.18994189145505,-2.1385304260031463e-15,2.1233217614769835e-15,Yes,229.18994189145505,SW
2013.75,-5.022224134694589e-16,-1.0021517926777063e-16,411.050304366284,-2.1385304260031463e-15,2.1233217614769835e-15,Yes,411.050304366284,SW
2013.8333333333335,5.502775436869673e-16,-9.930921557382182e-17,-4.509683281131455e-16,-2.1385304260031463e-15,2.1233217614769835e-15,No,0,SW
2013.9166666666667,2.0571810617470817e-16,-9.840325187987302e-17,-1.0731485429483515e-16,-2.1385304260031463e-15,2.1233217614769835e-15,No,0,SW
2014,3.1676602421102096e-16,-9.74972881859242e-17,-2.1926873602509676e-16,-2.1385304260031463e-15,2.1233217614769835e-15,No,0,SW
2014.0833333333335,-2.6977589996925768e-17,-9.659132449197539e-17,1.2356891448890116e-16,-2.1385304260031463e-15,2.1233217614769835e-15,No,3.0814879110195774e-33,SW
2014.1666666666667,7.667656781192462e-17,-9.568536079802659e-17,1.9008792986101965e-17,-2.1385304260031463e-15,2.1233217614769835e-15,No,0,SW
2014.25,4.821692486957538e-16,-9.477939710407777e-17,-3.8738985159167607e-16,-2.1385304260031463e-15,2.1233217614769835e-15,No,0,SW
2014.3333333333335,5.914550954905876e-17,-9.387343341012896e-17,35.39182665386661,-2.1385304260031463e-15,2.1233217614769835e-15,No,35.39182665386661,SW
2014.4166666666667,1.8934317004310832e-16,-9.323961296004283e-17,-9.610355708306549e-17,-2.1385304260031463e-15,2.1233217614769835e-15,No,0,SW
2014.5,8.496823467095997e-17,-9.26057925099567e-17,7.637557838996736e-18,-2.1385304260031463e-15,2.1233217614769835e-15,No,0,SW
2014.5833333333335,-6.128215710400316e-16,-9.197197205987058e-17,55.58714000688637,-2.1385304260031463e-15,2.1233217614769835e-15,No,55.58714000688637,SW
2014.6666666666667,-8.230428726530258e-16,-9.133815160978445e-17,579.5434235802924,-2.1385304260031463e-15,2.1233217614769835e-15,No,579.5434235802924,SW
2014.75,-5.022224134694589e-16,-9.070433115969832e-17,579.5434235802924,-2.1385304260031463e-15,2.1233217614769835e-15,No,579.5434235802924,SW
2014.8333333333335,5.502775436869673e-16,-9.00705107096122e-17,94.34152193079127,-2.1385304260031463e-15,2.1233217614769835e-15,No,94.34152193079127,SW
2014.9166666666667,2.0571810617470817e-16,-8.943669025952606e-17,-1.1628141591518212e-16,-2.1385304260031463e-15,2.1233217614769835e-15,No,0,SW
2015,3.1676602421102096e-16,-8.880286980943995e-17,-2.27963154401581e-16,-2.1385304260031463e-15,2.1233217614769835e-15,No,0,SW
2015.0833333333335,-2.6977589996925768e-17,-8.816904935935382e-17,1.1514663935627959e-16,-2.1385304260031463e-15,2.1233217614769835e-15,No,3.0814879110195774e-33,SW
2015.1666666666667,7.667656781192462e-17,-8.753522890926769e-17,1.0858661097343064e-17,-2.1385304260031463e-15,2.1233217614769835e-15,No,0,SW
2015.25,4.821692486957538e-16,-8.690140845918156e-17,116.27857397888752,-2.1385304260031463e-15,2.1233217614769835e-15,No,116.27857397888752,SW
2015.3333333333335,5.914550954905876e-17,-8.626758800909544e-17,345.3654590475556,-2.1385304260031463e-15,2.1233217614769835e-15,Yes,345.3654590475556,SW
2015.4166666666667,1.8934317004310832e-16,-8.563376755900931e-17,144.9352505909504,-2.1385304260031463e-15,2.1233217614769835e-15,No,144.9352505909504,SW
2015.5,8.496823467095997e-17,-8.499994710892318e-17,156.66660249265686,-2.1385304260031463e-15,2.1233217614769835e-15,No,156.66660249265686,SW
2015.5833333333335,-6.128215710400316e-16,-8.327791134618113e-17,277.93358349641056,-2.1385304260031463e-15,2.1233217614769835e-15,Yes,277.93358349641056,SW
2015.6666666666667,-8.230428726530258e-16,-8.155587558343906e-17,9.04598748236465e-16,-2.1385304260031463e-15,2.1233217614769835e-15,No,0,SW
2015.75,-5.022224134694589e-16,-7.983383982069701e-17,382.37964219964346,-2.1385304260031463e-15,2.1233217614769835e-15,Yes,382.37964219964346,SW
2015.8333333333335,5.502775436869673e-16,-7.811180405795496e-17,690.717703594065,-2.1385304260031463e-15,2.1233217614769835e-15,Yes,690.717703594065,SW
2015.9166666666667,2.0571810617470817e-16,-7.638976829521291e-17,579.5434235802924,-2.1385304260031463e-15,2.1233217614769835e-15,No,579.5434235802924,SW
2016,3.1676602421102096e-16,-7.466773253247085e-17,513.8715055471309,-2.1385304260031463e-15,2.1233217614769835e-15,Yes,513.8715055471309,SW
2016.0833333333335,-2.6977589996925768e-17,-7.29456967697288e-17,38.75977062935042,-2.1385304260031463e-15,2.1233217614769835e-15,No,38.75977062935042,SW
2016.1666666666667,7.667656781192462e-17,-7.122366100698675e-17,-5.452906804937875e-18,-2.1385304260031463e-15,2.1233217614769835e-15,No,0,SW
2016.25,4.821692486957538e-16,-6.950162524424468e-17,-4.1266762345150913e-16,-2.1385304260031463e-15,2.1233217614769835e-15,No,0,SW
2016.3333333333335,5.914550954905876e-17,-6.777958948150263e-17,8.634079932443872e-18,-2.1385304260031463e-15,2.1233217614769835e-15,No,0,SW
2016.4166666666667,1.8934317004310832e-16,-6.605755371876058e-17,117.89939055384922,-2.1385304260031463e-15,2.1233217614769835e-15,No,117.89939055384922,SW
2016.5,8.496823467095997e-17,-6.433551795601853e-17,35.39182665386661,-2.1385304260031463e-15,2.1233217614769835e-15,No,35.39182665386661,SW
2016.5833333333335,-6.128215710400316e-16,-6.261348219327647e-17,298.2462265448327,-2.1385304260031463e-15,2.1233217614769835e-15,Yes,298.2462265448327,SW
2016.6666666666667,-8.230428726530258e-16,-6.089144643053442e-17,8.839343190835602e-16,-2.1385304260031463e-15,2.1233217614769835e-15,No,0,SW
2016.75,-5.022224134694589e-16,-5.82696876514348e-17,5.604921011208937e-16,-2.1385304260031463e-15,2.1233217614769835e-15,No,0,SW
2016.8333333333335,5.502775436869673e-16,-5.564792887233517e-17,35.39182665386661,-2.1385304260031463e-15,2.1233217614769835e-15,No,35.39182665386661,SW
2016.9166666666667,2.0571810617470817e-16,-5.302617009323556e-17,406.0568930195567,-2.1385304260031463e-15,2.1233217614769835e-15,Yes,406.0568930195567,SW
2017,3.1676602421102096e-16,-5.0404411314135936e-17,111.17322174476196,-2.1385304260031463e-15,2.1233217614769835e-15,No,111.17322174476196,SW
2017.0833333333335,-2.6977589996925768e-17,-4.778265253503632e-17,7.476024253196209e-17,-2.1385304260031463e-15,2.1233217614769835e-15,No,3.0814879110195774e-33,SW
2017.1666666666667,7.667656781192462e-17,-4.51608937559367e-17,-3.1515674055987923e-17,-2.1385304260031463e-15,2.1233217614769835e-15,No,0,SW
2017.25,4.821692486957538e-16,-4.2539134976837077e-17,116.27857397888752,-2.1385304260031463e-15,2.1233217614769835e-15,No,116.27857397888752,SW
2017.3333333333335,5.914550954905876e-17,-3.9917376197737455e-17,638.4931188572168,-2.1385304260031463e-15,2.1233217614769835e-15,Yes,638.4931188572168,SW
2017.4166666666667,1.8934317004310832e-16,-3.729561741863784e-17,527.3198971124547,-2.1385304260031463e-15,2.1233217614769835e-15,Yes,527.3198971124547,SW
2017.5,8.496823467095997e-17,-3.467385863953822e-17,-5.029437603142175e-17,-2.1385304260031463e-15,2.1233217614769835e-15,No,0,SW
2017.5833333333335,-6.128215710400316e-16,-3.2052099860438595e-17,35.39182665386661,-2.1385304260031463e-15,2.1233217614769835e-15,No,35.39182665386661,SW
2017.6666666666667,-8.230428726530258e-16,-2.943034108133898e-17,8.524732137343648e-16,-2.1385304260031463e-15,2.1233217614769835e-15,No,0,SW
2017.75,-5.022224134694589e-16,-2.6808582302239357e-17,35.39182665386661,-2.1385304260031463e-15,2.1233217614769835e-15,No,35.39182665386661,SW
2017.8333333333335,5.502775436869673e-16,-2.418682352313974e-17,116.27857397888752,-2.1385304260031463e-15,2.1233217614769835e-15,No,116.27857397888752,SW
2017.9166666666667,2.0571810617470817e-16,-2.2632707778295404e-17,-1.8308539839641277e-16,-2.1385304260031463e-15,2.1233217614769835e-15,No,0,SW
2018,3.1676602421102096e-16,-2.107859203345107e-17,-2.9568743217756987e-16,-2.1385304260031463e-15,2.1233217614769835e-15,No,0,SW
2018.0833333333335,-2.6977589996925768e-17,-1.9524476288606735e-17,4.65020662855325e-17,-2.1385304260031463e-15,2.1233217614769835e-15,No,0,SW
2018.1666666666667,7.667656781192462e-17,-1.79703605437624e-17,-5.870620726816222e-17,-2.1385304260031463e-15,2.1233217614769835e-15,No,0,SW
2018.25,4.821692486957538e-16,-1.6416244798918066e-17,-4.657530038968358e-16,-2.1385304260031463e-15,2.1233217614769835e-15,No,0,SW
2018.3333333333335,5.914550954905876e-17,-1.486212905407373e-17,-4.4283380494985033e-17,-2.1385304260031463e-15,2.1233217614769835e-15,No,0,SW
2018.4166666666667,1.8934317004310832e-16,-1.3308013309229398e-17,-1.7603515673387893e-16,-2.1385304260031463e-15,2.1233217614769835e-15,No,0,SW
2018.5,8.496823467095997e-17,-1.1753897564385064e-17,55.5871400068864,-2.1385304260031463e-15,2.1233217614769835e-15,No,55.5871400068864,SW
2018.5833333333335,-6.128215710400316e-16,-1.0199781819540729e-17,6.230213528595723e-16,-2.1385304260031463e-15,2.1233217614769835e-15,No,0,SW
2018.6666666666667,-8.230428726530258e-16,-8.645666074696395e-18,151.6704006327542,-2.1385304260031463e-15,2.1233217614769835e-15,No,151.6704006327542,SW
2018.75,-5.022224134694589e-16,-7.09155032985206e-18,45.49338074789467,-2.1385304260031463e-15,2.1233217614769835e-15,No,45.49338074789467,SW
2018.8333333333335,5.502775436869673e-16,-5.537434585007726e-18,-5.447401091019596e-16,-2.1385304260031463e-15,2.1233217614769835e-15,No,0,SW
2018.9166666666667,2.0571810617470817e-16,-3.983318840163392e-18,-2.0173478733454478e-16,-2.1385304260031463e-15,2.1233217614769835e-15,No,0,SW
2019,3.1676602421102096e-16,-2.4292030953190576e-18,-3.143368211157019e-16,-2.1385304260031463e-15,2.1233217614769835e-15,No,0,SW
2019.0833333333335,-2.6977589996925768e-17,-2.3288829656186378e-18,109.54342393708372,-2.1385304260031463e-15,2.1233217614769835e-15,No,109.54342393708372,SW
2019.1666666666667,7.667656781192462e-17,-2.228562835918218e-18,-7.444800497600641e-17,-2.1385304260031463e-15,2.1233217614769835e-15,No,0,SW
2019.25,4.821692486957538e-16,-2.1282427062177987e-18,-4.80041005989536e-16,-2.1385304260031463e-15,2.1233217614769835e-15,No,0,SW
2019.3333333333335,5.914550954905876e-17,-2.027922576517379e-18,-5.711758697254139e-17,-2.1385304260031463e-15,2.1233217614769835e-15,No,0,SW
2019.4166666666667,1.8934317004310832e-16,-1.927602446816959e-18,-1.8741556759629138e-16,-2.1385304260031463e-15,2.1233217614769835e-15,No,-2.465190328815662e-32,SW
2019.5,8.496823467095997e-17,-1.8272823171165394e-18,-8.314095235384343e-17,-2.1385304260031463e-15,2.1233217614769835e-15,No,-1.232595164407831e-32,SW
2019.5833333333335,-6.128215710400316e-16,-1.7269621874161198e-18,6.145485332274478e-16,-2.1385304260031463e-15,2.1233217614769835e-15,No,0,SW
2019.6666666666667,-8.230428726530258e-16,-1.6266420577157e-18,8.246695147107415e-16,-2.1385304260031463e-15,2.1233217614769835e-15,No,0,SW
2019.75,-5.022224134694589e-16,-1.5263219280152803e-18,5.037487353974743e-16,-2.1385304260031463e-15,2.1233217614769835e-15,No,0,SW
2019.8333333333335,5.502775436869673e-16,-1.4260017983148607e-18,-5.488515418886525e-16,-2.1385304260031463e-15,2.1233217614769835e-15,No,0,SW
2019.9166666666667,2.0571810617470817e-16,-1.325681668614441e-18,-2.0439242450609373e-16,-2.1385304260031463e-15,2.1233217614769835e-15,No,0,SW
2020,3.1676602421102096e-16,-1.2253615389140212e-18,-3.1554066267210694e-16,-2.1385304260031463e-15,2.1233217614769835e-15,No,0,SW
2020.0833333333335,-2.6977589996925768e-17,-1.1250414092136016e-18,149.92866193767765,-2.1385304260031463e-15,2.1233217614769835e-15,No,149.92866193767765,SW
2020.1666666666667,7.667656781192462e-17,-1.0247212795131818e-18,-7.565184653241143e-17,-2.1385304260031463e-15,2.1233217614769835e-15,No,0,SW
2020.25,4.821692486957538e-16,1.6422083549190023e-18,-4.838114570506728e-16,-2.1385304260031463e-15,2.1233217614769835e-15,No,0,SW
2020.3333333333335,5.914550954905876e-17,4.309137989351186e-18,808.6170941479143,-2.1385304260031463e-15,2.1233217614769835e-15,Yes,808.6170941479143,SW
2020.4166666666667,1.8934317004310832e-16,6.97606762378337e-18,-1.963192376668917e-16,-2.1385304260031463e-15,2.1233217614769835e-15,No,0,SW
2020.5,8.496823467095997e-17,9.642997258215555e-18,252.7528457969381,-2.1385304260031463e-15,2.1233217614769835e-15,Yes,252.7528457969381,SW
2020.5833333333335,-6.128215710400316e-16,1.2309926892647739e-17,6.005116441473839e-16,-2.1385304260031463e-15,2.1233217614769835e-15,No,0,SW
2020.6666666666667,-8.230428726530258e-16,1.4976856527079924e-17,8.080660161259459e-16,-2.1385304260031463e-15,2.1233217614769835e-15,No,0,SW
2020.75,-5.022224134694589e-16,1.7643786161512108e-17,4.845786273079468e-16,-2.1385304260031463e-15,2.1233217614769835e-15,No,0,SW
2020.8333333333335,5.502775436869673e-16,2.0310715795944292e-17,35.39182665386668,-2.1385304260031463e-15,2.1233217614769835e-15,No,35.39182665386668,SW
2020.9166666666667,2.0571810617470817e-16,2.2977645430376476e-17,87.62035744356515,-2.1385304260031463e-15,2.1233217614769835e-15,No,87.62035744356515,SW
2021,3.1676602421102096e-16,2.564457506480866e-17,-3.424105992758296e-16,-2.1385304260031463e-15,2.1233217614769835e-15,No,0,SW
2021.0833333333335,-2.6977589996925768e-17,2.8311504699240843e-17,-1.333914702315075e-18,-2.1385304260031463e-15,2.1233217614769835e-15,No,0,SW
2021.1666666666667,7.667656781192462e-17,3.097843433367303e-17,-1.0765500214559765e-16,-2.1385304260031463e-15,2.1233217614769835e-15,No,0,SW
2021.25,4.821692486957538e-16,3.364536396810521e-17,579.5434235802924,-2.1385304260031463e-15,2.1233217614769835e-15,No,579.5434235802924,SW
2021.3333333333335,5.914550954905876e-17,3.63122936025374e-17,-9.545780315159615e-17,-2.1385304260031463e-15,2.1233217614769835e-15,No,0,SW
2021.4166666666667,1.8934317004310832e-16,4.014798606171596e-17,-2.294911561048243e-16,-2.1385304260031463e-15,2.1233217614769835e-15,No,-2.465190328815662e-32,SW
2021.5,8.496823467095997e-17,4.3983678520894534e-17,-1.289519131918545e-16,-2.1385304260031463e-15,2.1233217614769835e-15,No,1.232595164407831e-32,SW
2021.5833333333335,-6.128215710400316e-16,4.7819370980073106e-17,5.650022000599586e-16,-2.1385304260031463e-15,2.1233217614769835e-15,No,0,SW
2021.6666666666667,-8.230428726530258e-16,5.165506343925167e-17,469.9999996432086,-2.1385304260031463e-15,2.1233217614769835e-15,Yes,469.9999996432086,SW
2021.75,-5.022224134694589e-16,5.5490755898430236e-17,4.467316575710287e-16,-2.1385304260031463e-15,2.1233217614769835e-15,No,0,SW
2021.8333333333335,5.502775436869673e-16,5.932644835760881e-17,-6.096039920445762e-16,-2.1385304260031463e-15,2.1233217614769835e-15,No,0,SW
2021.9166666666667,2.0571810617470817e-16,6.316214081678738e-17,-2.6888024699149552e-16,-2.1385304260031463e-15,2.1233217614769835e-15,No,2.465190328815662e-32,SW
2022,3.1676602421102096e-16,6.699783327596594e-17,-3.837638574869869e-16,-2.1385304260031463e-15,2.1233217614769835e-15,No,0,SW
2022.0833333333335,-2.6977589996925768e-17,7.083352573514451e-17,-4.385593573821874e-17,-2.1385304260031463e-15,2.1233217614769835e-15,No,3.0814879110195774e-33,SW
2022.1666666666667,7.667656781192462e-17,7.466921819432308e-17,-1.513457860062477e-16,-2.1385304260031463e-15,2.1233217614769835e-15,No,0,SW
2022.25,4.821692486957538e-16,7.850491065350165e-17,-5.606741593492555e-16,-2.1385304260031463e-15,2.1233217614769835e-15,No,0,SW
2022.3333333333335,5.914550954905876e-17,8.234060311268022e-17,153.30597163202145,-2.1385304260031463e-15,2.1233217614769835e-15,No,153.30597163202145,SW
2022.4166666666667,1.8934317004310832e-16,8.617629557185878e-17,427.87302294753806,-2.1385304260031463e-15,2.1233217614769835e-15,Yes,427.87302294753806,SW
2022.5,8.496823467095997e-17,9.001198803103735e-17,-1.7498022270199732e-16,-2.1385304260031463e-15,2.1233217614769835e-15,No,0,SW
2022.5833333333335,-6.128215710400316e-16,9.384906355622853e-17,5.189725074838031e-16,-2.1385304260031463e-15,2.1233217614769835e-15,No,0,SW
2022.6666666666667,-8.230428726530258e-16,9.768613908141969e-17,427.87302294753806,-2.1385304260031463e-15,2.1233217614769835e-15,No,427.87302294753806,SW
2022.75,-5.022224134694589e-16,1.0152321460661086e-16,4.0069919886284806e-16,-2.1385304260031463e-15,2.1233217614769835e-15,No,0,SW
2022.8333333333335,5.502775436869673e-16,1.0536029013180204e-16,58.949695276924594,-2.1385304260031463e-15,2.1233217614769835e-15,No,58.949695276924594,SW
2022.9166666666667,2.0571810617470817e-16,1.091973656569932e-16,465.0065882964813,-2.1385304260031463e-15,2.1233217614769835e-15,Yes,465.0065882964813,SW
2023,3.1676602421102096e-16,1.1303444118218436e-16,163.39780648161033,-2.1385304260031463e-15,2.1233217614769835e-15,Yes,163.39780648161033,SW
2023.0833333333335,-2.6977589996925768e-17,1.1687151670737555e-16,-8.989392671044978e-17,-2.1385304260031463e-15,2.1233217614769835e-15,No,3.0814879110195774e-33,SW
2023.1666666666667,7.667656781192462e-17,1.207085922325667e-16,628.3990060726461,-2.1385304260031463e-15,2.1233217614769835e-15,Yes,628.3990060726461,SW
2023.25,4.821692486957538e-16,1.2454566775775787e-16,368.9158863611563,-2.1385304260031463e-15,2.1233217614769835e-15,Yes,368.9158863611563,SW
2023.3333333333335,5.914550954905876e-17,1.2838274328294906e-16,304.9690591499273,-2.1385304260031463e-15,2.1233217614769835e-15,Yes,304.9690591499273,SW
2023.4166666666667,1.8934317004310832e-16,1.3221981880814022e-16,566.0871090512624,-2.1385304260031463e-15,2.1233217614769835e-15,Yes,566.0871090512624,SW
2023.5,8.496823467095997e-17,1.3605689433333138e-16,-2.2102512900429134e-16,-2.1385304260031463e-15,2.1233217614769835e-15,No,1.232595164407831e-32,SW
2023.5833333333335,-6.128215710400316e-16,1.3989396985852257e-16,52.22352646783737,-2.1385304260031463e-15,2.1233217614769835e-15,No,52.22352646783737,SW
2023.6666666666667,-8.230428726530258e-16,1.4373104538371373e-16,229.07367056762195,-2.1385304260031463e-15,2.1233217614769835e-15,No,229.07367056762195,SW
2023.75,-5.022224134694589e-16,1.4766637370929352e-16,406.0568930195567,-2.1385304260031463e-15,2.1233217614769835e-15,No,406.0568930195567,SW
2023.8333333333335,5.502775436869673e-16,1.5160170203487334e-16,55.58714000688637,-2.1385304260031463e-15,2.1233217614769835e-15,No,55.58714000688637,SW
2023.9166666666667,2.0571810617470817e-16,1.5553703036045313e-16,761.5053029546488,-2.1385304260031463e-15,2.1233217614769835e-15,Yes,761.5053029546488,SW
2024,3.1676602421102096e-16,1.5947235868603292e-16,326.79250219275707,-2.1385304260031463e-15,2.1233217614769835e-15,Yes,326.79250219275707,SW
2024.0833333333335,-2.6977589996925768e-17,1.634076870116127e-16,-1.3643009701468694e-16,-2.1385304260031463e-15,2.1233217614769835e-15,No,3.0814879110195774e-33,SW
2024.1666666666667,7.667656781192462e-17,1.6734301533719253e-16,-2.4401958314911715e-16,-2.1385304260031463e-15,2.1233217614769835e-15,No,0,SW
2024.25,4.821692486957538e-16,1.7127834366277232e-16,544.1515969264256,-2.1385304260031463e-15,2.1233217614769835e-15,Yes,544.1515969264256,SW
2024.3333333333335,5.914550954905876e-17,1.752136719883521e-16,-2.343591815374109e-16,-2.1385304260031463e-15,2.1233217614769835e-15,No,-2.465190328815662e-32,SW
2024.4166666666667,1.8934317004310832e-16,1.7914900031393193e-16,-3.684921703570402e-16,-2.1385304260031463e-15,2.1233217614769835e-15,No,2.465190328815662e-32,SW
2024.5,8.496823467095997e-17,1.8308432863951172e-16,52.22352646783759,-2.1385304260031463e-15,2.1233217614769835e-15,No,52.22352646783759,SW
2024.5833333333335,-6.128215710400316e-16,1.870196569650915e-16,4.2580191407494013e-16,-2.1385304260031463e-15,2.1233217614769835e-15,No,0,SW
2024.6666666666667,-8.230428726530258e-16,1.909549852906713e-16,6.320878873623546e-16,-2.1385304260031463e-15,2.1233217614769835e-15,No,9.860761315262648e-32,SW
2024.75,-5.022224134694589e-16,1.9489031361625111e-16,104.44307602481923,-2.1385304260031463e-15,2.1233217614769835e-15,No,104.44307602481923,SW
2024.8333333333335,5.502775436869673e-16,1.988256419418309e-16,614.9402545560201,-2.1385304260031463e-15,2.1233217614769835e-15,Yes,614.9402545560201,SW
2024.9166666666667,2.0571810617470817e-16,2.0300133266577397e-16,222.34750175853475,-2.1385304260031463e-15,2.1233217614769835e-15,Yes,222.34750175853475,SW
2025,3.1676602421102096e-16,2.0717702338971703e-16,355.45379864053757,-2.1385304260031463e-15,2.1233217614769835e-15,Yes,355.45379864053757,SW
2025.0833333333335,-2.6977589996925768e-17,2.113527141136601e-16,58.949695276924594,-2.1385304260031463e-15,2.1233217614769835e-15,No,58.949695276924594,SW
2025.1666666666667,7.667656781192462e-17,2.1552840483760316e-16,170.1239752906974,-2.1385304260031463e-15,2.1233217614769835e-15,No,170.1239752906974,SW
2025.25,4.821692486957538e-16,2.1970409556154623e-16,333.5207235032969,-2.1385304260031463e-15,2.1233217614769835e-15,Yes,333.5207235032969,SW
2025.3333333333335,5.914550954905876e-17,2.2387978628548926e-16,111.17322174476196,-2.1385304260031463e-15,2.1233217614769835e-15,No,111.17322174476196,SW
2025.4166666666667,1.8934317004310832e-16,2.2805547700943233e-16,153.30597163202145,-2.1385304260031463e-15,2.1233217614769835e-15,No,153.30597163202145,SW
2025.5,8.496823467095997e-17,2.322311677333754e-16,109.54342393708372,-2.1385304260031463e-15,2.1233217614769835e-15,No,109.54342393708372,SW
2025.5833333333335,-6.128215710400316e-16,2.3640685845731846e-16,161.7669504049211,-2.1385304260031463e-15,2.1233217614769835e-15,No,161.7669504049211,SW
2025.6666666666667,-8.230428726530258e-16,2.405825491812615e-16,5.824603234717644e-16,-2.1385304260031463e-15,2.1233217614769835e-15,No,9.860761315262648e-32,SW
2025.75,-5.022224134694589e-16,2.447582399052046e-16,2.5746417356425435e-16,-2.1385304260031463e-15,2.1233217614769835e-15,No,0,SW
2025.8333333333335,5.502775436869673e-16,2.4893393062914765e-16,35.39182665386668,-2.1385304260031463e-15,2.1233217614769835e-15,No,35.39182665386668,SW
2025.9166666666667,2.0571810617470817e-16,2.531096213530907e-16,-4.588277275277989e-16,-2.1385304260031463e-15,2.1233217614769835e-15,No,0,SW
1981.6666666666667,-5.695327805182907e-18,2.5539991603221582e-20,5.669787813579686e-18,-8.493290047832388e-18,7.848465095667101e-18,No,0,S
1981.75,1.4962405645806612e-18,1.8250096713270317e-20,-1.5144906612939315e-18,-8.493290047832388e-18,7.848465095667101e-18,No,0,S
1981.8333333333335,3.754911714348495e-18,1.0960201823319049e-20,32.023208888210064,-8.493290047832388e-18,7.848465095667101e-18,No,32.023208888210064,S
1981.9166666666667,1.2498347850683839e-18,3.670306933367782e-21,-1.2535050920017516e-18,-8.493290047832388e-18,7.848465095667101e-18,No,0,S
1982,1.0872042518411504e-18,-3.619587956583484e-21,-1.083584663884567e-18,-8.493290047832388e-18,7.848465095667101e-18,No,0,S
1982.0833333333335,-1.7451103145671635e-18,-1.0909482846534751e-20,1.7560197974136983e-18,-8.493290047832388e-18,7.848465095667101e-18,No,0,S
1982.1666666666667,4.9728810832070035e-19,-1.8199377736486018e-20,-4.790887305842143e-19,-8.493290047832388e-18,7.848465095667101e-18,No,0,S
1982.25,1.789409007690755e-18,-2.5489272626437286e-20,-1.7639197350643177e-18,-8.493290047832388e-18,7.848465095667101e-18,No,0,S
1982.3333333333335,2.1216896267206708e-18,-3.277916751638855e-20,134.83007108415373,-8.493290047832388e-18,7.848465095667101e-18,Yes,134.83007108415373,S
1982.4166666666667,-9.757989757847343e-19,-4.0069062406339816e-20,1.015868038191074e-18,-8.493290047832388e-18,7.848465095667101e-18,No,0,S
1982.5,4.519121056270315e-19,-4.7358957296291084e-20,-4.0455314833074044e-19,-8.493290047832388e-18,7.848465095667101e-18,No,0,S
1982.5833333333335,-4.032253043597074e-18,-5.464885218624235e-20,4.086901895783316e-18,-8.493290047832388e-18,7.848465095667101e-18,No,0,S
1982.6666666666667,-5.695327805182907e-18,-6.193874707619362e-20,170.2218977380206,-8.493290047832388e-18,7.848465095667101e-18,Yes,170.2218977380206,S
1982.75,1.4962405645806612e-18,-6.922864196614489e-20,-1.4270119226145164e-18,-8.493290047832388e-18,7.848465095667101e-18,No,0,S
1982.8333333333335,3.754911714348495e-18,-7.651853685609616e-20,-3.6783931774923994e-18,-8.493290047832388e-18,7.848465095667101e-18,No,0,S
1982.9166666666667,1.2498347850683839e-18,-8.367884655290862e-20,-1.1661559385154753e-18,-8.493290047832388e-18,7.848465095667101e-18,No,0,S
1983,1.0872042518411504e-18,-9.083915624972108e-20,-9.963650955914294e-19,-8.493290047832388e-18,7.848465095667101e-18,No,0,S
1983.0833333333335,-1.7451103145671635e-18,-9.799946594653354e-20,1.843109780513697e-18,-8.493290047832388e-18,7.848465095667101e-18,No,0,S
1983.1666666666667,4.9728810832070035e-19,-1.0515977564334601e-19,131.461453318497,-8.493290047832388e-18,7.848465095667101e-18,Yes,131.461453318497,S
1983.25,1.789409007690755e-18,-1.1232008534015846e-19,-1.6770889223505966e-18,-8.493290047832388e-18,7.848465095667101e-18,No,0,S
1983.3333333333335,2.1216896267206708e-18,-1.1948039503697093e-19,-2.0022092316837e-18,-8.493290047832388e-18,7.848465095667101e-18,No,0,S
1983.4166666666667,-9.757989757847343e-19,-1.2664070473378338e-19,1.1024396805185176e-18,-8.493290047832388e-18,7.848465095667101e-18,No,0,S
1983.5,4.519121056270315e-19,-1.3380101443059586e-19,-3.1811109119643567e-19,-8.493290047832388e-18,7.848465095667101e-18,No,0,S
1983.5833333333335,-4.032253043597074e-18,-1.409613241274083e-19,4.173214367724482e-18,-8.493290047832388e-18,7.848465095667101e-18,No,0,S
1983.6666666666667,-5.695327805182907e-18,-1.4812163382422076e-19,5.843449439007128e-18,-8.493290047832388e-18,7.848465095667101e-18,No,0,S
1983.75,1.4962405645806612e-18,-1.5528194352103323e-19,35.39182665386684,-8.493290047832388e-18,7.848465095667101e-18,No,35.39182665386684,S
1983.8333333333335,3.754911714348495e-18,-1.6244225321784568e-19,230.89969774878412,-8.493290047832388e-18,7.848465095667101e-18,Yes,230.89969774878412,S
1983.9166666666667,1.2498347850683839e-18,-1.6960256291465816e-19,-1.0802322221537257e-18,-8.493290047832388e-18,7.848465095667101e-18,No,0,S
1984,1.0872042518411504e-18,-1.767628726114706e-19,-9.104413792296798e-19,-8.493290047832388e-18,7.848465095667101e-18,No,0,S
1984.0833333333335,-1.7451103145671635e-18,-1.834832620456142e-19,1.928593576612778e-18,-8.493290047832388e-18,7.848465095667101e-18,No,0,S
1984.1666666666667,4.9728810832070035e-19,-1.9020365147975775e-19,-3.070844568409426e-19,-8.493290047832388e-18,7.848465095667101e-18,No,0,S
1984.25,1.789409007690755e-18,-1.9692404091390133e-19,-1.5924849667768535e-18,-8.493290047832388e-18,7.848465095667101e-18,No,0,S
1984.3333333333335,2.1216896267206708e-18,-2.036444303480449e-19,-1.918045196372626e-18,-8.493290047832388e-18,7.848465095667101e-18,No,0,S
1984.4166666666667,-9.757989757847343e-19,-2.1036481978218847e-19,1.1861637955669227e-18,-8.493290047832388e-18,7.848465095667101e-18,No,0,S
1984.5,4.519121056270315e-19,-2.1708520921633206e-19,-2.3482689641069947e-19,-8.493290047832388e-18,7.848465095667101e-18,No,0,S
1984.5833333333335,-4.032253043597074e-18,-2.238055986504756e-19,4.25605864224755e-18,-8.493290047832388e-18,7.848465095667101e-18,No,0,S
1984.6666666666667,-5.695327805182907e-18,-2.3052598808461918e-19,5.925853793267526e-18,-8.493290047832388e-18,7.848465095667101e-18,No,0,S
1984.75,1.4962405645806612e-18,-2.372463775187628e-19,-1.2589941870618984e-18,-8.493290047832388e-18,7.848465095667101e-18,No,0,S
1984.8333333333335,3.754911714348495e-18,-2.4396676695290634e-19,-3.5109449473955885e-18,-8.493290047832388e-18,7.848465095667101e-18,No,7.703719777548943e-34,S
1984.9166666666667,1.2498347850683839e-18,-2.506871563870499e-19,-9.99147628681334e-19,-8.493290047832388e-18,7.848465095667101e-18,No,0,S
1985,1.0872042518411504e-18,-2.5740754582119346e-19,-8.29796706019957e-19,-8.493290047832388e-18,7.848465095667101e-18,No,0,S
1985.0833333333335,-1.7451103145671635e-18,-2.6412793525533707e-19,2.0092382498225004e-18,-8.493290047832388e-18,7.848465095667101e-18,No,0,S
1985.1666666666667,4.9728810832070035e-19,-2.7084832468948063e-19,-2.264397836312197e-19,-8.493290047832388e-18,7.848465095667101e-18,No,0,S
1985.25,1.789409007690755e-18,-2.7699640409311313e-19,-1.5124126035976418e-18,-8.493290047832388e-18,7.848465095667101e-18,No,0,S
1985.3333333333335,2.1216896267206708e-18,-2.8314448349674564e-19,-1.8385451432239253e-18,-8.493290047832388e-18,7.848465095667101e-18,No,0,S
1985.4166666666667,-9.757989757847343e-19,-2.8929256290037815e-19,1.2650915386851123e-18,-8.493290047832388e-18,7.848465095667101e-18,No,0,S
1985.5,4.519121056270315e-19,-2.954406423040106e-19,-1.5647146332302092e-19,-8.493290047832388e-18,7.848465095667101e-18,No,0,S
1985.5833333333335,-4.032253043597074e-18,-3.015887217076431e-19,4.333841765304717e-18,-8.493290047832388e-18,7.848465095667101e-18,No,0,S
1985.6666666666667,-5.695327805182907e-18,-3.0773680111127563e-19,35.39182665386684,-8.493290047832388e-18,7.848465095667101e-18,No,35.39182665386684,S
1985.75,1.4962405645806612e-18,-3.1388488051490814e-19,35.39182665386684,-8.493290047832388e-18,7.848465095667101e-18,No,35.39182665386684,S
1985.8333333333335,3.754911714348495e-18,-3.2003295991854065e-19,-3.434878754429955e-18,-8.493290047832388e-18,7.848465095667101e-18,No,0,S
1985.9166666666667,1.2498347850683839e-18,-3.2618103932217315e-19,-9.236537457462107e-19,-8.493290047832388e-18,7.848465095667101e-18,No,0,S
1986,1.0872042518411504e-18,-3.3232911872580566e-19,-7.548751331153448e-19,-8.493290047832388e-18,7.848465095667101e-18,No,0,S
1986.0833333333335,-1.7451103145671635e-18,-3.384771981294381e-19,2.0835875126966016e-18,-8.493290047832388e-18,7.848465095667101e-18,No,0,S
1986.1666666666667,4.9728810832070035e-19,-3.4462527753307063e-19,-1.5266283078762972e-19,-8.493290047832388e-18,7.848465095667101e-18,No,0,S
1986.25,1.789409007690755e-18,-3.5077335693670314e-19,-1.4386356507540517e-18,-8.493290047832388e-18,7.848465095667101e-18,No,0,S
1986.3333333333335,2.1216896267206708e-18,-3.5692143634033565e-19,-1.764768190380335e-18,-8.493290047832388e-18,7.848465095667101e-18,No,0,S
1986.4166666666667,-9.757989757847343e-19,-3.6271224194374823e-19,1.3385112177284824e-18,-8.493290047832388e-18,7.848465095667101e-18,No,0,S
1986.5,4.519121056270315e-19,-3.6850304754716075e-19,-8.340905807987077e-20,-8.493290047832388e-18,7.848465095667101e-18,No,0,S
1986.5833333333335,-4.032253043597074e-18,-3.7429385315057333e-19,4.406546896747647e-18,-8.493290047832388e-18,7.848465095667101e-18,No,0,S
1986.6666666666667,-5.695327805182907e-18,-3.800846587539859e-19,6.075412463936893e-18,-8.493290047832388e-18,7.848465095667101e-18,No,0,S
1986.75,1.4962405645806612e-18,-3.8587546435739844e-19,-1.1103651002232627e-18,-8.493290047832388e-18,7.848465095667101e-18,No,0,S
1986.8333333333335,3.754911714348495e-18,-3.91666269960811e-19,-3.3632454443876844e-18,-8.493290047832388e-18,7.848465095667101e-18,No,0,S
1986.9166666666667,1.2498347850683839e-18,-3.9745707556422354e-19,-8.523777095041603e-19,-8.493290047832388e-18,7.848465095667101e-18,No,0,S
1987,1.0872042518411504e-18,-4.032478811676361e-19,-6.839563706735143e-19,-8.493290047832388e-18,7.848465095667101e-18,No,0,S
1987.0833333333335,-1.7451103145671635e-18,-4.090386867710487e-19,2.1541490013382123e-18,-8.493290047832388e-18,7.848465095667101e-18,No,0,S
1987.1666666666667,4.9728810832070035e-19,-4.1482949237446122e-19,198.87648886057391,-8.493290047832388e-18,7.848465095667101e-18,Yes,198.87648886057391,S
1987.25,1.789409007690755e-18,-4.206202979778738e-19,-1.3687887097128812e-18,-8.493290047832388e-18,7.848465095667101e-18,No,0,S
1987.3333333333335,2.1216896267206708e-18,-4.264111035812864e-19,-1.6952785231393845e-18,-8.493290047832388e-18,7.848465095667101e-18,No,0,S
1987.4166666666667,-9.757989757847343e-19,-4.322019091846989e-19,1.4080008849694332e-18,-8.493290047832388e-18,7.848465095667101e-18,No,0,S
1987.5,4.519121056270315e-19,-4.379927147881115e-19,64.04641777642023,-8.493290047832388e-18,7.848465095667101e-18,No,64.04641777642023,S
1987.5833333333335,-4.032253043597074e-18,-4.427324681499679e-19,64.04641777642023,-8.493290047832388e-18,7.848465095667101e-18,No,64.04641777642023,S
1987.6666666666667,-5.695327805182907e-18,-4.474722215118244e-19,198.87648886057391,-8.493290047832388e-18,7.848465095667101e-18,No,198.87648886057391,S
1987.75,1.4962405645806612e-18,-4.522119748736809e-19,-1.0440285897069802e-18,-8.493290047832388e-18,7.848465095667101e-18,No,0,S
1987.8333333333335,3.754911714348495e-18,-4.569517282355373e-19,-3.297959986112958e-18,-8.493290047832388e-18,7.848465095667101e-18,No,0,S
1987.9166666666667,1.2498347850683839e-18,-4.616914815973938e-19,-7.881433034709901e-19,-8.493290047832388e-18,7.848465095667101e-18,No,0,S
1988,1.0872042518411504e-18,-4.664312349592502e-19,-6.207730168819002e-19,-8.493290047832388e-18,7.848465095667101e-18,No,0,S
1988.0833333333335,-1.7451103145671635e-18,-4.711709883211067e-19,2.21628130288827e-18,-8.493290047832388e-18,7.848465095667101e-18,No,0,S
1988.1666666666667,4.9728810832070035e-19,-4.759107416829632e-19,-2.1377366637737182e-20,-8.493290047832388e-18,7.848465095667101e-18,No,0,S
1988.25,1.789409007690755e-18,-4.806504950448196e-19,-1.3087585126459354e-18,-8.493290047832388e-18,7.848465095667101e-18,No,0,S
1988.3333333333335,2.1216896267206708e-18,-4.853902484066761e-19,-1.6362993783139947e-18,-8.493290047832388e-18,7.848465095667101e-18,No,0,S
1988.4166666666667,-9.757989757847343e-19,-4.901300017685325e-19,1.4659289775532668e-18,-8.493290047832388e-18,7.848465095667101e-18,No,0,S
1988.5,4.519121056270315e-19,-4.94869755130389e-19,35.39182665386666,-8.493290047832388e-18,7.848465095667101e-18,No,35.39182665386666,S
1988.5833333333335,-4.032253043597074e-18,-4.996095084922455e-19,4.5318625520893194e-18,-8.493290047832388e-18,7.848465095667101e-18,No,0,S
1988.6666666666667,-5.695327805182907e-18,-5.043492618541019e-19,6.199677067037009e-18,-8.493290047832388e-18,7.848465095667101e-18,No,0,S
1988.75,1.4962405645806612e-18,-5.046656999627902e-19,-9.915748646178709e-19,-8.493290047832388e-18,7.848465095667101e-18,No,0,S
1988.8333333333335,3.754911714348495e-18,-5.049821380714785e-19,-3.249929576277017e-18,-8.493290047832388e-18,7.848465095667101e-18,No,0,S
1988.9166666666667,1.2498347850683839e-18,-5.052985761801668e-19,-7.44536208888217e-19,-8.493290047832388e-18,7.848465095667101e-18,No,0,S
1989,1.0872042518411504e-18,-5.05615014288855e-19,-5.815892375522954e-19,-8.493290047832388e-18,7.848465095667101e-18,No,0,S
1989.0833333333335,-1.7451103145671635e-18,-5.059314523975433e-19,2.251041766964707e-18,-8.493290047832388e-18,7.848465095667101e-18,No,0,S
1989.1666666666667,4.9728810832070035e-19,-5.062478905062317e-19,8.959782185531304e-21,-8.493290047832388e-18,7.848465095667101e-18,No,0,S
1989.25,1.789409007690755e-18,-5.0656432861492e-19,-1.282844679075835e-18,-8.493290047832388e-18,7.848465095667101e-18,No,0,S
1989.3333333333335,2.1216896267206708e-18,-5.068807667236083e-19,-1.6148088599970625e-18,-8.493290047832388e-18,7.848465095667101e-18,No,0,S
1989.4166666666667,-9.757989757847343e-19,-5.071972048322966e-19,1.4829961806170308e-18,-8.493290047832388e-18,7.848465095667101e-18,No,0,S
1989.5,4.519121056270315e-19,-5.075136429409849e-19,198.87648886057391,-8.493290047832388e-18,7.848465095667101e-18,No,198.87648886057391,S
1989.5833333333335,-4.032253043597074e-18,-5.078300810496731e-19,32.023208888210064,-8.493290047832388e-18,7.848465095667101e-18,No,32.023208888210064,S
1989.6666666666667,-5.695327805182907e-18,-5.081465191583614e-19,6.203474324341269e-18,-8.493290047832388e-18,7.848465095667101e-18,No,0,S
1989.75,1.4962405645806612e-18,-5.084629572670497e-19,166.85327997236365,-8.493290047832388e-18,7.848465095667101e-18,Yes,166.85327997236365,S
1989.8333333333335,3.754911714348495e-18,-5.08779395375738e-19,-3.246132318972757e-18,-8.493290047832388e-18,7.848465095667101e-18,No,0,S
1989.9166666666667,1.2498347850683839e-18,-5.05711249060133e-19,-7.441235360082508e-19,-8.493290047832388e-18,7.848465095667101e-18,No,0,S
1990,1.0872042518411504e-18,-5.026431027445281e-19,-5.845611490966223e-19,-8.493290047832388e-18,7.848465095667101e-18,No,0,S
1990.0833333333335,-1.7451103145671635e-18,-4.995749564289231e-19,2.244685270996087e-18,-8.493290047832388e-18,7.848465095667101e-18,No,0,S
1990.1666666666667,4.9728810832070035e-19,-4.965068101133182e-19,35.39182665386684,-8.493290047832388e-18,7.848465095667101e-18,No,35.39182665386684,S
1990.25,1.789409007690755e-18,-4.934386637977133e-19,-1.2959703438930416e-18,-8.493290047832388e-18,7.848465095667101e-18,No,0,S
1990.3333333333335,2.1216896267206708e-18,-4.903705174821084e-19,35.39182665386666,-8.493290047832388e-18,7.848465095667101e-18,No,35.39182665386666,S
1990.4166666666667,-9.757989757847343e-19,-4.873023711665034e-19,1.4631013469512376e-18,-8.493290047832388e-18,7.848465095667101e-18,No,0,S
1990.5,4.519121056270315e-19,-4.842342248508984e-19,96.06962666463036,-8.493290047832388e-18,7.848465095667101e-18,Yes,96.06962666463036,S
1990.5833333333335,-4.032253043597074e-18,-4.811660785352935e-19,134.83007108415376,-8.493290047832388e-18,7.848465095667101e-18,Yes,134.83007108415376,S
1990.6666666666667,-5.695327805182907e-18,-4.780979322196885e-19,6.1734257374025954e-18,-8.493290047832388e-18,7.848465095667101e-18,No,0,S
1990.75,1.4962405645806612e-18,-4.750297859040836e-19,-1.0212107786765776e-18,-8.493290047832388e-18,7.848465095667101e-18,No,0,S
1990.8333333333335,3.754911714348495e-18,-4.719616395884786e-19,-3.2829500747600167e-18,-8.493290047832388e-18,7.848465095667101e-18,No,0,S
1990.9166666666667,1.2498347850683839e-18,-4.688934932728737e-19,-7.8094129179551015e-19,-8.493290047832388e-18,7.848465095667101e-18,No,0,S
1991,1.0872042518411504e-18,-4.658253469572687e-19,-6.213789048838817e-19,-8.493290047832388e-18,7.848465095667101e-18,No,0,S
1991.0833333333335,-1.7451103145671635e-18,-4.594417795862269e-19,2.2045520941533903e-18,-8.493290047832388e-18,7.848465095667101e-18,No,0,S
1991.1666666666667,4.9728810832070035e-19,-4.53058212215185e-19,-4.422989610551532e-20,-8.493290047832388e-18,7.848465095667101e-18,No,0,S
1991.25,1.789409007690755e-18,-4.466746448441432e-19,-1.3427343628466118e-18,-8.493290047832388e-18,7.848465095667101e-18,No,0,S
1991.3333333333335,2.1216896267206708e-18,-4.402910774731013e-19,-1.6813985492475695e-18,-8.493290047832388e-18,7.848465095667101e-18,No,0,S
1991.4166666666667,-9.757989757847343e-19,-4.339075101020595e-19,1.4097064858867937e-18,-8.493290047832388e-18,7.848465095667101e-18,No,0,S
1991.5,4.519121056270315e-19,-4.275239427310176e-19,-2.4388162896013926e-20,-8.493290047832388e-18,7.848465095667101e-18,No,0,S
1991.5833333333335,-4.032253043597074e-18,-4.2114037535997576e-19,195.50787109491725,-8.493290047832388e-18,7.848465095667101e-18,Yes,195.50787109491725,S
1991.6666666666667,-5.695327805182907e-18,-4.147568079889339e-19,131.46145331849706,-8.493290047832388e-18,7.848465095667101e-18,Yes,131.46145331849706,S
1991.75,1.4962405645806612e-18,-4.0837324061789207e-19,-1.0878673239627692e-18,-8.493290047832388e-18,7.848465095667101e-18,No,0,S
1991.8333333333335,3.754911714348495e-18,-4.019896732468502e-19,-3.352922041101645e-18,-8.493290047832388e-18,7.848465095667101e-18,No,0,S
1991.9166666666667,1.2498347850683839e-18,-3.9560610587580833e-19,-8.542286791925755e-19,-8.493290047832388e-18,7.848465095667101e-18,No,0,S
1992,1.0872042518411504e-18,-3.892225385047665e-19,-6.97981713336384e-19,-8.493290047832388e-18,7.848465095667101e-18,No,0,S
1992.0833333333335,-1.7451103145671635e-18,-3.8283897113372464e-19,2.127949285700888e-18,-8.493290047832388e-18,7.848465095667101e-18,No,0,S
1992.1666666666667,4.9728810832070035e-19,-3.764554037626828e-19,-1.2083270455801756e-19,-8.493290047832388e-18,7.848465095667101e-18,No,0,S
1992.25,1.789409007690755e-18,-3.697344677987379e-19,-1.419674539892017e-18,-8.493290047832388e-18,7.848465095667101e-18,No,0,S
1992.3333333333335,2.1216896267206708e-18,-3.6301353183479303e-19,-1.758676094885878e-18,-8.493290047832388e-18,7.848465095667101e-18,No,0,S
1992.4166666666667,-9.757989757847343e-19,-3.562925958708481e-19,1.3320915716555825e-18,-8.493290047832388e-18,7.848465095667101e-18,No,0,S
1992.5,4.519121056270315e-19,-3.495716599069032e-19,-1.0234044572012831e-19,-8.493290047832388e-18,7.848465095667101e-18,No,0,S
1992.5833333333335,-4.032253043597074e-18,-3.4285072394295834e-19,4.3751037675400326e-18,-8.493290047832388e-18,7.848465095667101e-18,No,0,S
1992.6666666666667,-5.695327805182907e-18,-3.3612978797901346e-19,6.0314575931619205e-18,-8.493290047832388e-18,7.848465095667101e-18,No,0,S
1992.75,1.4962405645806612e-18,-3.2940885201506853e-19,-1.1668317125655927e-18,-8.493290047832388e-18,7.848465095667101e-18,No,0,S
1992.8333333333335,3.754911714348495e-18,-3.2268791605112365e-19,-3.4322237982973715e-18,-8.493290047832388e-18,7.848465095667101e-18,No,0,S
1992.9166666666667,1.2498347850683839e-18,-3.1596698008717877e-19,-9.33867804981205e-19,-8.493290047832388e-18,7.848465095667101e-18,No,0,S
1993,1.0872042518411504e-18,-3.092460441232339e-19,-7.7795820771791655e-19,-8.493290047832388e-18,7.848465095667101e-18,No,0,S
1993.0833333333335,-1.7451103145671635e-18,-3.02525108159289e-19,2.0476354227264527e-18,-8.493290047832388e-18,7.848465095667101e-18,No,0,S
1993.1666666666667,4.9728810832070035e-19,-2.9580417219534408e-19,-2.0148393612535627e-19,-8.493290047832388e-18,7.848465095667101e-18,No,0,S
1993.25,1.789409007690755e-18,-2.890832362313992e-19,-1.5003257714593556e-18,-8.493290047832388e-18,7.848465095667101e-18,No,0,S
1993.3333333333335,2.1216896267206708e-18,-2.823623002674543e-19,-1.8393273264532166e-18,-8.493290047832388e-18,7.848465095667101e-18,No,0,S
1993.4166666666667,-9.757989757847343e-19,-2.7790562113608873e-19,1.253704596920823e-18,-8.493290047832388e-18,7.848465095667101e-18,No,0,S
1993.5,4.519121056270315e-19,-2.7344894200472314e-19,99.43824443028694,-8.493290047832388e-18,7.848465095667101e-18,Yes,99.43824443028694,S
1993.5833333333335,-4.032253043597074e-18,-2.6899226287335756e-19,4.301245306470431e-18,-8.493290047832388e-18,7.848465095667101e-18,No,0,S
1993.6666666666667,-5.695327805182907e-18,-2.6453558374199197e-19,5.959863388924899e-18,-8.493290047832388e-18,7.848465095667101e-18,No,0,S
1993.75,1.4962405645806612e-18,-2.600789046106264e-19,-1.2361616599700349e-18,-8.493290047832388e-18,7.848465095667101e-18,No,0,S
1993.8333333333335,3.754911714348495e-18,-2.556222254792608e-19,-3.499289488869234e-18,-8.493290047832388e-18,7.848465095667101e-18,No,0,S
1993.9166666666667,1.2498347850683839e-18,-2.5116554634789517e-19,-9.986692387204886e-19,-8.493290047832388e-18,7.848465095667101e-18,No,0,S
1994,1.0872042518411504e-18,-2.467088672165296e-19,-8.4049538462462085e-19,-8.493290047832388e-18,7.848465095667101e-18,No,0,S
1994.0833333333335,-1.7451103145671635e-18,-2.42252188085164e-19,1.9873625026523277e-18,-8.493290047832388e-18,7.848465095667101e-18,No,0,S
1994.1666666666667,4.9728810832070035e-19,-2.377955089537984e-19,-2.5949259936690193e-19,-8.493290047832388e-18,7.848465095667101e-18,No,0,S
1994.25,1.789409007690755e-18,-2.3333882982243283e-19,-1.556070177868322e-18,-8.493290047832388e-18,7.848465095667101e-18,No,0,S
1994.3333333333335,2.1216896267206708e-18,-2.2888215069106725e-19,-1.8928074760296034e-18,-8.493290047832388e-18,7.848465095667101e-18,No,0,S
1994.4166666666667,-9.757989757847343e-19,-2.2442547155970166e-19,1.2002244473444359e-18,-8.493290047832388e-18,7.848465095667101e-18,No,0,S
1994.5,4.519121056270315e-19,-2.199687924283361e-19,-2.3194331319869545e-19,-8.493290047832388e-18,7.848465095667101e-18,No,0,S
1994.5833333333335,-4.032253043597074e-18,-2.173408324732243e-19,4.2495938760702984e-18,-8.493290047832388e-18,7.848465095667101e-18,No,0,S
1994.6666666666667,-5.695327805182907e-18,-2.1471287251811248e-19,5.91004067770102e-18,-8.493290047832388e-18,7.848465095667101e-18,No,0,S
1994.75,1.4962405645806612e-18,-2.1208491256300067e-19,-1.2841556520176605e-18,-8.493290047832388e-18,7.848465095667101e-18,No,0,S
1994.8333333333335,3.754911714348495e-18,-2.094569526078889e-19,-3.545454761740606e-18,-8.493290047832388e-18,7.848465095667101e-18,No,0,S
1994.9166666666667,1.2498347850683839e-18,-2.0682899265277708e-19,102.80686219594337,-8.493290047832388e-18,7.848465095667101e-18,Yes,102.80686219594337,S
1995,1.0872042518411504e-18,-2.042010326976653e-19,-8.830032191434852e-19,-8.493290047832388e-18,7.848465095667101e-18,No,0,S
1995.0833333333335,-1.7451103145671635e-18,-2.0157307274255348e-19,195.50787109491745,-8.493290047832388e-18,7.848465095667101e-18,Yes,195.50787109491745,S
1995.1666666666667,4.9728810832070035e-19,-1.9894511278744168e-19,-2.9834299553325865e-19,-8.493290047832388e-18,7.848465095667101e-18,No,0,S
1995.25,1.789409007690755e-18,-1.963171528323299e-19,166.85327997236388,-8.493290047832388e-18,7.848465095667101e-18,Yes,166.85327997236388,S
1995.3333333333335,2.1216896267206708e-18,-1.9368919287721808e-19,-1.9280004338434527e-18,-8.493290047832388e-18,7.848465095667101e-18,No,0,S
1995.4166666666667,-9.757989757847343e-19,-1.910612329221063e-19,1.1668602087068406e-18,-8.493290047832388e-18,7.848465095667101e-18,No,0,S
1995.5,4.519121056270315e-19,-1.8843327296699449e-19,-2.6347883266003707e-19,-8.493290047832388e-18,7.848465095667101e-18,No,0,S
1995.5833333333335,-4.032253043597074e-18,-1.8580531301188268e-19,4.218058356608957e-18,-8.493290047832388e-18,7.848465095667101e-18,No,0,S
1995.6666666666667,-5.695327805182907e-18,-1.831773530567709e-19,5.878505158239678e-18,-8.493290047832388e-18,7.848465095667101e-18,No,0,S
1995.75,1.4962405645806612e-18,-1.8179373292031858e-19,67.41503554207672,-8.493290047832388e-18,7.848465095667101e-18,Yes,67.41503554207672,S
1995.8333333333335,3.754911714348495e-18,-1.8041011278386626e-19,234.2683155144408,-8.493290047832388e-18,7.848465095667101e-18,Yes,234.2683155144408,S
1995.9166666666667,1.2498347850683839e-18,-1.7902649264741395e-19,35.39182665386684,-8.493290047832388e-18,7.848465095667101e-18,No,35.39182665386684,S
1996,1.0872042518411504e-18,-1.7764287251096164e-19,198.87648886057377,-8.493290047832388e-18,7.848465095667101e-18,Yes,198.87648886057377,S
1996.0833333333335,-1.7451103145671635e-18,-1.7625925237450932e-19,1.921369566941673e-18,-8.493290047832388e-18,7.848465095667101e-18,No,0,S
1996.1666666666667,4.9728810832070035e-19,-1.74875632238057e-19,-3.2241247608264334e-19,-8.493290047832388e-18,7.848465095667101e-18,No,0,S
1996.25,1.789409007690755e-18,-1.734920121016047e-19,-1.6159169955891503e-18,-8.493290047832388e-18,7.848465095667101e-18,No,0,S
1996.3333333333335,2.1216896267206708e-18,-1.7210839196515239e-19,-1.9495812347555183e-18,-8.493290047832388e-18,7.848465095667101e-18,No,0,S
1996.4166666666667,-9.757989757847343e-19,-1.7072477182870007e-19,298.3147332908609,-8.493290047832388e-18,7.848465095667101e-18,Yes,298.3147332908609,S
1996.5,4.519121056270315e-19,-1.6934115169224776e-19,198.87648886057391,-8.493290047832388e-18,7.848465095667101e-18,No,198.87648886057391,S
1996.5833333333335,-4.032253043597074e-18,-1.6795753155579545e-19,4.200210575152869e-18,-8.493290047832388e-18,7.848465095667101e-18,No,0,S
1996.6666666666667,-5.695327805182907e-18,-1.6657391141934313e-19,5.86190171660225e-18,-8.493290047832388e-18,7.848465095667101e-18,No,0,S
1996.75,1.4962405645806612e-18,-1.6519029128289082e-19,-1.3310502732977704e-18,-8.493290047832388e-18,7.848465095667101e-18,No,0,S
1996.8333333333335,3.754911714348495e-18,-1.638066711464385e-19,-3.591105043202057e-18,-8.493290047832388e-18,7.848465095667101e-18,No,0,S
1996.9166666666667,1.2498347850683839e-18,-1.6487200045854327e-19,-1.0849627846098406e-18,-8.493290047832388e-18,7.848465095667101e-18,No,0,S
1997,1.0872042518411504e-18,-1.65937329770648e-19,-9.212669220705025e-19,-8.493290047832388e-18,7.848465095667101e-18,No,0,S
1997.0833333333335,-1.7451103145671635e-18,-1.6700265908275277e-19,1.9121129736499163e-18,-8.493290047832388e-18,7.848465095667101e-18,No,0,S
1997.1666666666667,4.9728810832070035e-19,-1.680679883948575e-19,262.9229066369942,-8.493290047832388e-18,7.848465095667101e-18,Yes,262.9229066369942,S
1997.25,1.789409007690755e-18,-1.6913331770696227e-19,330.3379421790712,-8.493290047832388e-18,7.848465095667101e-18,Yes,330.3379421790712,S
1997.3333333333335,2.1216896267206708e-18,-1.70198647019067e-19,-1.9514909797016037e-18,-8.493290047832388e-18,7.848465095667101e-18,No,0,S
1997.4166666666667,-9.757989757847343e-19,-1.7126397633117177e-19,32.023208888210064,-8.493290047832388e-18,7.848465095667101e-18,No,32.023208888210064,S
1997.5,4.519121056270315e-19,-1.7232930564327653e-19,64.04641777642023,-8.493290047832388e-18,7.848465095667101e-18,No,64.04641777642023,S
1997.5833333333335,-4.032253043597074e-18,-1.7339463495538127e-19,4.205647678552455e-18,-8.493290047832388e-18,7.848465095667101e-18,No,0,S
1997.6666666666667,-5.695327805182907e-18,-1.7445996426748603e-19,234.26831551444064,-8.493290047832388e-18,7.848465095667101e-18,Yes,234.26831551444064,S
1997.75,1.4962405645806612e-18,-1.7552529357959077e-19,202.24510662623055,-8.493290047832388e-18,7.848465095667101e-18,Yes,202.24510662623055,S
1997.8333333333335,3.754911714348495e-18,-1.7659062289169553e-19,-3.5783210914567996e-18,-8.493290047832388e-18,7.848465095667101e-18,No,0,S
1997.9166666666667,1.2498347850683839e-18,-1.7765595220380027e-19,-1.0721788328645835e-18,-8.493290047832388e-18,7.848465095667101e-18,No,0,S
1998,1.0872042518411504e-18,-1.7872128151590503e-19,-9.084829703252455e-19,-8.493290047832388e-18,7.848465095667101e-18,No,0,S
1998.0833333333335,-1.7451103145671635e-18,-1.8255028880195053e-19,198.87648886057391,-8.493290047832388e-18,7.848465095667101e-18,No,198.87648886057391,S
1998.1666666666667,4.9728810832070035e-19,-1.8637929608799605e-19,330.33794217907104,-8.493290047832388e-18,7.848465095667101e-18,Yes,330.33794217907104,S
1998.25,1.789409007690755e-18,-1.9020830337404155e-19,-1.5992007043167134e-18,-8.493290047832388e-18,7.848465095667101e-18,No,0,S
1998.3333333333335,2.1216896267206708e-18,-1.9403731066008707e-19,-1.927652316060584e-18,-8.493290047832388e-18,7.848465095667101e-18,No,0,S
1998.4166666666667,-9.757989757847343e-19,-1.9786631794613256e-19,1.173665293730867e-18,-8.493290047832388e-18,7.848465095667101e-18,No,0,S
1998.5,4.519121056270315e-19,-2.0169532523217809e-19,-2.5021678039485347e-19,-8.493290047832388e-18,7.848465095667101e-18,No,0,S
1998.5833333333335,-4.032253043597074e-18,-2.0552433251822358e-19,4.2377773761152975e-18,-8.493290047832388e-18,7.848465095667101e-18,No,0,S
1998.6666666666667,-5.695327805182907e-18,-2.093533398042691e-19,5.904681144987176e-18,-8.493290047832388e-18,7.848465095667101e-18,No,0,S
1998.75,1.4962405645806612e-18,-2.131823470903146e-19,-1.2830582174903465e-18,-8.493290047832388e-18,7.848465095667101e-18,No,0,S
1998.8333333333335,3.754911714348495e-18,-2.170113543763601e-19,-3.537900359972135e-18,-8.493290047832388e-18,7.848465095667101e-18,No,0,S
1998.9166666666667,1.2498347850683839e-18,-2.208403616624056e-19,-1.0289944234059782e-18,-8.493290047832388e-18,7.848465095667101e-18,No,0,S
1999,1.0872042518411504e-18,-2.2466936894845114e-19,-8.625348828926993e-19,-8.493290047832388e-18,7.848465095667101e-18,No,0,S
1999.0833333333335,-1.7451103145671635e-18,-2.2849837623449664e-19,1.97360869080166e-18,-8.493290047832388e-18,7.848465095667101e-18,No,0,S
1999.1666666666667,4.9728810832070035e-19,-2.3232738352054213e-19,-2.649607248001582e-19,-8.493290047832388e-18,7.848465095667101e-18,No,0,S
1999.25,1.789409007690755e-18,-2.377753505257176e-19,99.43824443028711,-8.493290047832388e-18,7.848465095667101e-18,Yes,99.43824443028711,S
1999.3333333333335,2.1216896267206708e-18,-2.432233175308931e-19,-1.878466309189778e-18,-8.493290047832388e-18,7.848465095667101e-18,No,-3.851859888774472e-34,S
1999.4166666666667,-9.757989757847343e-19,-2.4867128453606855e-19,1.2244702603208028e-18,-8.493290047832388e-18,7.848465095667101e-18,No,0,S
1999.5,4.519121056270315e-19,-2.5411925154124402e-19,-1.977928540857875e-19,-8.493290047832388e-18,7.848465095667101e-18,No,0,S
1999.5833333333335,-4.032253043597074e-18,-2.595672185464195e-19,4.291820262143493e-18,-8.493290047832388e-18,7.848465095667101e-18,No,0,S
1999.6666666666667,-5.695327805182907e-18,-2.6501518555159497e-19,5.9603429907345024e-18,-8.493290047832388e-18,7.848465095667101e-18,No,0,S
1999.75,1.4962405645806612e-18,-2.704631525567704e-19,-1.2257774120238908e-18,-8.493290047832388e-18,7.848465095667101e-18,No,0,S
1999.8333333333335,3.754911714348495e-18,-2.7591111956194587e-19,-3.479000594786549e-18,-8.493290047832388e-18,7.848465095667101e-18,No,0,S
1999.9166666666667,1.2498347850683839e-18,-2.8135908656712134e-19,-9.684756985012625e-19,-8.493290047832388e-18,7.848465095667101e-18,No,0,S
2000,1.0872042518411504e-18,-2.868070535722968e-19,-8.003971982688536e-19,-8.493290047832388e-18,7.848465095667101e-18,No,0,S
2000.0833333333335,-1.7451103145671635e-18,-2.922550205774723e-19,2.0373653351446357e-18,-8.493290047832388e-18,7.848465095667101e-18,No,0,S
2000.1666666666667,4.9728810832070035e-19,-2.9770298758264776e-19,134.83007108415373,-8.493290047832388e-18,7.848465095667101e-18,No,134.83007108415373,S
2000.25,1.789409007690755e-18,-3.0315095458782323e-19,-1.4862580531029316e-18,-8.493290047832388e-18,7.848465095667101e-18,No,0,S
2000.3333333333335,2.1216896267206708e-18,-3.085989215929987e-19,32.02320888821012,-8.493290047832388e-18,7.848465095667101e-18,No,32.02320888821012,S
2000.4166666666667,-9.757989757847343e-19,-3.123035538443112e-19,1.2881025296290456e-18,-8.493290047832388e-18,7.848465095667101e-18,No,0,S
2000.5,4.519121056270315e-19,-3.1600818609562377e-19,-1.3590391953140776e-19,-8.493290047832388e-18,7.848465095667101e-18,No,0,S
2000.5833333333335,-4.032253043597074e-18,-3.197128183469363e-19,131.461453318497,-8.493290047832388e-18,7.848465095667101e-18,No,131.461453318497,S
2000.6666666666667,-5.695327805182907e-18,-3.2341745059824884e-19,6.0187452557811564e-18,-8.493290047832388e-18,7.848465095667101e-18,No,0,S
2000.75,1.4962405645806612e-18,-3.2712208284956135e-19,-1.1691184817310998e-18,-8.493290047832388e-18,7.848465095667101e-18,No,0,S
2000.8333333333335,3.754911714348495e-18,-3.308267151008739e-19,-3.4240849992476214e-18,-8.493290047832388e-18,7.848465095667101e-18,No,0,S
2000.9166666666667,1.2498347850683839e-18,-3.345313473521864e-19,-9.153034377161974e-19,-8.493290047832388e-18,7.848465095667101e-18,No,0,S
2001,1.0872042518411504e-18,-3.3823597960349892e-19,-7.489682722376515e-19,-8.493290047832388e-18,7.848465095667101e-18,No,0,S
2001.0833333333335,-1.7451103145671635e-18,-3.419406118548115e-19,2.087050926421975e-18,-8.493290047832388e-18,7.848465095667101e-18,No,0,S
2001.1666666666667,4.9728810832070035e-19,-3.45645244106124e-19,-1.5164286421457636e-19,-8.493290047832388e-18,7.848465095667101e-18,No,0,S
2001.25,1.789409007690755e-18,-3.4934987635743655e-19,-1.4400591313333184e-18,-8.493290047832388e-18,7.848465095667101e-18,No,0,S
2001.3333333333335,2.1216896267206708e-18,-3.5305450860874906e-19,-1.7686351181119215e-18,-8.493290047832388e-18,7.848465095667101e-18,No,3.851859888774472e-34,S
2001.4166666666667,-9.757989757847343e-19,-3.5675914086006157e-19,1.3325581166447959e-18,-8.493290047832388e-18,7.848465095667101e-18,No,0,S
2001.5,4.519121056270315e-19,-3.6046377311137413e-19,-9.14483325156574e-20,-8.493290047832388e-18,7.848465095667101e-18,No,0,S
2001.5833333333335,-4.032253043597074e-18,-3.656055351668258e-19,4.3978585787639e-18,-8.493290047832388e-18,7.848465095667101e-18,No,0,S
2001.6666666666667,-5.695327805182907e-18,-3.7074729722227745e-19,6.0660751024051844e-18,-8.493290047832388e-18,7.848465095667101e-18,No,0,S
2001.75,1.4962405645806612e-18,-3.758890592777291e-19,-1.1203515053029322e-18,-8.493290047832388e-18,7.848465095667101e-18,No,0,S
2001.8333333333335,3.754911714348495e-18,-3.810308213331808e-19,-3.3738808930153144e-18,-8.493290047832388e-18,7.848465095667101e-18,No,0,S
2001.9166666666667,1.2498347850683839e-18,-3.8617258338863244e-19,-8.636622016797514e-19,-8.493290047832388e-18,7.848465095667101e-18,No,0,S
2002,1.0872042518411504e-18,-3.913143454440841e-19,70.7836533077335,-8.493290047832388e-18,7.848465095667101e-18,Yes,70.7836533077335,S
2002.0833333333335,-1.7451103145671635e-18,-3.964561074995357e-19,2.1415664220666994e-18,-8.493290047832388e-18,7.848465095667101e-18,No,0,S
2002.1666666666667,4.9728810832070035e-19,-4.015978695549874e-19,198.87648886057391,-8.493290047832388e-18,7.848465095667101e-18,No,198.87648886057391,S
2002.25,1.789409007690755e-18,-4.0673963161043905e-19,-1.3826693760803158e-18,-8.493290047832388e-18,7.848465095667101e-18,No,0,S
2002.3333333333335,2.1216896267206708e-18,-4.118813936658907e-19,-1.70980823305478e-18,-8.493290047832388e-18,7.848465095667101e-18,No,0,S
2002.4166666666667,-9.757989757847343e-19,-4.170231557213424e-19,1.3928221315060766e-18,-8.493290047832388e-18,7.848465095667101e-18,No,0,S
2002.5,4.519121056270315e-19,-4.2216491777679404e-19,-2.974718785023749e-20,-8.493290047832388e-18,7.848465095667101e-18,No,0,S
2002.5833333333335,-4.032253043597074e-18,-4.273066798322457e-19,4.4595597234293194e-18,-8.493290047832388e-18,7.848465095667101e-18,No,0,S
2002.6666666666667,-5.695327805182907e-18,-4.3244844188769737e-19,6.1277762470706046e-18,-8.493290047832388e-18,7.848465095667101e-18,No,0,S
2002.75,1.4962405645806612e-18,-4.36042805493339e-19,-1.0601977590873222e-18,-8.493290047832388e-18,7.848465095667101e-18,No,0,S
2002.8333333333335,3.754911714348495e-18,-4.396371690989807e-19,-3.3152745452495146e-18,-8.493290047832388e-18,7.848465095667101e-18,No,0,S
2002.9166666666667,1.2498347850683839e-18,-4.432315327046225e-19,-8.066032523637614e-19,-8.493290047832388e-18,7.848465095667101e-18,No,0,S
2003,1.0872042518411504e-18,-4.468258963102641e-19,-6.403783555308863e-19,-8.493290047832388e-18,7.848465095667101e-18,No,0,S
2003.0833333333335,-1.7451103145671635e-18,-4.504202599159058e-19,2.1955305744830693e-18,-8.493290047832388e-18,7.848465095667101e-18,No,0,S
2003.1666666666667,4.9728810832070035e-19,-4.540146235215475e-19,-4.327348479915286e-20,-8.493290047832388e-18,7.848465095667101e-18,No,0,S
2003.25,1.789409007690755e-18,-4.576089871271892e-19,-1.3318000205635657e-18,-8.493290047832388e-18,7.848465095667101e-18,No,0,S
2003.3333333333335,2.1216896267206708e-18,-4.612033507328309e-19,-1.66048627598784e-18,-8.493290047832388e-18,7.848465095667101e-18,No,0,S
2003.4166666666667,-9.757989757847343e-19,-4.647977143384725e-19,67.41503554207678,-8.493290047832388e-18,7.848465095667101e-18,Yes,67.41503554207678,S
2003.5,4.519121056270315e-19,-4.683920779441142e-19,1.6479972317082714e-20,-8.493290047832388e-18,7.848465095667101e-18,No,0,S
2003.5833333333335,-4.032253043597074e-18,-4.71986441549756e-19,128.09283555284048,-8.493290047832388e-18,7.848465095667101e-18,Yes,128.09283555284048,S
2003.6666666666667,-5.695327805182907e-18,-4.755808051553976e-19,6.170908610338305e-18,-8.493290047832388e-18,7.848465095667101e-18,No,0,S
2003.75,1.4962405645806612e-18,-4.791751687610393e-19,-1.017065395819622e-18,-8.493290047832388e-18,7.848465095667101e-18,No,0,S
2003.8333333333335,3.754911714348495e-18,-4.82769532366681e-19,-3.272142181981814e-18,-8.493290047832388e-18,7.848465095667101e-18,No,0,S
2003.9166666666667,1.2498347850683839e-18,-4.841390043929645e-19,-7.656957806754194e-19,-8.493290047832388e-18,7.848465095667101e-18,No,0,S
2004,1.0872042518411504e-18,-4.855084764192479e-19,-6.016957754219025e-19,-8.493290047832388e-18,7.848465095667101e-18,No,0,S
2004.0833333333335,-1.7451103145671635e-18,-4.868779484455314e-19,99.438244430287,-8.493290047832388e-18,7.848465095667101e-18,Yes,99.438244430287,S
2004.1666666666667,4.9728810832070035e-19,-4.882474204718149e-19,-9.040687848885467e-21,-8.493290047832388e-18,7.848465095667101e-18,No,0,S
2004.25,1.789409007690755e-18,-4.896168924980984e-19,-1.2997921151926567e-18,-8.493290047832388e-18,7.848465095667101e-18,No,0,S
2004.3333333333335,2.1216896267206708e-18,-4.909863645243818e-19,-1.6307032621962889e-18,-8.493290047832388e-18,7.848465095667101e-18,No,0,S
2004.4166666666667,-9.757989757847343e-19,-4.923558365506653e-19,1.4681548123353995e-18,-8.493290047832388e-18,7.848465095667101e-18,No,0,S
2004.5,4.519121056270315e-19,-4.937253085769488e-19,4.1813202949917245e-20,-8.493290047832388e-18,7.848465095667101e-18,No,0,S
2004.5833333333335,-4.032253043597074e-18,-4.950947806032322e-19,4.527347824200306e-18,-8.493290047832388e-18,7.848465095667101e-18,No,0,S
2004.6666666666667,-5.695327805182907e-18,-4.964642526295157e-19,6.191792057812423e-18,-8.493290047832388e-18,7.848465095667101e-18,No,0,S
2004.75,1.4962405645806612e-18,-4.978337246557992e-19,-9.984068399248621e-19,-8.493290047832388e-18,7.848465095667101e-18,No,0,S
2004.8333333333335,3.754911714348495e-18,-4.992031966820827e-19,-3.2557085176664125e-18,-8.493290047832388e-18,7.848465095667101e-18,No,0,S
2004.9166666666667,1.2498347850683839e-18,-5.005726687083661e-19,-7.492621163600177e-19,-8.493290047832388e-18,7.848465095667101e-18,No,0,S
2005,1.0872042518411504e-18,-5.019421407346496e-19,-5.852621111065008e-19,-8.493290047832388e-18,7.848465095667101e-18,No,0,S
2005.0833333333335,-1.7451103145671635e-18,-5.039463943650317e-19,2.2490567089321953e-18,-8.493290047832388e-18,7.848465095667101e-18,No,0,S
2005.1666666666667,4.9728810832070035e-19,-5.059506479954137e-19,8.662539674713363e-21,-8.493290047832388e-18,7.848465095667101e-18,No,0,S
2005.25,1.789409007690755e-18,-5.079549016257958e-19,-1.2814541060649591e-18,-8.493290047832388e-18,7.848465095667101e-18,No,0,S
2005.3333333333335,2.1216896267206708e-18,-5.099591552561778e-19,-1.611730471464493e-18,-8.493290047832388e-18,7.848465095667101e-18,No,0,S
2005.4166666666667,-9.757989757847343e-19,-5.119634088865599e-19,234.2683155144408,-8.493290047832388e-18,7.848465095667101e-18,No,234.2683155144408,S
2005.5,4.519121056270315e-19,-5.139676625169419e-19,67.41503554207672,-8.493290047832388e-18,7.848465095667101e-18,No,67.41503554207672,S
2005.5833333333335,-4.032253043597074e-18,-5.15971916147324e-19,32.023208888210064,-8.493290047832388e-18,7.848465095667101e-18,No,32.023208888210064,S
2005.6666666666667,-5.695327805182907e-18,-5.179761697777061e-19,6.213303974960614e-18,-8.493290047832388e-18,7.848465095667101e-18,No,0,S
2005.75,1.4962405645806612e-18,-5.199804234080881e-19,-9.76260141172573e-19,-8.493290047832388e-18,7.848465095667101e-18,No,0,S
2005.8333333333335,3.754911714348495e-18,-5.219846770384702e-19,-3.232927037310025e-18,-8.493290047832388e-18,7.848465095667101e-18,No,0,S
2005.9166666666667,1.2498347850683839e-18,-5.239889306688522e-19,-7.258458543995316e-19,-8.493290047832388e-18,7.848465095667101e-18,No,0,S
2006,1.0872042518411504e-18,-5.259931842992343e-19,-5.612110675419161e-19,-8.493290047832388e-18,7.848465095667101e-18,No,0,S
2006.0833333333335,-1.7451103145671635e-18,-5.279974379296163e-19,2.2731077524967798e-18,-8.493290047832388e-18,7.848465095667101e-18,No,0,S
2006.1666666666667,4.9728810832070035e-19,-5.300016915599984e-19,3.271358323929808e-20,-8.493290047832388e-18,7.848465095667101e-18,No,0,S
2006.25,1.789409007690755e-18,-5.327668906474402e-19,-1.2566421170433147e-18,-8.493290047832388e-18,7.848465095667101e-18,No,0,S
2006.3333333333335,2.1216896267206708e-18,-5.3553208973488215e-19,-1.5861575369857886e-18,-8.493290047832388e-18,7.848465095667101e-18,No,0,S
2006.4166666666667,-9.757989757847343e-19,-5.382972888223241e-19,230.8996977487841,-8.493290047832388e-18,7.848465095667101e-18,Yes,230.8996977487841,S
2006.5,4.519121056270315e-19,-5.410624879097659e-19,198.87648886057391,-8.493290047832388e-18,7.848465095667101e-18,No,198.87648886057391,S
2006.5833333333335,-4.032253043597074e-18,-5.438276869972077e-19,35.39182665386684,-8.493290047832388e-18,7.848465095667101e-18,No,35.39182665386684,S
2006.6666666666667,-5.695327805182907e-18,-5.465928860846496e-19,198.87648886057391,-8.493290047832388e-18,7.848465095667101e-18,No,198.87648886057391,S
2006.75,1.4962405645806612e-18,-5.493580851720915e-19,-9.468824794085697e-19,-8.493290047832388e-18,7.848465095667101e-18,No,0,S
2006.8333333333335,3.754911714348495e-18,-5.521232842595333e-19,198.87648886057391,-8.493290047832388e-18,7.848465095667101e-18,No,198.87648886057391,S
2006.9166666666667,1.2498347850683839e-18,-5.548884833469751e-19,134.83007108415373,-8.493290047832388e-18,7.848465095667101e-18,No,134.83007108415373,S
2007,1.0872042518411504e-18,-5.57653682434417e-19,163.4846622067073,-8.493290047832388e-18,7.848465095667101e-18,Yes,163.4846622067073,S
2007.0833333333335,-1.7451103145671635e-18,-5.60418881521859e-19,2.3055291960890225e-18,-8.493290047832388e-18,7.848465095667101e-18,No,0,S
2007.1666666666667,4.9728810832070035e-19,-5.631840806093008e-19,6.589597228860042e-20,-8.493290047832388e-18,7.848465095667101e-18,No,0,S
2007.25,1.789409007690755e-18,-5.659492796967426e-19,-1.2234597279940123e-18,-8.493290047832388e-18,7.848465095667101e-18,No,0,S
2007.3333333333335,2.1216896267206708e-18,-5.687144787841845e-19,-1.5529751479364863e-18,-8.493290047832388e-18,7.848465095667101e-18,No,0,S
2007.4166666666667,-9.757989757847343e-19,-5.675089801816817e-19,1.543307955966416e-18,-8.493290047832388e-18,7.848465095667101e-18,No,0,S
2007.5,4.519121056270315e-19,-5.66303481579179e-19,1.1439137595214742e-19,-8.493290047832388e-18,7.848465095667101e-18,No,0,S
2007.5833333333335,-4.032253043597074e-18,-5.650979829766761e-19,4.59735102657375e-18,-8.493290047832388e-18,7.848465095667101e-18,No,0,S
2007.6666666666667,-5.695327805182907e-18,-5.638924843741733e-19,6.259220289557081e-18,-8.493290047832388e-18,7.848465095667101e-18,No,0,S
2007.75,1.4962405645806612e-18,-5.626869857716706e-19,131.461453318497,-8.493290047832388e-18,7.848465095667101e-18,No,131.461453318497,S
2007.8333333333335,3.754911714348495e-18,-5.614814871691678e-19,99.43824443028689,-8.493290047832388e-18,7.848465095667101e-18,Yes,99.43824443028689,S
2007.9166666666667,1.2498347850683839e-18,-5.602759885666651e-19,99.43824443028689,-8.493290047832388e-18,7.848465095667101e-18,No,99.43824443028689,S
2008,1.0872042518411504e-18,-5.590704899641622e-19,198.87648886057391,-8.493290047832388e-18,7.848465095667101e-18,No,198.87648886057391,S
2008.0833333333335,-1.7451103145671635e-18,-5.578649913616594e-19,266.29152440265085,-8.493290047832388e-18,7.848465095667101e-18,Yes,266.29152440265085,S
2008.1666666666667,4.9728810832070035e-19,-5.566594927591567e-19,5.937138443845636e-20,-8.493290047832388e-18,7.848465095667101e-18,No,0,S
2008.25,1.789409007690755e-18,-5.554539941566539e-19,-1.2339550135341011e-18,-8.493290047832388e-18,7.848465095667101e-18,No,0,S
2008.3333333333335,2.1216896267206708e-18,-5.542484955541511e-19,-1.5674411311665197e-18,-8.493290047832388e-18,7.848465095667101e-18,No,0,S
2008.4166666666667,-9.757989757847343e-19,-5.530429969516484e-19,35.39182665386684,-8.493290047832388e-18,7.848465095667101e-18,No,35.39182665386684,S
2008.5,4.519121056270315e-19,-5.518374983491455e-19,9.992539272211401e-20,-8.493290047832388e-18,7.848465095667101e-18,No,0,S
2008.5833333333335,-4.032253043597074e-18,-5.483536517880953e-19,4.580606695385169e-18,-8.493290047832388e-18,7.848465095667101e-18,No,0,S
2008.6666666666667,-5.695327805182907e-18,-5.44869805227045e-19,32.02320888821012,-8.493290047832388e-18,7.848465095667101e-18,No,32.02320888821012,S
2008.75,1.4962405645806612e-18,-5.413859586659946e-19,-9.548546059146666e-19,-8.493290047832388e-18,7.848465095667101e-18,No,0,S
2008.8333333333335,3.754911714348495e-18,-5.379021121049444e-19,-3.2170096022435508e-18,-8.493290047832388e-18,7.848465095667101e-18,No,0,S
2008.9166666666667,1.2498347850683839e-18,-5.344182655438942e-19,-7.154165195244897e-19,-8.493290047832388e-18,7.848465095667101e-18,No,0,S
2009,1.0872042518411504e-18,-5.309344189828438e-19,-5.562698328583066e-19,-8.493290047832388e-18,7.848465095667101e-18,No,0,S
2009.0833333333335,-1.7451103145671635e-18,-5.274505724217935e-19,2.2725608869889572e-18,-8.493290047832388e-18,7.848465095667101e-18,No,0,S
2009.1666666666667,4.9728810832070035e-19,-5.239667258607433e-19,2.667861754004292e-20,-8.493290047832388e-18,7.848465095667101e-18,No,0,S
2009.25,1.789409007690755e-18,-5.20482879299693e-19,-1.2689261283910619e-18,-8.493290047832388e-18,7.848465095667101e-18,No,0,S
2009.3333333333335,2.1216896267206708e-18,-5.169990327386427e-19,-1.604690593982028e-18,-8.493290047832388e-18,7.848465095667101e-18,No,0,S
2009.4166666666667,-9.757989757847343e-19,-5.135151861775924e-19,99.43824443028689,-8.493290047832388e-18,7.848465095667101e-18,No,99.43824443028689,S
2009.5,4.519121056270315e-19,-5.100313396165421e-19,5.811923398951061e-20,-8.493290047832388e-18,7.848465095667101e-18,No,0,S
2009.5833333333335,-4.032253043597074e-18,-5.065474930554919e-19,131.46145331849723,-8.493290047832388e-18,7.848465095667101e-18,Yes,131.46145331849723,S
2009.6666666666667,-5.695327805182907e-18,-5.030636464944416e-19,6.198391451677349e-18,-8.493290047832388e-18,7.848465095667101e-18,No,0,S
2009.75,1.4962405645806612e-18,-4.998802494255163e-19,64.04641777642023,-8.493290047832388e-18,7.848465095667101e-18,No,64.04641777642023,S
2009.8333333333335,3.754911714348495e-18,-4.966968523565911e-19,-3.2582148619919044e-18,-8.493290047832388e-18,7.848465095667101e-18,No,0,S
2009.9166666666667,1.2498347850683839e-18,-4.9351345528766585e-19,-7.56321329780718e-19,-8.493290047832388e-18,7.848465095667101e-18,No,0,S
2010,1.0872042518411504e-18,-4.903300582187406e-19,35.39182665386684,-8.493290047832388e-18,7.848465095667101e-18,No,35.39182665386684,S
2010.0833333333335,-1.7451103145671635e-18,-4.871466611498154e-19,2.2322569757169788e-18,-8.493290047832388e-18,7.848465095667101e-18,No,0,S
2010.1666666666667,4.9728810832070035e-19,-4.839632640808901e-19,-1.332484423981022e-20,-8.493290047832388e-18,7.848465095667101e-18,No,0,S
2010.25,1.789409007690755e-18,-4.807798670119649e-19,198.87648886057391,-8.493290047832388e-18,7.848465095667101e-18,No,198.87648886057391,S
2010.3333333333335,2.1216896267206708e-18,-4.775964699430397e-19,32.023208888210064,-8.493290047832388e-18,7.848465095667101e-18,No,32.023208888210064,S
2010.4166666666667,-9.757989757847343e-19,-4.744130728741145e-19,35.39182665386684,-8.493290047832388e-18,7.848465095667101e-18,No,35.39182665386684,S
2010.5,4.519121056270315e-19,-4.712296758051893e-19,99.43824443028709,-8.493290047832388e-18,7.848465095667101e-18,Yes,99.43824443028709,S
2010.5833333333335,-4.032253043597074e-18,-4.68046278736264e-19,234.26831551444064,-8.493290047832388e-18,7.848465095667101e-18,No,234.26831551444064,S
2010.6666666666667,-5.695327805182907e-18,-4.648628816673388e-19,35.39182665386684,-8.493290047832388e-18,7.848465095667101e-18,No,35.39182665386684,S
2010.75,1.4962405645806612e-18,-4.616794845984135e-19,-1.0345610799822476e-18,-8.493290047832388e-18,7.848465095667101e-18,No,0,S
2010.8333333333335,3.754911714348495e-18,-4.584960875294883e-19,-3.296415626819007e-18,-8.493290047832388e-18,7.848465095667101e-18,No,0,S
2010.9166666666667,1.2498347850683839e-18,-4.5446672842844055e-19,-7.953680566399433e-19,-8.493290047832388e-18,7.848465095667101e-18,No,0,S
2011,1.0872042518411504e-18,-4.504373693273929e-19,-6.3676688251375755e-19,-8.493290047832388e-18,7.848465095667101e-18,No,0,S
2011.0833333333335,-1.7451103145671635e-18,-4.464080102263451e-19,70.7836533077335,-8.493290047832388e-18,7.848465095667101e-18,No,70.7836533077335,S
2011.1666666666667,4.9728810832070035e-19,-4.423786511252975e-19,163.48466220670713,-8.493290047832388e-18,7.848465095667101e-18,Yes,163.48466220670713,S
2011.25,1.789409007690755e-18,-4.383492920242497e-19,266.2915244026509,-8.493290047832388e-18,7.848465095667101e-18,Yes,266.2915244026509,S
2011.3333333333335,2.1216896267206708e-18,-4.34319932923202e-19,35.39182665386684,-8.493290047832388e-18,7.848465095667101e-18,No,35.39182665386684,S
2011.4166666666667,-9.757989757847343e-19,-4.302905738221543e-19,99.43824443028709,-8.493290047832388e-18,7.848465095667101e-18,No,99.43824443028709,S
2011.5,4.519121056270315e-19,-4.2626121472110657e-19,-2.565089090592496e-20,-8.493290047832388e-18,7.848465095667101e-18,No,0,S
2011.5833333333335,-4.032253043597074e-18,-4.2223185562005886e-19,4.454484899217133e-18,-8.493290047832388e-18,7.848465095667101e-18,No,0,S
2011.6666666666667,-5.695327805182907e-18,-4.1820249651901114e-19,198.87648886057391,-8.493290047832388e-18,7.848465095667101e-18,No,198.87648886057391,S
2011.75,1.4962405645806612e-18,-4.141731374179634e-19,67.41503554207696,-8.493290047832388e-18,7.848465095667101e-18,Yes,67.41503554207696,S
2011.8333333333335,3.754911714348495e-18,-4.1014377831691567e-19,-3.3447679360315796e-18,-8.493290047832388e-18,7.848465095667101e-18,No,0,S
2011.9166666666667,1.2498347850683839e-18,-4.0611441921586796e-19,-8.437203658525159e-19,-8.493290047832388e-18,7.848465095667101e-18,No,0,S
2012,1.0872042518411504e-18,-4.0208506011482025e-19,-6.851191917263302e-19,-8.493290047832388e-18,7.848465095667101e-18,No,0,S
2012.0833333333335,-1.7451103145671635e-18,-3.927461111607713e-19,2.137856425727935e-18,-8.493290047832388e-18,7.848465095667101e-18,No,0,S
2012.1666666666667,4.9728810832070035e-19,-3.8340716220672234e-19,-1.13880946113978e-19,-8.493290047832388e-18,7.848465095667101e-18,No,0,S
2012.25,1.789409007690755e-18,-3.7406821325267334e-19,-1.4153407944380815e-18,-8.493290047832388e-18,7.848465095667101e-18,No,0,S
2012.3333333333335,2.1216896267206708e-18,-3.647292642986244e-19,163.4846622067073,-8.493290047832388e-18,7.848465095667101e-18,No,163.4846622067073,S
2012.4166666666667,-9.757989757847343e-19,-3.5539031534457543e-19,1.3311892911293097e-18,-8.493290047832388e-18,7.848465095667101e-18,No,0,S
2012.5,4.519121056270315e-19,-3.4605136639052648e-19,-1.0586073923650505e-19,-8.493290047832388e-18,7.848465095667101e-18,No,0,S
2012.5833333333335,-4.032253043597074e-18,-3.3671241743647747e-19,4.368965461033551e-18,-8.493290047832388e-18,7.848465095667101e-18,No,0,S
2012.6666666666667,-5.695327805182907e-18,-3.273734684824285e-19,6.022701273665336e-18,-8.493290047832388e-18,7.848465095667101e-18,No,0,S
2012.75,1.4962405645806612e-18,-3.1803451952837956e-19,-1.1782060450522817e-18,-8.493290047832388e-18,7.848465095667101e-18,No,0,S
2012.8333333333335,3.754911714348495e-18,-3.086955705743306e-19,-3.446216143774165e-18,-8.493290047832388e-18,7.848465095667101e-18,No,0,S
2012.9166666666667,1.2498347850683839e-18,-2.9935662162028166e-19,-9.504781634481023e-19,-8.493290047832388e-18,7.848465095667101e-18,No,-1.925929944387236e-34,S
2013,1.0872042518411504e-18,-2.9001767266623265e-19,-7.971865791749177e-19,-8.493290047832388e-18,7.848465095667101e-18,No,0,S
2013.0833333333335,-1.7451103145671635e-18,-2.806787237121837e-19,2.025789038279347e-18,-8.493290047832388e-18,7.848465095667101e-18,No,0,S
2013.1666666666667,4.9728810832070035e-19,-2.7133977475813474e-19,-2.259483335625656e-19,-8.493290047832388e-18,7.848465095667101e-18,No,0,S
2013.25,1.789409007690755e-18,-2.62310081201722e-19,35.39182665386684,-8.493290047832388e-18,7.848465095667101e-18,No,35.39182665386684,S
2013.3333333333335,2.1216896267206708e-18,-2.5328038764530933e-19,99.43824443028709,-8.493290047832388e-18,7.848465095667101e-18,No,99.43824443028709,S
2013.4166666666667,-9.757989757847343e-19,-2.442506940888966e-19,1.2200496698736309e-18,-8.493290047832388e-18,7.848465095667101e-18,No,0,S
2013.5,4.519121056270315e-19,-2.3522100053248387e-19,163.48466220670713,-8.493290047832388e-18,7.848465095667101e-18,No,163.48466220670713,S
2013.5833333333335,-4.032253043597074e-18,-2.2619130697607114e-19,266.2915244026509,-8.493290047832388e-18,7.848465095667101e-18,No,266.2915244026509,S
2013.6666666666667,-5.695327805182907e-18,-2.171616134196584e-19,96.06962666463036,-8.493290047832388e-18,7.848465095667101e-18,No,96.06962666463036,S
2013.75,1.4962405645806612e-18,-2.0813191986324572e-19,131.4614533184972,-8.493290047832388e-18,7.848465095667101e-18,Yes,131.4614533184972,S
2013.8333333333335,3.754911714348495e-18,-1.99102226306833e-19,-3.555809488041662e-18,-8.493290047832388e-18,7.848465095667101e-18,No,0,S
2013.9166666666667,1.2498347850683839e-18,-1.9007253275042026e-19,-1.0597622523179636e-18,-8.493290047832388e-18,7.848465095667101e-18,No,0,S
2014,1.0872042518411504e-18,-1.8104283919400755e-19,-9.06161412647143e-19,-8.493290047832388e-18,7.848465095667101e-18,No,0,S
2014.0833333333335,-1.7451103145671635e-18,-1.7201314563759484e-19,1.9171234602047585e-18,-8.493290047832388e-18,7.848465095667101e-18,No,0,S
2014.1666666666667,4.9728810832070035e-19,-1.6298345208118211e-19,-3.3430465623951824e-19,-8.493290047832388e-18,7.848465095667101e-18,No,0,S
2014.25,1.789409007690755e-18,-1.5395375852476938e-19,-1.6354552491659854e-18,-8.493290047832388e-18,7.848465095667101e-18,No,0,S
2014.3333333333335,2.1216896267206708e-18,-1.4492406496835667e-19,198.87648886057391,-8.493290047832388e-18,7.848465095667101e-18,No,198.87648886057391,S
2014.4166666666667,-9.757989757847343e-19,-1.4368390766684025e-19,1.1194828834515745e-18,-8.493290047832388e-18,7.848465095667101e-18,No,0,S
2014.5,4.519121056270315e-19,-1.4244375036532383e-19,-3.094683552617077e-19,-8.493290047832388e-18,7.848465095667101e-18,No,0,S
2014.5833333333335,-4.032253043597074e-18,-1.412035930638074e-19,4.173456636660881e-18,-8.493290047832388e-18,7.848465095667101e-18,No,0,S
2014.6666666666667,-5.695327805182907e-18,-1.3996343576229098e-19,67.41503554207691,-8.493290047832388e-18,7.848465095667101e-18,Yes,67.41503554207691,S
2014.75,1.4962405645806612e-18,-1.3872327846077456e-19,64.04641777642023,-8.493290047832388e-18,7.848465095667101e-18,No,64.04641777642023,S
2014.8333333333335,3.754911714348495e-18,-1.3748312115925814e-19,99.43824443028709,-8.493290047832388e-18,7.848465095667101e-18,No,99.43824443028709,S
2014.9166666666667,1.2498347850683839e-18,-1.3624296385774172e-19,-1.1135918212106422e-18,-8.493290047832388e-18,7.848465095667101e-18,No,0,S
2015,1.0872042518411504e-18,-1.350028065562253e-19,-9.52201445284925e-19,-8.493290047832388e-18,7.848465095667101e-18,No,0,S
2015.0833333333335,-1.7451103145671635e-18,-1.3376264925470887e-19,1.8788729638218722e-18,-8.493290047832388e-18,7.848465095667101e-18,No,0,S
2015.1666666666667,4.9728810832070035e-19,-1.3252249195319245e-19,-3.6476561636750792e-19,-8.493290047832388e-18,7.848465095667101e-18,No,0,S
2015.25,1.789409007690755e-18,-1.3128233465167603e-19,-1.658126673039079e-18,-8.493290047832388e-18,7.848465095667101e-18,No,0,S
2015.3333333333335,2.1216896267206708e-18,-1.300421773501596e-19,397.75297772114794,-8.493290047832388e-18,7.848465095667101e-18,Yes,397.75297772114794,S
2015.4166666666667,-9.757989757847343e-19,-1.2880202004864318e-19,96.06962666463028,-8.493290047832388e-18,7.848465095667101e-18,Yes,96.06962666463028,S
2015.5,4.519121056270315e-19,-1.2756186274712676e-19,-3.243502428799048e-19,-8.493290047832388e-18,7.848465095667101e-18,No,0,S
2015.5833333333335,-4.032253043597074e-18,-1.2838809776981758e-19,4.160641141366892e-18,-8.493290047832388e-18,7.848465095667101e-18,No,0,S
2015.6666666666667,-5.695327805182907e-18,-1.2921433279250842e-19,5.824542137975416e-18,-8.493290047832388e-18,7.848465095667101e-18,No,0,S
2015.75,1.4962405645806612e-18,-1.3004056781519924e-19,-1.366199996765462e-18,-8.493290047832388e-18,7.848465095667101e-18,No,0,S
2015.8333333333335,3.754911714348495e-18,-1.3086680283789007e-19,166.85327997236382,-8.493290047832388e-18,7.848465095667101e-18,Yes,166.85327997236382,S
2015.9166666666667,1.2498347850683839e-18,-1.3169303786058089e-19,198.87648886057391,-8.493290047832388e-18,7.848465095667101e-18,No,198.87648886057391,S
2016,1.0872042518411504e-18,-1.3251927288327173e-19,99.43824443028711,-8.493290047832388e-18,7.848465095667101e-18,No,99.43824443028711,S
2016.0833333333335,-1.7451103145671635e-18,-1.3334550790596255e-19,67.41503554207691,-8.493290047832388e-18,7.848465095667101e-18,No,67.41503554207691,S
2016.1666666666667,4.9728810832070035e-19,-1.3417174292865337e-19,-3.6311636539204695e-19,-8.493290047832388e-18,7.848465095667101e-18,No,0,S
2016.25,1.789409007690755e-18,-1.3499797795134422e-19,-1.6544110297394108e-18,-8.493290047832388e-18,7.848465095667101e-18,No,0,S
2016.3333333333335,2.1216896267206708e-18,-1.3582421297403504e-19,-1.9858654137466357e-18,-8.493290047832388e-18,7.848465095667101e-18,No,0,S
2016.4166666666667,-9.757989757847343e-19,-1.3665044799672586e-19,1.11244942378146e-18,-8.493290047832388e-18,7.848465095667101e-18,No,0,S
2016.5,4.519121056270315e-19,-1.3747668301941668e-19,234.2683155144408,-8.493290047832388e-18,7.848465095667101e-18,No,234.2683155144408,S
2016.5833333333335,-4.032253043597074e-18,-1.3830291804210752e-19,234.2683155144408,-8.493290047832388e-18,7.848465095667101e-18,No,234.2683155144408,S
2016.6666666666667,-5.695327805182907e-18,-1.3912915306479834e-19,5.834456958247706e-18,-8.493290047832388e-18,7.848465095667101e-18,No,0,S
2016.75,1.4962405645806612e-18,-1.3605116900374896e-19,-1.3601893955769122e-18,-8.493290047832388e-18,7.848465095667101e-18,No,0,S
2016.8333333333335,3.754911714348495e-18,-1.3297318494269957e-19,70.7836533077335,-8.493290047832388e-18,7.848465095667101e-18,No,70.7836533077335,S
2016.9166666666667,1.2498347850683839e-18,-1.2989520088165018e-19,134.8300710841537,-8.493290047832388e-18,7.848465095667101e-18,Yes,134.8300710841537,S
2017,1.0872042518411504e-18,-1.2681721682060077e-19,-9.603870350205498e-19,-8.493290047832388e-18,7.848465095667101e-18,No,-1.925929944387236e-34,S
2017.0833333333335,-1.7451103145671635e-18,-1.2373923275955139e-19,1.868849547326715e-18,-8.493290047832388e-18,7.848465095667101e-18,No,0,S
2017.1666666666667,4.9728810832070035e-19,-1.20661248698502e-19,-3.7662685962219835e-19,-8.493290047832388e-18,7.848465095667101e-18,No,0,S
2017.25,1.789409007690755e-18,-1.1758326463745261e-19,35.39182665386666,-8.493290047832388e-18,7.848465095667101e-18,No,35.39182665386666,S
2017.3333333333335,2.1216896267206708e-18,-1.1450528057640323e-19,397.75297772114794,-8.493290047832388e-18,7.848465095667101e-18,No,397.75297772114794,S
2017.4166666666667,-9.757989757847343e-19,-1.1142729651535384e-19,198.87648886057391,-8.493290047832388e-18,7.848465095667101e-18,No,198.87648886057391,S
2017.5,4.519121056270315e-19,-1.0834931245430444e-19,-3.4356279317272707e-19,-8.493290047832388e-18,7.848465095667101e-18,No,0,S
2017.5833333333335,-4.032253043597074e-18,-1.0527132839325506e-19,166.85327997236388,-8.493290047832388e-18,7.848465095667101e-18,No,166.85327997236388,S
2017.6666666666667,-5.695327805182907e-18,-1.0219334433220567e-19,5.797521149515113e-18,-8.493290047832388e-18,7.848465095667101e-18,No,0,S
2017.75,1.4962405645806612e-18,-9.911536027115627e-20,198.87648886057391,-8.493290047832388e-18,7.848465095667101e-18,No,198.87648886057391,S
2017.8333333333335,3.754911714348495e-18,-9.603737621010689e-20,134.8300710841537,-8.493290047832388e-18,7.848465095667101e-18,No,134.8300710841537,S
2017.9166666666667,1.2498347850683839e-18,-8.955756024397557e-20,-1.1602772248244083e-18,-8.493290047832388e-18,7.848465095667101e-18,No,0,S
2018,1.0872042518411504e-18,-8.307774427784427e-20,-1.004126507563306e-18,-8.493290047832388e-18,7.848465095667101e-18,No,0,S
2018.0833333333335,-1.7451103145671635e-18,-7.659792831171296e-20,1.8217082428788766e-18,-8.493290047832388e-18,7.848465095667101e-18,No,0,S
2018.1666666666667,4.9728810832070035e-19,-7.011811234558166e-20,-4.271699959751187e-19,-8.493290047832388e-18,7.848465095667101e-18,No,0,S
2018.25,1.789409007690755e-18,-6.363829637945034e-20,-1.7257707113113046e-18,-8.493290047832388e-18,7.848465095667101e-18,No,0,S
2018.3333333333335,2.1216896267206708e-18,-5.715848041331903e-20,-2.064531146307352e-18,-8.493290047832388e-18,7.848465095667101e-18,No,0,S
2018.4166666666667,-9.757989757847343e-19,-5.067866444718772e-20,1.0264776402319219e-18,-8.493290047832388e-18,7.848465095667101e-18,No,0,S
2018.5,4.519121056270315e-19,-4.4198848481056415e-20,-4.0771325714597512e-19,-8.493290047832388e-18,7.848465095667101e-18,No,0,S
2018.5833333333335,-4.032253043597074e-18,-3.771903251492511e-20,4.069972076111999e-18,-8.493290047832388e-18,7.848465095667101e-18,No,0,S
2018.6666666666667,-5.695327805182907e-18,-3.12392165487938e-20,198.87648886057391,-8.493290047832388e-18,7.848465095667101e-18,No,198.87648886057391,S
2018.75,1.4962405645806612e-18,-2.4759400582662487e-20,-1.4714811639979987e-18,-8.493290047832388e-18,7.848465095667101e-18,No,0,S
2018.8333333333335,3.754911714348495e-18,-1.827958461653118e-20,-3.736632129731964e-18,-8.493290047832388e-18,7.848465095667101e-18,No,0,S
2018.9166666666667,1.2498347850683839e-18,-1.1799768650399871e-20,-1.238035016417984e-18,-8.493290047832388e-18,7.848465095667101e-18,No,0,S
2019,1.0872042518411504e-18,-5.319952684268558e-21,-1.0818842991568818e-18,-8.493290047832388e-18,7.848465095667101e-18,No,0,S
2019.0833333333335,-1.7451103145671635e-18,8.123704077700984e-21,35.39182665386666,-8.493290047832388e-18,7.848465095667101e-18,No,35.39182665386666,S
2019.1666666666667,4.9728810832070035e-19,2.1567360839670525e-20,-5.188554691603709e-19,-8.493290047832388e-18,7.848465095667101e-18,No,0,S
2019.25,1.789409007690755e-18,3.501101760164007e-20,-1.824420025292395e-18,-8.493290047832388e-18,7.848465095667101e-18,No,0,S
2019.3333333333335,2.1216896267206708e-18,4.845467436360961e-20,-2.1701443010842804e-18,-8.493290047832388e-18,7.848465095667101e-18,No,0,S
2019.4166666666667,-9.757989757847343e-19,6.189833112557915e-20,9.139006446591551e-19,-8.493290047832388e-18,7.848465095667101e-18,No,0,S
2019.5,4.519121056270315e-19,7.53419878875487e-20,-5.272540935145802e-19,-8.493290047832388e-18,7.848465095667101e-18,No,0,S
2019.5833333333335,-4.032253043597074e-18,8.878564464951824e-20,3.9434673989475555e-18,-8.493290047832388e-18,7.848465095667101e-18,No,0,S
2019.6666666666667,-5.695327805182907e-18,1.0222930141148778e-19,134.83007108415373,-8.493290047832388e-18,7.848465095667101e-18,No,134.83007108415373,S
2019.75,1.4962405645806612e-18,1.1567295817345733e-19,-1.6119135227541185e-18,-8.493290047832388e-18,7.848465095667101e-18,No,0,S
2019.8333333333335,3.754911714348495e-18,1.2911661493542686e-19,-3.884028329283922e-18,-8.493290047832388e-18,7.848465095667101e-18,No,0,S
2019.9166666666667,1.2498347850683839e-18,1.425602716973964e-19,-1.3923950567657803e-18,-8.493290047832388e-18,7.848465095667101e-18,No,0,S
2020,1.0872042518411504e-18,1.5600392845936594e-19,64.04641777642023,-8.493290047832388e-18,7.848465095667101e-18,No,64.04641777642023,S
2020.0833333333335,-1.7451103145671635e-18,1.694475852213355e-19,134.83007108415373,-8.493290047832388e-18,7.848465095667101e-18,No,134.83007108415373,S
2020.1666666666667,4.9728810832070035e-19,1.8289124198330504e-19,-6.801793503040053e-19,-8.493290047832388e-18,7.848465095667101e-18,No,9.62964972193618e-35,S
2020.25,1.789409007690755e-18,2.0490356109576678e-19,35.39182665386684,-8.493290047832388e-18,7.848465095667101e-18,No,35.39182665386684,S
2020.3333333333335,2.1216896267206708e-18,2.2691588020822853e-19,198.87648886057391,-8.493290047832388e-18,7.848465095667101e-18,No,198.87648886057391,S
2020.4166666666667,-9.757989757847343e-19,2.489281993206902e-19,7.268707764640441e-19,-8.493290047832388e-18,7.848465095667101e-18,No,0,S
2020.5,4.519121056270315e-19,2.7094051843315196e-19,198.87648886057391,-8.493290047832388e-18,7.848465095667101e-18,No,198.87648886057391,S
2020.5833333333335,-4.032253043597074e-18,2.929528375456137e-19,3.7393002060514605e-18,-8.493290047832388e-18,7.848465095667101e-18,No,0,S
2020.6666666666667,-5.695327805182907e-18,3.1496515665807545e-19,5.3803626485248316e-18,-8.493290047832388e-18,7.848465095667101e-18,No,0,S
2020.75,1.4962405645806612e-18,3.369774757705372e-19,-1.8332180403511983e-18,-8.493290047832388e-18,7.848465095667101e-18,No,0,S
2020.8333333333335,3.754911714348495e-18,3.5898979488299893e-19,166.853279972364,-8.493290047832388e-18,7.848465095667101e-18,Yes,166.853279972364,S
2020.9166666666667,1.2498347850683839e-18,3.8100211399546063e-19,96.0696266646304,-8.493290047832388e-18,7.848465095667101e-18,Yes,96.0696266646304,S
2021,1.0872042518411504e-18,4.0301443310792237e-19,-1.4902186849490729e-18,-8.493290047832388e-18,7.848465095667101e-18,No,0,S
2021.0833333333335,-1.7451103145671635e-18,4.250267522203841e-19,1.3200835623467794e-18,-8.493290047832388e-18,7.848465095667101e-18,No,0,S
2021.1666666666667,4.9728810832070035e-19,4.470390713328458e-19,-9.443271796535463e-19,-8.493290047832388e-18,7.848465095667101e-18,No,-9.62964972193618e-35,S
2021.25,1.789409007690755e-18,4.690513904453076e-19,198.87648886057391,-8.493290047832388e-18,7.848465095667101e-18,No,198.87648886057391,S
2021.3333333333335,2.1216896267206708e-18,4.910637095577693e-19,-2.61275333627844e-18,-8.493290047832388e-18,7.848465095667101e-18,No,0,S
2021.4166666666667,-9.757989757847343e-19,5.127951853756998e-19,4.630037904090345e-19,-8.493290047832388e-18,7.848465095667101e-18,No,0,S
2021.5,4.519121056270315e-19,5.3452666119363025e-19,-9.864387668206619e-19,-8.493290047832388e-18,7.848465095667101e-18,No,-9.62964972193618e-35,S
2021.5833333333335,-4.032253043597074e-18,5.562581370115607e-19,3.475994906585513e-18,-8.493290047832388e-18,7.848465095667101e-18,No,0,S
2021.6666666666667,-5.695327805182907e-18,5.779896128294911e-19,5.117338192353416e-18,-8.493290047832388e-18,7.848465095667101e-18,No,0,S
2021.75,1.4962405645806612e-18,5.997210886474216e-19,64.04641777642024,-8.493290047832388e-18,7.848465095667101e-18,No,64.04641777642024,S
2021.8333333333335,3.754911714348495e-18,6.214525644653521e-19,-4.376364278813847e-18,-8.493290047832388e-18,7.848465095667101e-18,No,0,S
2021.9166666666667,1.2498347850683839e-18,6.4318404028328255e-19,-1.8930188253516666e-18,-8.493290047832388e-18,7.848465095667101e-18,No,-1.925929944387236e-34,S
2022,1.0872042518411504e-18,6.64915516101213e-19,-1.7521197679423633e-18,-8.493290047832388e-18,7.848465095667101e-18,No,1.925929944387236e-34,S
2022.0833333333335,-1.7451103145671635e-18,6.866469919191435e-19,1.05846332264802e-18,-8.493290047832388e-18,7.848465095667101e-18,No,0,S
2022.1666666666667,4.9728810832070035e-19,7.083784677370739e-19,-1.2056665760577742e-18,-8.493290047832388e-18,7.848465095667101e-18,No,0,S
2022.25,1.789409007690755e-18,7.301099435550044e-19,-2.5195189512457594e-18,-8.493290047832388e-18,7.848465095667101e-18,No,0,S
2022.3333333333335,2.1216896267206708e-18,7.518414193729348e-19,99.43824443028709,-8.493290047832388e-18,7.848465095667101e-18,No,99.43824443028709,S
2022.4166666666667,-9.757989757847343e-19,7.735728951908653e-19,2.0222608059386893e-19,-8.493290047832388e-18,7.848465095667101e-18,No,0,S
2022.5,4.519121056270315e-19,7.953043710087958e-19,134.83007108415373,-8.493290047832388e-18,7.848465095667101e-18,No,134.83007108415373,S
2022.5833333333335,-4.032253043597074e-18,8.180181497147523e-19,3.2142348938823217e-18,-8.493290047832388e-18,7.848465095667101e-18,No,0,S
2022.6666666666667,-5.695327805182907e-18,8.407319284207087e-19,4.854595876762199e-18,-8.493290047832388e-18,7.848465095667101e-18,No,0,S
2022.75,1.4962405645806612e-18,8.634457071266651e-19,35.39182665386684,-8.493290047832388e-18,7.848465095667101e-18,No,35.39182665386684,S
2022.8333333333335,3.754911714348495e-18,8.861594858326216e-19,64.04641777642024,-8.493290047832388e-18,7.848465095667101e-18,No,64.04641777642024,S
2022.9166666666667,1.2498347850683839e-18,9.08873264538578e-19,198.87648886057391,-8.493290047832388e-18,7.848465095667101e-18,No,198.87648886057391,S
2023,1.0872042518411504e-18,9.315870432445345e-19,-2.018791295085685e-18,-8.493290047832388e-18,7.848465095667101e-18,No,0,S
2023.0833333333335,-1.7451103145671635e-18,9.54300821950491e-19,7.908094926166726e-19,-8.493290047832388e-18,7.848465095667101e-18,No,0,S
2023.1666666666667,4.9728810832070035e-19,9.770146006564474e-19,230.89969774878404,-8.493290047832388e-18,7.848465095667101e-18,Yes,230.89969774878404,S
2023.25,1.789409007690755e-18,9.997283793624039e-19,163.4846622067073,-8.493290047832388e-18,7.848465095667101e-18,No,163.4846622067073,S
2023.3333333333335,2.1216896267206708e-18,1.0224421580683601e-18,35.39182665386666,-8.493290047832388e-18,7.848465095667101e-18,No,35.39182665386666,S
2023.4166666666667,-9.757989757847343e-19,1.0451559367743166e-18,230.89969774878412,-8.493290047832388e-18,7.848465095667101e-18,No,230.89969774878412,S
2023.5,4.519121056270315e-19,1.067869715480273e-18,35.39182665386666,-8.493290047832388e-18,7.848465095667101e-18,No,35.39182665386666,S
2023.5833333333335,-4.032253043597074e-18,1.0905834941862295e-18,2.941669549410844e-18,-8.493290047832388e-18,7.848465095667101e-18,No,0,S
2023.6666666666667,-5.695327805182907e-18,1.113297272892186e-18,4.582030532290721e-18,-8.493290047832388e-18,7.848465095667101e-18,No,0,S
2023.75,1.4962405645806612e-18,1.136642153750419e-18,198.87648886057391,-8.493290047832388e-18,7.848465095667101e-18,No,198.87648886057391,S
2023.8333333333335,3.754911714348495e-18,1.159987034608652e-18,32.023208888210064,-8.493290047832388e-18,7.848465095667101e-18,No,32.023208888210064,S
2023.9166666666667,1.2498347850683839e-18,1.183331915466885e-18,166.85327997236388,-8.493290047832388e-18,7.848465095667101e-18,No,166.85327997236388,S
2024,1.0872042518411504e-18,1.206676796325118e-18,70.7836533077335,-8.493290047832388e-18,7.848465095667101e-18,No,70.7836533077335,S
2024.0833333333335,-1.7451103145671635e-18,1.230021677183351e-18,5.150886373838126e-19,-8.493290047832388e-18,7.848465095667101e-18,No,0,S
2024.1666666666667,4.9728810832070035e-19,1.253366558041584e-18,-1.7506546663622844e-18,-8.493290047832388e-18,7.848465095667101e-18,No,-9.62964972193618e-35,S
2024.25,1.789409007690755e-18,1.276711438899817e-18,198.87648886057391,-8.493290047832388e-18,7.848465095667101e-18,No,198.87648886057391,S
2024.3333333333335,2.1216896267206708e-18,1.30005631975805e-18,-3.4217459464787207e-18,-8.493290047832388e-18,7.848465095667101e-18,No,0,S
2024.4166666666667,-9.757989757847343e-19,1.323401200616283e-18,-3.4760222483154867e-19,-8.493290047832388e-18,7.848465095667101e-18,No,0,S
2024.5,4.519121056270315e-19,1.346746081474516e-18,-1.7986581871015472e-18,-8.493290047832388e-18,7.848465095667101e-18,No,1.925929944387236e-34,S
2024.5833333333335,-4.032253043597074e-18,1.370090962332749e-18,2.6621620812643248e-18,-8.493290047832388e-18,7.848465095667101e-18,No,0,S
2024.6666666666667,-5.695327805182907e-18,1.3934358431909819e-18,4.301891961991925e-18,-8.493290047832388e-18,7.848465095667101e-18,No,0,S
2024.75,1.4962405645806612e-18,1.4167807240492149e-18,-2.913021288629876e-18,-8.493290047832388e-18,7.848465095667101e-18,No,1.925929944387236e-34,S
2024.8333333333335,3.754911714348495e-18,1.4401256049074479e-18,163.48466220670713,-8.493290047832388e-18,7.848465095667101e-18,No,163.48466220670713,S
2024.9166666666667,1.2498347850683839e-18,1.4631065869495373e-18,35.39182665386684,-8.493290047832388e-18,7.848465095667101e-18,No,35.39182665386684,S
2025,1.0872042518411504e-18,1.4860875689916268e-18,67.41503554207696,-8.493290047832388e-18,7.848465095667101e-18,No,67.41503554207696,S
2025.0833333333335,-1.7451103145671635e-18,1.5090685510337162e-18,2.360417635334473e-19,-8.493290047832388e-18,7.848465095667101e-18,No,0,S
2025.1666666666667,4.9728810832070035e-19,1.5320495330758058e-18,128.09283555284048,-8.493290047832388e-18,7.848465095667101e-18,No,128.09283555284048,S
2025.25,1.789409007690755e-18,1.5550305151178952e-18,-3.34443952280865e-18,-8.493290047832388e-18,7.848465095667101e-18,No,0,S
2025.3333333333335,2.1216896267206708e-18,1.5780114971599848e-18,35.39182665386684,-8.493290047832388e-18,7.848465095667101e-18,No,35.39182665386684,S
2025.4166666666667,-9.757989757847343e-19,1.6009924792020742e-18,166.85327997236388,-8.493290047832388e-18,7.848465095667101e-18,No,166.85327997236388,S
2025.5,4.519121056270315e-19,1.6239734612441637e-18,32.023208888210064,-8.493290047832388e-18,7.848465095667101e-18,No,32.023208888210064,S
2025.5833333333335,-4.032253043597074e-18,1.6469544432862531e-18,198.87648886057391,-8.493290047832388e-18,7.848465095667101e-18,No,198.87648886057391,S
2025.6666666666667,-5.695327805182907e-18,1.6699354253283427e-18,4.025392379854564e-18,-8.493290047832388e-18,7.848465095667101e-18,No,0,S
2025.75,1.4962405645806612e-18,1.692916407370432e-18,198.87648886057391,-8.493290047832388e-18,7.848465095667101e-18,No,198.87648886057391,S
2025.8333333333335,3.754911714348495e-18,1.7158973894125217e-18,35.39182665386684,-8.493290047832388e-18,7.848465095667101e-18,No,35.39182665386684,S
2025.9166666666667,1.2498347850683839e-18,1.738878371454611e-18,-2.988713156522995e-18,-8.493290047832388e-18,7.848465095667101e-18,No,-1.925929944387236e-34,S
