x,seasonal,trend,remainder,remainder_l1,remainder_l2,anomaly,observed,Zone
1981.6666666666667,0.09886717355253147,6.1017383011004585,-0.20060547465299017,-10.416176965729257,9.641371442379768,No,6,NW
1981.75,-0.08677541729459086,6.110116866644265,-0.023341449349674193,-10.416176965729257,9.641371442379768,No,6,NW
1981.8333333333335,0.2615596680366332,6.118495432188071,-0.38005510022470457,-10.416176965729257,9.641371442379768,No,6,NW
1981.9166666666667,0.224599863445235,6.126873997731878,-0.3514738611771131,-10.416176965729257,9.641371442379768,No,6,NW
1982,0.32582853493900343,6.135252563275685,-0.4610810982146889,-10.416176965729257,9.641371442379768,No,6,NW
1982.0833333333335,0.06398174141734779,6.143631128819492,-0.20761287023684005,-10.416176965729257,9.641371442379768,No,6,NW
1982.1666666666667,-0.3925727071666091,6.152009694363298,0.04056301280331098,-10.416176965729257,9.641371442379768,No,5.8,NW
1982.25,-0.12443686476642729,6.160388259907105,-0.4359513951406777,-10.416176965729257,9.641371442379768,No,5.6,NW
1982.3333333333335,0.07850234221017592,6.168766825450912,-0.8472691676610875,-10.416176965729257,9.641371442379768,No,5.4,NW
1982.4166666666667,0.25236632640023704,6.177145390994718,-1.2295117173949546,-10.416176965729257,9.641371442379768,No,5.2,NW
1982.5,0.022190711464431898,6.185523956538525,-1.2077146680029562,-10.416176965729257,9.641371442379768,No,5,NW
1982.5833333333335,-0.7241113801485833,6.193902522082332,-0.24360066574327188,-10.416176965729257,9.641371442379768,No,5.226190476190476,NW
1982.6666666666667,0.09886717355253147,6.2022810876261385,-0.8487673087977177,-10.416176965729257,9.641371442379768,No,5.4523809523809526,NW
1982.75,-0.08677541729459086,6.2106596531699445,-0.44531280730392453,-10.416176965729257,9.641371442379768,No,5.678571428571429,NW
1982.8333333333335,0.2615596680366332,6.219038218713751,-0.5758359819884795,-10.416176965729257,9.641371442379768,No,5.904761904761905,NW
1982.9166666666667,0.224599863445235,6.2288559094155245,-0.32250339190837796,-10.416176965729257,9.641371442379768,No,6.130952380952381,NW
1983,0.32582853493900343,6.238673600117298,-0.20735927791344455,-10.416176965729257,9.641371442379768,No,6.357142857142858,NW
1983.0833333333335,0.06398174141734779,6.2484912908190715,0.2708603010969144,-10.416176965729257,9.641371442379768,No,6.583333333333334,NW
1983.1666666666667,-0.3925727071666091,6.2583089815208455,0.943787535169573,-10.416176965729257,9.641371442379768,No,6.809523809523809,NW
1983.25,-0.12443686476642729,6.2681266722226185,0.8920244782580946,-10.416176965729257,9.641371442379768,No,7.035714285714286,NW
1983.3333333333335,0.07850234221017592,6.2779443629243925,0.9054580567701933,-10.416176965729257,9.641371442379768,No,7.261904761904762,NW
1983.4166666666667,0.25236632640023704,6.287762053626166,0.9479668580688356,-10.416176965729257,9.641371442379768,No,7.488095238095238,NW
1983.5,0.022190711464431898,6.297579744327939,1.3945152584933442,-10.416176965729257,9.641371442379768,No,7.714285714285714,NW
1983.5833333333335,-0.7241113801485833,6.307397435029713,1.9167139451188708,-10.416176965729257,9.641371442379768,No,7.5,NW
1983.6666666666667,0.09886717355253147,6.317215125731486,2.7996039752257866,-10.416176965729257,9.641371442379768,No,9.215686274509803,NW
1983.75,-0.08677541729459086,6.32703281643326,4.69111514988094,-10.416176965729257,9.641371442379768,No,10.931372549019608,NW
1983.8333333333335,0.2615596680366332,6.336850507135033,6.048648648357744,-10.416176965729257,9.641371442379768,No,12.64705882352941,NW
1983.9166666666667,0.224599863445235,6.346668197836807,-1.5712680612820416,-10.416176965729257,9.641371442379768,No,5,NW
1984,0.32582853493900343,6.35648588853858,-1.2894572806204403,-10.416176965729257,9.641371442379768,No,5.392857142857143,NW
1984.0833333333335,0.06398174141734779,6.36938735856275,-0.6476548142658123,-10.416176965729257,9.641371442379768,No,5.785714285714286,NW
1984.1666666666667,-0.3925727071666091,6.38228882858692,0.1888553071511181,-10.416176965729257,9.641371442379768,No,6.178571428571429,NW
1984.25,-0.12443686476642729,6.39519029861109,0.30067513758390874,-10.416176965729257,9.641371442379768,No,6.571428571428571,NW
1984.3333333333335,0.07850234221017592,6.408091768635259,0.47769160344027917,-10.416176965729257,9.641371442379768,No,6.964285714285714,NW
1984.4166666666667,0.25236632640023704,6.420993238659429,0.6837832920831906,-10.416176965729257,9.641371442379768,No,7.357142857142857,NW
1984.5,0.022190711464431898,6.433894708683599,1.2939145798519691,-10.416176965729257,9.641371442379768,No,7.75,NW
1984.5833333333335,-0.7241113801485833,6.4467961787077694,1.8259263125519247,-10.416176965729257,9.641371442379768,No,7.548611111111111,NW
1984.6666666666667,0.09886717355253147,6.4596976487319395,0.7886573999377511,-10.416176965729257,9.641371442379768,No,7.347222222222222,NW
1984.75,-0.08677541729459086,6.47259911875611,0.7600096318718146,-10.416176965729257,9.641371442379768,No,7.145833333333333,NW
1984.8333333333335,0.2615596680366332,6.48550058878028,0.19738418762753174,-10.416176965729257,9.641371442379768,No,6.944444444444445,NW
1984.9166666666667,0.224599863445235,6.498402058804449,0.02005363330587162,-10.416176965729257,9.641371442379768,No,6.743055555555555,NW
1985,0.32582853493900343,6.511303528828619,-0.29546539710095665,-10.416176965729257,9.641371442379768,No,6.541666666666666,NW
1985.0833333333335,0.06398174141734779,6.524204998852789,-0.24790896249235939,-10.416176965729257,9.641371442379768,No,6.340277777777778,NW
1985.1666666666667,-0.3925727071666091,6.537106468876959,-0.005644872821461533,-10.416176965729257,9.641371442379768,No,6.138888888888888,NW
1985.25,-0.12443686476642729,6.553368343924873,-0.49143147915844576,-10.416176965729257,9.641371442379768,No,5.9375,NW
1985.3333333333335,0.07850234221017592,6.569630218972788,-0.9120214500718538,-10.416176965729257,9.641371442379768,No,5.736111111111111,NW
1985.4166666666667,0.25236632640023704,6.585892094020703,-1.3035361981987172,-10.416176965729257,9.641371442379768,No,5.534722222222222,NW
1985.5,0.022190711464431898,6.602153969068618,-1.2910113471997162,-10.416176965729257,9.641371442379768,No,5.333333333333333,NW
1985.5833333333335,-0.7241113801485833,6.618415844116532,-0.4022409719044564,-10.416176965729257,9.641371442379768,No,5.492063492063492,NW
1985.6666666666667,0.09886717355253147,6.634677719164447,-1.0827512419233285,-10.416176965729257,9.641371442379768,No,5.65079365079365,NW
1985.75,-0.08677541729459086,6.650939594212361,-0.7546403673939608,-10.416176965729257,9.641371442379768,No,5.809523809523809,NW
1985.8333333333335,0.2615596680366332,6.6672014692602755,-0.9605071690429403,-10.416176965729257,9.641371442379768,No,5.968253968253968,NW
1985.9166666666667,0.224599863445235,6.683463344308191,-0.7810790807692989,-10.416176965729257,9.641371442379768,No,6.1269841269841265,NW
1986,0.32582853493900343,6.699725219356105,-0.739839468580823,-10.416176965729257,9.641371442379768,No,6.285714285714286,NW
1986.0833333333335,0.06398174141734779,6.71598709440402,-0.33552439137692325,-10.416176965729257,9.641371442379768,No,6.444444444444445,NW
1986.1666666666667,-0.3925727071666091,6.732248969451934,0.2634983408892779,-10.416176965729257,9.641371442379768,No,6.603174603174603,NW
1986.25,-0.12443686476642729,6.748510844499849,0.13783078217134026,-10.416176965729257,9.641371442379768,No,6.761904761904762,NW
1986.3333333333335,0.07850234221017592,6.764772719547763,0.0773598588769806,-10.416176965729257,9.641371442379768,No,6.92063492063492,NW
1986.4166666666667,0.25236632640023704,6.789910854689033,0.03708789827580894,-10.416176965729257,9.641371442379768,No,7.079365079365079,NW
1986.5,0.022190711464431898,6.815048989830302,0.40085553680050445,-10.416176965729257,9.641371442379768,No,7.238095238095238,NW
1986.5833333333335,-0.7241113801485833,6.840187124971572,1.2807496520024069,-10.416176965729257,9.641371442379768,No,7.396825396825395,NW
1986.6666666666667,0.09886717355253147,6.865325260112842,0.5913631218901818,-10.416176965729257,9.641371442379768,No,7.555555555555555,NW
1986.75,-0.08677541729459086,6.890463395254112,0.4926083183367753,-10.416176965729257,9.641371442379768,No,7.296296296296296,NW
1986.8333333333335,0.2615596680366332,6.915601530395381,-0.14012416139497663,-10.416176965729257,9.641371442379768,No,7.037037037037037,NW
1986.9166666666667,0.224599863445235,6.9407396655366504,-0.38756175120410763,-10.416176965729257,9.641371442379768,No,6.777777777777778,NW
1987,0.32582853493900343,6.96587780067792,-0.7731878170984059,-10.416176965729257,9.641371442379768,No,6.518518518518518,NW
1987.0833333333335,0.06398174141734779,6.991015935819189,-0.7957384179772777,-10.416176965729257,9.641371442379768,No,6.2592592592592595,NW
1987.1666666666667,-0.3925727071666091,7.016154070960459,-0.6235813637938499,-10.416176965729257,9.641371442379768,No,6,NW
1987.25,-0.12443686476642729,7.041292206101729,-1.0501886746686342,-10.416176965729257,9.641371442379768,No,5.866666666666667,NW
1987.3333333333335,0.07850234221017592,7.066430341242999,-1.4115993501198414,-10.416176965729257,9.641371442379768,No,5.733333333333333,NW
1987.4166666666667,0.25236632640023704,7.091568476384268,-1.743934802784505,-10.416176965729257,9.641371442379768,No,5.6,NW
1987.5,0.022190711464431898,7.1167066115255375,-1.6722306563233023,-10.416176965729257,9.641371442379768,No,5.466666666666667,NW
1987.5833333333335,-0.7241113801485833,7.170281981119579,-1.112837267637662,-10.416176965729257,9.641371442379768,No,5.333333333333333,NW
1987.6666666666667,0.09886717355253147,7.223857350713621,-2.122724524266152,-10.416176965729257,9.641371442379768,No,5.2,NW
1987.75,-0.08677541729459086,7.277432720307662,-1.9962128585686258,-10.416176965729257,9.641371442379768,No,5.194444444444445,NW
1987.8333333333335,0.2615596680366332,7.331008089901703,-2.403678869049447,-10.416176965729257,9.641371442379768,No,5.188888888888889,NW
1987.9166666666667,0.224599863445235,7.384583459495744,-2.425849989607645,-10.416176965729257,9.641371442379768,No,5.183333333333334,NW
1988,0.32582853493900343,7.438158829089786,-2.5862095862510115,-10.416176965729257,9.641371442379768,No,5.177777777777778,NW
1988.0833333333335,0.06398174141734779,7.491734198683827,-2.3834937178789524,-10.416176965729257,9.641371442379768,No,5.1722222222222225,NW
1988.1666666666667,-0.3925727071666091,7.545309568277868,-1.9860701944445918,-10.416176965729257,9.641371442379768,No,5.166666666666667,NW
1988.25,-0.12443686476642729,7.59888493787191,-2.3633369619943707,-10.416176965729257,9.641371442379768,No,5.111111111111112,NW
1988.3333333333335,0.07850234221017592,7.652460307465951,-2.6754070941205716,-10.416176965729257,9.641371442379768,No,5.055555555555555,NW
1988.4166666666667,0.25236632640023704,7.706035677059992,-2.958402003460229,-10.416176965729257,9.641371442379768,No,5,NW
1988.5,0.022190711464431898,7.759611046654033,-2.7818017581184646,-10.416176965729257,9.641371442379768,No,5,NW
1988.5833333333335,-0.7241113801485833,7.813186416248075,-0.8057417027661584,-10.416176965729257,9.641371442379768,No,6.283333333333333,NW
1988.6666666666667,0.09886717355253147,7.866761785842116,-0.39896229272798145,-10.416176965729257,9.641371442379768,No,7.566666666666666,NW
1988.75,-0.08677541729459086,7.894344182715433,1.0424312345791575,-10.416176965729257,9.641371442379768,No,8.85,NW
1988.8333333333335,0.2615596680366332,7.921926579588751,1.9498470857079493,-10.416176965729257,9.641371442379768,No,10.133333333333333,NW
1988.9166666666667,0.224599863445235,7.949508976462068,-0.6074421732406368,-10.416176965729257,9.641371442379768,No,7.566666666666666,NW
1989,0.32582853493900343,7.977091373335385,-3.302919908274389,-10.416176965729257,9.641371442379768,No,5,NW
1989.0833333333335,0.06398174141734779,8.004673770208703,-1.7353221782927175,-10.416176965729257,9.641371442379768,No,6.333333333333333,NW
1989.1666666666667,-0.3925727071666091,8.032256167082021,-1.6396834599154122,-10.416176965729257,9.641371442379768,No,6,NW
1989.25,-0.12443686476642729,8.059838563955338,-0.518735032522244,-10.416176965729257,9.641371442379768,No,7.416666666666667,NW
1989.3333333333335,0.07850234221017592,8.087420960828656,0.6674100302945032,-10.416176965729257,9.641371442379768,No,8.833333333333334,NW
1989.4166666666667,0.25236632640023704,8.115003357701973,-2.26736968410221,-10.416176965729257,9.641371442379768,No,6.1,NW
1989.5,0.022190711464431898,8.14258575457529,23.93522353396028,-10.416176965729257,9.641371442379768,Yes,32.1,NW
1989.5833333333335,-0.7241113801485833,8.170168151448607,13.113943228699974,-10.416176965729257,9.641371442379768,Yes,20.56,NW
1989.6666666666667,0.09886717355253147,8.197750548321926,4.983382278125543,-10.416176965729257,9.641371442379768,No,13.28,NW
1989.75,-0.08677541729459086,8.225332945195243,-2.1385575279006517,-10.416176965729257,9.641371442379768,No,6,NW
1989.8333333333335,0.2615596680366332,8.25291534206856,-0.04079079957887721,-10.416176965729257,9.641371442379768,No,8.473684210526315,NW
1989.9166666666667,0.224599863445235,8.260659985214726,2.462108572392671,-10.416176965729257,9.641371442379768,No,10.947368421052632,NW
1990,0.32582853493900343,8.268404628360893,4.876355071994222,-10.416176965729257,9.641371442379768,No,13.470588235294118,NW
1990.0833333333335,0.06398174141734779,8.276149271507059,5.499868987075594,-10.416176965729257,9.641371442379768,No,13.84,NW
1990.1666666666667,-0.3925727071666091,8.283893914653225,0.02172227077425326,-10.416176965729257,9.641371442379768,No,7.913043478260869,NW
1990.25,-0.12443686476642729,8.291638557799391,0.42568368246110566,-10.416176965729257,9.641371442379768,No,8.59288537549407,NW
1990.3333333333335,0.07850234221017592,8.299383200945558,0.8948417295715387,-10.416176965729257,9.641371442379768,No,9.272727272727272,NW
1990.4166666666667,0.25236632640023704,8.307127844091724,3.6223240113262207,-10.416176965729257,9.641371442379768,No,12.181818181818182,NW
1990.5,0.022190711464431898,8.31487248723789,6.753845892206769,-10.416176965729257,9.641371442379768,No,15.090909090909092,NW
1990.5833333333335,-0.7241113801485833,8.322617130384057,-0.5075966593263823,-10.416176965729257,9.641371442379768,No,7.090909090909091,NW
1990.6666666666667,0.09886717355253147,8.330361773530223,0.13029486244105648,-10.416176965729257,9.641371442379768,No,8.55952380952381,NW
1990.75,-0.08677541729459086,8.33810641667639,1.7768075287567306,-10.416176965729257,9.641371442379768,No,10.028138528138529,NW
1990.8333333333335,0.2615596680366332,8.345851059822555,2.8893425188940594,-10.416176965729257,9.641371442379768,No,11.496753246753247,NW
1990.9166666666667,0.224599863445235,8.353595702968722,4.387172398954009,-10.416176965729257,9.641371442379768,No,12.965367965367966,NW
1991,0.32582853493900343,8.361340346114888,5.746813802928795,-10.416176965729257,9.641371442379768,No,14.433982683982686,NW
1991.0833333333335,0.06398174141734779,8.369399137891953,7.469216523288104,-10.416176965729257,9.641371442379768,No,15.902597402597404,NW
1991.1666666666667,-0.3925727071666091,8.377457929669019,9.386326898709713,-10.416176965729257,9.641371442379768,No,17.371212121212125,NW
1991.25,-0.12443686476642729,8.385516721446082,10.578746983147186,-10.416176965729257,9.641371442379768,Yes,18.83982683982684,NW
1991.3333333333335,0.07850234221017592,8.393575513223148,11.836363703008235,-10.416176965729257,9.641371442379768,Yes,20.308441558441558,NW
1991.4166666666667,0.25236632640023704,8.401634305000213,13.123055645655826,-10.416176965729257,9.641371442379768,Yes,21.77705627705628,NW
1991.5,0.022190711464431898,8.409693096777278,14.813787187429284,-10.416176965729257,9.641371442379768,Yes,23.245670995670995,NW
1991.5833333333335,-0.7241113801485833,8.417751888554344,17.02064520587995,-10.416176965729257,9.641371442379768,Yes,24.71428571428571,NW
1991.6666666666667,0.09886717355253147,8.425810680331407,7.808655479449394,-10.416176965729257,9.641371442379768,No,16.333333333333332,NW
1991.75,-0.08677541729459086,8.433869472108473,7.378396141264549,-10.416176965729257,9.641371442379768,No,15.72549019607843,NW
1991.8333333333335,0.2615596680366332,8.441928263885538,6.4141591269013585,-10.416176965729257,9.641371442379768,No,15.117647058823529,NW
1991.9166666666667,0.224599863445235,8.449987055662604,5.835217002460787,-10.416176965729257,9.641371442379768,No,14.509803921568626,NW
1992,0.32582853493900343,8.458045847439667,5.118086401935054,-10.416176965729257,9.641371442379768,No,13.901960784313724,NW
1992.0833333333335,0.06398174141734779,8.466104639216733,4.764031266424743,-10.416176965729257,9.641371442379768,No,13.294117647058822,NW
1992.1666666666667,-0.3925727071666091,8.474163430993798,4.604683785976732,-10.416176965729257,9.641371442379768,No,12.686274509803921,NW
1992.25,-0.12443686476642729,8.462803218444812,3.7400650188706344,-10.416176965729257,9.641371442379768,No,12.07843137254902,NW
1992.3333333333335,0.07850234221017592,8.451443005895824,2.940642887188119,-10.416176965729257,9.641371442379768,No,11.470588235294118,NW
1992.4166666666667,0.25236632640023704,8.440082793346836,2.170295978292142,-10.416176965729257,9.641371442379768,No,10.862745098039214,NW
1992.5,0.022190711464431898,8.42872258079785,1.803988668522031,-10.416176965729257,9.641371442379768,No,10.254901960784313,NW
1992.5833333333335,-0.7241113801485833,8.417362368248863,1.9538078354291315,-10.416176965729257,9.641371442379768,No,9.647058823529411,NW
1992.6666666666667,0.09886717355253147,8.406002155699875,0.5343463570221036,-10.416176965729257,9.641371442379768,No,9.03921568627451,NW
1992.75,-0.08677541729459086,8.394641943150887,0.12350602316331205,-10.416176965729257,9.641371442379768,No,8.431372549019608,NW
1992.8333333333335,0.2615596680366332,8.383281730601901,-0.8213119868738277,-10.416176965729257,9.641371442379768,No,7.8235294117647065,NW
1992.9166666666667,0.224599863445235,8.371921518052915,-1.3808351069883456,-10.416176965729257,9.641371442379768,No,7.215686274509804,NW
1993,0.32582853493900343,8.360561305503927,-2.078546703188028,-10.416176965729257,9.641371442379768,No,6.6078431372549025,NW
1993.0833333333335,0.06398174141734779,8.349201092954939,-2.4131828343722868,-10.416176965729257,9.641371442379768,No,6,NW
1993.1666666666667,-0.3925727071666091,8.337840880405953,-2.0166967446679145,-10.416176965729257,9.641371442379768,No,5.928571428571429,NW
1993.25,-0.12443686476642729,8.326480667856966,-2.344900945947681,-10.416176965729257,9.641371442379768,No,5.857142857142858,NW
1993.3333333333335,0.07850234221017592,8.315120455307978,-2.6079085118038687,-10.416176965729257,9.641371442379768,No,5.785714285714286,NW
1993.4166666666667,0.25236632640023704,8.288463658851189,-2.8265442709657114,-10.416176965729257,9.641371442379768,No,5.714285714285714,NW
1993.5,0.022190711464431898,8.261806862394401,-2.5750690024302614,-10.416176965729257,9.641371442379768,No,5.708928571428571,NW
1993.5833333333335,-0.7241113801485833,8.235150065937614,-1.807467257217601,-10.416176965729257,9.641371442379768,No,5.703571428571429,NW
1993.6666666666667,0.09886717355253147,8.208493269480824,-2.6091461573190697,-10.416176965729257,9.641371442379768,No,5.698214285714286,NW
1993.75,-0.08677541729459086,8.181836473024035,-2.4022039128723005,-10.416176965729257,9.641371442379768,No,5.692857142857143,NW
1993.8333333333335,0.2615596680366332,8.155179676567247,-2.7292393446038803,-10.416176965729257,9.641371442379768,No,5.6875,NW
1993.9166666666667,0.224599863445235,8.12852288011046,-2.6709798864128373,-10.416176965729257,9.641371442379768,No,5.682142857142857,NW
1994,0.32582853493900343,8.10186608365367,-2.750908904306959,-10.416176965729257,9.641371442379768,No,5.676785714285715,NW
1994.0833333333335,0.06398174141734779,8.07520928719688,-2.467762457185657,-10.416176965729257,9.641371442379768,No,5.671428571428572,NW
1994.1666666666667,-0.3925727071666091,8.048552490740093,-1.989908355002055,-10.416176965729257,9.641371442379768,No,5.666071428571429,NW
1994.25,-0.12443686476642729,8.021895694283305,-2.236744543802592,-10.416176965729257,9.641371442379768,No,5.660714285714286,NW
1994.3333333333335,0.07850234221017592,7.995238897826516,-2.4183840971795485,-10.416176965729257,9.641371442379768,No,5.655357142857143,NW
1994.4166666666667,0.25236632640023704,7.968582101369727,-2.570948427769964,-10.416176965729257,9.641371442379768,No,5.65,NW
1994.5,0.022190711464431898,7.941925304912939,-2.9641160163773703,-10.416176965729257,9.641371442379768,No,5,NW
1994.5833333333335,-0.7241113801485833,7.931763436464683,-1.0076520563160996,-10.416176965729257,9.641371442379768,No,6.2,NW
1994.6666666666667,0.09886717355253147,7.921601568016427,-0.620468741568958,-10.416176965729257,9.641371442379768,No,7.4,NW
1994.75,-0.08677541729459086,7.911439699568171,0.7753357177264197,-10.416176965729257,9.641371442379768,No,8.6,NW
1994.8333333333335,0.2615596680366332,7.901277831119915,1.637162500843453,-10.416176965729257,9.641371442379768,No,9.8,NW
1994.9166666666667,0.224599863445235,7.89111596267166,2.8842841738831053,-10.416176965729257,9.641371442379768,No,11,NW
1995,0.32582853493900343,7.880954094223403,-3.206782629162407,-10.416176965729257,9.641371442379768,No,5,NW
1995.0833333333335,0.06398174141734779,7.870792225775148,-2.9347739671924957,-10.416176965729257,9.641371442379768,No,5,NW
1995.1666666666667,-0.3925727071666091,7.860630357326892,-2.468057650160283,-10.416176965729257,9.641371442379768,No,5,NW
1995.25,-0.12443686476642729,7.850468488878636,0.16396837588779167,-10.416176965729257,9.641371442379768,No,7.89,NW
1995.3333333333335,0.07850234221017592,7.84030662043038,2.8611910373594442,-10.416176965729257,9.641371442379768,No,10.78,NW
1995.4166666666667,0.25236632640023704,7.830144751982124,5.587488921617637,-10.416176965729257,9.641371442379768,No,13.669999999999998,NW
1995.5,0.022190711464431898,7.819982883533869,8.717826405001698,-10.416176965729257,9.641371442379768,No,16.56,NW
1995.5833333333335,-0.7241113801485833,7.809821015085612,-2.0857096349370288,-10.416176965729257,9.641371442379768,No,5,NW
1995.6666666666667,0.09886717355253147,7.799659146637357,-2.3707485424121106,-10.416176965729257,9.641371442379768,No,5.527777777777778,NW
1995.75,-0.08677541729459086,7.789224837248489,-1.6468938643983426,-10.416176965729257,9.641371442379768,No,6.055555555555555,NW
1995.8333333333335,0.2615596680366332,7.778790527859622,-1.4570168625629218,-10.416176965729257,9.641371442379768,No,6.583333333333333,NW
1995.9166666666667,0.224599863445235,7.768356218470754,15.132043918084012,-10.416176965729257,9.641371442379768,Yes,23.125,NW
1996,0.32582853493900343,7.757921909081887,-1.8837504440208903,-10.416176965729257,9.641371442379768,No,6.2,NW
1996.0833333333335,0.06398174141734779,7.747487599693019,0.18853065888963272,-10.416176965729257,9.641371442379768,No,8,NW
1996.1666666666667,-0.3925727071666091,7.737053290304152,-0.8444805831375426,-10.416176965729257,9.641371442379768,No,6.5,NW
1996.25,-0.12443686476642729,7.726618980915285,-2.6021821161488576,-10.416176965729257,9.641371442379768,No,5,NW
1996.3333333333335,0.07850234221017592,7.716184671526418,3.809312986263408,-10.416176965729257,9.641371442379768,No,11.604000000000001,NW
1996.4166666666667,0.25236632640023704,7.70575036213755,10.249883311462213,-10.416176965729257,9.641371442379768,Yes,18.208000000000002,NW
1996.5,0.022190711464431898,7.695316052748683,17.094493235786885,-10.416176965729257,9.641371442379768,Yes,24.812,NW
1996.5833333333335,-0.7241113801485833,7.684881743359815,24.455229636788772,-10.416176965729257,9.641371442379768,Yes,31.416000000000007,NW
1996.6666666666667,0.09886717355253147,7.674447433970948,30.246685392476522,-10.416176965729257,9.641371442379768,Yes,38.02,NW
1996.75,-0.08677541729459086,7.66401312458208,37.046762292712515,-10.416176965729257,9.641371442379768,Yes,44.62400000000001,NW
1996.8333333333335,0.2615596680366332,7.653578815193213,43.312861516770155,-10.416176965729257,9.641371442379768,Yes,51.228,NW
1996.9166666666667,0.224599863445235,7.654288360042159,49.953111776512614,-10.416176965729257,9.641371442379768,Yes,57.83200000000001,NW
1997,0.32582853493900343,7.654997904891105,56.4551735601699,-10.416176965729257,9.641371442379768,Yes,64.436,NW
1997.0833333333335,0.06398174141734779,7.655707449740051,63.320310808842606,-10.416176965729257,9.641371442379768,Yes,71.04,NW
1997.1666666666667,-0.3925727071666091,7.656416994588997,49.29171126813317,-10.416176965729257,9.641371442379768,Yes,56.55555555555556,NW
1997.25,-0.12443686476642729,7.657126539437943,1.4673103253284836,-10.416176965729257,9.641371442379768,No,9,NW
1997.3333333333335,0.07850234221017592,7.657836084286889,5.59699490683627,-10.416176965729257,9.641371442379768,No,13.333333333333334,NW
1997.4166666666667,0.25236632640023704,7.658545629135835,-2.223411955536072,-10.416176965729257,9.641371442379768,No,5.6875,NW
1997.5,0.022190711464431898,7.65925517398478,-1.8376958854492118,-10.416176965729257,9.641371442379768,No,5.84375,NW
1997.5833333333335,-0.7241113801485833,7.659964718833726,-0.9358533386851429,-10.416176965729257,9.641371442379768,No,6,NW
1997.6666666666667,0.09886717355253147,7.660674263682672,-1.759541437235204,-10.416176965729257,9.641371442379768,No,6,NW
1997.75,-0.08677541729459086,7.661383808531618,-0.9820157986444347,-10.416176965729257,9.641371442379768,No,6.592592592592593,NW
1997.8333333333335,0.2615596680366332,7.662093353380564,-2.0486530214171976,-10.416176965729257,9.641371442379768,No,5.875,NW
1997.9166666666667,0.224599863445235,7.66280289822951,-0.3874027616747453,-10.416176965729257,9.641371442379768,No,7.5,NW
1998,0.32582853493900343,7.6635124430784565,3.2011352124587305,-10.416176965729257,9.641371442379768,No,11.19047619047619,NW
1998.0833333333335,0.06398174141734779,7.670568170782886,8.059567734858591,-10.416176965729257,9.641371442379768,No,15.794117647058824,NW
1998.1666666666667,-0.3925727071666091,7.677623898487315,10.31911547534596,-10.416176965729257,9.641371442379768,Yes,17.604166666666668,NW
1998.25,-0.12443686476642729,7.684679626191745,9.220312794130237,-10.416176965729257,9.641371442379768,No,16.780555555555555,NW
1998.3333333333335,0.07850234221017592,7.691735353896174,8.186706748338096,-10.416176965729257,9.641371442379768,No,15.956944444444446,NW
1998.4166666666667,0.25236632640023704,7.6987910816006035,7.182175925332494,-10.416176965729257,9.641371442379768,No,15.133333333333335,NW
1998.5,0.022190711464431898,7.705846809305033,6.581684701452758,-10.416176965729257,9.641371442379768,No,14.309722222222224,NW
1998.5833333333335,-0.7241113801485833,7.712902537009462,6.497319954250234,-10.416176965729257,9.641371442379768,No,13.486111111111112,NW
1998.6666666666667,0.09886717355253147,7.719958264713893,4.843674561733576,-10.416176965729257,9.641371442379768,No,12.6625,NW
1998.75,-0.08677541729459086,7.727013992418322,4.198650313765158,-10.416176965729257,9.641371442379768,No,11.838888888888889,NW
1998.8333333333335,0.2615596680366332,7.7340697201227515,3.0196483896183954,-10.416176965729257,9.641371442379768,No,11.01527777777778,NW
1998.9166666666667,0.224599863445235,7.741125447827181,2.2259413553942524,-10.416176965729257,9.641371442379768,No,10.191666666666668,NW
1999,0.32582853493900343,7.74818117553161,1.294045845084944,-10.416176965729257,9.641371442379768,No,9.368055555555557,NW
1999.0833333333335,0.06398174141734779,7.75523690323604,0.7252257997910592,-10.416176965729257,9.641371442379768,No,8.544444444444446,NW
1999.1666666666667,-0.3925727071666091,7.762292630940469,0.35111340955947323,-10.416176965729257,9.641371442379768,No,7.720833333333333,NW
1999.25,-0.12443686476642729,7.765235163314658,-0.7435760763260086,-10.416176965729257,9.641371442379768,No,6.897222222222222,NW
1999.3333333333335,0.07850234221017592,7.7681776956888475,-1.7730689267879125,-10.416176965729257,9.641371442379768,No,6.073611111111111,NW
1999.4166666666667,0.25236632640023704,7.771120228063037,-2.7734865544632736,-10.416176965729257,9.641371442379768,No,5.25,NW
1999.5,0.022190711464431898,7.774062760437226,2.1543279234471795,-10.416176965729257,9.641371442379768,No,9.950581395348838,NW
1999.5833333333335,-0.7241113801485833,7.777005292811415,7.598268878034842,-10.416176965729257,9.641371442379768,No,14.651162790697674,NW
1999.6666666666667,0.09886717355253147,7.779947825185604,-1.545481665404803,-10.416176965729257,9.641371442379768,No,6.333333333333333,NW
1999.75,-0.08677541729459086,7.782890357559793,-1.5044482735985358,-10.416176965729257,9.641371442379768,No,6.191666666666666,NW
1999.8333333333335,0.2615596680366332,7.7858328899339835,-1.9973925579706169,-10.416176965729257,9.641371442379768,No,6.05,NW
1999.9166666666667,0.224599863445235,7.788775422308173,-2.1050419524200743,-10.416176965729257,9.641371442379768,No,5.908333333333333,NW
2000,0.32582853493900343,7.791717954682362,-2.350879822954699,-10.416176965729257,9.641371442379768,No,5.766666666666667,NW
2000.0833333333335,0.06398174141734779,7.794660487056551,-2.233642228473899,-10.416176965729257,9.641371442379768,No,5.625,NW
2000.1666666666667,-0.3925727071666091,7.79760301943074,-1.9216969789307976,-10.416176965729257,9.641371442379768,No,5.483333333333333,NW
2000.25,-0.12443686476642729,7.800545551804929,-2.334442020371835,-10.416176965729257,9.641371442379768,No,5.341666666666667,NW
2000.3333333333335,0.07850234221017592,7.8034880841791185,-2.6819904263892944,-10.416176965729257,9.641371442379768,No,5.2,NW
2000.4166666666667,0.25236632640023704,7.810753837474568,-0.0631201638748049,-10.416176965729257,9.641371442379768,No,8,NW
2000.5,0.022190711464431898,7.818019590770018,-2.34021030223445,-10.416176965729257,9.641371442379768,No,5.5,NW
2000.5833333333335,-0.7241113801485833,7.825285344065468,-1.6636739639168843,-10.416176965729257,9.641371442379768,No,5.4375,NW
2000.6666666666667,0.09886717355253147,7.832551097360917,-2.556418270913449,-10.416176965729257,9.641371442379768,No,5.375,NW
2000.75,-0.08677541729459086,7.839816850656367,-2.4405414333617754,-10.416176965729257,9.641371442379768,No,5.3125,NW
2000.8333333333335,0.2615596680366332,7.847082603951817,-2.85864227198845,-10.416176965729257,9.641371442379768,No,5.25,NW
2000.9166666666667,0.224599863445235,7.854348357247266,-2.891448220692501,-10.416176965729257,9.641371442379768,No,5.1875,NW
2001,0.32582853493900343,7.861614110542716,-3.0624426454817195,-10.416176965729257,9.641371442379768,No,5.125,NW
2001.0833333333335,0.06398174141734779,7.868879863838166,-2.870361605255514,-10.416176965729257,9.641371442379768,No,5.0625,NW
2001.1666666666667,-0.3925727071666091,7.8761456171336155,-2.4835729099670063,-10.416176965729257,9.641371442379768,No,5,NW
2001.25,-0.12443686476642729,7.883411370429065,-2.558974505662637,-10.416176965729257,9.641371442379768,No,5.2,NW
2001.3333333333335,0.07850234221017592,7.890677123724514,-2.56917946593469,-10.416176965729257,9.641371442379768,No,5.4,NW
2001.4166666666667,0.25236632640023704,7.897942877019965,-2.550309203420202,-10.416176965729257,9.641371442379768,No,5.6,NW
2001.5,0.022190711464431898,7.905208630315414,-2.127399341779846,-10.416176965729257,9.641371442379768,No,5.8,NW
2001.5833333333335,-0.7241113801485833,7.928389761681099,-1.2042783815325153,-10.416176965729257,9.641371442379768,No,6,NW
2001.6666666666667,0.09886717355253147,7.9515708930467826,-0.7266285427897898,-10.416176965729257,9.641371442379768,No,7.323809523809524,NW
2001.75,-0.08677541729459086,7.974752024412467,0.7596424405011728,-10.416176965729257,9.641371442379768,No,8.647619047619049,NW
2001.8333333333335,0.2615596680366332,7.997933155778152,1.7119357476137873,-10.416176965729257,9.641371442379768,No,9.971428571428572,NW
2001.9166666666667,0.224599863445235,8.021114287143837,3.0495239446490245,-10.416176965729257,9.641371442379768,No,11.295238095238096,NW
2002,0.32582853493900343,8.04429541850952,4.248923665599097,-10.416176965729257,9.641371442379768,No,12.61904761904762,NW
2002.0833333333335,0.06398174141734779,8.067476549875206,1.9685417087074466,-10.416176965729257,9.641371442379768,No,10.1,NW
2002.1666666666667,-0.3925727071666091,8.09065768124089,0.6769150259257195,-10.416176965729257,9.641371442379768,No,8.375,NW
2002.25,-0.12443686476642729,8.113838812606573,0.8230980521598532,-10.416176965729257,9.641371442379768,No,8.8125,NW
2002.3333333333335,0.07850234221017592,8.137019943972259,1.0344777138175658,-10.416176965729257,9.641371442379768,No,9.25,NW
2002.4166666666667,0.25236632640023704,8.160201075337943,1.2749325982618203,-10.416176965729257,9.641371442379768,No,9.6875,NW
2002.5,0.022190711464431898,8.183382206703627,1.919427081831941,-10.416176965729257,9.641371442379768,No,10.125,NW
2002.5833333333335,-0.7241113801485833,8.206563338069312,3.0800480420792713,-10.416176965729257,9.641371442379768,No,10.5625,NW
2002.6666666666667,0.09886717355253147,8.229744469434996,2.6713883570124732,-10.416176965729257,9.641371442379768,No,11,NW
2002.75,-0.08677541729459086,8.249433880684524,-1.350158463389933,-10.416176965729257,9.641371442379768,No,6.8125,NW
2002.8333333333335,0.2615596680366332,8.26912329193405,-2.0806829599706838,-10.416176965729257,9.641371442379768,No,6.45,NW
2002.9166666666667,0.224599863445235,8.288812703183579,-2.4259125666288135,-10.416176965729257,9.641371442379768,No,6.0875,NW
2003,0.32582853493900343,8.308502114433105,-2.9093306493721096,-10.416176965729257,9.641371442379768,No,5.725,NW
2003.0833333333335,0.06398174141734779,8.328191525682634,-3.029673267099982,-10.416176965729257,9.641371442379768,No,5.3625,NW
2003.1666666666667,-0.3925727071666091,8.34788093693216,-2.955308229765551,-10.416176965729257,9.641371442379768,No,5,NW
2003.25,-0.12443686476642729,8.367570348181689,-2.694746386641067,-10.416176965729257,9.641371442379768,No,5.548387096774194,NW
2003.3333333333335,0.07850234221017592,8.387259759431217,-2.368987908093006,-10.416176965729257,9.641371442379768,No,6.096774193548387,NW
2003.4166666666667,0.25236632640023704,8.406949170680743,-2.0141542067583993,-10.416176965729257,9.641371442379768,No,6.645161290322581,NW
2003.5,0.022190711464431898,8.426638581930272,-1.2552809062979282,-10.416176965729257,9.641371442379768,No,7.193548387096775,NW
2003.5833333333335,-0.7241113801485833,8.446327993179798,0.019718870839753322,-10.416176965729257,9.641371442379768,No,7.741935483870968,NW
2003.6666666666667,0.09886717355253147,8.466017404429326,1.2351154220181435,-10.416176965729257,9.641371442379768,No,9.8,NW
2003.75,-0.08677541729459086,8.485706815678853,1.6084760090231462,-10.416176965729257,9.641371442379768,No,10.007407407407408,NW
2003.8333333333335,0.2615596680366332,8.505396226928381,1.4478589198498018,-10.416176965729257,9.641371442379768,No,10.214814814814815,NW
2003.9166666666667,0.224599863445235,8.511842358261093,1.6857800005158943,-10.416176965729257,9.641371442379768,No,10.422222222222222,NW
2004,0.32582853493900343,8.518288489593804,1.785512605096823,-10.416176965729257,9.641371442379768,No,10.62962962962963,NW
2004.0833333333335,0.06398174141734779,8.524734620926516,2.248320674693174,-10.416176965729257,9.641371442379768,No,10.837037037037037,NW
2004.1666666666667,-0.3925727071666091,8.531180752259228,2.9058363993518252,-10.416176965729257,9.641371442379768,No,11.044444444444444,NW
2004.25,-0.12443686476642729,8.53762688359194,2.838661833026338,-10.416176965729257,9.641371442379768,No,11.251851851851852,NW
2004.3333333333335,0.07850234221017592,8.54407301492465,2.8366839021244328,-10.416176965729257,9.641371442379768,No,11.459259259259259,NW
2004.4166666666667,0.25236632640023704,8.550519146257363,2.863781194009066,-10.416176965729257,9.641371442379768,No,11.666666666666666,NW
2004.5,0.022190711464431898,8.556965277590075,19.420844010945494,-10.416176965729257,9.641371442379768,Yes,28,NW
2004.5833333333335,-0.7241113801485833,8.563411408922786,16.348199971225796,-10.416176965729257,9.641371442379768,Yes,24.1875,NW
2004.6666666666667,0.09886717355253147,8.569857540255498,13.386830841747528,-10.416176965729257,9.641371442379768,Yes,22.055555555555557,NW
2004.75,-0.08677541729459086,8.57630367158821,11.43408285681749,-10.416176965729257,9.641371442379768,Yes,19.92361111111111,NW
2004.8333333333335,0.2615596680366332,8.582749802920922,8.947357195709113,-10.416176965729257,9.641371442379768,No,17.791666666666668,NW
2004.9166666666667,0.224599863445235,8.589195934253633,6.8459264245233555,-10.416176965729257,9.641371442379768,No,15.659722222222223,NW
2005,0.32582853493900343,8.595642065586345,4.606307177252429,-10.416176965729257,9.641371442379768,No,13.527777777777777,NW
2005.0833333333335,0.06398174141734779,8.596868517040443,2.7349830748755437,-10.416176965729257,9.641371442379768,No,11.395833333333334,NW
2005.1666666666667,-0.3925727071666091,8.598094968494541,1.0583666275609573,-10.416176965729257,9.641371442379768,No,9.26388888888889,NW
2005.25,-0.12443686476642729,8.59932141994864,-1.342940110737766,-10.416176965729257,9.641371442379768,No,7.1319444444444455,NW
2005.3333333333335,0.07850234221017592,8.600547871402737,-3.6790502136129133,-10.416176965729257,9.641371442379768,No,5,NW
2005.4166666666667,0.25236632640023704,8.601774322856835,-2.7430295381459615,-10.416176965729257,9.641371442379768,No,6.111111111111111,NW
2005.5,0.022190711464431898,8.603000774310933,-2.768048628632508,-10.416176965729257,9.641371442379768,No,5.857142857142857,NW
2005.5833333333335,-0.7241113801485833,8.604227225765031,-1.880115845616448,-10.416176965729257,9.641371442379768,No,6,NW
2005.6666666666667,0.09886717355253147,8.605453677219131,-0.7201938666446788,-10.416176965729257,9.641371442379768,No,7.984126984126984,NW
2005.75,-0.08677541729459086,8.60668012867323,1.4483492568753302,-10.416176965729257,9.641371442379768,No,9.968253968253968,NW
2005.8333333333335,0.2615596680366332,8.607906580127327,3.082914704216993,-10.416176965729257,9.641371442379768,No,11.952380952380953,NW
2005.9166666666667,0.224599863445235,8.609133031581425,5.1027750414812765,-10.416176965729257,9.641371442379768,No,13.936507936507937,NW
2006,0.32582853493900343,8.610359483035523,6.984446902660395,-10.416176965729257,9.641371442379768,No,15.920634920634921,NW
2006.0833333333335,0.06398174141734779,8.611585934489622,9.229194228854936,-10.416176965729257,9.641371442379768,No,17.904761904761905,NW
2006.1666666666667,-0.3925727071666091,8.61281238594372,11.668649210111777,-10.416176965729257,9.641371442379768,Yes,19.88888888888889,NW
2006.25,-0.12443686476642729,8.606134428070941,13.391318309711359,-10.416176965729257,9.641371442379768,Yes,21.873015873015873,NW
2006.3333333333335,0.07850234221017592,8.599456470198161,15.179184044734521,-10.416176965729257,9.641371442379768,Yes,23.857142857142858,NW
2006.4166666666667,0.25236632640023704,8.592778512325381,6.631045637464858,-10.416176965729257,9.641371442379768,No,15.476190476190476,NW
2006.5,0.022190711464431898,8.586100554452603,10.752819845194075,-10.416176965729257,9.641371442379768,Yes,19.36111111111111,NW
2006.5833333333335,-0.7241113801485833,8.579422596579825,8.658577672457646,-10.416176965729257,9.641371442379768,No,16.51388888888889,NW
2006.6666666666667,0.09886717355253147,8.572744638707045,4.9950548544070905,-10.416176965729257,9.641371442379768,No,13.666666666666666,NW
2006.75,-0.08677541729459086,8.566066680834265,37.77652268994869,-10.416176965729257,9.641371442379768,Yes,46.25581395348837,NW
2006.8333333333335,0.2615596680366332,8.559388722961486,13.845718275668549,-10.416176965729257,9.641371442379768,Yes,22.666666666666668,NW
2006.9166666666667,0.224599863445235,8.552710765088708,-0.7058820571053719,-10.416176965729257,9.641371442379768,No,8.071428571428571,NW
2007,0.32582853493900343,8.546032807215928,7.23924976895618,-10.416176965729257,9.641371442379768,No,16.11111111111111,NW
2007.0833333333335,0.06398174141734779,8.539354849343148,-2.853336590760496,-10.416176965729257,9.641371442379768,No,5.75,NW
2007.1666666666667,-0.3925727071666091,8.53267689147037,-0.9822094474616554,-10.416176965729257,9.641371442379768,No,7.157894736842105,NW
2007.25,-0.12443686476642729,8.525998933597592,-1.4081410161995853,-10.416176965729257,9.641371442379768,No,6.993421052631579,NW
2007.3333333333335,0.07850234221017592,8.519320975724812,-1.7688759495139346,-10.416176965729257,9.641371442379768,No,6.828947368421053,NW
2007.4166666666667,0.25236632640023704,8.502224097409597,-2.090116739599307,-10.416176965729257,9.641371442379768,No,6.6644736842105265,NW
2007.5,0.022190711464431898,8.485127219094382,-2.0073179305588136,-10.416176965729257,9.641371442379768,No,6.5,NW
2007.5833333333335,-0.7241113801485833,8.468030340779167,-2.743918960630584,-10.416176965729257,9.641371442379768,No,5,NW
2007.6666666666667,0.09886717355253147,8.45093346246395,-3.5498006360164824,-10.416176965729257,9.641371442379768,No,5,NW
2007.75,-0.08677541729459086,8.433836584148736,-3.347061166854145,-10.416176965729257,9.641371442379768,No,5,NW
2007.8333333333335,0.2615596680366332,8.416739705833521,-3.6782993738701544,-10.416176965729257,9.641371442379768,No,5,NW
2007.9166666666667,0.224599863445235,8.399642827518306,-3.6242426909635412,-10.416176965729257,9.641371442379768,No,5,NW
2008,0.32582853493900343,8.382545949203092,-3.7083744841420954,-10.416176965729257,9.641371442379768,No,5,NW
2008.0833333333335,0.06398174141734779,8.365449070887877,1.1976878317625719,-10.416176965729257,9.641371442379768,No,9.627118644067796,NW
2008.1666666666667,-0.3925727071666091,8.348352192572662,-0.6422201633721549,-10.416176965729257,9.641371442379768,No,7.313559322033898,NW
2008.25,-0.12443686476642729,8.331255314257445,-3.206818449491018,-10.416176965729257,9.641371442379768,No,5,NW
2008.3333333333335,0.07850234221017592,8.31415843594223,-2.9343274448190737,-10.416176965729257,9.641371442379768,No,5.458333333333333,NW
2008.4166666666667,0.25236632640023704,8.297061557627016,-2.632761217360586,-10.416176965729257,9.641371442379768,No,5.916666666666667,NW
2008.5,0.022190711464431898,8.279964679311801,-1.9271553907762327,-10.416176965729257,9.641371442379768,No,6.375,NW
2008.5833333333335,-0.7241113801485833,8.270124218407386,-2.546012838258802,-10.416176965729257,9.641371442379768,No,5,NW
2008.6666666666667,0.09886717355253147,8.260283757502972,-0.8591509310555034,-10.416176965729257,9.641371442379768,No,7.5,NW
2008.75,-0.08677541729459086,8.250443296598556,0.580439864803779,-10.416176965729257,9.641371442379768,No,8.744107744107744,NW
2008.8333333333335,0.2615596680366332,8.240602835694142,1.4860529844847132,-10.416176965729257,9.641371442379768,No,9.988215488215488,NW
2008.9166666666667,0.224599863445235,8.230762374789727,2.7769609940882702,-10.416176965729257,9.641371442379768,No,11.232323232323232,NW
2009,0.32582853493900343,8.220921913885313,3.92968052760666,-10.416176965729257,9.641371442379768,No,12.476430976430976,NW
2009.0833333333335,0.06398174141734779,8.211081452980897,5.445475526140475,-10.416176965729257,9.641371442379768,No,13.72053872053872,NW
2009.1666666666667,-0.3925727071666091,8.201240992076482,7.155978179736591,-10.416176965729257,9.641371442379768,No,14.964646464646464,NW
2009.25,-0.12443686476642729,8.191400531172068,8.141790542348566,-10.416176965729257,9.641371442379768,No,16.208754208754208,NW
2009.3333333333335,0.07850234221017592,8.181560070267652,9.192799540384124,-10.416176965729257,9.641371442379768,No,17.45286195286195,NW
2009.4166666666667,0.25236632640023704,8.171719609363238,10.272883761206218,-10.416176965729257,9.641371442379768,Yes,18.696969696969695,NW
2009.5,0.022190711464431898,8.161879148458823,-3.1840698599232544,-10.416176965729257,9.641371442379768,No,5,NW
2009.5833333333335,-0.7241113801485833,8.152038687554409,-0.6812606407391586,-10.416176965729257,9.641371442379768,No,6.746666666666667,NW
2009.6666666666667,0.09886717355253147,8.142198226649993,0.25226793313080975,-10.416176965729257,9.641371442379768,No,8.493333333333334,NW
2009.75,-0.08677541729459086,8.149212896399412,2.1775625208951794,-10.416176965729257,9.641371442379768,No,10.24,NW
2009.8333333333335,0.2615596680366332,8.156227566148832,-3.4177872341854654,-10.416176965729257,9.641371442379768,No,5,NW
2009.9166666666667,0.224599863445235,8.16324223589825,-3.3878420993434855,-10.416176965729257,9.641371442379768,No,5,NW
2010,0.32582853493900343,8.170256905647669,-1.6284383817631438,-10.416176965729257,9.641371442379768,No,6.867647058823529,NW
2010.0833333333335,0.06398174141734779,8.17727157539709,0.4940408008326216,-10.416176965729257,9.641371442379768,No,8.735294117647058,NW
2010.1666666666667,-0.3925727071666091,8.184286245146508,2.8112276384906902,-10.416176965729257,9.641371442379768,No,10.602941176470589,NW
2010.25,-0.12443686476642729,8.191300914895926,4.403724185164618,-10.416176965729257,9.641371442379768,No,12.470588235294118,NW
2010.3333333333335,0.07850234221017592,8.198315584645346,-1.4768179268555226,-10.416176965729257,9.641371442379768,No,6.8,NW
2010.4166666666667,0.25236632640023704,8.205330254394765,-2.2576965807950016,-10.416176965729257,9.641371442379768,No,6.2,NW
2010.5,0.022190711464431898,8.212344924144185,-2.009535635608617,-10.416176965729257,9.641371442379768,No,6.225,NW
2010.5833333333335,-0.7241113801485833,8.219359593893603,-1.24524821374502,-10.416176965729257,9.641371442379768,No,6.25,NW
2010.6666666666667,0.09886717355253147,8.226374263643022,-1.5752414371955537,-10.416176965729257,9.641371442379768,No,6.75,NW
2010.75,-0.08677541729459086,8.233388933392442,-1.000780182764517,-10.416176965729257,9.641371442379768,No,7.145833333333334,NW
2010.8333333333335,0.2615596680366332,8.24040360314186,-0.9602966045118269,-10.416176965729257,9.641371442379768,No,7.541666666666667,NW
2010.9166666666667,0.224599863445235,8.24632387514434,-0.5334237385895744,-10.416176965729257,9.641371442379768,No,7.9375,NW
2011,0.32582853493900343,8.25224414714682,-0.24473934875248915,-10.416176965729257,9.641371442379768,No,8.333333333333334,NW
2011.0833333333335,0.06398174141734779,8.258164419149299,-1.7665906050110918,-10.416176965729257,9.641371442379768,No,6.555555555555555,NW
2011.1666666666667,-0.3925727071666091,8.26408469115178,8.283458776248743,-10.416176965729257,9.641371442379768,No,16.154970760233915,NW
2011.25,-0.12443686476642729,8.270004963154259,17.608817866524447,-10.416176965729257,9.641371442379768,Yes,25.754385964912277,NW
2011.3333333333335,0.07850234221017592,8.27592523515674,-0.35442757736691544,-10.416176965729257,9.641371442379768,No,8,NW
2011.4166666666667,0.25236632640023704,8.281845507159218,0.02828816644054477,-10.416176965729257,9.641371442379768,No,8.5625,NW
2011.5,0.022190711464431898,8.287765779161697,0.8150435093738704,-10.416176965729257,9.641371442379768,No,9.125,NW
2011.5833333333335,-0.7241113801485833,8.293686051164178,2.1179253289844056,-10.416176965729257,9.641371442379768,No,9.6875,NW
2011.6666666666667,0.09886717355253147,8.299606323166657,1.8515265032808124,-10.416176965729257,9.641371442379768,No,10.25,NW
2011.75,-0.08677541729459086,8.305526595169137,-2.647322606445975,-10.416176965729257,9.641371442379768,No,5.571428571428571,NW
2011.8333333333335,0.2615596680366332,8.311446867171616,-1.787292249493964,-10.416176965729257,9.641371442379768,No,6.785714285714286,NW
2011.9166666666667,0.224599863445235,8.317367139174097,-0.541967002619332,-10.416176965729257,9.641371442379768,No,8,NW
2012,0.32582853493900343,8.323287411176576,-1.6491159461155798,-10.416176965729257,9.641371442379768,No,7,NW
2012.0833333333335,0.06398174141734779,8.316148167540934,-2.380129908958282,-10.416176965729257,9.641371442379768,No,6,NW
2012.1666666666667,-0.3925727071666091,8.309008923905294,-2.916436216738685,-10.416176965729257,9.641371442379768,No,5,NW
2012.25,-0.12443686476642729,8.301869680269652,-0.10600424407465425,-10.416176965729257,9.641371442379768,No,8.071428571428571,NW
2012.3333333333335,0.07850234221017592,8.29473043663401,2.769624364012957,-10.416176965729257,9.641371442379768,No,11.142857142857142,NW
2012.4166666666667,0.25236632640023704,8.287591192998368,-0.11138609082717643,-10.416176965729257,9.641371442379768,No,8.428571428571429,NW
2012.5,0.022190711464431898,8.280451949362728,3.487400629216129,-10.416176965729257,9.641371442379768,No,11.79004329004329,NW
2012.5833333333335,-0.7241113801485833,8.273312705727086,7.602313825936649,-10.416176965729257,9.641371442379768,No,15.151515151515152,NW
2012.6666666666667,0.09886717355253147,8.266173462091444,0.2063879357845959,-10.416176965729257,9.641371442379768,No,8.571428571428571,NW
2012.75,-0.08677541729459086,8.259034218455804,-0.600830229732642,-10.416176965729257,9.641371442379768,No,7.571428571428571,NW
2012.8333333333335,0.2615596680366332,8.251894974820162,-0.1289749250437442,-10.416176965729257,9.641371442379768,No,8.38447971781305,NW
2012.9166666666667,0.224599863445235,8.24475573118452,0.7281752695677746,-10.416176965729257,9.641371442379768,No,9.19753086419753,NW
2013,0.32582853493900343,8.237616487548879,1.4471369880941296,-10.416176965729257,9.641371442379768,No,10.010582010582011,NW
2013.0833333333335,0.06398174141734779,8.230477243913239,2.529174171635905,-10.416176965729257,9.641371442379768,No,10.82363315696649,NW
2013.1666666666667,-0.3925727071666091,8.223338000277597,3.8059190102399825,-10.416176965729257,9.641371442379768,No,11.63668430335097,NW
2013.25,-0.12443686476642729,8.221064907592082,4.353107406909794,-10.416176965729257,9.641371442379768,No,12.44973544973545,NW
2013.3333333333335,0.07850234221017592,8.218791814906568,4.965492439003187,-10.416176965729257,9.641371442379768,No,13.26278659611993,NW
2013.4166666666667,0.25236632640023704,8.216518722221053,5.60695269388312,-10.416176965729257,9.641371442379768,No,14.07583774250441,NW
2013.5,0.022190711464431898,8.21424562953554,6.652452547888917,-10.416176965729257,9.641371442379768,No,14.88888888888889,NW
2013.5833333333335,-0.7241113801485833,8.211972536850025,-1.4878611567014417,-10.416176965729257,9.641371442379768,No,6,NW
2013.6666666666667,0.09886717355253147,8.209699444164512,1.1914333822829573,-10.416176965729257,9.641371442379768,No,9.5,NW
2013.75,-0.08677541729459086,8.207426351478997,4.879349065815594,-10.416176965729257,9.641371442379768,No,13,NW
2013.8333333333335,0.2615596680366332,8.205153258793482,-1.8000462601634482,-10.416176965729257,9.641371442379768,No,6.666666666666667,NW
2013.9166666666667,0.224599863445235,8.202880166107969,-2.008432410505584,-10.416176965729257,9.641371442379768,No,6.419047619047619,NW
2014,0.32582853493900343,8.200607073422454,-2.3550070369328857,-10.416176965729257,9.641371442379768,No,6.171428571428572,NW
2014.0833333333335,0.06398174141734779,8.19833398073694,-2.3385061983447644,-10.416176965729257,9.641371442379768,No,5.923809523809524,NW
2014.1666666666667,-0.3925727071666091,8.196060888051425,-2.1272977046943398,-10.416176965729257,9.641371442379768,No,5.6761904761904765,NW
2014.25,-0.12443686476642729,8.193787795365912,-2.640779502028056,-10.416176965729257,9.641371442379768,No,5.428571428571429,NW
2014.3333333333335,0.07850234221017592,8.191514702680397,-1.12715990203343,-10.416176965729257,9.641371442379768,No,7.142857142857143,NW
2014.4166666666667,0.25236632640023704,8.197801368741638,2.6450704000962215,-10.416176965729257,9.641371442379768,No,11.095238095238097,NW
2014.5,0.022190711464431898,8.204088034802881,1.7531584831699174,-10.416176965729257,9.641371442379768,No,9.97943722943723,NW
2014.5833333333335,-0.7241113801485833,8.210374700864122,1.3773730429208246,-10.416176965729257,9.641371442379768,No,8.863636363636363,NW
2014.6666666666667,0.09886717355253147,8.216661366925365,47.910277911135005,-10.416176965729257,9.641371442379768,Yes,56.225806451612904,NW
2014.75,-0.08677541729459086,8.222948032986606,10.772918293398893,-10.416176965729257,9.641371442379768,Yes,18.90909090909091,NW
2014.8333333333335,0.2615596680366332,8.229234699047849,0.20920563291551808,-10.416176965729257,9.641371442379768,No,8.7,NW
2014.9166666666667,0.224599863445235,8.23552136510909,-0.2172640856971828,-10.416176965729257,9.641371442379768,No,8.242857142857142,NW
2015,0.32582853493900343,8.241808031170331,-0.7819222803950492,-10.416176965729257,9.641371442379768,No,7.785714285714286,NW
2015.0833333333335,0.06398174141734779,8.248094697231574,-0.9835050100774936,-10.416176965729257,9.641371442379768,No,7.328571428571428,NW
2015.1666666666667,-0.3925727071666091,8.254381363292815,-0.9903800846976347,-10.416176965729257,9.641371442379768,No,6.871428571428571,NW
2015.25,-0.12443686476642729,8.260668029354058,-1.7219454503019165,-10.416176965729257,9.641371442379768,No,6.414285714285714,NW
2015.3333333333335,0.07850234221017592,8.266954695415299,-2.3883141804826176,-10.416176965729257,9.641371442379768,No,5.957142857142857,NW
2015.4166666666667,0.25236632640023704,8.273241361476542,-3.0256076878767786,-10.416176965729257,9.641371442379768,No,5.5,NW
2015.5,0.022190711464431898,8.279528027537783,-1.730290167573643,-10.416176965729257,9.641371442379768,No,6.571428571428571,NW
2015.5833333333335,-0.7241113801485833,8.281387187630282,-2.307275807481698,-10.416176965729257,9.641371442379768,No,5.25,NW
2015.6666666666667,0.09886717355253147,8.28324634772278,-3.257113521275312,-10.416176965729257,9.641371442379768,No,5.125,NW
2015.75,-0.08677541729459086,8.28510550781528,-3.198330090520688,-10.416176965729257,9.641371442379768,No,5,NW
2015.8333333333335,0.2615596680366332,8.286964667907778,9.815112027691953,-10.416176965729257,9.641371442379768,Yes,18.363636363636363,NW
2015.9166666666667,0.224599863445235,8.288823828000277,22.310105720319193,-10.416176965729257,9.641371442379768,Yes,30.823529411764703,NW
2016,0.32582853493900343,8.290682988092776,3.5559022700716696,-10.416176965729257,9.641371442379768,No,12.172413793103448,NW
2016.0833333333335,0.06398174141734779,8.292542148185275,-0.6173934548200144,-10.416176965729257,9.641371442379768,No,7.739130434782608,NW
2016.1666666666667,-0.3925727071666091,8.294401308277772,-0.01935577502420749,-10.416176965729257,9.641371442379768,No,7.882472826086955,NW
2016.25,-0.12443686476642729,8.29626046837027,-0.14600838621253942,-10.416176965729257,9.641371442379768,No,8.025815217391305,NW
2016.3333333333335,0.07850234221017592,8.29811962846277,-0.20746436197729246,-10.416176965729257,9.641371442379768,No,8.169157608695652,NW
2016.4166666666667,0.25236632640023704,8.299978788555268,-0.23984511495550542,-10.416176965729257,9.641371442379768,No,8.3125,NW
2016.5,0.022190711464431898,8.301837948647767,-0.39694532677886585,-10.416176965729257,9.641371442379768,No,7.927083333333333,NW
2016.5833333333335,-0.7241113801485833,8.303697108740266,-0.037919061925016706,-10.416176965729257,9.641371442379768,No,7.541666666666666,NW
2016.6666666666667,0.09886717355253147,8.305556268832765,-1.2481734423852968,-10.416176965729257,9.641371442379768,No,7.15625,NW
2016.75,-0.08677541729459086,8.317490098274876,-1.4598813476469514,-10.416176965729257,9.641371442379768,No,6.770833333333333,NW
2016.8333333333335,0.2615596680366332,8.329423927716986,-2.2055669290869524,-10.416176965729257,9.641371442379768,No,6.385416666666667,NW
2016.9166666666667,0.224599863445235,8.341357757159097,-2.5659576206043315,-10.416176965729257,9.641371442379768,No,6,NW
2017,0.32582853493900343,8.353291586601205,-3.012453454873542,-10.416176965729257,9.641371442379768,No,5.666666666666667,NW
2017.0833333333335,0.06398174141734779,8.365225416043316,-3.095873824127331,-10.416176965729257,9.641371442379768,No,5.333333333333333,NW
2017.1666666666667,-0.3925727071666091,8.377159245485426,-2.9845865383188173,-10.416176965729257,9.641371442379768,No,5,NW
2017.25,-0.12443686476642729,8.389093074927537,-0.7646562101611094,-10.416176965729257,9.641371442379768,No,7.5,NW
2017.3333333333335,0.07850234221017592,8.401026904369647,-1.0584766150008758,-10.416176965729257,9.641371442379768,No,7.421052631578948,NW
2017.4166666666667,0.25236632640023704,8.412960733811758,-1.665327060211995,-10.416176965729257,9.641371442379768,No,7,NW
2017.5,0.022190711464431898,8.424894563253869,-1.0240083516413767,-10.416176965729257,9.641371442379768,No,7.423076923076923,NW
2017.5833333333335,-0.7241113801485833,8.436828392695977,0.1334368336064511,-10.416176965729257,9.641371442379768,No,7.846153846153845,NW
2017.6666666666667,0.09886717355253147,8.448762222138088,-0.2783986264598486,-10.416176965729257,9.641371442379768,No,8.26923076923077,NW
2017.75,-0.08677541729459086,8.460696051580198,0.31838705802208445,-10.416176965729257,9.641371442379768,No,8.692307692307692,NW
2017.8333333333335,0.2615596680366332,8.472629881022309,0.381195066325672,-10.416176965729257,9.641371442379768,No,9.115384615384613,NW
2017.9166666666667,0.224599863445235,8.507432848045035,0.8064288269712687,-10.416176965729257,9.641371442379768,No,9.538461538461538,NW
2018,0.32582853493900343,8.542235815067759,1.0934741115317,-10.416176965729257,9.641371442379768,No,9.961538461538462,NW
2018.0833333333335,0.06398174141734779,8.577038782090485,1.7435948611075531,-10.416176965729257,9.641371442379768,No,10.384615384615385,NW
2018.1666666666667,-0.3925727071666091,8.61184174911321,2.588423265745707,-10.416176965729257,9.641371442379768,No,10.807692307692308,NW
2018.25,-0.12443686476642729,8.646644716135935,2.7085613793997236,-10.416176965729257,9.641371442379768,No,11.230769230769232,NW
2018.3333333333335,0.07850234221017592,8.68144768315866,2.8938961284773175,-10.416176965729257,9.641371442379768,No,11.653846153846153,NW
2018.4166666666667,0.25236632640023704,8.716250650181387,3.108306100341453,-10.416176965729257,9.641371442379768,No,12.076923076923077,NW
2018.5,0.022190711464431898,8.75105361720411,3.726755671331457,-10.416176965729257,9.641371442379768,No,12.5,NW
2018.5833333333335,-0.7241113801485833,8.785856584226837,3.907004795921747,-10.416176965729257,9.641371442379768,No,11.96875,NW
2018.6666666666667,0.09886717355253147,8.82065955124956,2.5179732751979085,-10.416176965729257,9.641371442379768,No,11.4375,NW
2018.75,-0.08677541729459086,8.855462518272287,2.1375628990223046,-10.416176965729257,9.641371442379768,No,10.90625,NW
2018.8333333333335,0.2615596680366332,8.890265485295012,1.2231748466683552,-10.416176965729257,9.641371442379768,No,10.375,NW
2018.9166666666667,0.224599863445235,8.925068452317737,0.6940816842370285,-10.416176965729257,9.641371442379768,No,9.84375,NW
2019,0.32582853493900343,8.959871419340462,0.026800045720534627,-10.416176965729257,9.641371442379768,No,9.3125,NW
2019.0833333333335,0.06398174141734779,8.992611273103424,-0.2753430145207716,-10.416176965729257,9.641371442379768,No,8.78125,NW
2019.1666666666667,-0.3925727071666091,9.025351126866385,-0.38277841969977544,-10.416176965729257,9.641371442379768,No,8.25,NW
2019.25,-0.12443686476642729,9.058090980629347,-1.214904115862919,-10.416176965729257,9.641371442379768,No,7.71875,NW
2019.3333333333335,0.07850234221017592,9.090830834392309,-1.9818331766024846,-10.416176965729257,9.641371442379768,No,7.1875,NW
2019.4166666666667,0.25236632640023704,9.12357068815527,-2.7196870145555074,-10.416176965729257,9.641371442379768,No,6.65625,NW
2019.5,0.022190711464431898,9.15631054191823,-3.053501253382662,-10.416176965729257,9.641371442379768,No,6.125,NW
2019.5833333333335,-0.7241113801485833,9.189050395681193,-1.9197009202945141,-10.416176965729257,9.641371442379768,No,6.545238095238095,NW
2019.6666666666667,0.09886717355253147,9.221790249444155,-2.355181232520496,-10.416176965729257,9.641371442379768,No,6.96547619047619,NW
2019.75,-0.08677541729459086,9.254530103207115,-1.7820404001982384,-10.416176965729257,9.641371442379768,No,7.385714285714285,NW
2019.8333333333335,0.2615596680366332,9.287269956970077,-1.7428772440543296,-10.416176965729257,9.641371442379768,No,7.80595238095238,NW
2019.9166666666667,0.224599863445235,9.320009810733039,-1.3184191979877973,-10.416176965729257,9.641371442379768,No,8.226190476190476,NW
2020,0.32582853493900343,9.352749664496,-1.032149628006433,-10.416176965729257,9.641371442379768,No,8.64642857142857,NW
2020.0833333333335,0.06398174141734779,9.38548951825896,-0.38280459300964154,-10.416176965729257,9.641371442379768,No,9.066666666666666,NW
2020.1666666666667,-0.3925727071666091,9.418229372021923,-3.8256566648553134,-10.416176965729257,9.641371442379768,No,5.2,NW
2020.25,-0.12443686476642729,9.403092753579426,2.180039763360913,-10.416176965729257,9.641371442379768,No,11.458695652173912,NW
2020.3333333333335,0.07850234221017592,9.387956135136927,8.250932827000723,-10.416176965729257,9.641371442379768,No,17.717391304347824,NW
2020.4166666666667,0.25236632640023704,9.37281951669443,5.056778730174253,-10.416176965729257,9.641371442379768,No,14.68196457326892,NW
2020.5,0.022190711464431898,9.35768289825193,2.2666642324736532,-10.416176965729257,9.641371442379768,No,11.646537842190016,NW
2020.5833333333335,-0.7241113801485833,9.342546279809433,-0.007323788549738808,-10.416176965729257,9.641371442379768,No,8.61111111111111,NW
2020.6666666666667,0.09886717355253147,9.327409661366934,-3.4262768349194657,-10.416176965729257,9.641371442379768,No,6,NW
2020.75,-0.08677541729459086,9.312273042924437,-2.5588309589631786,-10.416176965729257,9.641371442379768,No,6.666666666666667,NW
2020.8333333333335,0.2615596680366332,9.29713642448194,-2.2253627591852396,-10.416176965729257,9.641371442379768,No,7.333333333333333,NW
2020.9166666666667,0.224599863445235,9.28199980603944,-1.5065996694846753,-10.416176965729257,9.641371442379768,No,8,NW
2021,0.32582853493900343,9.266863187596943,-0.7457529470257427,-10.416176965729257,9.641371442379768,No,8.846938775510203,NW
2021.0833333333335,0.06398174141734779,9.251726569154444,0.37816924044861544,-10.416176965729257,9.641371442379768,No,9.693877551020407,NW
2021.1666666666667,-0.3925727071666091,9.236589950711947,1.6967990829852742,-10.416176965729257,9.641371442379768,No,10.540816326530612,NW
2021.25,-0.12443686476642729,9.221453332269448,2.290738634537794,-10.416176965729257,9.641371442379768,No,11.387755102040815,NW
2021.3333333333335,0.07850234221017592,9.20631671382695,-4.284819056037127,-10.416176965729257,9.641371442379768,No,5,NW
2021.4166666666667,0.25236632640023704,9.186297156841578,0.5613365167581854,-10.416176965729257,9.641371442379768,No,10,NW
2021.5,0.022190711464431898,9.166277599856205,5.811531688679363,-10.416176965729257,9.641371442379768,No,15,NW
2021.5833333333335,-0.7241113801485833,9.146258042870832,11.57785333727775,-10.416176965729257,9.641371442379768,Yes,20,NW
2021.6666666666667,0.09886717355253147,9.126238485885457,5.993644340562012,-10.416176965729257,9.641371442379768,No,15.21875,NW
2021.75,-0.08677541729459086,9.106218928900084,5.694520452358471,-10.416176965729257,9.641371442379768,No,14.713963963963964,NW
2021.8333333333335,0.2615596680366332,9.086199371914711,4.861418887976585,-10.416176965729257,9.641371442379768,No,14.209177927927929,NW
2021.9166666666667,0.224599863445235,9.066179814929338,4.413612213517318,-10.416176965729257,9.641371442379768,No,13.704391891891891,NW
2022,0.32582853493900343,9.046160257943965,3.8276170629728874,-10.416176965729257,9.641371442379768,No,13.199605855855856,NW
2022.0833333333335,0.06398174141734779,9.026140700958592,3.6046973774438804,-10.416176965729257,9.641371442379768,No,12.69481981981982,NW
2022.1666666666667,-0.3925727071666091,9.00612114397322,3.576485346977174,-10.416176965729257,9.641371442379768,No,12.190033783783784,NW
2022.25,-0.12443686476642729,8.986101586987845,2.823583025526329,-10.416176965729257,9.641371442379768,No,11.685247747747747,NW
2022.3333333333335,0.07850234221017592,8.966082030002472,2.135877339499064,-10.416176965729257,9.641371442379768,No,11.180461711711711,NW
2022.4166666666667,0.25236632640023704,8.946062473017099,1.4772468762583397,-10.416176965729257,9.641371442379768,No,10.675675675675675,NW
2022.5,0.022190711464431898,8.926042916031726,1.436381757119225,-10.416176965729257,9.641371442379768,No,10.384615384615383,NW
2022.5833333333335,-0.7241113801485833,8.907597790664253,-3.0406292676585265,-10.416176965729257,9.641371442379768,No,5.142857142857143,NW
2022.6666666666667,0.09886717355253147,8.88915266529678,2.9564246055951333,-10.416176965729257,9.641371442379768,No,11.944444444444445,NW
2022.75,-0.08677541729459086,8.870707539929308,68.21606787736528,-10.416176965729257,9.641371442379768,Yes,77,NW
2022.8333333333335,0.2615596680366332,8.852262414561835,23.81721240016015,-10.416176965729257,9.641371442379768,Yes,32.93103448275862,NW
2022.9166666666667,0.224599863445235,8.833817289194362,38.362635478939346,-10.416176965729257,9.641371442379768,Yes,47.421052631578945,NW
2023,0.32582853493900343,8.81537216382689,-2.1412006987658936,-10.416176965729257,9.641371442379768,No,7,NW
2023.0833333333335,0.06398174141734779,8.796927038459419,-2.985908779876767,-10.416176965729257,9.641371442379768,No,5.875,NW
2023.1666666666667,-0.3925727071666091,8.778481913091946,33.96703197054525,-10.416176965729257,9.641371442379768,Yes,42.35294117647059,NW
2023.25,-0.12443686476642729,8.760036787724474,12.23106674370862,-10.416176965729257,9.641371442379768,Yes,20.866666666666667,NW
2023.3333333333335,0.07850234221017592,8.741591662357001,22.679905995432826,-10.416176965729257,9.641371442379768,Yes,31.500000000000004,NW
2023.4166666666667,0.25236632640023704,8.723146536989528,7.645176791782646,-10.416176965729257,9.641371442379768,No,16.620689655172413,NW
2023.5,0.022190711464431898,8.704701411622056,-0.7268921230864871,-10.416176965729257,9.641371442379768,No,8,NW
2023.5833333333335,-0.7241113801485833,8.686256286254583,26.730162786201696,-10.416176965729257,9.641371442379768,Yes,34.69230769230769,NW
2023.6666666666667,0.09886717355253147,8.66781116088711,52.61793705017574,-10.416176965729257,9.641371442379768,Yes,61.38461538461539,NW
2023.75,-0.08677541729459086,8.646719920340013,29.75736318926227,-10.416176965729257,9.641371442379768,Yes,38.31730769230769,NW
2023.8333333333335,0.2615596680366332,8.625628679792914,6.362811652170453,-10.416176965729257,9.641371442379768,No,15.25,NW
2023.9166666666667,0.224599863445235,8.604537439245817,10.570862697308947,-10.416176965729257,9.641371442379768,Yes,19.4,NW
2024,0.32582853493900343,8.58344619869872,33.817997993635004,-10.416176965729257,9.641371442379768,Yes,42.727272727272734,NW
2024.0833333333335,0.06398174141734779,8.562354958151621,18.373663300431033,-10.416176965729257,9.641371442379768,Yes,27.000000000000004,NW
2024.1666666666667,-0.3925727071666091,8.541263717604524,-0.14869101043791488,-10.416176965729257,9.641371442379768,No,8,NW
2024.25,-0.12443686476642729,8.520172477057425,0.25426438770900184,-10.416176965729257,9.641371442379768,No,8.65,NW
2024.3333333333335,0.07850234221017592,8.499081236510328,-2.577583578720504,-10.416176965729257,9.641371442379768,No,6,NW
2024.4166666666667,0.25236632640023704,8.477989995963231,-2.3178563223634683,-10.416176965729257,9.641371442379768,No,6.4125,NW
2024.5,0.022190711464431898,8.456898755416132,-1.6540894668805635,-10.416176965729257,9.641371442379768,No,6.825,NW
2024.5833333333335,-0.7241113801485833,8.435807514869035,-0.47419613472045175,-10.416176965729257,9.641371442379768,No,7.2375,NW
2024.6666666666667,0.09886717355253147,8.414716274321938,-0.8635834478744693,-10.416176965729257,9.641371442379768,No,7.65,NW
2024.75,-0.08677541729459086,8.393625033774839,-0.2443496164802479,-10.416176965729257,9.641371442379768,No,8.0625,NW
2024.8333333333335,0.2615596680366332,8.372533793227742,16.171462094291183,-10.416176965729257,9.641371442379768,Yes,24.805555555555557,NW
2024.9166666666667,0.224599863445235,8.347395104717357,-5.663967340208131e-4,-10.416176965729257,9.641371442379768,No,8.571428571428571,NW
2025,0.32582853493900343,8.32225641620697,-0.8080849511459745,-10.416176965729257,9.641371442379768,No,7.84,NW
2025.0833333333335,0.06398174141734779,8.297117727696586,0.9330181779448914,-10.416176965729257,9.641371442379768,No,9.294117647058824,NW
2025.1666666666667,-0.3925727071666091,8.271979039186201,-0.8794063320195917,-10.416176965729257,9.641371442379768,No,7,NW
2025.25,-0.12443686476642729,8.246840350675814,-1.640922004427905,-10.416176965729257,9.641371442379768,No,6.481481481481482,NW
2025.3333333333335,0.07850234221017592,8.22170166216543,3.1997959956243953,-10.416176965729257,9.641371442379768,No,11.5,NW
2025.4166666666667,0.25236632640023704,8.196562973655045,-0.44892930005528164,-10.416176965729257,9.641371442379768,No,8,NW
2025.5,0.022190711464431898,8.17142428514466,-0.7269483299424246,-10.416176965729257,9.641371442379768,No,7.466666666666667,NW
2025.5833333333335,-0.7241113801485833,8.146285596634273,-0.4888408831523563,-10.416176965729257,9.641371442379768,No,6.933333333333334,NW
2025.6666666666667,0.09886717355253147,8.121146908123889,-1.8200140816764208,-10.416176965729257,9.641371442379768,No,6.3999999999999995,NW
2025.75,-0.08677541729459086,8.096008219613504,-2.1425661356522463,-10.416176965729257,9.641371442379768,No,5.866666666666666,NW
2025.8333333333335,0.2615596680366332,8.070869531103117,-2.9990958658064173,-10.416176965729257,9.641371442379768,No,5.333333333333333,NW
2025.9166666666667,0.224599863445235,8.045730842592732,-2.936997372704634,-10.416176965729257,9.641371442379768,No,5.333333333333333,NW
1981.6666666666667,1.1104608169144197,6.791389292349541,-2.6018501092639603,-11.032883322058675,10.825391990164677,No,5.3,SW
1981.75,0.19022849150922153,6.814710954129951,-1.7049394456391722,-11.032883322058675,10.825391990164677,No,5.3,SW
1981.8333333333335,0.10158767462704138,6.838032615910362,-1.6396202905374038,-11.032883322058675,10.825391990164677,No,5.3,SW
1981.9166666666667,0.0016851017059419744,6.861354277690772,-1.4005393793967142,-11.032883322058675,10.825391990164677,No,5.4624999999999995,SW
1982,-0.04706507891743268,6.884675939471183,-1.2126108605537507,-11.032883322058675,10.825391990164677,No,5.625,SW
1982.0833333333335,-0.30437627049343907,6.907997601251593,-0.816121330758155,-11.032883322058675,10.825391990164677,No,5.7875,SW
1982.1666666666667,-0.4446706039847262,6.931319263032004,-0.5366486590472777,-11.032883322058675,10.825391990164677,No,5.95,SW
1982.25,-0.13653152238480318,6.954640924812415,-0.7056094024276112,-11.032883322058675,10.825391990164677,No,6.1125,SW
1982.3333333333335,-0.10137355046170964,6.977962586592825,-0.6015890361311147,-11.032883322058675,10.825391990164677,No,6.275,SW
1982.4166666666667,0.0895184323451262,7.001284248373236,-0.6533026807183617,-11.032883322058675,10.825391990164677,No,6.4375,SW
1982.5,-0.5893964617185818,7.024605910153646,0.16479055156493594,-11.032883322058675,10.825391990164677,No,6.6,SW
1982.5833333333335,0.12993298267818612,7.047927571934057,-0.41536055461224297,-11.032883322058675,10.825391990164677,No,6.7625,SW
1982.6666666666667,1.1104608169144197,7.071249233714467,-1.2567100506288869,-11.032883322058675,10.825391990164677,No,6.925,SW
1982.75,0.19022849150922153,7.094570895494878,-0.1972993870040991,-11.032883322058675,10.825391990164677,No,7.0875,SW
1982.8333333333335,0.10158767462704138,7.1178925572752885,0.030519768097669875,-11.032883322058675,10.825391990164677,No,7.25,SW
1982.9166666666667,0.0016851017059419744,7.143242790569023,0.26757210772503637,-11.032883322058675,10.825391990164677,No,7.4125000000000005,SW
1983,-0.04706507891743268,7.168593023862757,0.453472055054676,-11.032883322058675,10.825391990164677,No,7.575,SW
1983.0833333333335,-0.30437627049343907,7.19394325715649,0.8479330133369496,-11.032883322058675,10.825391990164677,No,7.737500000000001,SW
1983.1666666666667,-0.4446706039847262,7.219293490450224,1.125377113534502,-11.032883322058675,10.825391990164677,No,7.8999999999999995,SW
1983.25,-0.13653152238480318,7.244643723743958,0.5311735129265598,-11.032883322058675,10.825391990164677,No,7.639285714285714,SW
1983.3333333333335,-0.10137355046170964,7.269993957037692,0.20995102199544569,-11.032883322058675,10.825391990164677,No,7.378571428571428,SW
1983.4166666666667,0.0895184323451262,7.295344190331425,-0.26700547981940836,-11.032883322058675,10.825391990164677,No,7.117857142857143,SW
1983.5,-0.5893964617185818,7.320694423625159,0.12584489523627873,-11.032883322058675,10.825391990164677,No,6.857142857142856,SW
1983.5833333333335,0.12993298267818612,7.3460446569188935,2.4264948878754478,-11.032883322058675,10.825391990164677,No,9.902472527472527,SW
1983.6666666666667,1.1104608169144197,7.371394890212628,4.465946490675149,-11.032883322058675,10.825391990164677,No,12.947802197802197,SW
1983.75,0.19022849150922153,7.396745123506362,8.406158253116285,-11.032883322058675,10.825391990164677,No,15.993131868131869,SW
1983.8333333333335,0.10158767462704138,7.422095356800095,11.514778507034404,-11.032883322058675,10.825391990164677,Yes,19.03846153846154,SW
1983.9166666666667,0.0016851017059419744,7.447445590093829,10.887407769738694,-11.032883322058675,10.825391990164677,Yes,18.336538461538463,SW
1984,-0.04706507891743268,7.472795823387563,10.208884640145257,-11.032883322058675,10.825391990164677,No,17.634615384615387,SW
1984.0833333333335,-0.30437627049343907,7.502880881852041,9.734187696333708,-11.032883322058675,10.825391990164677,No,16.93269230769231,SW
1984.1666666666667,-0.4446706039847262,7.532965940316519,9.14247389443744,-11.032883322058675,10.825391990164677,No,16.230769230769234,SW
1984.25,-0.13653152238480318,7.563050998780996,8.102326677449962,-11.032883322058675,10.825391990164677,No,15.528846153846155,SW
1984.3333333333335,-0.10137355046170964,7.5931360572454745,7.335160570139313,-11.032883322058675,10.825391990164677,No,14.826923076923078,SW
1984.4166666666667,0.0895184323451262,7.623221115709953,6.412260451944922,-11.032883322058675,10.825391990164677,No,14.125000000000002,SW
1984.5,-0.5893964617185818,7.65330617417443,6.3591672106210755,-11.032883322058675,10.825391990164677,No,13.423076923076923,SW
1984.5833333333335,0.12993298267818612,7.6833912326389076,4.907829630836753,-11.032883322058675,10.825391990164677,No,12.721153846153847,SW
1984.6666666666667,1.1104608169144197,7.713476291103386,3.195293661212964,-11.032883322058675,10.825391990164677,No,12.01923076923077,SW
1984.75,0.19022849150922153,7.743561349567864,3.3835178512306054,-11.032883322058675,10.825391990164677,No,11.317307692307692,SW
1984.8333333333335,0.10158767462704138,7.7736464080323415,2.7401505327252345,-11.032883322058675,10.825391990164677,No,10.615384615384617,SW
1984.9166666666667,0.0016851017059419744,7.803731466496819,2.108044970258778,-11.032883322058675,10.825391990164677,No,9.913461538461538,SW
1985,-0.04706507891743268,7.833816524961297,1.4247870154945987,-11.032883322058675,10.825391990164677,No,9.211538461538463,SW
1985.0833333333335,-0.30437627049343907,7.8639015834257755,0.9500900716830483,-11.032883322058675,10.825391990164677,No,8.509615384615385,SW
1985.1666666666667,-0.4446706039847262,7.893986641890253,0.35837626978678117,-11.032883322058675,10.825391990164677,No,7.8076923076923075,SW
1985.25,-0.13653152238480318,7.926331076530702,-0.6840303233766667,-11.032883322058675,10.825391990164677,No,7.105769230769232,SW
1985.3333333333335,-0.10137355046170964,7.95867551117115,-1.4534558068632872,-11.032883322058675,10.825391990164677,No,6.403846153846153,SW
1985.4166666666667,0.0895184323451262,7.991019945811599,-2.3786153012336477,-11.032883322058675,10.825391990164677,No,5.7019230769230775,SW
1985.5,-0.5893964617185818,8.023364380452048,-2.4339679187334653,-11.032883322058675,10.825391990164677,No,5,SW
1985.5833333333335,0.12993298267818612,8.055708815092496,-3.185641797770682,-11.032883322058675,10.825391990164677,No,5,SW
1985.6666666666667,1.1104608169144197,8.088053249732946,-4.198514066647365,-11.032883322058675,10.825391990164677,No,5,SW
1985.75,0.19022849150922153,8.120397684373394,-3.310626175882615,-11.032883322058675,10.825391990164677,No,5,SW
1985.8333333333335,0.10158767462704138,8.152742119013842,-3.208875248186338,-11.032883322058675,10.825391990164677,No,5.045454545454546,SW
1985.9166666666667,0.0016851017059419744,8.185086553654292,-3.095862564451143,-11.032883322058675,10.825391990164677,No,5.090909090909091,SW
1986,-0.04706507891743268,8.21743098829474,-3.0340022730136713,-11.032883322058675,10.825391990164677,No,5.136363636363637,SW
1986.0833333333335,-0.30437627049343907,8.249775422935189,-2.7635809706235683,-11.032883322058675,10.825391990164677,No,5.181818181818182,SW
1986.1666666666667,-0.4446706039847262,8.282119857575637,-2.610176526318183,-11.032883322058675,10.825391990164677,No,5.2272727272727275,SW
1986.25,-0.13653152238480318,8.314464292216087,-2.905205497104011,-11.032883322058675,10.825391990164677,No,5.2727272727272725,SW
1986.3333333333335,-0.10137355046170964,8.346808726856535,-2.927253358213007,-11.032883322058675,10.825391990164677,No,5.318181818181818,SW
1986.4166666666667,0.0895184323451262,8.369783352859374,-3.0956654215681363,-11.032883322058675,10.825391990164677,No,5.363636363636363,SW
1986.5,-0.5893964617185818,8.392757978862212,-2.3942706080527216,-11.032883322058675,10.825391990164677,No,5.409090909090908,SW
1986.5833333333335,0.12993298267818612,8.415732604865052,-3.0911201329977844,-11.032883322058675,10.825391990164677,No,5.454545454545454,SW
1986.6666666666667,1.1104608169144197,8.438707230867891,-4.04916804778231,-11.032883322058675,10.825391990164677,No,5.5,SW
1986.75,0.19022849150922153,8.46168185687073,-2.6519103483799507,-11.032883322058675,10.825391990164677,No,6,SW
1986.8333333333335,0.10158767462704138,8.484656482873568,-2.78624415750061,-11.032883322058675,10.825391990164677,No,5.8,SW
1986.9166666666667,0.0016851017059419744,8.507631108876408,-2.9093162105823502,-11.032883322058675,10.825391990164677,No,5.6,SW
1987,-0.04706507891743268,8.530605734879247,-3.083540655961814,-11.032883322058675,10.825391990164677,No,5.4,SW
1987.0833333333335,-0.30437627049343907,8.553580360882085,-3.0492040903886464,-11.032883322058675,10.825391990164677,No,5.2,SW
1987.1666666666667,-0.4446706039847262,8.576554986884924,-3.131884382900197,-11.032883322058675,10.825391990164677,No,5,SW
1987.25,-0.13653152238480318,8.599529612887762,-3.4629980905029587,-11.032883322058675,10.825391990164677,No,5,SW
1987.3333333333335,-0.10137355046170964,8.622504238890603,-3.521130688428893,-11.032883322058675,10.825391990164677,No,5,SW
1987.4166666666667,0.0895184323451262,8.645478864893441,-3.6683306305719006,-11.032883322058675,10.825391990164677,No,5.066666666666666,SW
1987.5,-0.5893964617185818,8.66845349089628,-2.9457236958443644,-11.032883322058675,10.825391990164677,No,5.133333333333333,SW
1987.5833333333335,0.12993298267818612,8.713104743816162,-3.643037726494348,-11.032883322058675,10.825391990164677,No,5.2,SW
1987.6666666666667,1.1104608169144197,8.757755996736046,3.0067831863495336,-11.032883322058675,10.825391990164677,No,12.875,SW
1987.75,0.19022849150922153,8.802407249655928,3.8198642588348495,-11.032883322058675,10.825391990164677,No,12.8125,SW
1987.8333333333335,0.10158767462704138,8.84705850257581,3.8013538227971484,-11.032883322058675,10.825391990164677,No,12.75,SW
1987.9166666666667,0.0016851017059419744,8.891709755495695,3.7941051427983634,-11.032883322058675,10.825391990164677,No,12.6875,SW
1988,-0.04706507891743268,8.936361008415577,3.735704070501855,-11.032883322058675,10.825391990164677,No,12.625,SW
1988.0833333333335,-0.30437627049343907,8.98101226133546,3.885864009157979,-11.032883322058675,10.825391990164677,No,12.5625,SW
1988.1666666666667,-0.4446706039847262,9.025663514255344,3.919007089729382,-11.032883322058675,10.825391990164677,No,12.5,SW
1988.25,-0.13653152238480318,9.070314767175226,3.5037167552095774,-11.032883322058675,10.825391990164677,No,12.4375,SW
1988.3333333333335,-0.10137355046170964,9.11496602009511,3.3614075303665985,-11.032883322058675,10.825391990164677,No,12.375,SW
1988.4166666666667,0.0895184323451262,9.159617273014993,3.0633642946398805,-11.032883322058675,10.825391990164677,No,12.3125,SW
1988.5,-0.5893964617185818,9.204268525934875,3.635127935783707,-11.032883322058675,10.825391990164677,No,12.25,SW
1988.5833333333335,0.12993298267818612,9.24891977885476,2.8086472384670547,-11.032883322058675,10.825391990164677,No,12.1875,SW
1988.6666666666667,1.1104608169144197,9.293571031774642,1.720968151310938,-11.032883322058675,10.825391990164677,No,12.125,SW
1988.75,0.19022849150922153,9.34137114886798,2.530900359622798,-11.032883322058675,10.825391990164677,No,12.0625,SW
1988.8333333333335,0.10158767462704138,9.389171265961318,2.509241059411641,-11.032883322058675,10.825391990164677,No,12,SW
1988.9166666666667,0.0016851017059419744,9.436971383054656,0.47801018190606825,-11.032883322058675,10.825391990164677,No,9.916666666666666,SW
1989,-0.04706507891743268,9.484771500147996,-1.6043730878972298,-11.032883322058675,10.825391990164677,No,7.833333333333334,SW
1989.0833333333335,-0.30437627049343907,9.532571617241334,-3.4781953467478957,-11.032883322058675,10.825391990164677,No,5.75,SW
1989.1666666666667,-0.4446706039847262,9.580371734334673,-3.302367797016613,-11.032883322058675,10.825391990164677,No,5.833333333333333,SW
1989.25,-0.13653152238480318,9.62817185142801,-3.5749736623765402,-11.032883322058675,10.825391990164677,No,5.916666666666667,SW
1989.3333333333335,-0.10137355046170964,9.675971968521349,-3.5745984180596393,-11.032883322058675,10.825391990164677,No,6,SW
1989.4166666666667,0.0895184323451262,9.723772085614687,8.607762113619135,-11.032883322058675,10.825391990164677,No,18.42105263157895,SW
1989.5,-0.5893964617185818,9.771572202708025,21.659929522168454,-11.032883322058675,10.825391990164677,Yes,30.842105263157897,SW
1989.5833333333335,0.12993298267818612,9.819372319801365,5.336408983234735,-11.032883322058675,10.825391990164677,No,15.285714285714286,SW
1989.6666666666667,1.1104608169144197,9.867172436894704,1.2652238890480199,-11.032883322058675,10.825391990164677,No,12.242857142857144,SW
1989.75,0.19022849150922153,9.914972553988042,-0.9052010454972645,-11.032883322058675,10.825391990164677,No,9.2,SW
1989.8333333333335,0.10158767462704138,9.96277267108138,-1.964360345708422,-11.032883322058675,10.825391990164677,No,8.1,SW
1989.9166666666667,0.0016851017059419744,9.985049804816779,-2.9867349065227202,-11.032883322058675,10.825391990164677,No,7,SW
1990,-0.04706507891743268,10.007326938552175,2.039738140365257,-11.032883322058675,10.825391990164677,No,12,SW
1990.0833333333335,-0.30437627049343907,10.029604072287574,-0.28078335734969073,-11.032883322058675,10.825391990164677,No,9.444444444444445,SW
1990.1666666666667,-0.4446706039847262,10.051881206022973,-4.34054393537158,-11.032883322058675,10.825391990164677,No,5.266666666666667,SW
1990.25,-0.13653152238480318,10.074158339758371,-0.6376268173735671,-11.032883322058675,10.825391990164677,No,9.3,SW
1990.3333333333335,-0.10137355046170964,10.096435473493768,3.3382714103012745,-11.032883322058675,10.825391990164677,No,13.333333333333334,SW
1990.4166666666667,0.0895184323451262,10.118712607229167,2.308435627092372,-11.032883322058675,10.825391990164677,No,12.516666666666666,SW
1990.5,-0.5893964617185818,10.140989740964566,2.148406720754016,-11.032883322058675,10.825391990164677,No,11.7,SW
1990.5833333333335,0.12993298267818612,10.163266874699962,-3.881435151495795,-11.032883322058675,10.825391990164677,No,6.411764705882353,SW
1990.6666666666667,1.1104608169144197,10.185544008435361,-4.581719111064066,-11.032883322058675,10.825391990164677,No,6.714285714285714,SW
1990.75,0.19022849150922153,10.20782114217076,-1.5259717116020592,-11.032883322058675,10.825391990164677,No,8.872077922077922,SW
1990.8333333333335,0.10158767462704138,10.230098275906158,0.6981841793369306,-11.032883322058675,10.825391990164677,No,11.02987012987013,SW
1990.9166666666667,0.0016851017059419744,10.252375409641555,2.93360182631484,-11.032883322058675,10.825391990164677,No,13.187662337662337,SW
1991,-0.04706507891743268,10.274652543376954,5.117867080995024,-11.032883322058675,10.825391990164677,No,15.345454545454546,SW
1991.0833333333335,-0.30437627049343907,10.266046204782674,7.541576818957518,-11.032883322058675,10.825391990164677,No,17.503246753246753,SW
1991.1666666666667,-0.4446706039847262,10.257439866188392,9.848269698835292,-11.032883322058675,10.825391990164677,No,19.661038961038958,SW
1991.25,-0.13653152238480318,10.248833527594112,11.706529163621859,-11.032883322058675,10.825391990164677,Yes,21.818831168831167,SW
1991.3333333333335,-0.10137355046170964,10.240227188999832,13.837769738085253,-11.032883322058675,10.825391990164677,Yes,23.976623376623376,SW
1991.4166666666667,0.0895184323451262,10.231620850405552,15.813276301664906,-11.032883322058675,10.825391990164677,Yes,26.134415584415585,SW
1991.5,-0.5893964617185818,10.22301451181127,18.658589742115105,-11.032883322058675,10.825391990164677,Yes,28.292207792207794,SW
1991.5833333333335,0.12993298267818612,10.21440817321699,20.105658844104823,-11.032883322058675,10.825391990164677,Yes,30.45,SW
1991.6666666666667,1.1104608169144197,10.20580183462271,2.68373734846287,-11.032883322058675,10.825391990164677,No,14,SW
1991.75,0.19022849150922153,10.197195496028428,3.4004548003411372,-11.032883322058675,10.825391990164677,No,13.787878787878787,SW
1991.8333333333335,0.10158767462704138,10.188589157434148,3.2855807436963875,-11.032883322058675,10.825391990164677,No,13.575757575757576,SW
1991.9166666666667,0.0016851017059419744,10.179982818839868,3.181968443090554,-11.032883322058675,10.825391990164677,No,13.363636363636363,SW
1992,-0.04706507891743268,10.171376480245588,3.027203750186997,-11.032883322058675,10.825391990164677,No,13.151515151515152,SW
1992.0833333333335,-0.30437627049343907,10.162770141651306,3.0810000682360723,-11.032883322058675,10.825391990164677,No,12.93939393939394,SW
1992.1666666666667,-0.4446706039847262,10.154163803057026,3.0177795282004265,-11.032883322058675,10.825391990164677,No,12.727272727272727,SW
1992.25,-0.13653152238480318,10.134465669774126,2.5172173677621927,-11.032883322058675,10.825391990164677,No,12.515151515151516,SW
1992.3333333333335,-0.10137355046170964,10.114767536491225,2.2896363170007863,-11.032883322058675,10.825391990164677,No,12.303030303030303,SW
1992.4166666666667,0.0895184323451262,10.095069403208324,1.9063212553556408,-11.032883322058675,10.825391990164677,No,12.090909090909092,SW
1992.5,-0.5893964617185818,10.075371269925425,2.3928130705810364,-11.032883322058675,10.825391990164677,No,11.878787878787879,SW
1992.5833333333335,0.12993298267818612,10.055673136642525,1.4810605473459546,-11.032883322058675,10.825391990164677,No,11.666666666666666,SW
1992.6666666666667,1.1104608169144197,10.035975003359624,0.30810963427141047,-11.032883322058675,10.825391990164677,No,11.454545454545455,SW
1992.75,0.19022849150922153,10.016276870076723,1.035918880838297,-11.032883322058675,10.825391990164677,No,11.242424242424242,SW
1992.8333333333335,0.10158767462704138,9.996578736793824,0.9321366188821649,-11.032883322058675,10.825391990164677,No,11.03030303030303,SW
1992.9166666666667,0.0016851017059419744,9.976880603510924,0.8396161129649524,-11.032883322058675,10.825391990164677,No,10.818181818181818,SW
1993,-0.04706507891743268,9.957182470228023,0.6959432147500149,-11.032883322058675,10.825391990164677,No,10.606060606060606,SW
1993.0833333333335,-0.30437627049343907,9.937484336945122,0.7608313274877112,-11.032883322058675,10.825391990164677,No,10.393939393939394,SW
1993.1666666666667,-0.4446706039847262,9.917786203662223,0.7087025821406847,-11.032883322058675,10.825391990164677,No,10.181818181818182,SW
1993.25,-0.13653152238480318,9.898088070379323,0.20814042170244917,-11.032883322058675,10.825391990164677,No,9.969696969696969,SW
1993.3333333333335,-0.10137355046170964,9.878389937096422,-0.019440629058955494,-11.032883322058675,10.825391990164677,No,9.757575757575758,SW
1993.4166666666667,0.0895184323451262,9.845008849412304,-0.38907273630288586,-11.032883322058675,10.825391990164677,No,9.545454545454545,SW
1993.5,-0.5893964617185818,9.811627761728184,0.11110203332373203,-11.032883322058675,10.825391990164677,No,9.333333333333334,SW
1993.5833333333335,0.12993298267818612,9.778246674044066,-0.7869675355101311,-11.032883322058675,10.825391990164677,No,9.121212121212121,SW
1993.6666666666667,1.1104608169144197,9.744865586359948,-1.9462354941834592,-11.032883322058675,10.825391990164677,No,8.909090909090908,SW
1993.75,0.19022849150922153,9.711484498675828,-1.204743293215353,-11.032883322058675,10.825391990164677,No,8.696969696969697,SW
1993.8333333333335,0.10158767462704138,9.67810341099171,-1.2948426007702665,-11.032883322058675,10.825391990164677,No,8.484848484848484,SW
1993.9166666666667,0.0016851017059419744,9.644722323307592,-1.373680152286262,-11.032883322058675,10.825391990164677,No,8.272727272727272,SW
1994,-0.04706507891743268,9.611341235623472,-1.5036700960999791,-11.032883322058675,10.825391990164677,No,8.06060606060606,SW
1994.0833333333335,-0.30437627049343907,9.577960147939354,-1.4250990289610659,-11.032883322058675,10.825391990164677,No,7.8484848484848495,SW
1994.1666666666667,-0.4446706039847262,9.544579060255234,-1.463544819906872,-11.032883322058675,10.825391990164677,No,7.636363636363636,SW
1994.25,-0.13653152238480318,9.511197972571116,-1.9504240259438888,-11.032883322058675,10.825391990164677,No,7.424242424242424,SW
1994.3333333333335,-0.10137355046170964,9.477816884886998,-2.1643221223040765,-11.032883322058675,10.825391990164677,No,7.212121212121212,SW
1994.4166666666667,0.0895184323451262,9.444435797202878,-2.533954229548004,-11.032883322058675,10.825391990164677,No,7,SW
1994.5,-0.5893964617185818,9.41105470951876,-1.5786026922446226,-11.032883322058675,10.825391990164677,No,7.243055555555555,SW
1994.5833333333335,0.12993298267818612,9.357638917441252,-2.001460789008326,-11.032883322058675,10.825391990164677,No,7.486111111111112,SW
1994.6666666666667,1.1104608169144197,9.304223125363743,-2.6855172756114953,-11.032883322058675,10.825391990164677,No,7.729166666666667,SW
1994.75,0.19022849150922153,9.250807333286234,-1.468813602573233,-11.032883322058675,10.825391990164677,No,7.972222222222222,SW
1994.8333333333335,0.10158767462704138,9.197391541208725,-1.0837014380579877,-11.032883322058675,10.825391990164677,No,8.215277777777779,SW
1994.9166666666667,0.0016851017059419744,9.143975749131217,-0.6873275175038245,-11.032883322058675,10.825391990164677,No,8.458333333333334,SW
1995,-0.04706507891743268,9.090559957053708,-1.3143282114696087,-11.032883322058675,10.825391990164677,No,7.729166666666667,SW
1995.0833333333335,-0.30437627049343907,9.0371441649762,-1.7327678944827607,-11.032883322058675,10.825391990164677,No,7,SW
1995.1666666666667,-0.4446706039847262,8.983728372898693,-1.414057768913966,-11.032883322058675,10.825391990164677,No,7.125,SW
1995.25,-0.13653152238480318,8.930312580821184,-1.5437810584363802,-11.032883322058675,10.825391990164677,No,7.25,SW
1995.3333333333335,-0.10137355046170964,8.876896788743675,-1.24988221264094,-11.032883322058675,10.825391990164677,No,7.5256410256410255,SW
1995.4166666666667,0.0895184323451262,8.823480996666166,-1.1117173777292413,-11.032883322058675,10.825391990164677,No,7.801282051282051,SW
1995.5,-0.5893964617185818,8.770065204588658,-0.10374566594699886,-11.032883322058675,10.825391990164677,No,8.076923076923077,SW
1995.5833333333335,0.12993298267818612,8.716649412511149,-2.6799157285226682,-11.032883322058675,10.825391990164677,No,6.166666666666667,SW
1995.6666666666667,1.1104608169144197,8.66323362043364,6.238210324556702,-11.032883322058675,10.825391990164677,No,16.011904761904763,SW
1995.75,0.19022849150922153,8.617012854995687,17.04990151063795,-11.032883322058675,10.825391990164677,Yes,25.857142857142858,SW
1995.8333333333335,0.10158767462704138,8.570792089557733,2.3276202358152265,-11.032883322058675,10.825391990164677,No,11,SW
1995.9166666666667,0.0016851017059419744,8.52457132411978,11.740410240840944,-11.032883322058675,10.825391990164677,Yes,20.266666666666666,SW
1996,-0.04706507891743268,8.478350558681827,1.5687145202356056,-11.032883322058675,10.825391990164677,No,10,SW
1996.0833333333335,-0.30437627049343907,8.432129793243874,1.8722464772495648,-11.032883322058675,10.825391990164677,No,10,SW
1996.1666666666667,-0.4446706039847262,8.38590902780592,2.0587615761788065,-11.032883322058675,10.825391990164677,No,10,SW
1996.25,-0.13653152238480318,8.339688262367966,1.7968432600168374,-11.032883322058675,10.825391990164677,No,10,SW
1996.3333333333335,-0.10137355046170964,8.293467496930013,1.8079060535316955,-11.032883322058675,10.825391990164677,No,10,SW
1996.4166666666667,0.0895184323451262,8.247246731492059,1.6632348361628146,-11.032883322058675,10.825391990164677,No,10,SW
1996.5,-0.5893964617185818,8.201025966054106,0.13837049566447668,-11.032883322058675,10.825391990164677,No,7.75,SW
1996.5833333333335,0.12993298267818612,8.154805200616153,5.010292872606282,-11.032883322058675,10.825391990164677,No,13.29503105590062,SW
1996.6666666666667,1.1104608169144197,8.1085844351782,9.621016859708623,-11.032883322058675,10.825391990164677,No,18.84006211180124,SW
1996.75,0.19022849150922153,8.062363669740245,16.1325010064524,-11.032883322058675,10.825391990164677,Yes,24.385093167701864,SW
1996.8333333333335,0.10158767462704138,8.016142904302292,21.812393644673154,-11.032883322058675,10.825391990164677,Yes,29.930124223602487,SW
1996.9166666666667,0.0016851017059419744,7.990555534520433,27.48291464327673,-11.032883322058675,10.825391990164677,Yes,35.475155279503106,SW
1997,-0.04706507891743268,7.964968164738574,33.10228324958259,-11.032883322058675,10.825391990164677,Yes,41.02018633540373,SW
1997.0833333333335,-0.30437627049343907,7.939380794956715,38.93021286684108,-11.032883322058675,10.825391990164677,Yes,46.56521739130435,SW
1997.1666666666667,-0.4446706039847262,7.913793425174855,35.930877178809865,-11.032883322058675,10.825391990164677,Yes,43.4,SW
1997.25,-0.13653152238480318,7.888206055392996,1.8316588003251413,-11.032883322058675,10.825391990164677,No,9.583333333333334,SW
1997.3333333333335,-0.10137355046170964,7.862618685611137,1.5244691505648582,-11.032883322058675,10.825391990164677,No,9.285714285714286,SW
1997.4166666666667,0.0895184323451262,7.837031315829278,0.5109502518255953,-11.032883322058675,10.825391990164677,No,8.4375,SW
1997.5,-0.5893964617185818,7.811443946047418,-0.2220474843288356,-11.032883322058675,10.825391990164677,No,7,SW
1997.5833333333335,0.12993298267818612,7.785856576265559,-1.1657895589437448,-11.032883322058675,10.825391990164677,No,6.75,SW
1997.6666666666667,1.1104608169144197,7.7602692064836996,-2.370730023398119,-11.032883322058675,10.825391990164677,No,6.5,SW
1997.75,0.19022849150922153,7.73468183670184,-2.1249103282110617,-11.032883322058675,10.825391990164677,No,5.8,SW
1997.8333333333335,0.10158767462704138,7.709094466919981,-0.6035392844041656,-11.032883322058675,10.825391990164677,No,7.207142857142857,SW
1997.9166666666667,0.0016851017059419744,7.683507097138122,0.9290935154416502,-11.032883322058675,10.825391990164677,No,8.614285714285714,SW
1998,-0.04706507891743268,7.657919727356263,2.410573922989742,-11.032883322058675,10.825391990164677,No,10.021428571428572,SW
1998.0833333333335,-0.30437627049343907,7.640492656000994,4.0924550430638735,-11.032883322058675,10.825391990164677,No,11.428571428571429,SW
1998.1666666666667,-0.4446706039847262,7.623065584645725,6.006790204524184,-11.032883322058675,10.825391990164677,No,13.185185185185183,SW
1998.25,-0.13653152238480318,7.605638513290456,-2.1357736575723196,-11.032883322058675,10.825391990164677,No,5.333333333333333,SW
1998.3333333333335,-0.10137355046170964,7.588211441935187,-2.1214532760888627,-11.032883322058675,10.825391990164677,No,5.365384615384615,SW
1998.4166666666667,0.0895184323451262,7.5707843705799185,-2.2628669054891475,-11.032883322058675,10.825391990164677,No,5.397435897435897,SW
1998.5,-0.5893964617185818,7.55335729922465,-1.5344736580188885,-11.032883322058675,10.825391990164677,No,5.429487179487179,SW
1998.5833333333335,0.12993298267818612,7.535930227869381,-2.204324749009105,-11.032883322058675,10.825391990164677,No,5.461538461538462,SW
1998.6666666666667,1.1104608169144197,7.518503156514113,-3.1353742298387886,-11.032883322058675,10.825391990164677,No,5.493589743589744,SW
1998.75,0.19022849150922153,7.501076085158844,-2.1656635510270394,-11.032883322058675,10.825391990164677,No,5.5256410256410255,SW
1998.8333333333335,0.10158767462704138,7.483649013803575,-2.027544380738309,-11.032883322058675,10.825391990164677,No,5.5576923076923075,SW
1998.9166666666667,0.0016851017059419744,7.466221942448306,-1.8781634544106582,-11.032883322058675,10.825391990164677,No,5.589743589743589,SW
1999,-0.04706507891743268,7.448794871093037,-1.7799349203807333,-11.032883322058675,10.825391990164677,No,5.621794871794871,SW
1999.0833333333335,-0.30437627049343907,7.431367799737768,-1.4731453753981754,-11.032883322058675,10.825391990164677,No,5.653846153846154,SW
1999.1666666666667,-0.4446706039847262,7.413940728382499,-1.2833726885003367,-11.032883322058675,10.825391990164677,No,5.685897435897436,SW
1999.25,-0.13653152238480318,7.395834799885987,-1.541354559552465,-11.032883322058675,10.825391990164677,No,5.717948717948718,SW
1999.3333333333335,-0.10137355046170964,7.377728871389475,-1.526355320927765,-11.032883322058675,10.825391990164677,No,5.75,SW
1999.4166666666667,0.0895184323451262,7.359622942892962,0.050858624761912274,-11.032883322058675,10.825391990164677,No,7.5,SW
1999.5,-0.5893964617185818,7.341517014396449,2.4978794473221333,-11.032883322058675,10.825391990164677,No,9.25,SW
1999.5833333333335,0.12993298267818612,7.323411085899937,3.546655931421877,-11.032883322058675,10.825391990164677,No,11,SW
1999.6666666666667,1.1104608169144197,7.305305157403424,-0.7490993076511767,-11.032883322058675,10.825391990164677,No,7.666666666666667,SW
1999.75,0.19022849150922153,7.287199228906911,-0.18113142411983585,-11.032883322058675,10.825391990164677,No,7.296296296296297,SW
1999.8333333333335,0.10158767462704138,7.2690933004103995,-0.44475504911151464,-11.032883322058675,10.825391990164677,No,6.9259259259259265,SW
1999.9166666666667,0.0016851017059419744,7.250987371913887,-0.6971169180642729,-11.032883322058675,10.825391990164677,No,6.555555555555555,SW
2000,-0.04706507891743268,7.232881443417375,-1.000631179314757,-11.032883322058675,10.825391990164677,No,6.185185185185185,SW
2000.0833333333335,-0.30437627049343907,7.214775514920862,-1.0955844296126083,-11.032883322058675,10.825391990164677,No,5.814814814814815,SW
2000.1666666666667,-0.4446706039847262,7.196669586424349,-1.3075545379951778,-11.032883322058675,10.825391990164677,No,5.444444444444445,SW
2000.25,-0.13653152238480318,7.178563657927837,-0.8198099133208112,-11.032883322058675,10.825391990164677,No,6.222222222222222,SW
2000.3333333333335,-0.10137355046170964,7.160457729431324,-0.0590841789696146,-11.032883322058675,10.825391990164677,No,7,SW
2000.4166666666667,0.0895184323451262,7.162130800362893,1.3365860614096272,-11.032883322058675,10.825391990164677,No,8.588235294117647,SW
2000.5,-0.5893964617185818,7.163803871294462,-1.5744074095758798,-11.032883322058675,10.825391990164677,No,5,SW
2000.5833333333335,0.12993298267818612,7.1654769422260305,0.7045900750957834,-11.032883322058675,10.825391990164677,No,8,SW
2000.6666666666667,1.1104608169144197,7.1671500131576,-0.5083800608412501,-11.032883322058675,10.825391990164677,No,7.769230769230769,SW
2000.75,0.19022849150922153,7.168823084089168,0.17940996286314892,-11.032883322058675,10.825391990164677,No,7.538461538461538,SW
2000.8333333333335,0.10158767462704138,7.170496155020738,0.03560847804452827,-11.032883322058675,10.825391990164677,No,7.3076923076923075,SW
2000.9166666666667,0.0016851017059419744,7.172169225952306,-0.09693125073517095,-11.032883322058675,10.825391990164677,No,7.076923076923077,SW
2001,-0.04706507891743268,7.173842296883874,-0.2806233718125961,-11.032883322058675,10.825391990164677,No,6.846153846153846,SW
2001.0833333333335,-0.30437627049343907,7.175515367815444,-0.25575448193739003,-11.032883322058675,10.825391990164677,No,6.615384615384615,SW
2001.1666666666667,-0.4446706039847262,7.177188438747012,-0.3479024501469006,-11.032883322058675,10.825391990164677,No,6.384615384615385,SW
2001.25,-0.13653152238480318,7.1788615096785815,-0.8884838334476246,-11.032883322058675,10.825391990164677,No,6.153846153846153,SW
2001.3333333333335,-0.10137355046170964,7.18053458061015,-1.1560841070715169,-11.032883322058675,10.825391990164677,No,5.923076923076923,SW
2001.4166666666667,0.0895184323451262,7.182207651541719,-1.5794183915791526,-11.032883322058675,10.825391990164677,No,5.6923076923076925,SW
2001.5,-0.5893964617185818,7.183880722473288,-1.1329457992162437,-11.032883322058675,10.825391990164677,No,5.461538461538462,SW
2001.5833333333335,0.12993298267818612,7.197115361008382,-2.096279112917337,-11.032883322058675,10.825391990164677,No,5.230769230769231,SW
2001.6666666666667,1.1104608169144197,7.210349999543475,-3.320810816457895,-11.032883322058675,10.825391990164677,No,5,SW
2001.75,0.19022849150922153,7.223584638078569,-1.1938131295877898,-11.032883322058675,10.825391990164677,No,6.220000000000001,SW
2001.8333333333335,0.10158767462704138,7.236819276613663,0.10159304875929553,-11.032883322058675,10.825391990164677,No,7.44,SW
2001.9166666666667,0.0016851017059419744,7.250053915148757,1.4082609831453015,-11.032883322058675,10.825391990164677,No,8.66,SW
2002,-0.04706507891743268,7.263288553683851,2.6637765252335823,-11.032883322058675,10.825391990164677,No,9.88,SW
2002.0833333333335,-0.30437627049343907,7.276523192218946,1.5992816497030642,-11.032883322058675,10.825391990164677,No,8.571428571428571,SW
2002.1666666666667,-0.4446706039847262,7.28975783075404,0.5049127732306866,-11.032883322058675,10.825391990164677,No,7.35,SW
2002.25,-0.13653152238480318,7.3029924692891335,1.1918723864290026,-11.032883322058675,10.825391990164677,No,8.358333333333333,SW
2002.3333333333335,-0.10137355046170964,7.316227107824227,2.1518131093041486,-11.032883322058675,10.825391990164677,No,9.366666666666667,SW
2002.4166666666667,0.0895184323451262,7.329461746359321,2.956019821295552,-11.032883322058675,10.825391990164677,No,10.375,SW
2002.5,-0.5893964617185818,7.342696384894415,4.6300334101575,-11.032883322058675,10.825391990164677,No,11.383333333333333,SW
2002.5833333333335,0.12993298267818612,7.355931023429509,4.905802660558972,-11.032883322058675,10.825391990164677,No,12.391666666666667,SW
2002.6666666666667,1.1104608169144197,7.369165661964603,4.920373521120977,-11.032883322058675,10.825391990164677,No,13.4,SW
2002.75,0.19022849150922153,7.380447879491229,-2.5706763710004505,-11.032883322058675,10.825391990164677,No,5,SW
2002.8333333333335,0.10158767462704138,7.391730097017857,-2.4933177716448984,-11.032883322058675,10.825391990164677,No,5,SW
2002.9166666666667,0.0016851017059419744,7.403012314544483,-2.404697416250425,-11.032883322058675,10.825391990164677,No,5,SW
2003,-0.04706507891743268,7.41429453207111,-2.3672294531536773,-11.032883322058675,10.825391990164677,No,5,SW
2003.0833333333335,-0.30437627049343907,7.425576749597737,-2.1212004791042984,-11.032883322058675,10.825391990164677,No,5,SW
2003.1666666666667,-0.4446706039847262,7.436858967124364,-1.992188363139637,-11.032883322058675,10.825391990164677,No,5,SW
2003.25,-0.13653152238480318,7.448141184650991,-2.3116096622661875,-11.032883322058675,10.825391990164677,No,5,SW
2003.3333333333335,-0.10137355046170964,7.459423402177618,-2.358049851715908,-11.032883322058675,10.825391990164677,No,5,SW
2003.4166666666667,0.0895184323451262,7.470705619704244,-2.56022405204937,-11.032883322058675,10.825391990164677,No,5,SW
2003.5,-0.5893964617185818,7.4819878372308715,-1.8925913755122892,-11.032883322058675,10.825391990164677,No,5,SW
2003.5833333333335,0.12993298267818612,7.493270054757498,0.9767969625643156,-11.032883322058675,10.825391990164677,No,8.6,SW
2003.6666666666667,1.1104608169144197,7.5045522722841245,-0.6150130891985439,-11.032883322058675,10.825391990164677,No,8,SW
2003.75,0.19022849150922153,7.515834489810752,0.27806400280701116,-11.032883322058675,10.825391990164677,No,7.984126984126984,SW
2003.8333333333335,0.10158767462704138,7.527116707337378,0.33954958628954834,-11.032883322058675,10.825391990164677,No,7.968253968253968,SW
2003.9166666666667,0.0016851017059419744,7.538408954525772,0.4122868961492392,-11.032883322058675,10.825391990164677,No,7.9523809523809526,SW
2004,-0.04706507891743268,7.549701201714164,0.433871813711205,-11.032883322058675,10.825391990164677,No,7.936507936507937,SW
2004.0833333333335,-0.30437627049343907,7.560993448902558,0.664017742225802,-11.032883322058675,10.825391990164677,No,7.920634920634921,SW
2004.1666666666667,-0.4446706039847262,7.572285696090951,0.7771468126556798,-11.032883322058675,10.825391990164677,No,7.904761904761904,SW
2004.25,-0.13653152238480318,7.5835779432793435,0.44184246799434757,-11.032883322058675,10.825391990164677,No,7.8888888888888875,SW
2004.3333333333335,-0.10137355046170964,7.594870190467737,0.37951923300984536,-11.032883322058675,10.825391990164677,No,7.873015873015873,SW
2004.4166666666667,0.0895184323451262,7.606162437656129,0.16146198714160143,-11.032883322058675,10.825391990164677,No,7.857142857142857,SW
2004.5,-0.5893964617185818,7.617454684844523,4.025513205445488,-11.032883322058675,10.825391990164677,No,11.053571428571429,SW
2004.5833333333335,0.12993298267818612,7.628746932032916,6.491320085288898,-11.032883322058675,10.825391990164677,No,14.25,SW
2004.6666666666667,1.1104608169144197,7.640039179221309,-0.08383332946906208,-11.032883322058675,10.825391990164677,No,8.666666666666666,SW
2004.75,0.19022849150922153,7.651331426409702,0.866773415414408,-11.032883322058675,10.825391990164677,No,8.708333333333332,SW
2004.8333333333335,0.10158767462704138,7.6626236735980955,0.9857886517748637,-11.032883322058675,10.825391990164677,No,8.75,SW
2004.9166666666667,0.0016851017059419744,7.673915920786488,1.1160656441742365,-11.032883322058675,10.825391990164677,No,8.791666666666666,SW
2005,-0.04706507891743268,7.685208167974881,1.1951902442758833,-11.032883322058675,10.825391990164677,No,8.833333333333332,SW
2005.0833333333335,-0.30437627049343907,7.700434828695492,1.4789414417979465,-11.032883322058675,10.825391990164677,No,8.875,SW
2005.1666666666667,-0.4446706039847262,7.715661489416103,1.6456757812352887,-11.032883322058675,10.825391990164677,No,8.916666666666666,SW
2005.25,-0.13653152238480318,7.730888150136714,1.3639767055814236,-11.032883322058675,10.825391990164677,No,8.958333333333334,SW
2005.3333333333335,-0.10137355046170964,7.746114810857325,1.355258739604384,-11.032883322058675,10.825391990164677,No,9,SW
2005.4166666666667,0.0895184323451262,7.761341471577936,2.517561148708518,-11.032883322058675,10.825391990164677,No,10.36842105263158,SW
2005.5,-0.5893964617185818,7.7765681322985465,-0.8235353069436009,-11.032883322058675,10.825391990164677,No,6.363636363636363,SW
2005.5833333333335,0.12993298267818612,7.7917947930191565,-0.6550611090306759,-11.032883322058675,10.825391990164677,No,7.266666666666667,SW
2005.6666666666667,1.1104608169144197,7.807021453739767,-1.784148937320854,-11.032883322058675,10.825391990164677,No,7.133333333333333,SW
2005.75,0.19022849150922153,7.822248114460378,-1.0124766059695993,-11.032883322058675,10.825391990164677,No,7,SW
2005.8333333333335,0.10158767462704138,7.837474775180989,-2.4390624498080307,-11.032883322058675,10.825391990164677,No,5.5,SW
2005.9166666666667,0.0016851017059419744,7.8527014359016,-2.4793865376075415,-11.032883322058675,10.825391990164677,No,5.375,SW
2006,-0.04706507891743268,7.867928096622211,-2.570863017704778,-11.032883322058675,10.825391990164677,No,5.25,SW
2006.0833333333335,-0.30437627049343907,7.883154757342822,-2.453778486849383,-11.032883322058675,10.825391990164677,No,5.125,SW
2006.1666666666667,-0.4446706039847262,7.898381418063432,-2.453710814078706,-11.032883322058675,10.825391990164677,No,5,SW
2006.25,-0.13653152238480318,7.9116366706287256,1.474894851756078,-11.032883322058675,10.825391990164677,No,9.25,SW
2006.3333333333335,-0.10137355046170964,7.92489192319402,5.676481627267689,-11.032883322058675,10.825391990164677,No,13.5,SW
2006.4166666666667,0.0895184323451262,7.938147175759313,20.52788994745112,-11.032883322058675,10.825391990164677,Yes,28.555555555555557,SW
2006.5,-0.5893964617185818,7.951402428324606,29.171327366727304,-11.032883322058675,10.825391990164677,Yes,36.53333333333333,SW
2006.5833333333335,0.12993298267818612,7.9646576808899,-2.094590663568086,-11.032883322058675,10.825391990164677,No,6,SW
2006.6666666666667,1.1104608169144197,7.977912933455193,0.5479898859940233,-11.032883322058675,10.825391990164677,No,9.636363636363637,SW
2006.75,0.19022849150922153,7.991168186020487,22.951936655803625,-11.032883322058675,10.825391990164677,Yes,31.133333333333333,SW
2006.8333333333335,0.10158767462704138,8.00442343858578,18.893988886787177,-11.032883322058675,10.825391990164677,Yes,27,SW
2006.9166666666667,0.0016851017059419744,8.017678691151074,-2.519363792857016,-11.032883322058675,10.825391990164677,No,5.5,SW
2007,-0.04706507891743268,8.030933943716366,0.6827978018677321,-11.032883322058675,10.825391990164677,No,8.666666666666666,SW
2007.0833333333335,-0.30437627049343907,8.04418919628166,0.6907426297673336,-11.032883322058675,10.825391990164677,No,8.430555555555555,SW
2007.1666666666667,-0.4446706039847262,8.057444448846955,0.5816705995822158,-11.032883322058675,10.825391990164677,No,8.194444444444445,SW
2007.25,-0.13653152238480318,8.070699701412247,0.024165154305888947,-11.032883322058675,10.825391990164677,No,7.958333333333332,SW
2007.3333333333335,-0.10137355046170964,8.08395495397754,-0.2603591812936088,-11.032883322058675,10.825391990164677,No,7.722222222222222,SW
2007.4166666666667,0.0895184323451262,8.094563900043575,-0.6979712212775899,-11.032883322058675,10.825391990164677,No,7.486111111111111,SW
2007.5,-0.5893964617185818,8.105172846109607,-0.2657763843910246,-11.032883322058675,10.825391990164677,No,7.25,SW
2007.5833333333335,0.12993298267818612,8.11578179217564,-3.245714774853827,-11.032883322058675,10.825391990164677,No,5,SW
2007.6666666666667,1.1104608169144197,8.126390738241673,-3.7368515551560924,-11.032883322058675,10.825391990164677,No,5.5,SW
2007.75,0.19022849150922153,8.136999684307707,-2.327228175816928,-11.032883322058675,10.825391990164677,No,6,SW
2007.8333333333335,0.10158767462704138,8.147608630373739,0.35080369499921993,-11.032883322058675,10.825391990164677,No,8.6,SW
2007.9166666666667,0.0016851017059419744,8.158217576439773,-0.4932360114790475,-11.032883322058675,10.825391990164677,No,7.666666666666667,SW
2008,-0.04706507891743268,8.168826522505807,-0.3035796254065559,-11.032883322058675,10.825391990164677,No,7.818181818181818,SW
2008.0833333333335,-0.30437627049343907,8.179435468571839,8.222501777531356,-11.032883322058675,10.825391990164677,No,16.097560975609756,SW
2008.1666666666667,-0.4446706039847262,8.190044414637873,2.803406677151731,-11.032883322058675,10.825391990164677,No,10.548780487804878,SW
2008.25,-0.13653152238480318,8.200653360703905,-3.0641218383191013,-11.032883322058675,10.825391990164677,No,5,SW
2008.3333333333335,-0.10137355046170964,8.211262306769939,-2.776555422974896,-11.032883322058675,10.825391990164677,No,5.333333333333333,SW
2008.4166666666667,0.0895184323451262,8.221871252835971,-2.64472301851443,-11.032883322058675,10.825391990164677,No,5.666666666666667,SW
2008.5,-0.5893964617185818,8.232480198902005,-1.6430837371834226,-11.032883322058675,10.825391990164677,No,6,SW
2008.5833333333335,0.12993298267818612,8.244225401399783,-1.0235090334286179,-11.032883322058675,10.825391990164677,No,7.350649350649351,SW
2008.6666666666667,1.1104608169144197,8.25597060389756,-0.6651327195132781,-11.032883322058675,10.825391990164677,No,8.701298701298702,SW
2008.75,0.19022849150922153,8.267715806395339,1.5940037540434915,-11.032883322058675,10.825391990164677,No,10.051948051948052,SW
2008.8333333333335,0.10158767462704138,8.279461008893117,3.021548719077245,-11.032883322058675,10.825391990164677,No,11.402597402597403,SW
2008.9166666666667,0.0016851017059419744,8.291206211390895,4.460355440149916,-11.032883322058675,10.825391990164677,No,12.753246753246753,SW
2009,-0.04706507891743268,8.302951413888673,5.848009768924863,-11.032883322058675,10.825391990164677,No,14.103896103896103,SW
2009.0833333333335,-0.30437627049343907,8.31469661638645,7.444225108652443,-11.032883322058675,10.825391990164677,No,15.454545454545455,SW
2009.1666666666667,-0.4446706039847262,8.326441818884227,8.923423590295304,-11.032883322058675,10.825391990164677,No,16.805194805194805,SW
2009.25,-0.13653152238480318,8.338187021382005,9.954188656846956,-11.032883322058675,10.825391990164677,No,18.155844155844157,SW
2009.3333333333335,-0.10137355046170964,8.349932223879783,11.257934833075431,-11.032883322058675,10.825391990164677,Yes,19.506493506493506,SW
2009.4166666666667,0.0895184323451262,8.361677426377561,12.40594699842017,-11.032883322058675,10.825391990164677,Yes,20.857142857142858,SW
2009.5,-0.5893964617185818,8.373422628875339,-2.7840261671567568,-11.032883322058675,10.825391990164677,No,5,SW
2009.5833333333335,0.12993298267818612,8.385167831373117,0.2944229954725053,-11.032883322058675,10.825391990164677,No,8.809523809523808,SW
2009.6666666666667,1.1104608169144197,8.396913033870895,3.1116737682623015,-11.032883322058675,10.825391990164677,No,12.619047619047617,SW
2009.75,0.19022849150922153,8.414148394429853,7.824194542632354,-11.032883322058675,10.825391990164677,No,16.428571428571427,SW
2009.8333333333335,0.10158767462704138,8.431383754988811,-1.532971429615853,-11.032883322058675,10.825391990164677,No,7,SW
2009.9166666666667,0.0016851017059419744,8.448619115547768,-1.56141532836482,-11.032883322058675,10.825391990164677,No,6.888888888888889,SW
2010,-0.04706507891743268,8.465854476106726,-1.6410116194115156,-11.032883322058675,10.825391990164677,No,6.777777777777778,SW
2010.0833333333335,-0.30437627049343907,8.483089836665684,-1.5120468995055782,-11.032883322058675,10.825391990164677,No,6.666666666666667,SW
2010.1666666666667,-0.4446706039847262,8.500325197224642,-2.0556545932399155,-11.032883322058675,10.825391990164677,No,6,SW
2010.25,-0.13653152238480318,8.517560557783598,3.0263783720086135,-11.032883322058675,10.825391990164677,No,11.407407407407408,SW
2010.3333333333335,-0.10137355046170964,8.534795918342557,-2.433422367880847,-11.032883322058675,10.825391990164677,No,6,SW
2010.4166666666667,0.0895184323451262,8.552031278901515,-3.1415497112466406,-11.032883322058675,10.825391990164677,No,5.5,SW
2010.5,-0.5893964617185818,8.569266639460473,-2.9798701777418906,-11.032883322058675,10.825391990164677,No,5,SW
2010.5833333333335,0.12993298267818612,8.586502000019431,-1.216434982697617,-11.032883322058675,10.825391990164677,No,7.5,SW
2010.6666666666667,1.1104608169144197,8.603737360578387,0.2858018225071923,-11.032883322058675,10.825391990164677,No,10,SW
2010.75,0.19022849150922153,8.620972721137345,1.6106737873534325,-11.032883322058675,10.825391990164677,No,10.421875,SW
2010.8333333333335,0.10158767462704138,8.638208081696304,2.1039542436766556,-11.032883322058675,10.825391990164677,No,10.84375,SW
2010.9166666666667,0.0016851017059419744,8.647849923748375,2.616089974545684,-11.032883322058675,10.825391990164677,No,11.265625,SW
2011,-0.04706507891743268,8.657491765800447,3.077073313116985,-11.032883322058675,10.825391990164677,No,11.6875,SW
2011.0833333333335,-0.30437627049343907,8.667133607852518,-2.4738684484701903,-11.032883322058675,10.825391990164677,No,5.888888888888889,SW
2011.1666666666667,-0.4446706039847262,8.676775449904591,-0.6167202305352504,-11.032883322058675,10.825391990164677,No,7.615384615384614,SW
2011.25,-0.13653152238480318,8.686417291956662,35.31218319594538,-11.032883322058675,10.825391990164677,Yes,43.86206896551724,SW
2011.3333333333335,-0.10137355046170964,8.696059134008735,16.336348899211593,-11.032883322058675,10.825391990164677,Yes,24.93103448275862,SW
2011.4166666666667,0.0895184323451262,8.705700976060806,-2.7952194084059316,-11.032883322058675,10.825391990164677,No,6,SW
2011.5,-0.5893964617185818,8.715342818112877,0.7629425324945949,-11.032883322058675,10.825391990164677,No,8.88888888888889,SW
2011.5833333333335,0.12993298267818612,8.72498466016495,2.9228601349346413,-11.032883322058675,10.825391990164677,No,11.777777777777777,SW
2011.6666666666667,1.1104608169144197,8.73462650221702,4.821579347535225,-11.032883322058675,10.825391990164677,No,14.666666666666666,SW
2011.75,0.19022849150922153,8.744268344269093,-0.08449683577831557,-11.032883322058675,10.825391990164677,No,8.85,SW
2011.8333333333335,0.10158767462704138,8.753910186321164,-0.7754978609482057,-11.032883322058675,10.825391990164677,No,8.08,SW
2011.9166666666667,0.0016851017059419744,8.763552028373237,-1.4552371300791789,-11.032883322058675,10.825391990164677,No,7.31,SW
2012,-0.04706507891743268,8.773193870425308,-2.1861287915078753,-11.032883322058675,10.825391990164677,No,6.54,SW
2012.0833333333335,-0.30437627049343907,8.768644795241563,-2.694268524748125,-11.032883322058675,10.825391990164677,No,5.77,SW
2012.1666666666667,-0.4446706039847262,8.764095720057819,-3.3194251160730923,-11.032883322058675,10.825391990164677,No,5,SW
2012.25,-0.13653152238480318,8.759546644874076,-1.2230151224892722,-11.032883322058675,10.825391990164677,No,7.4,SW
2012.3333333333335,-0.10137355046170964,8.754997569690332,1.1463759807713778,-11.032883322058675,10.825391990164677,No,9.8,SW
2012.4166666666667,0.0895184323451262,8.750448494506587,3.3600330731482853,-11.032883322058675,10.825391990164677,No,12.2,SW
2012.5,-0.5893964617185818,8.745899419322843,6.443497042395741,-11.032883322058675,10.825391990164677,No,14.600000000000001,SW
2012.5833333333335,0.12993298267818612,8.7413503441391,8.128716673182712,-11.032883322058675,10.825391990164677,No,17,SW
2012.6666666666667,1.1104608169144197,8.736801268955356,7.715237914130226,-11.032883322058675,10.825391990164677,No,17.5625,SW
2012.75,0.19022849150922153,8.732252193771611,-1.222480685280832,-11.032883322058675,10.825391990164677,No,7.7,SW
2012.8333333333335,0.10158767462704138,8.727703118587867,-1.8292907932149083,-11.032883322058675,10.825391990164677,No,7,SW
2012.9166666666667,0.0016851017059419744,8.723154043404122,-1.5529641451100638,-11.032883322058675,10.825391990164677,No,7.171875,SW
2013,-0.04706507891743268,8.71860496822038,-1.327789889302947,-11.032883322058675,10.825391990164677,No,7.34375,SW
2013.0833333333335,-0.30437627049343907,8.714055893036635,-0.8940546225431962,-11.032883322058675,10.825391990164677,No,7.515625,SW
2013.1666666666667,-0.4446706039847262,8.70950681785289,-0.5773362138681648,-11.032883322058675,10.825391990164677,No,7.687499999999999,SW
2013.25,-0.13653152238480318,8.700082301212277,-0.704175778827473,-11.032883322058675,10.825391990164677,No,7.859375,SW
2013.3333333333335,-0.10137355046170964,8.690657784571664,-0.5580342341099556,-11.032883322058675,10.825391990164677,No,8.03125,SW
2013.4166666666667,0.0895184323451262,8.681233267931052,-0.567626700276179,-11.032883322058675,10.825391990164677,No,8.203125,SW
2013.5,-0.5893964617185818,8.671808751290438,0.292587710428144,-11.032883322058675,10.825391990164677,No,8.375,SW
2013.5833333333335,0.12993298267818612,8.662384234649824,3.7076827826719896,-11.032883322058675,10.825391990164677,No,12.5,SW
2013.6666666666667,1.1104608169144197,8.652959718009212,-1.0967538682569655,-11.032883322058675,10.825391990164677,No,8.666666666666666,SW
2013.75,0.19022849150922153,8.6435352013686,2.999569640455512,-11.032883322058675,10.825391990164677,No,11.833333333333334,SW
2013.8333333333335,0.10158767462704138,8.634110684727986,2.264301640644973,-11.032883322058675,10.825391990164677,No,11,SW
2013.9166666666667,0.0016851017059419744,8.624686168087372,1.5402953968733542,-11.032883322058675,10.825391990164677,No,10.166666666666668,SW
2014,-0.04706507891743268,8.61526165144676,0.7651367608040065,-11.032883322058675,10.825391990164677,No,9.333333333333334,SW
2014.0833333333335,-0.30437627049343907,8.605837134806148,0.19853913568729098,-11.032883322058675,10.825391990164677,No,8.5,SW
2014.1666666666667,-0.4446706039847262,8.596412618165534,-0.4850753475141403,-11.032883322058675,10.825391990164677,No,7.666666666666667,SW
2014.25,-0.13653152238480318,8.58698810152492,-1.6171232458067824,-11.032883322058675,10.825391990164677,No,6.833333333333334,SW
2014.3333333333335,-0.10137355046170964,8.577563584884308,-2.476190034422598,-11.032883322058675,10.825391990164677,No,6,SW
2014.4166666666667,0.0895184323451262,8.5697704312873,-1.4926221969657583,-11.032883322058675,10.825391990164677,No,7.166666666666667,SW
2014.5,-0.5893964617185818,8.56197727769029,0.36075251736162706,-11.032883322058675,10.825391990164677,No,8.333333333333334,SW
2014.5833333333335,0.12993298267818612,8.55418412409328,0.8158828932285331,-11.032883322058675,10.825391990164677,No,9.5,SW
2014.6666666666667,1.1104608169144197,8.546390970496272,28.91457678401788,-11.032883322058675,10.825391990164677,Yes,38.57142857142857,SW
2014.75,0.19022849150922153,8.538597816899262,11.008015796854679,-11.032883322058675,10.825391990164677,Yes,19.73684210526316,SW
2014.8333333333335,0.10158767462704138,8.530804663302254,0.2009409954040393,-11.032883322058675,10.825391990164677,No,8.833333333333334,SW
2014.9166666666667,0.0016851017059419744,8.523011509705245,1.46697005525548,-11.032883322058675,10.825391990164677,No,9.991666666666667,SW
2015,-0.04706507891743268,8.515218356108235,2.6818467228091976,-11.032883322058675,10.825391990164677,No,11.15,SW
2015.0833333333335,-0.30437627049343907,8.507425202511227,4.105284401315545,-11.032883322058675,10.825391990164677,No,12.308333333333334,SW
2015.1666666666667,-0.4446706039847262,8.499632048914217,5.411705221737176,-11.032883322058675,10.825391990164677,No,13.466666666666667,SW
2015.25,-0.13653152238480318,8.491838895317208,6.269692627067595,-11.032883322058675,10.825391990164677,No,14.625,SW
2015.3333333333335,-0.10137355046170964,8.4840457417202,0.7006611420748428,-11.032883322058675,10.825391990164677,No,9.083333333333334,SW
2015.4166666666667,0.0895184323451262,8.47625258812319,0.10089564619834945,-11.032883322058675,10.825391990164677,No,8.666666666666666,SW
2015.5,-0.5893964617185818,8.468459434526181,-2.879062972807599,-11.032883322058675,10.825391990164677,No,5,SW
2015.5833333333335,0.12993298267818612,8.46577738241125,-2.706821476200547,-11.032883322058675,10.825391990164677,No,5.888888888888889,SW
2015.6666666666667,1.1104608169144197,8.46309533029632,-2.462445036099627,-11.032883322058675,10.825391990164677,No,7.111111111111112,SW
2015.75,0.19022849150922153,8.460413278181388,-0.31730843635727624,-11.032883322058675,10.825391990164677,No,8.333333333333334,SW
2015.8333333333335,0.10158767462704138,8.457731226066459,1.397202838436936,-11.032883322058675,10.825391990164677,No,9.956521739130435,SW
2015.9166666666667,0.0016851017059419744,8.455049173951528,26.63850381958062,-11.032883322058675,10.825391990164677,Yes,35.095238095238095,SW
2016,-0.04706507891743268,8.452367121836597,12.681654478819967,-11.032883322058675,10.825391990164677,Yes,21.08695652173913,SW
2016.0833333333335,-0.30437627049343907,8.449685069721665,-2.8119754658948937,-11.032883322058675,10.825391990164677,No,5.333333333333333,SW
2016.1666666666667,-0.4446706039847262,8.447003017606734,-2.7523324136220078,-11.032883322058675,10.825391990164677,No,5.25,SW
2016.25,-0.13653152238480318,8.444320965491803,-3.1411227764403336,-11.032883322058675,10.825391990164677,No,5.166666666666666,SW
2016.3333333333335,-0.10137355046170964,8.441638913376872,-3.2569320295818294,-11.032883322058675,10.825391990164677,No,5.083333333333333,SW
2016.4166666666667,0.0895184323451262,8.438956861261943,-3.5284752936070687,-11.032883322058675,10.825391990164677,No,5,SW
2016.5,-0.5893964617185818,8.436274809147012,1.1531216525715706,-11.032883322058675,10.825391990164677,No,9,SW
2016.5833333333335,0.12993298267818612,8.43359275703208,11.6031409269564,-11.032883322058675,10.825391990164677,Yes,20.166666666666668,SW
2016.6666666666667,1.1104608169144197,8.43091070491715,5.903072922612875,-11.032883322058675,10.825391990164677,No,15.444444444444445,SW
2016.75,0.19022849150922153,8.436878957898003,2.0951147728149984,-11.032883322058675,10.825391990164677,No,10.722222222222223,SW
2016.8333333333335,0.10158767462704138,8.442847210878854,-2.544434885505896,-11.032883322058675,10.825391990164677,No,6,SW
2016.9166666666667,0.0016851017059419744,8.448815463859708,7.626422511357427,-11.032883322058675,10.825391990164677,No,16.076923076923077,SW
2017,-0.04706507891743268,8.45478371684056,-2.907718637923127,-11.032883322058675,10.825391990164677,No,5.5,SW
2017.0833333333335,-0.30437627049343907,8.460751969821413,-2.489709032661307,-11.032883322058675,10.825391990164677,No,5.666666666666667,SW
2017.1666666666667,-0.4446706039847262,8.466720222802264,-2.1887162854842046,-11.032883322058675,10.825391990164677,No,5.833333333333333,SW
2017.25,-0.13653152238480318,8.472688475783118,-2.336156953398314,-11.032883322058675,10.825391990164677,No,6,SW
2017.3333333333335,-0.10137355046170964,8.478656728763971,11.414383488364406,-11.032883322058675,10.825391990164677,Yes,19.791666666666668,SW
2017.4166666666667,0.0895184323451262,8.484624981744822,0.31474547479894,-11.032883322058675,10.825391990164677,No,8.88888888888889,SW
2017.5,-0.5893964617185818,8.490593234725676,-0.9567523285626489,-11.032883322058675,10.825391990164677,No,6.944444444444445,SW
2017.5833333333335,0.12993298267818612,8.496561487706527,-3.6264944703847135,-11.032883322058675,10.825391990164677,No,5,SW
2017.6666666666667,1.1104608169144197,8.50252974068738,-2.6129905576018,-11.032883322058675,10.825391990164677,No,7,SW
2017.75,0.19022849150922153,8.508497993668232,0.3012735148225456,-11.032883322058675,10.825391990164677,No,9,SW
2017.8333333333335,0.10158767462704138,8.514466246649086,0.6339460787238735,-11.032883322058675,10.825391990164677,No,9.25,SW
2017.9166666666667,0.0016851017059419744,8.524330902631851,0.5677339956622074,-11.032883322058675,10.825391990164677,No,9.09375,SW
2018,-0.04706507891743268,8.534195558614618,0.4503695203028144,-11.032883322058675,10.825391990164677,No,8.9375,SW
2018.0833333333335,-0.30437627049343907,8.544060214597383,0.5415660558960553,-11.032883322058675,10.825391990164677,No,8.78125,SW
2018.1666666666667,-0.4446706039847262,8.553924870580149,0.515745733404577,-11.032883322058675,10.825391990164677,No,8.625,SW
2018.25,-0.13653152238480318,8.563789526562916,0.041491995821887784,-11.032883322058675,10.825391990164677,No,8.46875,SW
2018.3333333333335,-0.10137355046170964,8.573654182545681,-0.1597806320839723,-11.032883322058675,10.825391990164677,No,8.3125,SW
2018.4166666666667,0.0895184323451262,8.583518838528448,-0.516787270873575,-11.032883322058675,10.825391990164677,No,8.15625,SW
2018.5,-0.5893964617185818,8.593383494511214,-0.00398703279263124,-11.032883322058675,10.825391990164677,No,8,SW
2018.5833333333335,0.12993298267818612,8.603248150493979,2.6668188668278354,-11.032883322058675,10.825391990164677,No,11.4,SW
2018.6666666666667,1.1104608169144197,8.613112806476746,5.0764263766088344,-11.032883322058675,10.825391990164677,No,14.8,SW
2018.75,0.19022849150922153,8.622977462459511,-2.6132059539687322,-11.032883322058675,10.825391990164677,No,6.2,SW
2018.8333333333335,0.10158767462704138,8.632842118442277,-2.584429793069318,-11.032883322058675,10.825391990164677,No,6.15,SW
2018.9166666666667,0.0016851017059419744,8.642706774425044,-2.5443918761309856,-11.032883322058675,10.825391990164677,No,6.1,SW
2019,-0.04706507891743268,8.652571430407809,-2.5555063514903766,-11.032883322058675,10.825391990164677,No,6.05,SW
2019.0833333333335,-0.30437627049343907,8.667157899149622,-2.362781628656183,-11.032883322058675,10.825391990164677,No,6,SW
2019.1666666666667,-0.4446706039847262,8.681744367891437,-3.23707376390671,-11.032883322058675,10.825391990164677,No,5,SW
2019.25,-0.13653152238480318,8.69633083663325,-2.559799314248446,-11.032883322058675,10.825391990164677,No,6,SW
2019.3333333333335,-0.10137355046170964,8.710917305375062,-1.6095437549133527,-11.032883322058675,10.825391990164677,No,7,SW
2019.4166666666667,0.0895184323451262,8.725503774116877,-0.815022206462003,-11.032883322058675,10.825391990164677,No,8,SW
2019.5,-0.5893964617185818,8.74009024285869,0.8493062188598923,-11.032883322058675,10.825391990164677,No,9,SW
2019.5833333333335,0.12993298267818612,8.754676711600505,3.6153903057213093,-11.032883322058675,10.825391990164677,No,12.5,SW
2019.6666666666667,1.1104608169144197,8.769263180342318,6.120276002743262,-11.032883322058675,10.825391990164677,No,16,SW
2019.75,0.19022849150922153,8.78384964908413,10.52592185940665,-11.032883322058675,10.825391990164677,No,19.5,SW
2019.8333333333335,0.10158767462704138,8.798436117825945,14.099976207547014,-11.032883322058675,10.825391990164677,Yes,23,SW
2019.9166666666667,0.0016851017059419744,8.813022586567758,17.6852923117263,-11.032883322058675,10.825391990164677,Yes,26.5,SW
2020,-0.04706507891743268,8.827609055309571,21.21945602360786,-11.032883322058675,10.825391990164677,Yes,30,SW
2020.0833333333335,-0.30437627049343907,8.842195524051386,0.9621807464420531,-11.032883322058675,10.825391990164677,No,9.5,SW
2020.1666666666667,-0.4446706039847262,8.856781992793199,2.775388611191527,-11.032883322058675,10.825391990164677,No,11.1875,SW
2020.25,-0.13653152238480318,8.854277668095994,4.157253854288809,-11.032883322058675,10.825391990164677,No,12.875,SW
2020.3333333333335,-0.10137355046170964,8.851773343398792,5.812100207062917,-11.032883322058675,10.825391990164677,No,14.5625,SW
2020.4166666666667,0.0895184323451262,8.849269018701587,1.7710339775247146,-11.032883322058675,10.825391990164677,No,10.709821428571429,SW
2020.5,-0.5893964617185818,8.846764694004385,-1.4002253751429468,-11.032883322058675,10.825391990164677,No,6.857142857142856,SW
2020.5833333333335,0.12993298267818612,8.84426036930718,-3.6408600186520337,-11.032883322058675,10.825391990164677,No,5.333333333333333,SW
2020.6666666666667,1.1104608169144197,8.841756044609978,-3.7855501948577315,-11.032883322058675,10.825391990164677,No,6.166666666666666,SW
2020.75,0.19022849150922153,8.839251719912774,-2.029480211421995,-11.032883322058675,10.825391990164677,No,7,SW
2020.8333333333335,0.10158767462704138,8.83674739521557,2.3116649301573897,-11.032883322058675,10.825391990164677,No,11.25,SW
2020.9166666666667,0.0016851017059419744,8.834243070518367,-3.3359281722243086,-11.032883322058675,10.825391990164677,No,5.5,SW
2021,-0.04706507891743268,8.831738745821163,-0.13586414309420647,-11.032883322058675,10.825391990164677,No,8.648809523809524,SW
2021.0833333333335,-0.30437627049343907,8.82923442112396,3.272760896988526,-11.032883322058675,10.825391990164677,No,11.797619047619047,SW
2021.1666666666667,-0.4446706039847262,8.826730096426756,6.564369078986541,-11.032883322058675,10.825391990164677,No,14.946428571428571,SW
2021.25,-0.13653152238480318,8.824225771729553,9.407543845893345,-11.032883322058675,10.825391990164677,No,18.095238095238095,SW
2021.3333333333335,-0.10137355046170964,8.821721447032349,2.2796521034293598,-11.032883322058675,10.825391990164677,No,11,SW
2021.4166666666667,0.0895184323451262,8.813311358727375,2.1118760912804397,-11.032883322058675,10.825391990164677,No,11.014705882352942,SW
2021.5,-0.5893964617185818,8.804901270422404,2.813906956002061,-11.032883322058675,10.825391990164677,No,11.029411764705882,SW
2021.5833333333335,0.12993298267818612,8.79649118211743,2.1176934822632063,-11.032883322058675,10.825391990164677,No,11.044117647058822,SW
2021.6666666666667,1.1104608169144197,8.7880810938124565,1.1602816186848877,-11.032883322058675,10.825391990164677,No,11.058823529411764,SW
2021.75,0.19022849150922153,8.779671005507483,4.030100502983295,-11.032883322058675,10.825391990164677,No,13,SW
2021.8333333333335,0.10158767462704138,8.771260917202511,2.127151408170448,-11.032883322058675,10.825391990164677,No,11,SW
2021.9166666666667,0.0016851017059419744,8.762850828897538,0.23546406939652087,-11.032883322058675,10.825391990164677,No,9,SW
2022,-0.04706507891743268,8.754440740592564,-1.7073756616751314,-11.032883322058675,10.825391990164677,No,7,SW
2022.0833333333335,-0.30437627049343907,8.746030652287592,-3.4416543817941534,-11.032883322058675,10.825391990164677,No,5,SW
2022.1666666666667,-0.4446706039847262,8.737620563982619,-1.709616626664559,-11.032883322058675,10.825391990164677,No,6.583333333333333,SW
2022.25,-0.13653152238480318,8.729210475677645,-0.4260122866261753,-11.032883322058675,10.825391990164677,No,8.166666666666666,SW
2022.3333333333335,-0.10137355046170964,8.720800387372671,1.1305731630890374,-11.032883322058675,10.825391990164677,No,9.75,SW
2022.4166666666667,0.0895184323451262,8.7123902990677,0.8903989608948653,-11.032883322058675,10.825391990164677,No,9.692307692307692,SW
2022.5,-0.5893964617185818,8.703980210762726,-0.4479170823774776,-11.032883322058675,10.825391990164677,No,7.666666666666666,SW
2022.5833333333335,0.12993298267818612,8.694145000182946,-3.824077982861132,-11.032883322058675,10.825391990164677,No,5,SW
2022.6666666666667,1.1104608169144197,8.684309789603166,0.7934646876000624,-11.032883322058675,10.825391990164677,No,10.588235294117649,SW
2022.75,0.19022849150922153,8.674474579023386,12.629414576526216,-11.032883322058675,10.825391990164677,Yes,21.494117647058822,SW
2022.8333333333335,0.10158767462704138,8.664639368443606,23.633772956929352,-11.032883322058675,10.825391990164677,Yes,32.4,SW
2022.9166666666667,0.0016851017059419744,8.654804157863826,21.954621851541344,-11.032883322058675,10.825391990164677,Yes,30.61111111111111,SW
2023,-0.04706507891743268,8.644968947284045,-2.597903868366613,-11.032883322058675,10.825391990164677,No,6,SW
2023.0833333333335,-0.30437627049343907,8.635133736704265,18.669242533789173,-11.032883322058675,10.825391990164677,Yes,27,SW
2023.1666666666667,-0.4446706039847262,8.625298526124487,14.864826623314785,-11.032883322058675,10.825391990164677,Yes,23.045454545454547,SW
2023.25,-0.13653152238480318,8.615463315544707,8.771068206840097,-11.032883322058675,10.825391990164677,No,17.25,SW
2023.3333333333335,-0.10137355046170964,8.605628104964927,1.2179676677190017,-11.032883322058675,10.825391990164677,No,9.72222222222222,SW
2023.4166666666667,0.0895184323451262,8.595792894385147,5.914688673269726,-11.032883322058675,10.825391990164677,No,14.6,SW
2023.5,-0.5893964617185818,8.585957683805367,0.0034387779132156737,-11.032883322058675,10.825391990164677,No,8,SW
2023.5833333333335,0.12993298267818612,8.576122473225587,-3.7060554559037726,-11.032883322058675,10.825391990164677,No,5,SW
2023.6666666666667,1.1104608169144197,8.566287262645806,82.82325192043977,-11.032883322058675,10.825391990164677,Yes,92.5,SW
2023.75,0.19022849150922153,8.554002988946968,13.541482805258097,-11.032883322058675,10.825391990164677,Yes,22.285714285714285,SW
2023.8333333333335,0.10158767462704138,8.541718715248129,37.95669361012483,-11.032883322058675,10.825391990164677,Yes,46.6,SW
2023.9166666666667,0.0016851017059419744,8.52943444154929,33.087928075792384,-11.032883322058675,10.825391990164677,Yes,41.61904761904762,SW
2024,-0.04706507891743268,8.517150167850453,44.02991491106698,-11.032883322058675,10.825391990164677,Yes,52.5,SW
2024.0833333333335,-0.30437627049343907,8.504865894151614,22.549510376341825,-11.032883322058675,10.825391990164677,Yes,30.75,SW
2024.1666666666667,-0.4446706039847262,8.492581620452775,0.9520889835319508,-11.032883322058675,10.825391990164677,No,9,SW
2024.25,-0.13653152238480318,8.480297346753936,2.806234175630868,-11.032883322058675,10.825391990164677,No,11.15,SW
2024.3333333333335,-0.10137355046170964,8.468013073055097,1.0666938107399453,-11.032883322058675,10.825391990164677,No,9.433333333333334,SW
2024.4166666666667,0.0895184323451262,8.455728799356258,-0.8285805650347173,-11.032883322058675,10.825391990164677,No,7.716666666666667,SW
2024.5,-0.5893964617185818,8.44344452565742,-1.854048063938837,-11.032883322058675,10.825391990164677,No,6,SW
2024.5833333333335,0.12993298267818612,8.431160251958582,-1.8944265679701013,-11.032883322058675,10.825391990164677,No,6.666666666666667,SW
2024.6666666666667,1.1104608169144197,8.418875978259743,-2.1960034618408297,-11.032883322058675,10.825391990164677,No,7.333333333333333,SW
2024.75,0.19022849150922153,8.406591704560904,-0.5968201960701256,-11.032883322058675,10.825391990164677,No,8,SW
2024.8333333333335,0.10158767462704138,8.394307430862066,16.850258740664742,-11.032883322058675,10.825391990164677,Yes,25.346153846153847,SW
2024.9166666666667,0.0016851017059419744,8.379302294715567,6.761869746435634,-11.032883322058675,10.825391990164677,No,15.142857142857142,SW
2025,-0.04706507891743268,8.364297158569068,-0.5480013104208661,-11.032883322058675,10.825391990164677,No,7.769230769230769,SW
2025.0833333333335,-0.30437627049343907,8.349292022422569,-0.04491575192913011,-11.032883322058675,10.825391990164677,No,8,SW
2025.1666666666667,-0.4446706039847262,8.334286886276068,0.5103837177086579,-11.032883322058675,10.825391990164677,No,8.4,SW
2025.25,-0.13653152238480318,8.31928175012957,-0.05775022774476568,-11.032883322058675,10.825391990164677,No,8.125,SW
2025.3333333333335,-0.10137355046170964,8.30427661398307,-0.5362363968546937,-11.032883322058675,10.825391990164677,No,7.666666666666667,SW
2025.4166666666667,0.0895184323451262,8.289271477836571,9.954543423151634,-11.032883322058675,10.825391990164677,No,18.333333333333332,SW
2025.5,-0.5893964617185818,8.274266341690073,0.3151301200285097,-11.032883322058675,10.825391990164677,No,8,SW
2025.5833333333335,0.12993298267818612,8.259261205543574,0.7774724784449063,-11.032883322058675,10.825391990164677,No,9.166666666666666,SW
2025.6666666666667,1.1104608169144197,8.244256069397073,-2.2713835529781594,-11.032883322058675,10.825391990164677,No,7.083333333333333,SW
2025.75,0.19022849150922153,8.229250933250574,-3.4194794247597953,-11.032883322058675,10.825391990164677,No,5,SW
2025.8333333333335,0.10158767462704138,8.214245797104075,-2.315833471731117,-11.032883322058675,10.825391990164677,No,6,SW
2025.9166666666667,0.0016851017059419744,8.199240660957576,-2.200925762663518,-11.032883322058675,10.825391990164677,No,6,SW
1981.6666666666667,0.3722549725910109,5.856698504422672,-1.2289534770136834,-5.623541082925025,4.886190887996299,No,5,S
1981.75,0.16774323624078347,5.875626898224101,-1.043370134464884,-5.623541082925025,4.886190887996299,No,5,S
1981.8333333333335,0.1484418009407159,5.8945552920255295,-1.042997092966245,-5.623541082925025,4.886190887996299,No,5,S
1981.9166666666667,0.13317707806173304,5.913483685826959,-0.9077718749998036,-5.623541082925025,4.886190887996299,No,5.138888888888888,S
1982,0.3001313401603115,5.932412079628388,-0.9547656420109218,-5.623541082925025,4.886190887996299,No,5.277777777777778,S
1982.0833333333335,0.1748516423548595,5.951340473429816,-0.7095254491180096,-5.623541082925025,4.886190887996299,No,5.416666666666666,S
1982.1666666666667,-0.3514333391482782,5.970268867231245,-0.06327997252741113,-5.623541082925025,4.886190887996299,No,5.555555555555555,S
1982.25,-0.3961590181267587,5.9891972610326745,0.10140620153852886,-5.623541082925025,4.886190887996299,No,5.694444444444445,S
1982.3333333333335,-0.21207809681878415,6.008125654834103,0.037285775318014025,-5.623541082925025,4.886190887996299,No,5.833333333333333,S
1982.4166666666667,-0.2759496063786765,6.027054048635532,1.1596098434574307,-5.623541082925025,4.886190887996299,No,6.910714285714286,S
1982.5,-0.05857434558445559,6.04598244243696,2.0006871412427323,-5.623541082925025,4.886190887996299,No,7.988095238095237,S
1982.5833333333335,-0.002405654273471486,6.064910836238389,3.002971008511273,-5.623541082925025,4.886190887996299,No,9.06547619047619,S
1982.6666666666667,0.3722549725910109,6.0838392300398185,3.6867629402263136,-5.623541082925025,4.886190887996299,No,10.142857142857142,S
1982.75,0.16774323624078347,6.102767623841247,3.2485367589655887,-5.623541082925025,4.886190887996299,No,9.519047619047619,S
1982.8333333333335,0.1484418009407159,6.121696017642676,2.6251002766547034,-5.623541082925025,4.886190887996299,No,8.895238095238096,S
1982.9166666666667,0.13317707806173304,6.143818837479286,1.994432655887553,-5.623541082925025,4.886190887996299,No,8.271428571428572,S
1983,0.3001313401603115,6.165941657315896,1.18154605014284,-5.623541082925025,4.886190887996299,No,7.647619047619048,S
1983.0833333333335,0.1748516423548595,6.188064477152507,0.6608934043021577,-5.623541082925025,4.886190887996299,No,7.023809523809524,S
1983.1666666666667,-0.3514333391482782,6.210187296989117,0.5412460421591616,-5.623541082925025,4.886190887996299,No,6.4,S
1983.25,-0.3961590181267587,6.232310116825727,0.5067060441581752,-5.623541082925025,4.886190887996299,No,6.342857142857143,S
1983.3333333333335,-0.21207809681878415,6.2544329366623375,0.24335944587073222,-5.623541082925025,4.886190887996299,No,6.285714285714286,S
1983.4166666666667,-0.2759496063786765,6.276555756498948,0.22796527845115744,-5.623541082925025,4.886190887996299,No,6.228571428571429,S
1983.5,-0.05857434558445559,6.298678576335558,-0.06867565932253061,-5.623541082925025,4.886190887996299,No,6.171428571428572,S
1983.5833333333335,-0.002405654273471486,6.320801396172168,-0.20411002761298214,-5.623541082925025,4.886190887996299,No,6.114285714285715,S
1983.6666666666667,0.3722549725910109,6.342924216008778,-0.6580363314569322,-5.623541082925025,4.886190887996299,No,6.057142857142857,S
1983.75,0.16774323624078347,6.365047035845389,-0.5327902720861717,-5.623541082925025,4.886190887996299,No,6,S
1983.8333333333335,0.1484418009407159,6.387169855681999,0.7977216767106183,-5.623541082925025,4.886190887996299,No,7.333333333333333,S
1983.9166666666667,0.13317707806173304,6.409292675518609,0.7075302464196582,-5.623541082925025,4.886190887996299,No,7.25,S
1984,0.3001313401603115,6.431415495355219,0.43511983115113484,-5.623541082925025,4.886190887996299,No,7.166666666666666,S
1984.0833333333335,0.1748516423548595,6.456397787651657,0.4520839033268169,-5.623541082925025,4.886190887996299,No,7.083333333333333,S
1984.1666666666667,-0.3514333391482782,6.481380079948094,0.8700532592001844,-5.623541082925025,4.886190887996299,No,7,S
1984.25,-0.3961590181267587,6.506362372244531,0.8064633125488934,-5.623541082925025,4.886190887996299,No,6.916666666666666,S
1984.3333333333335,-0.21207809681878415,6.53134466454097,0.5140667656111475,-5.623541082925025,4.886190887996299,No,6.833333333333333,S
1984.4166666666667,-0.2759496063786765,6.556326956837407,0.46962264954126987,-5.623541082925025,4.886190887996299,No,6.75,S
1984.5,-0.05857434558445559,6.581309249133844,0.14393176311727718,-5.623541082925025,4.886190887996299,No,6.666666666666666,S
1984.5833333333335,-0.002405654273471486,6.606291541430282,-0.020552553823477204,-5.623541082925025,4.886190887996299,No,6.583333333333333,S
1984.6666666666667,0.3722549725910109,6.631273833726719,-0.5035288063177301,-5.623541082925025,4.886190887996299,No,6.5,S
1984.75,0.16774323624078347,6.656256126023156,-0.40733269559727336,-5.623541082925025,4.886190887996299,No,6.416666666666666,S
1984.8333333333335,0.1484418009407159,6.681238418319594,-0.4963468859269762,-5.623541082925025,4.886190887996299,No,6.333333333333333,S
1984.9166666666667,0.13317707806173304,6.706220710616032,-0.5893977886777648,-5.623541082925025,4.886190887996299,No,6.25,S
1985,0.3001313401603115,6.731203002912469,-0.8646676764061141,-5.623541082925025,4.886190887996299,No,6.166666666666667,S
1985.0833333333335,0.1748516423548595,6.7561852952089065,-0.8477036042304329,-5.623541082925025,4.886190887996299,No,6.083333333333333,S
1985.1666666666667,-0.3514333391482782,6.781167587505344,-0.4297342483570654,-5.623541082925025,4.886190887996299,No,6,S
1985.25,-0.3961590181267587,6.806300322495576,-0.4934746377021506,-5.623541082925025,4.886190887996299,No,5.916666666666667,S
1985.3333333333335,-0.21207809681878415,6.831433057485809,-0.7860216273336915,-5.623541082925025,4.886190887996299,No,5.833333333333333,S
1985.4166666666667,-0.2759496063786765,6.856565792476041,-0.8306161860973642,-5.623541082925025,4.886190887996299,No,5.75,S
1985.5,-0.05857434558445559,6.881698527466274,-1.156457515215152,-5.623541082925025,4.886190887996299,No,5.666666666666667,S
1985.5833333333335,-0.002405654273471486,6.906831262456507,-1.3210922748497023,-5.623541082925025,4.886190887996299,No,5.583333333333333,S
1985.6666666666667,0.3722549725910109,6.931963997446739,-1.8042189700377502,-5.623541082925025,4.886190887996299,No,5.5,S
1985.75,0.16774323624078347,6.9570967324369715,-2.1248399686777546,-5.623541082925025,4.886190887996299,No,5,S
1985.8333333333335,0.1484418009407159,6.982229467427204,-2.0344145838759404,-5.623541082925025,4.886190887996299,No,5.096256684491979,S
1985.9166666666667,0.13317707806173304,7.007362202417436,-1.948025911495212,-5.623541082925025,4.886190887996299,No,5.192513368983957,S
1986,0.3001313401603115,7.032494937407669,-2.0438562240920444,-5.623541082925025,4.886190887996299,No,5.288770053475936,S
1986.0833333333335,0.1748516423548595,7.057627672397902,-1.847452576784847,-5.623541082925025,4.886190887996299,No,5.385026737967914,S
1986.1666666666667,-0.3514333391482782,7.082760407388134,-1.2500436457799626,-5.623541082925025,4.886190887996299,No,5.481283422459893,S
1986.25,-0.3961590181267587,7.107893142378367,-1.1341940172997358,-5.623541082925025,4.886190887996299,No,5.577540106951872,S
1986.3333333333335,-0.21207809681878415,7.133025877368599,-1.2471509891059647,-5.623541082925025,4.886190887996299,No,5.67379679144385,S
1986.4166666666667,-0.2759496063786765,7.1553704969293666,-1.1093674146148604,-5.623541082925025,4.886190887996299,No,5.770053475935829,S
1986.5,-0.05857434558445559,7.177715116490135,-1.2528306104778721,-5.623541082925025,4.886190887996299,No,5.866310160427807,S
1986.5833333333335,-0.002405654273471486,7.200059736050903,-1.2350872368576455,-5.623541082925025,4.886190887996299,No,5.962566844919786,S
1986.6666666666667,0.3722549725910109,7.222404355611671,-1.5358357987909166,-5.623541082925025,4.886190887996299,No,6.058823529411765,S
1986.75,0.16774323624078347,7.244748975172438,-1.257411997509478,-5.623541082925025,4.886190887996299,No,6.1550802139037435,S
1986.8333333333335,0.1484418009407159,7.267093594733207,-1.1641984972781998,-5.623541082925025,4.886190887996299,No,6.2513368983957225,S
1986.9166666666667,0.13317707806173304,7.289438214293975,-1.0750217094680075,-5.623541082925025,4.886190887996299,No,6.347593582887701,S
1987,0.3001313401603115,7.311782833854743,-1.1680639066353748,-5.623541082925025,4.886190887996299,No,6.44385026737968,S
1987.0833333333335,0.1748516423548595,7.33412745341551,-0.9688721438987118,-5.623541082925025,4.886190887996299,No,6.540106951871658,S
1987.1666666666667,-0.3514333391482782,7.3564720729762785,-0.36867509746436333,-5.623541082925025,4.886190887996299,No,6.636363636363637,S
1987.25,-0.3961590181267587,7.378816692537047,-0.6303849471375607,-5.623541082925025,4.886190887996299,No,6.3522727272727275,S
1987.3333333333335,-0.21207809681878415,7.401161312097814,-1.120901397097212,-5.623541082925025,4.886190887996299,No,6.068181818181818,S
1987.4166666666667,-0.2759496063786765,7.423505931658582,-1.3634654161889959,-5.623541082925025,4.886190887996299,No,5.784090909090909,S
1987.5,-0.05857434558445559,7.44585055121935,-1.8872762056348948,-5.623541082925025,4.886190887996299,No,5.5,S
1987.5833333333335,-0.002405654273471486,7.460544860192462,-2.4581392059189904,-5.623541082925025,4.886190887996299,No,5,S
1987.6666666666667,0.3722549725910109,7.475239169165574,5.652505858243416,-5.623541082925025,4.886190887996299,Yes,13.5,S
1987.75,0.16774323624078347,7.489933478138687,5.29232328562053,-5.623541082925025,4.886190887996299,Yes,12.95,S
1987.8333333333335,0.1484418009407159,7.504627787111798,4.746930411947486,-5.623541082925025,4.886190887996299,No,12.4,S
1987.9166666666667,0.13317707806173304,7.51932209608491,4.197500825853357,-5.623541082925025,4.886190887996299,No,11.85,S
1988,0.3001313401603115,7.534016405058022,3.4658522547816677,-5.623541082925025,4.886190887996299,No,11.3,S
1988.0833333333335,0.1748516423548595,7.5487107140311345,3.026437643614006,-5.623541082925025,4.886190887996299,No,10.75,S
1988.1666666666667,-0.3514333391482782,7.563405023004246,2.988028316144031,-5.623541082925025,4.886190887996299,No,10.2,S
1988.25,-0.3961590181267587,7.5780993319773575,2.4680596861494006,-5.623541082925025,4.886190887996299,No,9.649999999999999,S
1988.3333333333335,-0.21207809681878415,7.59279364095047,1.7192844558683138,-5.623541082925025,4.886190887996299,No,9.1,S
1988.4166666666667,-0.2759496063786765,7.607487949923582,1.2184616564550943,-5.623541082925025,4.886190887996299,No,8.55,S
1988.5,-0.05857434558445559,7.622182258896694,0.4363920866877615,-5.623541082925025,4.886190887996299,No,8,S
1988.5833333333335,-0.002405654273471486,7.636876567869805,0.7249040864036669,-5.623541082925025,4.886190887996299,No,8.359375,S
1988.6666666666667,0.3722549725910109,7.651570876842918,0.6949241505660719,-5.623541082925025,4.886190887996299,No,8.71875,S
1988.75,0.16774323624078347,7.653132673042455,1.257249090716762,-5.623541082925025,4.886190887996299,No,9.078125,S
1988.8333333333335,0.1484418009407159,7.654694469241991,1.6343637298172924,-5.623541082925025,4.886190887996299,No,9.4375,S
1988.9166666666667,0.13317707806173304,7.656256265441528,2.007441656496739,-5.623541082925025,4.886190887996299,No,9.796875,S
1989,0.3001313401603115,7.657818061641065,2.1983005981986237,-5.623541082925025,4.886190887996299,No,10.15625,S
1989.0833333333335,0.1748516423548595,7.659379857840602,2.681393499804539,-5.623541082925025,4.886190887996299,No,10.515625,S
1989.1666666666667,-0.3514333391482782,7.660941654040139,3.565491685108139,-5.623541082925025,4.886190887996299,No,10.875,S
1989.25,-0.3961590181267587,7.662503450239675,3.9680305678870846,-5.623541082925025,4.886190887996299,No,11.234375,S
1989.3333333333335,-0.21207809681878415,7.664065246439212,4.141762850379572,-5.623541082925025,4.886190887996299,No,11.59375,S
1989.4166666666667,-0.2759496063786765,7.665627042638749,4.563447563739927,-5.623541082925025,4.886190887996299,No,11.953125,S
1989.5,-0.05857434558445559,7.667188838838285,4.70388550674617,-5.623541082925025,4.886190887996299,No,12.3125,S
1989.5833333333335,-0.002405654273471486,7.6687506350378225,-2.2663449807643508,-5.623541082925025,4.886190887996299,No,5.4,S
1989.6666666666667,0.3722549725910109,7.67031243123736,0.22886116760020148,-5.623541082925025,4.886190887996299,No,8.271428571428572,S
1989.75,0.16774323624078347,7.671874227436896,3.3032396791794634,-5.623541082925025,4.886190887996299,No,11.142857142857142,S
1989.8333333333335,0.1484418009407159,7.673436023636433,2.2924078897085645,-5.623541082925025,4.886190887996299,No,10.114285714285714,S
1989.9166666666667,0.13317707806173304,7.661179141461419,1.2913580661911332,-5.623541082925025,4.886190887996299,No,9.085714285714285,S
1990,0.3001313401603115,7.6489222592864055,0.10808925769613964,-5.623541082925025,4.886190887996299,No,8.057142857142857,S
1990.0833333333335,0.1748516423548595,7.636665377111392,-0.7829455908948226,-5.623541082925025,4.886190887996299,No,7.0285714285714285,S
1990.1666666666667,-0.3514333391482782,7.624408494936378,-1.2729751557880995,-5.623541082925025,4.886190887996299,No,6,S
1990.25,-0.3961590181267587,7.612151612761364,-1.2159925946346055,-5.623541082925025,4.886190887996299,No,6,S
1990.3333333333335,-0.21207809681878415,7.5998947305863505,-1.3878166337675664,-5.623541082925025,4.886190887996299,No,6,S
1990.4166666666667,-0.2759496063786765,7.587637848411336,0.28831175796734065,-5.623541082925025,4.886190887996299,No,7.6,S
1990.5,-0.05857434558445559,7.575380966236322,1.6831933793481326,-5.623541082925025,4.886190887996299,No,9.2,S
1990.5833333333335,-0.002405654273471486,7.563124084061308,-0.5607184297878369,-5.623541082925025,4.886190887996299,No,7,S
1990.6666666666667,0.3722549725910109,7.550867201886295,-0.12867773003286143,-5.623541082925025,4.886190887996299,No,7.794444444444444,S
1990.75,0.16774323624078347,7.538610319711281,0.8825353329368246,-5.623541082925025,4.886190887996299,No,8.588888888888889,S
1990.8333333333335,0.1484418009407159,7.526353437536267,1.7085380948563493,-5.623541082925025,4.886190887996299,No,9.383333333333333,S
1990.9166666666667,0.13317707806173304,7.514096555361253,2.5305041443547927,-5.623541082925025,4.886190887996299,No,10.177777777777779,S
1991,0.3001313401603115,7.50183967318624,3.1702512088756727,-5.623541082925025,4.886190887996299,No,10.972222222222223,S
1991.0833333333335,0.1748516423548595,7.473479870400262,4.118335153911546,-5.623541082925025,4.886190887996299,No,11.766666666666667,S
1991.1666666666667,-0.3514333391482782,7.445120067614286,5.4674243826451034,-5.623541082925025,4.886190887996299,Yes,12.561111111111112,S
1991.25,-0.3961590181267587,7.416760264828309,6.334954308854005,-5.623541082925025,4.886190887996299,Yes,13.355555555555554,S
1991.3333333333335,-0.21207809681878415,7.388400462042332,6.973677634776454,-5.623541082925025,4.886190887996299,Yes,14.150000000000002,S
1991.4166666666667,-0.2759496063786765,7.360040659256355,7.860353391566767,-5.623541082925025,4.886190887996299,Yes,14.944444444444446,S
1991.5,-0.05857434558445559,7.331680856470379,8.465782378002967,-5.623541082925025,4.886190887996299,Yes,15.738888888888889,S
1991.5833333333335,-0.002405654273471486,7.303321053684401,9.232417933922404,-5.623541082925025,4.886190887996299,Yes,16.533333333333335,S
1991.6666666666667,0.3722549725910109,7.274961250898424,-0.7900733663465784,-5.623541082925025,4.886190887996299,No,6.857142857142857,S
1991.75,0.16774323624078347,7.246601448112448,-0.611314381322928,-5.623541082925025,4.886190887996299,No,6.803030303030303,S
1991.8333333333335,0.1484418009407159,7.21824164532647,-0.6177656973494372,-5.623541082925025,4.886190887996299,No,6.748917748917749,S
1991.9166666666667,0.13317707806173304,7.189881842540494,-0.6282537257970322,-5.623541082925025,4.886190887996299,No,6.694805194805195,S
1992,0.3001313401603115,7.161522039754517,-0.8209607392221878,-5.623541082925025,4.886190887996299,No,6.640692640692641,S
1992.0833333333335,0.1748516423548595,7.13316223696854,-0.721433792743313,-5.623541082925025,4.886190887996299,No,6.586580086580087,S
1992.1666666666667,-0.3514333391482782,7.104802434182563,-0.22090156256675275,-5.623541082925025,4.886190887996299,No,6.532467532467532,S
1992.25,-0.3961590181267587,7.077684678398658,-0.20317068191692123,-5.623541082925025,4.886190887996299,No,6.478354978354978,S
1992.3333333333335,-0.21207809681878415,7.050566922614753,-0.4142464015535454,-5.623541082925025,4.886190887996299,No,6.424242424242424,S
1992.4166666666667,-0.2759496063786765,7.023449166830848,-0.3773696903223014,-5.623541082925025,4.886190887996299,No,6.37012987012987,S
1992.5,-0.05857434558445559,6.996331411046943,-0.6217397494451715,-5.623541082925025,4.886190887996299,No,6.316017316017316,S
1992.5833333333335,-0.002405654273471486,6.9692136552630375,-0.7049032390848042,-5.623541082925025,4.886190887996299,No,6.261904761904762,S
1992.6666666666667,0.3722549725910109,6.942095899479133,-1.1065586642779364,-5.623541082925025,4.886190887996299,No,6.207792207792208,S
1992.75,0.16774323624078347,6.914978143695228,-0.9290417262563571,-5.623541082925025,4.886190887996299,No,6.153679653679654,S
1992.8333333333335,0.1484418009407159,6.8878603879113225,-0.9367350892849382,-5.623541082925025,4.886190887996299,No,6.0995670995671,S
1992.9166666666667,0.13317707806173304,6.860742632127418,-0.9484651647346052,-5.623541082925025,4.886190887996299,No,6.045454545454546,S
1993,0.3001313401603115,6.833624876343513,-1.1424142251618328,-5.623541082925025,4.886190887996299,No,5.991341991341992,S
1993.0833333333335,0.1748516423548595,6.8065071205596075,-1.04412932568503,-5.623541082925025,4.886190887996299,No,5.937229437229437,S
1993.1666666666667,-0.3514333391482782,6.779389364775702,-0.5448391425105408,-5.623541082925025,4.886190887996299,No,5.883116883116883,S
1993.25,-0.3961590181267587,6.752271608991798,-0.5271082618607101,-5.623541082925025,4.886190887996299,No,5.829004329004329,S
1993.3333333333335,-0.21207809681878415,6.7251538532078925,-0.7381839814973334,-5.623541082925025,4.886190887996299,No,5.774891774891775,S
1993.4166666666667,-0.2759496063786765,6.718142388714211,-0.7214135615563135,-5.623541082925025,4.886190887996299,No,5.720779220779221,S
1993.5,-0.05857434558445559,6.71113092422053,-0.9858899119694078,-5.623541082925025,4.886190887996299,No,5.666666666666667,S
1993.5833333333335,-0.002405654273471486,6.704119459726849,-1.1183804721200437,-5.623541082925025,4.886190887996299,No,5.583333333333334,S
1993.6666666666667,0.3722549725910109,6.697107995233167,-1.569362967824178,-5.623541082925025,4.886190887996299,No,5.5,S
1993.75,0.16774323624078347,6.690096530739486,-1.441173100313602,-5.623541082925025,4.886190887996299,No,5.416666666666667,S
1993.8333333333335,0.1484418009407159,6.683085066245805,-1.4981935338531862,-5.623541082925025,4.886190887996299,No,5.333333333333334,S
1993.9166666666667,0.13317707806173304,6.676073601752123,-1.5592506798138563,-5.623541082925025,4.886190887996299,No,5.25,S
1994,0.3001313401603115,6.669062137258442,-1.802526810752087,-5.623541082925025,4.886190887996299,No,5.166666666666667,S
1994.0833333333335,0.1748516423548595,6.662050672764761,-1.7535689817862874,-5.623541082925025,4.886190887996299,No,5.083333333333333,S
1994.1666666666667,-0.3514333391482782,6.65503920827108,-1.3036058691228014,-5.623541082925025,4.886190887996299,No,5,S
1994.25,-0.3961590181267587,6.648027743777398,-1.1407576145395284,-5.623541082925025,4.886190887996299,No,5.111111111111111,S
1994.3333333333335,-0.21207809681878415,6.641016279283717,-1.2067159602427102,-5.623541082925025,4.886190887996299,No,5.222222222222222,S
1994.4166666666667,-0.2759496063786765,6.6340048147900355,-1.0247218750780256,-5.623541082925025,4.886190887996299,No,5.333333333333333,S
1994.5,-0.05857434558445559,6.626993350296354,-1.1239745602674542,-5.623541082925025,4.886190887996299,No,5.444444444444445,S
1994.5833333333335,-0.002405654273471486,6.62685330354335,-1.0688920937143234,-5.623541082925025,4.886190887996299,No,5.555555555555555,S
1994.6666666666667,0.3722549725910109,6.626713256790345,-1.3323015627146892,-5.623541082925025,4.886190887996299,No,5.666666666666667,S
1994.75,0.16774323624078347,6.626573210037341,-1.0165386685003464,-5.623541082925025,4.886190887996299,No,5.777777777777778,S
1994.8333333333335,0.1484418009407159,6.626433163284337,-0.885986075336163,-5.623541082925025,4.886190887996299,No,5.888888888888889,S
1994.9166666666667,0.13317707806173304,6.626293116531332,-0.7594701945930646,-5.623541082925025,4.886190887996299,No,6,S
1995,0.3001313401603115,6.6261530697783275,-0.6405701242243538,-5.623541082925025,4.886190887996299,No,6.285714285714286,S
1995.0833333333335,0.1748516423548595,6.6260130230253225,-0.2294360939516107,-5.623541082925025,4.886190887996299,No,6.571428571428571,S
1995.1666666666667,-0.3514333391482782,6.625872976272318,0.6779413152569127,-5.623541082925025,4.886190887996299,No,6.9523809523809526,S
1995.25,-0.3961590181267587,6.625732929519314,1.1037594219407776,-5.623541082925025,4.886190887996299,No,7.333333333333333,S
1995.3333333333335,-0.21207809681878415,6.625592882766309,1.044818547385808,-5.623541082925025,4.886190887996299,No,7.458333333333333,S
1995.4166666666667,-0.2759496063786765,6.625452836013305,1.233830103698705,-5.623541082925025,4.886190887996299,No,7.583333333333333,S
1995.5,-0.05857434558445559,6.625312789260301,1.1415948896574877,-5.623541082925025,4.886190887996299,No,7.708333333333333,S
1995.5833333333335,-0.002405654273471486,6.625172742507296,1.2105662450995087,-5.623541082925025,4.886190887996299,No,7.833333333333333,S
1995.6666666666667,0.3722549725910109,6.6250326957542915,-0.5806210016786366,-5.623541082925025,4.886190887996299,No,6.416666666666666,S
1995.75,0.16774323624078347,6.631311086599801,-1.7990543228405844,-5.623541082925025,4.886190887996299,No,5,S
1995.8333333333335,0.1484418009407159,6.637589477445312,9.03215053979579,-5.623541082925025,4.886190887996299,Yes,15.818181818181818,S
1995.9166666666667,0.13317707806173304,6.643867868290822,7.508669339361732,-5.623541082925025,4.886190887996299,Yes,14.285714285714286,S
1996,0.3001313401603115,6.650146259136331,1.1747224007033568,-5.623541082925025,4.886190887996299,No,8.125,S
1996.0833333333335,0.1748516423548595,6.656424649981841,1.0242792632188547,-5.623541082925025,4.886190887996299,No,7.855555555555555,S
1996.1666666666667,-0.3514333391482782,6.662703040827352,1.274841409432038,-5.623541082925025,4.886190887996299,No,7.586111111111111,S
1996.25,-0.3961590181267587,6.6689814316728615,1.0438442531205636,-5.623541082925025,4.886190887996299,No,7.316666666666666,S
1996.3333333333335,-0.21207809681878415,6.675259822518371,0.5840404965226353,-5.623541082925025,4.886190887996299,No,7.0472222222222225,S
1996.4166666666667,-0.2759496063786765,6.681538213363882,0.37218917079257263,-5.623541082925025,4.886190887996299,No,6.777777777777778,S
1996.5,-0.05857434558445559,6.687816604209392,1.3707577413750638,-5.623541082925025,4.886190887996299,No,8,S
1996.5833333333335,-0.002405654273471486,6.694094995054901,2.798695274603186,-5.623541082925025,4.886190887996299,No,9.490384615384615,S
1996.6666666666667,0.3722549725910109,6.700373385900411,3.9081408722778086,-5.623541082925025,4.886190887996299,No,10.98076923076923,S
1996.75,0.16774323624078347,6.706651776745922,5.596758833167142,-5.623541082925025,4.886190887996299,Yes,12.471153846153847,S
1996.8333333333335,0.1484418009407159,6.7129301675914315,7.100166493006314,-5.623541082925025,4.886190887996299,Yes,13.961538461538462,S
1996.9166666666667,0.13317707806173304,6.723549072243891,8.595196926617453,-5.623541082925025,4.886190887996299,Yes,15.451923076923077,S
1997,0.3001313401603115,6.734167976896352,9.908008375251029,-5.623541082925025,4.886190887996299,Yes,16.942307692307693,S
1997.0833333333335,0.1748516423548595,6.744786881548811,11.513053783788635,-5.623541082925025,4.886190887996299,Yes,18.432692307692307,S
1997.1666666666667,-0.3514333391482782,6.755405786201271,13.519104476023932,-5.623541082925025,4.886190887996299,Yes,19.923076923076923,S
1997.25,-0.3961590181267587,6.7660246908537305,1.0676343272730282,-5.623541082925025,4.886190887996299,No,7.4375,S
1997.3333333333335,-0.21207809681878415,6.776643595506191,8.435434501312592,-5.623541082925025,4.886190887996299,Yes,14.999999999999998,S
1997.4166666666667,-0.2759496063786765,6.787262500158651,-0.5113128937799738,-5.623541082925025,4.886190887996299,No,6,S
1997.5,-0.05857434558445559,6.79788140481111,-1.4059737258933218,-5.623541082925025,4.886190887996299,No,5.333333333333333,S
1997.5833333333335,-0.002405654273471486,6.808500309463571,1.1298027807073368,-5.623541082925025,4.886190887996299,No,7.935897435897436,S
1997.6666666666667,0.3722549725910109,6.81911921411603,3.3470873517544977,-5.623541082925025,4.886190887996299,No,10.538461538461538,S
1997.75,0.16774323624078347,6.82973811876849,-0.24748135500927315,-5.623541082925025,4.886190887996299,No,6.75,S
1997.8333333333335,0.1484418009407159,6.84035702342095,0.7334233978605571,-5.623541082925025,4.886190887996299,No,7.722222222222222,S
1997.9166666666667,0.13317707806173304,6.85097592807341,1.7102914383093015,-5.623541082925025,4.886190887996299,No,8.694444444444445,S
1998,0.3001313401603115,6.86159483272587,2.5049404937804853,-5.623541082925025,4.886190887996299,No,9.666666666666666,S
1998.0833333333335,0.1748516423548595,6.860887262882689,5.964261094762452,-5.623541082925025,4.886190887996299,Yes,13,S
1998.1666666666667,-0.3514333391482782,6.860179693039508,7.5745869794421035,-5.623541082925025,4.886190887996299,Yes,14.083333333333334,S
1998.25,-0.3961590181267587,6.859472123196327,0.5366868949304315,-5.623541082925025,4.886190887996299,No,7,S
1998.3333333333335,-0.21207809681878415,6.858764553353147,0.2866468767989705,-5.623541082925025,4.886190887996299,No,6.933333333333334,S
1998.4166666666667,-0.2759496063786765,6.858056983509966,0.2845592895353777,-5.623541082925025,4.886190887996299,No,6.866666666666667,S
1998.5,-0.05857434558445559,6.857349413666785,0.0012249319176698137,-5.623541082925025,4.886190887996299,No,6.8,S
1998.5833333333335,-0.002405654273471486,6.8566418438236045,-0.12090285621679975,-5.623541082925025,4.886190887996299,No,6.733333333333333,S
1998.6666666666667,0.3722549725910109,6.855934273980424,-0.5615225799047678,-5.623541082925025,4.886190887996299,No,6.666666666666667,S
1998.75,0.16774323624078347,6.855226704137243,-0.42296994037802627,-5.623541082925025,4.886190887996299,No,6.6,S
1998.8333333333335,0.1484418009407159,6.854519134294062,-0.46962760190144426,-5.623541082925025,4.886190887996299,No,6.533333333333333,S
1998.9166666666667,0.13317707806173304,6.853811564450882,-0.5203219758459481,-5.623541082925025,4.886190887996299,No,6.466666666666667,S
1999,0.3001313401603115,6.853103994607701,-0.7532353347680125,-5.623541082925025,4.886190887996299,No,6.4,S
1999.0833333333335,0.1748516423548595,6.85239642476452,-0.6939147337860465,-5.623541082925025,4.886190887996299,No,6.333333333333333,S
1999.1666666666667,-0.3514333391482782,6.851688854921339,-0.23358884910639421,-5.623541082925025,4.886190887996299,No,6.266666666666667,S
1999.25,-0.3961590181267587,6.833651132600052,-0.23749211447329355,-5.623541082925025,4.886190887996299,No,6.2,S
1999.3333333333335,-0.21207809681878415,6.8156134102787655,-1.2702019801266484,-5.623541082925025,4.886190887996299,No,5.333333333333333,S
1999.4166666666667,-0.2759496063786765,6.797575687957479,-1.2994038593565795,-5.623541082925025,4.886190887996299,No,5.222222222222222,S
1999.5,-0.05857434558445559,6.779537965636192,-1.6098525089406257,-5.623541082925025,4.886190887996299,No,5.111111111111111,S
1999.5833333333335,-0.002405654273471486,6.761500243314905,-1.7590945890414336,-5.623541082925025,4.886190887996299,No,5,S
1999.6666666666667,0.3722549725910109,6.743462520993618,-1.9252413031084386,-5.623541082925025,4.886190887996299,No,5.190476190476191,S
1999.75,0.16774323624078347,6.725424798672331,-1.5122156539607339,-5.623541082925025,4.886190887996299,No,5.3809523809523805,S
1999.8333333333335,0.1484418009407159,6.707387076351044,-1.2844003058631888,-5.623541082925025,4.886190887996299,No,5.571428571428571,S
1999.9166666666667,0.13317707806173304,6.6893493540297575,-1.0606216701867286,-5.623541082925025,4.886190887996299,No,5.761904761904762,S
2000,0.3001313401603115,6.671311631708471,-1.01906201948783,-5.623541082925025,4.886190887996299,No,5.9523809523809526,S
2000.0833333333335,0.1748516423548595,6.653273909387184,-0.6852684088849008,-5.623541082925025,4.886190887996299,No,6.142857142857142,S
2000.1666666666667,-0.3514333391482782,6.635236187065897,0.04953048541571459,-5.623541082925025,4.886190887996299,No,6.333333333333333,S
2000.25,-0.3961590181267587,6.61719846474461,0.9456272200488147,-5.623541082925025,4.886190887996299,No,7.166666666666666,S
2000.3333333333335,-0.21207809681878415,6.599160742423323,1.612917354395461,-5.623541082925025,4.886190887996299,No,8,S
2000.4166666666667,-0.2759496063786765,6.583210923452442,0.35940534959290193,-5.623541082925025,4.886190887996299,No,6.666666666666667,S
2000.5,-0.05857434558445559,6.56726110448156,1.0746465744362297,-5.623541082925025,4.886190887996299,No,7.583333333333334,S
2000.5833333333335,-0.002405654273471486,6.551311285510678,1.951094368762794,-5.623541082925025,4.886190887996299,No,8.5,S
2000.6666666666667,0.3722549725910109,6.535361466539797,1.4453247373397806,-5.623541082925025,4.886190887996299,No,8.352941176470589,S
2000.75,0.16774323624078347,6.519411647568915,1.5187274691314778,-5.623541082925025,4.886190887996299,No,8.205882352941176,S
2000.8333333333335,0.1484418009407159,6.5034618285980335,1.4069198998730155,-5.623541082925025,4.886190887996299,No,8.058823529411764,S
2000.9166666666667,0.13317707806173304,6.487512009627152,1.2910756181934682,-5.623541082925025,4.886190887996299,No,7.911764705882353,S
2001,0.3001313401603115,6.47156219065627,0.9930123515363594,-5.623541082925025,4.886190887996299,No,7.764705882352941,S
2001.0833333333335,0.1748516423548595,6.455612371685389,0.987183044783281,-5.623541082925025,4.886190887996299,No,7.617647058823529,S
2001.1666666666667,-0.3514333391482782,6.439662552714506,1.3823590217278898,-5.623541082925025,4.886190887996299,No,7.470588235294118,S
2001.25,-0.3961590181267587,6.423712733743625,1.2959756961478393,-5.623541082925025,4.886190887996299,No,7.323529411764706,S
2001.3333333333335,-0.21207809681878415,6.407762914772744,0.9807857702813347,-5.623541082925025,4.886190887996299,No,7.176470588235294,S
2001.4166666666667,-0.2759496063786765,6.3918130958018615,0.9135482752826976,-5.623541082925025,4.886190887996299,No,7.029411764705882,S
2001.5,-0.05857434558445559,6.37586327683098,0.5650640099299453,-5.623541082925025,4.886190887996299,No,6.88235294117647,S
2001.5833333333335,-0.002405654273471486,6.372785850264877,0.3649139216556536,-5.623541082925025,4.886190887996299,No,6.735294117647059,S
2001.6666666666667,0.3722549725910109,6.369708423698774,-0.1537281021721384,-5.623541082925025,4.886190887996299,No,6.588235294117647,S
2001.75,0.16774323624078347,6.3666309971326704,-0.09319776278521807,-5.623541082925025,4.886190887996299,No,6.4411764705882355,S
2001.8333333333335,0.1484418009407159,6.363553570566568,-0.21787772444846,-5.623541082925025,4.886190887996299,No,6.294117647058823,S
2001.9166666666667,0.13317707806173304,6.360476144000464,-0.34659439853278506,-5.623541082925025,4.886190887996299,No,6.147058823529412,S
2002,0.3001313401603115,6.357398717434362,-0.6575300575946734,-5.623541082925025,4.886190887996299,No,6,S
2002.0833333333335,0.1748516423548595,6.354321290868258,-0.6958395998897835,-5.623541082925025,4.886190887996299,No,5.833333333333334,S
2002.1666666666667,-0.3514333391482782,6.3512438643021545,-0.33314385848720907,-5.623541082925025,4.886190887996299,No,5.666666666666667,S
2002.25,-0.3961590181267587,6.348166437736052,-0.32978519738707046,-5.623541082925025,4.886190887996299,No,5.622222222222223,S
2002.3333333333335,-0.21207809681878415,6.345089011169948,-0.5552331365733858,-5.623541082925025,4.886190887996299,No,5.577777777777778,S
2002.4166666666667,-0.2759496063786765,6.342011584603846,-0.5327286448918356,-5.623541082925025,4.886190887996299,No,5.533333333333333,S
2002.5,-0.05857434558445559,6.338934158037742,-0.7914709235643977,-5.623541082925025,4.886190887996299,No,5.488888888888889,S
2002.5833333333335,-0.002405654273471486,6.335856731471639,-0.8890066327537234,-5.623541082925025,4.886190887996299,No,5.444444444444445,S
2002.6666666666667,0.3722549725910109,6.332779304905536,-1.3050342774965467,-5.623541082925025,4.886190887996299,No,5.4,S
2002.75,0.16774323624078347,6.333733739115401,-1.1459214198006284,-5.623541082925025,4.886190887996299,No,5.355555555555556,S
2002.8333333333335,0.1484418009407159,6.334688173325267,-1.1720188631548716,-5.623541082925025,4.886190887996299,No,5.311111111111111,S
2002.9166666666667,0.13317707806173304,6.335642607535132,-1.2021530189301988,-5.623541082925025,4.886190887996299,No,5.266666666666667,S
2003,0.3001313401603115,6.336597041744998,-1.4145061596830875,-5.623541082925025,4.886190887996299,No,5.222222222222222,S
2003.0833333333335,0.1748516423548595,6.3375514759548635,-1.3346253405319448,-5.623541082925025,4.886190887996299,No,5.177777777777778,S
2003.1666666666667,-0.3514333391482782,6.338505910164729,-0.8537392376831168,-5.623541082925025,4.886190887996299,No,5.133333333333334,S
2003.25,-0.3961590181267587,6.3394603443745945,-0.8544124373589472,-5.623541082925025,4.886190887996299,No,5.088888888888889,S
2003.3333333333335,-0.21207809681878415,6.34041477858446,-1.0838922373212316,-5.623541082925025,4.886190887996299,No,5.044444444444444,S
2003.4166666666667,-0.2759496063786765,6.3413692127943255,-1.0654196064156487,-5.623541082925025,4.886190887996299,No,5,S
2003.5,-0.05857434558445559,6.342323647004191,-0.32221083988127397,-5.623541082925025,4.886190887996299,No,5.961538461538462,S
2003.5833333333335,-0.002405654273471486,6.343278081214057,0.5822044961363382,-5.623541082925025,4.886190887996299,No,6.923076923076923,S
2003.6666666666667,0.3722549725910109,6.344232515423922,-0.08614560767305246,-5.623541082925025,4.886190887996299,No,6.630341880341881,S
2003.75,0.16774323624078347,6.345186949633788,-0.17532334826773255,-5.623541082925025,4.886190887996299,No,6.337606837606838,S
2003.8333333333335,0.1484418009407159,6.346141383843653,-0.4497113899125731,-5.623541082925025,4.886190887996299,No,6.044871794871796,S
2003.9166666666667,0.13317707806173304,6.347514448602265,-0.7285547745272458,-5.623541082925025,4.886190887996299,No,5.752136752136752,S
2004,0.3001313401603115,6.348887513360877,-1.1896171441194792,-5.623541082925025,4.886190887996299,No,5.4594017094017095,S
2004.0833333333335,0.1748516423548595,6.350260578119489,-1.3584455538076812,-5.623541082925025,4.886190887996299,No,5.166666666666667,S
2004.1666666666667,-0.3514333391482782,6.351633642878101,-0.8752003037298222,-5.623541082925025,4.886190887996299,No,5.125,S
2004.25,-0.3961590181267587,6.3530067076367125,-0.8735143561766199,-5.623541082925025,4.886190887996299,No,5.083333333333334,S
2004.3333333333335,-0.21207809681878415,6.354379772395324,-1.1006350089098733,-5.623541082925025,4.886190887996299,No,5.041666666666667,S
2004.4166666666667,-0.2759496063786765,6.355752837153937,-1.0798032307752603,-5.623541082925025,4.886190887996299,No,5,S
2004.5,-0.05857434558445559,6.357125901912549,-0.2985515563280936,-5.623541082925025,4.886190887996299,No,6,S
2004.5833333333335,-0.002405654273471486,6.358498966671161,0.6439066876023105,-5.623541082925025,4.886190887996299,No,7,S
2004.6666666666667,0.3722549725910109,6.359872031429773,5.267872995979217,-5.623541082925025,4.886190887996299,Yes,12,S
2004.75,0.16774323624078347,6.361245096188385,0.47101166757083224,-5.623541082925025,4.886190887996299,No,7,S
2004.8333333333335,0.1484418009407159,6.3626181609469965,1.7746543238265717,-5.623541082925025,4.886190887996299,No,8.285714285714285,S
2004.9166666666667,0.13317707806173304,6.363991225705608,3.07426026766123,-5.623541082925025,4.886190887996299,No,9.571428571428571,S
2005,0.3001313401603115,6.36536429046422,4.191647226518326,-5.623541082925025,4.886190887996299,No,10.857142857142858,S
2005.0833333333335,0.1748516423548595,6.377534837847849,5.590470662654434,-5.623541082925025,4.886190887996299,Yes,12.142857142857142,S
2005.1666666666667,-0.3514333391482782,6.389705385231477,7.3902993824882275,-5.623541082925025,4.886190887996299,Yes,13.428571428571427,S
2005.25,-0.3961590181267587,6.4018759326151065,8.708568799797366,-5.623541082925025,4.886190887996299,Yes,14.714285714285712,S
2005.3333333333335,-0.21207809681878415,6.414046479998735,9.798031616820051,-5.623541082925025,4.886190887996299,Yes,16,S
2005.4166666666667,-0.2759496063786765,6.426217027382363,11.135446864710598,-5.623541082925025,4.886190887996299,Yes,17.285714285714285,S
2005.5,-0.05857434558445559,6.438387574765992,-1.3798132291815364,-5.623541082925025,4.886190887996299,No,5,S
2005.5833333333335,-0.002405654273471486,6.450558122149621,1.0518475321238503,-5.623541082925025,4.886190887996299,No,7.5,S
2005.6666666666667,0.3722549725910109,6.4627286695332495,0.30787350073288255,-5.623541082925025,4.886190887996299,No,7.142857142857143,S
2005.75,0.16774323624078347,6.474899216916878,0.14307183255662448,-5.623541082925025,4.886190887996299,No,6.785714285714286,S
2005.8333333333335,0.1484418009407159,6.487069764300506,-0.20694013666979316,-5.623541082925025,4.886190887996299,No,6.428571428571429,S
2005.9166666666667,0.13317707806173304,6.499240311684135,-0.5609888183172966,-5.623541082925025,4.886190887996299,No,6.071428571428571,S
2006,0.3001313401603115,6.511410859067764,-1.0972564849423616,-5.623541082925025,4.886190887996299,No,5.714285714285714,S
2006.0833333333335,0.1748516423548595,6.523581406451393,-1.3412901916633944,-5.623541082925025,4.886190887996299,No,5.357142857142858,S
2006.1666666666667,-0.3514333391482782,6.535751953835021,-1.1843186146867426,-5.623541082925025,4.886190887996299,No,5,S
2006.25,-0.3961590181267587,6.555540423181547,1.0549043092309258,-5.623541082925025,4.886190887996299,No,7.214285714285714,S
2006.3333333333335,-0.21207809681878415,6.5753288925280735,3.0653206328621394,-5.623541082925025,4.886190887996299,No,9.428571428571429,S
2006.4166666666667,-0.2759496063786765,6.5951173618746,5.3236893873612186,-5.623541082925025,4.886190887996299,Yes,11.642857142857142,S
2006.5,-0.05857434558445559,6.614905831221126,10.068668514363331,-5.623541082925025,4.886190887996299,Yes,16.625,S
2006.5833333333335,-0.002405654273471486,6.634694300567652,1.5899335759280415,-5.623541082925025,4.886190887996299,No,8.222222222222221,S
2006.6666666666667,0.3722549725910109,6.654482769914178,4.90183368606624,-5.623541082925025,4.886190887996299,No,11.928571428571429,S
2006.75,0.16774323624078347,6.674271239260705,6.660732777245764,-5.623541082925025,4.886190887996299,Yes,13.502747252747252,S
2006.8333333333335,0.1484418009407159,6.694059708607232,8.23442156737513,-5.623541082925025,4.886190887996299,Yes,15.076923076923077,S
2006.9166666666667,0.13317707806173304,6.713848177953758,-0.9898823988726342,-5.623541082925025,4.886190887996299,No,5.857142857142857,S
2007,0.3001313401603115,6.733636647300284,-1.533767987460596,-5.623541082925025,4.886190887996299,No,5.5,S
2007.0833333333335,0.1748516423548595,6.7534251166468104,-1.3449434256683368,-5.623541082925025,4.886190887996299,No,5.583333333333333,S
2007.1666666666667,-0.3514333391482782,6.773213585993337,-0.7551135801783913,-5.623541082925025,4.886190887996299,No,5.666666666666667,S
2007.25,-0.3961590181267587,6.793002055339863,-0.6468430372131042,-5.623541082925025,4.886190887996299,No,5.75,S
2007.3333333333335,-0.21207809681878415,6.812790524686389,-0.767379094534272,-5.623541082925025,4.886190887996299,No,5.833333333333333,S
2007.4166666666667,-0.2759496063786765,6.825604212914956,-0.6329879398696123,-5.623541082925025,4.886190887996299,No,5.916666666666667,S
2007.5,-0.05857434558445559,6.838417901143522,-0.7798435555590668,-5.623541082925025,4.886190887996299,No,6,S
2007.5833333333335,-0.002405654273471486,6.851231589372089,-0.3154926017652846,-5.623541082925025,4.886190887996299,No,6.533333333333333,S
2007.6666666666667,0.3722549725910109,6.864045277600656,-0.1696335835250009,-5.623541082925025,4.886190887996299,No,7.066666666666666,S
2007.75,0.16774323624078347,6.876858965829222,0.5553977979299942,-5.623541082925025,4.886190887996299,No,7.6,S
2007.8333333333335,0.1484418009407159,6.889672654057789,6.961885545001494,-5.623541082925025,4.886190887996299,Yes,14,S
2007.9166666666667,0.13317707806173304,6.902486342286355,0.16433657965191184,-5.623541082925025,4.886190887996299,No,7.2,S
2008,0.3001313401603115,6.915300030514922,1.0345686293247658,-5.623541082925025,4.886190887996299,No,8.25,S
2008.0833333333335,0.1748516423548595,6.928113718743489,6.674812416679432,-5.623541082925025,4.886190887996299,Yes,13.77777777777778,S
2008.1666666666667,-0.3514333391482782,6.9409274069720555,-1.089494067823777,-5.623541082925025,4.886190887996299,No,5.5,S
2008.25,-0.3961590181267587,6.9537410952006224,-1.5575820770738638,-5.623541082925025,4.886190887996299,No,5,S
2008.3333333333335,-0.21207809681878415,6.966554783429189,-1.2544766866104053,-5.623541082925025,4.886190887996299,No,5.5,S
2008.4166666666667,-0.2759496063786765,6.9793684716577555,-0.7034188652790787,-5.623541082925025,4.886190887996299,No,6,S
2008.5,-0.05857434558445559,6.9921821598863225,-0.8224967031907564,-5.623541082925025,4.886190887996299,No,6.111111111111111,S
2008.5833333333335,-0.002405654273471486,6.997966751041481,-0.7733388745457876,-5.623541082925025,4.886190887996299,No,6.222222222222222,S
2008.6666666666667,0.3722549725910109,7.003751342196639,-1.0426729814543174,-5.623541082925025,4.886190887996299,No,6.333333333333333,S
2008.75,0.16774323624078347,7.009535933351797,-0.5873320796454911,-5.623541082925025,4.886190887996299,No,6.589947089947089,S
2008.8333333333335,0.1484418009407159,7.015320524506956,-0.31720147888682515,-5.623541082925025,4.886190887996299,No,6.8465608465608465,S
2008.9166666666667,0.13317707806173304,7.021105115662115,-0.051107590549245074,-5.623541082925025,4.886190887996299,No,7.103174603174603,S
2009,0.3001313401603115,7.026889706817273,0.032767312810774385,-5.623541082925025,4.886190887996299,No,7.359788359788359,S
2009.0833333333335,0.1748516423548595,7.032674297972431,0.40887617607482607,-5.623541082925025,4.886190887996299,No,7.616402116402116,S
2009.1666666666667,-0.3514333391482782,7.03845888912759,1.1859903230365614,-5.623541082925025,4.886190887996299,No,7.873015873015873,S
2009.25,-0.3961590181267587,7.0442434802827485,1.4815451674736408,-5.623541082925025,4.886190887996299,No,8.12962962962963,S
2009.3333333333335,-0.21207809681878415,7.050028071437906,1.5482934116242637,-5.623541082925025,4.886190887996299,No,8.386243386243386,S
2009.4166666666667,-0.2759496063786765,7.055812662593064,1.862994086642754,-5.623541082925025,4.886190887996299,No,8.642857142857142,S
2009.5,-0.05857434558445559,7.061597253748223,0.24697709183623218,-5.623541082925025,4.886190887996299,No,7.25,S
2009.5833333333335,-0.002405654273471486,7.067381844903382,5.2986601730064535,-5.623541082925025,4.886190887996299,Yes,12.363636363636363,S
2009.6666666666667,0.3722549725910109,7.07316643605854,1.3197301065019653,-5.623541082925025,4.886190887996299,No,8.765151515151516,S
2009.75,0.16774323624078347,7.0863231783089216,-2.0873997478830377,-5.623541082925025,4.886190887996299,No,5.166666666666667,S
2009.8333333333335,0.1484418009407159,7.099479920559302,-0.2479217215000178,-5.623541082925025,4.886190887996299,No,7,S
2009.9166666666667,0.13317707806173304,7.112636662809684,0.2541862591285833,-5.623541082925025,4.886190887996299,No,7.5,S
2010,0.3001313401603115,7.125793405060064,0.5740752547796237,-5.623541082925025,4.886190887996299,No,8,S
2010.0833333333335,0.1748516423548595,7.138950147310446,2.408420432556916,-5.623541082925025,4.886190887996299,No,9.722222222222221,S
2010.1666666666667,-0.3514333391482782,7.152106889560827,4.643770894031896,-5.623541082925025,4.886190887996299,No,11.444444444444445,S
2010.25,-0.3961590181267587,7.165263631811208,6.397562052982216,-5.623541082925025,4.886190887996299,Yes,13.166666666666664,S
2010.3333333333335,-0.21207809681878415,7.17842037406159,-1.4663422772428056,-5.623541082925025,4.886190887996299,No,5.5,S
2010.4166666666667,-0.2759496063786765,7.19157711631197,7.0843724900667056,-5.623541082925025,4.886190887996299,Yes,14,S
2010.5,-0.05857434558445559,7.204733858562352,10.217476850658468,-5.623541082925025,4.886190887996299,Yes,17.363636363636363,S
2010.5833333333335,-0.002405654273471486,7.217890600812733,7.01528428422997,-5.623541082925025,4.886190887996299,Yes,14.23076923076923,S
2010.6666666666667,0.3722549725910109,7.231047343063114,0.3966976843458747,-5.623541082925025,4.886190887996299,No,8,S
2010.75,0.16774323624078347,7.244204085313495,0.25471934511238903,-5.623541082925025,4.886190887996299,No,7.666666666666667,S
2010.8333333333335,0.1484418009407159,7.257360827563876,-0.07246929517125889,-5.623541082925025,4.886190887996299,No,7.333333333333333,S
2010.9166666666667,0.13317707806173304,7.2770528805978705,-0.41022995865960343,-5.623541082925025,4.886190887996299,No,7,S
2011,0.3001313401603115,7.296744933631865,-0.9302096071255104,-5.623541082925025,4.886190887996299,No,6.666666666666666,S
2011.0833333333335,0.1748516423548595,7.316436986665858,-1.1579552956873842,-5.623541082925025,4.886190887996299,No,6.333333333333333,S
2011.1666666666667,-0.3514333391482782,7.336129039699852,-1.3180290338849066,-5.623541082925025,4.886190887996299,No,5.666666666666667,S
2011.25,-0.3961590181267587,7.355821092733846,19.80504380774586,-5.623541082925025,4.886190887996299,Yes,26.76470588235295,S
2011.3333333333335,-0.21207809681878415,7.37551314576784,6.050850665336657,-5.623541082925025,4.886190887996299,Yes,13.214285714285714,S
2011.4166666666667,-0.2759496063786765,7.3952051988018335,12.971653498485935,-5.623541082925025,4.886190887996299,Yes,20.09090909090909,S
2011.5,-0.05857434558445559,7.414897251835828,1.6436770937486278,-5.623541082925025,4.886190887996299,No,9,S
2011.5833333333335,-0.002405654273471486,7.434589304869822,-2.4321836505963503,-5.623541082925025,4.886190887996299,No,5,S
2011.6666666666667,0.3722549725910109,7.454281357903816,7.3552818513233555,-5.623541082925025,4.886190887996299,Yes,15.181818181818182,S
2011.75,0.16774323624078347,7.47397341093781,3.1582833528214076,-5.623541082925025,4.886190887996299,No,10.8,S
2011.8333333333335,0.1484418009407159,7.493665463971803,2.3769403541350993,-5.623541082925025,4.886190887996299,No,10.019047619047619,S
2011.9166666666667,0.13317707806173304,7.513357517005797,1.5915606430277087,-5.623541082925025,4.886190887996299,No,9.238095238095239,S
2012,0.3001313401603115,7.5330495700397915,0.6239619469427549,-5.623541082925025,4.886190887996299,No,8.457142857142857,S
2012.0833333333335,0.1748516423548595,7.552568417312755,-0.05122958347713791,-5.623541082925025,4.886190887996299,No,7.6761904761904765,S
2012.1666666666667,-0.3514333391482782,7.5720872645857185,-0.3254158301993453,-5.623541082925025,4.886190887996299,No,6.895238095238095,S
2012.25,-0.3961590181267587,7.591606111858682,-1.0811613794462085,-5.623541082925025,4.886190887996299,No,6.114285714285715,S
2012.3333333333335,-0.21207809681878415,7.611124959131646,-2.065713528979529,-5.623541082925025,4.886190887996299,No,5.333333333333333,S
2012.4166666666667,-0.2759496063786765,7.63064380640461,-1.8880275333592662,-5.623541082925025,4.886190887996299,No,5.466666666666667,S
2012.5,-0.05857434558445559,7.650162653677573,-1.9915883080931183,-5.623541082925025,4.886190887996299,No,5.6,S
2012.5833333333335,-0.002405654273471486,7.669681500950537,-1.933942513343732,-5.623541082925025,4.886190887996299,No,5.733333333333333,S
2012.6666666666667,0.3722549725910109,7.6892003482235,-2.194788654147845,-5.623541082925025,4.886190887996299,No,5.866666666666666,S
2012.75,0.16774323624078347,7.708719195496464,-1.876462431737247,-5.623541082925025,4.886190887996299,No,6,S
2012.8333333333335,0.1484418009407159,7.728238042769427,-1.8766798437101428,-5.623541082925025,4.886190887996299,No,6,S
2012.9166666666667,0.13317707806173304,7.747756890042392,-1.8809339681041246,-5.623541082925025,4.886190887996299,No,6,S
2013,0.3001313401603115,7.767275737315355,-2.067407077475667,-5.623541082925025,4.886190887996299,No,6,S
2013.0833333333335,0.1748516423548595,7.786794584588319,-1.961646226943178,-5.623541082925025,4.886190887996299,No,6,S
2013.1666666666667,-0.3514333391482782,7.806313431861282,-1.4548800927130037,-5.623541082925025,4.886190887996299,No,6,S
2013.25,-0.3961590181267587,7.821593725652282,-1.4254347075255236,-5.623541082925025,4.886190887996299,No,6,S
2013.3333333333335,-0.21207809681878415,7.836874019443282,-0.8247959226244985,-5.623541082925025,4.886190887996299,No,6.8,S
2013.4166666666667,-0.2759496063786765,7.852154313234283,0.5737952931443937,-5.623541082925025,4.886190887996299,No,8.15,S
2013.5,-0.05857434558445559,7.867434607025283,1.6911397385591727,-5.623541082925025,4.886190887996299,No,9.5,S
2013.5833333333335,-0.002405654273471486,7.882714900816283,8.80390127977298,-5.623541082925025,4.886190887996299,Yes,16.68421052631579,S
2013.6666666666667,0.3722549725910109,7.897995194607283,5.129749832801707,-5.623541082925025,4.886190887996299,Yes,13.4,S
2013.75,0.16774323624078347,7.913275488398283,5.0856479420276,-5.623541082925025,4.886190887996299,No,13.166666666666666,S
2013.8333333333335,0.1484418009407159,7.928555782189283,-1.076997583129999,-5.623541082925025,4.886190887996299,No,7,S
2013.9166666666667,0.13317707806173304,7.9438360759802835,1.0229868459579832,-5.623541082925025,4.886190887996299,No,9.1,S
2014,0.3001313401603115,7.959116369771284,2.9407522900684064,-5.623541082925025,4.886190887996299,No,11.200000000000001,S
2014.0833333333335,0.1748516423548595,7.974396663562284,5.150751694082856,-5.623541082925025,4.886190887996299,Yes,13.299999999999999,S
2014.1666666666667,-0.3514333391482782,7.989676957353284,7.761756381794994,-5.623541082925025,4.886190887996299,Yes,15.4,S
2014.25,-0.3961590181267587,8.004957251144283,9.891201766982476,-5.623541082925025,4.886190887996299,Yes,17.5,S
2014.3333333333335,-0.21207809681878415,8.020237544935284,2.4645678246107714,-5.623541082925025,4.886190887996299,No,10.272727272727272,S
2014.4166666666667,-0.2759496063786765,8.030387106999127,5.5637443175613654,-5.623541082925025,4.886190887996299,Yes,13.318181818181817,S
2014.5,-0.05857434558445559,8.04053666906297,8.38167404015785,-5.623541082925025,4.886190887996299,Yes,16.363636363636363,S
2014.5833333333335,-0.002405654273471486,8.050686231126813,11.360810332237564,-5.623541082925025,4.886190887996299,Yes,19.409090909090907,S
2014.6666666666667,0.3722549725910109,8.060835793190654,14.021454688763788,-5.623541082925025,4.886190887996299,Yes,22.454545454545453,S
2014.75,0.16774323624078347,8.070985355254496,6.033998681231992,-5.623541082925025,4.886190887996299,Yes,14.272727272727272,S
2014.8333333333335,0.1484418009407159,8.081134917318339,16.40678691810458,-5.623541082925025,4.886190887996299,Yes,24.636363636363633,S
2014.9166666666667,0.13317707806173304,8.091284479382182,16.02323277720694,-5.623541082925025,4.886190887996299,Yes,24.247694334650856,S
2015,0.3001313401603115,8.101434041446025,15.45745965133174,-5.623541082925025,4.886190887996299,Yes,23.859025032938078,S
2015.0833333333335,0.1748516423548595,8.111583603509867,15.18392048536057,-5.623541082925025,4.886190887996299,Yes,23.470355731225297,S
2015.1666666666667,-0.3514333391482782,8.12173316557371,15.311386603087085,-5.623541082925025,4.886190887996299,Yes,23.081686429512516,S
2015.25,-0.3961590181267587,8.131882727637551,14.957293418288947,-5.623541082925025,4.886190887996299,Yes,22.693017127799738,S
2015.3333333333335,-0.21207809681878415,8.142032289701394,14.374393633204349,-5.623541082925025,4.886190887996299,Yes,22.304347826086957,S
2015.4166666666667,-0.2759496063786765,8.152181851765237,-1.7762322453865602,-5.623541082925025,4.886190887996299,No,6.1,S
2015.5,-0.05857434558445559,8.16233141382908,-1.0987570682446242,-5.623541082925025,4.886190887996299,No,7.005,S
2015.5833333333335,-0.002405654273471486,8.167567261737405,-0.25516160746393357,-5.623541082925025,4.886190887996299,No,7.91,S
2015.6666666666667,0.3722549725910109,8.17280310964573,0.2699419177632585,-5.623541082925025,4.886190887996299,No,8.815,S
2015.75,0.16774323624078347,8.178038957554056,1.374217806205161,-5.623541082925025,4.886190887996299,No,9.72,S
2015.8333333333335,0.1484418009407159,8.183274805462382,2.2932833935969015,-5.623541082925025,4.886190887996299,No,10.625,S
2015.9166666666667,0.13317707806173304,8.188510653370708,19.344978935234224,-5.623541082925025,4.886190887996299,Yes,27.666666666666664,S
2016,0.3001313401603115,8.193746501279033,20.22040787284637,-5.623541082925025,4.886190887996299,Yes,28.714285714285715,S
2016.0833333333335,0.1748516423548595,8.198982349187359,0.1261660084577816,-5.623541082925025,4.886190887996299,No,8.5,S
2016.1666666666667,-0.3514333391482782,8.204218197095685,0.820899352578909,-5.623541082925025,4.886190887996299,No,8.673684210526316,S
2016.25,-0.3961590181267587,8.20945404500401,1.0340733941753815,-5.623541082925025,4.886190887996299,No,8.847368421052632,S
2016.3333333333335,-0.21207809681878415,8.214689892912336,1.0184408354853964,-5.623541082925025,4.886190887996299,No,9.021052631578948,S
2016.4166666666667,-0.2759496063786765,8.219925740820662,1.2507607076632787,-5.623541082925025,4.886190887996299,No,9.194736842105264,S
2016.5,-0.05857434558445559,8.225161588728987,1.2018338094870487,-5.623541082925025,4.886190887996299,No,9.36842105263158,S
2016.5833333333335,-0.002405654273471486,8.230397436637313,9.84343678906473,-5.623541082925025,4.886190887996299,Yes,18.071428571428573,S
2016.6666666666667,0.3722549725910109,8.235633284545639,1.3921117428633512,-5.623541082925025,4.886190887996299,No,10,S
2016.75,0.16774323624078347,8.232782048042688,-0.65052528428347145,-5.623541082925025,4.886190887996299,No,7.75,S
2016.8333333333335,0.1484418009407159,8.22993081153974,-2.8783726124804554,-5.623541082925025,4.886190887996299,No,5.5,S
2016.9166666666667,0.13317707806173304,8.22707957503679,6.3897433469014775,-5.623541082925025,4.886190887996299,Yes,14.75,S
2017,0.3001313401603115,8.22422833853384,4.03814032130585,-5.623541082925025,4.886190887996299,No,12.5625,S
2017.0833333333335,0.1748516423548595,8.221377102030889,1.9787712556142516,-5.623541082925025,4.886190887996299,No,10.375,S
2017.1666666666667,-0.3514333391482782,8.21852586552794,0.32040747362033706,-5.623541082925025,4.886190887996299,No,8.1875,S
2017.25,-0.3961590181267587,8.21567462902499,-1.8195156108982316,-5.623541082925025,4.886190887996299,No,6,S
2017.3333333333335,-0.21207809681878415,8.21282339252204,5.908345613387652,-5.623541082925025,4.886190887996299,Yes,13.909090909090908,S
2017.4166666666667,-0.2759496063786765,8.209972156019091,7.758285142667276,-5.623541082925025,4.886190887996299,Yes,15.692307692307692,S
2017.5,-0.05857434558445559,8.207120919516141,2.697607272222161,-5.623541082925025,4.886190887996299,No,10.846153846153847,S
2017.5833333333335,-0.002405654273471486,8.204269683013191,-2.2018640287397195,-5.623541082925025,4.886190887996299,No,6,S
2017.6666666666667,0.3722549725910109,8.20141844651024,-0.5736734191012518,-5.623541082925025,4.886190887996299,No,8,S
2017.75,0.16774323624078347,8.198567210007292,28.88368955375193,-5.623541082925025,4.886190887996299,Yes,37.25,S
2017.8333333333335,0.1484418009407159,8.195715973504342,15.855842225554941,-5.623541082925025,4.886190887996299,Yes,24.2,S
2017.9166666666667,0.13317707806173304,8.173723942033906,-3.306901020095639,-5.623541082925025,4.886190887996299,No,5,S
2018,0.3001313401603115,8.15173191056347,-1.2666780655385965,-5.623541082925025,4.886190887996299,No,7.185185185185185,S
2018.0833333333335,0.1748516423548595,8.129739879093036,1.0657788489224753,-5.623541082925025,4.886190887996299,No,9.37037037037037,S
2018.1666666666667,-0.3514333391482782,8.1077478476226,3.7992410470812334,-5.623541082925025,4.886190887996299,No,11.555555555555555,S
2018.25,-0.3961590181267587,8.085755816152163,6.051143942715337,-5.623541082925025,4.886190887996299,Yes,13.74074074074074,S
2018.3333333333335,-0.21207809681878415,8.06376378468173,8.074240238062984,-5.623541082925025,4.886190887996299,Yes,15.92592592592593,S
2018.4166666666667,-0.2759496063786765,8.041771753211293,10.345288964278495,-5.623541082925025,4.886190887996299,Yes,18.11111111111111,S
2018.5,-0.05857434558445559,8.019779721740857,12.335090920139898,-5.623541082925025,4.886190887996299,Yes,20.296296296296298,S
2018.5833333333335,-0.002405654273471486,7.997787690270421,14.48609944548453,-5.623541082925025,4.886190887996299,Yes,22.48148148148148,S
2018.6666666666667,0.3722549725910109,7.975795658799986,16.31861603527567,-5.623541082925025,4.886190887996299,Yes,24.666666666666668,S
2018.75,0.16774323624078347,7.953803627329551,12.628453136429664,-5.623541082925025,4.886190887996299,Yes,20.75,S
2018.8333333333335,0.1484418009407159,7.931811595859115,8.753079936533505,-5.623541082925025,4.886190887996299,Yes,16.833333333333336,S
2018.9166666666667,0.13317707806173304,7.909819564388679,4.873670024216256,-5.623541082925025,4.886190887996299,No,12.916666666666668,S
2019,0.3001313401603115,7.8878275329182435,0.8120411269214456,-5.623541082925025,4.886190887996299,No,9,S
2019.0833333333335,0.1748516423548595,7.868866416376653,-2.0437180587315122,-5.623541082925025,4.886190887996299,No,6,S
2019.1666666666667,-0.3514333391482782,7.849905299835063,-2.4984719606867847,-5.623541082925025,4.886190887996299,No,5,S
2019.25,-0.3961590181267587,7.830944183293473,-2.0597851651667147,-5.623541082925025,4.886190887996299,No,5.375,S
2019.3333333333335,-0.21207809681878415,7.811983066751883,-1.8499049699330987,-5.623541082925025,4.886190887996299,No,5.75,S
2019.4166666666667,-0.2759496063786765,7.793021950210292,-1.3920723438316154,-5.623541082925025,4.886190887996299,No,6.125,S
2019.5,-0.05857434558445559,7.7740608336687025,-1.215486488084247,-5.623541082925025,4.886190887996299,No,6.5,S
2019.5833333333335,-0.002405654273471486,7.755099717127113,-0.8776940628536414,-5.623541082925025,4.886190887996299,No,6.875,S
2019.6666666666667,0.3722549725910109,7.736138600585522,-0.8583935731765333,-5.623541082925025,4.886190887996299,No,7.25,S
2019.75,0.16774323624078347,7.717177484043932,0.7817459463819514,-5.623541082925025,4.886190887996299,No,8.666666666666666,S
2019.8333333333335,0.1484418009407159,7.698216367502342,2.2366751648902756,-5.623541082925025,4.886190887996299,No,10.083333333333334,S
2019.9166666666667,0.13317707806173304,7.679255250960752,3.687567670977515,-5.623541082925025,4.886190887996299,No,11.5,S
2020,0.3001313401603115,7.6602941344191615,15.039574525420527,-5.623541082925025,4.886190887996299,Yes,23,S
2020.0833333333335,0.1748516423548595,7.641333017877571,15.739370895323127,-5.623541082925025,4.886190887996299,Yes,23.555555555555557,S
2020.1666666666667,-0.3514333391482782,7.622371901335981,-1.2709385621877027,-5.623541082925025,4.886190887996299,No,6,S
2020.25,-0.3961590181267587,7.624168375584488,-2.2280093574577293,-5.623541082925025,4.886190887996299,No,5,S
2020.3333333333335,-0.21207809681878415,7.625964849832995,5.519446580319123,-5.623541082925025,4.886190887996299,Yes,12.933333333333334,S
2020.4166666666667,-0.2759496063786765,7.627761324081502,-1.3518117177028248,-5.623541082925025,4.886190887996299,No,6,S
2020.5,-0.05857434558445559,7.6295577983300085,6.6433022615401605,-5.623541082925025,4.886190887996299,Yes,14.214285714285714,S
2020.5833333333335,-0.002405654273471486,7.631354272578515,3.311527572171147,-5.623541082925025,4.886190887996299,No,10.94047619047619,S
2020.6666666666667,0.3722549725910109,7.633150746827022,-0.3387390527513663,-5.623541082925025,4.886190887996299,No,7.666666666666667,S
2020.75,0.16774323624078347,7.634947221075528,-0.0148116694375231,-5.623541082925025,4.886190887996299,No,7.787878787878788,S
2020.8333333333335,0.1484418009407159,7.636743695324035,0.12390541282615875,-5.623541082925025,4.886190887996299,No,7.909090909090909,S
2020.9166666666667,0.13317707806173304,7.638540169572542,-2.6288601047771314,-5.623541082925025,4.886190887996299,No,5.142857142857143,S
2021,0.3001313401603115,7.6403366438210485,0.03432193198502631,-5.623541082925025,4.886190887996299,No,7.974789915966387,S
2021.0833333333335,0.1748516423548595,7.642133118069555,2.9897379286512162,-5.623541082925025,4.886190887996299,No,10.806722689075631,S
2021.1666666666667,-0.3514333391482782,7.643929592318062,6.346159209015089,-5.623541082925025,4.886190887996299,Yes,13.638655462184873,S
2021.25,-0.3961590181267587,7.645726066566569,9.221021186854307,-5.623541082925025,4.886190887996299,Yes,16.470588235294116,S
2021.3333333333335,-0.21207809681878415,7.647522540815076,3.5498496736507663,-5.623541082925025,4.886190887996299,No,10.985294117647058,S
2021.4166666666667,-0.2759496063786765,7.654977440387872,-1.8790278340091948,-5.623541082925025,4.886190887996299,No,5.5,S
2021.5,-0.05857434558445559,7.662432339960668,-1.27052466104288,-5.623541082925025,4.886190887996299,No,6.333333333333333,S
2021.5833333333335,-0.002405654273471486,7.669887239533464,-0.5008149185933259,-5.623541082925025,4.886190887996299,No,7.166666666666667,S
2021.6666666666667,0.3722549725910109,7.67734213910626,-0.04959711169727132,-5.623541082925025,4.886190887996299,No,8,S
2021.75,0.16774323624078347,7.684797038679056,-1.0747624971420615,-5.623541082925025,4.886190887996299,No,6.777777777777778,S
2021.8333333333335,0.1484418009407159,7.692251938251853,-1.2692651677639972,-5.623541082925025,4.886190887996299,No,6.571428571428571,S
2021.9166666666667,0.13317707806173304,7.699706837824649,-1.467804550807017,-5.623541082925025,4.886190887996299,No,6.365079365079365,S
2022,0.3001313401603115,7.707161737397445,-1.8485629188275983,-5.623541082925025,4.886190887996299,No,6.158730158730158,S
2022.0833333333335,0.1748516423548595,7.714616636970241,-1.9370873269441482,-5.623541082925025,4.886190887996299,No,5.9523809523809526,S
2022.1666666666667,-0.3514333391482782,7.722071536543037,-1.6246064513630127,-5.623541082925025,4.886190887996299,No,5.746031746031746,S
2022.25,-0.3961590181267587,7.729526436115833,-1.793684878306535,-5.623541082925025,4.886190887996299,No,5.5396825396825395,S
2022.3333333333335,-0.21207809681878415,7.736981335688629,-2.191569905536512,-5.623541082925025,4.886190887996299,No,5.333333333333333,S
2022.4166666666667,-0.2759496063786765,7.744436235261426,1.5315133711172502,-5.623541082925025,4.886190887996299,No,9,S
2022.5,-0.05857434558445559,7.751891134834222,2.359314789697602,-5.623541082925025,4.886190887996299,No,10.052631578947368,S
2022.5833333333335,-0.002405654273471486,7.75970694392857,29.077786429643147,-5.623541082925025,4.886190887996299,Yes,36.835087719298244,S
2022.6666666666667,0.3722549725910109,7.767522753022919,55.4777661340352,-5.623541082925025,4.886190887996299,Yes,63.617543859649125,S
2022.75,0.16774323624078347,7.775338562117268,82.45691820164195,-5.623541082925025,4.886190887996299,Yes,90.4,S
2022.8333333333335,0.1484418009407159,7.783154371211618,9.068403827847666,-5.623541082925025,4.886190887996299,Yes,17,S
2022.9166666666667,0.13317707806173304,7.790970180305966,31.530398196177753,-5.623541082925025,4.886190887996299,Yes,39.45454545454545,S
2023,0.3001313401603115,7.798785989400315,15.878355397712099,-5.623541082925025,4.886190887996299,Yes,23.977272727272727,S
2023.0833333333335,0.1748516423548595,7.806601798494664,0.5185465591504768,-5.623541082925025,4.886190887996299,No,8.5,S
2023.1666666666667,-0.3514333391482782,7.814417607589013,27.360545143323968,-5.623541082925025,4.886190887996299,Yes,34.8235294117647,S
2023.25,-0.3961590181267587,7.822233416683361,17.68503671255451,-5.623541082925025,4.886190887996299,Yes,25.11111111111111,S
2023.3333333333335,-0.21207809681878415,7.83004922577771,-1.617971128958926,-5.623541082925025,4.886190887996299,No,6,S
2023.4166666666667,-0.2759496063786765,7.83786503487206,10.77141790483995,-5.623541082925025,4.886190887996299,Yes,18.333333333333332,S
2023.5,-0.05857434558445559,7.8456808439664085,-2.787106498381953,-5.623541082925025,4.886190887996299,No,5,S
2023.5833333333335,-0.002405654273471486,7.853496653060757,2.1711312234349354,-5.623541082925025,4.886190887996299,No,10.02222222222222,S
2023.6666666666667,0.3722549725910109,7.861312462155106,6.810877009698324,-5.623541082925025,4.886190887996299,Yes,15.04444444444444,S
2023.75,0.16774323624078347,7.871347083998096,12.027576346427782,-5.623541082925025,4.886190887996299,Yes,20.066666666666663,S
2023.8333333333335,0.1484418009407159,7.881381705841085,106.7201764932182,-5.623541082925025,4.886190887996299,Yes,114.75,S
2023.9166666666667,0.13317707806173304,7.891416327684075,56.40397802282562,-5.623541082925025,4.886190887996299,Yes,64.42857142857143,S
2024,0.3001313401603115,7.901450949527065,36.29841771031262,-5.623541082925025,4.886190887996299,Yes,44.5,S
2024.0833333333335,0.1748516423548595,7.911485571370054,18.913662786275086,-5.623541082925025,4.886190887996299,Yes,27,S
2024.1666666666667,-0.3514333391482782,7.921520193213044,1.9299131459352337,-5.623541082925025,4.886190887996299,No,9.5,S
2024.25,-0.3961590181267587,7.931554815056034,3.839604203070725,-5.623541082925025,4.886190887996299,No,11.375,S
2024.3333333333335,-0.21207809681878415,7.941589436899024,7.52048865991976,-5.623541082925025,4.886190887996299,Yes,15.25,S
2024.4166666666667,-0.2759496063786765,7.951624058742014,11.449325547636665,-5.623541082925025,4.886190887996299,Yes,19.125,S
2024.5,-0.05857434558445559,7.961658680585003,15.096915664999454,-5.623541082925025,4.886190887996299,Yes,23,S
2024.5833333333335,-0.002405654273471486,7.971693302427993,0.5307123518454793,-5.623541082925025,4.886190887996299,No,8.5,S
2024.6666666666667,0.3722549725910109,7.981727924270983,10.071943029063933,-5.623541082925025,4.886190887996299,Yes,18.425925925925927,S
2024.75,0.16774323624078347,7.991762546113972,20.192346069497095,-5.623541082925025,4.886190887996299,Yes,28.35185185185185,S
2024.8333333333335,0.1484418009407159,8.001797167956962,30.1275388088801,-5.623541082925025,4.886190887996299,Yes,38.27777777777778,S
2024.9166666666667,0.13317707806173304,8.014205678400115,13.85261724353815,-5.623541082925025,4.886190887996299,Yes,22,S
2025,0.3001313401603115,8.02661418884327,13.773254470996418,-5.623541082925025,4.886190887996299,Yes,22.1,S
2025.0833333333335,0.1748516423548595,8.039022699286424,11.452792325025385,-5.623541082925025,4.886190887996299,Yes,19.666666666666668,S
2025.1666666666667,-0.3514333391482782,8.051431209729577,-1.4142835848670128,-5.623541082925025,4.886190887996299,No,6.285714285714286,S
2025.25,-0.3961590181267587,8.063839720172732,-0.5803791147443862,-5.623541082925025,4.886190887996299,No,7.087301587301587,S
2025.3333333333335,-0.21207809681878415,8.076248230615885,0.024718755091788225,-5.623541082925025,4.886190887996299,No,7.888888888888889,S
2025.4166666666667,-0.2759496063786765,8.088656741059038,2.901578579605351,-5.623541082925025,4.886190887996299,No,10.714285714285714,S
2025.5,-0.05857434558445559,8.101065251502192,3.4575090940822637,-5.623541082925025,4.886190887996299,No,11.5,S
2025.5833333333335,-0.002405654273471486,8.113473761945347,5.7014318923281255,-5.623541082925025,4.886190887996299,Yes,13.8125,S
2025.6666666666667,0.3722549725910109,8.1258822723885,36.835196088353825,-5.623541082925025,4.886190887996299,Yes,45.333333333333336,S
2025.75,0.16774323624078347,8.138290782831653,8.770889057850638,-5.623541082925025,4.886190887996299,Yes,17.076923076923077,S
2025.8333333333335,0.1484418009407159,8.150699293274808,-1.299141094215524,-5.623541082925025,4.886190887996299,No,7,S
2025.9166666666667,0.13317707806173304,8.163107803717962,-1.2962848817796946,-5.623541082925025,4.886190887996299,No,7,S
