x,seasonal,trend,remainder,remainder_l1,remainder_l2,anomaly,observed,Zone
1981.6666666666667,-1.5297576213302688e-15,-8.504110189127204e-16,2.3801686402429893e-15,-1.0797419523433498e-14,1.0801587183745288e-14,No,1.9721522630525295e-31,NW
1981.75,-1.6737797579168075e-15,-8.457926166419264e-16,2.5195723745587337e-15,-1.0797419523433498e-14,1.0801587183745288e-14,No,-1.9721522630525295e-31,NW
1981.8333333333335,2.113740994492139e-15,-8.411742143711324e-16,-1.2725667801210066e-15,-1.0797419523433498e-14,1.0801587183745288e-14,No,0,NW
1981.9166666666667,9.16762473349135e-16,-8.365558121003384e-16,-8.020666124879668e-17,-1.0797419523433498e-14,1.0801587183745288e-14,No,0,NW
1982,2.3796064352233804e-15,-8.319374098295445e-16,-1.547669025393836e-15,-1.0797419523433498e-14,1.0801587183745288e-14,No,0,NW
1982.0833333333335,2.3353484919258105e-15,-8.273190075587504e-16,0.9999999999999984,-1.0797419523433498e-14,1.0801587183745288e-14,No,1,NW
1982.1666666666667,2.49597640176964e-15,-8.227006052879564e-16,-1.6732757964816837e-15,-1.0797419523433498e-14,1.0801587183745288e-14,No,0,NW
1982.25,2.3153286434901983e-15,-8.180822030171624e-16,-1.497246440473036e-15,-1.0797419523433498e-14,1.0801587183745288e-14,No,0,NW
1982.3333333333335,1.7119954568618228e-15,-8.134638007463684e-16,-8.985316561154544e-16,-1.0797419523433498e-14,1.0801587183745288e-14,No,0,NW
1982.4166666666667,1.2257438749226873e-16,-8.088453984755745e-16,6.862710109833058e-16,-1.0797419523433498e-14,1.0801587183745288e-14,No,2.465190328815662e-32,NW
1982.5,-4.712160739277536e-15,-8.042269962047804e-16,1.0000000000000056,-1.0797419523433498e-14,1.0801587183745288e-14,No,1,NW
1982.5833333333335,-6.475636013578165e-15,-7.996085939339865e-16,7.275244607512151e-15,-1.0797419523433498e-14,1.0801587183745288e-14,No,0,NW
1982.6666666666667,-1.5297576213302688e-15,-7.949901916631925e-16,2.3247478129934614e-15,-1.0797419523433498e-14,1.0801587183745288e-14,No,1.9721522630525295e-31,NW
1982.75,-1.6737797579168075e-15,-7.903717893923985e-16,2.464151547309206e-15,-1.0797419523433498e-14,1.0801587183745288e-14,No,0,NW
1982.8333333333335,2.113740994492139e-15,-7.857533871216045e-16,-1.3279876073705345e-15,-1.0797419523433498e-14,1.0801587183745288e-14,No,0,NW
1982.9166666666667,9.16762473349135e-16,-7.811070501760285e-16,-1.3565542317310657e-16,-1.0797419523433498e-14,1.0801587183745288e-14,No,0,NW
1983,2.3796064352233804e-15,-7.764607132304524e-16,-1.6031457219929281e-15,-1.0797419523433498e-14,1.0801587183745288e-14,No,0,NW
1983.0833333333335,2.3353484919258105e-15,-7.718143762848764e-16,-1.5635341156409341e-15,-1.0797419523433498e-14,1.0801587183745288e-14,No,0,NW
1983.1666666666667,2.49597640176964e-15,-7.671680393393004e-16,-1.7288083624303397e-15,-1.0797419523433498e-14,1.0801587183745288e-14,No,0,NW
1983.25,2.3153286434901983e-15,-7.625217023937244e-16,-1.552806941096474e-15,-1.0797419523433498e-14,1.0801587183745288e-14,No,0,NW
1983.3333333333335,1.7119954568618228e-15,-7.578753654481483e-16,-9.541200914136744e-16,-1.0797419523433498e-14,1.0801587183745288e-14,No,0,NW
1983.4166666666667,1.2257438749226873e-16,-7.532290285025723e-16,6.306546410103036e-16,-1.0797419523433498e-14,1.0801587183745288e-14,No,2.465190328815662e-32,NW
1983.5,-4.712160739277536e-15,-7.485826915569963e-16,7.000000000000005,-1.0797419523433498e-14,1.0801587183745288e-14,No,7,NW
1983.5833333333335,-6.475636013578165e-15,-7.439363546114202e-16,2.0000000000000075,-1.0797419523433498e-14,1.0801587183745288e-14,No,2,NW
1983.6666666666667,-1.5297576213302688e-15,-7.392900176658442e-16,2.269047638996113e-15,-1.0797419523433498e-14,1.0801587183745288e-14,No,0,NW
1983.75,-1.6737797579168075e-15,-7.346436807202681e-16,2.4084234386370755e-15,-1.0797419523433498e-14,1.0801587183745288e-14,No,0,NW
1983.8333333333335,2.113740994492139e-15,-7.2999734377469215e-16,34,-1.0797419523433498e-14,1.0801587183745288e-14,Yes,34,NW
1983.9166666666667,9.16762473349135e-16,-7.253510068291161e-16,5,-1.0797419523433498e-14,1.0801587183745288e-14,No,5,NW
1984,2.3796064352233804e-15,-7.207046698835401e-16,-1.6589017653398404e-15,-1.0797419523433498e-14,1.0801587183745288e-14,No,0,NW
1984.0833333333335,2.3353484919258105e-15,-7.16346254842796e-16,-1.6190022370830145e-15,-1.0797419523433498e-14,1.0801587183745288e-14,No,0,NW
1984.1666666666667,2.49597640176964e-15,-7.11987839802052e-16,-1.7839885619675882e-15,-1.0797419523433498e-14,1.0801587183745288e-14,No,0,NW
1984.25,2.3153286434901983e-15,-7.076294247613079e-16,-1.6076992187288905e-15,-1.0797419523433498e-14,1.0801587183745288e-14,No,0,NW
1984.3333333333335,1.7119954568618228e-15,-7.032710097205639e-16,-1.008724447141259e-15,-1.0797419523433498e-14,1.0801587183745288e-14,No,0,NW
1984.4166666666667,1.2257438749226873e-16,-6.989125946798198e-16,5.763382071875511e-16,-1.0797419523433498e-14,1.0801587183745288e-14,No,2.465190328815662e-32,NW
1984.5,-4.712160739277536e-15,-6.945541796390758e-16,8.000000000000005,-1.0797419523433498e-14,1.0801587183745288e-14,Yes,8,NW
1984.5833333333335,-6.475636013578165e-15,-6.901957645983317e-16,7.165831778176496e-15,-1.0797419523433498e-14,1.0801587183745288e-14,No,-7.888609052210118e-31,NW
1984.6666666666667,-1.5297576213302688e-15,-6.858373495575876e-16,2.2155949708878563e-15,-1.0797419523433498e-14,1.0801587183745288e-14,No,-1.9721522630525295e-31,NW
1984.75,-1.6737797579168075e-15,-6.814789345168436e-16,2.355258692433651e-15,-1.0797419523433498e-14,1.0801587183745288e-14,No,0,NW
1984.8333333333335,2.113740994492139e-15,-6.771205194760995e-16,-1.4366204750160395e-15,-1.0797419523433498e-14,1.0801587183745288e-14,No,0,NW
1984.9166666666667,9.16762473349135e-16,-6.727621044353555e-16,-2.440003689137796e-16,-1.0797419523433498e-14,1.0801587183745288e-14,No,0,NW
1985,2.3796064352233804e-15,-6.684036893946114e-16,-1.7112027458287692e-15,-1.0797419523433498e-14,1.0801587183745288e-14,No,0,NW
1985.0833333333335,2.3353484919258105e-15,-6.640452743538674e-16,-1.6713032175719431e-15,-1.0797419523433498e-14,1.0801587183745288e-14,No,0,NW
1985.1666666666667,2.49597640176964e-15,-6.596868593131233e-16,-1.8362895424565166e-15,-1.0797419523433498e-14,1.0801587183745288e-14,No,3.944304526105059e-31,NW
1985.25,2.3153286434901983e-15,-6.555382536211146e-16,-1.6597903898690836e-15,-1.0797419523433498e-14,1.0801587183745288e-14,No,0,NW
1985.3333333333335,1.7119954568618228e-15,-6.51389647929106e-16,-1.0606058089327168e-15,-1.0797419523433498e-14,1.0801587183745288e-14,No,0,NW
1985.4166666666667,1.2257438749226873e-16,-6.472410422370973e-16,5.246666547448286e-16,-1.0797419523433498e-14,1.0801587183745288e-14,No,2.465190328815662e-32,NW
1985.5,-4.712160739277536e-15,-6.430924365450886e-16,12.000000000000005,-1.0797419523433498e-14,1.0801587183745288e-14,Yes,12,NW
1985.5833333333335,-6.475636013578165e-15,-6.3894383085308e-16,7.114579844431246e-15,-1.0797419523433498e-14,1.0801587183745288e-14,No,7.888609052210118e-31,NW
1985.6666666666667,-1.5297576213302688e-15,-6.347952251610713e-16,2.1645528464913403e-15,-1.0797419523433498e-14,1.0801587183745288e-14,No,1.9721522630525295e-31,NW
1985.75,-1.6737797579168075e-15,-6.306466194690627e-16,2.30442637738587e-15,-1.0797419523433498e-14,1.0801587183745288e-14,No,0,NW
1985.8333333333335,2.113740994492139e-15,-6.26498013777054e-16,-1.487242980715085e-15,-1.0797419523433498e-14,1.0801587183745288e-14,No,0,NW
1985.9166666666667,9.16762473349135e-16,-6.223494080850453e-16,-2.9441306526408975e-16,-1.0797419523433498e-14,1.0801587183745288e-14,No,0,NW
1986,2.3796064352233804e-15,-6.182008023930367e-16,-1.7614056328303437e-15,-1.0797419523433498e-14,1.0801587183745288e-14,No,0,NW
1986.0833333333335,2.3353484919258105e-15,-6.140521967010281e-16,-1.7212962952247824e-15,-1.0797419523433498e-14,1.0801587183745288e-14,No,0,NW
1986.1666666666667,2.49597640176964e-15,-6.099035910090193e-16,-1.8860728107606207e-15,-1.0797419523433498e-14,1.0801587183745288e-14,No,0,NW
1986.25,2.3153286434901983e-15,-6.057549853170107e-16,-1.7095736581731875e-15,-1.0797419523433498e-14,1.0801587183745288e-14,No,0,NW
1986.3333333333335,1.7119954568618228e-15,-6.01606379625002e-16,-1.1103890772368207e-15,-1.0797419523433498e-14,1.0801587183745288e-14,No,0,NW
1986.4166666666667,1.2257438749226873e-16,-5.986939452601518e-16,4.761195577678831e-16,-1.0797419523433498e-14,1.0801587183745288e-14,No,2.465190328815662e-32,NW
1986.5,-4.712160739277536e-15,-5.957815108953016e-16,5.3079422501728375e-15,-1.0797419523433498e-14,1.0801587183745288e-14,No,0,NW
1986.5833333333335,-6.475636013578165e-15,-5.928690765304514e-16,7.068505090108617e-15,-1.0797419523433498e-14,1.0801587183745288e-14,No,0,NW
1986.6666666666667,-1.5297576213302688e-15,-5.899566421656011e-16,18,-1.0797419523433498e-14,1.0801587183745288e-14,Yes,18,NW
1986.75,-1.6737797579168075e-15,-5.870442078007509e-16,2.2608239657175585e-15,-1.0797419523433498e-14,1.0801587183745288e-14,No,1.9721522630525295e-31,NW
1986.8333333333335,2.113740994492139e-15,-5.841317734359007e-16,-1.5296092210562384e-15,-1.0797419523433498e-14,1.0801587183745288e-14,No,0,NW
1986.9166666666667,9.16762473349135e-16,-5.812193390710504e-16,-3.3554313427808464e-16,-1.0797419523433498e-14,1.0801587183745288e-14,No,0,NW
1987,2.3796064352233804e-15,-5.783069047062002e-16,-1.8012995305171804e-15,-1.0797419523433498e-14,1.0801587183745288e-14,No,0,NW
1987.0833333333335,2.3353484919258105e-15,-5.7539447034135e-16,-1.7599540215844605e-15,-1.0797419523433498e-14,1.0801587183745288e-14,No,0,NW
1987.1666666666667,2.49597640176964e-15,-5.724820359764998e-16,7.999999999999998,-1.0797419523433498e-14,1.0801587183745288e-14,No,8,NW
1987.25,2.3153286434901983e-15,-5.695696016116495e-16,-1.7457590418785488e-15,-1.0797419523433498e-14,1.0801587183745288e-14,No,0,NW
1987.3333333333335,1.7119954568618228e-15,-5.666571672467993e-16,-1.1453382896150236e-15,-1.0797419523433498e-14,1.0801587183745288e-14,No,0,NW
1987.4166666666667,1.2257438749226873e-16,-5.637447328819491e-16,4.411703453896804e-16,-1.0797419523433498e-14,1.0801587183745288e-14,No,2.465190328815662e-32,NW
1987.5,-4.712160739277536e-15,-5.608322985170988e-16,5.272993037794635e-15,-1.0797419523433498e-14,1.0801587183745288e-14,No,0,NW
1987.5833333333335,-6.475636013578165e-15,-5.61041829239823e-16,7.036677842817988e-15,-1.0797419523433498e-14,1.0801587183745288e-14,No,0,NW
1987.6666666666667,-1.5297576213302688e-15,-5.612513599625472e-16,5.000000000000003,-1.0797419523433498e-14,1.0801587183745288e-14,No,5,NW
1987.75,-1.6737797579168075e-15,-5.614608906852713e-16,2.235240648602079e-15,-1.0797419523433498e-14,1.0801587183745288e-14,No,0,NW
1987.8333333333335,2.113740994492139e-15,-5.616704214079955e-16,-1.5520705730841435e-15,-1.0797419523433498e-14,1.0801587183745288e-14,No,0,NW
1987.9166666666667,9.16762473349135e-16,-5.618799521307197e-16,-3.548825212184154e-16,-1.0797419523433498e-14,1.0801587183745288e-14,No,0,NW
1988,2.3796064352233804e-15,-5.620894828534438e-16,-1.8175169523699367e-15,-1.0797419523433498e-14,1.0801587183745288e-14,No,0,NW
1988.0833333333335,2.3353484919258105e-15,-5.622990135761681e-16,-1.7730494783496424e-15,-1.0797419523433498e-14,1.0801587183745288e-14,No,0,NW
1988.1666666666667,2.49597640176964e-15,-5.625085442988922e-16,5.999999999999998,-1.0797419523433498e-14,1.0801587183745288e-14,No,6,NW
1988.25,2.3153286434901983e-15,-5.627180750216163e-16,-1.752610568468582e-15,-1.0797419523433498e-14,1.0801587183745288e-14,No,0,NW
1988.3333333333335,1.7119954568618228e-15,-5.6292760574434055e-16,-1.1490678511174822e-15,-1.0797419523433498e-14,1.0801587183745288e-14,No,0,NW
1988.4166666666667,1.2257438749226873e-16,-5.631371364670647e-16,1.0000000000000004,-1.0797419523433498e-14,1.0801587183745288e-14,No,1,NW
1988.5,-4.712160739277536e-15,-5.633466671897888e-16,1.0000000000000053,-1.0797419523433498e-14,1.0801587183745288e-14,No,1,NW
1988.5833333333335,-6.475636013578165e-15,-5.63556197912513e-16,7.0391922114906784e-15,-1.0797419523433498e-14,1.0801587183745288e-14,No,0,NW
1988.6666666666667,-1.5297576213302688e-15,-5.637657286352372e-16,2.093523349965506e-15,-1.0797419523433498e-14,1.0801587183745288e-14,No,-1.9721522630525295e-31,NW
1988.75,-1.6737797579168075e-15,-5.618373040834813e-16,2.235617062000289e-15,-1.0797419523433498e-14,1.0801587183745288e-14,No,1.9721522630525295e-31,NW
1988.8333333333335,2.113740994492139e-15,-5.599088795317253e-16,14.999999999999998,-1.0797419523433498e-14,1.0801587183745288e-14,Yes,15,NW
1988.9166666666667,9.16762473349135e-16,-5.579804549799694e-16,-3.587820183691657e-16,-1.0797419523433498e-14,1.0801587183745288e-14,No,0,NW
1989,2.3796064352233804e-15,-5.560520304282135e-16,2.9999999999999982,-1.0797419523433498e-14,1.0801587183745288e-14,No,3,NW
1989.0833333333335,2.3353484919258105e-15,-5.541236058764576e-16,2.9999999999999982,-1.0797419523433498e-14,1.0801587183745288e-14,No,3,NW
1989.1666666666667,2.49597640176964e-15,-5.521951813247016e-16,3.999999999999998,-1.0797419523433498e-14,1.0801587183745288e-14,No,4,NW
1989.25,2.3153286434901983e-15,-5.502667567729457e-16,-1.7650618867172526e-15,-1.0797419523433498e-14,1.0801587183745288e-14,No,0,NW
1989.3333333333335,1.7119954568618228e-15,-5.483383322211898e-16,5.999999999999999,-1.0797419523433498e-14,1.0801587183745288e-14,No,6,NW
1989.4166666666667,1.2257438749226873e-16,-5.464099076694339e-16,10,-1.0797419523433498e-14,1.0801587183745288e-14,Yes,10,NW
1989.5,-4.712160739277536e-15,-5.444814831176779e-16,10.000000000000005,-1.0797419523433498e-14,1.0801587183745288e-14,Yes,10,NW
1989.5833333333335,-6.475636013578165e-15,-5.42553058565922e-16,25.000000000000007,-1.0797419523433498e-14,1.0801587183745288e-14,Yes,25,NW
1989.6666666666667,-1.5297576213302688e-15,-5.406246340141661e-16,2.0703822553444347e-15,-1.0797419523433498e-14,1.0801587183745288e-14,No,-1.9721522630525295e-31,NW
1989.75,-1.6737797579168075e-15,-5.386962094624102e-16,2.000000000000002,-1.0797419523433498e-14,1.0801587183745288e-14,No,2,NW
1989.8333333333335,2.113740994492139e-15,-5.367677849106543e-16,-1.5769732095814847e-15,-1.0797419523433498e-14,1.0801587183745288e-14,No,0,NW
1989.9166666666667,9.16762473349135e-16,-5.365551792231418e-16,19,-1.0797419523433498e-14,1.0801587183745288e-14,Yes,19,NW
1990,2.3796064352233804e-15,-5.363425735356293e-16,34,-1.0797419523433498e-14,1.0801587183745288e-14,No,34,NW
1990.0833333333335,2.3353484919258105e-15,-5.361299678481168e-16,24.999999999999996,-1.0797419523433498e-14,1.0801587183745288e-14,Yes,25,NW
1990.1666666666667,2.49597640176964e-15,-5.359173621606043e-16,22.999999999999996,-1.0797419523433498e-14,1.0801587183745288e-14,Yes,23,NW
1990.25,2.3153286434901983e-15,-5.357047564730918e-16,-1.7796238870171067e-15,-1.0797419523433498e-14,1.0801587183745288e-14,No,0,NW
1990.3333333333335,1.7119954568618228e-15,-5.354921507855793e-16,10.999999999999998,-1.0797419523433498e-14,1.0801587183745288e-14,Yes,11,NW
1990.4166666666667,1.2257438749226873e-16,-5.352795450980668e-16,4.127051576057981e-16,-1.0797419523433498e-14,1.0801587183745288e-14,No,2.465190328815662e-32,NW
1990.5,-4.712160739277536e-15,-5.3506693941055435e-16,33.00000000000001,-1.0797419523433498e-14,1.0801587183745288e-14,Yes,33,NW
1990.5833333333335,-6.475636013578165e-15,-5.348543337230419e-16,11.000000000000007,-1.0797419523433498e-14,1.0801587183745288e-14,Yes,11,NW
1990.6666666666667,-1.5297576213302688e-15,-5.346417280355294e-16,2.0643993493657983e-15,-1.0797419523433498e-14,1.0801587183745288e-14,No,1.9721522630525295e-31,NW
1990.75,-1.6737797579168075e-15,-5.344291223480168e-16,2.2082088802648244e-15,-1.0797419523433498e-14,1.0801587183745288e-14,No,0,NW
1990.8333333333335,2.113740994492139e-15,-5.342165166605043e-16,-1.5795244778316346e-15,-1.0797419523433498e-14,1.0801587183745288e-14,No,0,NW
1990.9166666666667,9.16762473349135e-16,-5.340039109729919e-16,-3.827585623761432e-16,-1.0797419523433498e-14,1.0801587183745288e-14,No,0,NW
1991,2.3796064352233804e-15,-5.337913052854794e-16,-1.845815129937901e-15,-1.0797419523433498e-14,1.0801587183745288e-14,No,0,NW
1991.0833333333335,2.3353484919258105e-15,-5.341027530386376e-16,-1.8012457388871727e-15,-1.0797419523433498e-14,1.0801587183745288e-14,No,0,NW
1991.1666666666667,2.49597640176964e-15,-5.344142007917958e-16,-1.9615622009778442e-15,-1.0797419523433498e-14,1.0801587183745288e-14,No,0,NW
1991.25,2.3153286434901983e-15,-5.347256485449541e-16,-1.7806029949452444e-15,-1.0797419523433498e-14,1.0801587183745288e-14,No,0,NW
1991.3333333333335,1.7119954568618228e-15,-5.350370962981123e-16,-1.1769583605637105e-15,-1.0797419523433498e-14,1.0801587183745288e-14,No,0,NW
1991.4166666666667,1.2257438749226873e-16,-5.353485440512705e-16,4.127741565590018e-16,-1.0797419523433498e-14,1.0801587183745288e-14,No,2.465190328815662e-32,NW
1991.5,-4.712160739277536e-15,-5.356599918044287e-16,5.2478207310819646e-15,-1.0797419523433498e-14,1.0801587183745288e-14,No,0,NW
1991.5833333333335,-6.475636013578165e-15,-5.359714395575869e-16,28.000000000000007,-1.0797419523433498e-14,1.0801587183745288e-14,Yes,28,NW
1991.6666666666667,-1.5297576213302688e-15,-5.362828873107452e-16,6.000000000000003,-1.0797419523433498e-14,1.0801587183745288e-14,No,6,NW
1991.75,-1.6737797579168075e-15,-5.365943350639034e-16,2.2103740929807106e-15,-1.0797419523433498e-14,1.0801587183745288e-14,No,-1.9721522630525295e-31,NW
1991.8333333333335,2.113740994492139e-15,-5.369057828170616e-16,-1.5768352116750774e-15,-1.0797419523433498e-14,1.0801587183745288e-14,No,0,NW
1991.9166666666667,9.16762473349135e-16,-5.372172305702198e-16,-3.795452427789153e-16,-1.0797419523433498e-14,1.0801587183745288e-14,No,0,NW
1992,2.3796064352233804e-15,-5.37528678323378e-16,-1.8420777569000024e-15,-1.0797419523433498e-14,1.0801587183745288e-14,No,0,NW
1992.0833333333335,2.3353484919258105e-15,-5.378401260765362e-16,-1.797508365849274e-15,-1.0797419523433498e-14,1.0801587183745288e-14,No,0,NW
1992.1666666666667,2.49597640176964e-15,-5.381515738296945e-16,-1.9578248279399456e-15,-1.0797419523433498e-14,1.0801587183745288e-14,No,0,NW
1992.25,2.3153286434901983e-15,-5.307242983039231e-16,-1.784604345186275e-15,-1.0797419523433498e-14,1.0801587183745288e-14,No,0,NW
1992.3333333333335,1.7119954568618228e-15,-5.2329702277815185e-16,-1.188698434083671e-15,-1.0797419523433498e-14,1.0801587183745288e-14,No,0,NW
1992.4166666666667,1.2257438749226873e-16,-5.158697472523805e-16,3.932953597601118e-16,-1.0797419523433498e-14,1.0801587183745288e-14,No,2.465190328815662e-32,NW
1992.5,-4.712160739277536e-15,-5.084424717266092e-16,5.220603211004146e-15,-1.0797419523433498e-14,1.0801587183745288e-14,No,0,NW
1992.5833333333335,-6.475636013578165e-15,-5.010151962008379e-16,6.976651209779003e-15,-1.0797419523433498e-14,1.0801587183745288e-14,No,0,NW
1992.6666666666667,-1.5297576213302688e-15,-4.935879206750666e-16,2.0233455420053353e-15,-1.0797419523433498e-14,1.0801587183745288e-14,No,-1.9721522630525295e-31,NW
1992.75,-1.6737797579168075e-15,-4.861606451492953e-16,2.159940403066103e-15,-1.0797419523433498e-14,1.0801587183745288e-14,No,0,NW
1992.8333333333335,2.113740994492139e-15,-4.787333696235239e-16,-1.635007624868615e-15,-1.0797419523433498e-14,1.0801587183745288e-14,No,0,NW
1992.9166666666667,9.16762473349135e-16,-4.713060940977526e-16,-4.454563792513824e-16,-1.0797419523433498e-14,1.0801587183745288e-14,No,0,NW
1993,2.3796064352233804e-15,-4.638788185719813e-16,-1.915727616651399e-15,-1.0797419523433498e-14,1.0801587183745288e-14,No,0,NW
1993.0833333333335,2.3353484919258105e-15,-4.5645154304621e-16,0.9999999999999981,-1.0797419523433498e-14,1.0801587183745288e-14,No,1,NW
1993.1666666666667,2.49597640176964e-15,-4.490242675204387e-16,-2.0469521342492015e-15,-1.0797419523433498e-14,1.0801587183745288e-14,No,0,NW
1993.25,2.3153286434901983e-15,-4.4159699199466736e-16,-1.873731651495531e-15,-1.0797419523433498e-14,1.0801587183745288e-14,No,0,NW
1993.3333333333335,1.7119954568618228e-15,-4.3416971646889605e-16,-1.2778257403929268e-15,-1.0797419523433498e-14,1.0801587183745288e-14,No,0,NW
1993.4166666666667,1.2257438749226873e-16,-4.2030163013794914e-16,14,-1.0797419523433498e-14,1.0801587183745288e-14,Yes,14,NW
1993.5,-4.712160739277536e-15,-4.0643354380700223e-16,5.118594283084539e-15,-1.0797419523433498e-14,1.0801587183745288e-14,No,0,NW
1993.5833333333335,-6.475636013578165e-15,-3.9256545747605533e-16,6.868201471054221e-15,-1.0797419523433498e-14,1.0801587183745288e-14,No,0,NW
1993.6666666666667,-1.5297576213302688e-15,-3.786973711451084e-16,1.9084549924753773e-15,-1.0797419523433498e-14,1.0801587183745288e-14,No,0,NW
1993.75,-1.6737797579168075e-15,-3.648292848141615e-16,2.038609042730969e-15,-1.0797419523433498e-14,1.0801587183745288e-14,No,0,NW
1993.8333333333335,2.113740994492139e-15,-3.509611984832146e-16,-1.7627797960089244e-15,-1.0797419523433498e-14,1.0801587183745288e-14,No,0,NW
1993.9166666666667,9.16762473349135e-16,-3.370931121522677e-16,-5.796693611968674e-16,-1.0797419523433498e-14,1.0801587183745288e-14,No,0,NW
1994,2.3796064352233804e-15,-3.232250258213208e-16,-2.0563814094020594e-15,-1.0797419523433498e-14,1.0801587183745288e-14,No,3.944304526105059e-31,NW
1994.0833333333335,2.3353484919258105e-15,-3.093569394903739e-16,-2.0259915524354366e-15,-1.0797419523433498e-14,1.0801587183745288e-14,No,0,NW
1994.1666666666667,2.49597640176964e-15,-2.95488853159427e-16,-2.2004875486102133e-15,-1.0797419523433498e-14,1.0801587183745288e-14,No,-3.944304526105059e-31,NW
1994.25,2.3153286434901983e-15,-2.8162076682848007e-16,-2.033707876661718e-15,-1.0797419523433498e-14,1.0801587183745288e-14,No,0,NW
1994.3333333333335,1.7119954568618228e-15,-2.6775268049753317e-16,-1.4442427763642896e-15,-1.0797419523433498e-14,1.0801587183745288e-14,No,0,NW
1994.4166666666667,1.2257438749226873e-16,-2.5388459416658626e-16,20,-1.0797419523433498e-14,1.0801587183745288e-14,Yes,20,NW
1994.5,-4.712160739277536e-15,-2.4001650783563935e-16,2.0000000000000053,-1.0797419523433498e-14,1.0801587183745288e-14,No,2,NW
1994.5833333333335,-6.475636013578165e-15,-2.357628513069295e-16,6.711398864885095e-15,-1.0797419523433498e-14,1.0801587183745288e-14,No,0,NW
1994.6666666666667,-1.5297576213302688e-15,-2.3150919477821963e-16,1.7612668161084885e-15,-1.0797419523433498e-14,1.0801587183745288e-14,No,0,NW
1994.75,-1.6737797579168075e-15,-2.272555382495098e-16,1.9010352961663173e-15,-1.0797419523433498e-14,1.0801587183745288e-14,No,0,NW
1994.8333333333335,2.113740994492139e-15,-2.2300188172079996e-16,-1.890739112771339e-15,-1.0797419523433498e-14,1.0801587183745288e-14,No,0,NW
1994.9166666666667,9.16762473349135e-16,-2.187482251920901e-16,2.999999999999999,-1.0797419523433498e-14,1.0801587183745288e-14,No,3,NW
1995,2.3796064352233804e-15,-2.1449456866338024e-16,5.999999999999997,-1.0797419523433498e-14,1.0801587183745288e-14,No,6,NW
1995.0833333333335,2.3353484919258105e-15,-2.1024091213467038e-16,-2.12510757979114e-15,-1.0797419523433498e-14,1.0801587183745288e-14,No,0,NW
1995.1666666666667,2.49597640176964e-15,-2.0598725560596054e-16,1.9999999999999978,-1.0797419523433498e-14,1.0801587183745288e-14,No,2,NW
1995.25,2.3153286434901983e-15,-2.0173359907725068e-16,-2.1135950444129474e-15,-1.0797419523433498e-14,1.0801587183745288e-14,No,0,NW
1995.3333333333335,1.7119954568618228e-15,-1.9747994254854082e-16,-1.514515514313282e-15,-1.0797419523433498e-14,1.0801587183745288e-14,No,0,NW
1995.4166666666667,1.2257438749226873e-16,-1.9322628601983099e-16,7.065189852756226e-17,-1.0797419523433498e-14,1.0801587183745288e-14,No,0,NW
1995.5,-4.712160739277536e-15,-1.8897262949112113e-16,25.000000000000004,-1.0797419523433498e-14,1.0801587183745288e-14,Yes,25,NW
1995.5833333333335,-6.475636013578165e-15,-1.8471897296241127e-16,2.0000000000000067,-1.0797419523433498e-14,1.0801587183745288e-14,No,2,NW
1995.6666666666667,-1.5297576213302688e-15,-1.8046531643370143e-16,1.7102229377639703e-15,-1.0797419523433498e-14,1.0801587183745288e-14,No,0,NW
1995.75,-1.6737797579168075e-15,-1.83222105664008e-16,1.8570018635808156e-15,-1.0797419523433498e-14,1.0801587183745288e-14,No,1.9721522630525295e-31,NW
1995.8333333333335,2.113740994492139e-15,-1.859788948943146e-16,11.999999999999998,-1.0797419523433498e-14,1.0801587183745288e-14,Yes,12,NW
1995.9166666666667,9.16762473349135e-16,-1.887356841246212e-16,32,-1.0797419523433498e-14,1.0801587183745288e-14,Yes,32,NW
1996,2.3796064352233804e-15,-1.9149247335492776e-16,14.999999999999998,-1.0797419523433498e-14,1.0801587183745288e-14,No,15,NW
1996.0833333333335,2.3353484919258105e-15,-1.9424926258523434e-16,0.9999999999999979,-1.0797419523433498e-14,1.0801587183745288e-14,No,1,NW
1996.1666666666667,2.49597640176964e-15,-1.9700605181554093e-16,-2.2989703499540992e-15,-1.0797419523433498e-14,1.0801587183745288e-14,No,0,NW
1996.25,2.3153286434901983e-15,-1.9976284104584753e-16,1.999999999999998,-1.0797419523433498e-14,1.0801587183745288e-14,No,2,NW
1996.3333333333335,1.7119954568618228e-15,-2.025196302761541e-16,-1.5094758265856688e-15,-1.0797419523433498e-14,1.0801587183745288e-14,No,0,NW
1996.4166666666667,1.2257438749226873e-16,-2.0527641950646067e-16,8.270203201419194e-17,-1.0797419523433498e-14,1.0801587183745288e-14,No,0,NW
1996.5,-4.712160739277536e-15,-2.0803320873676727e-16,4.920193948014304e-15,-1.0797419523433498e-14,1.0801587183745288e-14,No,0,NW
1996.5833333333335,-6.475636013578165e-15,-2.1078999796707386e-16,6.686426011545239e-15,-1.0797419523433498e-14,1.0801587183745288e-14,No,0,NW
1996.6666666666667,-1.5297576213302688e-15,-2.1354678719738043e-16,1.7433044085276492e-15,-1.0797419523433498e-14,1.0801587183745288e-14,No,0,NW
1996.75,-1.6737797579168075e-15,-2.16303576427687e-16,1.8900833343444944e-15,-1.0797419523433498e-14,1.0801587183745288e-14,No,0,NW
1996.8333333333335,2.113740994492139e-15,-2.190603656579936e-16,-1.8946806288341454e-15,-1.0797419523433498e-14,1.0801587183745288e-14,No,0,NW
1996.9166666666667,9.16762473349135e-16,-2.2054398259385702e-16,-6.962184907552781e-16,-1.0797419523433498e-14,1.0801587183745288e-14,No,0,NW
1997,2.3796064352233804e-15,-2.2202759952972044e-16,-2.15757883569366e-15,-1.0797419523433498e-14,1.0801587183745288e-14,No,0,NW
1997.0833333333335,2.3353484919258105e-15,-2.235112164655839e-16,24.999999999999996,-1.0797419523433498e-14,1.0801587183745288e-14,No,25,NW
1997.1666666666667,2.49597640176964e-15,-2.249948334014473e-16,8.999999999999998,-1.0797419523433498e-14,1.0801587183745288e-14,Yes,9,NW
1997.25,2.3153286434901983e-15,-2.2647845033731073e-16,2.9999999999999982,-1.0797419523433498e-14,1.0801587183745288e-14,No,3,NW
1997.3333333333335,1.7119954568618228e-15,-2.279620672731741e-16,2.9999999999999987,-1.0797419523433498e-14,1.0801587183745288e-14,No,3,NW
1997.4166666666667,1.2257438749226873e-16,-2.2944568420903757e-16,16,-1.0797419523433498e-14,1.0801587183745288e-14,Yes,16,NW
1997.5,-4.712160739277536e-15,-2.30929301144901e-16,4.943090040422437e-15,-1.0797419523433498e-14,1.0801587183745288e-14,No,0,NW
1997.5833333333335,-6.475636013578165e-15,-2.324129180807644e-16,2.000000000000007,-1.0797419523433498e-14,1.0801587183745288e-14,No,2,NW
1997.6666666666667,-1.5297576213302688e-15,-2.3389653501662785e-16,1.0000000000000018,-1.0797419523433498e-14,1.0801587183745288e-14,No,1,NW
1997.75,-1.6737797579168075e-15,-2.3538015195249125e-16,27,-1.0797419523433498e-14,1.0801587183745288e-14,Yes,27,NW
1997.8333333333335,2.113740994492139e-15,-2.368637688883547e-16,7.999999999999998,-1.0797419523433498e-14,1.0801587183745288e-14,No,8,NW
1997.9166666666667,9.16762473349135e-16,-2.383473858242181e-16,11.999999999999998,-1.0797419523433498e-14,1.0801587183745288e-14,No,12,NW
1998,2.3796064352233804e-15,-2.3983100276008153e-16,20.999999999999996,-1.0797419523433498e-14,1.0801587183745288e-14,Yes,21,NW
1998.0833333333335,2.3353484919258105e-15,-2.4193975924584576e-16,34,-1.0797419523433498e-14,1.0801587183745288e-14,No,34,NW
1998.1666666666667,2.49597640176964e-15,-2.4404851573161e-16,48,-1.0797419523433498e-14,1.0801587183745288e-14,Yes,48,NW
1998.25,2.3153286434901983e-15,-2.461572722173742e-16,-2.069171371272824e-15,-1.0797419523433498e-14,1.0801587183745288e-14,No,0,NW
1998.3333333333335,1.7119954568618228e-15,-2.482660287031384e-16,-1.4637294281586844e-15,-1.0797419523433498e-14,1.0801587183745288e-14,No,0,NW
1998.4166666666667,1.2257438749226873e-16,-2.5037478518890264e-16,1.2780039769663391e-16,-1.0797419523433498e-14,1.0801587183745288e-14,No,0,NW
1998.5,-4.712160739277536e-15,-2.5248354167466687e-16,4.9646442809522034e-15,-1.0797419523433498e-14,1.0801587183745288e-14,No,0,NW
1998.5833333333335,-6.475636013578165e-15,-2.545922981604311e-16,6.7302283117385966e-15,-1.0797419523433498e-14,1.0801587183745288e-14,No,0,NW
1998.6666666666667,-1.5297576213302688e-15,-2.567010546461953e-16,1.7864586759764643e-15,-1.0797419523433498e-14,1.0801587183745288e-14,No,1.9721522630525295e-31,NW
1998.75,-1.6737797579168075e-15,-2.5880981113195953e-16,1.932589569048767e-15,-1.0797419523433498e-14,1.0801587183745288e-14,No,-1.9721522630525295e-31,NW
1998.8333333333335,2.113740994492139e-15,-2.6091856761772375e-16,-1.852822426874415e-15,-1.0797419523433498e-14,1.0801587183745288e-14,No,0,NW
1998.9166666666667,9.16762473349135e-16,-2.6302732410348798e-16,-6.537351492456472e-16,-1.0797419523433498e-14,1.0801587183745288e-14,No,0,NW
1999,2.3796064352233804e-15,-2.651360805892522e-16,-2.1144703546341284e-15,-1.0797419523433498e-14,1.0801587183745288e-14,No,-3.944304526105059e-31,NW
1999.0833333333335,2.3353484919258105e-15,-2.672448370750164e-16,-2.068103654850794e-15,-1.0797419523433498e-14,1.0801587183745288e-14,No,0,NW
1999.1666666666667,2.49597640176964e-15,-2.6935359356078064e-16,-2.2266228082088595e-15,-1.0797419523433498e-14,1.0801587183745288e-14,No,0,NW
1999.25,2.3153286434901983e-15,-2.8022517727080046e-16,-2.035103466219398e-15,-1.0797419523433498e-14,1.0801587183745288e-14,No,0,NW
1999.3333333333335,1.7119954568618228e-15,-2.9109676098082032e-16,-1.4208986958810025e-15,-1.0797419523433498e-14,1.0801587183745288e-14,No,0,NW
1999.4166666666667,1.2257438749226873e-16,-3.0196834469084014e-16,4,-1.0797419523433498e-14,1.0801587183745288e-14,No,3.9999999999999996,NW
1999.5,-4.712160739277536e-15,-3.1283992840085996e-16,5.025000667678396e-15,-1.0797419523433498e-14,1.0801587183745288e-14,No,0,NW
1999.5833333333335,-6.475636013578165e-15,-3.237115121108798e-16,43.00000000000001,-1.0797419523433498e-14,1.0801587183745288e-14,Yes,43,NW
1999.6666666666667,-1.5297576213302688e-15,-3.3458309582089964e-16,3.0000000000000018,-1.0797419523433498e-14,1.0801587183745288e-14,No,3,NW
1999.75,-1.6737797579168075e-15,-3.4545467953091946e-16,2.0192344374477268e-15,-1.0797419523433498e-14,1.0801587183745288e-14,No,-1.9721522630525295e-31,NW
1999.8333333333335,2.113740994492139e-15,-3.563262632409393e-16,-1.7574147312511997e-15,-1.0797419523433498e-14,1.0801587183745288e-14,No,0,NW
1999.9166666666667,9.16762473349135e-16,-3.6719784695095914e-16,-5.495646263981759e-16,-1.0797419523433498e-14,1.0801587183745288e-14,No,0,NW
2000,2.3796064352233804e-15,-3.7806943066097896e-16,-2.0015370045624014e-15,-1.0797419523433498e-14,1.0801587183745288e-14,No,0,NW
2000.0833333333335,2.3353484919258105e-15,-3.889410143709988e-16,-1.9464074775548117e-15,-1.0797419523433498e-14,1.0801587183745288e-14,No,0,NW
2000.1666666666667,2.49597640176964e-15,-3.998125980810186e-16,-2.0961638036886215e-15,-1.0797419523433498e-14,1.0801587183745288e-14,No,0,NW
2000.25,2.3153286434901983e-15,-4.1068418179103846e-16,-1.90464446169916e-15,-1.0797419523433498e-14,1.0801587183745288e-14,No,0,NW
2000.3333333333335,1.7119954568618228e-15,-4.215557655010583e-16,4.999999999999998,-1.0797419523433498e-14,1.0801587183745288e-14,No,5,NW
2000.4166666666667,1.2257438749226873e-16,-4.362878027705852e-16,18,-1.0797419523433498e-14,1.0801587183745288e-14,No,18,NW
2000.5,-4.712160739277536e-15,-4.510198400401121e-16,2.0000000000000053,-1.0797419523433498e-14,1.0801587183745288e-14,No,2,NW
2000.5833333333335,-6.475636013578165e-15,-4.65751877309639e-16,6.941387890887804e-15,-1.0797419523433498e-14,1.0801587183745288e-14,No,0,NW
2000.6666666666667,-1.5297576213302688e-15,-4.804839145791659e-16,2.010241535909435e-15,-1.0797419523433498e-14,1.0801587183745288e-14,No,1.9721522630525295e-31,NW
2000.75,-1.6737797579168075e-15,-4.952159518486929e-16,2.1689957097655004e-15,-1.0797419523433498e-14,1.0801587183745288e-14,No,0,NW
2000.8333333333335,2.113740994492139e-15,-5.099479891182198e-16,-1.6037930053739191e-15,-1.0797419523433498e-14,1.0801587183745288e-14,No,0,NW
2000.9166666666667,9.16762473349135e-16,-5.246800263877466e-16,-3.9208244696138846e-16,-1.0797419523433498e-14,1.0801587183745288e-14,No,0,NW
2001,2.3796064352233804e-15,-5.394120636572736e-16,-1.840194371566107e-15,-1.0797419523433498e-14,1.0801587183745288e-14,No,-3.944304526105059e-31,NW
2001.0833333333335,2.3353484919258105e-15,-5.5414410092680055e-16,-1.78120439099901e-15,-1.0797419523433498e-14,1.0801587183745288e-14,No,0,NW
2001.1666666666667,2.49597640176964e-15,-5.688761381963274e-16,1.9999999999999982,-1.0797419523433498e-14,1.0801587183745288e-14,No,2,NW
2001.25,2.3153286434901983e-15,-5.836081754658543e-16,-1.731720468024344e-15,-1.0797419523433498e-14,1.0801587183745288e-14,No,0,NW
2001.3333333333335,1.7119954568618228e-15,-5.983402127353812e-16,-1.1136552441264416e-15,-1.0797419523433498e-14,1.0801587183745288e-14,No,0,NW
2001.4166666666667,1.2257438749226873e-16,-6.130722500049082e-16,4.904978625126395e-16,-1.0797419523433498e-14,1.0801587183745288e-14,No,2.465190328815662e-32,NW
2001.5,-4.712160739277536e-15,-6.278042872744351e-16,5.339965026551971e-15,-1.0797419523433498e-14,1.0801587183745288e-14,No,0,NW
2001.5833333333335,-6.475636013578165e-15,-6.385502022202316e-16,1.000000000000007,-1.0797419523433498e-14,1.0801587183745288e-14,No,1,NW
2001.6666666666667,-1.5297576213302688e-15,-6.492961171660282e-16,2.179053738496297e-15,-1.0797419523433498e-14,1.0801587183745288e-14,No,-1.9721522630525295e-31,NW
2001.75,-1.6737797579168075e-15,-6.600420321118248e-16,2.3338217900286323e-15,-1.0797419523433498e-14,1.0801587183745288e-14,No,0,NW
2001.8333333333335,2.113740994492139e-15,-6.707879470576214e-16,-1.4429530474345176e-15,-1.0797419523433498e-14,1.0801587183745288e-14,No,0,NW
2001.9166666666667,9.16762473349135e-16,-6.815338620034179e-16,-2.3522861134571716e-16,-1.0797419523433498e-14,1.0801587183745288e-14,No,0,NW
2002,2.3796064352233804e-15,-6.922797769492145e-16,20.999999999999996,-1.0797419523433498e-14,1.0801587183745288e-14,No,21,NW
2002.0833333333335,2.3353484919258105e-15,-7.030256918950111e-16,9.999999999999998,-1.0797419523433498e-14,1.0801587183745288e-14,Yes,10,NW
2002.1666666666667,2.49597640176964e-15,-7.137716068408077e-16,15.999999999999998,-1.0797419523433498e-14,1.0801587183745288e-14,Yes,16,NW
2002.25,2.3153286434901983e-15,-7.245175217866042e-16,-1.5908111217035941e-15,-1.0797419523433498e-14,1.0801587183745288e-14,No,0,NW
2002.3333333333335,1.7119954568618228e-15,-7.352634367324008e-16,-9.767320201294221e-16,-1.0797419523433498e-14,1.0801587183745288e-14,No,0,NW
2002.4166666666667,1.2257438749226873e-16,-7.460093516781973e-16,6.234349641859286e-16,-1.0797419523433498e-14,1.0801587183745288e-14,No,2.465190328815662e-32,NW
2002.5,-4.712160739277536e-15,-7.56755266623994e-16,5.4689160059015304e-15,-1.0797419523433498e-14,1.0801587183745288e-14,No,0,NW
2002.5833333333335,-6.475636013578165e-15,-7.675011815697905e-16,7.243137195147956e-15,-1.0797419523433498e-14,1.0801587183745288e-14,No,0,NW
2002.6666666666667,-1.5297576213302688e-15,-7.782470965155871e-16,4.000000000000003,-1.0797419523433498e-14,1.0801587183745288e-14,No,4,NW
2002.75,-1.6737797579168075e-15,-7.836190822164287e-16,16,-1.0797419523433498e-14,1.0801587183745288e-14,No,15.999999999999998,NW
2002.8333333333335,2.113740994492139e-15,-7.889910679172704e-16,-1.3247499265748686e-15,-1.0797419523433498e-14,1.0801587183745288e-14,No,0,NW
2002.9166666666667,9.16762473349135e-16,-7.94363053618112e-16,-1.2239941973102307e-16,-1.0797419523433498e-14,1.0801587183745288e-14,No,0,NW
2003,2.3796064352233804e-15,-7.997350393189537e-16,-1.5798713959044268e-15,-1.0797419523433498e-14,1.0801587183745288e-14,No,0,NW
2003.0833333333335,2.3353484919258105e-15,-8.051070250197953e-16,-1.5302414669060153e-15,-1.0797419523433498e-14,1.0801587183745288e-14,No,0,NW
2003.1666666666667,2.49597640176964e-15,-8.104790107206369e-16,0.9999999999999983,-1.0797419523433498e-14,1.0801587183745288e-14,No,1,NW
2003.25,2.3153286434901983e-15,-8.158509964214786e-16,-1.4994776470687196e-15,-1.0797419523433498e-14,1.0801587183745288e-14,No,0,NW
2003.3333333333335,1.7119954568618228e-15,-8.212229821223202e-16,-8.907724747395026e-16,-1.0797419523433498e-14,1.0801587183745288e-14,No,0,NW
2003.4166666666667,1.2257438749226873e-16,-8.265949678231619e-16,7.040205803308932e-16,-1.0797419523433498e-14,1.0801587183745288e-14,No,2.465190328815662e-32,NW
2003.5,-4.712160739277536e-15,-8.319669535240035e-16,5.544127692801539e-15,-1.0797419523433498e-14,1.0801587183745288e-14,No,0,NW
2003.5833333333335,-6.475636013578165e-15,-8.373389392248452e-16,31.000000000000007,-1.0797419523433498e-14,1.0801587183745288e-14,Yes,31,NW
2003.6666666666667,-1.5297576213302688e-15,-8.427109249256868e-16,25,-1.0797419523433498e-14,1.0801587183745288e-14,Yes,25,NW
2003.75,-1.6737797579168075e-15,-8.480829106265285e-16,2.521862668543336e-15,-1.0797419523433498e-14,1.0801587183745288e-14,No,0,NW
2003.8333333333335,2.113740994492139e-15,-8.534548963273701e-16,-1.2602860981647689e-15,-1.0797419523433498e-14,1.0801587183745288e-14,No,0,NW
2003.9166666666667,9.16762473349135e-16,-8.584850045718055e-16,-5.827746877732959e-17,-1.0797419523433498e-14,1.0801587183745288e-14,No,0,NW
2004,2.3796064352233804e-15,-8.635151128162409e-16,-1.5160913224071395e-15,-1.0797419523433498e-14,1.0801587183745288e-14,No,0,NW
2004.0833333333335,2.3353484919258105e-15,-8.685452210606763e-16,-1.4668032708651342e-15,-1.0797419523433498e-14,1.0801587183745288e-14,No,0,NW
2004.1666666666667,2.49597640176964e-15,-8.735753293051118e-16,-1.6224010724645284e-15,-1.0797419523433498e-14,1.0801587183745288e-14,No,0,NW
2004.25,2.3153286434901983e-15,-8.786054375495472e-16,-1.4367232059406512e-15,-1.0797419523433498e-14,1.0801587183745288e-14,No,0,NW
2004.3333333333335,1.7119954568618228e-15,-8.836355457939826e-16,-8.283599110678402e-16,-1.0797419523433498e-14,1.0801587183745288e-14,No,0,NW
2004.4166666666667,1.2257438749226873e-16,-8.886656540384179e-16,39,-1.0797419523433498e-14,1.0801587183745288e-14,Yes,39,NW
2004.5,-4.712160739277536e-15,-8.936957622828535e-16,1.0000000000000056,-1.0797419523433498e-14,1.0801587183745288e-14,No,1,NW
2004.5833333333335,-6.475636013578165e-15,-8.987258705272889e-16,32.00000000000001,-1.0797419523433498e-14,1.0801587183745288e-14,Yes,32,NW
2004.6666666666667,-1.5297576213302688e-15,-9.037559787717243e-16,2.433513600101993e-15,-1.0797419523433498e-14,1.0801587183745288e-14,No,0,NW
2004.75,-1.6737797579168075e-15,-9.087860870161597e-16,2.582565844932967e-15,-1.0797419523433498e-14,1.0801587183745288e-14,No,-1.9721522630525295e-31,NW
2004.8333333333335,2.113740994492139e-15,-9.13816195260595e-16,-1.1999247992315439e-15,-1.0797419523433498e-14,1.0801587183745288e-14,No,0,NW
2004.9166666666667,9.16762473349135e-16,-9.188463035050305e-16,2.083830155895409e-18,-1.0797419523433498e-14,1.0801587183745288e-14,No,0,NW
2005,2.3796064352233804e-15,-9.238764117494659e-16,-1.4557300234739145e-15,-1.0797419523433498e-14,1.0801587183745288e-14,No,0,NW
2005.0833333333335,2.3353484919258105e-15,-9.287769980235065e-16,-1.406571493902304e-15,-1.0797419523433498e-14,1.0801587183745288e-14,No,0,NW
2005.1666666666667,2.49597640176964e-15,-9.336775842975468e-16,-1.5622988174720932e-15,-1.0797419523433498e-14,1.0801587183745288e-14,No,0,NW
2005.25,2.3153286434901983e-15,-9.385781705715874e-16,-1.3767504729186109e-15,-1.0797419523433498e-14,1.0801587183745288e-14,No,0,NW
2005.3333333333335,1.7119954568618228e-15,-9.43478756845628e-16,0.9999999999999992,-1.0797419523433498e-14,1.0801587183745288e-14,No,1,NW
2005.4166666666667,1.2257438749226873e-16,-9.483793431196683e-16,9.000000000000002,-1.0797419523433498e-14,1.0801587183745288e-14,Yes,9,NW
2005.5,-4.712160739277536e-15,-9.53279929393709e-16,21.000000000000004,-1.0797419523433498e-14,1.0801587183745288e-14,Yes,21,NW
2005.5833333333335,-6.475636013578165e-15,-9.581805156677495e-16,10.000000000000009,-1.0797419523433498e-14,1.0801587183745288e-14,Yes,10,NW
2005.6666666666667,-1.5297576213302688e-15,-9.630811019417899e-16,2.4928387232720585e-15,-1.0797419523433498e-14,1.0801587183745288e-14,No,-1.9721522630525295e-31,NW
2005.75,-1.6737797579168075e-15,-9.679816882158304e-16,2.641761446132638e-15,-1.0797419523433498e-14,1.0801587183745288e-14,No,1.9721522630525295e-31,NW
2005.8333333333335,2.113740994492139e-15,-9.728822744898708e-16,-1.1408587200022682e-15,-1.0797419523433498e-14,1.0801587183745288e-14,No,0,NW
2005.9166666666667,9.16762473349135e-16,-9.777828607639114e-16,6.102038741477628e-17,-1.0797419523433498e-14,1.0801587183745288e-14,No,0,NW
2006,2.3796064352233804e-15,-9.82683447037952e-16,-1.3969229881854285e-15,-1.0797419523433498e-14,1.0801587183745288e-14,No,0,NW
2006.0833333333335,2.3353484919258105e-15,-9.875840333119923e-16,-1.3477644586138182e-15,-1.0797419523433498e-14,1.0801587183745288e-14,No,0,NW
2006.1666666666667,2.49597640176964e-15,-9.924846195860329e-16,-1.5034917821836072e-15,-1.0797419523433498e-14,1.0801587183745288e-14,No,0,NW
2006.25,2.3153286434901983e-15,-9.898281730884422e-16,-1.325500470401756e-15,-1.0797419523433498e-14,1.0801587183745288e-14,No,0,NW
2006.3333333333335,1.7119954568618228e-15,-9.871717265908515e-16,21,-1.0797419523433498e-14,1.0801587183745288e-14,Yes,21,NW
2006.4166666666667,1.2257438749226873e-16,-9.845152800932608e-16,21,-1.0797419523433498e-14,1.0801587183745288e-14,No,21,NW
2006.5,-4.712160739277536e-15,-9.818588335956702e-16,36.00000000000001,-1.0797419523433498e-14,1.0801587183745288e-14,Yes,36,NW
2006.5833333333335,-6.475636013578165e-15,-9.792023870980795e-16,7.454838400676245e-15,-1.0797419523433498e-14,1.0801587183745288e-14,No,0,NW
2006.6666666666667,-1.5297576213302688e-15,-9.765459406004888e-16,3.000000000000002,-1.0797419523433498e-14,1.0801587183745288e-14,No,3,NW
2006.75,-1.6737797579168075e-15,-9.73889494102898e-16,43,-1.0797419523433498e-14,1.0801587183745288e-14,Yes,43,NW
2006.8333333333335,2.113740994492139e-15,-9.712330476053073e-16,2.9999999999999987,-1.0797419523433498e-14,1.0801587183745288e-14,No,3,NW
2006.9166666666667,9.16762473349135e-16,-9.685766011077166e-16,14,-1.0797419523433498e-14,1.0801587183745288e-14,No,14,NW
2007,2.3796064352233804e-15,-9.65920154610126e-16,17.999999999999996,-1.0797419523433498e-14,1.0801587183745288e-14,Yes,18,NW
2007.0833333333335,2.3353484919258105e-15,-9.632637081125352e-16,3.9999999999999987,-1.0797419523433498e-14,1.0801587183745288e-14,No,4,NW
2007.1666666666667,2.49597640176964e-15,-9.606072616149446e-16,18.999999999999996,-1.0797419523433498e-14,1.0801587183745288e-14,Yes,19,NW
2007.25,2.3153286434901983e-15,-9.579508151173539e-16,-1.3573778283728444e-15,-1.0797419523433498e-14,1.0801587183745288e-14,No,0,NW
2007.3333333333335,1.7119954568618228e-15,-9.552943686197632e-16,-7.567010882420596e-16,-1.0797419523433498e-14,1.0801587183745288e-14,No,0,NW
2007.4166666666667,1.2257438749226873e-16,-9.481241320043805e-16,8.255497445121118e-16,-1.0797419523433498e-14,1.0801587183745288e-14,No,2.465190328815662e-32,NW
2007.5,-4.712160739277536e-15,-9.40953895388998e-16,4.000000000000005,-1.0797419523433498e-14,1.0801587183745288e-14,No,3.9999999999999996,NW
2007.5833333333335,-6.475636013578165e-15,-9.337836587736156e-16,3.0000000000000075,-1.0797419523433498e-14,1.0801587183745288e-14,No,3,NW
2007.6666666666667,-1.5297576213302688e-15,-9.26613422158233e-16,2.456371043488502e-15,-1.0797419523433498e-14,1.0801587183745288e-14,No,0,NW
2007.75,-1.6737797579168075e-15,-9.194431855428503e-16,2.5932229434596578e-15,-1.0797419523433498e-14,1.0801587183745288e-14,No,0,NW
2007.8333333333335,2.113740994492139e-15,-9.122729489274679e-16,-1.2014680455646711e-15,-1.0797419523433498e-14,1.0801587183745288e-14,No,0,NW
2007.9166666666667,9.16762473349135e-16,-9.051027123120854e-16,-1.165976103704968e-17,-1.0797419523433498e-14,1.0801587183745288e-14,No,0,NW
2008,2.3796064352233804e-15,-8.979324756967027e-16,1.9999999999999984,-1.0797419523433498e-14,1.0801587183745288e-14,No,2,NW
2008.0833333333335,2.3353484919258105e-15,-8.9076223908132e-16,59,-1.0797419523433498e-14,1.0801587183745288e-14,Yes,59,NW
2008.1666666666667,2.49597640176964e-15,-8.835920024659376e-16,-1.6123843993037024e-15,-1.0797419523433498e-14,1.0801587183745288e-14,No,0,NW
2008.25,2.3153286434901983e-15,-8.764217658505551e-16,2.9999999999999987,-1.0797419523433498e-14,1.0801587183745288e-14,No,3,NW
2008.3333333333335,1.7119954568618228e-15,-8.692515292351725e-16,-8.427439276266503e-16,-1.0797419523433498e-14,1.0801587183745288e-14,No,0,NW
2008.4166666666667,1.2257438749226873e-16,-8.6208129261979e-16,7.395069051275213e-16,-1.0797419523433498e-14,1.0801587183745288e-14,No,2.465190328815662e-32,NW
2008.5,-4.712160739277536e-15,-8.549110560044074e-16,8.000000000000005,-1.0797419523433498e-14,1.0801587183745288e-14,No,8,NW
2008.5833333333335,-6.475636013578165e-15,-8.534076977691743e-16,1.0000000000000073,-1.0797419523433498e-14,1.0801587183745288e-14,No,1,NW
2008.6666666666667,-1.5297576213302688e-15,-8.519043395339414e-16,2.000000000000002,-1.0797419523433498e-14,1.0801587183745288e-14,No,1.9999999999999998,NW
2008.75,-1.6737797579168075e-15,-8.504009812987083e-16,2.524180739215516e-15,-1.0797419523433498e-14,1.0801587183745288e-14,No,0,NW
2008.8333333333335,2.113740994492139e-15,-8.488976230634752e-16,-1.2648433714286638e-15,-1.0797419523433498e-14,1.0801587183745288e-14,No,0,NW
2008.9166666666667,9.16762473349135e-16,-8.473942648282422e-16,-6.936820852089291e-17,-1.0797419523433498e-14,1.0801587183745288e-14,No,0,NW
2009,2.3796064352233804e-15,-8.458909065930092e-16,-1.5337155286303712e-15,-1.0797419523433498e-14,1.0801587183745288e-14,No,0,NW
2009.0833333333335,2.3353484919258105e-15,-8.443875483577761e-16,-1.4909609435680343e-15,-1.0797419523433498e-14,1.0801587183745288e-14,No,0,NW
2009.1666666666667,2.49597640176964e-15,-8.428841901225431e-16,-1.653092211647097e-15,-1.0797419523433498e-14,1.0801587183745288e-14,No,0,NW
2009.25,2.3153286434901983e-15,-8.413808318873101e-16,-1.4739478116028883e-15,-1.0797419523433498e-14,1.0801587183745288e-14,No,0,NW
2009.3333333333335,1.7119954568618228e-15,-8.39877473652077e-16,-8.721179832097458e-16,-1.0797419523433498e-14,1.0801587183745288e-14,No,0,NW
2009.4166666666667,1.2257438749226873e-16,-8.38374115416844e-16,33,-1.0797419523433498e-14,1.0801587183745288e-14,Yes,33,NW
2009.5,-4.712160739277536e-15,-8.368707571816109e-16,2.0000000000000058,-1.0797419523433498e-14,1.0801587183745288e-14,No,2,NW
2009.5833333333335,-6.475636013578165e-15,-8.353673989463779e-16,7.311003412524543e-15,-1.0797419523433498e-14,1.0801587183745288e-14,No,-7.888609052210118e-31,NW
2009.6666666666667,-1.5297576213302688e-15,-8.338640407111449e-16,2.3636216620414135e-15,-1.0797419523433498e-14,1.0801587183745288e-14,No,-1.9721522630525295e-31,NW
2009.75,-1.6737797579168075e-15,-8.375399043624232e-16,50,-1.0797419523433498e-14,1.0801587183745288e-14,Yes,50,NW
2009.8333333333335,2.113740994492139e-15,-8.4121576801370155e-16,2.9999999999999987,-1.0797419523433498e-14,1.0801587183745288e-14,No,3,NW
2009.9166666666667,9.16762473349135e-16,-8.448916316649799e-16,1,-1.0797419523433498e-14,1.0801587183745288e-14,No,1,NW
2010,2.3796064352233804e-15,-8.485674953162582e-16,-1.5310389399071222e-15,-1.0797419523433498e-14,1.0801587183745288e-14,No,0,NW
2010.0833333333335,2.3353484919258105e-15,-8.522433589675366e-16,-1.483105132958274e-15,-1.0797419523433498e-14,1.0801587183745288e-14,No,0,NW
2010.1666666666667,2.49597640176964e-15,-8.559192226188149e-16,-1.6400571791508251e-15,-1.0797419523433498e-14,1.0801587183745288e-14,No,0,NW
2010.25,2.3153286434901983e-15,-8.595950862700933e-16,34,-1.0797419523433498e-14,1.0801587183745288e-14,No,34,NW
2010.3333333333335,1.7119954568618228e-15,-8.632709499213716e-16,4.999999999999999,-1.0797419523433498e-14,1.0801587183745288e-14,No,5,NW
2010.4166666666667,1.2257438749226873e-16,-8.6694681357265e-16,5.000000000000001,-1.0797419523433498e-14,1.0801587183745288e-14,No,5,NW
2010.5,-4.712160739277536e-15,-8.706226772239283e-16,5.582783416501465e-15,-1.0797419523433498e-14,1.0801587183745288e-14,No,0,NW
2010.5833333333335,-6.475636013578165e-15,-8.742985408752067e-16,12.000000000000007,-1.0797419523433498e-14,1.0801587183745288e-14,Yes,12,NW
2010.6666666666667,-1.5297576213302688e-15,-8.77974404526485e-16,4.000000000000003,-1.0797419523433498e-14,1.0801587183745288e-14,No,4,NW
2010.75,-1.6737797579168075e-15,-8.816502681777633e-16,2.5554300260945707e-15,-1.0797419523433498e-14,1.0801587183745288e-14,No,0,NW
2010.8333333333335,2.113740994492139e-15,-8.853261318290417e-16,-1.2284148626630973e-15,-1.0797419523433498e-14,1.0801587183745288e-14,No,0,NW
2010.9166666666667,9.16762473349135e-16,-8.894649570603155e-16,-2.7297516288819572e-17,-1.0797419523433498e-14,1.0801587183745288e-14,No,0,NW
2011,2.3796064352233804e-15,-8.936037822915895e-16,12,-1.0797419523433498e-14,1.0801587183745288e-14,Yes,12,NW
2011.0833333333335,2.3353484919258105e-15,-8.977426075228634e-16,9,-1.0797419523433498e-14,1.0801587183745288e-14,Yes,9,NW
2011.1666666666667,2.49597640176964e-15,-9.018814327541372e-16,-1.5940949690155029e-15,-1.0797419523433498e-14,1.0801587183745288e-14,No,0,NW
2011.25,2.3153286434901983e-15,-9.060202579854112e-16,57,-1.0797419523433498e-14,1.0801587183745288e-14,Yes,57,NW
2011.3333333333335,1.7119954568618228e-15,-9.10159083216685e-16,0.9999999999999992,-1.0797419523433498e-14,1.0801587183745288e-14,No,1,NW
2011.4166666666667,1.2257438749226873e-16,-9.142979084479588e-16,7.917235209556901e-16,-1.0797419523433498e-14,1.0801587183745288e-14,No,2.465190328815662e-32,NW
2011.5,-4.712160739277536e-15,-9.184367336792329e-16,5.630597472956769e-15,-1.0797419523433498e-14,1.0801587183745288e-14,No,0,NW
2011.5833333333335,-6.475636013578165e-15,-9.225755589105067e-16,7.398211572488672e-15,-1.0797419523433498e-14,1.0801587183745288e-14,No,0,NW
2011.6666666666667,-1.5297576213302688e-15,-9.267143841417807e-16,4.000000000000003,-1.0797419523433498e-14,1.0801587183745288e-14,No,4,NW
2011.75,-1.6737797579168075e-15,-9.308532093730545e-16,14.000000000000004,-1.0797419523433498e-14,1.0801587183745288e-14,Yes,14,NW
2011.8333333333335,2.113740994492139e-15,-9.349920346043283e-16,-1.1787489598878106e-15,-1.0797419523433498e-14,1.0801587183745288e-14,No,0,NW
2011.9166666666667,9.16762473349135e-16,-9.391308598356024e-16,1,-1.0797419523433498e-14,1.0801587183745288e-14,No,1,NW
2012,2.3796064352233804e-15,-9.432696850668762e-16,-1.4363367501565043e-15,-1.0797419523433498e-14,1.0801587183745288e-14,No,0,NW
2012.0833333333335,2.3353484919258105e-15,-9.394027339539483e-16,-1.3959457579718622e-15,-1.0797419523433498e-14,1.0801587183745288e-14,No,0,NW
2012.1666666666667,2.49597640176964e-15,-9.355357828410206e-16,4.999999999999998,-1.0797419523433498e-14,1.0801587183745288e-14,No,5,NW
2012.25,2.3153286434901983e-15,-9.316688317280927e-16,-1.3836598117621055e-15,-1.0797419523433498e-14,1.0801587183745288e-14,No,0,NW
2012.3333333333335,1.7119954568618228e-15,-9.278018806151648e-16,14,-1.0797419523433498e-14,1.0801587183745288e-14,No,14,NW
2012.4166666666667,1.2257438749226873e-16,-9.239349295022372e-16,7.000000000000001,-1.0797419523433498e-14,1.0801587183745288e-14,No,7,NW
2012.5,-4.712160739277536e-15,-9.200679783893093e-16,5.632228717666846e-15,-1.0797419523433498e-14,1.0801587183745288e-14,No,0,NW
2012.5833333333335,-6.475636013578165e-15,-9.162010272763814e-16,33.00000000000001,-1.0797419523433498e-14,1.0801587183745288e-14,No,33,NW
2012.6666666666667,-1.5297576213302688e-15,-9.123340761634537e-16,14.000000000000004,-1.0797419523433498e-14,1.0801587183745288e-14,No,14,NW
2012.75,-1.6737797579168075e-15,-9.084671250505258e-16,7.000000000000003,-1.0797419523433498e-14,1.0801587183745288e-14,No,7,NW
2012.8333333333335,2.113740994492139e-15,-9.046001739375981e-16,-1.2091408205545408e-15,-1.0797419523433498e-14,1.0801587183745288e-14,No,0,NW
2012.9166666666667,9.16762473349135e-16,-9.007332228246703e-16,-1.6029250524464828e-17,-1.0797419523433498e-14,1.0801587183745288e-14,No,0,NW
2013,2.3796064352233804e-15,-8.968662717117424e-16,-1.482740163511638e-15,-1.0797419523433498e-14,1.0801587183745288e-14,No,0,NW
2013.0833333333335,2.3353484919258105e-15,-8.929993205988147e-16,-1.4423491713269958e-15,-1.0797419523433498e-14,1.0801587183745288e-14,No,0,NW
2013.1666666666667,2.49597640176964e-15,-8.891323694858868e-16,-1.6068440322837533e-15,-1.0797419523433498e-14,1.0801587183745288e-14,No,0,NW
2013.25,2.3153286434901983e-15,-8.840361672300697e-16,-1.4312924762601286e-15,-1.0797419523433498e-14,1.0801587183745288e-14,No,0,NW
2013.3333333333335,1.7119954568618228e-15,-8.789399649742526e-16,-8.330554918875702e-16,-1.0797419523433498e-14,1.0801587183745288e-14,No,0,NW
2013.4166666666667,1.2257438749226873e-16,-8.738437627184355e-16,7.512693752261668e-16,-1.0797419523433498e-14,1.0801587183745288e-14,No,2.465190328815662e-32,NW
2013.5,-4.712160739277536e-15,-8.687475604626184e-16,27.000000000000004,-1.0797419523433498e-14,1.0801587183745288e-14,Yes,27,NW
2013.5833333333335,-6.475636013578165e-15,-8.636513582068013e-16,1.0000000000000073,-1.0797419523433498e-14,1.0801587183745288e-14,No,1,NW
2013.6666666666667,-1.5297576213302688e-15,-8.585551559509842e-16,2.388312777281253e-15,-1.0797419523433498e-14,1.0801587183745288e-14,No,0,NW
2013.75,-1.6737797579168075e-15,-8.534589536951671e-16,18,-1.0797419523433498e-14,1.0801587183745288e-14,No,18,NW
2013.8333333333335,2.113740994492139e-15,-8.483627514393499e-16,5.999999999999999,-1.0797419523433498e-14,1.0801587183745288e-14,No,6,NW
2013.9166666666667,9.16762473349135e-16,-8.432665491835328e-16,-7.349592416560225e-17,-1.0797419523433498e-14,1.0801587183745288e-14,No,0,NW
2014,2.3796064352233804e-15,-8.381703469277157e-16,-1.5414360882956648e-15,-1.0797419523433498e-14,1.0801587183745288e-14,No,0,NW
2014.0833333333335,2.3353484919258105e-15,-8.330741446718986e-16,-1.502274347253912e-15,-1.0797419523433498e-14,1.0801587183745288e-14,No,0,NW
2014.1666666666667,2.49597640176964e-15,-8.279779424160815e-16,-1.6679984593535586e-15,-1.0797419523433498e-14,1.0801587183745288e-14,No,0,NW
2014.25,2.3153286434901983e-15,-8.228817401602644e-16,6.999999999999998,-1.0797419523433498e-14,1.0801587183745288e-14,No,7,NW
2014.3333333333335,1.7119954568618228e-15,-8.177855379044473e-16,6.999999999999999,-1.0797419523433498e-14,1.0801587183745288e-14,No,7,NW
2014.4166666666667,1.2257438749226873e-16,-8.148216124719986e-16,21,-1.0797419523433498e-14,1.0801587183745288e-14,No,21,NW
2014.5,-4.712160739277536e-15,-8.118576870395498e-16,5.524018426317086e-15,-1.0797419523433498e-14,1.0801587183745288e-14,No,0,NW
2014.5833333333335,-6.475636013578165e-15,-8.088937616071011e-16,22.000000000000007,-1.0797419523433498e-14,1.0801587183745288e-14,Yes,22,NW
2014.6666666666667,-1.5297576213302688e-15,-8.059298361746523e-16,31,-1.0797419523433498e-14,1.0801587183745288e-14,Yes,31,NW
2014.75,-1.6737797579168075e-15,-8.029659107422036e-16,11.000000000000002,-1.0797419523433498e-14,1.0801587183745288e-14,Yes,11,NW
2014.8333333333335,2.113740994492139e-15,-8.000019853097548e-16,9.999999999999998,-1.0797419523433498e-14,1.0801587183745288e-14,No,10,NW
2014.9166666666667,9.16762473349135e-16,-7.970380598773061e-16,-1.19724413471829e-16,-1.0797419523433498e-14,1.0801587183745288e-14,No,0,NW
2015,2.3796064352233804e-15,-7.940741344448572e-16,-1.5855323007785232e-15,-1.0797419523433498e-14,1.0801587183745288e-14,No,0,NW
2015.0833333333335,2.3353484919258105e-15,-7.911102090124085e-16,-1.5442382829134021e-15,-1.0797419523433498e-14,1.0801587183745288e-14,No,0,NW
2015.1666666666667,2.49597640176964e-15,-7.881462835799597e-16,-1.7078301181896803e-15,-1.0797419523433498e-14,1.0801587183745288e-14,No,0,NW
2015.25,2.3153286434901983e-15,-7.85182358147511e-16,-1.5301462853426872e-15,-1.0797419523433498e-14,1.0801587183745288e-14,No,0,NW
2015.3333333333335,1.7119954568618228e-15,-7.822184327150622e-16,-9.297770241467606e-16,-1.0797419523433498e-14,1.0801587183745288e-14,No,0,NW
2015.4166666666667,1.2257438749226873e-16,-7.792545072826135e-16,2.0000000000000004,-1.0797419523433498e-14,1.0801587183745288e-14,No,1.9999999999999998,NW
2015.5,-4.712160739277536e-15,-7.762905818501647e-16,14.000000000000005,-1.0797419523433498e-14,1.0801587183745288e-14,Yes,14,NW
2015.5833333333335,-6.475636013578165e-15,-7.686626808552734e-16,4.000000000000007,-1.0797419523433498e-14,1.0801587183745288e-14,No,3.9999999999999996,NW
2015.6666666666667,-1.5297576213302688e-15,-7.61034779860382e-16,2.290792401190651e-15,-1.0797419523433498e-14,1.0801587183745288e-14,No,1.9721522630525295e-31,NW
2015.75,-1.6737797579168075e-15,-7.534068788654906e-16,2.0000000000000027,-1.0797419523433498e-14,1.0801587183745288e-14,No,2,NW
2015.8333333333335,2.113740994492139e-15,-7.457789778705993e-16,33,-1.0797419523433498e-14,1.0801587183745288e-14,No,33,NW
2015.9166666666667,9.16762473349135e-16,-7.38151076875708e-16,34,-1.0797419523433498e-14,1.0801587183745288e-14,No,34,NW
2016,2.3796064352233804e-15,-7.305231758808166e-16,28.999999999999996,-1.0797419523433498e-14,1.0801587183745288e-14,Yes,29,NW
2016.0833333333335,2.3353484919258105e-15,-7.228952748859252e-16,22.999999999999996,-1.0797419523433498e-14,1.0801587183745288e-14,No,23,NW
2016.1666666666667,2.49597640176964e-15,-7.152673738910339e-16,-1.780709027878606e-15,-1.0797419523433498e-14,1.0801587183745288e-14,No,0,NW
2016.25,2.3153286434901983e-15,-7.076394728961425e-16,-1.6076891705940557e-15,-1.0797419523433498e-14,1.0801587183745288e-14,No,0,NW
2016.3333333333335,1.7119954568618228e-15,-7.000115719012511e-16,-1.0119838849605716e-15,-1.0797419523433498e-14,1.0801587183745288e-14,No,0,NW
2016.4166666666667,1.2257438749226873e-16,-6.923836709063598e-16,32,-1.0797419523433498e-14,1.0801587183745288e-14,No,32,NW
2016.5,-4.712160739277536e-15,-6.847557699114685e-16,5.3969165091890044e-15,-1.0797419523433498e-14,1.0801587183745288e-14,No,0,NW
2016.5833333333335,-6.475636013578165e-15,-6.771278689165771e-16,7.152763882494742e-15,-1.0797419523433498e-14,1.0801587183745288e-14,No,-7.888609052210118e-31,NW
2016.6666666666667,-1.5297576213302688e-15,-6.694999679216857e-16,2.1992575892519546e-15,-1.0797419523433498e-14,1.0801587183745288e-14,No,0,NW
2016.75,-1.6737797579168075e-15,-6.5956244454529e-16,2.3333422024620974e-15,-1.0797419523433498e-14,1.0801587183745288e-14,No,0,NW
2016.8333333333335,2.113740994492139e-15,-6.496249211688941e-16,-1.4641160733232447e-15,-1.0797419523433498e-14,1.0801587183745288e-14,No,0,NW
2016.9166666666667,9.16762473349135e-16,-6.396873977924984e-16,0.9999999999999998,-1.0797419523433498e-14,1.0801587183745288e-14,No,1,NW
2017,2.3796064352233804e-15,-6.297498744161027e-16,-1.7498565608072779e-15,-1.0797419523433498e-14,1.0801587183745288e-14,No,0,NW
2017.0833333333335,2.3353484919258105e-15,-6.198123510397068e-16,-1.7155361408861036e-15,-1.0797419523433498e-14,1.0801587183745288e-14,No,0,NW
2017.1666666666667,2.49597640176964e-15,-6.098748276633111e-16,1.9999999999999982,-1.0797419523433498e-14,1.0801587183745288e-14,No,2,NW
2017.25,2.3153286434901983e-15,-5.999373042869152e-16,13.999999999999998,-1.0797419523433498e-14,1.0801587183745288e-14,Yes,14,NW
2017.3333333333335,1.7119954568618228e-15,-5.899997809105195e-16,19,-1.0797419523433498e-14,1.0801587183745288e-14,No,19,NW
2017.4166666666667,1.2257438749226873e-16,-5.800622575341237e-16,8,-1.0797419523433498e-14,1.0801587183745288e-14,No,7.999999999999999,NW
2017.5,-4.712160739277536e-15,-5.701247341577279e-16,5.2822854734352645e-15,-1.0797419523433498e-14,1.0801587183745288e-14,No,0,NW
2017.5833333333335,-6.475636013578165e-15,-5.601872107813322e-16,7.035823224359497e-15,-1.0797419523433498e-14,1.0801587183745288e-14,No,0,NW
2017.6666666666667,-1.5297576213302688e-15,-5.502496874049364e-16,2.0800073087352053e-15,-1.0797419523433498e-14,1.0801587183745288e-14,No,0,NW
2017.75,-1.6737797579168075e-15,-5.403121640285406e-16,2.214091921945348e-15,-1.0797419523433498e-14,1.0801587183745288e-14,No,0,NW
2017.8333333333335,2.113740994492139e-15,-5.303746406521448e-16,-1.583366353839994e-15,-1.0797419523433498e-14,1.0801587183745288e-14,No,0,NW
2017.9166666666667,9.16762473349135e-16,-5.286140665736771e-16,-3.88148406775458e-16,-1.0797419523433498e-14,1.0801587183745288e-14,No,0,NW
2018,2.3796064352233804e-15,-5.268534924952094e-16,-1.852752942728171e-15,-1.0797419523433498e-14,1.0801587183745288e-14,No,0,NW
2018.0833333333335,2.3353484919258105e-15,-5.250929184167417e-16,-1.810255573509069e-15,-1.0797419523433498e-14,1.0801587183745288e-14,No,0,NW
2018.1666666666667,2.49597640176964e-15,-5.23332344338274e-16,-1.972644057431366e-15,-1.0797419523433498e-14,1.0801587183745288e-14,No,0,NW
2018.25,2.3153286434901983e-15,-5.215717702598063e-16,-1.793756873230392e-15,-1.0797419523433498e-14,1.0801587183745288e-14,No,0,NW
2018.3333333333335,1.7119954568618228e-15,-5.198111961813386e-16,-1.1921842606804842e-15,-1.0797419523433498e-14,1.0801587183745288e-14,No,0,NW
2018.4166666666667,1.2257438749226873e-16,-5.180506221028708e-16,3.9547623461060214e-16,-1.0797419523433498e-14,1.0801587183745288e-14,No,2.465190328815662e-32,NW
2018.5,-4.712160739277536e-15,-5.162900480244031e-16,16.000000000000004,-1.0797419523433498e-14,1.0801587183745288e-14,Yes,15.999999999999998,NW
2018.5833333333335,-6.475636013578165e-15,-5.145294739459354e-16,6.990165487524101e-15,-1.0797419523433498e-14,1.0801587183745288e-14,No,0,NW
2018.6666666666667,-1.5297576213302688e-15,-5.127688998674677e-16,2.0425265211977365e-15,-1.0797419523433498e-14,1.0801587183745288e-14,No,0,NW
2018.75,-1.6737797579168075e-15,-5.11008325789e-16,2.1847880837058075e-15,-1.0797419523433498e-14,1.0801587183745288e-14,No,0,NW
2018.8333333333335,2.113740994492139e-15,-5.092477517105323e-16,-1.6044932427816068e-15,-1.0797419523433498e-14,1.0801587183745288e-14,No,0,NW
2018.9166666666667,9.16762473349135e-16,-5.074871776320646e-16,-4.092752957170705e-16,-1.0797419523433498e-14,1.0801587183745288e-14,No,0,NW
2019,2.3796064352233804e-15,-5.057266035535969e-16,-1.8738798316697835e-15,-1.0797419523433498e-14,1.0801587183745288e-14,No,0,NW
2019.0833333333335,2.3353484919258105e-15,-5.041186208369611e-16,-1.8312298710888493e-15,-1.0797419523433498e-14,1.0801587183745288e-14,No,0,NW
2019.1666666666667,2.49597640176964e-15,-5.025106381203252e-16,-1.9934657636493147e-15,-1.0797419523433498e-14,1.0801587183745288e-14,No,0,NW
2019.25,2.3153286434901983e-15,-5.009026554036893e-16,-1.8144259880865087e-15,-1.0797419523433498e-14,1.0801587183745288e-14,No,0,NW
2019.3333333333335,1.7119954568618228e-15,-4.992946726870535e-16,-1.2127007841747693e-15,-1.0797419523433498e-14,1.0801587183745288e-14,No,0,NW
2019.4166666666667,1.2257438749226873e-16,-4.976866899704177e-16,3.75112302478149e-16,-1.0797419523433498e-14,1.0801587183745288e-14,No,2.465190328815662e-32,NW
2019.5,-4.712160739277536e-15,-4.960787072537819e-16,8.000000000000005,-1.0797419523433498e-14,1.0801587183745288e-14,No,8,NW
2019.5833333333335,-6.475636013578165e-15,-4.94470724537146e-16,6.970106738115312e-15,-1.0797419523433498e-14,1.0801587183745288e-14,No,0,NW
2019.6666666666667,-1.5297576213302688e-15,-4.928627418205102e-16,2.022620363150779e-15,-1.0797419523433498e-14,1.0801587183745288e-14,No,1.9721522630525295e-31,NW
2019.75,-1.6737797579168075e-15,-4.912547591038744e-16,2.1650345170206818e-15,-1.0797419523433498e-14,1.0801587183745288e-14,No,0,NW
2019.8333333333335,2.113740994492139e-15,-4.896467763872386e-16,-1.6240942181049005e-15,-1.0797419523433498e-14,1.0801587183745288e-14,No,0,NW
2019.9166666666667,9.16762473349135e-16,-4.880387936706028e-16,-4.287236796785323e-16,-1.0797419523433498e-14,1.0801587183745288e-14,No,0,NW
2020,2.3796064352233804e-15,-4.864308109539669e-16,-1.8931756242694136e-15,-1.0797419523433498e-14,1.0801587183745288e-14,No,0,NW
2020.0833333333335,2.3353484919258105e-15,-4.848228282373311e-16,14.999999999999998,-1.0797419523433498e-14,1.0801587183745288e-14,No,15,NW
2020.1666666666667,2.49597640176964e-15,-4.832148455206953e-16,4.999999999999998,-1.0797419523433498e-14,1.0801587183745288e-14,No,5,NW
2020.25,2.3153286434901983e-15,-4.418618587495951e-16,-1.873466784740603e-15,-1.0797419523433498e-14,1.0801587183745288e-14,No,0,NW
2020.3333333333335,1.7119954568618228e-15,-4.00508871978495e-16,46,-1.0797419523433498e-14,1.0801587183745288e-14,Yes,46,NW
2020.4166666666667,1.2257438749226873e-16,-3.5915588520739484e-16,2.3658149771512613e-16,-1.0797419523433498e-14,1.0801587183745288e-14,No,2.465190328815662e-32,NW
2020.5,-4.712160739277536e-15,-3.178028984362947e-16,5.029963637713831e-15,-1.0797419523433498e-14,1.0801587183745288e-14,No,0,NW
2020.5833333333335,-6.475636013578165e-15,-2.7644991166519456e-16,18.000000000000007,-1.0797419523433498e-14,1.0801587183745288e-14,Yes,18,NW
2020.6666666666667,-1.5297576213302688e-15,-2.350969248940944e-16,1.0000000000000018,-1.0797419523433498e-14,1.0801587183745288e-14,No,1,NW
2020.75,-1.6737797579168075e-15,-1.9374393812299427e-16,1.8675236960398016e-15,-1.0797419523433498e-14,1.0801587183745288e-14,No,0,NW
2020.8333333333335,2.113740994492139e-15,-1.5239095135189413e-16,-1.961350043140245e-15,-1.0797419523433498e-14,1.0801587183745288e-14,No,0,NW
2020.9166666666667,9.16762473349135e-16,-1.1103796458079399e-16,1.9999999999999993,-1.0797419523433498e-14,1.0801587183745288e-14,No,2,NW
2021,2.3796064352233804e-15,-6.968497780969385e-17,-2.3099214574136864e-15,-1.0797419523433498e-14,1.0801587183745288e-14,No,3.944304526105059e-31,NW
2021.0833333333335,2.3353484919258105e-15,-2.8331991038593704e-17,-2.307016500887217e-15,-1.0797419523433498e-14,1.0801587183745288e-14,No,0,NW
2021.1666666666667,2.49597640176964e-15,1.3020995732506438e-17,-2.5089973975021465e-15,-1.0797419523433498e-14,1.0801587183745288e-14,No,0,NW
2021.25,2.3153286434901983e-15,5.437398250360658e-17,49,-1.0797419523433498e-14,1.0801587183745288e-14,Yes,49,NW
2021.3333333333335,1.7119954568618228e-15,9.572696927470671e-17,4.999999999999998,-1.0797419523433498e-14,1.0801587183745288e-14,No,5,NW
2021.4166666666667,1.2257438749226873e-16,1.3701225871966087e-16,-2.5958664621192963e-16,-1.0797419523433498e-14,1.0801587183745288e-14,No,-2.465190328815662e-32,NW
2021.5,-4.712160739277536e-15,1.7829754816461502e-16,4.533863191112921e-15,-1.0797419523433498e-14,1.0801587183745288e-14,No,0,NW
2021.5833333333335,-6.475636013578165e-15,2.1958283760956917e-16,1.0000000000000062,-1.0797419523433498e-14,1.0801587183745288e-14,No,1,NW
2021.6666666666667,-1.5297576213302688e-15,2.608681270545233e-16,32,-1.0797419523433498e-14,1.0801587183745288e-14,No,32,NW
2021.75,-1.6737797579168075e-15,3.0215341649947747e-16,1.37162634141733e-15,-1.0797419523433498e-14,1.0801587183745288e-14,No,0,NW
2021.8333333333335,2.113740994492139e-15,3.434387059444316e-16,-2.4571797004365705e-15,-1.0797419523433498e-14,1.0801587183745288e-14,No,0,NW
2021.9166666666667,9.16762473349135e-16,3.8472399538938577e-16,-1.301486468738521e-15,-1.0797419523433498e-14,1.0801587183745288e-14,No,0,NW
2022,2.3796064352233804e-15,4.260092848343399e-16,-2.80561572005772e-15,-1.0797419523433498e-14,1.0801587183745288e-14,No,3.944304526105059e-31,NW
2022.0833333333335,2.3353484919258105e-15,4.67294574279294e-16,-2.8026430662051045e-15,-1.0797419523433498e-14,1.0801587183745288e-14,No,0,NW
2022.1666666666667,2.49597640176964e-15,5.085798637242482e-16,-3.0045562654938884e-15,-1.0797419523433498e-14,1.0801587183745288e-14,No,0,NW
2022.25,2.3153286434901983e-15,5.498651531692023e-16,-2.8651937966594005e-15,-1.0797419523433498e-14,1.0801587183745288e-14,No,0,NW
2022.3333333333335,1.7119954568618228e-15,5.911504426141565e-16,-2.3031458994759793e-15,-1.0797419523433498e-14,1.0801587183745288e-14,No,0,NW
2022.4166666666667,1.2257438749226873e-16,6.324357320591106e-16,37,-1.0797419523433498e-14,1.0801587183745288e-14,Yes,37,NW
2022.5,-4.712160739277536e-15,6.737210215040648e-16,13.000000000000005,-1.0797419523433498e-14,1.0801587183745288e-14,Yes,13,NW
2022.5833333333335,-6.475636013578165e-15,7.123250584528888e-16,21.000000000000007,-1.0797419523433498e-14,1.0801587183745288e-14,Yes,21,NW
2022.6666666666667,-1.5297576213302688e-15,7.509290954017128e-16,36,-1.0797419523433498e-14,1.0801587183745288e-14,Yes,36,NW
2022.75,-1.6737797579168075e-15,7.895331323505368e-16,6.000000000000001,-1.0797419523433498e-14,1.0801587183745288e-14,No,6,NW
2022.8333333333335,2.113740994492139e-15,8.281371692993608e-16,28.999999999999996,-1.0797419523433498e-14,1.0801587183745288e-14,No,29,NW
2022.9166666666667,9.16762473349135e-16,8.667412062481848e-16,19,-1.0797419523433498e-14,1.0801587183745288e-14,No,19,NW
2023,2.3796064352233804e-15,9.053452431970088e-16,9.999999999999996,-1.0797419523433498e-14,1.0801587183745288e-14,Yes,10,NW
2023.0833333333335,2.3353484919258105e-15,9.439492801458328e-16,7.9999999999999964,-1.0797419523433498e-14,1.0801587183745288e-14,No,8,NW
2023.1666666666667,2.49597640176964e-15,9.825533170946568e-16,34,-1.0797419523433498e-14,1.0801587183745288e-14,No,34,NW
2023.25,2.3153286434901983e-15,1.0211573540434808e-15,14.999999999999996,-1.0797419523433498e-14,1.0801587183745288e-14,Yes,15,NW
2023.3333333333335,1.7119954568618228e-15,1.0597613909923048e-15,3.9999999999999973,-1.0797419523433498e-14,1.0801587183745288e-14,No,4,NW
2023.4166666666667,1.2257438749226873e-16,1.0983654279411286e-15,29,-1.0797419523433498e-14,1.0801587183745288e-14,Yes,29,NW
2023.5,-4.712160739277536e-15,1.1369694648899526e-15,9.000000000000004,-1.0797419523433498e-14,1.0801587183745288e-14,Yes,9,NW
2023.5833333333335,-6.475636013578165e-15,1.1755735018387766e-15,5.3000625117393885e-15,-1.0797419523433498e-14,1.0801587183745288e-14,No,0,NW
2023.6666666666667,-1.5297576213302688e-15,1.2141775387876007e-15,39,-1.0797419523433498e-14,1.0801587183745288e-14,No,39,NW
2023.75,-1.6737797579168075e-15,1.2557262221219355e-15,4.1805353579487194e-16,-1.0797419523433498e-14,1.0801587183745288e-14,No,0,NW
2023.8333333333335,2.113740994492139e-15,1.2972749054562702e-15,7.999999999999997,-1.0797419523433498e-14,1.0801587183745288e-14,No,8,NW
2023.9166666666667,9.16762473349135e-16,1.3388235887906051e-15,20,-1.0797419523433498e-14,1.0801587183745288e-14,No,20,NW
2024,2.3796064352233804e-15,1.38037227212494e-15,33,-1.0797419523433498e-14,1.0801587183745288e-14,No,33,NW
2024.0833333333335,2.3353484919258105e-15,1.4219209554592747e-15,1.9999999999999962,-1.0797419523433498e-14,1.0801587183745288e-14,No,2,NW
2024.1666666666667,2.49597640176964e-15,1.4634696387936096e-15,15.999999999999996,-1.0797419523433498e-14,1.0801587183745288e-14,Yes,16,NW
2024.25,2.3153286434901983e-15,1.5050183221279445e-15,19.999999999999996,-1.0797419523433498e-14,1.0801587183745288e-14,Yes,20,NW
2024.3333333333335,1.7119954568618228e-15,1.5465670054622791e-15,0.9999999999999968,-1.0797419523433498e-14,1.0801587183745288e-14,No,1,NW
2024.4166666666667,1.2257438749226873e-16,1.588115688796614e-15,-1.7106900762888827e-15,-1.0797419523433498e-14,1.0801587183745288e-14,No,2.465190328815662e-32,NW
2024.5,-4.712160739277536e-15,1.629664372130949e-15,3.0824963671465873e-15,-1.0797419523433498e-14,1.0801587183745288e-14,No,0,NW
2024.5833333333335,-6.475636013578165e-15,1.6712130554652836e-15,4.804422958112882e-15,-1.0797419523433498e-14,1.0801587183745288e-14,No,0,NW
2024.6666666666667,-1.5297576213302688e-15,1.7127617387996185e-15,-1.8300411746934966e-16,-1.0797419523433498e-14,1.0801587183745288e-14,No,0,NW
2024.75,-1.6737797579168075e-15,1.7543104221339534e-15,15.999999999999998,-1.0797419523433498e-14,1.0801587183745288e-14,No,15.999999999999998,NW
2024.8333333333335,2.113740994492139e-15,1.795859105468288e-15,36,-1.0797419523433498e-14,1.0801587183745288e-14,No,36,NW
2024.9166666666667,9.16762473349135e-16,1.8410363512275124e-15,6.999999999999997,-1.0797419523433498e-14,1.0801587183745288e-14,No,7,NW
2025,2.3796064352233804e-15,1.8862135969867368e-15,24.999999999999993,-1.0797419523433498e-14,1.0801587183745288e-14,Yes,25,NW
2025.0833333333335,2.3353484919258105e-15,1.931390842745961e-15,16.999999999999993,-1.0797419523433498e-14,1.0801587183745288e-14,Yes,17,NW
2025.1666666666667,2.49597640176964e-15,1.9765680885051855e-15,18.999999999999993,-1.0797419523433498e-14,1.0801587183745288e-14,Yes,19,NW
2025.25,2.3153286434901983e-15,2.02174533426441e-15,26.999999999999993,-1.0797419523433498e-14,1.0801587183745288e-14,Yes,27,NW
2025.3333333333335,1.7119954568618228e-15,2.0669225800236343e-15,34,-1.0797419523433498e-14,1.0801587183745288e-14,No,34,NW
2025.4166666666667,1.2257438749226873e-16,2.1120998257828582e-15,3.999999999999998,-1.0797419523433498e-14,1.0801587183745288e-14,No,4,NW
2025.5,-4.712160739277536e-15,2.1572770715420826e-15,2.5548836677354536e-15,-1.0797419523433498e-14,1.0801587183745288e-14,No,0,NW
2025.5833333333335,-6.475636013578165e-15,2.202454317301307e-15,4.273181696276858e-15,-1.0797419523433498e-14,1.0801587183745288e-14,No,0,NW
2025.6666666666667,-1.5297576213302688e-15,2.2476315630605313e-15,-7.178739417302625e-16,-1.0797419523433498e-14,1.0801587183745288e-14,No,0,NW
2025.75,-1.6737797579168075e-15,2.2928088088197557e-15,-6.190290509029482e-16,-1.0797419523433498e-14,1.0801587183745288e-14,No,0,NW
2025.8333333333335,2.113740994492139e-15,2.33798605457898e-15,2.9999999999999956,-1.0797419523433498e-14,1.0801587183745288e-14,No,3,NW
2025.9166666666667,9.16762473349135e-16,2.3831633003382044e-15,-3.2999257736873393e-15,-1.0797419523433498e-14,1.0801587183745288e-14,No,1.9721522630525295e-31,NW
1981.6666666666667,1.759673419138259e-15,-5.69084455803671e-17,-1.7027649735578918e-15,-1.7774351037335387e-15,2.2294613124608444e-15,No,0,SW
1981.75,1.8074118634177018e-17,-5.3948211387719505e-17,3.587409275354249e-17,-1.7774351037335387e-15,2.2294613124608444e-15,No,3.0814879110195774e-33,SW
1981.8333333333335,-5.798528504511363e-16,-5.0987977195071904e-17,10,-1.7774351037335387e-15,2.2294613124608444e-15,Yes,10,SW
1981.9166666666667,1.386228660640558e-18,-4.8027743002424303e-17,4.6641514341783745e-17,-1.7774351037335387e-15,2.2294613124608444e-15,No,-1.925929944387236e-34,SW
1982,-3.145846834316057e-16,-4.50675088097767e-17,3.596521922413824e-16,-1.7774351037335387e-15,2.2294613124608444e-15,No,0,SW
1982.0833333333335,-2.124147649337406e-16,-4.210727461712911e-17,2.545220395508697e-16,-1.7774351037335387e-15,2.2294613124608444e-15,No,0,SW
1982.1666666666667,-3.246026858885837e-16,-3.9147040424481507e-17,3.6374972631306523e-16,-1.7774351037335387e-15,2.2294613124608444e-15,No,0,SW
1982.25,-6.164219978111636e-16,-3.6186806231833906e-17,6.526088040429975e-16,-1.7774351037335387e-15,2.2294613124608444e-15,No,0,SW
1982.3333333333335,1.0515662712436959e-16,-3.3226572039186305e-17,-7.193005508518328e-17,-1.7774351037335387e-15,2.2294613124608444e-15,No,0,SW
1982.4166666666667,-5.167096240062529e-17,-3.0266337846538704e-17,8.1937300247164e-17,-1.7774351037335387e-15,2.2294613124608444e-15,No,6.162975822039155e-33,SW
1982.5,-7.335113779848314e-16,-2.7306103653891103e-17,7.608174816387224e-16,-1.7774351037335387e-15,2.2294613124608444e-15,No,0,SW
1982.5833333333335,9.487689765490471e-16,-2.4345869461243505e-17,-9.244231070878036e-16,-1.7774351037335387e-15,2.2294613124608444e-15,No,0,SW
1982.6666666666667,1.759673419138259e-15,-2.1385635268595904e-17,-1.7382877838696632e-15,-1.7774351037335387e-15,2.2294613124608444e-15,No,0,SW
1982.75,1.8074118634177018e-17,-1.8425401075948303e-17,3.5128244177128527e-19,-1.7774351037335387e-15,2.2294613124608444e-15,No,0,SW
1982.8333333333335,-5.798528504511363e-16,-1.546516688330071e-17,5.95318017334437e-16,-1.7774351037335387e-15,2.2294613124608444e-15,No,0,SW
1982.9166666666667,1.386228660640558e-18,-1.2565539707041165e-17,1.1179311046400607e-17,-1.7774351037335387e-15,2.2294613124608444e-15,No,-1.925929944387236e-34,SW
1983,-3.145846834316057e-16,-9.665912530781622e-18,3.242505959623873e-16,-1.7774351037335387e-15,2.2294613124608444e-15,No,0,SW
1983.0833333333335,-2.124147649337406e-16,-6.76628535452208e-18,2.191810502882627e-16,-1.7774351037335387e-15,2.2294613124608444e-15,No,0,SW
1983.1666666666667,-3.246026858885837e-16,-3.8666581782625365e-18,10,-1.7774351037335387e-15,2.2294613124608444e-15,No,10,SW
1983.25,-6.164219978111636e-16,-9.670310020029935e-19,6.173890288131666e-16,-1.7774351037335387e-15,2.2294613124608444e-15,No,0,SW
1983.3333333333335,1.0515662712436959e-16,1.9325961742565494e-18,-1.0708922329862614e-16,-1.7774351037335387e-15,2.2294613124608444e-15,No,0,SW
1983.4166666666667,-5.167096240062529e-17,4.832223350516092e-18,4.6838739050109195e-17,-1.7774351037335387e-15,2.2294613124608444e-15,No,0,SW
1983.5,-7.335113779848314e-16,7.731850526775635e-18,7.000000000000001,-1.7774351037335387e-15,2.2294613124608444e-15,Yes,7,SW
1983.5833333333335,9.487689765490471e-16,1.0631477703035179e-17,-9.594004542520822e-16,-1.7774351037335387e-15,2.2294613124608444e-15,No,0,SW
1983.6666666666667,1.759673419138259e-15,1.3531104879294722e-17,-1.7732045240175537e-15,-1.7774351037335387e-15,2.2294613124608444e-15,No,0,SW
1983.75,1.8074118634177018e-17,1.6430732055554266e-17,-3.4504850689731284e-17,-1.7774351037335387e-15,2.2294613124608444e-15,No,0,SW
1983.8333333333335,-5.798528504511363e-16,1.933035923181381e-17,26,-1.7774351037335387e-15,2.2294613124608444e-15,Yes,26,SW
1983.9166666666667,1.386228660640558e-18,2.222998640807335e-17,-2.3616215068713907e-17,-1.7774351037335387e-15,2.2294613124608444e-15,No,-1.925929944387236e-34,SW
1984,-3.145846834316057e-16,2.5129613584332896e-17,2.894550698472728e-16,-1.7774351037335387e-15,2.2294613124608444e-15,No,0,SW
1984.0833333333335,-2.124147649337406e-16,2.787346928501126e-17,1.8454129564872933e-16,-1.7774351037335387e-15,2.2294613124608444e-15,No,-2.465190328815662e-32,SW
1984.1666666666667,-3.246026858885837e-16,3.0617324985689625e-17,2.939853609028941e-16,-1.7774351037335387e-15,2.2294613124608444e-15,No,4.930380657631324e-32,SW
1984.25,-6.164219978111636e-16,3.336118068636799e-17,5.830608171247957e-16,-1.7774351037335387e-15,2.2294613124608444e-15,No,0,SW
1984.3333333333335,1.0515662712436959e-16,3.6105036387046355e-17,-1.4126166351141594e-16,-1.7774351037335387e-15,2.2294613124608444e-15,No,0,SW
1984.4166666666667,-5.167096240062529e-17,3.884889208772472e-17,1.282207031290057e-17,-1.7774351037335387e-15,2.2294613124608444e-15,No,0,SW
1984.5,-7.335113779848314e-16,4.1592747788403085e-17,6.919186301964283e-16,-1.7774351037335387e-15,2.2294613124608444e-15,No,0,SW
1984.5833333333335,9.487689765490471e-16,4.433660348908145e-17,-9.931055800381285e-16,-1.7774351037335387e-15,2.2294613124608444e-15,No,0,SW
1984.6666666666667,1.759673419138259e-15,4.7080459189759814e-17,-1.806753878328019e-15,-1.7774351037335387e-15,2.2294613124608444e-15,No,0,SW
1984.75,1.8074118634177018e-17,4.982431489043818e-17,-6.78984335246152e-17,-1.7774351037335387e-15,2.2294613124608444e-15,No,3.0814879110195774e-33,SW
1984.8333333333335,-5.798528504511363e-16,5.2568170591116544e-17,5.272846798600197e-16,-1.7774351037335387e-15,2.2294613124608444e-15,No,0,SW
1984.9166666666667,1.386228660640558e-18,5.531202629179491e-17,-5.669825495243547e-17,-1.7774351037335387e-15,2.2294613124608444e-15,No,-1.925929944387236e-34,SW
1985,-3.145846834316057e-16,5.805588199247327e-17,2.5652880143913243e-16,-1.7774351037335387e-15,2.2294613124608444e-15,No,0,SW
1985.0833333333335,-2.124147649337406e-16,6.079973769315164e-17,1.5161502724058895e-16,-1.7774351037335387e-15,2.2294613124608444e-15,No,-2.465190328815662e-32,SW
1985.1666666666667,-3.246026858885837e-16,6.354359339383e-17,2.610590924947537e-16,-1.7774351037335387e-15,2.2294613124608444e-15,No,-4.930380657631324e-32,SW
1985.25,-6.164219978111636e-16,6.60463919612423e-17,5.503756058499213e-16,-1.7774351037335387e-15,2.2294613124608444e-15,No,0,SW
1985.3333333333335,1.0515662712436959e-16,6.854919052865458e-17,-1.7370581765302416e-16,-1.7774351037335387e-15,2.2294613124608444e-15,No,1.232595164407831e-32,SW
1985.4166666666667,-5.167096240062529e-17,7.105198909606687e-17,-1.9381026695441582e-17,-1.7774351037335387e-15,2.2294613124608444e-15,No,0,SW
1985.5,-7.335113779848314e-16,7.355478766347917e-17,2.000000000000001,-1.7774351037335387e-15,2.2294613124608444e-15,No,2,SW
1985.5833333333335,9.487689765490471e-16,7.605758623089146e-17,-1.0248265627799387e-15,-1.7774351037335387e-15,2.2294613124608444e-15,No,0,SW
1985.6666666666667,1.759673419138259e-15,7.856038479830374e-17,-1.8382338039365626e-15,-1.7774351037335387e-15,2.2294613124608444e-15,No,1.9721522630525295e-31,SW
1985.75,1.8074118634177018e-17,8.106318336571604e-17,0.9999999999999999,-1.7774351037335387e-15,2.2294613124608444e-15,No,1,SW
1985.8333333333335,-5.798528504511363e-16,8.356598193312833e-17,4.962868685180079e-16,-1.7774351037335387e-15,2.2294613124608444e-15,No,0,SW
1985.9166666666667,1.386228660640558e-18,8.606878050054061e-17,-8.745500916118117e-17,-1.7774351037335387e-15,2.2294613124608444e-15,No,-1.925929944387236e-34,SW
1986,-3.145846834316057e-16,8.85715790679529e-17,2.260131043636528e-16,-1.7774351037335387e-15,2.2294613124608444e-15,No,0,SW
1986.0833333333335,-2.124147649337406e-16,9.10743776353652e-17,1.213403872983754e-16,-1.7774351037335387e-15,2.2294613124608444e-15,No,0,SW
1986.1666666666667,-3.246026858885837e-16,9.357717620277749e-17,2.310255096858062e-16,-1.7774351037335387e-15,2.2294613124608444e-15,No,0,SW
1986.25,-6.164219978111636e-16,9.607997477018977e-17,5.203420230409738e-16,-1.7774351037335387e-15,2.2294613124608444e-15,No,0,SW
1986.3333333333335,1.0515662712436959e-16,9.858277333760207e-17,-2.0373940046197166e-16,-1.7774351037335387e-15,2.2294613124608444e-15,No,0,SW
1986.4166666666667,-5.167096240062529e-17,1.0100493138429237e-16,-4.9333968983667076e-17,-1.7774351037335387e-15,2.2294613124608444e-15,No,0,SW
1986.5,-7.335113779848314e-16,1.0342708943098267e-16,6.300842885538487e-16,-1.7774351037335387e-15,2.2294613124608444e-15,No,9.860761315262648e-32,SW
1986.5833333333335,9.487689765490471e-16,1.0584924747767297e-16,-1.05461822402672e-15,-1.7774351037335387e-15,2.2294613124608444e-15,No,0,SW
1986.6666666666667,1.759673419138259e-15,1.0827140552436325e-16,1.9999999999999982,-1.7774351037335387e-15,2.2294613124608444e-15,No,2,SW
1986.75,1.8074118634177018e-17,1.1069356357105355e-16,0.9999999999999999,-1.7774351037335387e-15,2.2294613124608444e-15,No,1,SW
1986.8333333333335,-5.798528504511363e-16,1.1311572161774386e-16,4.667371288333924e-16,-1.7774351037335387e-15,2.2294613124608444e-15,No,-9.860761315262648e-32,SW
1986.9166666666667,1.386228660640558e-18,1.1553787966443414e-16,-1.1692410832507468e-16,-1.7774351037335387e-15,2.2294613124608444e-15,No,1.2133358649639586e-32,SW
1987,-3.145846834316057e-16,1.1796003771112444e-16,1.9662464572048126e-16,-1.7774351037335387e-15,2.2294613124608444e-15,No,0,SW
1987.0833333333335,-2.124147649337406e-16,1.2038219575781474e-16,9.203256917592587e-17,-1.7774351037335387e-15,2.2294613124608444e-15,No,0,SW
1987.1666666666667,-3.246026858885837e-16,1.2280435380450504e-16,1,-1.7774351037335387e-15,2.2294613124608444e-15,No,0.9999999999999999,SW
1987.25,-6.164219978111636e-16,1.2522651185119534e-16,4.911954859599683e-16,-1.7774351037335387e-15,2.2294613124608444e-15,No,0,SW
1987.3333333333335,1.0515662712436959e-16,1.2764866989788564e-16,0.9999999999999998,-1.7774351037335387e-15,2.2294613124608444e-15,No,1,SW
1987.4166666666667,-5.167096240062529e-17,1.3007082794457593e-16,-7.839986554395064e-17,-1.7774351037335387e-15,2.2294613124608444e-15,No,0,SW
1987.5,-7.335113779848314e-16,1.3249298599126623e-16,6.010183919935651e-16,-1.7774351037335387e-15,2.2294613124608444e-15,No,0,SW
1987.5833333333335,9.487689765490471e-16,1.3432919527180972e-16,9.999999999999998,-1.7774351037335387e-15,2.2294613124608444e-15,Yes,10,SW
1987.6666666666667,1.759673419138259e-15,1.361654045523532e-16,15.999999999999998,-1.7774351037335387e-15,2.2294613124608444e-15,Yes,16,SW
1987.75,1.8074118634177018e-17,1.380016138328967e-16,-1.560757324670737e-16,-1.7774351037335387e-15,2.2294613124608444e-15,No,3.0814879110195774e-33,SW
1987.8333333333335,-5.798528504511363e-16,1.3983782311344017e-16,4.400150273376961e-16,-1.7774351037335387e-15,2.2294613124608444e-15,No,0,SW
1987.9166666666667,1.386228660640558e-18,1.4167403239398366e-16,-1.430602610546242e-16,-1.7774351037335387e-15,2.2294613124608444e-15,No,1.2133358649639586e-32,SW
1988,-3.145846834316057e-16,1.4351024167452714e-16,1.7107444175707856e-16,-1.7774351037335387e-15,2.2294613124608444e-15,No,0,SW
1988.0833333333335,-2.124147649337406e-16,1.4534645095507065e-16,6.706831397866995e-17,-1.7774351037335387e-15,2.2294613124608444e-15,No,0,SW
1988.1666666666667,-3.246026858885837e-16,1.4718266023561414e-16,1.7742002565296958e-16,-1.7774351037335387e-15,2.2294613124608444e-15,No,0,SW
1988.25,-6.164219978111636e-16,1.4901886951615762e-16,4.67403128295006e-16,-1.7774351037335387e-15,2.2294613124608444e-15,No,0,SW
1988.3333333333335,1.0515662712436959e-16,1.508550787967011e-16,-2.560117059210707e-16,-1.7774351037335387e-15,2.2294613124608444e-15,No,-2.465190328815662e-32,SW
1988.4166666666667,-5.167096240062529e-17,1.526912880772446e-16,-1.010203256766193e-16,-1.7774351037335387e-15,2.2294613124608444e-15,No,0,SW
1988.5,-7.335113779848314e-16,1.5452749735778808e-16,5.789838806270433e-16,-1.7774351037335387e-15,2.2294613124608444e-15,No,9.860761315262648e-32,SW
1988.5833333333335,9.487689765490471e-16,1.5636370663833156e-16,-1.1051326831873787e-15,-1.7774351037335387e-15,2.2294613124608444e-15,No,0,SW
1988.6666666666667,1.759673419138259e-15,1.5819991591887505e-16,-1.917873335057134e-15,-1.7774351037335387e-15,2.2294613124608444e-15,No,1.9721522630525295e-31,SW
1988.75,1.8074118634177018e-17,1.5844833714607232e-16,-1.7652245578024934e-16,-1.7774351037335387e-15,2.2294613124608444e-15,No,3.0814879110195774e-33,SW
1988.8333333333335,-5.798528504511363e-16,1.586967583732696e-16,16,-1.7774351037335387e-15,2.2294613124608444e-15,Yes,16,SW
1988.9166666666667,1.386228660640558e-18,1.5894517960046688e-16,-1.6033140826110742e-16,-1.7774351037335387e-15,2.2294613124608444e-15,No,1.2133358649639586e-32,SW
1989,-3.145846834316057e-16,1.5919360082766418e-16,1.5539108260394152e-16,-1.7774351037335387e-15,2.2294613124608444e-15,No,0,SW
1989.0833333333335,-2.124147649337406e-16,1.5944202205486146e-16,4,-1.7774351037335387e-15,2.2294613124608444e-15,No,4,SW
1989.1666666666667,-3.246026858885837e-16,1.5969044328205874e-16,1.6491224260652498e-16,-1.7774351037335387e-15,2.2294613124608444e-15,No,0,SW
1989.25,-6.164219978111636e-16,1.5993886450925601e-16,4.564831333019076e-16,-1.7774351037335387e-15,2.2294613124608444e-15,No,0,SW
1989.3333333333335,1.0515662712436959e-16,1.601872857364533e-16,3,-1.7774351037335387e-15,2.2294613124608444e-15,No,3,SW
1989.4166666666667,-5.167096240062529e-17,1.6043570696365057e-16,-1.0876474456302528e-16,-1.7774351037335387e-15,2.2294613124608444e-15,No,0,SW
1989.5,-7.335113779848314e-16,1.6068412819084785e-16,19,-1.7774351037335387e-15,2.2294613124608444e-15,Yes,19,SW
1989.5833333333335,9.487689765490471e-16,1.6093254941804515e-16,6.999999999999999,-1.7774351037335387e-15,2.2294613124608444e-15,Yes,7,SW
1989.6666666666667,1.759673419138259e-15,1.6118097064524243e-16,-1.9208543897835015e-15,-1.7774351037335387e-15,2.2294613124608444e-15,No,0,SW
1989.75,1.8074118634177018e-17,1.614293918724397e-16,15,-1.7774351037335387e-15,2.2294613124608444e-15,Yes,15,SW
1989.8333333333335,-5.798528504511363e-16,1.6167781309963698e-16,4.181750373514993e-16,-1.7774351037335387e-15,2.2294613124608444e-15,No,0,SW
1989.9166666666667,1.386228660640558e-18,1.6053005874331165e-16,6,-1.7774351037335387e-15,2.2294613124608444e-15,Yes,6,SW
1990,-3.145846834316057e-16,1.5938230438698632e-16,4,-1.7774351037335387e-15,2.2294613124608444e-15,No,3.9999999999999996,SW
1990.0833333333335,-2.124147649337406e-16,1.5823455003066098e-16,9,-1.7774351037335387e-15,2.2294613124608444e-15,Yes,9,SW
1990.1666666666667,-3.246026858885837e-16,1.5708679567433562e-16,15,-1.7774351037335387e-15,2.2294613124608444e-15,No,15,SW
1990.25,-6.164219978111636e-16,1.559390413180103e-16,4.604829564931534e-16,-1.7774351037335387e-15,2.2294613124608444e-15,No,0,SW
1990.3333333333335,1.0515662712436959e-16,1.5479128696168495e-16,3,-1.7774351037335387e-15,2.2294613124608444e-15,No,3,SW
1990.4166666666667,-5.167096240062529e-17,1.5364353260535962e-16,-1.0197257020473433e-16,-1.7774351037335387e-15,2.2294613124608444e-15,No,0,SW
1990.5,-7.335113779848314e-16,1.5249577824903429e-16,20,-1.7774351037335387e-15,2.2294613124608444e-15,Yes,20,SW
1990.5833333333335,9.487689765490471e-16,1.5134802389270895e-16,17,-1.7774351037335387e-15,2.2294613124608444e-15,Yes,17,SW
1990.6666666666667,1.759673419138259e-15,1.5020026953638362e-16,13.999999999999998,-1.7774351037335387e-15,2.2294613124608444e-15,Yes,14,SW
1990.75,1.8074118634177018e-17,1.4905251518005826e-16,-1.6712663381423527e-16,-1.7774351037335387e-15,2.2294613124608444e-15,No,3.0814879110195774e-33,SW
1990.8333333333335,-5.798528504511363e-16,1.4790476082373292e-16,4.3194808962740334e-16,-1.7774351037335387e-15,2.2294613124608444e-15,No,0,SW
1990.9166666666667,1.386228660640558e-18,1.467570064674076e-16,-1.4814323512804814e-16,-1.7774351037335387e-15,2.2294613124608444e-15,No,1.2133358649639586e-32,SW
1991,-3.145846834316057e-16,1.4560925211108226e-16,1.6897543132052345e-16,-1.7774351037335387e-15,2.2294613124608444e-15,No,0,SW
1991.0833333333335,-2.124147649337406e-16,1.4397205295386622e-16,6.844271197987439e-17,-1.7774351037335387e-15,2.2294613124608444e-15,No,0,SW
1991.1666666666667,-3.246026858885837e-16,1.4233485379665018e-16,1.8226783209193354e-16,-1.7774351037335387e-15,2.2294613124608444e-15,No,0,SW
1991.25,-6.164219978111636e-16,1.4069765463943414e-16,4.757243431717294e-16,-1.7774351037335387e-15,2.2294613124608444e-15,No,-9.860761315262648e-32,SW
1991.3333333333335,1.0515662712436959e-16,1.390604554822181e-16,-2.442170826065877e-16,-1.7774351037335387e-15,2.2294613124608444e-15,No,-2.465190328815662e-32,SW
1991.4166666666667,-5.167096240062529e-17,1.3742325632500206e-16,-8.575229392437677e-17,-1.7774351037335387e-15,2.2294613124608444e-15,No,0,SW
1991.5,-7.335113779848314e-16,1.3578605716778602e-16,5.977253208170453e-16,-1.7774351037335387e-15,2.2294613124608444e-15,No,0,SW
1991.5833333333335,9.487689765490471e-16,1.3414885801056999e-16,20,-1.7774351037335387e-15,2.2294613124608444e-15,No,20,SW
1991.6666666666667,1.759673419138259e-15,1.3251165885335397e-16,1.999999999999998,-1.7774351037335387e-15,2.2294613124608444e-15,No,2,SW
1991.75,1.8074118634177018e-17,1.3087445969613793e-16,-1.4894857833031495e-16,-1.7774351037335387e-15,2.2294613124608444e-15,No,3.0814879110195774e-33,SW
1991.8333333333335,-5.798528504511363e-16,1.292372605389219e-16,4.506155899122144e-16,-1.7774351037335387e-15,2.2294613124608444e-15,No,0,SW
1991.9166666666667,1.386228660640558e-18,1.2760006138170586e-16,-1.289862900423464e-16,-1.7774351037335387e-15,2.2294613124608444e-15,No,1.2133358649639586e-32,SW
1992,-3.145846834316057e-16,1.2596286222448982e-16,1.8862182120711588e-16,-1.7774351037335387e-15,2.2294613124608444e-15,No,0,SW
1992.0833333333335,-2.124147649337406e-16,1.2432566306727378e-16,8.808910186646682e-17,-1.7774351037335387e-15,2.2294613124608444e-15,No,0,SW
1992.1666666666667,-3.246026858885837e-16,1.2268846391005774e-16,2.0191422197852598e-16,-1.7774351037335387e-15,2.2294613124608444e-15,No,0,SW
1992.25,-6.164219978111636e-16,1.2031021928874044e-16,4.961117785224232e-16,-1.7774351037335387e-15,2.2294613124608444e-15,No,0,SW
1992.3333333333335,1.0515662712436959e-16,1.1793197466742313e-16,-2.230886017917927e-16,-1.7774351037335387e-15,2.2294613124608444e-15,No,0,SW
1992.4166666666667,-5.167096240062529e-17,1.1555373004610586e-16,-6.388276764548057e-17,-1.7774351037335387e-15,2.2294613124608444e-15,No,0,SW
1992.5,-7.335113779848314e-16,1.1317548542478855e-16,6.203358925600429e-16,-1.7774351037335387e-15,2.2294613124608444e-15,No,9.860761315262648e-32,SW
1992.5833333333335,9.487689765490471e-16,1.1079724080347125e-16,-1.0595662173525184e-15,-1.7774351037335387e-15,2.2294613124608444e-15,No,0,SW
1992.6666666666667,1.759673419138259e-15,1.0841899618215396e-16,-1.868092415320413e-15,-1.7774351037335387e-15,2.2294613124608444e-15,No,-1.9721522630525295e-31,SW
1992.75,1.8074118634177018e-17,1.0604075156083666e-16,-1.2411487019501368e-16,-1.7774351037335387e-15,2.2294613124608444e-15,No,-9.244463733058732e-33,SW
1992.8333333333335,-5.798528504511363e-16,1.0366250693951937e-16,4.761903435116169e-16,-1.7774351037335387e-15,2.2294613124608444e-15,No,0,SW
1992.9166666666667,1.386228660640558e-18,1.0128426231820206e-16,-1.0267049097884262e-16,-1.7774351037335387e-15,2.2294613124608444e-15,No,-1.925929944387236e-34,SW
1993,-3.145846834316057e-16,9.890601769688476e-17,2.1567866573472094e-16,-1.7774351037335387e-15,2.2294613124608444e-15,No,0,SW
1993.0833333333335,-2.124147649337406e-16,9.652777307556747e-17,1.1588699185817315e-16,-1.7774351037335387e-15,2.2294613124608444e-15,No,2.465190328815662e-32,SW
1993.1666666666667,-3.246026858885837e-16,9.414952845425016e-17,2.3045315743433354e-16,-1.7774351037335387e-15,2.2294613124608444e-15,No,0,SW
1993.25,-6.164219978111636e-16,9.177128383293287e-17,5.246507139782307e-16,-1.7774351037335387e-15,2.2294613124608444e-15,No,-9.860761315262648e-32,SW
1993.3333333333335,1.0515662712436959e-16,8.939303921161557e-17,-1.9454966633598516e-16,-1.7774351037335387e-15,2.2294613124608444e-15,No,0,SW
1993.4166666666667,-5.167096240062529e-17,8.622909910354982e-17,-3.455813670292453e-17,-1.7774351037335387e-15,2.2294613124608444e-15,No,0,SW
1993.5,-7.335113779848314e-16,8.306515899548406e-17,6.504462189893473e-16,-1.7774351037335387e-15,2.2294613124608444e-15,No,0,SW
1993.5833333333335,9.487689765490471e-16,7.99012188874183e-17,-1.0286701954364655e-15,-1.7774351037335387e-15,2.2294613124608444e-15,No,0,SW
1993.6666666666667,1.759673419138259e-15,7.673727877935254e-17,-1.8364106979176116e-15,-1.7774351037335387e-15,2.2294613124608444e-15,No,0,SW
1993.75,1.8074118634177018e-17,7.357333867128679e-17,-9.16474573054638e-17,-1.7774351037335387e-15,2.2294613124608444e-15,No,3.0814879110195774e-33,SW
1993.8333333333335,-5.798528504511363e-16,7.040939856322104e-17,5.094434518879153e-16,-1.7774351037335387e-15,2.2294613124608444e-15,No,0,SW
1993.9166666666667,1.386228660640558e-18,6.724545845515527e-17,-6.863168711579583e-17,-1.7774351037335387e-15,2.2294613124608444e-15,No,-1.925929944387236e-34,SW
1994,-3.145846834316057e-16,6.408151834708952e-17,2.505031650845162e-16,-1.7774351037335387e-15,2.2294613124608444e-15,No,0,SW
1994.0833333333335,-2.124147649337406e-16,6.091757823902376e-17,1.5149718669471684e-16,-1.7774351037335387e-15,2.2294613124608444e-15,No,0,SW
1994.1666666666667,-3.246026858885837e-16,5.775363813095801e-17,2.668490477576257e-16,-1.7774351037335387e-15,2.2294613124608444e-15,No,0,SW
1994.25,-6.164219978111636e-16,5.458969802289225e-17,5.618322997882714e-16,-1.7774351037335387e-15,2.2294613124608444e-15,No,0,SW
1994.3333333333335,1.0515662712436959e-16,5.142575791482649e-17,-1.5658238503919607e-16,-1.7774351037335387e-15,2.2294613124608444e-15,No,1.232595164407831e-32,SW
1994.4166666666667,-5.167096240062529e-17,4.8261817806760735e-17,3,-1.7774351037335387e-15,2.2294613124608444e-15,No,3,SW
1994.5,-7.335113779848314e-16,4.5097877698694983e-17,6.884135002861364e-16,-1.7774351037335387e-15,2.2294613124608444e-15,No,0,SW
1994.5833333333335,9.487689765490471e-16,4.4444143507250564e-17,-9.932131200562977e-16,-1.7774351037335387e-15,2.2294613124608444e-15,No,0,SW
1994.6666666666667,1.759673419138259e-15,4.379040931580614e-17,-1.803463828454065e-15,-1.7774351037335387e-15,2.2294613124608444e-15,No,1.9721522630525295e-31,SW
1994.75,1.8074118634177018e-17,4.313667512436172e-17,-6.121079375853873e-17,-1.7774351037335387e-15,2.2294613124608444e-15,No,3.0814879110195774e-33,SW
1994.8333333333335,-5.798528504511363e-16,4.24829409329173e-17,5.37369909518219e-16,-1.7774351037335387e-15,2.2294613124608444e-15,No,0,SW
1994.9166666666667,1.386228660640558e-18,4.1829206741472874e-17,24,-1.7774351037335387e-15,2.2294613124608444e-15,Yes,24,SW
1995,-3.145846834316057e-16,4.1175472550028455e-17,2.7340921088157724e-16,-1.7774351037335387e-15,2.2294613124608444e-15,No,0,SW
1995.0833333333335,-2.124147649337406e-16,4.052173835858403e-17,2,-1.7774351037335387e-15,2.2294613124608444e-15,No,1.9999999999999998,SW
1995.1666666666667,-3.246026858885837e-16,3.986800416713961e-17,2.847346817214441e-16,-1.7774351037335387e-15,2.2294613124608444e-15,No,0,SW
1995.25,-6.164219978111636e-16,3.921426997569519e-17,8,-1.7774351037335387e-15,2.2294613124608444e-15,Yes,7.999999999999999,SW
1995.3333333333335,1.0515662712436959e-16,3.8560535784250766e-17,-1.4371716290862035e-16,-1.7774351037335387e-15,2.2294613124608444e-15,No,0,SW
1995.4166666666667,-5.167096240062529e-17,3.7906801592806346e-17,1.3764160807818944e-17,-1.7774351037335387e-15,2.2294613124608444e-15,No,0,SW
1995.5,-7.335113779848314e-16,3.725306740136193e-17,13,-1.7774351037335387e-15,2.2294613124608444e-15,Yes,13,SW
1995.5833333333335,9.487689765490471e-16,3.65993332099175e-17,11.999999999999998,-1.7774351037335387e-15,2.2294613124608444e-15,Yes,12,SW
1995.6666666666667,1.759673419138259e-15,3.594559901847308e-17,-1.795619018156732e-15,-1.7774351037335387e-15,2.2294613124608444e-15,No,0,SW
1995.75,1.8074118634177018e-17,3.679374975643633e-17,7,-1.7774351037335387e-15,2.2294613124608444e-15,Yes,7,SW
1995.8333333333335,-5.798528504511363e-16,3.764190049439957e-17,24,-1.7774351037335387e-15,2.2294613124608444e-15,No,24,SW
1995.9166666666667,1.386228660640558e-18,3.8490051232362815e-17,15,-1.7774351037335387e-15,2.2294613124608444e-15,No,15,SW
1996,-3.145846834316057e-16,3.9338201970326055e-17,5,-1.7774351037335387e-15,2.2294613124608444e-15,No,5,SW
1996.0833333333335,-2.124147649337406e-16,4.01863527082893e-17,1.722284122254513e-16,-1.7774351037335387e-15,2.2294613124608444e-15,No,-2.465190328815662e-32,SW
1996.1666666666667,-3.246026858885837e-16,4.103450344625254e-17,2.835681824423312e-16,-1.7774351037335387e-15,2.2294613124608444e-15,No,0,SW
1996.25,-6.164219978111636e-16,4.188265418421579e-17,5.745393436269478e-16,-1.7774351037335387e-15,2.2294613124608444e-15,No,0,SW
1996.3333333333335,1.0515662712436959e-16,4.2730804922179035e-17,-1.4788743204654862e-16,-1.7774351037335387e-15,2.2294613124608444e-15,No,0,SW
1996.4166666666667,-5.167096240062529e-17,4.3578955660142275e-17,1,-1.7774351037335387e-15,2.2294613124608444e-15,No,1,SW
1996.5,-7.335113779848314e-16,4.442710639810552e-17,16,-1.7774351037335387e-15,2.2294613124608444e-15,No,16,SW
1996.5833333333335,9.487689765490471e-16,4.527525713606876e-17,-9.940442336851159e-16,-1.7774351037335387e-15,2.2294613124608444e-15,No,0,SW
1996.6666666666667,1.759673419138259e-15,4.612340787403201e-17,-1.805796827012291e-15,-1.7774351037335387e-15,2.2294613124608444e-15,No,-1.9721522630525295e-31,SW
1996.75,1.8074118634177018e-17,4.6971558611995254e-17,-6.504567724617228e-17,-1.7774351037335387e-15,2.2294613124608444e-15,No,-3.0814879110195774e-33,SW
1996.8333333333335,-5.798528504511363e-16,4.7819709349958495e-17,5.320331411011778e-16,-1.7774351037335387e-15,2.2294613124608444e-15,No,0,SW
1996.9166666666667,1.386228660640558e-18,4.8988639867414145e-17,-5.0374868528054703e-17,-1.7774351037335387e-15,2.2294613124608444e-15,No,-1.925929944387236e-34,SW
1997,-3.145846834316057e-16,5.0157570384869795e-17,2.644271130467359e-16,-1.7774351037335387e-15,2.2294613124608444e-15,No,0,SW
1997.0833333333335,-2.124147649337406e-16,5.1326500902325446e-17,23,-1.7774351037335387e-15,2.2294613124608444e-15,Yes,23,SW
1997.1666666666667,-3.246026858885837e-16,5.2495431419781096e-17,5,-1.7774351037335387e-15,2.2294613124608444e-15,No,5,SW
1997.25,-6.164219978111636e-16,5.3664361937236747e-17,12,-1.7774351037335387e-15,2.2294613124608444e-15,Yes,12,SW
1997.3333333333335,1.0515662712436959e-16,5.48332924546924e-17,14,-1.7774351037335387e-15,2.2294613124608444e-15,Yes,14,SW
1997.4166666666667,-5.167096240062529e-17,5.600222297214805e-17,16,-1.7774351037335387e-15,2.2294613124608444e-15,No,16,SW
1997.5,-7.335113779848314e-16,5.71711534896037e-17,7.000000000000001,-1.7774351037335387e-15,2.2294613124608444e-15,No,7,SW
1997.5833333333335,9.487689765490471e-16,5.834008400705935e-17,-1.0071090605561064e-15,-1.7774351037335387e-15,2.2294613124608444e-15,No,0,SW
1997.6666666666667,1.759673419138259e-15,5.9509014524515e-17,1.9999999999999982,-1.7774351037335387e-15,2.2294613124608444e-15,No,2,SW
1997.75,1.8074118634177018e-17,6.067794504197065e-17,5,-1.7774351037335387e-15,2.2294613124608444e-15,No,5,SW
1997.8333333333335,-5.798528504511363e-16,6.18468755594263e-17,5.1800597489171e-16,-1.7774351037335387e-15,2.2294613124608444e-15,No,0,SW
1997.9166666666667,1.386228660640558e-18,6.301580607688195e-17,-6.440203473752251e-17,-1.7774351037335387e-15,2.2294613124608444e-15,No,-1.925929944387236e-34,SW
1998,-3.145846834316057e-16,6.41847365943376e-17,2.503999468372681e-16,-1.7774351037335387e-15,2.2294613124608444e-15,No,0,SW
1998.0833333333335,-2.124147649337406e-16,6.618122587323357e-17,21,-1.7774351037335387e-15,2.2294613124608444e-15,Yes,21,SW
1998.1666666666667,-3.246026858885837e-16,6.817771515212954e-17,27,-1.7774351037335387e-15,2.2294613124608444e-15,Yes,27,SW
1998.25,-6.164219978111636e-16,7.017420443102551e-17,3.0000000000000004,-1.7774351037335387e-15,2.2294613124608444e-15,No,3,SW
1998.3333333333335,1.0515662712436959e-16,7.217069370992149e-17,-1.7732732083429106e-16,-1.7774351037335387e-15,2.2294613124608444e-15,No,1.232595164407831e-32,SW
1998.4166666666667,-5.167096240062529e-17,7.416718298881746e-17,-2.2496220588192168e-17,-1.7774351037335387e-15,2.2294613124608444e-15,No,0,SW
1998.5,-7.335113779848314e-16,7.616367226771343e-17,6.573477057171179e-16,-1.7774351037335387e-15,2.2294613124608444e-15,No,0,SW
1998.5833333333335,9.487689765490471e-16,7.81601615466094e-17,-1.0269291380956565e-15,-1.7774351037335387e-15,2.2294613124608444e-15,No,0,SW
1998.6666666666667,1.759673419138259e-15,8.015665082550536e-17,-1.8398300699637642e-15,-1.7774351037335387e-15,2.2294613124608444e-15,No,1.9721522630525295e-31,SW
1998.75,1.8074118634177018e-17,8.215314010440133e-17,-1.0022725873857835e-16,-1.7774351037335387e-15,2.2294613124608444e-15,No,3.0814879110195774e-33,SW
1998.8333333333335,-5.798528504511363e-16,8.41496293832973e-17,4.95703221067839e-16,-1.7774351037335387e-15,2.2294613124608444e-15,No,0,SW
1998.9166666666667,1.386228660640558e-18,8.614611866219327e-17,-8.753234732283383e-17,-1.7774351037335387e-15,2.2294613124608444e-15,No,-1.925929944387236e-34,SW
1999,-3.145846834316057e-16,8.814260794108925e-17,2.264420754905165e-16,-1.7774351037335387e-15,2.2294613124608444e-15,No,0,SW
1999.0833333333335,-2.124147649337406e-16,9.013909721998522e-17,1.222756677137554e-16,-1.7774351037335387e-15,2.2294613124608444e-15,No,2.465190328815662e-32,SW
1999.1666666666667,-3.246026858885837e-16,9.213558649888119e-17,2.3246709938970253e-16,-1.7774351037335387e-15,2.2294613124608444e-15,No,0,SW
1999.25,-6.164219978111636e-16,9.537000187585701e-17,5.210519959353066e-16,-1.7774351037335387e-15,2.2294613124608444e-15,No,0,SW
1999.3333333333335,1.0515662712436959e-16,9.860441725283284e-17,4,-1.7774351037335387e-15,2.2294613124608444e-15,No,4,SW
1999.4166666666667,-5.167096240062529e-17,1.0183883262980866e-16,-5.016787022918337e-17,-1.7774351037335387e-15,2.2294613124608444e-15,No,0,SW
1999.5,-7.335113779848314e-16,1.0507324800678449e-16,6.284381299780468e-16,-1.7774351037335387e-15,2.2294613124608444e-15,No,0,SW
1999.5833333333335,9.487689765490471e-16,1.0830766338376031e-16,8.999999999999998,-1.7774351037335387e-15,2.2294613124608444e-15,Yes,9,SW
1999.6666666666667,1.759673419138259e-15,1.1154207876073613e-16,2.9999999999999982,-1.7774351037335387e-15,2.2294613124608444e-15,No,3,SW
1999.75,1.8074118634177018e-17,1.1477649413771197e-16,-1.32850612771889e-16,-1.7774351037335387e-15,2.2294613124608444e-15,No,3.0814879110195774e-33,SW
1999.8333333333335,-5.798528504511363e-16,1.180109095146878e-16,4.618419409364485e-16,-1.7774351037335387e-15,2.2294613124608444e-15,No,0,SW
1999.9166666666667,1.386228660640558e-18,1.2124532489166361e-16,-1.2263155355230416e-16,-1.7774351037335387e-15,2.2294613124608444e-15,No,1.2133358649639586e-32,SW
2000,-3.145846834316057e-16,1.2447974026863943e-16,1.9010494316296627e-16,-1.7774351037335387e-15,2.2294613124608444e-15,No,0,SW
2000.0833333333335,-2.124147649337406e-16,1.2771415564561525e-16,8.470060928812535e-17,-1.7774351037335387e-15,2.2294613124608444e-15,No,0,SW
2000.1666666666667,-3.246026858885837e-16,1.309485710225911e-16,9,-1.7774351037335387e-15,2.2294613124608444e-15,No,9,SW
2000.25,-6.164219978111636e-16,1.3418298639956692e-16,4.822390114115967e-16,-1.7774351037335387e-15,2.2294613124608444e-15,No,0,SW
2000.3333333333335,1.0515662712436959e-16,1.3741740177654274e-16,0.9999999999999998,-1.7774351037335387e-15,2.2294613124608444e-15,No,1,SW
2000.4166666666667,-5.167096240062529e-17,1.402669814313576e-16,17,-1.7774351037335387e-15,2.2294613124608444e-15,No,17,SW
2000.5,-7.335113779848314e-16,1.431165610861725e-16,1.0000000000000004,-1.7774351037335387e-15,2.2294613124608444e-15,No,0.9999999999999999,SW
2000.5833333333335,9.487689765490471e-16,1.4596614074098737e-16,1.999999999999999,-1.7774351037335387e-15,2.2294613124608444e-15,No,2,SW
2000.6666666666667,1.759673419138259e-15,1.4881572039580223e-16,-1.9084891395340614e-15,-1.7774351037335387e-15,2.2294613124608444e-15,No,-1.9721522630525295e-31,SW
2000.75,1.8074118634177018e-17,1.516653000506171e-16,-1.6973941868479412e-16,-1.7774351037335387e-15,2.2294613124608444e-15,No,3.0814879110195774e-33,SW
2000.8333333333335,-5.798528504511363e-16,1.54514879705432e-16,4.253379707457043e-16,-1.7774351037335387e-15,2.2294613124608444e-15,No,0,SW
2000.9166666666667,1.386228660640558e-18,1.5736445936024686e-16,-1.587506880208874e-16,-1.7774351037335387e-15,2.2294613124608444e-15,No,1.2133358649639586e-32,SW
2001,-3.145846834316057e-16,1.6021403901506173e-16,1.5437064441654397e-16,-1.7774351037335387e-15,2.2294613124608444e-15,No,0,SW
2001.0833333333335,-2.124147649337406e-16,1.6306361866987663e-16,4.935114626386398e-17,-1.7774351037335387e-15,2.2294613124608444e-15,No,0,SW
2001.1666666666667,-3.246026858885837e-16,1.659131983246915e-16,1.5868948756389223e-16,-1.7774351037335387e-15,2.2294613124608444e-15,No,0,SW
2001.25,-6.164219978111636e-16,1.6876277797950636e-16,4.476592198316573e-16,-1.7774351037335387e-15,2.2294613124608444e-15,No,0,SW
2001.3333333333335,1.0515662712436959e-16,1.7161235763432123e-16,-2.7676898475869085e-16,-1.7774351037335387e-15,2.2294613124608444e-15,No,-2.465190328815662e-32,SW
2001.4166666666667,-5.167096240062529e-17,1.7446193728913612e-16,-1.2279097488851082e-16,-1.7774351037335387e-15,2.2294613124608444e-15,No,1.232595164407831e-32,SW
2001.5,-7.335113779848314e-16,1.77311516943951e-16,5.561998610408803e-16,-1.7774351037335387e-15,2.2294613124608444e-15,No,0,SW
2001.5833333333335,9.487689765490471e-16,1.7870864653686433e-16,-1.1274776230859114e-15,-1.7774351037335387e-15,2.2294613124608444e-15,No,0,SW
2001.6666666666667,1.759673419138259e-15,1.801057761297777e-16,1.999999999999998,-1.7774351037335387e-15,2.2294613124608444e-15,No,2,SW
2001.75,1.8074118634177018e-17,1.8150290572269104e-16,-1.9957702435686806e-16,-1.7774351037335387e-15,2.2294613124608444e-15,No,3.0814879110195774e-33,SW
2001.8333333333335,-5.798528504511363e-16,1.829000353156044e-16,3.969528151355319e-16,-1.7774351037335387e-15,2.2294613124608444e-15,No,0,SW
2001.9166666666667,1.386228660640558e-18,1.8429716490851775e-16,-1.856833935691583e-16,-1.7774351037335387e-15,2.2294613124608444e-15,No,1.2133358649639586e-32,SW
2002,-3.145846834316057e-16,1.8569429450143111e-16,25,-1.7774351037335387e-15,2.2294613124608444e-15,Yes,25,SW
2002.0833333333335,-2.124147649337406e-16,1.8709142409434446e-16,7,-1.7774351037335387e-15,2.2294613124608444e-15,No,7,SW
2002.1666666666667,-3.246026858885837e-16,1.884885536872578e-16,20,-1.7774351037335387e-15,2.2294613124608444e-15,No,20,SW
2002.25,-6.164219978111636e-16,1.8988568328017116e-16,4.2653631453099246e-16,-1.7774351037335387e-15,2.2294613124608444e-15,No,0,SW
2002.3333333333335,1.0515662712436959e-16,1.912828128730845e-16,-2.964394399974541e-16,-1.7774351037335387e-15,2.2294613124608444e-15,No,0,SW
2002.4166666666667,-5.167096240062529e-17,1.9267994246599787e-16,-1.410089800653726e-16,-1.7774351037335387e-15,2.2294613124608444e-15,No,-1.232595164407831e-32,SW
2002.5,-7.335113779848314e-16,1.940770720589112e-16,5.394343059259201e-16,-1.7774351037335387e-15,2.2294613124608444e-15,No,0,SW
2002.5833333333335,9.487689765490471e-16,1.9547420165182458e-16,-1.1442431782008718e-15,-1.7774351037335387e-15,2.2294613124608444e-15,No,0,SW
2002.6666666666667,1.759673419138259e-15,1.9687133124473792e-16,4.999999999999998,-1.7774351037335387e-15,2.2294613124608444e-15,No,5,SW
2002.75,1.8074118634177018e-17,1.9645218406120828e-16,3,-1.7774351037335387e-15,2.2294613124608444e-15,No,3,SW
2002.8333333333335,-5.798528504511363e-16,1.9603303687767865e-16,3.838198135734576e-16,-1.7774351037335387e-15,2.2294613124608444e-15,No,0,SW
2002.9166666666667,1.386228660640558e-18,1.9561388969414904e-16,-1.9700011835478959e-16,-1.7774351037335387e-15,2.2294613124608444e-15,No,1.2133358649639586e-32,SW
2003,-3.145846834316057e-16,1.951947425106194e-16,1.193899409209863e-16,-1.7774351037335387e-15,2.2294613124608444e-15,No,0,SW
2003.0833333333335,-2.124147649337406e-16,1.9477559532708977e-16,1.7639169606650832e-17,-1.7774351037335387e-15,2.2294613124608444e-15,No,0,SW
2003.1666666666667,-3.246026858885837e-16,1.9435644814356014e-16,1.3024623774502358e-16,-1.7774351037335387e-15,2.2294613124608444e-15,No,0,SW
2003.25,-6.164219978111636e-16,1.9393730096003053e-16,4.2248469685113307e-16,-1.7774351037335387e-15,2.2294613124608444e-15,No,0,SW
2003.3333333333335,1.0515662712436959e-16,1.935181537765009e-16,-2.986747809008705e-16,-1.7774351037335387e-15,2.2294613124608444e-15,No,0,SW
2003.4166666666667,-5.167096240062529e-17,1.9309900659297126e-16,-1.4142804419234598e-16,-1.7774351037335387e-15,2.2294613124608444e-15,No,-1.232595164407831e-32,SW
2003.5,-7.335113779848314e-16,1.9267985940944163e-16,2.000000000000001,-1.7774351037335387e-15,2.2294613124608444e-15,No,2,SW
2003.5833333333335,9.487689765490471e-16,1.92260712225912e-16,25,-1.7774351037335387e-15,2.2294613124608444e-15,No,25,SW
2003.6666666666667,1.759673419138259e-15,1.9184156504238238e-16,9.999999999999998,-1.7774351037335387e-15,2.2294613124608444e-15,No,10,SW
2003.75,1.8074118634177018e-17,1.9142241785885275e-16,-2.0949653649302976e-16,-1.7774351037335387e-15,2.2294613124608444e-15,No,3.0814879110195774e-33,SW
2003.8333333333335,-5.798528504511363e-16,1.9100327067532311e-16,3.8884957977581315e-16,-1.7774351037335387e-15,2.2294613124608444e-15,No,0,SW
2003.9166666666667,1.386228660640558e-18,1.8833546922593196e-16,-1.897216978865725e-16,-1.7774351037335387e-15,2.2294613124608444e-15,No,1.2133358649639586e-32,SW
2004,-3.145846834316057e-16,1.856676677765408e-16,1.289170156550649e-16,-1.7774351037335387e-15,2.2294613124608444e-15,No,0,SW
2004.0833333333335,-2.124147649337406e-16,1.8299986632714965e-16,2.9414898606590954e-17,-1.7774351037335387e-15,2.2294613124608444e-15,No,0,SW
2004.1666666666667,-3.246026858885837e-16,1.8033206487775847e-16,1.4427062101082525e-16,-1.7774351037335387e-15,2.2294613124608444e-15,No,0,SW
2004.25,-6.164219978111636e-16,1.7766426342836732e-16,4.387577343827963e-16,-1.7774351037335387e-15,2.2294613124608444e-15,No,0,SW
2004.3333333333335,1.0515662712436959e-16,1.7499646197897616e-16,-2.8015308910334575e-16,-1.7774351037335387e-15,2.2294613124608444e-15,No,0,SW
2004.4166666666667,-5.167096240062529e-17,1.72328660529585e-16,7,-1.7774351037335387e-15,2.2294613124608444e-15,No,7,SW
2004.5,-7.335113779848314e-16,1.6966085908019385e-16,5.638505189046375e-16,-1.7774351037335387e-15,2.2294613124608444e-15,No,0,SW
2004.5833333333335,9.487689765490471e-16,1.669930576308027e-16,20,-1.7774351037335387e-15,2.2294613124608444e-15,No,20,SW
2004.6666666666667,1.759673419138259e-15,1.6432525618141154e-16,2.9999999999999982,-1.7774351037335387e-15,2.2294613124608444e-15,No,3,SW
2004.75,1.8074118634177018e-17,1.6165745473202036e-16,-1.7973157336619738e-16,-1.7774351037335387e-15,2.2294613124608444e-15,No,3.0814879110195774e-33,SW
2004.8333333333335,-5.798528504511363e-16,1.589896532826292e-16,4.2086319716850706e-16,-1.7774351037335387e-15,2.2294613124608444e-15,No,0,SW
2004.9166666666667,1.386228660640558e-18,1.5632185183323805e-16,-1.577080804938786e-16,-1.7774351037335387e-15,2.2294613124608444e-15,No,1.2133358649639586e-32,SW
2005,-3.145846834316057e-16,1.536540503838469e-16,1.609306330477588e-16,-1.7774351037335387e-15,2.2294613124608444e-15,No,0,SW
2005.0833333333335,-2.124147649337406e-16,1.5005803753631198e-16,6.235672739742862e-17,-1.7774351037335387e-15,2.2294613124608444e-15,No,0,SW
2005.1666666666667,-3.246026858885837e-16,1.4646202468877707e-16,1.7814066119980665e-16,-1.7774351037335387e-15,2.2294613124608444e-15,No,0,SW
2005.25,-6.164219978111636e-16,1.4286601184124215e-16,4.735559859699215e-16,-1.7774351037335387e-15,2.2294613124608444e-15,No,9.860761315262648e-32,SW
2005.3333333333335,1.0515662712436959e-16,1.3926999899370723e-16,3,-1.7774351037335387e-15,2.2294613124608444e-15,No,3,SW
2005.4166666666667,-5.167096240062529e-17,1.3567398614617231e-16,19,-1.7774351037335387e-15,2.2294613124608444e-15,No,19,SW
2005.5,-7.335113779848314e-16,1.320779732986374e-16,22,-1.7774351037335387e-15,2.2294613124608444e-15,Yes,22,SW
2005.5833333333335,9.487689765490471e-16,1.2848196045110248e-16,14.999999999999998,-1.7774351037335387e-15,2.2294613124608444e-15,Yes,15,SW
2005.6666666666667,1.759673419138259e-15,1.2488594760356756e-16,-1.8845593667418267e-15,-1.7774351037335387e-15,2.2294613124608444e-15,No,-1.9721522630525295e-31,SW
2005.75,1.8074118634177018e-17,1.2128993475603267e-16,0.9999999999999999,-1.7774351037335387e-15,2.2294613124608444e-15,No,1,SW
2005.8333333333335,-5.798528504511363e-16,1.1769392190849775e-16,2.0000000000000004,-1.7774351037335387e-15,2.2294613124608444e-15,No,1.9999999999999998,SW
2005.9166666666667,1.386228660640558e-18,1.1409790906096283e-16,-1.1548413772160338e-16,-1.7774351037335387e-15,2.2294613124608444e-15,No,1.2133358649639586e-32,SW
2006,-3.145846834316057e-16,1.1050189621342792e-16,2.0408278721817779e-16,-1.7774351037335387e-15,2.2294613124608444e-15,No,0,SW
2006.0833333333335,-2.124147649337406e-16,1.06905883365893e-16,1.055088815678476e-16,-1.7774351037335387e-15,2.2294613124608444e-15,No,0,SW
2006.1666666666667,-3.246026858885837e-16,1.0330987051835808e-16,5,-1.7774351037335387e-15,2.2294613124608444e-15,No,5,SW
2006.25,-6.164219978111636e-16,9.968670636506764e-17,5.16735291446096e-16,-1.7774351037335387e-15,2.2294613124608444e-15,No,0,SW
2006.3333333333335,1.0515662712436959e-16,9.606354221177721e-17,2,-1.7774351037335387e-15,2.2294613124608444e-15,No,2,SW
2006.4166666666667,-5.167096240062529e-17,9.244037805848677e-17,27,-1.7774351037335387e-15,2.2294613124608444e-15,No,27,SW
2006.5,-7.335113779848314e-16,8.881721390519634e-17,15,-1.7774351037335387e-15,2.2294613124608444e-15,No,15,SW
2006.5833333333335,9.487689765490471e-16,8.51940497519059e-17,0.9999999999999989,-1.7774351037335387e-15,2.2294613124608444e-15,No,1,SW
2006.6666666666667,1.759673419138259e-15,8.157088559861546e-17,10.999999999999998,-1.7774351037335387e-15,2.2294613124608444e-15,Yes,11,SW
2006.75,1.8074118634177018e-17,7.794772144532503e-17,30,-1.7774351037335387e-15,2.2294613124608444e-15,Yes,30,SW
2006.8333333333335,-5.798528504511363e-16,7.43245572920346e-17,2.0000000000000004,-1.7774351037335387e-15,2.2294613124608444e-15,No,1.9999999999999998,SW
2006.9166666666667,1.386228660640558e-18,7.070139313874415e-17,2,-1.7774351037335387e-15,2.2294613124608444e-15,No,2,SW
2007,-3.145846834316057e-16,6.707822898545373e-17,3.0000000000000004,-1.7774351037335387e-15,2.2294613124608444e-15,No,3,SW
2007.0833333333335,-2.124147649337406e-16,6.345506483216329e-17,1.4895970010157732e-16,-1.7774351037335387e-15,2.2294613124608444e-15,No,0,SW
2007.1666666666667,-3.246026858885837e-16,5.983190067887285e-17,2.647707852097109e-16,-1.7774351037335387e-15,2.2294613124608444e-15,No,4.930380657631324e-32,SW
2007.25,-6.164219978111636e-16,5.620873652558242e-17,5.602132612855812e-16,-1.7774351037335387e-15,2.2294613124608444e-15,No,0,SW
2007.3333333333335,1.0515662712436959e-16,5.2585572372291983e-17,-1.5774219949666158e-16,-1.7774351037335387e-15,2.2294613124608444e-15,No,0,SW
2007.4166666666667,-5.167096240062529e-17,5.0548584460372843e-17,1.1223779402524464e-18,-1.7774351037335387e-15,2.2294613124608444e-15,No,0,SW
2007.5,-7.335113779848314e-16,4.85115965484537e-17,4.000000000000001,-1.7774351037335387e-15,2.2294613124608444e-15,No,4,SW
2007.5833333333335,9.487689765490471e-16,4.647460863653456e-17,0.999999999999999,-1.7774351037335387e-15,2.2294613124608444e-15,No,1,SW
2007.6666666666667,1.759673419138259e-15,4.443762072461541e-17,-1.8041110398628745e-15,-1.7774351037335387e-15,2.2294613124608444e-15,No,0,SW
2007.75,1.8074118634177018e-17,4.240063281269627e-17,2,-1.7774351037335387e-15,2.2294613124608444e-15,No,2,SW
2007.8333333333335,-5.798528504511363e-16,4.0363644900777126e-17,5.000000000000001,-1.7774351037335387e-15,2.2294613124608444e-15,Yes,5,SW
2007.9166666666667,1.386228660640558e-18,3.8326656988857986e-17,15,-1.7774351037335387e-15,2.2294613124608444e-15,No,15,SW
2008,-3.145846834316057e-16,3.6289669076938846e-17,11,-1.7774351037335387e-15,2.2294613124608444e-15,Yes,11,SW
2008.0833333333335,-2.124147649337406e-16,3.42526811650197e-17,41,-1.7774351037335387e-15,2.2294613124608444e-15,Yes,41,SW
2008.1666666666667,-3.246026858885837e-16,3.221569325310056e-17,2.9238699263548317e-16,-1.7774351037335387e-15,2.2294613124608444e-15,No,0,SW
2008.25,-6.164219978111636e-16,3.0178705341181414e-17,1.0000000000000007,-1.7774351037335387e-15,2.2294613124608444e-15,No,1,SW
2008.3333333333335,1.0515662712436959e-16,2.8141717429262274e-17,-1.3329834455363185e-16,-1.7774351037335387e-15,2.2294613124608444e-15,No,1.232595164407831e-32,SW
2008.4166666666667,-5.167096240062529e-17,2.610472951734313e-17,2.556623288328216e-17,-1.7774351037335387e-15,2.2294613124608444e-15,No,0,SW
2008.5,-7.335113779848314e-16,2.406774160542399e-17,1.0000000000000007,-1.7774351037335387e-15,2.2294613124608444e-15,No,0.9999999999999999,SW
2008.5833333333335,9.487689765490471e-16,2.3909656623946622e-17,-9.726786331729937e-16,-1.7774351037335387e-15,2.2294613124608444e-15,No,0,SW
2008.6666666666667,1.759673419138259e-15,2.375157164246925e-17,-1.783424990780728e-15,-1.7774351037335387e-15,2.2294613124608444e-15,No,1.9721522630525295e-31,SW
2008.75,1.8074118634177018e-17,2.359348666099188e-17,-4.16676052951689e-17,-1.7774351037335387e-15,2.2294613124608444e-15,No,0,SW
2008.8333333333335,-5.798528504511363e-16,2.343540167951451e-17,5.564174487716217e-16,-1.7774351037335387e-15,2.2294613124608444e-15,No,0,SW
2008.9166666666667,1.386228660640558e-18,2.327731669803714e-17,-2.4663545358677698e-17,-1.7774351037335387e-15,2.2294613124608444e-15,No,-1.925929944387236e-34,SW
2009,-3.145846834316057e-16,2.3119231716559768e-17,2.9146545171504594e-16,-1.7774351037335387e-15,2.2294613124608444e-15,No,0,SW
2009.0833333333335,-2.124147649337406e-16,2.29611467350824e-17,1.894536181986582e-16,-1.7774351037335387e-15,2.2294613124608444e-15,No,0,SW
2009.1666666666667,-3.246026858885837e-16,2.280306175360503e-17,3.017996241349787e-16,-1.7774351037335387e-15,2.2294613124608444e-15,No,0,SW
2009.25,-6.164219978111636e-16,2.2644976772127657e-17,5.93777021039036e-16,-1.7774351037335387e-15,2.2294613124608444e-15,No,9.860761315262648e-32,SW
2009.3333333333335,1.0515662712436959e-16,2.2486891790650288e-17,-1.2764351891501989e-16,-1.7774351037335387e-15,2.2294613124608444e-15,No,-1.232595164407831e-32,SW
2009.4166666666667,-5.167096240062529e-17,2.2328806809172916e-17,21,-1.7774351037335387e-15,2.2294613124608444e-15,No,21,SW
2009.5,-7.335113779848314e-16,2.2170721827695547e-17,2.000000000000001,-1.7774351037335387e-15,2.2294613124608444e-15,No,2,SW
2009.5833333333335,9.487689765490471e-16,2.2012636846218175e-17,-9.707816133952653e-16,-1.7774351037335387e-15,2.2294613124608444e-15,No,0,SW
2009.6666666666667,1.759673419138259e-15,2.1854551864740806e-17,-1.781527971003e-15,-1.7774351037335387e-15,2.2294613124608444e-15,No,0,SW
2009.75,1.8074118634177018e-17,2.4806496505980124e-17,14,-1.7774351037335387e-15,2.2294613124608444e-15,No,14,SW
2009.8333333333335,-5.798528504511363e-16,2.775844114721944e-17,4.000000000000001,-1.7774351037335387e-15,2.2294613124608444e-15,No,4,SW
2009.9166666666667,1.386228660640558e-18,3.0710385788458755e-17,-3.209661444909931e-17,-1.7774351037335387e-15,2.2294613124608444e-15,No,-1.925929944387236e-34,SW
2010,-3.145846834316057e-16,3.3662330429698076e-17,2.8092235300190763e-16,-1.7774351037335387e-15,2.2294613124608444e-15,No,0,SW
2010.0833333333335,-2.124147649337406e-16,3.661427507093739e-17,3,-1.7774351037335387e-15,2.2294613124608444e-15,No,3,SW
2010.1666666666667,-3.246026858885837e-16,3.956621971217671e-17,3.0000000000000004,-1.7774351037335387e-15,2.2294613124608444e-15,No,3,SW
2010.25,-6.164219978111636e-16,4.251816435341603e-17,27,-1.7774351037335387e-15,2.2294613124608444e-15,No,27,SW
2010.3333333333335,1.0515662712436959e-16,4.5470108994655344e-17,9,-1.7774351037335387e-15,2.2294613124608444e-15,No,9,SW
2010.4166666666667,-5.167096240062529e-17,4.842205363589466e-17,3.2489087647306305e-18,-1.7774351037335387e-15,2.2294613124608444e-15,No,0,SW
2010.5,-7.335113779848314e-16,5.137399827713398e-17,1.0000000000000007,-1.7774351037335387e-15,2.2294613124608444e-15,No,0.9999999999999999,SW
2010.5833333333335,9.487689765490471e-16,5.4325942918373296e-17,-1.0030949194674205e-15,-1.7774351037335387e-15,2.2294613124608444e-15,No,0,SW
2010.6666666666667,1.759673419138259e-15,5.727788755961262e-17,0.9999999999999981,-1.7774351037335387e-15,2.2294613124608444e-15,No,1,SW
2010.75,1.8074118634177018e-17,6.022983220085193e-17,-7.830395083502894e-17,-1.7774351037335387e-15,2.2294613124608444e-15,No,3.0814879110195774e-33,SW
2010.8333333333335,-5.798528504511363e-16,6.318177684209125e-17,5.16671073609045e-16,-1.7774351037335387e-15,2.2294613124608444e-15,No,0,SW
2010.9166666666667,1.386228660640558e-18,6.728796261993219e-17,-6.867419128057275e-17,-1.7774351037335387e-15,2.2294613124608444e-15,No,-1.925929944387236e-34,SW
2011,-3.145846834316057e-16,7.139414839777313e-17,16,-1.7774351037335387e-15,2.2294613124608444e-15,No,16,SW
2011.0833333333335,-2.124147649337406e-16,7.550033417561406e-17,9,-1.7774351037335387e-15,2.2294613124608444e-15,No,9,SW
2011.1666666666667,-3.246026858885837e-16,7.9606519953455e-17,13,-1.7774351037335387e-15,2.2294613124608444e-15,No,13,SW
2011.25,-6.164219978111636e-16,8.371270573129594e-17,29,-1.7774351037335387e-15,2.2294613124608444e-15,Yes,29,SW
2011.3333333333335,1.0515662712436959e-16,8.781889150913688e-17,-1.9297551863350647e-16,-1.7774351037335387e-15,2.2294613124608444e-15,No,0,SW
2011.4166666666667,-5.167096240062529e-17,9.192507728697782e-17,0.9999999999999999,-1.7774351037335387e-15,2.2294613124608444e-15,No,1,SW
2011.5,-7.335113779848314e-16,9.603126306481876e-17,6.374801149200126e-16,-1.7774351037335387e-15,2.2294613124608444e-15,No,0,SW
2011.5833333333335,9.487689765490471e-16,1.0013744884265969e-16,-1.0489064253917069e-15,-1.7774351037335387e-15,2.2294613124608444e-15,No,0,SW
2011.6666666666667,1.759673419138259e-15,1.0424363462050063e-16,2.9999999999999982,-1.7774351037335387e-15,2.2294613124608444e-15,No,3,SW
2011.75,1.8074118634177018e-17,1.0834982039834157e-16,20,-1.7774351037335387e-15,2.2294613124608444e-15,No,20,SW
2011.8333333333335,-5.798528504511363e-16,1.124560061761825e-16,4.673968442749537e-16,-1.7774351037335387e-15,2.2294613124608444e-15,No,0,SW
2011.9166666666667,1.386228660640558e-18,1.1656219195402344e-16,-1.1794842061466399e-16,-1.7774351037335387e-15,2.2294613124608444e-15,No,1.2133358649639586e-32,SW
2012,-3.145846834316057e-16,1.2066837773186438e-16,1.9391630569974132e-16,-1.7774351037335387e-15,2.2294613124608444e-15,No,0,SW
2012.0833333333335,-2.124147649337406e-16,1.2333939968081214e-16,8.907536525292846e-17,-1.7774351037335387e-15,2.2294613124608444e-15,No,0,SW
2012.1666666666667,-3.246026858885837e-16,1.260104216297599e-16,1,-1.7774351037335387e-15,2.2294613124608444e-15,No,0.9999999999999999,SW
2012.25,-6.164219978111636e-16,1.2868144357870767e-16,4.877405542324559e-16,-1.7774351037335387e-15,2.2294613124608444e-15,No,-9.860761315262648e-32,SW
2012.3333333333335,1.0515662712436959e-16,1.3135246552765543e-16,-2.36509092652025e-16,-1.7774351037335387e-15,2.2294613124608444e-15,No,0,SW
2012.4166666666667,-5.167096240062529e-17,1.340234874766032e-16,-8.23525250759779e-17,-1.7774351037335387e-15,2.2294613124608444e-15,No,0,SW
2012.5,-7.335113779848314e-16,1.3669450942555096e-16,5.968168685592804e-16,-1.7774351037335387e-15,2.2294613124608444e-15,No,0,SW
2012.5833333333335,9.487689765490471e-16,1.3936553137449872e-16,6.999999999999999,-1.7774351037335387e-15,2.2294613124608444e-15,No,7,SW
2012.6666666666667,1.759673419138259e-15,1.4203655332344648e-16,15.999999999999998,-1.7774351037335387e-15,2.2294613124608444e-15,No,16,SW
2012.75,1.8074118634177018e-17,1.4470757527239424e-16,10,-1.7774351037335387e-15,2.2294613124608444e-15,No,10,SW
2012.8333333333335,-5.798528504511363e-16,1.47378597221342e-16,1.0000000000000004,-1.7774351037335387e-15,2.2294613124608444e-15,No,1,SW
2012.9166666666667,1.386228660640558e-18,1.5004961917028977e-16,-1.5143584783093031e-16,-1.7774351037335387e-15,2.2294613124608444e-15,No,1.2133358649639586e-32,SW
2013,-3.145846834316057e-16,1.5272064111923753e-16,1.6186404231236817e-16,-1.7774351037335387e-15,2.2294613124608444e-15,No,0,SW
2013.0833333333335,-2.124147649337406e-16,1.553916630681853e-16,5.702310186555531e-17,-1.7774351037335387e-15,2.2294613124608444e-15,No,0,SW
2013.1666666666667,-3.246026858885837e-16,1.5806268501713306e-16,1.6654000087145066e-16,-1.7774351037335387e-15,2.2294613124608444e-15,No,0,SW
2013.25,-6.164219978111636e-16,1.582819949368024e-16,4.581400028743612e-16,-1.7774351037335387e-15,2.2294613124608444e-15,No,0,SW
2013.3333333333335,1.0515662712436959e-16,1.585013048564717e-16,-2.636579319808413e-16,-1.7774351037335387e-15,2.2294613124608444e-15,No,2.465190328815662e-32,SW
2013.4166666666667,-5.167096240062529e-17,1.5872061477614105e-16,-1.0704965237551576e-16,-1.7774351037335387e-15,2.2294613124608444e-15,No,0,SW
2013.5,-7.335113779848314e-16,1.589399246958104e-16,8,-1.7774351037335387e-15,2.2294613124608444e-15,No,7.999999999999999,SW
2013.5833333333335,9.487689765490471e-16,1.591592346154797e-16,1.999999999999999,-1.7774351037335387e-15,2.2294613124608444e-15,No,2,SW
2013.6666666666667,1.759673419138259e-15,1.5937854453514905e-16,8.999999999999998,-1.7774351037335387e-15,2.2294613124608444e-15,No,9,SW
2013.75,1.8074118634177018e-17,1.5959785445481836e-16,12,-1.7774351037335387e-15,2.2294613124608444e-15,No,12,SW
2013.8333333333335,-5.798528504511363e-16,1.598171643744877e-16,4.2003568607664856e-16,-1.7774351037335387e-15,2.2294613124608444e-15,No,0,SW
2013.9166666666667,1.386228660640558e-18,1.6003647429415704e-16,-1.614227029547976e-16,-1.7774351037335387e-15,2.2294613124608444e-15,No,1.2133358649639586e-32,SW
2014,-3.145846834316057e-16,1.6025578421382636e-16,1.5432889921777934e-16,-1.7774351037335387e-15,2.2294613124608444e-15,No,0,SW
2014.0833333333335,-2.124147649337406e-16,1.604750941334957e-16,5.1939670800244905e-17,-1.7774351037335387e-15,2.2294613124608444e-15,No,0,SW
2014.1666666666667,-3.246026858885837e-16,1.6069440405316504e-16,1.6390828183541868e-16,-1.7774351037335387e-15,2.2294613124608444e-15,No,0,SW
2014.25,-6.164219978111636e-16,1.6091371397283435e-16,4.555082838383292e-16,-1.7774351037335387e-15,2.2294613124608444e-15,No,0,SW
2014.3333333333335,1.0515662712436959e-16,1.611330238925037e-16,0.9999999999999998,-1.7774351037335387e-15,2.2294613124608444e-15,No,1,SW
2014.4166666666667,-5.167096240062529e-17,1.5978219594210064e-16,-1.0811123354147535e-16,-1.7774351037335387e-15,2.2294613124608444e-15,No,0,SW
2014.5,-7.335113779848314e-16,1.5843136799169759e-16,5.750800099931338e-16,-1.7774351037335387e-15,2.2294613124608444e-15,No,9.860761315262648e-32,SW
2014.5833333333335,9.487689765490471e-16,1.5708054004129456e-16,1.999999999999999,-1.7774351037335387e-15,2.2294613124608444e-15,No,2,SW
2014.6666666666667,1.759673419138259e-15,1.557297120908915e-16,21,-1.7774351037335387e-15,2.2294613124608444e-15,No,21,SW
2014.75,1.8074118634177018e-17,1.5437888414048845e-16,19,-1.7774351037335387e-15,2.2294613124608444e-15,No,19,SW
2014.8333333333335,-5.798528504511363e-16,1.530280561900854e-16,6.000000000000001,-1.7774351037335387e-15,2.2294613124608444e-15,Yes,6,SW
2014.9166666666667,1.386228660640558e-18,1.5167722823968234e-16,-1.530634569003229e-16,-1.7774351037335387e-15,2.2294613124608444e-15,No,1.2133358649639586e-32,SW
2015,-3.145846834316057e-16,1.5032640028927931e-16,1.6425828314232639e-16,-1.7774351037335387e-15,2.2294613124608444e-15,No,0,SW
2015.0833333333335,-2.124147649337406e-16,1.4897557233887626e-16,6.343919259486434e-17,-1.7774351037335387e-15,2.2294613124608444e-15,No,0,SW
2015.1666666666667,-3.246026858885837e-16,1.476247443884732e-16,1.7697794150011051e-16,-1.7774351037335387e-15,2.2294613124608444e-15,No,0,SW
2015.25,-6.164219978111636e-16,1.4627391643807015e-16,8,-1.7774351037335387e-15,2.2294613124608444e-15,No,7.999999999999999,SW
2015.3333333333335,1.0515662712436959e-16,1.4492308848766712e-16,12,-1.7774351037335387e-15,2.2294613124608444e-15,No,12,SW
2015.4166666666667,-5.167096240062529e-17,1.4357226053726407e-16,6,-1.7774351037335387e-15,2.2294613124608444e-15,No,6,SW
2015.5,-7.335113779848314e-16,1.4222143258686102e-16,5.000000000000001,-1.7774351037335387e-15,2.2294613124608444e-15,No,5,SW
2015.5833333333335,9.487689765490471e-16,1.3954824314814238e-16,8.999999999999998,-1.7774351037335387e-15,2.2294613124608444e-15,No,9,SW
2015.6666666666667,1.759673419138259e-15,1.3687505370942373e-16,-1.896548472847683e-15,-1.7774351037335387e-15,2.2294613124608444e-15,No,-1.9721522630525295e-31,SW
2015.75,1.8074118634177018e-17,1.342018642707051e-16,9,-1.7774351037335387e-15,2.2294613124608444e-15,No,9,SW
2015.8333333333335,-5.798528504511363e-16,1.3152867483198644e-16,23,-1.7774351037335387e-15,2.2294613124608444e-15,No,23,SW
2015.9166666666667,1.386228660640558e-18,1.288554853932678e-16,21,-1.7774351037335387e-15,2.2294613124608444e-15,No,21,SW
2016,-3.145846834316057e-16,1.2618229595454915e-16,23,-1.7774351037335387e-15,2.2294613124608444e-15,No,23,SW
2016.0833333333335,-2.124147649337406e-16,1.2350910651583052e-16,3,-1.7774351037335387e-15,2.2294613124608444e-15,No,3,SW
2016.1666666666667,-3.246026858885837e-16,1.2083591707711189e-16,2.0376676881147183e-16,-1.7774351037335387e-15,2.2294613124608444e-15,No,0,SW
2016.25,-6.164219978111636e-16,1.1816272763839323e-16,4.982592701727704e-16,-1.7774351037335387e-15,2.2294613124608444e-15,No,0,SW
2016.3333333333335,1.0515662712436959e-16,1.154895381996746e-16,-2.2064616532404419e-16,-1.7774351037335387e-15,2.2294613124608444e-15,No,0,SW
2016.4166666666667,-5.167096240062529e-17,1.1281634876095594e-16,1.9999999999999998,-1.7774351037335387e-15,2.2294613124608444e-15,No,2,SW
2016.5,-7.335113779848314e-16,1.1014315932223731e-16,1.0000000000000007,-1.7774351037335387e-15,2.2294613124608444e-15,No,0.9999999999999999,SW
2016.5833333333335,9.487689765490471e-16,1.0746996988351866e-16,11.999999999999998,-1.7774351037335387e-15,2.2294613124608444e-15,No,12,SW
2016.6666666666667,1.759673419138259e-15,1.0479678044480002e-16,-1.864470199583059e-15,-1.7774351037335387e-15,2.2294613124608444e-15,No,0,SW
2016.75,1.8074118634177018e-17,1.0208898985844345e-16,-1.2016310849262047e-16,-1.7774351037335387e-15,2.2294613124608444e-15,No,3.0814879110195774e-33,SW
2016.8333333333335,-5.798528504511363e-16,9.938119927208689e-17,1.0000000000000007,-1.7774351037335387e-15,2.2294613124608444e-15,No,1,SW
2016.9166666666667,1.386228660640558e-18,9.667340868573032e-17,13,-1.7774351037335387e-15,2.2294613124608444e-15,No,13,SW
2017,-3.145846834316057e-16,9.396561809937374e-17,2.0000000000000004,-1.7774351037335387e-15,2.2294613124608444e-15,No,2,SW
2017.0833333333335,-2.124147649337406e-16,9.125782751301718e-17,1.2115693742072341e-16,-1.7774351037335387e-15,2.2294613124608444e-15,No,-2.465190328815662e-32,SW
2017.1666666666667,-3.246026858885837e-16,8.855003692666061e-17,2.360526489619231e-16,-1.7774351037335387e-15,2.2294613124608444e-15,No,0,SW
2017.25,-6.164219978111636e-16,8.584224634030405e-17,3.0000000000000004,-1.7774351037335387e-15,2.2294613124608444e-15,No,3,SW
2017.3333333333335,1.0515662712436959e-16,8.313445575394748e-17,24,-1.7774351037335387e-15,2.2294613124608444e-15,No,24,SW
2017.4166666666667,-5.167096240062529e-17,8.042666516759091e-17,18,-1.7774351037335387e-15,2.2294613124608444e-15,Yes,18,SW
2017.5,-7.335113779848314e-16,7.771887458123434e-17,6.557925034035971e-16,-1.7774351037335387e-15,2.2294613124608444e-15,No,9.860761315262648e-32,SW
2017.5833333333335,9.487689765490471e-16,7.501108399487777e-17,0.9999999999999989,-1.7774351037335387e-15,2.2294613124608444e-15,No,1,SW
2017.6666666666667,1.759673419138259e-15,7.23032934085212e-17,-1.8319767125467803e-15,-1.7774351037335387e-15,2.2294613124608444e-15,No,0,SW
2017.75,1.8074118634177018e-17,6.959550282216464e-17,0.9999999999999999,-1.7774351037335387e-15,2.2294613124608444e-15,No,1,SW
2017.8333333333335,-5.798528504511363e-16,6.688771223580807e-17,4.000000000000001,-1.7774351037335387e-15,2.2294613124608444e-15,No,4,SW
2017.9166666666667,1.386228660640558e-18,6.60018010786514e-17,-6.738802973929195e-17,-1.7774351037335387e-15,2.2294613124608444e-15,No,-1.925929944387236e-34,SW
2018,-3.145846834316057e-16,6.511588992149473e-17,2.4946879351011096e-16,-1.7774351037335387e-15,2.2294613124608444e-15,No,0,SW
2018.0833333333335,-2.124147649337406e-16,6.422997876433805e-17,1.4818478616940255e-16,-1.7774351037335387e-15,2.2294613124608444e-15,No,0,SW
2018.1666666666667,-3.246026858885837e-16,6.334406760718138e-17,2.6125861828140236e-16,-1.7774351037335387e-15,2.2294613124608444e-15,No,0,SW
2018.25,-6.164219978111636e-16,6.24581564500247e-17,5.539638413611389e-16,-1.7774351037335387e-15,2.2294613124608444e-15,No,0,SW
2018.3333333333335,1.0515662712436959e-16,6.157224529286804e-17,-1.6672887241723762e-16,-1.7774351037335387e-15,2.2294613124608444e-15,No,0,SW
2018.4166666666667,-5.167096240062529e-17,6.068633413571136e-17,-9.015371735086069e-18,-1.7774351037335387e-15,2.2294613124608444e-15,No,0,SW
2018.5,-7.335113779848314e-16,5.980042297855468e-17,1.0000000000000007,-1.7774351037335387e-15,2.2294613124608444e-15,No,0.9999999999999999,SW
2018.5833333333335,9.487689765490471e-16,5.891451182139802e-17,-1.007683488370445e-15,-1.7774351037335387e-15,2.2294613124608444e-15,No,0,SW
2018.6666666666667,1.759673419138259e-15,5.802860066424134e-17,4.999999999999998,-1.7774351037335387e-15,2.2294613124608444e-15,No,5,SW
2018.75,1.8074118634177018e-17,5.714268950708466e-17,5,-1.7774351037335387e-15,2.2294613124608444e-15,No,5,SW
2018.8333333333335,-5.798528504511363e-16,5.625677834992799e-17,5.235960721012083e-16,-1.7774351037335387e-15,2.2294613124608444e-15,No,0,SW
2018.9166666666667,1.386228660640558e-18,5.5370867192771315e-17,-5.675709585341187e-17,-1.7774351037335387e-15,2.2294613124608444e-15,No,5.970382827600431e-33,SW
2019,-3.145846834316057e-16,5.4484956035614644e-17,2.6009972739599103e-16,-1.7774351037335387e-15,2.2294613124608444e-15,No,0,SW
2019.0833333333335,-2.124147649337406e-16,5.55547448620754e-17,3,-1.7774351037335387e-15,2.2294613124608444e-15,No,3,SW
2019.1666666666667,-3.246026858885837e-16,5.662453368853615e-17,2.0000000000000004,-1.7774351037335387e-15,2.2294613124608444e-15,No,2,SW
2019.25,-6.164219978111636e-16,5.769432251499692e-17,5.587276752961667e-16,-1.7774351037335387e-15,2.2294613124608444e-15,No,0,SW
2019.3333333333335,1.0515662712436959e-16,5.876411134145768e-17,-1.6392073846582728e-16,-1.7774351037335387e-15,2.2294613124608444e-15,No,-1.232595164407831e-32,SW
2019.4166666666667,-5.167096240062529e-17,5.983390016791843e-17,-8.162937767293137e-18,-1.7774351037335387e-15,2.2294613124608444e-15,No,0,SW
2019.5,-7.335113779848314e-16,6.090368899437919e-17,1.0000000000000007,-1.7774351037335387e-15,2.2294613124608444e-15,No,0.9999999999999999,SW
2019.5833333333335,9.487689765490471e-16,6.197347782083994e-17,-1.010742454369887e-15,-1.7774351037335387e-15,2.2294613124608444e-15,No,0,SW
2019.6666666666667,1.759673419138259e-15,6.30432666473007e-17,-1.82271668578556e-15,-1.7774351037335387e-15,2.2294613124608444e-15,No,-1.9721522630525295e-31,SW
2019.75,1.8074118634177018e-17,6.411305547376146e-17,-8.218717410793848e-17,-1.7774351037335387e-15,2.2294613124608444e-15,No,3.0814879110195774e-33,SW
2019.8333333333335,-5.798528504511363e-16,6.518284430022221e-17,5.146700061509141e-16,-1.7774351037335387e-15,2.2294613124608444e-15,No,0,SW
2019.9166666666667,1.386228660640558e-18,6.625263312668297e-17,-6.763886178732353e-17,-1.7774351037335387e-15,2.2294613124608444e-15,No,-1.925929944387236e-34,SW
2020,-3.145846834316057e-16,6.732242195314373e-17,1.0000000000000002,-1.7774351037335387e-15,2.2294613124608444e-15,No,0.9999999999999999,SW
2020.0833333333335,-2.124147649337406e-16,6.839221077960448e-17,6,-1.7774351037335387e-15,2.2294613124608444e-15,No,6,SW
2020.1666666666667,-3.246026858885837e-16,6.946199960606524e-17,2.551406862825185e-16,-1.7774351037335387e-15,2.2294613124608444e-15,No,0,SW
2020.25,-6.164219978111636e-16,6.346309327258462e-17,5.52958904538579e-16,-1.7774351037335387e-15,2.2294613124608444e-15,No,0,SW
2020.3333333333335,1.0515662712436959e-16,5.7464186939104e-17,32,-1.7774351037335387e-15,2.2294613124608444e-15,Yes,32,SW
2020.4166666666667,-5.167096240062529e-17,5.146528060562337e-17,2.0568179500191969e-19,-1.7774351037335387e-15,2.2294613124608444e-15,No,0,SW
2020.5,-7.335113779848314e-16,4.5466374272142746e-17,7.000000000000001,-1.7774351037335387e-15,2.2294613124608444e-15,No,7,SW
2020.5833333333335,9.487689765490471e-16,3.946746793866212e-17,2.999999999999999,-1.7774351037335387e-15,2.2294613124608444e-15,No,3,SW
2020.6666666666667,1.759673419138259e-15,3.3468561605181496e-17,-1.7931419807434405e-15,-1.7774351037335387e-15,2.2294613124608444e-15,No,0,SW
2020.75,1.8074118634177018e-17,2.7469655271700872e-17,1,-1.7774351037335387e-15,2.2294613124608444e-15,No,1,SW
2020.8333333333335,-5.798528504511363e-16,2.1470748938220247e-17,4.000000000000001,-1.7774351037335387e-15,2.2294613124608444e-15,No,4,SW
2020.9166666666667,1.386228660640558e-18,1.5471842604739623e-17,4,-1.7774351037335387e-15,2.2294613124608444e-15,No,4,SW
2021,-3.145846834316057e-16,9.472936271258998e-18,3.051117471603467e-16,-1.7774351037335387e-15,2.2294613124608444e-15,No,0,SW
2021.0833333333335,-2.124147649337406e-16,3.4740299377783736e-18,2.0894073499596223e-16,-1.7774351037335387e-15,2.2294613124608444e-15,No,0,SW
2021.1666666666667,-3.246026858885837e-16,-2.524876395702251e-18,3.27127562284286e-16,-1.7774351037335387e-15,2.2294613124608444e-15,No,0,SW
2021.25,-6.164219978111636e-16,-8.523782729182876e-18,21,-1.7774351037335387e-15,2.2294613124608444e-15,No,21,SW
2021.3333333333335,1.0515662712436959e-16,-1.4522689062663506e-17,0.9999999999999999,-1.7774351037335387e-15,2.2294613124608444e-15,No,1,SW
2021.4166666666667,-5.167096240062529e-17,-2.234758706316822e-17,7.401854946379351e-17,-1.7774351037335387e-15,2.2294613124608444e-15,No,0,SW
2021.5,-7.335113779848314e-16,-3.0172485063672934e-17,7.636838630485043e-16,-1.7774351037335387e-15,2.2294613124608444e-15,No,0,SW
2021.5833333333335,9.487689765490471e-16,-3.7997383064177645e-17,-9.107715934848695e-16,-1.7774351037335387e-15,2.2294613124608444e-15,No,0,SW
2021.6666666666667,1.759673419138259e-15,-4.582228106468236e-17,17,-1.7774351037335387e-15,2.2294613124608444e-15,No,17,SW
2021.75,1.8074118634177018e-17,-5.364717906518708e-17,1,-1.7774351037335387e-15,2.2294613124608444e-15,No,1,SW
2021.8333333333335,-5.798528504511363e-16,-6.147207706569179e-17,6.41324927516828e-16,-1.7774351037335387e-15,2.2294613124608444e-15,No,0,SW
2021.9166666666667,1.386228660640558e-18,-6.92969750661965e-17,6.791074640555594e-17,-1.7774351037335387e-15,2.2294613124608444e-15,No,-1.925929944387236e-34,SW
2022,-3.145846834316057e-16,-7.712187306670122e-17,3.9170655649830692e-16,-1.7774351037335387e-15,2.2294613124608444e-15,No,0,SW
2022.0833333333335,-2.124147649337406e-16,-8.494677106720593e-17,1.0000000000000002,-1.7774351037335387e-15,2.2294613124608444e-15,No,1,SW
2022.1666666666667,-3.246026858885837e-16,-9.277166906771065e-17,4.1737435495629437e-16,-1.7774351037335387e-15,2.2294613124608444e-15,No,0,SW
2022.25,-6.164219978111636e-16,-1.0059656706821536e-16,7.17018564879379e-16,-1.7774351037335387e-15,2.2294613124608444e-15,No,0,SW
2022.3333333333335,1.0515662712436959e-16,-1.0842146506872007e-16,4,-1.7774351037335387e-15,2.2294613124608444e-15,No,4,SW
2022.4166666666667,-5.167096240062529e-17,-1.1624636306922478e-16,13,-1.7774351037335387e-15,2.2294613124608444e-15,No,13,SW
2022.5,-7.335113779848314e-16,-1.2407126106972951e-16,3.000000000000001,-1.7774351037335387e-15,2.2294613124608444e-15,No,3,SW
2022.5833333333335,9.487689765490471e-16,-1.3134871930060562e-16,0.9999999999999991,-1.7774351037335387e-15,2.2294613124608444e-15,No,1,SW
2022.6666666666667,1.759673419138259e-15,-1.3862617753148173e-16,17,-1.7774351037335387e-15,2.2294613124608444e-15,No,17,SW
2022.75,1.8074118634177018e-17,-1.4590363576235787e-16,1.2782951712818085e-16,-1.7774351037335387e-15,2.2294613124608444e-15,No,3.0814879110195774e-33,SW
2022.8333333333335,-5.798528504511363e-16,-1.5318109399323398e-16,5.000000000000001,-1.7774351037335387e-15,2.2294613124608444e-15,No,5,SW
2022.9166666666667,1.386228660640558e-18,-1.6045855222411009e-16,18,-1.7774351037335387e-15,2.2294613124608444e-15,No,18,SW
2023,-3.145846834316057e-16,-1.677360104549862e-16,3.0000000000000004,-1.7774351037335387e-15,2.2294613124608444e-15,No,3,SW
2023.0833333333335,-2.124147649337406e-16,-1.750134686858623e-16,2,-1.7774351037335387e-15,2.2294613124608444e-15,No,1.9999999999999996,SW
2023.1666666666667,-3.246026858885837e-16,-1.8229092691673841e-16,22,-1.7774351037335387e-15,2.2294613124608444e-15,No,22,SW
2023.25,-6.164219978111636e-16,-1.8956838514761455e-16,12,-1.7774351037335387e-15,2.2294613124608444e-15,No,12,SW
2023.3333333333335,1.0515662712436959e-16,-1.9684584337849066e-16,18,-1.7774351037335387e-15,2.2294613124608444e-15,No,18,SW
2023.4166666666667,-5.167096240062529e-17,-2.0412330160936677e-16,20,-1.7774351037335387e-15,2.2294613124608444e-15,No,20,SW
2023.5,-7.335113779848314e-16,-2.1140075984024288e-16,1.0000000000000009,-1.7774351037335387e-15,2.2294613124608444e-15,No,0.9999999999999999,SW
2023.5833333333335,9.487689765490471e-16,-2.1867821807111899e-16,1.9999999999999993,-1.7774351037335387e-15,2.2294613124608444e-15,No,2,SW
2023.6666666666667,1.759673419138259e-15,-2.259556763019951e-16,7.999999999999998,-1.7774351037335387e-15,2.2294613124608444e-15,Yes,8,SW
2023.75,1.8074118634177018e-17,-2.336339589121205e-16,14,-1.7774351037335387e-15,2.2294613124608444e-15,No,14,SW
2023.8333333333335,-5.798528504511363e-16,-2.413122415222459e-16,5.000000000000001,-1.7774351037335387e-15,2.2294613124608444e-15,No,5,SW
2023.9166666666667,1.386228660640558e-18,-2.4899052413237127e-16,21,-1.7774351037335387e-15,2.2294613124608444e-15,No,21,SW
2024,-3.145846834316057e-16,-2.5666880674249667e-16,6,-1.7774351037335387e-15,2.2294613124608444e-15,No,6,SW
2024.0833333333335,-2.124147649337406e-16,-2.6434708935262206e-16,4.767618542863626e-16,-1.7774351037335387e-15,2.2294613124608444e-15,No,-2.465190328815662e-32,SW
2024.1666666666667,-3.246026858885837e-16,-2.7202537196274746e-16,1.0000000000000004,-1.7774351037335387e-15,2.2294613124608444e-15,No,0.9999999999999999,SW
2024.25,-6.164219978111636e-16,-2.797036545728728e-16,20,-1.7774351037335387e-15,2.2294613124608444e-15,No,20,SW
2024.3333333333335,1.0515662712436959e-16,-2.873819371829982e-16,1.8222531005862862e-16,-1.7774351037335387e-15,2.2294613124608444e-15,No,0,SW
2024.4166666666667,-5.167096240062529e-17,-2.950602197931236e-16,3.467311821937489e-16,-1.7774351037335387e-15,2.2294613124608444e-15,No,1.232595164407831e-32,SW
2024.5,-7.335113779848314e-16,-3.02738502403249e-16,1.0000000000000009,-1.7774351037335387e-15,2.2294613124608444e-15,No,0.9999999999999999,SW
2024.5833333333335,9.487689765490471e-16,-3.104167850133744e-16,-6.383521915356728e-16,-1.7774351037335387e-15,2.2294613124608444e-15,No,0,SW
2024.6666666666667,1.759673419138259e-15,-3.1809506762349976e-16,-1.4415783515147592e-15,-1.7774351037335387e-15,2.2294613124608444e-15,No,0,SW
2024.75,1.8074118634177018e-17,-3.2577335023362516e-16,8,-1.7774351037335387e-15,2.2294613124608444e-15,No,8,SW
2024.8333333333335,-5.798528504511363e-16,-3.3345163284375055e-16,26,-1.7774351037335387e-15,2.2294613124608444e-15,No,26,SW
2024.9166666666667,1.386228660640558e-18,-3.420374873555901e-16,7,-1.7774351037335387e-15,2.2294613124608444e-15,No,7,SW
2025,-3.145846834316057e-16,-3.5062334186742955e-16,13,-1.7774351037335387e-15,2.2294613124608444e-15,No,13,SW
2025.0833333333335,-2.124147649337406e-16,-3.592091963792691e-16,1.0000000000000007,-1.7774351037335387e-15,2.2294613124608444e-15,No,1,SW
2025.1666666666667,-3.246026858885837e-16,-3.677950508911086e-16,5,-1.7774351037335387e-15,2.2294613124608444e-15,No,5,SW
2025.25,-6.164219978111636e-16,-3.763809054029481e-16,8,-1.7774351037335387e-15,2.2294613124608444e-15,No,7.999999999999999,SW
2025.3333333333335,1.0515662712436959e-16,-3.849667599147876e-16,3.0000000000000004,-1.7774351037335387e-15,2.2294613124608444e-15,No,3,SW
2025.4166666666667,-5.167096240062529e-17,-3.935526144266271e-16,3.0000000000000004,-1.7774351037335387e-15,2.2294613124608444e-15,No,3,SW
2025.5,-7.335113779848314e-16,-4.021384689384666e-16,4.000000000000001,-1.7774351037335387e-15,2.2294613124608444e-15,No,4,SW
2025.5833333333335,9.487689765490471e-16,-4.1072432345030613e-16,5.999999999999999,-1.7774351037335387e-15,2.2294613124608444e-15,Yes,6,SW
2025.6666666666667,1.759673419138259e-15,-4.193101779621456e-16,-1.3403632411761135e-15,-1.7774351037335387e-15,2.2294613124608444e-15,No,0,SW
2025.75,1.8074118634177018e-17,-4.2789603247398513e-16,1.0000000000000004,-1.7774351037335387e-15,2.2294613124608444e-15,No,1,SW
2025.8333333333335,-5.798528504511363e-16,-4.364818869858246e-16,2.000000000000001,-1.7774351037335387e-15,2.2294613124608444e-15,No,1.9999999999999998,SW
2025.9166666666667,1.386228660640558e-18,-4.450677414976641e-16,4.436815128370236e-16,-1.7774351037335387e-15,2.2294613124608444e-15,No,1.2133358649639586e-32,SW
1981.6666666666667,-0.058380787850813715,-0.005195932198095888,0.0635767200489096,-0.18648263311161223,0.21909513771132383,No,0,S
1981.75,-0.06921799539337785,-0.004247428833275304,0.07346542422665316,-0.18648263311161223,0.21909513771132383,No,0,S
1981.8333333333335,-0.008328010990294057,-0.003298925468454719,1.011626936458749,-0.18648263311161223,0.21909513771132383,No,1,S
1981.9166666666667,-0.020990357908343825,-0.0023504221036341347,0.02334078001197796,-0.18648263311161223,0.21909513771132383,No,0,S
1982,-0.07124720821709227,-0.00140191873881355,0.07264912695590582,-0.18648263311161223,0.21909513771132383,No,0,S
1982.0833333333335,-0.07391096930869029,-4.534153739929656e-4,0.07436438468268325,-0.18648263311161223,0.21909513771132383,No,0,S
1982.1666666666667,-0.10143584266442925,4.950879908276189e-4,0.10094075467360163,-0.18648263311161223,0.21909513771132383,No,0,S
1982.25,-0.04499599354093351,0.0014435913556482033,0.043552402185285305,-0.18648263311161223,0.21909513771132383,No,0,S
1982.3333333333335,-0.0333716940276369,0.002392094720468788,12.030979599307168,-0.18648263311161223,0.21909513771132383,Yes,12,S
1982.4166666666667,0.0010688625471821998,0.0033405980852893725,-0.004409460632471572,-0.18648263311161223,0.21909513771132383,No,2.168404344971009e-19,S
1982.5,-0.06235800465490854,0.004289101450109957,0.05806890320479858,-0.18648263311161223,0.21909513771132383,No,0,S
1982.5833333333335,0.5431680173651895,0.005237604814930541,-0.54840562218012,-0.18648263311161223,0.21909513771132383,No,0,S
1982.6666666666667,-0.058380787850813715,0.006186108179751126,7.052194679671063,-0.18648263311161223,0.21909513771132383,Yes,7,S
1982.75,-0.06921799539337785,0.0071346115445717105,0.062083383848806135,-0.18648263311161223,0.21909513771132383,No,0,S
1982.8333333333335,-0.008328010990294057,0.008083114909392296,2.4489608090176064e-4,-0.18648263311161223,0.21909513771132383,No,0,S
1982.9166666666667,-0.020990357908343825,0.008896907098501623,0.012093450809842202,-0.18648263311161223,0.21909513771132383,No,0,S
1983,-0.07124720821709227,0.00971069928761095,0.061536508929481315,-0.18648263311161223,0.21909513771132383,No,0,S
1983.0833333333335,-0.07391096930869029,0.010524491476720277,0.06338647783197002,-0.18648263311161223,0.21909513771132383,No,0,S
1983.1666666666667,-0.10143584266442925,0.011338283665829603,5.0900975589985995,-0.18648263311161223,0.21909513771132383,Yes,5,S
1983.25,-0.04499599354093351,0.01215207585493893,0.03284391768599458,-0.18648263311161223,0.21909513771132383,No,0,S
1983.3333333333335,-0.0333716940276369,0.012965868044048257,0.020405825983588644,-0.18648263311161223,0.21909513771132383,No,0,S
1983.4166666666667,0.0010688625471821998,0.013779660233157583,-0.014848522780339782,-0.18648263311161223,0.21909513771132383,No,6.505213034913027e-19,S
1983.5,-0.06235800465490854,0.014593452422266909,0.04776455223264163,-0.18648263311161223,0.21909513771132383,No,0,S
1983.5833333333335,0.5431680173651895,0.015407244611376237,-0.5585752619765657,-0.18648263311161223,0.21909513771132383,No,0,S
1983.6666666666667,-0.058380787850813715,0.016221036800485564,0.042159751050328154,-0.18648263311161223,0.21909513771132383,No,0,S
1983.75,-0.06921799539337785,0.01703482898959489,1.0521831664037828,-0.18648263311161223,0.21909513771132383,No,1,S
1983.8333333333335,-0.008328010990294057,0.017848621178704217,8.99047938981159,-0.18648263311161223,0.21909513771132383,Yes,9,S
1983.9166666666667,-0.020990357908343825,0.018662413367813543,0.002327944540530282,-0.18648263311161223,0.21909513771132383,No,0,S
1984,-0.07124720821709227,0.01947620555692287,0.0517710026601694,-0.18648263311161223,0.21909513771132383,No,0,S
1984.0833333333335,-0.07391096930869029,0.02024453622372159,0.0536664330849687,-0.18648263311161223,0.21909513771132383,No,0,S
1984.1666666666667,-0.10143584266442925,0.021012866890520312,0.08042297577390893,-0.18648263311161223,0.21909513771132383,No,0,S
1984.25,-0.04499599354093351,0.02178119755731903,0.02321479598361448,-0.18648263311161223,0.21909513771132383,No,0,S
1984.3333333333335,-0.0333716940276369,0.02254952822411775,0.010822165803519149,-0.18648263311161223,0.21909513771132383,No,0,S
1984.4166666666667,0.0010688625471821998,0.023317858890916473,-0.024386721438098672,-0.18648263311161223,0.21909513771132383,No,6.505213034913027e-19,S
1984.5,-0.06235800465490854,0.024086189557715194,0.038271815097193344,-0.18648263311161223,0.21909513771132383,No,0,S
1984.5833333333335,0.5431680173651895,0.024854520224513912,-0.5680225375897034,-0.18648263311161223,0.21909513771132383,No,0,S
1984.6666666666667,-0.058380787850813715,0.025622850891312634,0.03275793695950108,-0.18648263311161223,0.21909513771132383,No,0,S
1984.75,-0.06921799539337785,0.026391181558111355,0.04282681383526649,-0.18648263311161223,0.21909513771132383,No,0,S
1984.8333333333335,-0.008328010990294057,0.027159512224910077,-0.01883150123461602,-0.18648263311161223,0.21909513771132383,No,-1.734723475976807e-18,S
1984.9166666666667,-0.020990357908343825,0.0279278428917088,-0.0069374849833649735,-0.18648263311161223,0.21909513771132383,No,0,S
1985,-0.07124720821709227,0.028696173558507516,0.04255103465858475,-0.18648263311161223,0.21909513771132383,No,0,S
1985.0833333333335,-0.07391096930869029,0.029464504225306238,0.044446465083384054,-0.18648263311161223,0.21909513771132383,No,0,S
1985.1666666666667,-0.10143584266442925,0.03023283489210496,0.07120300777232429,-0.18648263311161223,0.21909513771132383,No,0,S
1985.25,-0.04499599354093351,0.031007646843174256,0.013988346697759255,-0.18648263311161223,0.21909513771132383,No,0,S
1985.3333333333335,-0.0333716940276369,0.03178245879424355,0.0015892352333933477,-0.18648263311161223,0.21909513771132383,No,0,S
1985.4166666666667,0.0010688625471821998,0.032557270745312845,-0.033626133292495045,-0.18648263311161223,0.21909513771132383,No,6.505213034913027e-19,S
1985.5,-0.06235800465490854,0.03333208269638214,0.0290259219585264,-0.18648263311161223,0.21909513771132383,No,0,S
1985.5833333333335,0.5431680173651895,0.03410689464745143,-0.5772749120126409,-0.18648263311161223,0.21909513771132383,No,0,S
1985.6666666666667,-0.058380787850813715,0.03488170659852073,2.023499081252293,-0.18648263311161223,0.21909513771132383,No,1.9999999999999998,S
1985.75,-0.06921799539337785,0.035656518549590024,1.0335614768437877,-0.18648263311161223,0.21909513771132383,No,1,S
1985.8333333333335,-0.008328010990294057,0.03643133050065932,-0.02810331951036526,-0.18648263311161223,0.21909513771132383,No,1.734723475976807e-18,S
1985.9166666666667,-0.020990357908343825,0.03720614245172862,-0.016215784543384792,-0.18648263311161223,0.21909513771132383,No,0,S
1986,-0.07124720821709227,0.03798095440279791,0.03326625381429436,-0.18648263311161223,0.21909513771132383,No,0,S
1986.0833333333335,-0.07391096930869029,0.0387557663538672,0.035155202954823085,-0.18648263311161223,0.21909513771132383,No,0,S
1986.1666666666667,-0.10143584266442925,0.039530578304936496,0.06190526435949275,-0.18648263311161223,0.21909513771132383,No,0,S
1986.25,-0.04499599354093351,0.040305390256005796,0.004690603284927715,-0.18648263311161223,0.21909513771132383,No,0,S
1986.3333333333335,-0.0333716940276369,0.04108020220707509,-0.007708508179438189,-0.18648263311161223,0.21909513771132383,No,0,S
1986.4166666666667,0.0010688625471821998,0.04151040387063917,-0.04257926641782137,-0.18648263311161223,0.21909513771132383,No,6.505213034913027e-19,S
1986.5,-0.06235800465490854,0.041940605534203264,0.020417399120705275,-0.18648263311161223,0.21909513771132383,No,0,S
1986.5833333333335,0.5431680173651895,0.042370807197767354,-0.5855388245629568,-0.18648263311161223,0.21909513771132383,No,0,S
1986.6666666666667,-0.058380787850813715,0.04280100886133144,0.015579778989482276,-0.18648263311161223,0.21909513771132383,No,0,S
1986.75,-0.06921799539337785,0.04323121052489552,0.025986784868482327,-0.18648263311161223,0.21909513771132383,No,0,S
1986.8333333333335,-0.008328010990294057,0.04366141218845961,-0.035333401198165554,-0.18648263311161223,0.21909513771132383,No,1.734723475976807e-18,S
1986.9166666666667,-0.020990357908343825,0.0440916138520237,-0.02310125594367988,-0.18648263311161223,0.21909513771132383,No,0,S
1987,-0.07124720821709227,0.04452181551558779,0.02672539270150448,-0.18648263311161223,0.21909513771132383,No,0,S
1987.0833333333335,-0.07391096930869029,0.04495201717915187,0.028958952129538418,-0.18648263311161223,0.21909513771132383,No,0,S
1987.1666666666667,-0.10143584266442925,0.04538221884271596,11.056053623821713,-0.18648263311161223,0.21909513771132383,Yes,11,S
1987.25,-0.04499599354093351,0.04581242050628005,-8.164269653465409e-4,-0.18648263311161223,0.21909513771132383,No,0,S
1987.3333333333335,-0.0333716940276369,0.046242622169844136,-0.012870928142207236,-0.18648263311161223,0.21909513771132383,No,0,S
1987.4166666666667,0.0010688625471821998,0.04667282383340822,-0.04774168638059042,-0.18648263311161223,0.21909513771132383,No,6.505213034913027e-19,S
1987.5,-0.06235800465490854,0.04710302549697231,4.015254979157936,-0.18648263311161223,0.21909513771132383,No,3.9999999999999996,S
1987.5833333333335,0.5431680173651895,0.047066693851133865,1.4097652887836767,-0.18648263311161223,0.21909513771132383,No,2,S
1987.6666666666667,-0.058380787850813715,0.04703036220529541,10.011350425645519,-0.18648263311161223,0.21909513771132383,Yes,10,S
1987.75,-0.06921799539337785,0.046994030559456966,0.022223964833920883,-0.18648263311161223,0.21909513771132383,No,0,S
1987.8333333333335,-0.008328010990294057,0.04695769891361852,-0.03862968792332446,-0.18648263311161223,0.21909513771132383,No,1.734723475976807e-18,S
1987.9166666666667,-0.020990357908343825,0.046921367267780074,-0.02593100935943625,-0.18648263311161223,0.21909513771132383,No,0,S
1988,-0.07124720821709227,0.04688503562194162,0.024362172595150645,-0.18648263311161223,0.21909513771132383,No,0,S
1988.0833333333335,-0.07391096930869029,0.046848703976103176,0.027062265332587113,-0.18648263311161223,0.21909513771132383,No,0,S
1988.1666666666667,-0.10143584266442925,0.04681237233026473,0.054623470334164516,-0.18648263311161223,0.21909513771132383,No,0,S
1988.25,-0.04499599354093351,0.04677604068442628,-0.0017800471434927662,-0.18648263311161223,0.21909513771132383,No,0,S
1988.3333333333335,-0.0333716940276369,0.04673970903858783,-0.013368015010950932,-0.18648263311161223,0.21909513771132383,No,0,S
1988.4166666666667,0.0010688625471821998,0.046703377392749386,-0.047772239939931585,-0.18648263311161223,0.21909513771132383,No,6.505213034913027e-19,S
1988.5,-0.06235800465490854,0.04666704574691094,1.0156909589079977,-0.18648263311161223,0.21909513771132383,No,1,S
1988.5833333333335,0.5431680173651895,0.04663071410107249,-0.5897987314662619,-0.18648263311161223,0.21909513771132383,No,0,S
1988.6666666666667,-0.058380787850813715,0.04659438245523404,0.011786405395579673,-0.18648263311161223,0.21909513771132383,No,0,S
1988.75,-0.06921799539337785,0.0465881075997977,0.022629887793580147,-0.18648263311161223,0.21909513771132383,No,0,S
1988.8333333333335,-0.008328010990294057,0.046581832744361354,-0.038253821754067295,-0.18648263311161223,0.21909513771132383,No,1.734723475976807e-18,S
1988.9166666666667,-0.020990357908343825,0.046575557888925014,-0.02558519998058119,-0.18648263311161223,0.21909513771132383,No,0,S
1989,-0.07124720821709227,0.04656928303348867,0.024677925183603594,-0.18648263311161223,0.21909513771132383,No,0,S
1989.0833333333335,-0.07391096930869029,0.04656300817805233,0.027347961130637956,-0.18648263311161223,0.21909513771132383,No,0,S
1989.1666666666667,-0.10143584266442925,0.046556733322615985,0.05487910934181326,-0.18648263311161223,0.21909513771132383,No,0,S
1989.25,-0.04499599354093351,0.046550458467179645,-0.0015544649262461338,-0.18648263311161223,0.21909513771132383,No,0,S
1989.3333333333335,-0.0333716940276369,0.046544183611743305,-0.013172489584106405,-0.18648263311161223,0.21909513771132383,No,0,S
1989.4166666666667,0.0010688625471821998,0.04653790875630696,-0.047606771303489157,-0.18648263311161223,0.21909513771132383,No,6.505213034913027e-19,S
1989.5,-0.06235800465490854,0.04653163390087062,16.015826370754038,-0.18648263311161223,0.21909513771132383,Yes,15.999999999999998,S
1989.5833333333335,0.5431680173651895,0.04652535904543428,4.410306623589376,-0.18648263311161223,0.21909513771132383,No,5,S
1989.6666666666667,-0.058380787850813715,0.046519084189997936,0.011861703660815778,-0.18648263311161223,0.21909513771132383,No,0,S
1989.75,-0.06921799539337785,0.04651280933456159,7.022705186058816,-0.18648263311161223,0.21909513771132383,Yes,7,S
1989.8333333333335,-0.008328010990294057,0.04650653447912525,-0.03817852348883119,-0.18648263311161223,0.21909513771132383,No,1.734723475976807e-18,S
1989.9166666666667,-0.020990357908343825,0.04651993948176023,-0.025529581573416407,-0.18648263311161223,0.21909513771132383,No,0,S
1990,-0.07124720821709227,0.046533344484395216,0.02471386373269705,-0.18648263311161223,0.21909513771132383,No,0,S
1990.0833333333335,-0.07391096930869029,0.046546749487030206,0.027364219821660082,-0.18648263311161223,0.21909513771132383,No,0,S
1990.1666666666667,-0.10143584266442925,0.04656015448966519,1.054875688174764,-0.18648263311161223,0.21909513771132383,No,1,S
1990.25,-0.04499599354093351,0.04657355949230017,-0.001577565951366662,-0.18648263311161223,0.21909513771132383,No,0,S
1990.3333333333335,-0.0333716940276369,0.04658696449493516,0.9867847295327018,-0.18648263311161223,0.21909513771132383,No,1,S
1990.4166666666667,0.0010688625471821998,0.04660036949757015,-0.04766923204475235,-0.18648263311161223,0.21909513771132383,No,6.505213034913027e-19,S
1990.5,-0.06235800465490854,0.04661377450020513,5.015744230154703,-0.18648263311161223,0.21909513771132383,Yes,5,S
1990.5833333333335,0.5431680173651895,0.046627179502840115,5.41020480313197,-0.18648263311161223,0.21909513771132383,Yes,6,S
1990.6666666666667,-0.058380787850813715,0.0466405845054751,0.011740203345338616,-0.18648263311161223,0.21909513771132383,No,0,S
1990.75,-0.06921799539337785,0.04665398950811008,0.022564005885267767,-0.18648263311161223,0.21909513771132383,No,0,S
1990.8333333333335,-0.008328010990294057,0.04666739451074507,-0.03833938352045101,-0.18648263311161223,0.21909513771132383,No,1.734723475976807e-18,S
1990.9166666666667,-0.020990357908343825,0.046680799513380056,-0.02569044160503623,-0.18648263311161223,0.21909513771132383,No,0,S
1991,-0.07124720821709227,0.04669420451601504,0.024553003701077228,-0.18648263311161223,0.21909513771132383,No,0,S
1991.0833333333335,-0.07391096930869029,0.04673936342168246,0.02717160588700783,-0.18648263311161223,0.21909513771132383,No,0,S
1991.1666666666667,-0.10143584266442925,0.04678452232734988,0.05465132033707937,-0.18648263311161223,0.21909513771132383,No,0,S
1991.25,-0.04499599354093351,0.0468296812330173,-0.0018336876920837866,-0.18648263311161223,0.21909513771132383,No,0,S
1991.3333333333335,-0.0333716940276369,0.04687484013868472,-0.013503146111047817,-0.18648263311161223,0.21909513771132383,No,0,S
1991.4166666666667,0.0010688625471821998,0.04691999904435214,-0.047988861591534336,-0.18648263311161223,0.21909513771132383,No,6.505213034913027e-19,S
1991.5,-0.06235800465490854,0.046965157950019557,0.015392846704888982,-0.18648263311161223,0.21909513771132383,No,0,S
1991.5833333333335,0.5431680173651895,0.047010316855686976,14.409821665779123,-0.18648263311161223,0.21909513771132383,Yes,15,S
1991.6666666666667,-0.058380787850813715,0.0470554757613544,7.011325312089459,-0.18648263311161223,0.21909513771132383,Yes,7,S
1991.75,-0.06921799539337785,0.04710063466702182,0.022117360726356027,-0.18648263311161223,0.21909513771132383,No,0,S
1991.8333333333335,-0.008328010990294057,0.04714579357268924,-0.03881778258239518,-0.18648263311161223,0.21909513771132383,No,1.734723475976807e-18,S
1991.9166666666667,-0.020990357908343825,0.04719095247835666,-0.026200594570012836,-0.18648263311161223,0.21909513771132383,No,0,S
1992,-0.07124720821709227,0.04723611138402408,0.024011096833068186,-0.18648263311161223,0.21909513771132383,No,0,S
1992.0833333333335,-0.07391096930869029,0.0472812702896915,0.02662969901899879,-0.18648263311161223,0.21909513771132383,No,0,S
1992.1666666666667,-0.10143584266442925,0.04732642919535892,0.054109413469070326,-0.18648263311161223,0.21909513771132383,No,0,S
1992.25,-0.04499599354093351,0.04739082737595695,-0.0023948338350234383,-0.18648263311161223,0.21909513771132383,No,0,S
1992.3333333333335,-0.0333716940276369,0.04745522555655498,-0.01408353152891808,-0.18648263311161223,0.21909513771132383,No,0,S
1992.4166666666667,0.0010688625471821998,0.047519623737153,-0.0485884862843352,-0.18648263311161223,0.21909513771132383,No,6.505213034913027e-19,S
1992.5,-0.06235800465490854,0.04758402191775103,0.014773982737157507,-0.18648263311161223,0.21909513771132383,No,0,S
1992.5833333333335,0.5431680173651895,0.04764842009834906,-0.5908164374635385,-0.18648263311161223,0.21909513771132383,No,0,S
1992.6666666666667,-0.058380787850813715,0.04771281827894709,0.010667969571866623,-0.18648263311161223,0.21909513771132383,No,0,S
1992.75,-0.06921799539337785,0.047777216459545115,0.021440778933832734,-0.18648263311161223,0.21909513771132383,No,0,S
1992.8333333333335,-0.008328010990294057,0.047841614640143144,-0.039513603649849086,-0.18648263311161223,0.21909513771132383,No,1.734723475976807e-18,S
1992.9166666666667,-0.020990357908343825,0.047906012820741174,-0.02691565491239735,-0.18648263311161223,0.21909513771132383,No,0,S
1993,-0.07124720821709227,0.047970411001339204,0.023276797215753063,-0.18648263311161223,0.21909513771132383,No,0,S
1993.0833333333335,-0.07391096930869029,0.048034809181937234,0.025876160126753055,-0.18648263311161223,0.21909513771132383,No,0,S
1993.1666666666667,-0.10143584266442925,0.04809920736253526,0.05333663530189399,-0.18648263311161223,0.21909513771132383,No,0,S
1993.25,-0.04499599354093351,0.04816360554313329,-0.0031676120021997753,-0.18648263311161223,0.21909513771132383,No,0,S
1993.3333333333335,-0.0333716940276369,0.048228003723731316,-0.014856309696094416,-0.18648263311161223,0.21909513771132383,No,0,S
1993.4166666666667,0.0010688625471821998,0.04822219284739985,-0.04929105539458205,-0.18648263311161223,0.21909513771132383,No,6.505213034913027e-19,S
1993.5,-0.06235800465490854,0.048216381971068374,3.01414162268384,-0.18648263311161223,0.21909513771132383,No,3,S
1993.5833333333335,0.5431680173651895,0.048210571094736906,-0.5913785884599264,-0.18648263311161223,0.21909513771132383,No,0,S
1993.6666666666667,-0.058380787850813715,0.04820476021840544,0.010176027632408276,-0.18648263311161223,0.21909513771132383,No,0,S
1993.75,-0.06921799539337785,0.04819894934207397,0.021019046051303877,-0.18648263311161223,0.21909513771132383,No,0,S
1993.8333333333335,-0.008328010990294057,0.0481931384657425,-0.03986512747544844,-0.18648263311161223,0.21909513771132383,No,1.734723475976807e-18,S
1993.9166666666667,-0.020990357908343825,0.04818732758941103,-0.027196969681067204,-0.18648263311161223,0.21909513771132383,No,0,S
1994,-0.07124720821709227,0.04818151671307956,0.023065691504012706,-0.18648263311161223,0.21909513771132383,No,0,S
1994.0833333333335,-0.07391096930869029,0.04817570583674809,0.025735263471942202,-0.18648263311161223,0.21909513771132383,No,0,S
1994.1666666666667,-0.10143584266442925,0.04816989496041662,1.0532659477040127,-0.18648263311161223,0.21909513771132383,No,1,S
1994.25,-0.04499599354093351,0.04816408408408515,-0.00316809054315164,-0.18648263311161223,0.21909513771132383,No,0,S
1994.3333333333335,-0.0333716940276369,0.048158273207753684,-0.014786579180116784,-0.18648263311161223,0.21909513771132383,No,0,S
1994.4166666666667,0.0010688625471821998,0.04815246233142221,-0.04922132487860441,-0.18648263311161223,0.21909513771132383,No,6.505213034913027e-19,S
1994.5,-0.06235800465490854,0.04814665145509074,0.014211353199817797,-0.18648263311161223,0.21909513771132383,No,0,S
1994.5833333333335,0.5431680173651895,0.0481082733395773,-0.5912762907047668,-0.18648263311161223,0.21909513771132383,No,0,S
1994.6666666666667,-0.058380787850813715,0.04806989522406385,0.010310892626749862,-0.18648263311161223,0.21909513771132383,No,0,S
1994.75,-0.06921799539337785,0.04803151710855041,0.02118647828482744,-0.18648263311161223,0.21909513771132383,No,0,S
1994.8333333333335,-0.008328010990294057,0.04799313899303697,-0.03966512800274291,-0.18648263311161223,0.21909513771132383,No,1.734723475976807e-18,S
1994.9166666666667,-0.020990357908343825,0.047954760877523525,3.9730355970308207,-0.18648263311161223,0.21909513771132383,No,4,S
1995,-0.07124720821709227,0.04791638276201008,0.023330825455082187,-0.18648263311161223,0.21909513771132383,No,0,S
1995.0833333333335,-0.07391096930869029,0.047878004646496636,14.026032964662193,-0.18648263311161223,0.21909513771132383,Yes,14,S
1995.1666666666667,-0.10143584266442925,0.04783962653098319,0.053596216133446055,-0.18648263311161223,0.21909513771132383,No,0,S
1995.25,-0.04499599354093351,0.047801248415469746,5.997194745125463,-0.18648263311161223,0.21909513771132383,Yes,6,S
1995.3333333333335,-0.0333716940276369,0.0477628702999563,-0.014391176272319402,-0.18648263311161223,0.21909513771132383,No,0,S
1995.4166666666667,0.0010688625471821998,0.047724492184442864,-0.04879335473162506,-0.18648263311161223,0.21909513771132383,No,6.505213034913027e-19,S
1995.5,-0.06235800465490854,0.04768611406892942,0.01467189058597912,-0.18648263311161223,0.21909513771132383,No,0,S
1995.5833333333335,0.5431680173651895,0.047647735953415975,5.409184246681394,-0.18648263311161223,0.21909513771132383,Yes,6,S
1995.6666666666667,-0.058380787850813715,0.04760935783790253,0.010771430012911185,-0.18648263311161223,0.21909513771132383,No,0,S
1995.75,-0.06921799539337785,0.047625064950193446,3.0215929304431848,-0.18648263311161223,0.21909513771132383,No,3,S
1995.8333333333335,-0.008328010990294057,0.04764077206248437,10.96068723892781,-0.18648263311161223,0.21909513771132383,Yes,11,S
1995.9166666666667,-0.020990357908343825,0.047656479174775286,6.973333878733569,-0.18648263311161223,0.21909513771132383,Yes,7,S
1996,-0.07124720821709227,0.0476721862870662,8.023575021930027,-0.18648263311161223,0.21909513771132383,Yes,8,S
1996.0833333333335,-0.07391096930869029,0.047687893399357126,0.026223075909333163,-0.18648263311161223,0.21909513771132383,No,0,S
1996.1666666666667,-0.10143584266442925,0.04770360051164804,0.053732242152781204,-0.18648263311161223,0.21909513771132383,No,0,S
1996.25,-0.04499599354093351,0.04771930762393896,-0.0027233140830054473,-0.18648263311161223,0.21909513771132383,No,0,S
1996.3333333333335,-0.0333716940276369,0.04773501473622988,-0.014363320708592982,-0.18648263311161223,0.21909513771132383,No,0,S
1996.4166666666667,0.0010688625471821998,0.0477507218485208,8.951180415604297,-0.18648263311161223,0.21909513771132383,Yes,9,S
1996.5,-0.06235800465490854,0.04776642896081172,11.014591575694098,-0.18648263311161223,0.21909513771132383,Yes,11,S
1996.5833333333335,0.5431680173651895,0.04778213607310264,-0.5909501534382922,-0.18648263311161223,0.21909513771132383,No,0,S
1996.6666666666667,-0.058380787850813715,0.047797843185393554,0.01058294466542016,-0.18648263311161223,0.21909513771132383,No,0,S
1996.75,-0.06921799539337785,0.04781355029768448,0.02140444509569337,-0.18648263311161223,0.21909513771132383,No,0,S
1996.8333333333335,-0.008328010990294057,0.047829257409975394,-0.039501246419681335,-0.18648263311161223,0.21909513771132383,No,1.734723475976807e-18,S
1996.9166666666667,-0.020990357908343825,0.04784806631234039,-0.026857708403996566,-0.18648263311161223,0.21909513771132383,No,0,S
1997,-0.07124720821709227,0.047866875214705396,0.02338033300238687,-0.18648263311161223,0.21909513771132383,No,0,S
1997.0833333333335,-0.07391096930869029,0.04788568411707039,0.026025285191619896,-0.18648263311161223,0.21909513771132383,No,0,S
1997.1666666666667,-0.10143584266442925,0.0479044930194354,13.053531349644993,-0.18648263311161223,0.21909513771132383,Yes,13,S
1997.25,-0.04499599354093351,0.047923301921800394,15.997072691619133,-0.18648263311161223,0.21909513771132383,Yes,16,S
1997.3333333333335,-0.0333716940276369,0.0479421108241654,0.9854295832034715,-0.18648263311161223,0.21909513771132383,No,1,S
1997.4166666666667,0.0010688625471821998,0.047960919726530396,0.9509702177262874,-0.18648263311161223,0.21909513771132383,No,1,S
1997.5,-0.06235800465490854,0.04797972862889539,3.0143782760260134,-0.18648263311161223,0.21909513771132383,No,3,S
1997.5833333333335,0.5431680173651895,0.0479985375312604,-0.5911665548964499,-0.18648263311161223,0.21909513771132383,No,0,S
1997.6666666666667,-0.058380787850813715,0.048017346433625395,13.010363441417189,-0.18648263311161223,0.21909513771132383,Yes,13,S
1997.75,-0.06921799539337785,0.0480361553359904,8.021181840057388,-0.18648263311161223,0.21909513771132383,Yes,8,S
1997.8333333333335,-0.008328010990294057,0.0480549642383554,-0.03972695324806134,-0.18648263311161223,0.21909513771132383,No,1.734723475976807e-18,S
1997.9166666666667,-0.020990357908343825,0.0480737731407204,-0.027083415232376576,-0.18648263311161223,0.21909513771132383,No,0,S
1998,-0.07124720821709227,0.0480925820430854,3.0231546261740068,-0.18648263311161223,0.21909513771132383,No,3,S
1998.0833333333335,-0.07391096930869029,0.04806836552111359,14.025842603787577,-0.18648263311161223,0.21909513771132383,Yes,14,S
1998.1666666666667,-0.10143584266442925,0.04804414899914179,24.053391693665287,-0.18648263311161223,0.21909513771132383,Yes,24,S
1998.25,-0.04499599354093351,0.048019932477169985,0.9969760610637635,-0.18648263311161223,0.21909513771132383,No,0.9999999999999999,S
1998.3333333333335,-0.0333716940276369,0.04799571595519818,-0.014624021927561279,-0.18648263311161223,0.21909513771132383,No,0,S
1998.4166666666667,0.0010688625471821998,0.04797149943322637,-0.04904036198040857,-0.18648263311161223,0.21909513771132383,No,6.505213034913027e-19,S
1998.5,-0.06235800465490854,0.04794728291125457,0.014410721743653966,-0.18648263311161223,0.21909513771132383,No,0,S
1998.5833333333335,0.5431680173651895,0.047923066389282766,-0.5910910837544723,-0.18648263311161223,0.21909513771132383,No,0,S
1998.6666666666667,-0.058380787850813715,0.04789884986731096,0.010481937983502755,-0.18648263311161223,0.21909513771132383,No,0,S
1998.75,-0.06921799539337785,0.04787463334533916,0.02134336204803869,-0.18648263311161223,0.21909513771132383,No,0,S
1998.8333333333335,-0.008328010990294057,0.04785041682336735,-0.039522405833073294,-0.18648263311161223,0.21909513771132383,No,1.734723475976807e-18,S
1998.9166666666667,-0.020990357908343825,0.04782620030139555,-0.026835842393051722,-0.18648263311161223,0.21909513771132383,No,0,S
1999,-0.07124720821709227,0.04780198377942374,0.023445224437668527,-0.18648263311161223,0.21909513771132383,No,0,S
1999.0833333333335,-0.07391096930869029,0.04777776725745194,0.026133202051238348,-0.18648263311161223,0.21909513771132383,No,0,S
1999.1666666666667,-0.10143584266442925,0.047753550735480134,0.05368229192894911,-0.18648263311161223,0.21909513771132383,No,0,S
1999.25,-0.04499599354093351,0.0477380260653469,4.997257967475586,-0.18648263311161223,0.21909513771132383,Yes,5,S
1999.3333333333335,-0.0333716940276369,0.04772250139521366,2.9856491926324233,-0.18648263311161223,0.21909513771132383,No,3,S
1999.4166666666667,0.0010688625471821998,0.04770697672508043,-0.04877583927226263,-0.18648263311161223,0.21909513771132383,No,6.505213034913027e-19,S
1999.5,-0.06235800465490854,0.047691452054947195,0.014666552599961344,-0.18648263311161223,0.21909513771132383,No,0,S
1999.5833333333335,0.5431680173651895,0.04767592738481396,0.40915605524999654,-0.18648263311161223,0.21909513771132383,No,1,S
1999.6666666666667,-0.058380787850813715,0.04766040271468072,0.010720385136132993,-0.18648263311161223,0.21909513771132383,No,0,S
1999.75,-0.06921799539337785,0.04764487804454749,0.021573117348830356,-0.18648263311161223,0.21909513771132383,No,0,S
1999.8333333333335,-0.008328010990294057,0.047629353374414256,-0.0393013423841202,-0.18648263311161223,0.21909513771132383,No,1.734723475976807e-18,S
1999.9166666666667,-0.020990357908343825,0.04761382870428102,-0.026623470795937194,-0.18648263311161223,0.21909513771132383,No,0,S
2000,-0.07124720821709227,0.04759830403414778,0.023648904182944484,-0.18648263311161223,0.21909513771132383,No,0,S
2000.0833333333335,-0.07391096930869029,0.047582779364014546,0.026328189944675742,-0.18648263311161223,0.21909513771132383,No,0,S
2000.1666666666667,-0.10143584266442925,0.04756725469388132,6.053868587970548,-0.18648263311161223,0.21909513771132383,Yes,6,S
2000.25,-0.04499599354093351,0.04755173002374808,-0.002555736482814569,-0.18648263311161223,0.21909513771132383,No,0,S
2000.3333333333335,-0.0333716940276369,0.047536205353614844,1.9858354886740222,-0.18648263311161223,0.21909513771132383,No,2,S
2000.4166666666667,0.0010688625471821998,0.04760745136821841,2.9513236860845993,-0.18648263311161223,0.21909513771132383,No,3,S
2000.5,-0.06235800465490854,0.047678697382821975,0.014679307272086564,-0.18648263311161223,0.21909513771132383,No,0,S
2000.5833333333335,0.5431680173651895,0.04774994339742554,3.409082039237385,-0.18648263311161223,0.21909513771132383,No,4,S
2000.6666666666667,-0.058380787850813715,0.04782118941202911,0.010559598438784602,-0.18648263311161223,0.21909513771132383,No,0,S
2000.75,-0.06921799539337785,0.04789243542663268,0.02132555996674517,-0.18648263311161223,0.21909513771132383,No,0,S
2000.8333333333335,-0.008328010990294057,0.04796368144123624,-0.039635670450942184,-0.18648263311161223,0.21909513771132383,No,1.734723475976807e-18,S
2000.9166666666667,-0.020990357908343825,0.04803492745583981,-0.027044569547495984,-0.18648263311161223,0.21909513771132383,No,0,S
2001,-0.07124720821709227,0.048106173470443374,0.023141034746648893,-0.18648263311161223,0.21909513771132383,No,0,S
2001.0833333333335,-0.07391096930869029,0.04817741948504694,0.02573354982364335,-0.18648263311161223,0.21909513771132383,No,0,S
2001.1666666666667,-0.10143584266442925,0.048248665499650505,0.05318717716477874,-0.18648263311161223,0.21909513771132383,No,0,S
2001.25,-0.04499599354093351,0.04831991151425408,-0.0033239179733205657,-0.18648263311161223,0.21909513771132383,No,0,S
2001.3333333333335,-0.0333716940276369,0.04839115752885764,-0.015019463501220742,-0.18648263311161223,0.21909513771132383,No,0,S
2001.4166666666667,0.0010688625471821998,0.04846240354346121,-0.04953126609064341,-0.18648263311161223,0.21909513771132383,No,6.505213034913027e-19,S
2001.5,-0.06235800465490854,0.04853364955806477,0.013824355096843766,-0.18648263311161223,0.21909513771132383,No,0,S
2001.5833333333335,0.5431680173651895,0.04860925467873424,-0.5917772720439237,-0.18648263311161223,0.21909513771132383,No,0,S
2001.6666666666667,-0.058380787850813715,0.04868485979940371,0.009695928051410008,-0.18648263311161223,0.21909513771132383,No,0,S
2001.75,-0.06921799539337785,0.048760464920073174,0.020457530473304675,-0.18648263311161223,0.21909513771132383,No,0,S
2001.8333333333335,-0.008328010990294057,0.04883607004074264,-0.04050805905044858,-0.18648263311161223,0.21909513771132383,No,1.734723475976807e-18,S
2001.9166666666667,-0.020990357908343825,0.04891167516141211,-0.027921317253068283,-0.18648263311161223,0.21909513771132383,No,0,S
2002,-0.07124720821709227,0.048987280282081574,2.0222599279350106,-0.18648263311161223,0.21909513771132383,No,1.9999999999999998,S
2002.0833333333335,-0.07391096930869029,0.04906288540275104,0.024848083905939247,-0.18648263311161223,0.21909513771132383,No,0,S
2002.1666666666667,-0.10143584266442925,0.04913849052342051,15.052297352141009,-0.18648263311161223,0.21909513771132383,Yes,15,S
2002.25,-0.04499599354093351,0.049214095644089975,-0.004218102103156464,-0.18648263311161223,0.21909513771132383,No,0,S
2002.3333333333335,-0.0333716940276369,0.04928970076475944,-0.015918006737122542,-0.18648263311161223,0.21909513771132383,No,0,S
2002.4166666666667,0.0010688625471821998,0.04936530588542891,-0.05043416843261111,-0.18648263311161223,0.21909513771132383,No,6.505213034913027e-19,S
2002.5,-0.06235800465490854,0.049440911006098376,0.012917093648810163,-0.18648263311161223,0.21909513771132383,No,0,S
2002.5833333333335,0.5431680173651895,0.04951651612676784,-0.5926845334919574,-0.18648263311161223,0.21909513771132383,No,0,S
2002.6666666666667,-0.058380787850813715,0.04959212124743731,0.008788666603376405,-0.18648263311161223,0.21909513771132383,No,0,S
2002.75,-0.06921799539337785,0.04962730197981782,0.019590693413560026,-0.18648263311161223,0.21909513771132383,No,0,S
2002.8333333333335,-0.008328010990294057,0.049662482712198336,-0.04133447172190428,-0.18648263311161223,0.21909513771132383,No,1.734723475976807e-18,S
2002.9166666666667,-0.020990357908343825,0.04969766344457885,-0.028707305536235024,-0.18648263311161223,0.21909513771132383,No,0,S
2003,-0.07124720821709227,0.049732844176959355,0.021514364040132912,-0.18648263311161223,0.21909513771132383,No,0,S
2003.0833333333335,-0.07391096930869029,0.04976802490933987,0.02414294439935042,-0.18648263311161223,0.21909513771132383,No,0,S
2003.1666666666667,-0.10143584266442925,0.04980320564172038,0.051632637022708865,-0.18648263311161223,0.21909513771132383,No,0,S
2003.25,-0.04499599354093351,0.049838386374100895,-0.004842392833167383,-0.18648263311161223,0.21909513771132383,No,0,S
2003.3333333333335,-0.0333716940276369,0.04987356710648141,-0.016501873078844508,-0.18648263311161223,0.21909513771132383,No,0,S
2003.4166666666667,0.0010688625471821998,0.04990874783886192,1.9490223896139558,-0.18648263311161223,0.21909513771132383,No,2,S
2003.5,-0.06235800465490854,0.049943928571242434,0.012414076083666105,-0.18648263311161223,0.21909513771132383,No,0,S
2003.5833333333335,0.5431680173651895,0.04997910930362294,12.406852873331188,-0.18648263311161223,0.21909513771132383,Yes,13,S
2003.6666666666667,-0.058380787850813715,0.05001429003600345,0.008366497814810261,-0.18648263311161223,0.21909513771132383,No,0,S
2003.75,-0.06921799539337785,0.050049470768383966,0.019168524624993882,-0.18648263311161223,0.21909513771132383,No,0,S
2003.8333333333335,-0.008328010990294057,0.05008465150076448,-0.04175664051047042,-0.18648263311161223,0.21909513771132383,No,1.734723475976807e-18,S
2003.9166666666667,-0.020990357908343825,0.050121743999712816,-0.02913138609136899,-0.18648263311161223,0.21909513771132383,No,0,S
2004,-0.07124720821709227,0.05015883649866116,0.021088371718431108,-0.18648263311161223,0.21909513771132383,No,0,S
2004.0833333333335,-0.07391096930869029,0.050195928997609496,6.02371504031108,-0.18648263311161223,0.21909513771132383,Yes,6,S
2004.1666666666667,-0.10143584266442925,0.05023302149655784,0.05120282116787141,-0.18648263311161223,0.21909513771132383,No,0,S
2004.25,-0.04499599354093351,0.050270113995506176,-0.005274120454572664,-0.18648263311161223,0.21909513771132383,No,0,S
2004.3333333333335,-0.0333716940276369,0.05030720649445452,-0.01693551246681762,-0.18648263311161223,0.21909513771132383,No,0,S
2004.4166666666667,0.0010688625471821998,0.050344298993402856,0.9485868384594149,-0.18648263311161223,0.21909513771132383,No,1,S
2004.5,-0.06235800465490854,0.05038139149235119,0.011976613162557347,-0.18648263311161223,0.21909513771132383,No,0,S
2004.5833333333335,0.5431680173651895,0.050418483991299536,0.40641349864351095,-0.18648263311161223,0.21909513771132383,No,1,S
2004.6666666666667,-0.058380787850813715,0.05045557649024787,1.007925211360566,-0.18648263311161223,0.21909513771132383,No,1,S
2004.75,-0.06921799539337785,0.050492668989196215,2.018725326404182,-0.18648263311161223,0.21909513771132383,No,2,S
2004.8333333333335,-0.008328010990294057,0.05052976148814455,-0.04220175049785049,-0.18648263311161223,0.21909513771132383,No,1.734723475976807e-18,S
2004.9166666666667,-0.020990357908343825,0.050566853987092895,-0.02957649607874907,-0.18648263311161223,0.21909513771132383,No,0,S
2005,-0.07124720821709227,0.05060394648604123,0.020643261731051035,-0.18648263311161223,0.21909513771132383,No,0,S
2005.0833333333335,-0.07391096930869029,0.05068667325517271,0.023224296053517578,-0.18648263311161223,0.21909513771132383,No,0,S
2005.1666666666667,-0.10143584266442925,0.05076940002430419,0.050666442640125056,-0.18648263311161223,0.21909513771132383,No,0,S
2005.25,-0.04499599354093351,0.050852126793435676,-0.0058561332525021645,-0.18648263311161223,0.21909513771132383,No,0,S
2005.3333333333335,-0.0333716940276369,0.050934853562567155,-0.017563159534930255,-0.18648263311161223,0.21909513771132383,No,0,S
2005.4166666666667,0.0010688625471821998,0.051017580331698634,13.947913557121119,-0.18648263311161223,0.21909513771132383,Yes,14,S
2005.5,-0.06235800465490854,0.05110030710083011,3.0112576975540786,-0.18648263311161223,0.21909513771132383,No,3,S
2005.5833333333335,0.5431680173651895,0.0511830338699616,1.405648948764849,-0.18648263311161223,0.21909513771132383,No,2,S
2005.6666666666667,-0.058380787850813715,0.05126576063909308,0.007115027211720637,-0.18648263311161223,0.21909513771132383,No,0,S
2005.75,-0.06921799539337785,0.05134848740822456,0.017869507985153292,-0.18648263311161223,0.21909513771132383,No,0,S
2005.8333333333335,-0.008328010990294057,0.051431214177356036,-0.04310320318706198,-0.18648263311161223,0.21909513771132383,No,1.734723475976807e-18,S
2005.9166666666667,-0.020990357908343825,0.051513940946487514,-0.03052358303814369,-0.18648263311161223,0.21909513771132383,No,0,S
2006,-0.07124720821709227,0.051596667715619,0.019650540501473267,-0.18648263311161223,0.21909513771132383,No,0,S
2006.0833333333335,-0.07391096930869029,0.05167939448475048,0.02223157482393981,-0.18648263311161223,0.21909513771132383,No,0,S
2006.1666666666667,-0.10143584266442925,0.05176212125388196,1.0496737214105474,-0.18648263311161223,0.21909513771132383,No,1,S
2006.25,-0.04499599354093351,0.051820104501330885,-0.006824110960397374,-0.18648263311161223,0.21909513771132383,No,0,S
2006.3333333333335,-0.0333716940276369,0.05187808774877982,-0.01850639372114292,-0.18648263311161223,0.21909513771132383,No,0,S
2006.4166666666667,0.0010688625471821998,0.05193607099622875,13.946995066456589,-0.18648263311161223,0.21909513771132383,Yes,14,S
2006.5,-0.06235800465490854,0.05199405424367768,16.01036395041123,-0.18648263311161223,0.21909513771132383,Yes,15.999999999999998,S
2006.5833333333335,0.5431680173651895,0.05205203749112661,8.404779945143684,-0.18648263311161223,0.21909513771132383,Yes,9,S
2006.6666666666667,-0.058380787850813715,0.05211002073857554,14.006270767112238,-0.18648263311161223,0.21909513771132383,Yes,14,S
2006.75,-0.06921799539337785,0.052168003986024475,0.017049991407353374,-0.18648263311161223,0.21909513771132383,No,0,S
2006.8333333333335,-0.008328010990294057,0.0522259872334734,12.95610202375682,-0.18648263311161223,0.21909513771132383,Yes,13,S
2006.9166666666667,-0.020990357908343825,0.05228397048092233,6.968706387427422,-0.18648263311161223,0.21909513771132383,Yes,7,S
2007,-0.07124720821709227,0.05234195372837126,10.018905254488722,-0.18648263311161223,0.21909513771132383,Yes,10,S
2007.0833333333335,-0.07391096930869029,0.0523999369758202,0.021511032332870092,-0.18648263311161223,0.21909513771132383,No,0,S
2007.1666666666667,-0.10143584266442925,0.052457920223269124,0.04897792244116012,-0.18648263311161223,0.21909513771132383,No,0,S
2007.25,-0.04499599354093351,0.05251590347071805,-0.007519909929784539,-0.18648263311161223,0.21909513771132383,No,0,S
2007.3333333333335,-0.0333716940276369,0.052573886718166984,-0.019202192690530084,-0.18648263311161223,0.21909513771132383,No,0,S
2007.4166666666667,0.0010688625471821998,0.05255299567458647,-0.05362185822176867,-0.18648263311161223,0.21909513771132383,No,6.505213034913027e-19,S
2007.5,-0.06235800465490854,0.05253210463100595,1.0098259000239027,-0.18648263311161223,0.21909513771132383,No,1,S
2007.5833333333335,0.5431680173651895,0.052511213587425436,-0.5956792309526149,-0.18648263311161223,0.21909513771132383,No,0,S
2007.6666666666667,-0.058380787850813715,0.052490322543844926,0.005890465306968788,-0.18648263311161223,0.21909513771132383,No,0,S
2007.75,-0.06921799539337785,0.05246943150026441,5.016748563893113,-0.18648263311161223,0.21909513771132383,Yes,5,S
2007.8333333333335,-0.008328010990294057,0.052448540456683894,3.9558794705336098,-0.18648263311161223,0.21909513771132383,No,3.9999999999999996,S
2007.9166666666667,-0.020990357908343825,0.05242764941310338,4.968562708495241,-0.18648263311161223,0.21909513771132383,No,5,S
2008,-0.07124720821709227,0.05240675836952286,8.01884044984757,-0.18648263311161223,0.21909513771132383,Yes,8,S
2008.0833333333335,-0.07391096930869029,0.052385867325942345,18.02152510198275,-0.18648263311161223,0.21909513771132383,Yes,18,S
2008.1666666666667,-0.10143584266442925,0.05236497628236183,2.0490708663820674,-0.18648263311161223,0.21909513771132383,No,2,S
2008.25,-0.04499599354093351,0.05234408523878132,2.992651908302152,-0.18648263311161223,0.21909513771132383,No,3,S
2008.3333333333335,-0.0333716940276369,0.0523231941952008,-0.018951500167563903,-0.18648263311161223,0.21909513771132383,No,0,S
2008.4166666666667,0.0010688625471821998,0.05230230315162029,6.9466288343011975,-0.18648263311161223,0.21909513771132383,Yes,7,S
2008.5,-0.06235800465490854,0.05228141210803977,0.010076592546868768,-0.18648263311161223,0.21909513771132383,No,0,S
2008.5833333333335,0.5431680173651895,0.052250218785044496,-0.595418236150234,-0.18648263311161223,0.21909513771132383,No,0,S
2008.6666666666667,-0.058380787850813715,0.052219025462049214,3.006161762388764,-0.18648263311161223,0.21909513771132383,No,3,S
2008.75,-0.06921799539337785,0.05218783213905394,0.01703016325432391,-0.18648263311161223,0.21909513771132383,No,0,S
2008.8333333333335,-0.008328010990294057,0.05215663881605866,-0.043828627825764604,-0.18648263311161223,0.21909513771132383,No,1.734723475976807e-18,S
2008.9166666666667,-0.020990357908343825,0.05212544549306339,-0.031135087584719563,-0.18648263311161223,0.21909513771132383,No,0,S
2009,-0.07124720821709227,0.052094252170068106,0.01915295604702416,-0.18648263311161223,0.21909513771132383,No,0,S
2009.0833333333335,-0.07391096930869029,0.05206305884707283,0.021847910461617458,-0.18648263311161223,0.21909513771132383,No,0,S
2009.1666666666667,-0.10143584266442925,0.052031865524077556,0.04940397714035169,-0.18648263311161223,0.21909513771132383,No,0,S
2009.25,-0.04499599354093351,0.052000672201082274,-0.007004678660148762,-0.18648263311161223,0.21909513771132383,No,0,S
2009.3333333333335,-0.0333716940276369,0.051969478878087,-0.0185977848504501,-0.18648263311161223,0.21909513771132383,No,0,S
2009.4166666666667,0.0010688625471821998,0.05193828555509172,13.946992851897726,-0.18648263311161223,0.21909513771132383,Yes,14,S
2009.5,-0.06235800465490854,0.05190709223209645,4.010450912422812,-0.18648263311161223,0.21909513771132383,No,3.9999999999999996,S
2009.5833333333335,0.5431680173651895,0.051875898909101166,10.40495608372571,-0.18648263311161223,0.21909513771132383,Yes,11,S
2009.6666666666667,-0.058380787850813715,0.05184470558610589,0.006536082264707824,-0.18648263311161223,0.21909513771132383,No,0,S
2009.75,-0.06921799539337785,0.05185218147077544,6.017365813922602,-0.18648263311161223,0.21909513771132383,Yes,6,S
2009.8333333333335,-0.008328010990294057,0.051859657355444976,0.9564683536348492,-0.18648263311161223,0.21909513771132383,No,1,S
2009.9166666666667,-0.020990357908343825,0.05186713324011452,1.969123224668229,-0.18648263311161223,0.21909513771132383,No,1.9999999999999998,S
2010,-0.07124720821709227,0.05187460912478406,1.0193725990923082,-0.18648263311161223,0.21909513771132383,No,1,S
2010.0833333333335,-0.07391096930869029,0.051882085009453606,0.022028884299236683,-0.18648263311161223,0.21909513771132383,No,0,S
2010.1666666666667,-0.10143584266442925,0.051889560894123145,0.0495462817703061,-0.18648263311161223,0.21909513771132383,No,0,S
2010.25,-0.04499599354093351,0.05189703677879269,11.993098956762141,-0.18648263311161223,0.21909513771132383,Yes,12,S
2010.3333333333335,-0.0333716940276369,0.051904512663462236,1.9814671813641747,-0.18648263311161223,0.21909513771132383,No,2,S
2010.4166666666667,0.0010688625471821998,0.051911988548131775,0.9470191489046861,-0.18648263311161223,0.21909513771132383,No,1,S
2010.5,-0.06235800465490854,0.05191946443280132,11.010438540222108,-0.18648263311161223,0.21909513771132383,Yes,11,S
2010.5833333333335,0.5431680173651895,0.05192694031747086,12.40490504231734,-0.18648263311161223,0.21909513771132383,Yes,13,S
2010.6666666666667,-0.058380787850813715,0.051934416202140406,1.0064463716486733,-0.18648263311161223,0.21909513771132383,No,1,S
2010.75,-0.06921799539337785,0.051941892086809945,0.017276103306567904,-0.18648263311161223,0.21909513771132383,No,0,S
2010.8333333333335,-0.008328010990294057,0.05194936797147949,-0.04362135698118543,-0.18648263311161223,0.21909513771132383,No,1.734723475976807e-18,S
2010.9166666666667,-0.020990357908343825,0.05199654786287871,-0.031006189954534885,-0.18648263311161223,0.21909513771132383,No,0,S
2011,-0.07124720821709227,0.05204372775427793,0.019203480462814337,-0.18648263311161223,0.21909513771132383,No,0,S
2011.0833333333335,-0.07391096930869029,0.05209090764567715,3.0218200616630133,-0.18648263311161223,0.21909513771132383,No,3,S
2011.1666666666667,-0.10143584266442925,0.05213808753707637,6.049297755127353,-0.18648263311161223,0.21909513771132383,Yes,6,S
2011.25,-0.04499599354093351,0.05218526742847559,16.992810726112456,-0.18648263311161223,0.21909513771132383,Yes,17,S
2011.3333333333335,-0.0333716940276369,0.05223244731987481,13.98113924670776,-0.18648263311161223,0.21909513771132383,Yes,14,S
2011.4166666666667,0.0010688625471821998,0.05227962721127403,10.946651510241544,-0.18648263311161223,0.21909513771132383,Yes,11,S
2011.5,-0.06235800465490854,0.05232680710267324,3.010031197552235,-0.18648263311161223,0.21909513771132383,No,3,S
2011.5833333333335,0.5431680173651895,0.05237398699407246,1.4044579956407381,-0.18648263311161223,0.21909513771132383,No,2,S
2011.6666666666667,-0.058380787850813715,0.05242116688547168,11.005959620965342,-0.18648263311161223,0.21909513771132383,Yes,11,S
2011.75,-0.06921799539337785,0.0524683467768709,5.016749648616507,-0.18648263311161223,0.21909513771132383,Yes,5,S
2011.8333333333335,-0.008328010990294057,0.05251552666827012,-0.04418751567797606,-0.18648263311161223,0.21909513771132383,No,1.734723475976807e-18,S
2011.9166666666667,-0.020990357908343825,0.05256270655966934,-0.031572348651325514,-0.18648263311161223,0.21909513771132383,No,0,S
2012,-0.07124720821709227,0.05260988645106856,0.018637321766023708,-0.18648263311161223,0.21909513771132383,No,0,S
2012.0833333333335,-0.07391096930869029,0.052673341306401056,0.021237628002289233,-0.18648263311161223,0.21909513771132383,No,0,S
2012.1666666666667,-0.10143584266442925,0.05273679616173355,0.04869904650269569,-0.18648263311161223,0.21909513771132383,No,0,S
2012.25,-0.04499599354093351,0.05280025101706605,-0.007804257476132538,-0.18648263311161223,0.21909513771132383,No,0,S
2012.3333333333335,-0.0333716940276369,0.052863705872398546,8.980507988155237,-0.18648263311161223,0.21909513771132383,Yes,9,S
2012.4166666666667,0.0010688625471821998,0.05292716072773104,-0.05399602327491324,-0.18648263311161223,0.21909513771132383,No,6.505213034913027e-19,S
2012.5,-0.06235800465490854,0.05299061558306354,0.009367389071844999,-0.18648263311161223,0.21909513771132383,No,0,S
2012.5833333333335,0.5431680173651895,0.05305407043839603,-0.5962220878035855,-0.18648263311161223,0.21909513771132383,No,0,S
2012.6666666666667,-0.058380787850813715,0.053117525293728526,0.005263262557085188,-0.18648263311161223,0.21909513771132383,No,0,S
2012.75,-0.06921799539337785,0.05318098014906102,1.0160370152443168,-0.18648263311161223,0.21909513771132383,No,1,S
2012.8333333333335,-0.008328010990294057,0.05324443500439352,-0.04491642401409946,-0.18648263311161223,0.21909513771132383,No,1.734723475976807e-18,S
2012.9166666666667,-0.020990357908343825,0.05330788985972602,-0.03231753195138219,-0.18648263311161223,0.21909513771132383,No,0,S
2013,-0.07124720821709227,0.053371344715058514,0.017875863502033754,-0.18648263311161223,0.21909513771132383,No,0,S
2013.0833333333335,-0.07391096930869029,0.05343479957039101,0.02047616973829928,-0.18648263311161223,0.21909513771132383,No,0,S
2013.1666666666667,-0.10143584266442925,0.05349825442572351,0.04793758823870574,-0.18648263311161223,0.21909513771132383,No,0,S
2013.25,-0.04499599354093351,0.05358846841759762,0.9914075251233359,-0.18648263311161223,0.21909513771132383,No,0.9999999999999999,S
2013.3333333333335,-0.0333716940276369,0.05367868240947173,9.979693011618163,-0.18648263311161223,0.21909513771132383,Yes,10,S
2013.4166666666667,0.0010688625471821998,0.05376889640134584,-0.05483775894852804,-0.18648263311161223,0.21909513771132383,No,6.505213034913027e-19,S
2013.5,-0.06235800465490854,0.05385911039321996,6.008498894261688,-0.18648263311161223,0.21909513771132383,Yes,6,S
2013.5833333333335,0.5431680173651895,0.053949324385094075,18.402882658249716,-0.18648263311161223,0.21909513771132383,Yes,19,S
2013.6666666666667,-0.058380787850813715,0.054039538376968184,5.004341249473845,-0.18648263311161223,0.21909513771132383,Yes,5,S
2013.75,-0.06921799539337785,0.05412975236884229,12.015088243024536,-0.18648263311161223,0.21909513771132383,Yes,12,S
2013.8333333333335,-0.008328010990294057,0.05421996636071641,0.9541080446295778,-0.18648263311161223,0.21909513771132383,No,1,S
2013.9166666666667,-0.020990357908343825,0.054310180352590526,-0.0333198224442467,-0.18648263311161223,0.21909513771132383,No,0,S
2014,-0.07124720821709227,0.054400394344464635,0.016846813872627632,-0.18648263311161223,0.21909513771132383,No,0,S
2014.0833333333335,-0.07391096930869029,0.054490608336338744,0.019420360972351544,-0.18648263311161223,0.21909513771132383,No,0,S
2014.1666666666667,-0.10143584266442925,0.05458082232821286,0.046855020336216385,-0.18648263311161223,0.21909513771132383,No,0,S
2014.25,-0.04499599354093351,0.05467103632008698,3.9903249572208463,-0.18648263311161223,0.21909513771132383,No,3.9999999999999996,S
2014.3333333333335,-0.0333716940276369,0.054761250311961086,10.978610443715676,-0.18648263311161223,0.21909513771132383,Yes,11,S
2014.4166666666667,0.0010688625471821998,0.054783713512620506,-0.055852576059802705,-0.18648263311161223,0.21909513771132383,No,6.505213034913027e-19,S
2014.5,-0.06235800465490854,0.05480617671327993,0.0075518279416286055,-0.18648263311161223,0.21909513771132383,No,0,S
2014.5833333333335,0.5431680173651895,0.05482863991393935,-0.5979966572791289,-0.18648263311161223,0.21909513771132383,No,0,S
2014.6666666666667,-0.058380787850813715,0.05485110311459877,11.003529684736215,-0.18648263311161223,0.21909513771132383,Yes,11,S
2014.75,-0.06921799539337785,0.05487356631525819,11.01434442907812,-0.18648263311161223,0.21909513771132383,Yes,11,S
2014.8333333333335,-0.008328010990294057,0.05489602951591762,10.953431981474376,-0.18648263311161223,0.21909513771132383,Yes,11,S
2014.9166666666667,-0.020990357908343825,0.05491849271657704,-0.033928134808233215,-0.18648263311161223,0.21909513771132383,No,0,S
2015,-0.07124720821709227,0.05494095591723646,0.016306252299855807,-0.18648263311161223,0.21909513771132383,No,0,S
2015.0833333333335,-0.07391096930869029,0.05496341911789589,0.0189475501907944,-0.18648263311161223,0.21909513771132383,No,0,S
2015.1666666666667,-0.10143584266442925,0.05498588231855531,0.04644996034587394,-0.18648263311161223,0.21909513771132383,No,0,S
2015.25,-0.04499599354093351,0.05500834551921473,-0.010012351978281216,-0.18648263311161223,0.21909513771132383,No,0,S
2015.3333333333335,-0.0333716940276369,0.05503080871987415,22.978340885307762,-0.18648263311161223,0.21909513771132383,Yes,23,S
2015.4166666666667,0.0010688625471821998,0.055053271920533574,9.943877865532285,-0.18648263311161223,0.21909513771132383,Yes,10,S
2015.5,-0.06235800465490854,0.055075735121192994,0.007282269533715545,-0.18648263311161223,0.21909513771132383,No,0,S
2015.5833333333335,0.5431680173651895,0.05503160577321919,-0.5981996231384087,-0.18648263311161223,0.21909513771132383,No,0,S
2015.6666666666667,-0.058380787850813715,0.05498747642524538,0.0033933114255683336,-0.18648263311161223,0.21909513771132383,No,0,S
2015.75,-0.06921799539337785,0.054943347077271575,0.014274648316106274,-0.18648263311161223,0.21909513771132383,No,0,S
2015.8333333333335,-0.008328010990294057,0.05489921772929777,7.953428793260996,-0.18648263311161223,0.21909513771132383,Yes,8,S
2015.9166666666667,-0.020990357908343825,0.05485508838132396,14.96613526952702,-0.18648263311161223,0.21909513771132383,Yes,15,S
2016,-0.07124720821709227,0.054810959033350155,14.016436249183743,-0.18648263311161223,0.21909513771132383,Yes,14,S
2016.0833333333335,-0.07391096930869029,0.05476682968537635,4.019144139623314,-0.18648263311161223,0.21909513771132383,No,3.9999999999999996,S
2016.1666666666667,-0.10143584266442925,0.05472270033740254,0.046713142327026703,-0.18648263311161223,0.21909513771132383,No,0,S
2016.25,-0.04499599354093351,0.054678570989428736,-0.009682577448495225,-0.18648263311161223,0.21909513771132383,No,0,S
2016.3333333333335,-0.0333716940276369,0.05463444164145493,-0.02126274761381803,-0.18648263311161223,0.21909513771132383,No,0,S
2016.4166666666667,0.0010688625471821998,0.05459031229348112,-0.05565917484066332,-0.18648263311161223,0.21909513771132383,No,6.505213034913027e-19,S
2016.5,-0.06235800465490854,0.05454618294550732,19.0078118217094,-0.18648263311161223,0.21909513771132383,Yes,19,S
2016.5833333333335,0.5431680173651895,0.05450205359753351,13.402329929037277,-0.18648263311161223,0.21909513771132383,Yes,14,S
2016.6666666666667,-0.058380787850813715,0.054457924249559704,2.003922863601254,-0.18648263311161223,0.21909513771132383,No,1.9999999999999998,S
2016.75,-0.06921799539337785,0.05442978054826872,0.01478821484510913,-0.18648263311161223,0.21909513771132383,No,0,S
2016.8333333333335,-0.008328010990294057,0.054401636846977734,1.9539263741433164,-0.18648263311161223,0.21909513771132383,No,2,S
2016.9166666666667,-0.020990357908343825,0.05437349314568675,3.966616864762657,-0.18648263311161223,0.21909513771132383,No,4,S
2017,-0.07124720821709227,0.05434534944439576,0.01690185877269651,-0.18648263311161223,0.21909513771132383,No,0,S
2017.0833333333335,-0.07391096930869029,0.05431720574310477,0.019593763565585516,-0.18648263311161223,0.21909513771132383,No,0,S
2017.1666666666667,-0.10143584266442925,0.05428906204181379,0.04714678062261546,-0.18648263311161223,0.21909513771132383,No,0,S
2017.25,-0.04499599354093351,0.0542609183405228,1.990735075200411,-0.18648263311161223,0.21909513771132383,No,2,S
2017.3333333333335,-0.0333716940276369,0.05423277463923182,21.979138919388404,-0.18648263311161223,0.21909513771132383,Yes,22,S
2017.4166666666667,0.0010688625471821998,0.05420463093794083,12.944726506514877,-0.18648263311161223,0.21909513771132383,Yes,13,S
2017.5,-0.06235800465490854,0.05417648723664985,0.00818151741825869,-0.18648263311161223,0.21909513771132383,No,0,S
2017.5833333333335,0.5431680173651895,0.054148343535358856,5.402683639099451,-0.18648263311161223,0.21909513771132383,Yes,6,S
2017.6666666666667,-0.058380787850813715,0.05412019983406787,3.004260588016746,-0.18648263311161223,0.21909513771132383,No,3,S
2017.75,-0.06921799539337785,0.054092056132776886,16.0151259392606,-0.18648263311161223,0.21909513771132383,Yes,15.999999999999998,S
2017.8333333333335,-0.008328010990294057,0.0540639124314859,4.954264098558808,-0.18648263311161223,0.21909513771132383,No,5,S
2017.9166666666667,-0.020990357908343825,0.054049941982325274,0.9669404159260186,-0.18648263311161223,0.21909513771132383,No,1,S
2018,-0.07124720821709227,0.054035971533164646,0.01721123668392762,-0.18648263311161223,0.21909513771132383,No,0,S
2018.0833333333335,-0.07391096930869029,0.05402200108400401,0.019888968224686276,-0.18648263311161223,0.21909513771132383,No,0,S
2018.1666666666667,-0.10143584266442925,0.054008030634843385,0.04742781202958586,-0.18648263311161223,0.21909513771132383,No,0,S
2018.25,-0.04499599354093351,0.05399406018568276,-0.008998066644749246,-0.18648263311161223,0.21909513771132383,No,0,S
2018.3333333333335,-0.0333716940276369,0.05398008973652213,-0.02060839570888523,-0.18648263311161223,0.21909513771132383,No,0,S
2018.4166666666667,0.0010688625471821998,0.053966119287361496,-0.055034981834543695,-0.18648263311161223,0.21909513771132383,No,6.505213034913027e-19,S
2018.5,-0.06235800465490854,0.05395214883820087,0.00840585581670767,-0.18648263311161223,0.21909513771132383,No,0,S
2018.5833333333335,0.5431680173651895,0.05393817838904024,-0.5971061957542297,-0.18648263311161223,0.21909513771132383,No,0,S
2018.6666666666667,-0.058380787850813715,0.05392420793987961,15.004456579910935,-0.18648263311161223,0.21909513771132383,Yes,15,S
2018.75,-0.06921799539337785,0.053910237490718986,0.015307757902658863,-0.18648263311161223,0.21909513771132383,No,0,S
2018.8333333333335,-0.008328010990294057,0.05389626704155835,-0.04556825605126429,-0.18648263311161223,0.21909513771132383,No,1.734723475976807e-18,S
2018.9166666666667,-0.020990357908343825,0.053882296592397724,-0.0328919386840539,-0.18648263311161223,0.21909513771132383,No,0,S
2019,-0.07124720821709227,0.0538683261432371,1.0173788820738552,-0.18648263311161223,0.21909513771132383,No,1,S
2019.0833333333335,-0.07391096930869029,0.05383025867974312,1.0200807106289471,-0.18648263311161223,0.21909513771132383,No,1,S
2019.1666666666667,-0.10143584266442925,0.05379219121624915,2.04764365144818,-0.18648263311161223,0.21909513771132383,No,2,S
2019.25,-0.04499599354093351,0.05375412375275518,-0.008758130211821667,-0.18648263311161223,0.21909513771132383,No,0,S
2019.3333333333335,-0.0333716940276369,0.0537160562892612,-0.020344362261624303,-0.18648263311161223,0.21909513771132383,No,0,S
2019.4166666666667,0.0010688625471821998,0.05367798882576723,-0.05474685137294943,-0.18648263311161223,0.21909513771132383,No,6.505213034913027e-19,S
2019.5,-0.06235800465490854,0.05363992136227325,0.008718083292635286,-0.18648263311161223,0.21909513771132383,No,0,S
2019.5833333333335,0.5431680173651895,0.05360185389877928,-0.5967698712639687,-0.18648263311161223,0.21909513771132383,No,0,S
2019.6666666666667,-0.058380787850813715,0.05356378643528531,4.004817001415528,-0.18648263311161223,0.21909513771132383,No,4,S
2019.75,-0.06921799539337785,0.053525718971791335,0.015692276421586514,-0.18648263311161223,0.21909513771132383,No,0,S
2019.8333333333335,-0.008328010990294057,0.05348765150829736,-0.0451596405180033,-0.18648263311161223,0.21909513771132383,No,1.734723475976807e-18,S
2019.9166666666667,-0.020990357908343825,0.053449584044803385,1.9675407738635402,-0.18648263311161223,0.21909513771132383,No,1.9999999999999998,S
2020,-0.07124720821709227,0.053411516581309416,9.017835691635783,-0.18648263311161223,0.21909513771132383,Yes,9,S
2020.0833333333335,-0.07391096930869029,0.05337344911781544,9.020537520190874,-0.18648263311161223,0.21909513771132383,Yes,9,S
2020.1666666666667,-0.10143584266442925,0.053335381654321466,4.048100461010108,-0.18648263311161223,0.21909513771132383,No,4,S
2020.25,-0.04499599354093351,0.0533016072527413,0.9916943862881922,-0.18648263311161223,0.21909513771132383,No,0.9999999999999999,S
2020.3333333333335,-0.0333716940276369,0.05326783285116114,14.980103861176476,-0.18648263311161223,0.21909513771132383,Yes,15,S
2020.4166666666667,0.0010688625471821998,0.053234058449580984,0.9456970790032369,-0.18648263311161223,0.21909513771132383,No,1,S
2020.5,-0.06235800465490854,0.05320028404800082,14.009157720606908,-0.18648263311161223,0.21909513771132383,Yes,14,S
2020.5833333333335,0.5431680173651895,0.053166509646420654,-0.5963345270116102,-0.18648263311161223,0.21909513771132383,No,0,S
2020.6666666666667,-0.058380787850813715,0.053132735244840495,6.005248052605973,-0.18648263311161223,0.21909513771132383,Yes,6,S
2020.75,-0.06921799539337785,0.05309896084326034,0.01611903455011751,-0.18648263311161223,0.21909513771132383,No,0,S
2020.8333333333335,-0.008328010990294057,0.05306518644168017,10.955262824548614,-0.18648263311161223,0.21909513771132383,Yes,11,S
2020.9166666666667,-0.020990357908343825,0.05303141204010001,6.9679589458682445,-0.18648263311161223,0.21909513771132383,Yes,7,S
2021,-0.07124720821709227,0.05299763763851985,0.01824957057857242,-0.18648263311161223,0.21909513771132383,No,0,S
2021.0833333333335,-0.07391096930869029,0.05296386323693969,0.0209471060717506,-0.18648263311161223,0.21909513771132383,No,0,S
2021.1666666666667,-0.10143584266442925,0.052930088835359525,0.04850575382906972,-0.18648263311161223,0.21909513771132383,No,0,S
2021.25,-0.04499599354093351,0.05289631443377936,16.992099679107152,-0.18648263311161223,0.21909513771132383,Yes,17,S
2021.3333333333335,-0.0333716940276369,0.0528625400321992,-0.0194908460045623,-0.18648263311161223,0.21909513771132383,No,0,S
2021.4166666666667,0.0010688625471821998,0.05286084013416659,1.9460702973186512,-0.18648263311161223,0.21909513771132383,No,2,S
2021.5,-0.06235800465490854,0.05285914023613398,0.00949886441877456,-0.18648263311161223,0.21909513771132383,No,0,S
2021.5833333333335,0.5431680173651895,0.052857440338101365,-0.5960254577032909,-0.18648263311161223,0.21909513771132383,No,0,S
2021.6666666666667,-0.058380787850813715,0.05285574044006875,1.005525047410745,-0.18648263311161223,0.21909513771132383,No,1,S
2021.75,-0.06921799539337785,0.05285404054203614,9.016363954851343,-0.18648263311161223,0.21909513771132383,Yes,9,S
2021.8333333333335,-0.008328010990294057,0.05285234064400353,-0.04452432965370947,-0.18648263311161223,0.21909513771132383,No,1.734723475976807e-18,S
2021.9166666666667,-0.020990357908343825,0.05285064074597092,-0.031860282837627096,-0.18648263311161223,0.21909513771132383,No,0,S
2022,-0.07124720821709227,0.05284894084793831,0.01839826736915396,-0.18648263311161223,0.21909513771132383,No,0,S
2022.0833333333335,-0.07391096930869029,0.05284724094990569,0.021063728358784596,-0.18648263311161223,0.21909513771132383,No,0,S
2022.1666666666667,-0.10143584266442925,0.052845541051873085,0.04859030161255616,-0.18648263311161223,0.21909513771132383,No,0,S
2022.25,-0.04499599354093351,0.05284384115384047,-0.00784784761290696,-0.18648263311161223,0.21909513771132383,No,0,S
2022.3333333333335,-0.0333716940276369,0.052842141255807856,11.980529552771829,-0.18648263311161223,0.21909513771132383,Yes,12,S
2022.4166666666667,0.0010688625471821998,0.05284044135777525,2.9460906960950424,-0.18648263311161223,0.21909513771132383,No,3,S
2022.5,-0.06235800465490854,0.052838741459742634,19.009519263195166,-0.18648263311161223,0.21909513771132383,Yes,19,S
2022.5833333333335,0.5431680173651895,0.052857342939752396,-0.5960253603049419,-0.18648263311161223,0.21909513771132383,No,0,S
2022.6666666666667,-0.058380787850813715,0.05287594441976215,0.005504843431051565,-0.18648263311161223,0.21909513771132383,No,0,S
2022.75,-0.06921799539337785,0.05289454589977191,5.016323449493606,-0.18648263311161223,0.21909513771132383,Yes,5,S
2022.8333333333335,-0.008328010990294057,0.05291314737978167,5.955414863610512,-0.18648263311161223,0.21909513771132383,Yes,6,S
2022.9166666666667,-0.020990357908343825,0.05293174885979143,10.968058609048553,-0.18648263311161223,0.21909513771132383,Yes,11,S
2023,-0.07124720821709227,0.05295035033980119,0.01829685787729108,-0.18648263311161223,0.21909513771132383,No,0,S
2023.0833333333335,-0.07391096930869029,0.05296895181981095,4.020942017488879,-0.18648263311161223,0.21909513771132383,No,3.9999999999999996,S
2023.1666666666667,-0.10143584266442925,0.05298755329982071,17.048448289364607,-0.18648263311161223,0.21909513771132383,Yes,17,S
2023.25,-0.04499599354093351,0.053006154779830464,8.991989838761103,-0.18648263311161223,0.21909513771132383,Yes,9,S
2023.3333333333335,-0.0333716940276369,0.053024756259840225,1.9803469377677967,-0.18648263311161223,0.21909513771132383,No,2,S
2023.4166666666667,0.0010688625471821998,0.053043357739849986,14.945887779712967,-0.18648263311161223,0.21909513771132383,Yes,15,S
2023.5,-0.06235800465490854,0.05306195921985975,1.0092960454350488,-0.18648263311161223,0.21909513771132383,No,1,S
2023.5833333333335,0.5431680173651895,0.0530805606998695,-0.596248578065059,-0.18648263311161223,0.21909513771132383,No,0,S
2023.6666666666667,-0.058380787850813715,0.05309916217987926,0.005281625670934452,-0.18648263311161223,0.21909513771132383,No,0,S
2023.75,-0.06921799539337785,0.053111939437432566,15.016106055955946,-0.18648263311161223,0.21909513771132383,Yes,15,S
2023.8333333333335,-0.008328010990294057,0.05312471669498588,7.955203294295308,-0.18648263311161223,0.21909513771132383,Yes,8,S
2023.9166666666667,-0.020990357908343825,0.05313749395253918,6.967852863955805,-0.18648263311161223,0.21909513771132383,Yes,7,S
2024,-0.07124720821709227,0.053150271210092484,2.0180969370069994,-0.18648263311161223,0.21909513771132383,No,1.9999999999999998,S
2024.0833333333335,-0.07391096930869029,0.05316304846764579,0.0207479208410445,-0.18648263311161223,0.21909513771132383,No,0,S
2024.1666666666667,-0.10143584266442925,0.0531758257251991,2.04826001693923,-0.18648263311161223,0.21909513771132383,No,2,S
2024.25,-0.04499599354093351,0.0531886029827524,15.991807390558181,-0.18648263311161223,0.21909513771132383,Yes,16,S
2024.3333333333335,-0.0333716940276369,0.053201380240305705,-0.019829686212668805,-0.18648263311161223,0.21909513771132383,No,0,S
2024.4166666666667,0.0010688625471821998,0.053214157497859016,-0.054283020045041215,-0.18648263311161223,0.21909513771132383,No,6.505213034913027e-19,S
2024.5,-0.06235800465490854,0.05322693475541232,1.0091310698994962,-0.18648263311161223,0.21909513771132383,No,1,S
2024.5833333333335,0.5431680173651895,0.05323971201296562,1.403592270621845,-0.18648263311161223,0.21909513771132383,No,2,S
2024.6666666666667,-0.058380787850813715,0.05325248927051893,0.005128298580294788,-0.18648263311161223,0.21909513771132383,No,0,S
2024.75,-0.06921799539337785,0.05326526652807224,0.01595272886530561,-0.18648263311161223,0.21909513771132383,No,0,S
2024.8333333333335,-0.008328010990294057,0.05327804378562554,17.95504996720467,-0.18648263311161223,0.21909513771132383,Yes,18,S
2024.9166666666667,-0.020990357908343825,0.05327193667069544,0.9677184212376485,-0.18648263311161223,0.21909513771132383,No,1,S
2025,-0.07124720821709227,0.05326582955576535,10.017981378661327,-0.18648263311161223,0.21909513771132383,Yes,10,S
2025.0833333333335,-0.07391096930869029,0.05325972244083525,6.020651246867855,-0.18648263311161223,0.21909513771132383,Yes,6,S
2025.1666666666667,-0.10143584266442925,0.05325361532590516,7.048182227338524,-0.18648263311161223,0.21909513771132383,Yes,7,S
2025.25,-0.04499599354093351,0.05324750821097506,-0.008251514670041551,-0.18648263311161223,0.21909513771132383,No,0,S
2025.3333333333335,-0.0333716940276369,0.05324140109604497,8.980130292931591,-0.18648263311161223,0.21909513771132383,Yes,9,S
2025.4166666666667,0.0010688625471821998,0.05323529398111487,13.945695843471704,-0.18648263311161223,0.21909513771132383,Yes,14,S
2025.5,-0.06235800465490854,0.05322918686618478,4.009128817788723,-0.18648263311161223,0.21909513771132383,No,3.9999999999999996,S
2025.5833333333335,0.5431680173651895,0.05322307975125468,15.403608902883555,-0.18648263311161223,0.21909513771132383,Yes,16,S
2025.6666666666667,-0.058380787850813715,0.05321697263632459,3.005163815214489,-0.18648263311161223,0.21909513771132383,No,3,S
2025.75,-0.06921799539337785,0.05321086552139449,13.016007129871983,-0.18648263311161223,0.21909513771132383,Yes,13,S
2025.8333333333335,-0.008328010990294057,0.0532047584064644,0.9551232525838297,-0.18648263311161223,0.21909513771132383,No,1,S
2025.9166666666667,-0.020990357908343825,0.0531986512915343,-0.03220829338319048,-0.18648263311161223,0.21909513771132383,No,0,S
