x,seasonal,trend,remainder,remainder_l1,remainder_l2,anomaly,observed,Zone
1981.6666666666667,519656.6792987457,-395305.7473026614,-124350.93199608428,-9039020.260764131,10698579.184366552,No,0,NW
1981.75,183007.10193436212,-391573.8616840307,208566.75974966856,-9039020.260764131,10698579.184366552,No,0,NW
1981.8333333333335,82255.43860890517,-387841.9760654,305586.5374564948,-9039020.260764131,10698579.184366552,No,-1.4551915228366852e-11,NW
1981.9166666666667,-1123246.8986867089,-384110.09044676926,1507356.9891334781,-9039020.260764131,10698579.184366552,No,0,NW
1982,2058314.0495669178,-380378.2048281385,-1677935.8447387794,-9039020.260764131,10698579.184366552,No,0,NW
1982.0833333333335,-680481.3173664269,-376646.3192095078,4393670868.477567,-9039020.260764131,10698579.184366552,No,4392613740.840991,NW
1982.1666666666667,-1169470.0165848525,-372914.4335908771,1542384.4501757296,-9039020.260764131,10698579.184366552,No,0,NW
1982.25,1170976.1297533938,-369182.54797224636,-801793.5817811475,-9039020.260764131,10698579.184366552,No,0,NW
1982.3333333333335,1851419.9072602855,-365450.6623536156,-1485969.24490667,-9039020.260764131,10698579.184366552,No,-2.3283064365386963e-10,NW
1982.4166666666667,1607740.9018465276,-361718.77673498495,-1246022.1251115426,-9039020.260764131,10698579.184366552,No,0,NW
1982.5,-2353071.1967283445,-357986.8911163542,3254375138.9211164,-9039020.260764131,10698579.184366552,No,3251664080.833272,NW
1982.5833333333335,-2147101.1517575015,-354255.00549772347,2501356.157255225,-9039020.260764131,10698579.184366552,No,0,NW
1982.6666666666667,519656.6792987457,-350523.11987909273,-169133.55941965297,-9039020.260764131,10698579.184366552,No,0,NW
1982.75,183007.10193436212,-346791.23426046205,163784.13232609993,-9039020.260764131,10698579.184366552,No,0,NW
1982.8333333333335,82255.43860890517,-343059.3486418313,260803.91003292613,-9039020.260764131,10698579.184366552,No,-1.4551915228366852e-11,NW
1982.9166666666667,-1123246.8986867089,-339637.8471267554,1462884.7458134643,-9039020.260764131,10698579.184366552,No,0,NW
1983,2058314.0495669178,-336216.34561167954,-1722097.7039552382,-9039020.260764131,10698579.184366552,No,0,NW
1983.0833333333335,-680481.3173664269,-332794.8440966036,1013276.1614630306,-9039020.260764131,10698579.184366552,No,1.1641532182693481e-10,NW
1983.1666666666667,-1169470.0165848525,-329373.3425815278,1498843.3591663803,-9039020.260764131,10698579.184366552,No,0,NW
1983.25,1170976.1297533938,-325951.84106645186,-845024.288686942,-9039020.260764131,10698579.184366552,No,0,NW
1983.3333333333335,1851419.9072602855,-322530.339551376,-1528889.5677089095,-9039020.260764131,10698579.184366552,No,0,NW
1983.4166666666667,1607740.9018465276,-319108.8380363001,-1288632.0638102274,-9039020.260764131,10698579.184366552,No,0,NW
1983.5,-2353071.1967283445,-315687.3365212242,46535216893.50555,-9039020.260764131,10698579.184366552,No,46532548134.97229,NW
1983.5833333333335,-2147101.1517575015,-312265.8350061483,12104869709.635479,-9039020.260764131,10698579.184366552,No,12102410342.648714,NW
1983.6666666666667,519656.6792987457,-308844.3334910724,-210812.3458076733,-9039020.260764131,10698579.184366552,No,0,NW
1983.75,183007.10193436212,-305422.83197599655,122415.73004163444,-9039020.260764131,10698579.184366552,No,0,NW
1983.8333333333335,82255.43860890517,-302001.33046092064,176131418309.26852,-9039020.260764131,10698579.184366552,Yes,176131198563.37665,NW
1983.9166666666667,-1123246.8986867089,-298579.8289458448,265764702171.06003,-9039020.260764131,10698579.184366552,Yes,265763280344.3324,NW
1984,2058314.0495669178,-295158.32743076887,-1763155.722136149,-9039020.260764131,10698579.184366552,No,0,NW
1984.0833333333335,-680481.3173664269,-292304.8566288006,972786.1739952276,-9039020.260764131,10698579.184366552,No,0,NW
1984.1666666666667,-1169470.0165848525,-289451.3858268323,1458921.4024116849,-9039020.260764131,10698579.184366552,No,0,NW
1984.25,1170976.1297533938,-286597.9150248641,-884378.2147285298,-9039020.260764131,10698579.184366552,No,0,NW
1984.3333333333335,1851419.9072602855,-283744.4442228958,-1567675.4630373898,-9039020.260764131,10698579.184366552,No,-2.3283064365386963e-10,NW
1984.4166666666667,1607740.9018465276,-280890.97342092753,-1326849.9284256,-9039020.260764131,10698579.184366552,No,0,NW
1984.5,-2353071.1967283445,-278037.50261895923,61031307986.220024,-9039020.260764131,10698579.184366552,No,61028676877.520676,NW
1984.5833333333335,-2147101.1517575015,-275184.031816991,2422285.1835744926,-9039020.260764131,10698579.184366552,No,0,NW
1984.6666666666667,519656.6792987457,-272330.5610150227,-247326.11828372302,-9039020.260764131,10698579.184366552,No,0,NW
1984.75,183007.10193436212,-269477.09021305444,86469.98827869233,-9039020.260764131,10698579.184366552,No,0,NW
1984.8333333333335,82255.43860890517,-266623.61941108614,184368.18080218096,-9039020.260764131,10698579.184366552,No,-1.4551915228366852e-11,NW
1984.9166666666667,-1123246.8986867089,-263770.1486091179,1387017.0472958267,-9039020.260764131,10698579.184366552,No,0,NW
1985,2058314.0495669178,-260916.67780714962,-1797397.371759768,-9039020.260764131,10698579.184366552,No,0,NW
1985.0833333333335,-680481.3173664269,-258063.20700518135,938544.5243716083,-9039020.260764131,10698579.184366552,No,0,NW
1985.1666666666667,-1169470.0165848525,-255209.73620321308,1424679.7527880655,-9039020.260764131,10698579.184366552,No,0,NW
1985.25,1170976.1297533938,-252846.50819085498,-918129.6215625389,-9039020.260764131,10698579.184366552,No,0,NW
1985.3333333333335,1851419.9072602855,-250483.2801784969,-1600936.6270817886,-9039020.260764131,10698579.184366552,No,0,NW
1985.4166666666667,1607740.9018465276,-248120.0521661388,-1359620.8496803888,-9039020.260764131,10698579.184366552,No,0,NW
1985.5,-2353071.1967283445,-245756.8241537807,64121310437.41763,-9039020.260764131,10698579.184366552,No,64118711609.39675,NW
1985.5833333333335,-2147101.1517575015,-243393.5961414226,2390494.747898924,-9039020.260764131,10698579.184366552,No,0,NW
1985.6666666666667,519656.6792987457,-241030.36812906453,-278626.31116968114,-9039020.260764131,10698579.184366552,No,0,NW
1985.75,183007.10193436212,-238667.14011670643,55660.03818234432,-9039020.260764131,10698579.184366552,No,0,NW
1985.8333333333335,82255.43860890517,-236303.91210434833,154048.47349544318,-9039020.260764131,10698579.184366552,No,1.4551915228366852e-11,NW
1985.9166666666667,-1123246.8986867089,-233940.68409199026,1357187.5827786992,-9039020.260764131,10698579.184366552,No,0,NW
1986,2058314.0495669178,-231577.45607963216,-1826736.5934872855,-9039020.260764131,10698579.184366552,No,2.3283064365386963e-10,NW
1986.0833333333335,-680481.3173664269,-229214.22806727406,909695.545433701,-9039020.260764131,10698579.184366552,No,0,NW
1986.1666666666667,-1169470.0165848525,-226851.00005491596,1396321.0166397684,-9039020.260764131,10698579.184366552,No,0,NW
1986.25,1170976.1297533938,-224487.7720425579,-946488.357710836,-9039020.260764131,10698579.184366552,No,0,NW
1986.3333333333335,1851419.9072602855,-222124.5440301998,-1629295.3632300857,-9039020.260764131,10698579.184366552,No,0,NW
1986.4166666666667,1607740.9018465276,-220456.2376727509,-1387284.6641737767,-9039020.260764131,10698579.184366552,No,0,NW
1986.5,-2353071.1967283445,-218787.931315302,2571859.1280436465,-9039020.260764131,10698579.184366552,No,0,NW
1986.5833333333335,-2147101.1517575015,-217119.6249578531,2364220.7767153545,-9039020.260764131,10698579.184366552,No,0,NW
1986.6666666666667,519656.6792987457,-215451.31860040422,160940032225.77264,-9039020.260764131,10698579.184366552,Yes,160940336431.13333,NW
1986.75,183007.10193436212,-213783.01224295533,2704208261.159704,-9039020.260764131,10698579.184366552,No,2704177485.249396,NW
1986.8333333333335,82255.43860890517,-212114.70588550644,129859.26727660127,-9039020.260764131,10698579.184366552,No,0,NW
1986.9166666666667,-1123246.8986867089,-210446.39952805755,1333693.2982147664,-9039020.260764131,10698579.184366552,No,0,NW
1987,2058314.0495669178,-208778.09317060863,-1849535.9563963092,-9039020.260764131,10698579.184366552,No,0,NW
1987.0833333333335,-680481.3173664269,-207109.78681315974,887591.1041795866,-9039020.260764131,10698579.184366552,No,0,NW
1987.1666666666667,-1169470.0165848525,-205441.48045571084,38849116138.70892,-9039020.260764131,10698579.184366552,No,38847741227.21188,NW
1987.25,1170976.1297533938,-203773.17409826195,-967202.9556551318,-9039020.260764131,10698579.184366552,No,0,NW
1987.3333333333335,1851419.9072602855,-202104.86774081306,-1649315.0395194725,-9039020.260764131,10698579.184366552,No,-2.3283064365386963e-10,NW
1987.4166666666667,1607740.9018465276,-200436.56138336417,-1407304.3404631633,-9039020.260764131,10698579.184366552,No,0,NW
1987.5,-2353071.1967283445,-198768.25502591528,2551839.45175426,-9039020.260764131,10698579.184366552,No,0,NW
1987.5833333333335,-2147101.1517575015,-197205.6801522282,2344306.8319097296,-9039020.260764131,10698579.184366552,No,0,NW
1987.6666666666667,519656.6792987457,-195643.10527854107,20332659457.73203,-9039020.260764131,10698579.184366552,No,20332983471.30605,NW
1987.75,183007.10193436212,-194080.53040485398,6761811231.402842,-9039020.260764131,10698579.184366552,No,6761800157.974371,NW
1987.8333333333335,82255.43860890517,-192517.95553116687,110262.5169222617,-9039020.260764131,10698579.184366552,No,0,NW
1987.9166666666667,-1123246.8986867089,-190955.38065747978,1314202.2793441887,-9039020.260764131,10698579.184366552,No,0,NW
1988,2058314.0495669178,-189392.80578379266,-1868921.2437831252,-9039020.260764131,10698579.184366552,No,0,NW
1988.0833333333335,-680481.3173664269,-187830.23091010557,868311.5482765324,-9039020.260764131,10698579.184366552,No,-1.1641532182693481e-10,NW
1988.1666666666667,-1169470.0165848525,-186267.65603641848,20417280737.241276,-9039020.260764131,10698579.184366552,No,20415924999.568653,NW
1988.25,1170976.1297533938,-184705.08116273137,-986271.0485906624,-9039020.260764131,10698579.184366552,No,0,NW
1988.3333333333335,1851419.9072602855,-183142.50628904428,-1668277.4009712413,-9039020.260764131,10698579.184366552,No,-2.3283064365386963e-10,NW
1988.4166666666667,1607740.9018465276,-181579.93141535716,6032781753.799372,-9039020.260764131,10698579.184366552,No,6034207914.769803,NW
1988.5,-2353071.1967283445,-180017.35654167007,4738741788.631653,-9039020.260764131,10698579.184366552,No,4736208700.0783825,NW
1988.5833333333335,-2147101.1517575015,-178454.78166798296,2325555.9334254847,-9039020.260764131,10698579.184366552,No,0,NW
1988.6666666666667,519656.6792987457,-176892.20679429587,-342764.47250444983,-9039020.260764131,10698579.184366552,No,0,NW
1988.75,183007.10193436212,-175300.85532475536,-7706.246609606751,-9039020.260764131,10698579.184366552,No,0,NW
1988.8333333333335,82255.43860890517,-173709.5038552149,125419317823.56047,-9039020.260764131,10698579.184366552,Yes,125419226369.49522,NW
1988.9166666666667,-1123246.8986867089,-172118.1523856744,8375978974.253049,-9039020.260764131,10698579.184366552,No,8374683609.201977,NW
1989,2058314.0495669178,-170526.80091613389,5500022740.769997,-9039020.260764131,10698579.184366552,No,5501910528.018648,NW
1989.0833333333335,-680481.3173664269,-168935.44944659338,11409700716.97917,-9039020.260764131,10698579.184366552,No,11408851300.212358,NW
1989.1666666666667,-1169470.0165848525,-167344.0979770529,15152631518.300581,-9039020.260764131,10698579.184366552,No,15151294704.18602,NW
1989.25,1170976.1297533938,-165752.7465075124,-1005223.3832458814,-9039020.260764131,10698579.184366552,No,0,NW
1989.3333333333335,1851419.9072602855,-164161.3950379719,49188482127.425575,-9039020.260764131,10698579.184366552,No,49190169385.9378,NW
1989.4166666666667,1607740.9018465276,-162570.04356843143,74329318551.04237,-9039020.260764131,10698579.184366552,No,74330763721.90065,NW
1989.5,-2353071.1967283445,-160978.69209889093,26744803260.535446,-9039020.260764131,10698579.184366552,No,26742289210.646618,NW
1989.5833333333335,-2147101.1517575015,-159387.34062935042,838308634129.7227,-9039020.260764131,10698579.184366552,Yes,838306327641.2303,NW
1989.6666666666667,519656.6792987457,-157795.98915980992,-361860.6901389358,-9039020.260764131,10698579.184366552,No,0,NW
1989.75,183007.10193436212,-156204.63769026945,6579032500.694165,-9039020.260764131,10698579.184366552,No,6579059303.158409,NW
1989.8333333333335,82255.43860890517,-154613.28622072894,5460400745.632395,-9039020.260764131,10698579.184366552,No,5460328387.784783,NW
1989.9166666666667,-1123246.8986867089,-154640.08432104072,164560480863.72394,-9039020.260764131,10698579.184366552,Yes,164559202976.74094,NW
1990,2058314.0495669178,-154666.8824213525,166637153974.5408,-9039020.260764131,10698579.184366552,Yes,166639057621.70795,NW
1990.0833333333335,-680481.3173664269,-154693.6805216643,340592036653.2025,-9039020.260764131,10698579.184366552,Yes,340591201478.2046,NW
1990.1666666666667,-1169470.0165848525,-154720.47862197607,213969623652.35367,-9039020.260764131,10698579.184366552,Yes,213968299461.8585,NW
1990.25,1170976.1297533938,-154747.27672228785,-1016228.853031106,-9039020.260764131,10698579.184366552,No,0,NW
1990.3333333333335,1851419.9072602855,-154774.07482259962,97793368826.11934,-9039020.260764131,10698579.184366552,Yes,97795065471.95177,NW
1990.4166666666667,1607740.9018465276,-154800.8729229114,1001563151.055638,-9039020.260764131,10698579.184366552,No,1003016091.0845616,NW
1990.5,-2353071.1967283445,-154827.6710232232,402528111203.5961,-9039020.260764131,10698579.184366552,Yes,402525603304.7284,NW
1990.5833333333335,-2147101.1517575015,-154854.46912353497,169529142524.21555,-9039020.260764131,10698579.184366552,Yes,169526840568.59467,NW
1990.6666666666667,519656.6792987457,-154881.26722384675,-364775.41207489895,-9039020.260764131,10698579.184366552,No,0,NW
1990.75,183007.10193436212,-154908.06532415852,-28099.03661020359,-9039020.260764131,10698579.184366552,No,0,NW
1990.8333333333335,82255.43860890517,-154934.86342447033,72679.42481556516,-9039020.260764131,10698579.184366552,No,0,NW
1990.9166666666667,-1123246.8986867089,-154961.6615247821,1278208.560211491,-9039020.260764131,10698579.184366552,No,0,NW
1991,2058314.0495669178,-154988.45962509388,-1903325.5899418239,-9039020.260764131,10698579.184366552,No,0,NW
1991.0833333333335,-680481.3173664269,-154550.7430719931,835032.06043842,-9039020.260764131,10698579.184366552,No,0,NW
1991.1666666666667,-1169470.0165848525,-154113.02651889235,1323583.0431037447,-9039020.260764131,10698579.184366552,No,0,NW
1991.25,1170976.1297533938,-153675.3099657916,-1017300.8197876022,-9039020.260764131,10698579.184366552,No,0,NW
1991.3333333333335,1851419.9072602855,-153237.59341269083,-1698182.3138475947,-9039020.260764131,10698579.184366552,No,0,NW
1991.4166666666667,1607740.9018465276,-152799.87685959006,-1454941.0249869376,-9039020.260764131,10698579.184366552,No,0,NW
1991.5,-2353071.1967283445,-152362.1603064893,2505433.3570348336,-9039020.260764131,10698579.184366552,No,0,NW
1991.5833333333335,-2147101.1517575015,-151924.44375338856,35565789696.05495,-9039020.260764131,10698579.184366552,No,35563490670.459435,NW
1991.6666666666667,519656.6792987457,-151486.7272002878,893917884535.5308,-9039020.260764131,10698579.184366552,Yes,893918252705.4829,NW
1991.75,183007.10193436212,-151049.01064718704,-31958.091287175077,-9039020.260764131,10698579.184366552,No,0,NW
1991.8333333333335,82255.43860890517,-150611.29409408628,68355.8554851811,-9039020.260764131,10698579.184366552,No,0,NW
1991.9166666666667,-1123246.8986867089,-150173.5775409855,1273420.4762276944,-9039020.260764131,10698579.184366552,No,0,NW
1992,2058314.0495669178,-149735.86098788475,-1908578.1885790331,-9039020.260764131,10698579.184366552,No,0,NW
1992.0833333333335,-680481.3173664269,-149298.144434784,829779.4618012109,-9039020.260764131,10698579.184366552,No,0,NW
1992.1666666666667,-1169470.0165848525,-148860.42788168322,1318330.4444665357,-9039020.260764131,10698579.184366552,No,0,NW
1992.25,1170976.1297533938,-146338.21886477523,-1024637.9108886186,-9039020.260764131,10698579.184366552,No,0,NW
1992.3333333333335,1851419.9072602855,-143816.00984786727,-1707603.8974124182,-9039020.260764131,10698579.184366552,No,0,NW
1992.4166666666667,1607740.9018465276,-141293.80083095928,-1466447.1010155682,-9039020.260764131,10698579.184366552,No,0,NW
1992.5,-2353071.1967283445,-138771.5918140513,2491842.788542396,-9039020.260764131,10698579.184366552,No,0,NW
1992.5833333333335,-2147101.1517575015,-136249.3827971433,2283350.534554645,-9039020.260764131,10698579.184366552,No,0,NW
1992.6666666666667,519656.6792987457,-133727.17378023535,-385929.50551851036,-9039020.260764131,10698579.184366552,No,0,NW
1992.75,183007.10193436212,-131204.96476332736,-51802.13717103476,-9039020.260764131,10698579.184366552,No,0,NW
1992.8333333333335,82255.43860890517,-128682.75574641937,46427.3171375142,-9039020.260764131,10698579.184366552,No,0,NW
1992.9166666666667,-1123246.8986867089,-126160.54672951139,1249407.4454162202,-9039020.260764131,10698579.184366552,No,0,NW
1993,2058314.0495669178,-123638.33771260342,-1934675.7118543144,-9039020.260764131,10698579.184366552,No,0,NW
1993.0833333333335,-680481.3173664269,-121116.12869569543,3100400177.9743123,-9039020.260764131,10698579.184366552,No,3099598580.52825,NW
1993.1666666666667,-1169470.0165848525,-118593.91967878745,1288063.93626364,-9039020.260764131,10698579.184366552,No,0,NW
1993.25,1170976.1297533938,-116071.71066187946,-1054904.4190915143,-9039020.260764131,10698579.184366552,No,0,NW
1993.3333333333335,1851419.9072602855,-113549.50164497149,-1737870.405615314,-9039020.260764131,10698579.184366552,No,0,NW
1993.4166666666667,1607740.9018465276,-110208.24649087239,70703822165.31612,-9039020.260764131,10698579.184366552,No,70705319697.97147,NW
1993.5,-2353071.1967283445,-106866.99133677331,2459938.1880651177,-9039020.260764131,10698579.184366552,No,0,NW
1993.5833333333335,-2147101.1517575015,-103525.73618267421,2250626.887940176,-9039020.260764131,10698579.184366552,No,0,NW
1993.6666666666667,519656.6792987457,-100184.48102857512,-419472.1982701706,-9039020.260764131,10698579.184366552,No,0,NW
1993.75,183007.10193436212,-96843.22587447603,-86163.87605988608,-9039020.260764131,10698579.184366552,No,0,NW
1993.8333333333335,82255.43860890517,-93501.97072037694,11246.532111471766,-9039020.260764131,10698579.184366552,No,0,NW
1993.9166666666667,-1123246.8986867089,-90160.71556627784,1213407.6142529866,-9039020.260764131,10698579.184366552,No,0,NW
1994,2058314.0495669178,-86819.46041217876,-1971494.5891547392,-9039020.260764131,10698579.184366552,No,0,NW
1994.0833333333335,-680481.3173664269,-83478.20525807966,763959.5226245066,-9039020.260764131,10698579.184366552,No,0,NW
1994.1666666666667,-1169470.0165848525,-80136.95010398056,1249606.966688833,-9039020.260764131,10698579.184366552,No,0,NW
1994.25,1170976.1297533938,-76795.69494988148,-1094180.4348035124,-9039020.260764131,10698579.184366552,No,0,NW
1994.3333333333335,1851419.9072602855,-73454.43979578238,-1777965.4674645031,-9039020.260764131,10698579.184366552,No,0,NW
1994.4166666666667,1607740.9018465276,-70113.184641683285,103696809046.29489,-9039020.260764131,10698579.184366552,Yes,103698346674.01208,NW
1994.5,-2353071.1967283445,-66771.9294875842,5677542732.273757,-9039020.260764131,10698579.184366552,No,5675122889.147541,NW
1994.5833333333335,-2147101.1517575015,-64428.39145059479,2211529.543208096,-9039020.260764131,10698579.184366552,No,0,NW
1994.6666666666667,519656.6792987457,-62084.85341360537,-457571.82588514034,-9039020.260764131,10698579.184366552,No,0,NW
1994.75,183007.10193436212,-59741.31537661596,-123265.78655774615,-9039020.260764131,10698579.184366552,No,0,NW
1994.8333333333335,82255.43860890517,-57397.77733962654,-24857.66126927863,-9039020.260764131,10698579.184366552,No,0,NW
1994.9166666666667,-1123246.8986867089,-55054.23930263713,26082852255.04639,-9039020.260764131,10698579.184366552,No,26081673953.9084,NW
1995,2058314.0495669178,-52710.701265647716,20925280256.30037,-9039020.260764131,10698579.184366552,No,20927285859.64867,NW
1995.0833333333335,-680481.3173664269,-50367.1632286583,730848.4805950852,-9039020.260764131,10698579.184366552,No,0,NW
1995.1666666666667,-1169470.0165848525,-48023.625191668885,6739520351.367115,-9039020.260764131,10698579.184366552,No,6738302857.725339,NW
1995.25,1170976.1297533938,-45680.08715467947,-1125296.0425987144,-9039020.260764131,10698579.184366552,No,0,NW
1995.3333333333335,1851419.9072602855,-43336.549117690054,-1808083.3581425955,-9039020.260764131,10698579.184366552,No,0,NW
1995.4166666666667,1607740.9018465276,-40993.01108070064,-1566747.890765827,-9039020.260764131,10698579.184366552,No,0,NW
1995.5,-2353071.1967283445,-38649.47304371123,433251047381.08923,-9039020.260764131,10698579.184366552,Yes,433248655660.4195,NW
1995.5833333333335,-2147101.1517575015,-36305.93500672181,5996540348.408324,-9039020.260764131,10698579.184366552,No,5994356941.32156,NW
1995.6666666666667,519656.6792987457,-33962.3969697324,3185946306.5425334,-9039020.260764131,10698579.184366552,No,3186432000.8248625,NW
1995.75,183007.10193436212,-33202.0138102501,-149805.08812411202,-9039020.260764131,10698579.184366552,No,0,NW
1995.8333333333335,82255.43860890517,-32441.6306507678,72794124301.19426,-9039020.260764131,10698579.184366552,No,72794174115.00223,NW
1995.9166666666667,-1123246.8986867089,-31681.247491285496,138106563071.1851,-9039020.260764131,10698579.184366552,Yes,138105408143.0389,NW
1996,2058314.0495669178,-30920.864331803194,400884564958.8668,-9039020.260764131,10698579.184366552,Yes,400886592352.05206,NW
1996.0833333333335,-680481.3173664269,-30160.481172320895,44819121641.44563,-9039020.260764131,10698579.184366552,No,44818410999.647095,NW
1996.1666666666667,-1169470.0165848525,-29400.098012838593,1198870.114597691,-9039020.260764131,10698579.184366552,No,0,NW
1996.25,1170976.1297533938,-28639.71485335629,10423088998.004322,-9039020.260764131,10698579.184366552,No,10424231334.419222,NW
1996.3333333333335,1851419.9072602855,-27879.33169387399,-1823540.5755664115,-9039020.260764131,10698579.184366552,No,0,NW
1996.4166666666667,1607740.9018465276,-27118.94853439169,-1580621.953312136,-9039020.260764131,10698579.184366552,No,0,NW
1996.5,-2353071.1967283445,-26358.565374909387,2379429.762103254,-9039020.260764131,10698579.184366552,No,0,NW
1996.5833333333335,-2147101.1517575015,-25598.18221542709,2172699.3339729286,-9039020.260764131,10698579.184366552,No,0,NW
1996.6666666666667,519656.6792987457,-24837.799055944786,-494818.8802428009,-9039020.260764131,10698579.184366552,No,0,NW
1996.75,183007.10193436212,-24077.415896462484,-158929.68603789964,-9039020.260764131,10698579.184366552,No,0,NW
1996.8333333333335,82255.43860890517,-23317.032736980185,-58938.40587192499,-9039020.260764131,10698579.184366552,No,0,NW
1996.9166666666667,-1123246.8986867089,-23074.606994070753,1146321.5056807797,-9039020.260764131,10698579.184366552,No,0,NW
1997,2058314.0495669178,-22832.181251161324,-2035481.8683157566,-9039020.260764131,10698579.184366552,No,0,NW
1997.0833333333335,-680481.3173664269,-22589.755508251892,76430550145.82828,-9039020.260764131,10698579.184366552,No,76429847074.7554,NW
1997.1666666666667,-1169470.0165848525,-22347.32976534246,908430445226.6913,-9039020.260764131,10698579.184366552,Yes,908429253409.345,NW
1997.25,1170976.1297533938,-22104.90402243303,1085778685443.1615,-9039020.260764131,10698579.184366552,Yes,1085779834314.3872,NW
1997.3333333333335,1851419.9072602855,-21862.4782795236,319972801480.1001,-9039020.260764131,10698579.184366552,Yes,319974631037.5291,NW
1997.4166666666667,1607740.9018465276,-21620.05253661417,112352430519.3501,-9039020.260764131,10698579.184366552,Yes,112354016640.1994,NW
1997.5,-2353071.1967283445,-21377.626793704738,2374448.8235220495,-9039020.260764131,10698579.184366552,No,0,NW
1997.5833333333335,-2147101.1517575015,-21135.201050795305,10989589071.912964,-9039020.260764131,10698579.184366552,No,10987420835.560154,NW
1997.6666666666667,519656.6792987457,-20892.775307885877,827816718.2133654,-9039020.260764131,10698579.184366552,No,828315482.1173563,NW
1997.75,183007.10193436212,-20650.349564976445,177655276046.95883,-9039020.260764131,10698579.184366552,Yes,177655438403.71118,NW
1997.8333333333335,82255.43860890517,-20407.923822067012,44256936273.82106,-9039020.260764131,10698579.184366552,No,44256998121.335846,NW
1997.9166666666667,-1123246.8986867089,-20165.498079157584,66445665408.01736,-9039020.260764131,10698579.184366552,No,66444521995.62059,NW
1998,2058314.0495669178,-19923.07233624815,154950981056.669,-9039020.260764131,10698579.184366552,Yes,154953019447.64624,NW
1998.0833333333335,-680481.3173664269,-18504.53096858828,350243315041.383,-9039020.260764131,10698579.184366552,Yes,350242616055.53467,NW
1998.1666666666667,-1169470.0165848525,-17085.989600928402,600641988725.1868,-9039020.260764131,10698579.184366552,Yes,600640802169.1805,NW
1998.25,1170976.1297533938,-15667.448233268527,89040681128.66234,-9039020.260764131,10698579.184366552,Yes,89041836437.34387,NW
1998.3333333333335,1851419.9072602855,-14248.906865608653,-1837171.0003946768,-9039020.260764131,10698579.184366552,No,0,NW
1998.4166666666667,1607740.9018465276,-12830.36549794878,-1594910.5363485788,-9039020.260764131,10698579.184366552,No,0,NW
1998.5,-2353071.1967283445,-11411.824130288906,2364483.0208586333,-9039020.260764131,10698579.184366552,No,0,NW
1998.5833333333335,-2147101.1517575015,-9993.282762629031,2157094.4345201305,-9039020.260764131,10698579.184366552,No,0,NW
1998.6666666666667,519656.6792987457,-8574.741394969156,-511081.93790377653,-9039020.260764131,10698579.184366552,No,0,NW
1998.75,183007.10193436212,-7156.200027309282,-175850.90190705284,-9039020.260764131,10698579.184366552,No,0,NW
1998.8333333333335,82255.43860890517,-5737.658659649407,-76517.77994925577,-9039020.260764131,10698579.184366552,No,0,NW
1998.9166666666667,-1123246.8986867089,-4319.117291989533,1127566.0159786984,-9039020.260764131,10698579.184366552,No,0,NW
1999,2058314.0495669178,-2900.575924329659,-2055413.4736425881,-9039020.260764131,10698579.184366552,No,0,NW
1999.0833333333335,-680481.3173664269,-1482.0345566697845,681963.3519230967,-9039020.260764131,10698579.184366552,No,0,NW
1999.1666666666667,-1169470.0165848525,-63.49318900991043,1169533.5097738623,-9039020.260764131,10698579.184366552,No,0,NW
1999.25,1170976.1297533938,-1235.9253903855072,-1169740.2043630083,-9039020.260764131,10698579.184366552,No,0,NW
1999.3333333333335,1851419.9072602855,-2408.3575917611042,-1849011.5496685244,-9039020.260764131,10698579.184366552,No,0,NW
1999.4166666666667,1607740.9018465276,-3580.789793136701,21939705362.900486,-9039020.260764131,10698579.184366552,No,21941309523.01254,NW
1999.5,-2353071.1967283445,-4753.221994512298,2357824.418722857,-9039020.260764131,10698579.184366552,No,0,NW
1999.5833333333335,-2147101.1517575015,-5925.654195887894,335998136390.6444,-9039020.260764131,10698579.184366552,Yes,335995983363.8385,NW
1999.6666666666667,519656.6792987457,-7098.086397263492,391612362716.533,-9039020.260764131,10698579.184366552,Yes,391612875275.1259,NW
1999.75,183007.10193436212,-8270.518598639088,-174736.58333572303,-9039020.260764131,10698579.184366552,No,0,NW
1999.8333333333335,82255.43860890517,-9442.950800014685,-72812.48780889048,-9039020.260764131,10698579.184366552,No,0,NW
1999.9166666666667,-1123246.8986867089,-10615.383001390283,1133862.2816880993,-9039020.260764131,10698579.184366552,No,0,NW
2000,2058314.0495669178,-11787.815202765878,-2046526.234364152,-9039020.260764131,10698579.184366552,No,0,NW
2000.0833333333335,-680481.3173664269,-12960.247404141475,693441.5647705684,-9039020.260764131,10698579.184366552,No,0,NW
2000.1666666666667,-1169470.0165848525,-14132.679605517073,1183602.6961903695,-9039020.260764131,10698579.184366552,No,0,NW
2000.25,1170976.1297533938,-15305.11180689267,-1155671.0179465013,-9039020.260764131,10698579.184366552,No,0,NW
2000.3333333333335,1851419.9072602855,-16477.544008268265,27411659467.18953,-9039020.260764131,10698579.184366552,No,27413494409.55278,NW
2000.4166666666667,1607740.9018465276,-20731.001354847813,17464303945.277653,-9039020.260764131,10698579.184366552,No,17465890955.178146,NW
2000.5,-2353071.1967283445,-24984.458701427364,122987765089.5986,-9039020.260764131,10698579.184366552,Yes,122985387033.94318,NW
2000.5833333333335,-2147101.1517575015,-29237.91604800691,2176339.0678055086,-9039020.260764131,10698579.184366552,No,0,NW
2000.6666666666667,519656.6792987457,-33491.37339458646,-486165.30590415926,-9039020.260764131,10698579.184366552,No,0,NW
2000.75,183007.10193436212,-37744.830741166006,-145262.27119319612,-9039020.260764131,10698579.184366552,No,-2.9103830456733704e-11,NW
2000.8333333333335,82255.43860890517,-41998.288087745554,-40257.150521159616,-9039020.260764131,10698579.184366552,No,0,NW
2000.9166666666667,-1123246.8986867089,-46251.7454343251,1169498.644121034,-9039020.260764131,10698579.184366552,No,0,NW
2001,2058314.0495669178,-50505.202780904656,-2007808.846786013,-9039020.260764131,10698579.184366552,No,0,NW
2001.0833333333335,-680481.3173664269,-54758.6601274842,735239.9774939112,-9039020.260764131,10698579.184366552,No,0,NW
2001.1666666666667,-1169470.0165848525,-59012.11747406375,3027419781.3870125,-9039020.260764131,10698579.184366552,No,3026191299.2529535,NW
2001.25,1170976.1297533938,-63265.5748206433,4873187582.403757,-9039020.260764131,10698579.184366552,No,4874295292.95869,NW
2001.3333333333335,1851419.9072602855,-67519.03216722285,-1783900.8750930626,-9039020.260764131,10698579.184366552,No,0,NW
2001.4166666666667,1607740.9018465276,-71772.4895138024,-1535968.4123327252,-9039020.260764131,10698579.184366552,No,0,NW
2001.5,-2353071.1967283445,-76025.94686038194,2429097.1435887264,-9039020.260764131,10698579.184366552,No,0,NW
2001.5833333333335,-2147101.1517575015,-79885.92062357726,5809293092.531762,-9039020.260764131,10698579.184366552,No,5807066105.459381,NW
2001.6666666666667,519656.6792987457,-83745.89438677256,-435910.78491197317,-9039020.260764131,10698579.184366552,No,0,NW
2001.75,183007.10193436212,-87605.86814996788,-95401.23378439424,-9039020.260764131,10698579.184366552,No,0,NW
2001.8333333333335,82255.43860890517,-91465.84191316318,9210.403304258012,-9039020.260764131,10698579.184366552,No,0,NW
2001.9166666666667,-1123246.8986867089,-95325.8156763585,1218572.7143630674,-9039020.260764131,10698579.184366552,No,0,NW
2002,2058314.0495669178,-99185.7894395538,154350964891.09128,-9039020.260764131,10698579.184366552,Yes,154352924019.3514,NW
2002.0833333333335,-680481.3173664269,-103045.76320274912,72991552268.11815,-9039020.260764131,10698579.184366552,No,72990768741.03758,NW
2002.1666666666667,-1169470.0165848525,-106905.73696594444,95861577258.62077,-9039020.260764131,10698579.184366552,Yes,95860300882.86722,NW
2002.25,1170976.1297533938,-110765.71072913974,-1060210.4190242542,-9039020.260764131,10698579.184366552,No,-2.3283064365386963e-10,NW
2002.3333333333335,1851419.9072602855,-114625.68449233506,-1736794.2227679505,-9039020.260764131,10698579.184366552,No,0,NW
2002.4166666666667,1607740.9018465276,-118485.65825553036,-1489255.2435909973,-9039020.260764131,10698579.184366552,No,0,NW
2002.5,-2353071.1967283445,-122345.63201872568,2475416.8287470704,-9039020.260764131,10698579.184366552,No,0,NW
2002.5833333333335,-2147101.1517575015,-126205.60578192098,2273306.7575394227,-9039020.260764131,10698579.184366552,No,0,NW
2002.6666666666667,519656.6792987457,-130065.5795451163,6739634531.003303,-9039020.260764131,10698579.184366552,No,6740024122.103056,NW
2002.75,183007.10193436212,-134820.53488626872,157568212915.8521,-9039020.260764131,10698579.184366552,Yes,157568261102.41916,NW
2002.8333333333335,82255.43860890517,-139575.49022742116,57320.051618515994,-9039020.260764131,10698579.184366552,No,0,NW
2002.9166666666667,-1123246.8986867089,-144330.4455685736,1267577.3442552825,-9039020.260764131,10698579.184366552,No,0,NW
2003,2058314.0495669178,-149085.40090972604,-1909228.6486571918,-9039020.260764131,10698579.184366552,No,0,NW
2003.0833333333335,-680481.3173664269,-153840.35625087848,834321.6736173055,-9039020.260764131,10698579.184366552,No,1.1641532182693481e-10,NW
2003.1666666666667,-1169470.0165848525,-158595.31159203092,3076019495.4264216,-9039020.260764131,10698579.184366552,No,3074691430.0982447,NW
2003.25,1170976.1297533938,-163350.26693318336,-1007625.8628202104,-9039020.260764131,10698579.184366552,No,0,NW
2003.3333333333335,1851419.9072602855,-168105.2222743358,-1683314.6849859497,-9039020.260764131,10698579.184366552,No,0,NW
2003.4166666666667,1607740.9018465276,-172860.17761548824,-1434880.7242310394,-9039020.260764131,10698579.184366552,No,0,NW
2003.5,-2353071.1967283445,-177615.13295664068,2530686.3296849853,-9039020.260764131,10698579.184366552,No,0,NW
2003.5833333333335,-2147101.1517575015,-182370.08829779312,155522294720.22217,-9039020.260764131,10698579.184366552,Yes,155519965248.98212,NW
2003.6666666666667,519656.6792987457,-187125.04363894556,279750015718.0608,-9039020.260764131,10698579.184366552,Yes,279750348249.6965,NW
2003.75,183007.10193436212,-191879.998980098,60375477254.78997,-9039020.260764131,10698579.184366552,No,60375468381.89293,NW
2003.8333333333335,82255.43860890517,-196634.95432125044,114379.51571234527,-9039020.260764131,10698579.184366552,No,0,NW
2003.9166666666667,-1123246.8986867089,-200822.51547252227,1324069.4141592311,-9039020.260764131,10698579.184366552,No,0,NW
2004,2058314.0495669178,-205010.0766237941,-1853303.9729431237,-9039020.260764131,10698579.184366552,No,0,NW
2004.0833333333335,-680481.3173664269,-209197.63777506593,889678.9551414929,-9039020.260764131,10698579.184366552,No,0,NW
2004.1666666666667,-1169470.0165848525,-213385.19892633776,1382855.2155111902,-9039020.260764131,10698579.184366552,No,0,NW
2004.25,1170976.1297533938,-217572.7600776096,-953403.3696757843,-9039020.260764131,10698579.184366552,No,0,NW
2004.3333333333335,1851419.9072602855,-221760.32122888142,-1629659.586031404,-9039020.260764131,10698579.184366552,No,0,NW
2004.4166666666667,1607740.9018465276,-225947.88238015326,469694610172.9788,-9039020.260764131,10698579.184366552,Yes,469695991965.9983,NW
2004.5,-2353071.1967283445,-230135.4435314251,21169153496.40429,-9039020.260764131,10698579.184366552,No,21166570289.76403,NW
2004.5833333333335,-2147101.1517575015,-234323.00468269695,1076061808083.5668,-9039020.260764131,10698579.184366552,Yes,1076059426659.4104,NW
2004.6666666666667,519656.6792987457,-238510.56583396878,-281146.1134647769,-9039020.260764131,10698579.184366552,No,0,NW
2004.75,183007.10193436212,-242698.1269852406,59691.025050878496,-9039020.260764131,10698579.184366552,No,0,NW
2004.8333333333335,82255.43860890517,-246885.68813651244,164630.2495276073,-9039020.260764131,10698579.184366552,No,1.4551915228366852e-11,NW
2004.9166666666667,-1123246.8986867089,-251073.24928778427,1374320.1479744932,-9039020.260764131,10698579.184366552,No,0,NW
2005,2058314.0495669178,-255260.8104390561,-1803053.2391278618,-9039020.260764131,10698579.184366552,No,0,NW
2005.0833333333335,-680481.3173664269,-254450.51709639817,934931.8344628251,-9039020.260764131,10698579.184366552,No,0,NW
2005.1666666666667,-1169470.0165848525,-253640.22375374023,1423110.2403385928,-9039020.260764131,10698579.184366552,No,0,NW
2005.25,1170976.1297533938,-252829.93041108228,-918146.1993423116,-9039020.260764131,10698579.184366552,No,0,NW
2005.3333333333335,1851419.9072602855,-252019.63706842437,4634394098.259447,-9039020.260764131,10698579.184366552,No,4635993498.529638,NW
2005.4166666666667,1607740.9018465276,-251209.34372576643,33703953385.78882,-9039020.260764131,10698579.184366552,No,33705309917.34694,NW
2005.5,-2353071.1967283445,-250399.0503831085,121052086285.82095,-9039020.260764131,10698579.184366552,Yes,121049482815.57384,NW
2005.5833333333335,-2147101.1517575015,-249588.75704045055,60838052156.402626,-9039020.260764131,10698579.184366552,No,60835655466.49383,NW
2005.6666666666667,519656.6792987457,-248778.4636977926,-270878.2156009531,-9039020.260764131,10698579.184366552,No,0,NW
2005.75,183007.10193436212,-247968.17035513467,64961.06842077256,-9039020.260764131,10698579.184366552,No,0,NW
2005.8333333333335,82255.43860890517,-247157.87701247673,164902.43840357155,-9039020.260764131,10698579.184366552,No,-1.4551915228366852e-11,NW
2005.9166666666667,-1123246.8986867089,-246347.58366981882,1369594.4823565278,-9039020.260764131,10698579.184366552,No,0,NW
2006,2058314.0495669178,-245537.29032716088,-1812776.759239757,-9039020.260764131,10698579.184366552,No,0,NW
2006.0833333333335,-680481.3173664269,-244726.99698450294,925208.3143509298,-9039020.260764131,10698579.184366552,No,-1.1641532182693481e-10,NW
2006.1666666666667,-1169470.0165848525,-243916.703641845,1413386.7202266974,-9039020.260764131,10698579.184366552,No,0,NW
2006.25,1170976.1297533938,-236105.82680735545,-934870.3029460383,-9039020.260764131,10698579.184366552,No,0,NW
2006.3333333333335,1851419.9072602855,-228294.94997286593,261030245345.20157,-9039020.260764131,10698579.184366552,Yes,261031868470.15884,NW
2006.4166666666667,1607740.9018465276,-220484.07313837638,752444544737.6357,-9039020.260764131,10698579.184366552,Yes,752445931994.4645,NW
2006.5,-2353071.1967283445,-212673.19630388683,664953407022.8268,-9039020.260764131,10698579.184366552,Yes,664950841278.4337,NW
2006.5833333333335,-2147101.1517575015,-204862.3194693973,94339000459.01736,-9039020.260764131,10698579.184366552,Yes,94336648495.54613,NW
2006.6666666666667,519656.6792987457,-197051.44263490775,5905862572.837304,-9039020.260764131,10698579.184366552,No,5906185178.073968,NW
2006.75,183007.10193436212,-189240.5658004182,745502555564.2368,-9039020.260764131,10698579.184366552,Yes,745502549330.773,NW
2006.8333333333335,82255.43860890517,-181429.68896592868,1232895802532.8643,-9039020.260764131,10698579.184366552,Yes,1232895703358.614,NW
2006.9166666666667,-1123246.8986867089,-173618.81213143913,422740223836.4359,-9039020.260764131,10698579.184366552,Yes,422738926970.7251,NW
2007,2058314.0495669178,-165807.93529694958,236352649096.24527,-9039020.260764131,10698579.184366552,Yes,236354541602.35953,NW
2007.0833333333335,-680481.3173664269,-157997.05846246006,15479537785.734472,-9039020.260764131,10698579.184366552,No,15478699307.358644,NW
2007.1666666666667,-1169470.0165848525,-150186.1816279705,74690087898.2475,-9039020.260764131,10698579.184366552,No,74688768242.04929,NW
2007.25,1170976.1297533938,-142375.30479348096,-1028600.8249599128,-9039020.260764131,10698579.184366552,No,0,NW
2007.3333333333335,1851419.9072602855,-134564.42795899144,-1716855.479301294,-9039020.260764131,10698579.184366552,No,0,NW
2007.4166666666667,1607740.9018465276,-125805.08262297015,-1481935.8192235574,-9039020.260764131,10698579.184366552,No,0,NW
2007.5,-2353071.1967283445,-117045.73728694886,4995804239.706066,-9039020.260764131,10698579.184366552,No,4993334122.772051,NW
2007.5833333333335,-2147101.1517575015,-108286.39195092757,34412175853.48042,-9039020.260764131,10698579.184366552,No,34409920465.936714,NW
2007.6666666666667,519656.6792987457,-99527.04661490628,-420129.6326838394,-9039020.260764131,10698579.184366552,No,0,NW
2007.75,183007.10193436212,-90767.70127888498,-92239.40065547713,-9039020.260764131,10698579.184366552,No,0,NW
2007.8333333333335,82255.43860890517,-82008.3559428637,-247.08266604147502,-9039020.260764131,10698579.184366552,No,0,NW
2007.9166666666667,-1123246.8986867089,-73249.0106068424,1196495.9092935512,-9039020.260764131,10698579.184366552,No,0,NW
2008,2058314.0495669178,-64489.66527082112,4967051073.232209,-9039020.260764131,10698579.184366552,No,4969044897.616506,NW
2008.0833333333335,-680481.3173664269,-55730.31993479983,243881751489.27115,-9039020.260764131,10698579.184366552,Yes,243881015277.63385,NW
2008.1666666666667,-1169470.0165848525,-46970.97459877854,118444801558.82596,-9039020.260764131,10698579.184366552,Yes,118443585117.83478,NW
2008.25,1170976.1297533938,-38211.62926275725,2222951326.2360134,-9039020.260764131,10698579.184366552,No,2224084090.736504,NW
2008.3333333333335,1851419.9072602855,-29452.28392673596,11331963165.442749,-9039020.260764131,10698579.184366552,No,11333785133.066084,NW
2008.4166666666667,1607740.9018465276,-20692.93859071467,-1587047.9632558129,-9039020.260764131,10698579.184366552,No,0,NW
2008.5,-2353071.1967283445,-11933.593254693387,29487618567.803436,-9039020.260764131,10698579.184366552,No,29485253563.013454,NW
2008.5833333333335,-2147101.1517575015,-8716.102402506705,25363628610.18373,-9039020.260764131,10698579.184366552,No,25361472792.929573,NW
2008.6666666666667,519656.6792987457,-5498.611550320022,16581213458.041023,-9039020.260764131,10698579.184366552,No,16581727616.108772,NW
2008.75,183007.10193436212,-2281.120698133339,-180725.98123622878,-9039020.260764131,10698579.184366552,No,0,NW
2008.8333333333335,82255.43860890517,936.3701540533439,-83191.8087629585,-9039020.260764131,10698579.184366552,No,1.4551915228366852e-11,NW
2008.9166666666667,-1123246.8986867089,4153.861006240027,1119093.0376804688,-9039020.260764131,10698579.184366552,No,0,NW
2009,2058314.0495669178,7371.351858426709,-2065685.4014253446,-9039020.260764131,10698579.184366552,No,0,NW
2009.0833333333335,-680481.3173664269,10588.842710613393,669892.4746558135,-9039020.260764131,10698579.184366552,No,0,NW
2009.1666666666667,-1169470.0165848525,13806.333562800075,1155663.6830220525,-9039020.260764131,10698579.184366552,No,0,NW
2009.25,1170976.1297533938,17023.824414986757,-1187999.9541683805,-9039020.260764131,10698579.184366552,No,0,NW
2009.3333333333335,1851419.9072602855,20241.315267173442,-1871661.2225274588,-9039020.260764131,10698579.184366552,No,0,NW
2009.4166666666667,1607740.9018465276,23458.806119360124,314353979127.7388,-9039020.260764131,10698579.184366552,Yes,314355610327.4467,NW
2009.5,-2353071.1967283445,26676.296971546806,424069509623.7602,-9039020.260764131,10698579.184366552,Yes,424067183228.8605,NW
2009.5833333333335,-2147101.1517575015,29893.787823733488,2117207.363933768,-9039020.260764131,10698579.184366552,No,0,NW
2009.6666666666667,519656.6792987457,33111.27867592018,-552767.9579746659,-9039020.260764131,10698579.184366552,No,-5.820766091346741e-11,NW
2009.75,183007.10193436212,36002.263773641906,388819588448.7511,-9039020.260764131,10698579.184366552,Yes,388819807458.1168,NW
2009.8333333333335,82255.43860890517,38893.248871363634,108591201786.04997,-9039020.260764131,10698579.184366552,Yes,108591322934.73746,NW
2009.9166666666667,-1123246.8986867089,41784.233969085355,1295314551.3991656,-9039020.260764131,10698579.184366552,No,1294233088.734448,NW
2010,2058314.0495669178,44675.21906680708,2173377986.71637,-9039020.260764131,10698579.184366552,No,2175480975.9850035,NW
2010.0833333333335,-680481.3173664269,47566.20416452881,632915.113201898,-9039020.260764131,10698579.184366552,No,-1.1641532182693481e-10,NW
2010.1666666666667,-1169470.0165848525,50457.18926225054,1119012.827322602,-9039020.260764131,10698579.184366552,No,0,NW
2010.25,1170976.1297533938,53348.17435997227,474521406140.2026,-9039020.260764131,10698579.184366552,Yes,474522630464.5067,NW
2010.3333333333335,1851419.9072602855,56239.159457694,82106823457.17288,-9039020.260764131,10698579.184366552,No,82108731116.2396,NW
2010.4166666666667,1607740.9018465276,59130.14455541572,61263876667.139046,-9039020.260764131,10698579.184366552,No,61265543538.18545,NW
2010.5,-2353071.1967283445,62021.12965313745,2291050.067075207,-9039020.260764131,10698579.184366552,No,0,NW
2010.5833333333335,-2147101.1517575015,64912.114750859175,22378493651.548744,-9039020.260764131,10698579.184366552,No,22376411462.511738,NW
2010.6666666666667,519656.6792987457,67803.0998485809,80721091916.83081,-9039020.260764131,10698579.184366552,No,80721679376.60997,NW
2010.75,183007.10193436212,70694.08494630262,-253701.18688066473,-9039020.260764131,10698579.184366552,No,2.9103830456733704e-11,NW
2010.8333333333335,82255.43860890517,73585.07004402435,-155840.5086529295,-9039020.260764131,10698579.184366552,No,1.4551915228366852e-11,NW
2010.9166666666667,-1123246.8986867089,73957.23597791395,1049289.662708795,-9039020.260764131,10698579.184366552,No,0,NW
2011,2058314.0495669178,74329.40191180355,10151414679.951838,-9039020.260764131,10698579.184366552,No,10153547323.403316,NW
2011.0833333333335,-680481.3173664269,74701.56784569315,78904489642.41304,-9039020.260764131,10698579.184366552,No,78903883862.66351,NW
2011.1666666666667,-1169470.0165848525,75073.73377958273,1094396.2828052698,-9039020.260764131,10698579.184366552,No,0,NW
2011.25,1170976.1297533938,75445.89971347233,397584583290.4013,-9039020.260764131,10698579.184366552,Yes,397585829712.4308,NW
2011.3333333333335,1851419.9072602855,75818.06564736193,1245830443871.6917,-9039020.260764131,10698579.184366552,Yes,1245832371109.6646,NW
2011.4166666666667,1607740.9018465276,76190.23158125153,85016843098.35034,-9039020.260764131,10698579.184366552,Yes,85018527029.48376,NW
2011.5,-2353071.1967283445,76562.39751514113,2276508.7992132036,-9039020.260764131,10698579.184366552,No,0,NW
2011.5833333333335,-2147101.1517575015,76934.56344903073,2070166.5883084708,-9039020.260764131,10698579.184366552,No,0,NW
2011.6666666666667,519656.6792987457,77306.72938292033,5473984394.801665,-9039020.260764131,10698579.184366552,No,5474581358.210346,NW
2011.75,183007.10193436212,77678.89531680991,86559153181.28801,-9039020.260764131,10698579.184366552,Yes,86559413867.28525,NW
2011.8333333333335,82255.43860890517,78051.06125069951,-160306.4998596047,-9039020.260764131,10698579.184366552,No,-1.4551915228366852e-11,NW
2011.9166666666667,-1123246.8986867089,78423.22718458911,4370501905.923559,-9039020.260764131,10698579.184366552,No,4369457082.252057,NW
2012,2058314.0495669178,78795.3931184787,-2137109.4426853964,-9039020.260764131,10698579.184366552,No,2.3283064365386963e-10,NW
2012.0833333333335,-680481.3173664269,77078.78390541552,603402.5334610114,-9039020.260764131,10698579.184366552,No,0,NW
2012.1666666666667,-1169470.0165848525,75362.17469235233,16155413726.393797,-9039020.260764131,10698579.184366552,No,16154319618.551905,NW
2012.25,1170976.1297533938,73645.56547928913,-1244621.6952326829,-9039020.260764131,10698579.184366552,No,0,NW
2012.3333333333335,1851419.9072602855,71928.95626622594,42100388545.9617,-9039020.260764131,10698579.184366552,No,42102311894.825226,NW
2012.4166666666667,1607740.9018465276,70212.34705316275,173947233775.83154,-9039020.260764131,10698579.184366552,Yes,173948911729.08044,NW
2012.5,-2353071.1967283445,68495.73784009957,2284575.458888245,-9039020.260764131,10698579.184366552,No,0,NW
2012.5833333333335,-2147101.1517575015,66779.12862703636,532158563845.20465,-9039020.260764131,10698579.184366552,Yes,532156483523.1815,NW
2012.6666666666667,519656.6792987457,65062.519413973176,128775902636.41968,-9039020.260764131,10698579.184366552,Yes,128776487355.6184,NW
2012.75,183007.10193436212,63345.91020090999,45313057174.00105,-9039020.260764131,10698579.184366552,No,45313303527.01319,NW
2012.8333333333335,82255.43860890517,61629.3009878468,-143884.73959675198,-9039020.260764131,10698579.184366552,No,-1.4551915228366852e-11,NW
2012.9166666666667,-1123246.8986867089,59912.691774783605,1063334.2069119252,-9039020.260764131,10698579.184366552,No,0,NW
2013,2058314.0495669178,58196.08256172042,-2116510.132128638,-9039020.260764131,10698579.184366552,No,0,NW
2013.0833333333335,-680481.3173664269,56479.47334865722,624001.8440177697,-9039020.260764131,10698579.184366552,No,0,NW
2013.1666666666667,-1169470.0165848525,54762.864135594034,1114707.1524492584,-9039020.260764131,10698579.184366552,No,0,NW
2013.25,1170976.1297533938,50628.697683160266,-1221604.827436554,-9039020.260764131,10698579.184366552,No,0,NW
2013.3333333333335,1851419.9072602855,46494.5312307265,-1897914.438491012,-9039020.260764131,10698579.184366552,No,0,NW
2013.4166666666667,1607740.9018465276,42360.36477829272,-1650101.2666248204,-9039020.260764131,10698579.184366552,No,0,NW
2013.5,-2353071.1967283445,38226.19832585895,214850305894.48563,-9039020.260764131,10698579.184366552,Yes,214847991049.48724,NW
2013.5833333333335,-2147101.1517575015,34092.031873425185,240834179543.1737,-9039020.260764131,10698579.184366552,Yes,240832066534.0538,NW
2013.6666666666667,519656.6792987457,29957.865420991413,-549614.5447197371,-9039020.260764131,10698579.184366552,No,0,NW
2013.75,183007.10193436212,25823.69896855764,183559777805.40894,-9039020.260764131,10698579.184366552,Yes,183559986636.20984,NW
2013.8333333333335,82255.43860890517,21689.532516123872,68703868512.36012,-9039020.260764131,10698579.184366552,No,68703972457.331245,NW
2013.9166666666667,-1123246.8986867089,17555.366063690104,1105691.5326230188,-9039020.260764131,10698579.184366552,No,0,NW
2014,2058314.0495669178,13421.199611256332,-2071735.2491781742,-9039020.260764131,10698579.184366552,No,0,NW
2014.0833333333335,-680481.3173664269,9287.033158822562,671194.2842076044,-9039020.260764131,10698579.184366552,No,0,NW
2014.1666666666667,-1169470.0165848525,5152.8667063887915,1164317.1498784637,-9039020.260764131,10698579.184366552,No,0,NW
2014.25,1170976.1297533938,1018.7002539550213,44066537845.237465,-9039020.260764131,10698579.184366552,No,44067709840.067474,NW
2014.3333333333335,1851419.9072602855,-3115.4661984787476,43908419157.39559,-9039020.260764131,10698579.184366552,No,43910267461.83665,NW
2014.4166666666667,1607740.9018465276,-9155.50951522906,127999094471.46213,-9039020.260764131,10698579.184366552,Yes,128000693056.85445,NW
2014.5,-2353071.1967283445,-15195.552831979372,85313835090.82387,-9039020.260764131,10698579.184366552,Yes,85311466824.07431,NW
2014.5833333333335,-2147101.1517575015,-21235.596148729685,136440529296.78314,-9039020.260764131,10698579.184366552,Yes,136438360960.03523,NW
2014.6666666666667,519656.6792987457,-27275.63946548,1359264288527.6572,-9039020.260764131,10698579.184366552,Yes,1359264780908.697,NW
2014.75,183007.10193436212,-33315.68278223031,1261656044312.9675,-9039020.260764131,10698579.184366552,Yes,1261656194004.3867,NW
2014.8333333333335,82255.43860890517,-39355.726098980624,239798953146.66736,-9039020.260764131,10698579.184366552,Yes,239798996046.37985,NW
2014.9166666666667,-1123246.8986867089,-45395.76941573094,13757782493.8395,-9039020.260764131,10698579.184366552,No,13756613851.171398,NW
2015,2058314.0495669178,-51435.812732481245,-2006878.2368344367,-9039020.260764131,10698579.184366552,No,0,NW
2015.0833333333335,-680481.3173664269,-57475.85604923156,737957.1734156585,-9039020.260764131,10698579.184366552,No,0,NW
2015.1666666666667,-1169470.0165848525,-63515.89936598187,1232985.9159508343,-9039020.260764131,10698579.184366552,No,0,NW
2015.25,1170976.1297533938,-69555.94268273219,-1101420.1870706617,-9039020.260764131,10698579.184366552,No,0,NW
2015.3333333333335,1851419.9072602855,-75595.9859994825,-1775823.921260803,-9039020.260764131,10698579.184366552,No,0,NW
2015.4166666666667,1607740.9018465276,-81636.02931623282,3224937038.5534787,-9039020.260764131,10698579.184366552,No,3226463143.4260087,NW
2015.5,-2353071.1967283445,-87676.07263298312,80002057620.61752,-9039020.260764131,10698579.184366552,No,79999616873.34816,NW
2015.5833333333335,-2147101.1517575015,-89356.81804434862,13598440328.356058,-9039020.260764131,10698579.184366552,No,13596203870.386255,NW
2015.6666666666667,519656.6792987457,-91037.56345571413,2448575950.447349,-9039020.260764131,10698579.184366552,No,2449004569.5631924,NW
2015.75,183007.10193436212,-92718.30886707963,8106052588.2488165,-9039020.260764131,10698579.184366552,No,8106142877.041883,NW
2015.8333333333335,82255.43860890517,-94399.05427844512,582102165711.182,-9039020.260764131,10698579.184366552,Yes,582102153567.5663,NW
2015.9166666666667,-1123246.8986867089,-96079.79968981062,423686482360.63165,-9039020.260764131,10698579.184366552,Yes,423685263033.9333,NW
2016,2058314.0495669178,-97760.54510117613,491841326594.9526,-9039020.260764131,10698579.184366552,Yes,491843287148.45703,NW
2016.0833333333335,-680481.3173664269,-99441.29051254163,204122784121.4038,-9039020.260764131,10698579.184366552,Yes,204122004198.79593,NW
2016.1666666666667,-1169470.0165848525,-101122.03592390713,1270592.0525087595,-9039020.260764131,10698579.184366552,No,0,NW
2016.25,1170976.1297533938,-102802.78133527264,-1068173.3484181212,-9039020.260764131,10698579.184366552,No,0,NW
2016.3333333333335,1851419.9072602855,-104483.52674663813,-1746936.3805136473,-9039020.260764131,10698579.184366552,No,0,NW
2016.4166666666667,1607740.9018465276,-106164.27215800363,333913824687.7431,-9039020.260764131,10698579.184366552,Yes,333915326264.3728,NW
2016.5,-2353071.1967283445,-107845.01756936913,2460916.2142977137,-9039020.260764131,10698579.184366552,No,0,NW
2016.5833333333335,-2147101.1517575015,-109525.76298073464,2256626.914738236,-9039020.260764131,10698579.184366552,No,0,NW
2016.6666666666667,519656.6792987457,-111206.50839210014,-408450.1709066456,-9039020.260764131,10698579.184366552,No,0,NW
2016.75,183007.10193436212,-108998.24802072464,-74008.85391363747,-9039020.260764131,10698579.184366552,No,0,NW
2016.8333333333335,82255.43860890517,-106789.98764934915,24534.549040443977,-9039020.260764131,10698579.184366552,No,0,NW
2016.9166666666667,-1123246.8986867089,-104581.72727797365,4212764828.959303,-9039020.260764131,10698579.184366552,No,4211537000.3333383,NW
2017,2058314.0495669178,-102373.46690659816,-1955940.5826603197,-9039020.260764131,10698579.184366552,No,0,NW
2017.0833333333335,-680481.3173664269,-100165.20653522266,780646.5239016496,-9039020.260764131,10698579.184366552,No,0,NW
2017.1666666666667,-1169470.0165848525,-97956.94616384717,5276640110.964543,-9039020.260764131,10698579.184366552,No,5275372684.001795,NW
2017.25,1170976.1297533938,-95748.68579247168,110351562683.54843,-9039020.260764131,10698579.184366552,Yes,110352637910.9924,NW
2017.3333333333335,1851419.9072602855,-93540.42542109618,137040123692.24905,-9039020.260764131,10698579.184366552,Yes,137041881571.7309,NW
2017.4166666666667,1607740.9018465276,-91332.16504972067,52730539753.32892,-9039020.260764131,10698579.184366552,No,52732056162.06572,NW
2017.5,-2353071.1967283445,-89123.90467834518,2442195.1014066897,-9039020.260764131,10698579.184366552,No,0,NW
2017.5833333333335,-2147101.1517575015,-86915.64430696968,2234016.7960644714,-9039020.260764131,10698579.184366552,No,0,NW
2017.6666666666667,519656.6792987457,-84707.38393559419,-434949.2953631515,-9039020.260764131,10698579.184366552,No,0,NW
2017.75,183007.10193436212,-82499.1235642187,-100507.97837014342,-9039020.260764131,10698579.184366552,No,0,NW
2017.8333333333335,82255.43860890517,-80290.8631928432,-1964.575416061969,-9039020.260764131,10698579.184366552,No,0,NW
2017.9166666666667,-1123246.8986867089,-79348.16733410071,1202595.0660208096,-9039020.260764131,10698579.184366552,No,0,NW
2018,2058314.0495669178,-78405.47147535824,-1979908.5780915595,-9039020.260764131,10698579.184366552,No,2.3283064365386963e-10,NW
2018.0833333333335,-680481.3173664269,-77462.77561661575,757944.0929830427,-9039020.260764131,10698579.184366552,No,0,NW
2018.1666666666667,-1169470.0165848525,-76520.07975787327,1245990.0963427257,-9039020.260764131,10698579.184366552,No,0,NW
2018.25,1170976.1297533938,-75577.38389913079,-1095398.745854263,-9039020.260764131,10698579.184366552,No,0,NW
2018.3333333333335,1851419.9072602855,-74634.68804038831,-1776785.2192198972,-9039020.260764131,10698579.184366552,No,0,NW
2018.4166666666667,1607740.9018465276,-73691.99218164582,-1534048.9096648819,-9039020.260764131,10698579.184366552,No,0,NW
2018.5,-2353071.1967283445,-72749.29632290333,216291333197.17825,-9039020.260764131,10698579.184366552,Yes,216288907376.6852,NW
2018.5833333333335,-2147101.1517575015,-71806.60046416086,2218907.7522216626,-9039020.260764131,10698579.184366552,No,0,NW
2018.6666666666667,519656.6792987457,-70863.90460541837,-448792.7746933273,-9039020.260764131,10698579.184366552,No,0,NW
2018.75,183007.10193436212,-69921.2087466759,-113085.89318768622,-9039020.260764131,10698579.184366552,No,0,NW
2018.8333333333335,82255.43860890517,-68978.51288793341,-13276.925720971762,-9039020.260764131,10698579.184366552,No,0,NW
2018.9166666666667,-1123246.8986867089,-68035.81702919093,1191282.7157158998,-9039020.260764131,10698579.184366552,No,0,NW
2019,2058314.0495669178,-67093.12117044844,-1991220.9283964694,-9039020.260764131,10698579.184366552,No,0,NW
2019.0833333333335,-680481.3173664269,-67846.08284981642,748327.4002162433,-9039020.260764131,10698579.184366552,No,0,NW
2019.1666666666667,-1169470.0165848525,-68599.0445291844,1238069.061114037,-9039020.260764131,10698579.184366552,No,0,NW
2019.25,1170976.1297533938,-69352.00620855235,-1101624.1235448415,-9039020.260764131,10698579.184366552,No,0,NW
2019.3333333333335,1851419.9072602855,-70104.96788792033,-1781314.9393723651,-9039020.260764131,10698579.184366552,No,0,NW
2019.4166666666667,1607740.9018465276,-70857.9295672883,-1536882.9722792392,-9039020.260764131,10698579.184366552,No,0,NW
2019.5,-2353071.1967283445,-71610.89124665628,43760896607.36329,-9039020.260764131,10698579.184366552,No,43758471925.275314,NW
2019.5833333333335,-2147101.1517575015,-72363.85292602425,2219465.0046835258,-9039020.260764131,10698579.184366552,No,0,NW
2019.6666666666667,519656.6792987457,-73116.81460539221,-446539.8646933535,-9039020.260764131,10698579.184366552,No,0,NW
2019.75,183007.10193436212,-73869.77628476018,-109137.32564960193,-9039020.260764131,10698579.184366552,No,0,NW
2019.8333333333335,82255.43860890517,-74622.73796412816,-7632.700644777011,-9039020.260764131,10698579.184366552,No,0,NW
2019.9166666666667,-1123246.8986867089,-75375.69964349613,1198622.598330205,-9039020.260764131,10698579.184366552,No,0,NW
2020,2058314.0495669178,-76128.66132286409,-1982185.3882440538,-9039020.260764131,10698579.184366552,No,0,NW
2020.0833333333335,-680481.3173664269,-76881.62300223207,55081345898.89284,-9039020.260764131,10698579.184366552,No,55080588535.95247,NW
2020.1666666666667,-1169470.0165848525,-77634.58468160004,25243205068.438347,-9039020.260764131,10698579.184366552,No,25241957963.837078,NW
2020.25,1170976.1297533938,-72801.3785948199,-1098174.751158574,-9039020.260764131,10698579.184366552,No,0,NW
2020.3333333333335,1851419.9072602855,-67968.17250803974,780975463030.9604,-9039020.260764131,10698579.184366552,Yes,780977246482.6952,NW
2020.4166666666667,1607740.9018465276,-63134.966421259596,241227989599.10156,-9039020.260764131,10698579.184366552,Yes,241229534205.037,NW
2020.5,-2353071.1967283445,-58301.76033447945,2411372.957062824,-9039020.260764131,10698579.184366552,No,0,NW
2020.5833333333335,-2147101.1517575015,-53468.5542476993,166365109024.45026,-9039020.260764131,10698579.184366552,Yes,166362908454.74423,NW
2020.6666666666667,519656.6792987457,-48635.34816091915,5254435030.04609,-9039020.260764131,10698579.184366552,No,5254906051.377228,NW
2020.75,183007.10193436212,-43802.142074139,-139204.9598602231,-9039020.260764131,10698579.184366552,No,0,NW
2020.8333333333335,82255.43860890517,-38968.935987358855,-43286.502621546315,-9039020.260764131,10698579.184366552,No,0,NW
2020.9166666666667,-1123246.8986867089,-34135.729900578706,11346060974.415495,-9039020.260764131,10698579.184366552,No,11344903591.786907,NW
2021,2058314.0495669178,-29302.523813798558,-2029011.5257531193,-9039020.260764131,10698579.184366552,No,0,NW
2021.0833333333335,-680481.3173664269,-24469.31772701841,704950.6350934453,-9039020.260764131,10698579.184366552,No,0,NW
2021.1666666666667,-1169470.0165848525,-19636.11164023826,1189106.1282250907,-9039020.260764131,10698579.184366552,No,0,NW
2021.25,1170976.1297533938,-14802.905553458113,528167568751.39185,-9039020.260764131,10698579.184366552,Yes,528168724924.616,NW
2021.3333333333335,1851419.9072602855,-9969.699466677961,17186323521.409397,-9039020.260764131,10698579.184366552,No,17188164971.61719,NW
2021.4166666666667,1607740.9018465276,-2983.76546723322,-1604757.1363792943,-9039020.260764131,10698579.184366552,No,0,NW
2021.5,-2353071.1967283445,4002.168532211521,2349069.028196133,-9039020.260764131,10698579.184366552,No,0,NW
2021.5833333333335,-2147101.1517575015,10988.102531656263,1723699599.8415973,-9039020.260764131,10698579.184366552,No,1721563486.7923715,NW
2021.6666666666667,519656.6792987457,17974.036531101003,599783886228.762,-9039020.260764131,10698579.184366552,Yes,599784423859.4778,NW
2021.75,183007.10193436212,24959.970530545743,-207967.07246490786,-9039020.260764131,10698579.184366552,No,0,NW
2021.8333333333335,82255.43860890517,31945.904529990483,-114201.34313889565,-9039020.260764131,10698579.184366552,No,0,NW
2021.9166666666667,-1123246.8986867089,38931.83852943523,1084315.0601572737,-9039020.260764131,10698579.184366552,No,0,NW
2022,2058314.0495669178,45917.77252887997,-2104231.822095798,-9039020.260764131,10698579.184366552,No,0,NW
2022.0833333333335,-680481.3173664269,52903.70652832471,627577.6108381022,-9039020.260764131,10698579.184366552,No,0,NW
2022.1666666666667,-1169470.0165848525,59889.64052776945,1109580.376057083,-9039020.260764131,10698579.184366552,No,0,NW
2022.25,1170976.1297533938,66875.5745272142,-1237851.704280608,-9039020.260764131,10698579.184366552,No,0,NW
2022.3333333333335,1851419.9072602855,73861.50852665893,-1925281.4157869443,-9039020.260764131,10698579.184366552,No,0,NW
2022.4166666666667,1607740.9018465276,80847.44252610367,365195387741.20087,-9039020.260764131,10698579.184366552,Yes,365197076329.5452,NW
2022.5,-2353071.1967283445,87833.3765255484,99131868198.91765,-9039020.260764131,10698579.184366552,Yes,99129602961.09744,NW
2022.5833333333335,-2147101.1517575015,94528.65444258707,123560654106.81111,-9039020.260764131,10698579.184366552,Yes,123558601534.3138,NW
2022.6666666666667,519656.6792987457,101223.93235962573,577202445947.4661,-9039020.260764131,10698579.184366552,Yes,577203066828.0778,NW
2022.75,183007.10193436212,107919.2102766644,25473858922.334927,-9039020.260764131,10698579.184366552,No,25474149848.647137,NW
2022.8333333333335,82255.43860890517,114614.48819370306,467050872946.3355,-9039020.260764131,10698579.184366552,Yes,467051069816.2623,NW
2022.9166666666667,-1123246.8986867089,121309.76611074171,697418257525.6078,-9039020.260764131,10698579.184366552,Yes,697417255588.4752,NW
2023,2058314.0495669178,128005.04402778037,756788479170.3685,-9039020.260764131,10698579.184366552,Yes,756790665489.4622,NW
2023.0833333333335,-680481.3173664269,134700.32194481904,68477324177.43154,-9039020.260764131,10698579.184366552,No,68476778396.43612,NW
2023.1666666666667,-1169470.0165848525,141395.5998618577,340457145955.6059,-9039020.260764131,10698579.184366552,Yes,340456117881.18915,NW
2023.25,1170976.1297533938,148090.87777889636,894139491897.6088,-9039020.260764131,10698579.184366552,Yes,894140810964.6163,NW
2023.3333333333335,1851419.9072602855,154786.155695935,461853776113.8004,-9039020.260764131,10698579.184366552,Yes,461855782319.8634,NW
2023.4166666666667,1607740.9018465276,161481.4336129737,601025436625.701,-9039020.260764131,10698579.184366552,Yes,601027205848.0365,NW
2023.5,-2353071.1967283445,168176.71153001234,39683692618.84016,-9039020.260764131,10698579.184366552,No,39681507724.35496,NW
2023.5833333333335,-2147101.1517575015,174871.98944705102,1972229.1623104506,-9039020.260764131,10698579.184366552,No,0,NW
2023.6666666666667,519656.6792987457,181567.26736408967,546738852659.5918,-9039020.260764131,10698579.184366552,Yes,546739553883.53845,NW
2023.75,183007.10193436212,188573.37916393793,1567304404408.0308,-9039020.260764131,10698579.184366552,Yes,1567304775988.512,NW
2023.8333333333335,82255.43860890517,195579.4909637862,832099030221.3081,-9039020.260764131,10698579.184366552,Yes,832099308056.2377,NW
2023.9166666666667,-1123246.8986867089,202585.60276363447,301834104797.53107,-9039020.260764131,10698579.184366552,Yes,301833184136.23517,NW
2024,2058314.0495669178,209591.71456348276,316954320752.2283,-9039020.260764131,10698579.184366552,Yes,316956588657.9924,NW
2024.0833333333335,-680481.3173664269,216597.82636333103,909214457912.3518,-9039020.260764131,10698579.184366552,Yes,909213994028.8608,NW
2024.1666666666667,-1169470.0165848525,223603.9381631793,163804571832.50653,-9039020.260764131,10698579.184366552,Yes,163803625966.42813,NW
2024.25,1170976.1297533938,230610.04996302756,150155125437.70132,-9039020.260764131,10698579.184366552,Yes,150156527023.88104,NW
2024.3333333333335,1851419.9072602855,237616.16176287582,-2089036.0690231612,-9039020.260764131,10698579.184366552,No,0,NW
2024.4166666666667,1607740.9018465276,244622.2735627241,-1852363.1754092516,-9039020.260764131,10698579.184366552,No,0,NW
2024.5,-2353071.1967283445,251628.3853625724,2101442.811365772,-9039020.260764131,10698579.184366552,No,0,NW
2024.5833333333335,-2147101.1517575015,258634.49716242065,1888466.6545950808,-9039020.260764131,10698579.184366552,No,0,NW
2024.6666666666667,519656.6792987457,265640.6089622689,-785297.2882610146,-9039020.260764131,10698579.184366552,No,0,NW
2024.75,183007.10193436212,272646.7207621172,103522790525.42079,-9039020.260764131,10698579.184366552,Yes,103523246179.24348,NW
2024.8333333333335,82255.43860890517,279652.83256196545,190850121152.5569,-9039020.260764131,10698579.184366552,Yes,190850483060.82803,NW
2024.9166666666667,-1123246.8986867089,287155.7991047652,504274454212.97894,-9039020.260764131,10698579.184366552,Yes,504273618121.8794,NW
2025,2058314.0495669178,294658.7656475649,155451201807.90558,-9039020.260764131,10698579.184366552,Yes,155453554780.7208,NW
2025.0833333333335,-680481.3173664269,302161.7321903647,48136467861.67209,-9039020.260764131,10698579.184366552,No,48136089542.086914,NW
2025.1666666666667,-1169470.0165848525,309664.6987331644,76739563348.31096,-9039020.260764131,10698579.184366552,No,76738703542.9931,NW
2025.25,1170976.1297533938,317167.66527596413,244021542251.20447,-9039020.260764131,10698579.184366552,Yes,244023030394.9995,NW
2025.3333333333335,1851419.9072602855,324670.63181876385,371581495146.89746,-9039020.260764131,10698579.184366552,Yes,371583671237.4366,NW
2025.4166666666667,1607740.9018465276,332173.59836156364,11641485553.25826,-9039020.260764131,10698579.184366552,No,11643425467.758469,NW
2025.5,-2353071.1967283445,339676.56490436336,1174415762.2700553,-9039020.260764131,10698579.184366552,No,1172402367.6382315,NW
2025.5833333333335,-2147101.1517575015,347179.5314471631,1799921.6203103384,-9039020.260764131,10698579.184366552,No,0,NW
2025.6666666666667,519656.6792987457,354682.4979899628,-874339.1772887085,-9039020.260764131,10698579.184366552,No,0,NW
2025.75,183007.10193436212,362185.4645327626,-545192.5664671247,-9039020.260764131,10698579.184366552,No,-2.9103830456733704e-11,NW
2025.8333333333335,82255.43860890517,369688.4310755623,11922635362.956911,-9039020.260764131,10698579.184366552,No,11923087306.826595,NW
2025.9166666666667,-1123246.8986867089,377191.39761836204,746055.5010683469,-9039020.260764131,10698579.184366552,No,0,NW
1981.6666666666667,-0.0033313599808831706,3.51546086439489e-4,0.0029798138944436814,-0.00580907834999839,0.005540721511146382,No,0,SW
1981.75,-0.0024533720972339437,3.402939382516198e-4,0.002113078158982324,-0.00580907834999839,0.005540721511146382,No,0,SW
1981.8333333333335,7.520079860994298e-4,3.2904179006375066e-4,15513660273.759083,-0.00580907834999839,0.005540721511146382,No,15513660273.760164,SW
1981.9166666666667,6.943388049517386e-4,3.177896418758815e-4,42326465298.49224,-0.00580907834999839,0.005540721511146382,No,42326465298.493256,SW
1982,8.845238962891652e-4,3.065374936880123e-4,-0.0011910613899771775,-0.00580907834999839,0.005540721511146382,No,0,SW
1982.0833333333335,7.504137140771673e-4,2.9528534550014315e-4,-0.0010456990595773105,-0.00580907834999839,0.005540721511146382,No,0,SW
1982.1666666666667,0.001481617968468471,2.84033197312274e-4,-0.001765651165780745,-0.00580907834999839,0.005540721511146382,No,0,SW
1982.25,0.001217307718419911,2.7278104912440484e-4,-0.0014900887675443157,-0.00580907834999839,0.005540721511146382,No,0,SW
1982.3333333333335,3.1842216120678263e-4,2.615289009365357e-4,-5.799510621433183e-4,-0.00580907834999839,0.005540721511146382,No,5.421010862427522e-20,SW
1982.4166666666667,2.7282267705949477e-4,2.5027675274866653e-4,-5.230994298081612e-4,-0.00580907834999839,0.005540721511146382,No,5.421010862427522e-20,SW
1982.5,0.0012794966456628031,2.3902460456079735e-4,-0.0015185212502236004,-0.00580907834999839,0.005540721511146382,No,0,SW
1982.5833333333335,-0.0018662196089340223,2.277724563729282e-4,0.001638447152561094,-0.00580907834999839,0.005540721511146382,No,0,SW
1982.6666666666667,-0.0033313599808831706,2.16520308185059e-4,0.0031148396726981115,-0.00580907834999839,0.005540721511146382,No,0,SW
1982.75,-0.0024533720972339437,2.0526815999718985e-4,0.002248103937236754,-0.00580907834999839,0.005540721511146382,No,0,SW
1982.8333333333335,7.520079860994298e-4,1.940160118093207e-4,-9.460239979087505e-4,-0.00580907834999839,0.005540721511146382,No,0,SW
1982.9166666666667,6.943388049517386e-4,1.833192008763651e-4,-8.776580058281036e-4,-0.00580907834999839,0.005540721511146382,No,0,SW
1983,8.845238962891652e-4,1.7262238994340945e-4,-0.0010571462862325747,-0.00580907834999839,0.005540721511146382,No,0,SW
1983.0833333333335,7.504137140771673e-4,1.6192557901045383e-4,-9.123392930876211e-4,-0.00580907834999839,0.005540721511146382,No,0,SW
1983.1666666666667,0.001481617968468471,1.5122876807749822e-4,50405776848.31327,-0.00580907834999839,0.005540721511146382,Yes,50405776848.3149,SW
1983.25,0.001217307718419911,1.4053195714454258e-4,-0.0013578396755644536,-0.00580907834999839,0.005540721511146382,No,0,SW
1983.3333333333335,3.1842216120678263e-4,1.2983514621158697e-4,-4.482573074183696e-4,-0.00580907834999839,0.005540721511146382,No,0,SW
1983.4166666666667,2.7282267705949477e-4,1.1913833527863135e-4,-3.919610123381261e-4,-0.00580907834999839,0.005540721511146382,No,0,SW
1983.5,0.0012794966456628031,1.0844152434567573e-4,26991708322.486538,-0.00580907834999839,0.005540721511146382,No,26991708322.487923,SW
1983.5833333333335,-0.0018662196089340223,9.77447134127201e-5,0.0017684748955213022,-0.00580907834999839,0.005540721511146382,No,0,SW
1983.6666666666667,-0.0033313599808831706,8.704790247976449e-5,0.0032443120784034062,-0.00580907834999839,0.005540721511146382,No,0,SW
1983.75,-0.0024533720972339437,7.635109154680886e-5,0.002377021005687135,-0.00580907834999839,0.005540721511146382,No,0,SW
1983.8333333333335,7.520079860994298e-4,6.565428061385323e-5,326568788530.7767,-0.00580907834999839,0.005540721511146382,Yes,326568788530.77747,SW
1983.9166666666667,6.943388049517386e-4,5.495746968089762e-5,150482962131.99634,-0.00580907834999839,0.005540721511146382,Yes,150482962131.9971,SW
1984,8.845238962891652e-4,4.426065874794199e-5,-9.287845550371072e-4,-0.00580907834999839,0.005540721511146382,No,0,SW
1984.0833333333335,7.504137140771673e-4,3.444820203997257e-5,-7.848619161171399e-4,-0.00580907834999839,0.005540721511146382,No,0,SW
1984.1666666666667,0.001481617968468471,2.4635745332003148e-5,-0.0015062537138004742,-0.00580907834999839,0.005540721511146382,No,0,SW
1984.25,0.001217307718419911,1.4823288624033726e-5,-0.0012321310070439447,-0.00580907834999839,0.005540721511146382,No,0,SW
1984.3333333333335,3.1842216120678263e-4,5.010831916064304e-6,-3.2343299312284694e-4,-0.00580907834999839,0.005540721511146382,No,0,SW
1984.4166666666667,2.7282267705949477e-4,-4.801624791905118e-6,-2.6802105226758963e-4,-0.00580907834999839,0.005540721511146382,No,0,SW
1984.5,0.0012794966456628031,-1.461408149987454e-5,-0.0012648825641629286,-0.00580907834999839,0.005540721511146382,No,0,SW
1984.5833333333335,-0.0018662196089340223,-2.442653820784396e-5,0.0018906461471418661,-0.00580907834999839,0.005540721511146382,No,0,SW
1984.6666666666667,-0.0033313599808831706,-3.4238994915813383e-5,0.003365598975798984,-0.00580907834999839,0.005540721511146382,No,0,SW
1984.75,-0.0024533720972339437,-4.405145162378281e-5,0.0024974235488577265,-0.00580907834999839,0.005540721511146382,No,0,SW
1984.8333333333335,7.520079860994298e-4,-5.386390833175223e-5,-6.981440777676776e-4,-0.00580907834999839,0.005540721511146382,No,0,SW
1984.9166666666667,6.943388049517386e-4,-6.367636503972165e-5,-6.306624399120169e-4,-0.00580907834999839,0.005540721511146382,No,0,SW
1985,8.845238962891652e-4,-7.348882174769108e-5,-8.110350745414741e-4,-0.00580907834999839,0.005540721511146382,No,0,SW
1985.0833333333335,7.504137140771673e-4,-8.330127845566049e-5,-6.671124356215068e-4,-0.00580907834999839,0.005540721511146382,No,0,SW
1985.1666666666667,0.001481617968468471,-9.311373516362991e-5,-0.001388504233304841,-0.00580907834999839,0.005540721511146382,No,0,SW
1985.25,0.001217307718419911,-1.0166206878604497e-4,-0.001115645649633866,-0.00580907834999839,0.005540721511146382,No,0,SW
1985.3333333333335,3.1842216120678263e-4,-1.1021040240846e-4,-2.0821175879832263e-4,-0.00580907834999839,0.005540721511146382,No,0,SW
1985.4166666666667,2.7282267705949477e-4,-1.1875873603087506e-4,-1.540639410286197e-4,-0.00580907834999839,0.005540721511146382,No,0,SW
1985.5,0.0012794966456628031,-1.273070696532901e-4,8032718739.892518,-0.00580907834999839,0.005540721511146382,No,8032718739.893671,SW
1985.5833333333335,-0.0018662196089340223,-1.3585540327570517e-4,0.0020020750122097274,-0.00580907834999839,0.005540721511146382,No,0,SW
1985.6666666666667,-0.0033313599808831706,-1.444037368981202e-4,0.0034757637177812908,-0.00580907834999839,0.005540721511146382,No,0,SW
1985.75,-0.0024533720972339437,-1.5295207052053525e-4,4914917160.764585,-0.00580907834999839,0.005540721511146382,No,4914917160.761978,SW
1985.8333333333335,7.520079860994298e-4,-1.615004041429503e-4,-5.905075819564795e-4,-0.00580907834999839,0.005540721511146382,No,0,SW
1985.9166666666667,6.943388049517386e-4,-1.7004873776536536e-4,-5.242900671863732e-4,-0.00580907834999839,0.005540721511146382,No,0,SW
1986,8.845238962891652e-4,-1.785970713877804e-4,-7.059268249013848e-4,-0.00580907834999839,0.005540721511146382,No,0,SW
1986.0833333333335,7.504137140771673e-4,-1.8714540501019544e-4,-5.632683090669719e-4,-0.00580907834999839,0.005540721511146382,No,0,SW
1986.1666666666667,0.001481617968468471,-1.956937386326105e-4,-0.0012859242298358606,-0.00580907834999839,0.005540721511146382,No,0,SW
1986.25,0.001217307718419911,-2.0424207225502554e-4,-0.0010130656461648853,-0.00580907834999839,0.005540721511146382,No,0,SW
1986.3333333333335,3.1842216120678263e-4,-2.127904058774406e-4,-1.0563175532934203e-4,-0.00580907834999839,0.005540721511146382,No,0,SW
1986.4166666666667,2.7282267705949477e-4,-2.199005929328162e-4,-5.2922084126678584e-5,-0.00580907834999839,0.005540721511146382,No,0,SW
1986.5,0.0012794966456628031,-2.2701077998819177e-4,-0.0010524858656746113,-0.00580907834999839,0.005540721511146382,No,0,SW
1986.5833333333335,-0.0018662196089340223,-2.341209670435674e-4,0.0021003405759775894,-0.00580907834999839,0.005540721511146382,No,-2.168404344971009e-19,SW
1986.6666666666667,-0.0033313599808831706,-2.4123115409894298e-4,9687801341.774517,-0.00580907834999839,0.005540721511146382,No,9687801341.770945,SW
1986.75,-0.0024533720972339437,-2.4834134115431857e-4,5102705227.127874,-0.00580907834999839,0.005540721511146382,No,5102705227.125173,SW
1986.8333333333335,7.520079860994298e-4,-0.00025545152820969416,-4.965564578897357e-4,-0.00580907834999839,0.005540721511146382,No,0,SW
1986.9166666666667,6.943388049517386e-4,-2.6256171526506974e-4,-4.3177708968666884e-4,-0.00580907834999839,0.005540721511146382,No,0,SW
1987,8.845238962891652e-4,-2.6967190232044533e-4,-6.148519939687199e-4,-0.00580907834999839,0.005540721511146382,No,0,SW
1987.0833333333335,7.504137140771673e-4,-2.767820893758209e-4,-4.736316247013464e-4,-0.00580907834999839,0.005540721511146382,No,0,SW
1987.1666666666667,0.001481617968468471,-2.8389227643119656e-4,3432069753.479035,-0.00580907834999839,0.005540721511146382,No,3432069753.4802327,SW
1987.25,0.001217307718419911,-2.9100246348657215e-4,-9.263052549333389e-4,-0.00580907834999839,0.005540721511146382,No,0,SW
1987.3333333333335,3.1842216120678263e-4,-2.9811265054194774e-4,4134560361.6622877,-0.00580907834999839,0.005540721511146382,No,4134560361.662308,SW
1987.4166666666667,2.7282267705949477e-4,-3.052228375973233e-4,3.2400160537828556e-5,-0.00580907834999839,0.005540721511146382,No,0,SW
1987.5,0.0012794966456628031,-3.123330246526989e-4,-9.671636210101043e-4,-0.00580907834999839,0.005540721511146382,No,0,SW
1987.5833333333335,-0.0018662196089340223,-3.162033448192426e-4,49263502114.76539,-0.00580907834999839,0.005540721511146382,No,49263502114.76321,SW
1987.6666666666667,-0.0033313599808831706,-3.200736649857862e-4,143071741880.26498,-0.00580907834999839,0.005540721511146382,Yes,143071741880.26135,SW
1987.75,-0.0024533720972339437,-3.2394398515232987e-4,57533075666.4867,-0.00580907834999839,0.005540721511146382,Yes,57533075666.483925,SW
1987.8333333333335,7.520079860994298e-4,-3.2781430531887354e-4,-4.241936807805563e-4,-0.00580907834999839,0.005540721511146382,No,0,SW
1987.9166666666667,6.943388049517386e-4,-3.3168462548541715e-4,-3.6265417946632143e-4,-0.00580907834999839,0.005540721511146382,No,0,SW
1988,8.845238962891652e-4,-3.355549456519608e-4,-5.489689506372043e-4,-0.00580907834999839,0.005540721511146382,No,0,SW
1988.0833333333335,7.504137140771673e-4,-3.3942526581850444e-4,-4.1098844825866287e-4,-0.00580907834999839,0.005540721511146382,No,0,SW
1988.1666666666667,0.001481617968468471,-3.432955859850481e-4,-0.0011383223824834227,-0.00580907834999839,0.005540721511146382,No,0,SW
1988.25,0.001217307718419911,-3.471659061515918e-4,-8.701418122683192e-4,-0.00580907834999839,0.005540721511146382,No,0,SW
1988.3333333333335,3.1842216120678263e-4,-3.510362263181354e-4,3.261406511135276e-5,-0.00580907834999839,0.005540721511146382,No,0,SW
1988.4166666666667,2.7282267705949477e-4,-3.5490654648467906e-4,8.208386942518429e-5,-0.00580907834999839,0.005540721511146382,No,0,SW
1988.5,0.0012794966456628031,-3.5877686665122273e-4,-9.207197790115805e-4,-0.00580907834999839,0.005540721511146382,No,0,SW
1988.5833333333335,-0.0018662196089340223,-3.6264718681776635e-4,0.0022288667957517886,-0.00580907834999839,0.005540721511146382,No,0,SW
1988.6666666666667,-0.0033313599808831706,-3.6651750698431e-4,0.0036978774878674804,-0.00580907834999839,0.005540721511146382,No,0,SW
1988.75,-0.0024533720972339437,-3.653792794856362e-4,0.00281875137671958,-0.00580907834999839,0.005540721511146382,No,0,SW
1988.8333333333335,7.520079860994298e-4,-3.6424105198696244e-4,163178272729.77344,-0.00580907834999839,0.005540721511146382,Yes,163178272729.77383,SW
1988.9166666666667,6.943388049517386e-4,-3.631028244882886e-4,9684493421.635422,-0.00580907834999839,0.005540721511146382,No,9684493421.635754,SW
1989,8.845238962891652e-4,-3.619645969896148e-4,-5.225592992995503e-4,-0.00580907834999839,0.005540721511146382,No,0,SW
1989.0833333333335,7.504137140771673e-4,-3.60826369490941e-4,9550103715.041822,-0.00580907834999839,0.005540721511146382,No,9550103715.042212,SW
1989.1666666666667,0.001481617968468471,-3.596881419922672e-4,-0.0011219298264762037,-0.00580907834999839,0.005540721511146382,No,0,SW
1989.25,0.001217307718419911,-3.5854991449359337e-4,-8.587578039263176e-4,-0.00580907834999839,0.005540721511146382,No,0,SW
1989.3333333333335,3.1842216120678263e-4,-3.574116869949196e-4,8086960181.116062,-0.00580907834999839,0.005540721511146382,No,8086960181.116023,SW
1989.4166666666667,2.7282267705949477e-4,-3.562734594962458e-4,1489493172.9821556,-0.00580907834999839,0.005540721511146382,No,1489493172.982072,SW
1989.5,0.0012794966456628031,-3.55135231997572e-4,208595085834.36606,-0.00580907834999839,0.005540721511146382,Yes,208595085834.36697,SW
1989.5833333333335,-0.0018662196089340223,-3.539970044988982e-4,498194416004.66296,-0.00580907834999839,0.005540721511146382,Yes,498194416004.6607,SW
1989.6666666666667,-0.0033313599808831706,-3.5285877700022436e-4,0.003684218757883395,-0.00580907834999839,0.005540721511146382,No,0,SW
1989.75,-0.0024533720972339437,-3.5172054950155057e-4,107099410477.07965,-0.00580907834999839,0.005540721511146382,Yes,107099410477.07684,SW
1989.8333333333335,7.520079860994298e-4,-3.505823220028768e-4,22782026714.508083,-0.00580907834999839,0.005540721511146382,No,22782026714.508484,SW
1989.9166666666667,6.943388049517386e-4,-3.4551570596705913e-4,28324890784.483467,-0.00580907834999839,0.005540721511146382,No,28324890784.483814,SW
1990,8.845238962891652e-4,-3.4044908993124154e-4,27791682290.262554,-0.00580907834999839,0.005540721511146382,No,27791682290.2631,SW
1990.0833333333335,7.504137140771673e-4,-3.3538247389542394e-4,41630353922.571884,-0.00580907834999839,0.005540721511146382,No,41630353922.572296,SW
1990.1666666666667,0.001481617968468471,-3.303158578596063e-4,58352008032.84811,-0.00580907834999839,0.005540721511146382,Yes,58352008032.84926,SW
1990.25,0.001217307718419911,-3.2524924182378864e-4,-8.920584765961223e-4,-0.00580907834999839,0.005540721511146382,No,0,SW
1990.3333333333335,3.1842216120678263e-4,-3.2018262578797105e-4,34388527355.18059,-0.00580907834999839,0.005540721511146382,No,34388527355.18059,SW
1990.4166666666667,2.7282267705949477e-4,-3.1511600975215345e-4,4.229333269265868e-5,-0.00580907834999839,0.005540721511146382,No,0,SW
1990.5,0.0012794966456628031,-3.100493937163358e-4,170842227222.80045,-0.00580907834999839,0.005540721511146382,Yes,170842227222.80142,SW
1990.5833333333335,-0.0018662196089340223,-3.0498277768051816e-4,127104446700.60965,-0.00580907834999839,0.005540721511146382,Yes,127104446700.60748,SW
1990.6666666666667,-0.0033313599808831706,-2.9991616164470056e-4,65905403712.83628,-0.00580907834999839,0.005540721511146382,Yes,65905403712.83265,SW
1990.75,-0.0024533720972339437,-2.9484954560888297e-4,24541556279.151024,-0.00580907834999839,0.005540721511146382,No,24541556279.148277,SW
1990.8333333333335,7.520079860994298e-4,-2.897829295730653e-4,-4.622250565263645e-4,-0.00580907834999839,0.005540721511146382,No,0,SW
1990.9166666666667,6.943388049517386e-4,-2.8471631353724767e-4,-4.096224914144909e-4,-0.00580907834999839,0.005540721511146382,No,0,SW
1991,8.845238962891652e-4,-2.7964969750143007e-4,-6.048741987877351e-4,-0.00580907834999839,0.005540721511146382,No,0,SW
1991.0833333333335,7.504137140771673e-4,-2.757733666735422e-4,-4.746403474036251e-4,-0.00580907834999839,0.005540721511146382,No,0,SW
1991.1666666666667,0.001481617968468471,-2.7189703584565436e-4,-0.0012097209326228167,-0.00580907834999839,0.005540721511146382,No,0,SW
1991.25,0.001217307718419911,-2.6802070501776644e-4,-9.492870134021445e-4,-0.00580907834999839,0.005540721511146382,No,0,SW
1991.3333333333335,3.1842216120678263e-4,-2.641443741898786e-4,-5.427778701690405e-5,-0.00580907834999839,0.005540721511146382,No,0,SW
1991.4166666666667,2.7282267705949477e-4,-2.602680433619907e-4,-1.2554633697504046e-5,-0.00580907834999839,0.005540721511146382,No,0,SW
1991.5,0.0012794966456628031,-2.5639171253410287e-4,-0.0010231049331287003,-0.00580907834999839,0.005540721511146382,No,0,SW
1991.5833333333335,-0.0018662196089340223,-2.52515381706215e-4,184287266256.2195,-0.00580907834999839,0.005540721511146382,Yes,184287266256.2174,SW
1991.6666666666667,-0.0033313599808831706,-2.4863905087832715e-4,422497466223.4587,-0.00580907834999839,0.005540721511146382,Yes,422497466223.4551,SW
1991.75,-0.0024533720972339437,-2.4476272005043923e-4,0.002698134817284383,-0.00580907834999839,0.005540721511146382,No,0,SW
1991.8333333333335,7.520079860994298e-4,-2.408863892225514e-4,-5.111215968768784e-4,-0.00580907834999839,0.005540721511146382,No,0,SW
1991.9166666666667,6.943388049517386e-4,-2.3701005839466352e-4,-4.5732874655707507e-4,-0.00580907834999839,0.005540721511146382,No,0,SW
1992,8.845238962891652e-4,-2.3313372756677566e-4,-6.513901687223895e-4,-0.00580907834999839,0.005540721511146382,No,0,SW
1992.0833333333335,7.504137140771673e-4,-2.292573967388878e-4,-5.211563173382795e-4,-0.00580907834999839,0.005540721511146382,No,0,SW
1992.1666666666667,0.001481617968468471,-0.00022538106591099991,-0.001256236902557471,-0.00580907834999839,0.005540721511146382,No,0,SW
1992.25,0.001217307718419911,-2.2202915066488782e-4,-9.952785677550232e-4,-0.00580907834999839,0.005540721511146382,No,0,SW
1992.3333333333335,3.1842216120678263e-4,-2.1867723541877575e-4,-9.974492578800688e-5,-0.00580907834999839,0.005540721511146382,No,0,SW
1992.4166666666667,2.7282267705949477e-4,-2.1532532017266365e-4,-5.749735688683112e-5,-0.00580907834999839,0.005540721511146382,No,0,SW
1992.5,0.0012794966456628031,-2.1197340492655156e-4,-0.0010675232407362516,-0.00580907834999839,0.005540721511146382,No,0,SW
1992.5833333333335,-0.0018662196089340223,-2.086214896804395e-4,0.0020748410986144617,-0.00580907834999839,0.005540721511146382,No,0,SW
1992.6666666666667,-0.0033313599808831706,-2.052695744343274e-4,0.003536629555317498,-0.00580907834999839,0.005540721511146382,No,0,SW
1992.75,-0.0024533720972339437,-2.0191765918821532e-4,0.002655289756422159,-0.00580907834999839,0.005540721511146382,No,0,SW
1992.8333333333335,7.520079860994298e-4,-1.9856574394210323e-4,-5.534422421573267e-4,-0.00580907834999839,0.005540721511146382,No,0,SW
1992.9166666666667,6.943388049517386e-4,-1.9521382869599113e-4,-4.991249762557475e-4,-0.00580907834999839,0.005540721511146382,No,0,SW
1993,8.845238962891652e-4,-1.9186191344987906e-4,-6.926619828392861e-4,-0.00580907834999839,0.005540721511146382,No,0,SW
1993.0833333333335,7.504137140771673e-4,-1.8850999820376697e-4,-5.619037158734004e-4,-0.00580907834999839,0.005540721511146382,No,0,SW
1993.1666666666667,0.001481617968468471,-1.8515808295765487e-4,-0.0012964598855108162,-0.00580907834999839,0.005540721511146382,No,0,SW
1993.25,0.001217307718419911,-1.818061677115428e-4,-0.001035501550708368,-0.00580907834999839,0.005540721511146382,No,0,SW
1993.3333333333335,3.1842216120678263e-4,-1.784542524654307e-4,-1.3996790874135193e-4,-0.00580907834999839,0.005540721511146382,No,0,SW
1993.4166666666667,2.7282267705949477e-4,-1.7294387979969049e-4,-9.987879725980429e-5,-0.00580907834999839,0.005540721511146382,No,0,SW
1993.5,0.0012794966456628031,-1.6743350713395027e-4,-0.0011120631385288528,-0.00580907834999839,0.005540721511146382,No,0,SW
1993.5833333333335,-0.0018662196089340223,-1.6192313446821007e-4,0.0020281427434022323,-0.00580907834999839,0.005540721511146382,No,0,SW
1993.6666666666667,-0.0033313599808831706,-1.5641276180246985e-4,0.0034877727426856405,-0.00580907834999839,0.005540721511146382,No,0,SW
1993.75,-0.0024533720972339437,-1.5090238913672963e-4,0.002604274486370673,-0.00580907834999839,0.005540721511146382,No,0,SW
1993.8333333333335,7.520079860994298e-4,-1.4539201647098941e-4,-6.066159696284404e-4,-0.00580907834999839,0.005540721511146382,No,0,SW
1993.9166666666667,6.943388049517386e-4,-1.398816438052492e-4,-5.544571611464893e-4,-0.00580907834999839,0.005540721511146382,No,0,SW
1994,8.845238962891652e-4,-1.34371271139509e-4,-7.501526251496562e-4,-0.00580907834999839,0.005540721511146382,No,0,SW
1994.0833333333335,7.504137140771673e-4,-1.2886089847376878e-4,-6.215528156033986e-4,-0.00580907834999839,0.005540721511146382,No,0,SW
1994.1666666666667,0.001481617968468471,-1.2335052580802856e-4,-0.0013582674426604424,-0.00580907834999839,0.005540721511146382,No,0,SW
1994.25,0.001217307718419911,-1.1784015314228834e-4,-0.0010994675652776227,-0.00580907834999839,0.005540721511146382,No,0,SW
1994.3333333333335,3.1842216120678263e-4,-1.1232978047654812e-4,-2.060923807302345e-4,-0.00580907834999839,0.005540721511146382,No,0,SW
1994.4166666666667,2.7282267705949477e-4,-1.0681940781080792e-4,19130338303.838314,-0.00580907834999839,0.005540721511146382,No,19130338303.838482,SW
1994.5,0.0012794966456628031,-1.013090351450677e-4,-0.0011781876105177354,-0.00580907834999839,0.005540721511146382,No,0,SW
1994.5833333333335,-0.0018662196089340223,-9.952409032505794e-5,0.00196574369925908,-0.00580907834999839,0.005540721511146382,No,0,SW
1994.6666666666667,-0.0033313599808831706,-9.773914550504819e-5,0.0034290991263882186,-0.00580907834999839,0.005540721511146382,No,0,SW
1994.75,-0.0024533720972339437,-9.595420068503844e-5,0.002549326297918982,-0.00580907834999839,0.005540721511146382,No,0,SW
1994.8333333333335,7.520079860994298e-4,-9.416925586502867e-5,-6.578387302344012e-4,-0.00580907834999839,0.005540721511146382,No,0,SW
1994.9166666666667,6.943388049517386e-4,-9.238431104501891e-5,124078300599.01979,-0.00580907834999839,0.005540721511146382,Yes,124078300599.0204,SW
1995,8.845238962891652e-4,-9.059936622500916e-5,-7.939245300641561e-4,-0.00580907834999839,0.005540721511146382,No,0,SW
1995.0833333333335,7.504137140771673e-4,-8.88144214049994e-5,4357807786.498848,-0.00580907834999839,0.005540721511146382,No,4357807786.49951,SW
1995.1666666666667,0.001481617968468471,-8.702947658498965e-5,-0.0013945884918834814,-0.00580907834999839,0.005540721511146382,No,0,SW
1995.25,0.001217307718419911,-8.52445317649799e-5,46037511146.535286,-0.00580907834999839,0.005540721511146382,No,46037511146.53642,SW
1995.3333333333335,3.1842216120678263e-4,-8.345958694497014e-5,-2.349625742618125e-4,-0.00580907834999839,0.005540721511146382,No,0,SW
1995.4166666666667,2.7282267705949477e-4,-8.167464212496037e-5,-1.911480349345344e-4,-0.00580907834999839,0.005540721511146382,No,0,SW
1995.5,0.0012794966456628031,-7.988969730495062e-5,68777095547.40715,-0.00580907834999839,0.005540721511146382,Yes,68777095547.40836,SW
1995.5833333333335,-0.0018662196089340223,-7.810475248494086e-5,50907164496.650734,-0.00580907834999839,0.005540721511146382,Yes,50907164496.64879,SW
1995.6666666666667,-0.0033313599808831706,-7.631980766493111e-5,24210080204.635956,-0.00580907834999839,0.005540721511146382,No,24210080204.63255,SW
1995.75,-0.0024533720972339437,-7.72050273870662e-5,56913566379.86543,-0.00580907834999839,0.005540721511146382,Yes,56913566379.8629,SW
1995.8333333333335,7.520079860994298e-4,-7.809024710920129e-5,380076996887.0805,-0.00580907834999839,0.005540721511146382,Yes,380076996887.0812,SW
1995.9166666666667,6.943388049517386e-4,-7.897546683133639e-5,66815676815.063034,-0.00580907834999839,0.005540721511146382,Yes,66815676815.06365,SW
1996,8.845238962891652e-4,-7.986068655347147e-5,155269540766.1729,-0.00580907834999839,0.005540721511146382,Yes,155269540766.1737,SW
1996.0833333333335,7.504137140771673e-4,-8.074590627560656e-5,-6.696678078015608e-4,-0.00580907834999839,0.005540721511146382,No,0,SW
1996.1666666666667,0.001481617968468471,-8.163112599774165e-5,-0.0013999868424707292,-0.00580907834999839,0.005540721511146382,No,0,SW
1996.25,0.001217307718419911,-8.251634571987674e-5,-0.0011347913727000343,-0.00580907834999839,0.005540721511146382,No,0,SW
1996.3333333333335,3.1842216120678263e-4,-8.340156544201184e-5,-2.350205957647708e-4,-0.00580907834999839,0.005540721511146382,No,0,SW
1996.4166666666667,2.7282267705949477e-4,-8.428678516414693e-5,3562409683.182958,-0.00580907834999839,0.005540721511146382,No,3562409683.1831465,SW
1996.5,0.0012794966456628031,-8.517200488628202e-5,95468931059.74413,-0.00580907834999839,0.005540721511146382,Yes,95468931059.74532,SW
1996.5833333333335,-0.0018662196089340223,-8.60572246084171e-5,0.0019522768335424392,-0.00580907834999839,0.005540721511146382,No,0,SW
1996.6666666666667,-0.0033313599808831706,-8.69424443305522e-5,0.003418302425213723,-0.00580907834999839,0.005540721511146382,No,0,SW
1996.75,-0.0024533720972339437,-8.78276640526873e-5,0.002541199761286631,-0.00580907834999839,0.005540721511146382,No,0,SW
1996.8333333333335,7.520079860994298e-4,-8.871288377482238e-5,-6.632951023246075e-4,-0.00580907834999839,0.005540721511146382,No,0,SW
1996.9166666666667,6.943388049517386e-4,-9.019294635272437e-5,-6.041458585990142e-4,-0.00580907834999839,0.005540721511146382,No,0,SW
1997,8.845238962891652e-4,-9.167300893062634e-5,-7.928508873585389e-4,-0.00580907834999839,0.005540721511146382,No,0,SW
1997.0833333333335,7.504137140771673e-4,-9.315307150852833e-5,49666055292.34129,-0.00580907834999839,0.005540721511146382,Yes,49666055292.34195,SW
1997.1666666666667,0.001481617968468471,-9.463313408643031e-5,443561331373.9657,-0.00580907834999839,0.005540721511146382,Yes,443561331373.96704,SW
1997.25,0.001217307718419911,-9.611319666433229e-5,521093616742.0981,-0.00580907834999839,0.005540721511146382,Yes,521093616742.0992,SW
1997.3333333333335,3.1842216120678263e-4,-9.759325924223427e-5,181718888898.50342,-0.00580907834999839,0.005540721511146382,Yes,181718888898.50363,SW
1997.4166666666667,2.7282267705949477e-4,-9.907332182013625e-5,152052300125.38345,-0.00580907834999839,0.005540721511146382,Yes,152052300125.38364,SW
1997.5,0.0012794966456628031,-1.0055338439803823e-4,23505641273.48855,-0.00580907834999839,0.005540721511146382,No,23505641273.489727,SW
1997.5833333333335,-0.0018662196089340223,-1.0203344697594022e-4,17814176350.58841,-0.00580907834999839,0.005540721511146382,No,17814176350.58644,SW
1997.6666666666667,-0.0033313599808831706,-1.0351350955384219e-4,14964645227.083193,-0.00580907834999839,0.005540721511146382,No,14964645227.079758,SW
1997.75,-0.0024533720972339437,-1.0499357213174418e-4,31625461077.93932,-0.00580907834999839,0.005540721511146382,No,31625461077.93676,SW
1997.8333333333335,7.520079860994298e-4,-1.0647363470964616e-4,-6.455343513897837e-4,-0.00580907834999839,0.005540721511146382,No,0,SW
1997.9166666666667,6.943388049517386e-4,-1.0795369728754814e-4,-5.863851076641904e-4,-0.00580907834999839,0.005540721511146382,No,0,SW
1998,8.845238962891652e-4,-1.0943375986545012e-4,-7.750901364237151e-4,-0.00580907834999839,0.005540721511146382,No,0,SW
1998.0833333333335,7.504137140771673e-4,-1.119633046058284e-4,152409216784.91757,-0.00580907834999839,0.005540721511146382,Yes,152409216784.9182,SW
1998.1666666666667,0.001481617968468471,-1.144928493462067e-4,197263310679.7391,-0.00580907834999839,0.005540721511146382,Yes,197263310679.74048,SW
1998.25,0.001217307718419911,-1.1702239408658499e-4,40688891381.40684,-0.00580907834999839,0.005540721511146382,No,40688891381.40794,SW
1998.3333333333335,3.1842216120678263e-4,-1.1955193882696327e-4,-1.9887022237981936e-4,-0.00580907834999839,0.005540721511146382,No,0,SW
1998.4166666666667,2.7282267705949477e-4,-1.2208148356734156e-4,-1.507411934921532e-4,-0.00580907834999839,0.005540721511146382,No,0,SW
1998.5,0.0012794966456628031,-1.2461102830771986e-4,-0.0011548856173550833,-0.00580907834999839,0.005540721511146382,No,0,SW
1998.5833333333335,-0.0018662196089340223,-1.2714057304809813e-4,0.0019933601819821204,-0.00580907834999839,0.005540721511146382,No,0,SW
1998.6666666666667,-0.0033313599808831706,-1.2967011778847642e-4,0.003461030098671647,-0.00580907834999839,0.005540721511146382,No,0,SW
1998.75,-0.0024533720972339437,-1.3219966252885472e-4,0.0025855717597627983,-0.00580907834999839,0.005540721511146382,No,0,SW
1998.8333333333335,7.520079860994298e-4,-1.34729207269233e-4,-6.172787788301968e-4,-0.00580907834999839,0.005540721511146382,No,0,SW
1998.9166666666667,6.943388049517386e-4,-1.3725875200961129e-4,-5.570800529421273e-4,-0.00580907834999839,0.005540721511146382,No,0,SW
1999,8.845238962891652e-4,-1.3978829674998958e-4,-7.447355995391756e-4,-0.00580907834999839,0.005540721511146382,No,0,SW
1999.0833333333335,7.504137140771673e-4,-1.4231784149036785e-4,-6.080958725867995e-4,-0.00580907834999839,0.005540721511146382,No,0,SW
1999.1666666666667,0.001481617968468471,-1.4484738623074615e-4,-0.0013367705822377248,-0.00580907834999839,0.005540721511146382,No,0,SW
1999.25,0.001217307718419911,-1.5063638227214005e-4,-0.001066671336147771,-0.00580907834999839,0.005540721511146382,No,-2.168404344971009e-19,SW
1999.3333333333335,3.1842216120678263e-4,-1.5642537831353398e-4,18379442512.876076,-0.00580907834999839,0.005540721511146382,No,18379442512.876236,SW
1999.4166666666667,2.7282267705949477e-4,-1.622143743549279e-4,-1.1060830270456687e-4,-0.00580907834999839,0.005540721511146382,No,0,SW
1999.5,0.0012794966456628031,-1.680033703963218e-4,-0.0011114932752664813,-0.00580907834999839,0.005540721511146382,No,0,SW
1999.5833333333335,-0.0018662196089340223,-1.737923664377157e-4,11371745166.43504,-0.00580907834999839,0.005540721511146382,No,11371745166.433,SW
1999.6666666666667,-0.0033313599808831706,-1.7958136247910964e-4,45379002197.31979,-0.00580907834999839,0.005540721511146382,No,45379002197.31628,SW
1999.75,-0.0024533720972339437,-1.8537035852050356e-4,0.002638742455754447,-0.00580907834999839,0.005540721511146382,No,0,SW
1999.8333333333335,7.520079860994298e-4,-1.9115935456189746e-4,-5.608486315375324e-4,-0.00580907834999839,0.005540721511146382,No,0,SW
1999.9166666666667,6.943388049517386e-4,-1.9694835060329137e-4,-4.973904543484472e-4,-0.00580907834999839,0.005540721511146382,No,0,SW
2000,8.845238962891652e-4,-2.027373466446853e-4,-6.817865496444799e-4,-0.00580907834999839,0.005540721511146382,No,0,SW
2000.0833333333335,7.504137140771673e-4,-2.0852634268607922e-4,-5.41887371391088e-4,-0.00580907834999839,0.005540721511146382,No,0,SW
2000.1666666666667,0.001481617968468471,-2.1431533872747312e-4,23283886208.5255,-0.00580907834999839,0.005540721511146382,No,23283886208.526768,SW
2000.25,0.001217307718419911,-2.2010433476886702e-4,-9.97203383651044e-4,-0.00580907834999839,0.005540721511146382,No,0,SW
2000.3333333333335,3.1842216120678263e-4,-2.2589333081026095e-4,6222059834.548494,-0.00580907834999839,0.005540721511146382,No,6222059834.548587,SW
2000.4166666666667,2.7282267705949477e-4,-2.3426235475011448e-4,36181447072.623856,-0.00580907834999839,0.005540721511146382,No,36181447072.62389,SW
2000.5,0.0012794966456628031,-2.4263137868996802e-4,65001526221.71967,-0.00580907834999839,0.005540721511146382,Yes,65001526221.72071,SW
2000.5833333333335,-0.0018662196089340223,-2.5100040262982155e-4,21351365058.80824,-0.00580907834999839,0.005540721511146382,No,21351365058.80612,SW
2000.6666666666667,-0.0033313599808831706,-2.593694265696751e-4,0.0035907294074528457,-0.00580907834999839,0.005540721511146382,No,0,SW
2000.75,-0.0024533720972339437,-2.677384505095286e-4,0.002721110547743472,-0.00580907834999839,0.005540721511146382,No,0,SW
2000.8333333333335,7.520079860994298e-4,-2.7610747444938217e-4,-4.7590051165004765e-4,-0.00580907834999839,0.005540721511146382,No,0,SW
2000.9166666666667,6.943388049517386e-4,-2.844764983892357e-4,-4.098623065625029e-4,-0.00580907834999839,0.005540721511146382,No,0,SW
2001,8.845238962891652e-4,-2.9284552232908923e-4,-5.91678373960076e-4,-0.00580907834999839,0.005540721511146382,No,0,SW
2001.0833333333335,7.504137140771673e-4,-3.0121454626894274e-4,-4.4919916780822457e-4,-0.00580907834999839,0.005540721511146382,No,0,SW
2001.1666666666667,0.001481617968468471,-3.095835702087963e-4,-0.0011720343982596746,-0.00580907834999839,0.005540721511146382,No,0,SW
2001.25,0.001217307718419911,-3.179525941486498e-4,-8.993551242712612e-4,-0.00580907834999839,0.005540721511146382,No,0,SW
2001.3333333333335,3.1842216120678263e-4,-3.2632161808850336e-4,7.89945688172073e-6,-0.00580907834999839,0.005540721511146382,No,0,SW
2001.4166666666667,2.7282267705949477e-4,-3.3469064202835687e-4,6.18679649688621e-5,-0.00580907834999839,0.005540721511146382,No,0,SW
2001.5,0.0012794966456628031,-3.430596659682104e-4,-9.364369796945927e-4,-0.00580907834999839,0.005540721511146382,No,0,SW
2001.5833333333335,-0.0018662196089340223,-3.511288836755565e-4,0.0022173484926095786,-0.00580907834999839,0.005540721511146382,No,0,SW
2001.6666666666667,-0.0033313599808831706,-3.591981013829026e-4,6723570543.251505,-0.00580907834999839,0.005540721511146382,No,6723570543.247814,SW
2001.75,-0.0024533720972339437,-3.6726731909024864e-4,0.0028206394163241924,-0.00580907834999839,0.005540721511146382,No,0,SW
2001.8333333333335,7.520079860994298e-4,-3.753365367975947e-4,-3.7667144930183513e-4,-0.00580907834999839,0.005540721511146382,No,0,SW
2001.9166666666667,6.943388049517386e-4,-3.834057545049408e-4,-3.109330504467978e-4,-0.00580907834999839,0.005540721511146382,No,0,SW
2002,8.845238962891652e-4,-3.9147497221228686e-4,118851837412.85411,-0.00580907834999839,0.005540721511146382,Yes,118851837412.8546,SW
2002.0833333333335,7.504137140771673e-4,-3.995441899196329e-4,59389027962.83342,-0.00580907834999839,0.005540721511146382,Yes,59389027962.83377,SW
2002.1666666666667,0.001481617968468471,-4.07613407626979e-4,90501258768.72902,-0.00580907834999839,0.005540721511146382,Yes,90501258768.73009,SW
2002.25,0.001217307718419911,-4.156826253343251e-4,631606023.6130635,-0.00580907834999839,0.005540721511146382,No,631606023.6138651,SW
2002.3333333333335,3.1842216120678263e-4,-4.2375184304167113e-4,1.053296818348885e-4,-0.00580907834999839,0.005540721511146382,No,0,SW
2002.4166666666667,2.7282267705949477e-4,-4.3182106074901724e-4,1.5899838368952247e-4,-0.00580907834999839,0.005540721511146382,No,0,SW
2002.5,0.0012794966456628031,-4.398902784563633e-4,-8.396063672064399e-4,-0.00580907834999839,0.005540721511146382,No,0,SW
2002.5833333333335,-0.0018662196089340223,-4.4795949616370935e-4,0.0023141791050977317,-0.00580907834999839,0.005540721511146382,No,0,SW
2002.6666666666667,-0.0033313599808831706,-4.5602871387105545e-4,20499167343.937725,-0.00580907834999839,0.005540721511146382,No,20499167343.933937,SW
2002.75,-0.0024533720972339437,-4.608493609909221e-4,62406818675.84302,-0.00580907834999839,0.005540721511146382,Yes,62406818675.8401,SW
2002.8333333333335,7.520079860994298e-4,-4.6567000811078874e-4,2346267274.5243692,-0.00580907834999839,0.005540721511146382,No,2346267274.5246553,SW
2002.9166666666667,6.943388049517386e-4,-4.7049065523065544e-4,-2.2384814972108315e-4,-0.00580907834999839,0.005540721511146382,No,0,SW
2003,8.845238962891652e-4,-4.753113023505221e-4,-4.092125939386431e-4,-0.00580907834999839,0.005540721511146382,No,0,SW
2003.0833333333335,7.504137140771673e-4,-4.801319494703887e-4,-2.702817646067786e-4,-0.00580907834999839,0.005540721511146382,No,0,SW
2003.1666666666667,0.001481617968468471,-4.8495259659025536e-4,-9.966653718782156e-4,-0.00580907834999839,0.005540721511146382,No,0,SW
2003.25,0.001217307718419911,-4.897732437101221e-4,-7.275344747097889e-4,-0.00580907834999839,0.005540721511146382,No,0,SW
2003.3333333333335,3.1842216120678263e-4,-4.945938908299886e-4,1.7617172962320601e-4,-0.00580907834999839,0.005540721511146382,No,0,SW
2003.4166666666667,2.7282267705949477e-4,-4.994145379498553e-4,2.2659186089036057e-4,-0.00580907834999839,0.005540721511146382,No,0,SW
2003.5,0.0012794966456628031,-5.04235185069722e-4,6395663713.684098,-0.00580907834999839,0.005540721511146382,No,6395663713.684874,SW
2003.5833333333335,-0.0018662196089340223,-5.090558321895886e-4,166042335934.05603,-0.00580907834999839,0.005540721511146382,Yes,166042335934.05365,SW
2003.6666666666667,-0.0033313599808831706,-5.138764793094553e-4,56454095348.059204,-0.00580907834999839,0.005540721511146382,Yes,56454095348.05536,SW
2003.75,-0.0024533720972339437,-5.186971264293219e-4,6010664715.842879,-0.00580907834999839,0.005540721511146382,No,6010664715.839907,SW
2003.8333333333335,7.520079860994298e-4,-5.235177735491886e-4,-2.2849021255024122e-4,-0.00580907834999839,0.005540721511146382,No,0,SW
2003.9166666666667,6.943388049517386e-4,-5.194362456114564e-4,-1.749025593402822e-4,-0.00580907834999839,0.005540721511146382,No,0,SW
2004,8.845238962891652e-4,-5.153547176737243e-4,-3.6916917861544093e-4,-0.00580907834999839,0.005540721511146382,No,0,SW
2004.0833333333335,7.504137140771673e-4,-5.11273189735992e-4,-2.391405243411753e-4,-0.00580907834999839,0.005540721511146382,No,0,SW
2004.1666666666667,0.001481617968468471,-5.071916617982599e-4,-9.744263066702111e-4,-0.00580907834999839,0.005540721511146382,No,0,SW
2004.25,0.001217307718419911,-5.031101338605277e-4,-7.141975845593833e-4,-0.00580907834999839,0.005540721511146382,No,0,SW
2004.3333333333335,3.1842216120678263e-4,-4.990286059227955e-4,1.8060644471601291e-4,-0.00580907834999839,0.005540721511146382,No,0,SW
2004.4166666666667,2.7282267705949477e-4,-4.949470779850633e-4,24914112139.18496,-0.00580907834999839,0.005540721511146382,No,24914112139.18474,SW
2004.5,0.0012794966456628031,-4.908655500473311e-4,-7.886310956154721e-4,-0.00580907834999839,0.005540721511146382,No,0,SW
2004.5833333333335,-0.0018662196089340223,-4.8678402210959896e-4,247058362829.3183,-0.00580907834999839,0.005540721511146382,Yes,247058362829.31595,SW
2004.6666666666667,-0.0033313599808831706,-4.827024941718668e-4,16489522881.462357,-0.00580907834999839,0.005540721511146382,No,16489522881.458542,SW
2004.75,-0.0024533720972339437,-4.7862096623413455e-4,0.0029319930634680784,-0.00580907834999839,0.005540721511146382,No,0,SW
2004.8333333333335,7.520079860994298e-4,-4.745394382964024e-4,-2.7746854780302745e-4,-0.00580907834999839,0.005540721511146382,No,0,SW
2004.9166666666667,6.943388049517386e-4,-4.704579103586702e-4,-2.2388089459306838e-4,-0.00580907834999839,0.005540721511146382,No,0,SW
2005,8.845238962891652e-4,-4.66376382420938e-4,-4.1814751386822716e-4,-0.00580907834999839,0.005540721511146382,No,0,SW
2005.0833333333335,7.504137140771673e-4,-4.591078366204484e-4,-2.913058774567189e-4,-0.00580907834999839,0.005540721511146382,No,0,SW
2005.1666666666667,0.001481617968468471,-4.518392908199588e-4,-0.0010297786776485122,-0.00580907834999839,0.005540721511146382,No,0,SW
2005.25,0.001217307718419911,-4.445707450194693e-4,-7.727369734004416e-4,-0.00580907834999839,0.005540721511146382,No,0,SW
2005.3333333333335,3.1842216120678263e-4,-4.373021992189797e-4,4173072543.074525,-0.00580907834999839,0.005540721511146382,No,4173072543.074406,SW
2005.4166666666667,2.7282267705949477e-4,-4.3003365341849007e-4,156428163695.0134,-0.00580907834999839,0.005540721511146382,Yes,156428163695.01324,SW
2005.5,0.0012794966456628031,-4.2276510761800047e-4,78564128480.69868,-0.00580907834999839,0.005540721511146382,Yes,78564128480.69954,SW
2005.5833333333335,-0.0018662196089340223,-4.154965618175109e-4,86578738431.0421,-0.00580907834999839,0.005540721511146382,Yes,86578738431.03983,SW
2005.6666666666667,-0.0033313599808831706,-4.082280160170213e-4,3260020718.6722646,-0.00580907834999839,0.005540721511146382,No,3260020718.668525,SW
2005.75,-0.0024533720972339437,-4.009594702165317e-4,5946219805.67884,-0.00580907834999839,0.005540721511146382,No,5946219805.675985,SW
2005.8333333333335,7.520079860994298e-4,-3.936909244160421e-4,9907128774.80811,-0.00580907834999839,0.005540721511146382,No,9907128774.808468,SW
2005.9166666666667,6.943388049517386e-4,-3.864223786155525e-4,-3.0791642633618607e-4,-0.00580907834999839,0.005540721511146382,No,0,SW
2006,8.845238962891652e-4,-3.7915383281506297e-4,-5.053700634741023e-4,-0.00580907834999839,0.005540721511146382,No,0,SW
2006.0833333333335,7.504137140771673e-4,-3.7188528701457337e-4,-3.7852842706259394e-4,-0.00580907834999839,0.005540721511146382,No,0,SW
2006.1666666666667,0.001481617968468471,-3.6461674121408377e-4,2077995713.202075,-0.00580907834999839,0.005540721511146382,No,2077995713.203192,SW
2006.25,0.001217307718419911,-3.542191978409561e-4,7494838494.3861885,-0.00580907834999839,0.005540721511146382,No,7494838494.387052,SW
2006.3333333333335,3.1842216120678263e-4,-3.4382165446782836e-4,11442868542.530947,-0.00580907834999839,0.005540721511146382,No,11442868542.530922,SW
2006.4166666666667,2.7282267705949477e-4,-3.334241110947007e-4,493982927728.9204,-0.00580907834999839,0.005540721511146382,Yes,493982927728.92035,SW
2006.5,0.0012794966456628031,-3.2302656772157295e-4,435782111514.1237,-0.00580907834999839,0.005540721511146382,Yes,435782111514.1247,SW
2006.5833333333335,-0.0018662196089340223,-3.126290243484453e-4,291061613107.5055,-0.00580907834999839,0.005540721511146382,Yes,291061613107.5033,SW
2006.6666666666667,-0.0033313599808831706,-3.0223148097531754e-4,46287960928.75494,-0.00580907834999839,0.005540721511146382,No,46287960928.7513,SW
2006.75,-0.0024533720972339437,-2.9183393760218987e-4,166125090901.46558,-0.00580907834999839,0.005540721511146382,Yes,166125090901.46283,SW
2006.8333333333335,7.520079860994298e-4,-2.814363942290622e-4,672721827007.5383,-0.00580907834999839,0.005540721511146382,Yes,672721827007.5388,SW
2006.9166666666667,6.943388049517386e-4,-2.7103885085593446e-4,190169695788.57428,-0.00580907834999839,0.005540721511146382,Yes,190169695788.5747,SW
2007,8.845238962891652e-4,-2.606413074828068e-4,4054963429.621307,-0.00580907834999839,0.005540721511146382,No,4054963429.6219306,SW
2007.0833333333335,7.504137140771673e-4,-2.5024376410967905e-4,-5.001699499674883e-4,-0.00580907834999839,0.005540721511146382,No,0,SW
2007.1666666666667,0.001481617968468471,-2.3984622073655137e-4,-0.0012417717477319196,-0.00580907834999839,0.005540721511146382,No,0,SW
2007.25,0.001217307718419911,-2.2944867736342367e-4,-9.878590410564872e-4,-0.00580907834999839,0.005540721511146382,No,0,SW
2007.3333333333335,3.1842216120678263e-4,-2.1905113399029596e-4,-9.937102721648667e-5,-0.00580907834999839,0.005540721511146382,No,0,SW
2007.4166666666667,2.7282267705949477e-4,-2.128659896551571e-4,-5.995668740433767e-5,-0.00580907834999839,0.005540721511146382,No,0,SW
2007.5,0.0012794966456628031,-2.0668084532001827e-4,6590712729.856378,-0.00580907834999839,0.005540721511146382,No,6590712729.8574505,SW
2007.5833333333335,-0.0018662196089340223,-2.004957009848794e-4,19140347822.87426,-0.00580907834999839,0.005540721511146382,No,19140347822.872192,SW
2007.6666666666667,-0.0033313599808831706,-1.9431055664974054e-4,0.0035256705375329113,-0.00580907834999839,0.005540721511146382,No,0,SW
2007.75,-0.0024533720972339437,-1.881254123146017e-4,8610709960.132921,-0.00580907834999839,0.005540721511146382,No,8610709960.13028,SW
2007.8333333333335,7.520079860994298e-4,-1.8194026797946285e-4,37542684221.42462,-0.00580907834999839,0.005540721511146382,No,37542684221.42519,SW
2007.9166666666667,6.943388049517386e-4,-1.75755123644324e-4,56090740950.87888,-0.00580907834999839,0.005540721511146382,Yes,56090740950.8794,SW
2008,8.845238962891652e-4,-1.6956997930918515e-4,35265503577.999084,-0.00580907834999839,0.005540721511146382,No,35265503577.9998,SW
2008.0833333333335,7.504137140771673e-4,-1.633848349740463e-4,253808480913.9238,-0.00580907834999839,0.005540721511146382,Yes,253808480913.9244,SW
2008.1666666666667,0.001481617968468471,-1.5719969063890743e-4,156278743521.69608,-0.00580907834999839,0.005540721511146382,Yes,156278743521.69742,SW
2008.25,0.001217307718419911,-1.510145463037686e-4,3522419089.551359,-0.00580907834999839,0.005540721511146382,No,3522419089.5524254,SW
2008.3333333333335,3.1842216120678263e-4,-1.4482940196862973e-4,-1.735927592381529e-4,-0.00580907834999839,0.005540721511146382,No,0,SW
2008.4166666666667,2.7282267705949477e-4,-1.3864425763349087e-4,-1.341784194260039e-4,-0.00580907834999839,0.005540721511146382,No,0,SW
2008.5,0.0012794966456628031,-1.3245911329835204e-4,-0.0011470375323644512,-0.00580907834999839,0.005540721511146382,No,0,SW
2008.5833333333335,-0.0018662196089340223,-1.3159256739160463e-4,0.0019978121763256267,-0.00580907834999839,0.005540721511146382,No,-2.168404344971009e-19,SW
2008.6666666666667,-0.0033313599808831706,-1.3072602148485722e-4,0.0034620860023680277,-0.00580907834999839,0.005540721511146382,No,0,SW
2008.75,-0.0024533720972339437,-1.2985947557810982e-4,0.0025832315728120535,-0.00580907834999839,0.005540721511146382,No,0,SW
2008.8333333333335,7.520079860994298e-4,-1.289929296713624e-4,-6.230150564280674e-4,-0.00580907834999839,0.005540721511146382,No,0,SW
2008.9166666666667,6.943388049517386e-4,-1.2812638376461503e-4,-5.662124211871236e-4,-0.00580907834999839,0.005540721511146382,No,0,SW
2009,8.845238962891652e-4,-1.2725983785786762e-4,-7.572640584312976e-4,-0.00580907834999839,0.005540721511146382,No,0,SW
2009.0833333333335,7.504137140771673e-4,-1.2639329195112022e-4,-6.240204221260471e-4,-0.00580907834999839,0.005540721511146382,No,0,SW
2009.1666666666667,0.001481617968468471,-1.255267460443728e-4,-0.001356091222424098,-0.00580907834999839,0.005540721511146382,No,0,SW
2009.25,0.001217307718419911,-1.246602001376254e-4,-0.0010926475182822856,-0.00580907834999839,0.005540721511146382,No,0,SW
2009.3333333333335,3.1842216120678263e-4,-1.23793654230878e-4,-1.9462850697590464e-4,-0.00580907834999839,0.005540721511146382,No,0,SW
2009.4166666666667,2.7282267705949477e-4,-1.229271083241306e-4,246109732794.2858,-0.00580907834999839,0.005540721511146382,Yes,246109732794.28595,SW
2009.5,0.0012794966456628031,-1.220605624173832e-4,173034023482.48807,-0.00580907834999839,0.005540721511146382,Yes,173034023482.48923,SW
2009.5833333333335,-0.0018662196089340223,-1.2119401651063579e-4,0.0019874136254446582,-0.00580907834999839,0.005540721511146382,No,2.168404344971009e-19,SW
2009.6666666666667,-0.0033313599808831706,-1.2032747060388838e-4,0.003451687451487059,-0.00580907834999839,0.005540721511146382,No,0,SW
2009.75,-0.0024533720972339437,-1.2868175267822835e-4,123897132456.95953,-0.00580907834999839,0.005540721511146382,Yes,123897132456.95695,SW
2009.8333333333335,7.520079860994298e-4,-1.370360347525683e-4,105221740016.27713,-0.00580907834999839,0.005540721511146382,Yes,105221740016.27774,SW
2009.9166666666667,6.943388049517386e-4,-1.4539031682690826e-4,-5.489484881248303e-4,-0.00580907834999839,0.005540721511146382,No,0,SW
2010,8.845238962891652e-4,-1.5374459890124824e-4,-7.30779297387917e-4,-0.00580907834999839,0.005540721511146382,No,0,SW
2010.0833333333335,7.504137140771673e-4,-1.620988809755882e-4,1830287352.034346,-0.00580907834999839,0.005540721511146382,No,1830287352.0349343,SW
2010.1666666666667,0.001481617968468471,-1.7045316304992815e-4,17545889340.7402,-0.00580907834999839,0.005540721511146382,No,17545889340.74151,SW
2010.25,0.001217307718419911,-1.788074451242681e-4,250395177376.82816,-0.00580907834999839,0.005540721511146382,Yes,250395177376.8292,SW
2010.3333333333335,3.1842216120678263e-4,-1.8716172719860806e-4,64693915239.35428,-0.00580907834999839,0.005540721511146382,Yes,64693915239.35441,SW
2010.4166666666667,2.7282267705949477e-4,-1.9551600927294804e-4,7977333524.690049,-0.00580907834999839,0.005540721511146382,No,7977333524.690126,SW
2010.5,0.0012794966456628031,-2.03870291347288e-4,4251211480.5306115,-0.00580907834999839,0.005540721511146382,No,4251211480.531687,SW
2010.5833333333335,-0.0018662196089340223,-2.1222457342162795e-4,0.00207844418235565,-0.00580907834999839,0.005540721511146382,No,0,SW
2010.6666666666667,-0.0033313599808831706,-2.2057885549596793e-4,9192238864.002102,-0.00580907834999839,0.005540721511146382,No,9192238863.998549,SW
2010.75,-0.0024533720972339437,-2.2893313757030789e-4,0.0026823052348042514,-0.00580907834999839,0.005540721511146382,No,0,SW
2010.8333333333335,7.520079860994298e-4,-2.3728741964464784e-4,-5.147205664547819e-4,-0.00580907834999839,0.005540721511146382,No,0,SW
2010.9166666666667,6.943388049517386e-4,-2.516044065673137e-4,-4.4273439838442486e-4,-0.00580907834999839,0.005540721511146382,No,0,SW
2011,8.845238962891652e-4,-2.659213934899796e-4,21676981209.993553,-0.00580907834999839,0.005540721511146382,No,21676981209.99417,SW
2011.0833333333335,7.504137140771673e-4,-2.802383804126455e-4,123332557184.35733,-0.00580907834999839,0.005540721511146382,Yes,123332557184.3578,SW
2011.1666666666667,0.001481617968468471,-2.945553673353113e-4,20699857449.83252,-0.00580907834999839,0.005540721511146382,No,20699857449.833706,SW
2011.25,0.001217307718419911,-3.088723542579772e-4,390464612296.6383,-0.00580907834999839,0.005540721511146382,Yes,390464612296.6392,SW
2011.3333333333335,3.1842216120678263e-4,-3.231893411806431e-4,739551073560.1256,-0.00580907834999839,0.005540721511146382,Yes,739551073560.1256,SW
2011.4166666666667,2.7282267705949477e-4,-3.3750632810330896e-4,226537160102.5472,-0.00580907834999839,0.005540721511146382,Yes,226537160102.54715,SW
2011.5,0.0012794966456628031,-3.5182331502597484e-4,-9.276733306368283e-4,-0.00580907834999839,0.005540721511146382,No,0,SW
2011.5833333333335,-0.0018662196089340223,-3.661403019486407e-4,0.002232359910882663,-0.00580907834999839,0.005540721511146382,No,0,SW
2011.6666666666667,-0.0033313599808831706,-3.8045728887130655e-4,4380734233.57115,-0.00580907834999839,0.005540721511146382,No,4380734233.567438,SW
2011.75,-0.0024533720972339437,-3.9477427579397243e-4,199261175656.83704,-0.00580907834999839,0.005540721511146382,Yes,199261175656.8342,SW
2011.8333333333335,7.520079860994298e-4,-4.090912627166383e-4,-3.429167233827915e-4,-0.00580907834999839,0.005540721511146382,No,0,SW
2011.9166666666667,6.943388049517386e-4,-4.234082496393042e-4,-2.709305553124344e-4,-0.00580907834999839,0.005540721511146382,No,0,SW
2012,8.845238962891652e-4,-4.377252365619701e-4,-4.467986597271951e-4,-0.00580907834999839,0.005540721511146382,No,0,SW
2012.0833333333335,7.504137140771673e-4,-4.507702681410406e-4,-2.996434459361267e-4,-0.00580907834999839,0.005540721511146382,No,0,SW
2012.1666666666667,0.001481617968468471,-4.638152997201111e-4,-0.0010178026687483598,-0.00580907834999839,0.005540721511146382,No,0,SW
2012.25,0.001217307718419911,-4.768603312991817e-4,-7.404473871207293e-4,-0.00580907834999839,0.005540721511146382,No,0,SW
2012.3333333333335,3.1842216120678263e-4,-4.899053628782522e-4,1.7148320167146956e-4,-0.00580907834999839,0.005540721511146382,No,0,SW
2012.4166666666667,2.7282267705949477e-4,-5.029503944573228e-4,2.30127717397828e-4,-0.00580907834999839,0.005540721511146382,No,0,SW
2012.5,0.0012794966456628031,-5.159954260363932e-4,-7.635012196264099e-4,-0.00580907834999839,0.005540721511146382,No,0,SW
2012.5833333333335,-0.0018662196089340223,-5.290404576154638e-4,81698634105.51398,-0.00580907834999839,0.005540721511146382,Yes,81698634105.51158,SW
2012.6666666666667,-0.0033313599808831706,-5.420854891945343e-4,253519640557.69583,-0.00580907834999839,0.005540721511146382,Yes,253519640557.69196,SW
2012.75,-0.0024533720972339437,-5.551305207736048e-4,62369307411.01087,-0.00580907834999839,0.005540721511146382,Yes,62369307411.00786,SW
2012.8333333333335,7.520079860994298e-4,-5.681755523526754e-4,6034018718.460399,-0.00580907834999839,0.005540721511146382,No,6034018718.460583,SW
2012.9166666666667,6.943388049517386e-4,-5.812205839317459e-4,-1.1311822101999272e-4,-0.00580907834999839,0.005540721511146382,No,0,SW
2013,8.845238962891652e-4,-5.942656155108164e-4,-2.9025828077834876e-4,-0.00580907834999839,0.005540721511146382,No,0,SW
2013.0833333333335,7.504137140771673e-4,-6.073106470898869e-4,-1.4310306698728042e-4,-0.00580907834999839,0.005540721511146382,No,0,SW
2013.1666666666667,0.001481617968468471,-6.203556786689575e-4,-8.612622897995135e-4,-0.00580907834999839,0.005540721511146382,No,0,SW
2013.25,0.001217307718419911,-6.242281377765599e-4,-5.93079580643351e-4,-0.00580907834999839,0.005540721511146382,No,0,SW
2013.3333333333335,3.1842216120678263e-4,-6.281005968841625e-4,3.0967843567737983e-4,-0.00580907834999839,0.005540721511146382,No,0,SW
2013.4166666666667,2.7282267705949477e-4,-6.319730559917649e-4,3.5915037893227014e-4,-0.00580907834999839,0.005540721511146382,No,0,SW
2013.5,0.0012794966456628031,-6.358455150993674e-4,52204378487.19486,-0.00580907834999839,0.005540721511146382,Yes,52204378487.19551,SW
2013.5833333333335,-0.0018662196089340223,-6.397179742069699e-4,4044648479.226857,-0.00580907834999839,0.005540721511146382,No,4044648479.224351,SW
2013.6666666666667,-0.0033313599808831706,-6.435904333145724e-4,65694399646.7608,-0.00580907834999839,0.005540721511146382,Yes,65694399646.75683,SW
2013.75,-0.0024533720972339437,-6.474628924221749e-4,175308601901.78653,-0.00580907834999839,0.005540721511146382,Yes,175308601901.78345,SW
2013.8333333333335,7.520079860994298e-4,-6.513353515297774e-4,-1.0067263456965247e-4,-0.00580907834999839,0.005540721511146382,No,0,SW
2013.9166666666667,6.943388049517386e-4,-6.552078106373798e-4,-3.913099431435878e-5,-0.00580907834999839,0.005540721511146382,No,0,SW
2014,8.845238962891652e-4,-6.590802697449824e-4,-2.2544362654418283e-4,-0.00580907834999839,0.005540721511146382,No,0,SW
2014.0833333333335,7.504137140771673e-4,-6.629527288525848e-4,-8.74609852245825e-5,-0.00580907834999839,0.005540721511146382,No,0,SW
2014.1666666666667,0.001481617968468471,-6.668251879601872e-4,-8.147927805082837e-4,-0.00580907834999839,0.005540721511146382,No,0,SW
2014.25,0.001217307718419911,-6.706976470677898e-4,-5.466100713521212e-4,-0.00580907834999839,0.005540721511146382,No,0,SW
2014.3333333333335,3.1842216120678263e-4,-6.745701061753923e-4,4973942873.933629,-0.00580907834999839,0.005540721511146382,No,4973942873.933273,SW
2014.4166666666667,2.7282267705949477e-4,-6.70710994265424e-4,3.9788831720592927e-4,-0.00580907834999839,0.005540721511146382,No,0,SW
2014.5,0.0012794966456628031,-6.668518823554559e-4,-6.126447633073472e-4,-0.00580907834999839,0.005540721511146382,No,0,SW
2014.5833333333335,-0.0018662196089340223,-6.629927704454878e-4,6598437555.502375,-0.00580907834999839,0.005540721511146382,No,6598437555.4998455,SW
2014.6666666666667,-0.0033313599808831706,-6.591336585355196e-4,661870308129.8173,-0.00580907834999839,0.005540721511146382,Yes,661870308129.8134,SW
2014.75,-0.0024533720972339437,-6.552745466255514e-4,497406693968.497,-0.00580907834999839,0.005540721511146382,Yes,497406693968.4939,SW
2014.8333333333335,7.520079860994298e-4,-6.514154347155833e-4,148250733185.81137,-0.00580907834999839,0.005540721511146382,Yes,148250733185.8115,SW
2014.9166666666667,6.943388049517386e-4,-6.475563228056152e-4,-4.678248214612336e-5,-0.00580907834999839,0.005540721511146382,No,0,SW
2015,8.845238962891652e-4,-6.43697210895647e-4,-2.4082668539351817e-4,-0.00580907834999839,0.005540721511146382,No,0,SW
2015.0833333333335,7.504137140771673e-4,-6.398380989856788e-4,-1.105756150914885e-4,-0.00580907834999839,0.005540721511146382,No,0,SW
2015.1666666666667,0.001481617968468471,-6.359789870757107e-4,-8.456389813927603e-4,-0.00580907834999839,0.005540721511146382,No,0,SW
2015.25,0.001217307718419911,-6.321198751657426e-4,6610356080.166949,-0.00580907834999839,0.005540721511146382,No,6610356080.167534,SW
2015.3333333333335,3.1842216120678263e-4,-6.282607632557744e-4,168011171590.62692,-0.00580907834999839,0.005540721511146382,Yes,168011171590.6266,SW
2015.4166666666667,2.7282267705949477e-4,-6.244016513458062e-4,43967438603.8069,-0.00580907834999839,0.005540721511146382,No,43967438603.80655,SW
2015.5,0.0012794966456628031,-6.205425394358381e-4,13919694273.221071,-0.00580907834999839,0.005540721511146382,No,13919694273.221731,SW
2015.5833333333335,-0.0018662196089340223,-6.120444973779692e-4,29963391079.89593,-0.00580907834999839,0.005540721511146382,No,29963391079.893456,SW
2015.6666666666667,-0.0033313599808831706,-6.035464553201003e-4,9619097064.708454,-0.00580907834999839,0.005540721511146382,No,9619097064.70452,SW
2015.75,-0.0024533720972339437,-5.950484132622313e-4,79191083773.93161,-0.00580907834999839,0.005540721511146382,Yes,79191083773.92856,SW
2015.8333333333335,7.520079860994298e-4,-5.865503712043624e-4,205761843488.33856,-0.00580907834999839,0.005540721511146382,Yes,205761843488.33875,SW
2015.9166666666667,6.943388049517386e-4,-5.780523291464935e-4,245613377981.7299,-0.00580907834999839,0.005540721511146382,Yes,245613377981.73,SW
2016,8.845238962891652e-4,-5.695542870886246e-4,298079025723.3762,-0.00580907834999839,0.005540721511146382,Yes,298079025723.3765,SW
2016.0833333333335,7.504137140771673e-4,-5.610562450307558e-4,159698086648.43463,-0.00580907834999839,0.005540721511146382,Yes,159698086648.43484,SW
2016.1666666666667,0.001481617968468471,-5.525582029728868e-4,-9.290597654955841e-4,-0.00580907834999839,0.005540721511146382,No,0,SW
2016.25,0.001217307718419911,-5.440601609150179e-4,-6.73247557504893e-4,-0.00580907834999839,0.005540721511146382,No,0,SW
2016.3333333333335,3.1842216120678263e-4,-5.35562118857149e-4,2.1713995765036638e-4,-0.00580907834999839,0.005540721511146382,No,0,SW
2016.4166666666667,2.7282267705949477e-4,-5.270640767992801e-4,7991099576.696,-0.00580907834999839,0.005540721511146382,No,7991099576.695745,SW
2016.5,0.0012794966456628031,-5.185660347414112e-4,11590121736.508314,-0.00580907834999839,0.005540721511146382,No,11590121736.509075,SW
2016.5833333333335,-0.0018662196089340223,-5.100679926835423e-4,226256708143.07242,-0.00580907834999839,0.005540721511146382,Yes,226256708143.07004,SW
2016.6666666666667,-0.0033313599808831706,-5.015699506256733e-4,55590389054.79253,-0.00580907834999839,0.005540721511146382,Yes,55590389054.78869,SW
2016.75,-0.0024533720972339437,-4.911902106795112e-4,0.0029445623079134547,-0.00580907834999839,0.005540721511146382,No,0,SW
2016.8333333333335,7.520079860994298e-4,-4.808104707333492e-4,5819986322.471335,-0.00580907834999839,0.005540721511146382,No,5819986322.471607,SW
2016.9166666666667,6.943388049517386e-4,-4.7043073078718715e-4,155629049520.33405,-0.00580907834999839,0.005540721511146382,Yes,155629049520.3343,SW
2017,8.845238962891652e-4,-4.6005099084102505e-4,7705795981.042561,-0.00580907834999839,0.005540721511146382,No,7705795981.042985,SW
2017.0833333333335,7.504137140771673e-4,-4.4967125089486295e-4,-3.0074246318230436e-4,-0.00580907834999839,0.005540721511146382,No,0,SW
2017.1666666666667,0.001481617968468471,-4.392915109487009e-4,-0.00104232645751977,-0.00580907834999839,0.005540721511146382,No,0,SW
2017.25,0.001217307718419911,-4.2891177100253886e-4,15763663607.035881,-0.00580907834999839,0.005540721511146382,No,15763663607.036669,SW
2017.3333333333335,3.1842216120678263e-4,-4.1853203105637676e-4,337906890136.5254,-0.00580907834999839,0.005540721511146382,Yes,337906890136.52527,SW
2017.4166666666667,2.7282267705949477e-4,-4.0815229111021466e-4,168914908131.09537,-0.00580907834999839,0.005540721511146382,Yes,168914908131.09525,SW
2017.5,0.0012794966456628031,-3.977725511640526e-4,-8.817240944987506e-4,-0.00580907834999839,0.005540721511146382,No,0,SW
2017.5833333333335,-0.0018662196089340223,-3.8739281121789057e-4,4523843899.94862,-0.00580907834999839,0.005540721511146382,No,4523843899.946366,SW
2017.6666666666667,-0.0033313599808831706,-3.7701307127172847e-4,0.003708373052154899,-0.00580907834999839,0.005540721511146382,No,0,SW
2017.75,-0.0024533720972339437,-3.666333313255664e-4,1140284736.624277,-0.00580907834999839,0.005540721511146382,No,1140284736.621457,SW
2017.8333333333335,7.520079860994298e-4,-3.5625359137940433e-4,24423813941.922825,-0.00580907834999839,0.005540721511146382,No,24423813941.92322,SW
2017.9166666666667,6.943388049517386e-4,-0.00034506892137466523,9042600348.924387,-0.00580907834999839,0.005540721511146382,No,9042600348.924736,SW
2018,8.845238962891652e-4,-3.338842513699262e-4,-5.50639644919239e-4,-0.00580907834999839,0.005540721511146382,No,0,SW
2018.0833333333335,7.504137140771673e-4,-3.226995813651871e-4,-4.2771413271198023e-4,-0.00580907834999839,0.005540721511146382,No,0,SW
2018.1666666666667,0.001481617968468471,-3.1151491136044803e-4,-0.001170103057108023,-0.00580907834999839,0.005540721511146382,No,0,SW
2018.25,0.001217307718419911,-3.0033024135570893e-4,-9.16977477064202e-4,-0.00580907834999839,0.005540721511146382,No,0,SW
2018.3333333333335,3.1842216120678263e-4,-2.891455713509699e-4,-2.927658985581275e-5,-0.00580907834999839,0.005540721511146382,No,0,SW
2018.4166666666667,2.7282267705949477e-4,-2.779609013462308e-4,5.138224286736011e-6,-0.00580907834999839,0.005540721511146382,No,0,SW
2018.5,0.0012794966456628031,-2.667762313414917e-4,5012814253.696123,-0.00580907834999839,0.005540721511146382,No,5012814253.697136,SW
2018.5833333333335,-0.0018662196089340223,-2.5559156133675263e-4,0.002121811170270775,-0.00580907834999839,0.005540721511146382,No,0,SW
2018.6666666666667,-0.0033313599808831706,-2.4440689133201353e-4,15978563129.13099,-0.00580907834999839,0.005540721511146382,No,15978563129.127413,SW
2018.75,-0.0024533720972339437,-2.3322222132727448e-4,91201391792.41139,-0.00580907834999839,0.005540721511146382,Yes,91201391792.4087,SW
2018.8333333333335,7.520079860994298e-4,-2.2203755132253538e-4,-5.299704347768944e-4,-0.00580907834999839,0.005540721511146382,No,0,SW
2018.9166666666667,6.943388049517386e-4,-2.108528813177963e-4,-4.834859236339423e-4,-0.00580907834999839,0.005540721511146382,No,0,SW
2019,8.845238962891652e-4,-1.9966821131305724e-4,-6.84855684976108e-4,-0.00580907834999839,0.005540721511146382,No,0,SW
2019.0833333333335,7.504137140771673e-4,-1.9031724010998752e-4,8448628703.690535,-0.00580907834999839,0.005540721511146382,No,8448628703.691094,SW
2019.1666666666667,0.001481617968468471,-1.8096626890691777e-4,2556913017.1535378,-0.00580907834999839,0.005540721511146382,No,2556913017.154838,SW
2019.25,0.001217307718419911,-1.7161529770384805e-4,-0.0010456924207160629,-0.00580907834999839,0.005540721511146382,No,0,SW
2019.3333333333335,3.1842216120678263e-4,-1.622643265007783e-4,-1.5615783470600432e-4,-0.00580907834999839,0.005540721511146382,No,0,SW
2019.4166666666667,2.7282267705949477e-4,-1.529133552977086e-4,-1.1990932176178618e-4,-0.00580907834999839,0.005540721511146382,No,0,SW
2019.5,0.0012794966456628031,-1.4356238409463884e-4,-0.0011359342615681644,-0.00580907834999839,0.005540721511146382,No,0,SW
2019.5833333333335,-0.0018662196089340223,-1.3421141289156913e-4,0.0020004310218255912,-0.00580907834999839,0.005540721511146382,No,-2.168404344971009e-19,SW
2019.6666666666667,-0.0033313599808831706,-1.2486044168849938e-4,0.00345622042257167,-0.00580907834999839,0.005540721511146382,No,0,SW
2019.75,-0.0024533720972339437,-1.1550947048542966e-4,0.0025688815677193735,-0.00580907834999839,0.005540721511146382,No,0,SW
2019.8333333333335,7.520079860994298e-4,-1.0615849928235993e-4,-6.458494868170699e-4,-0.00580907834999839,0.005540721511146382,No,0,SW
2019.9166666666667,6.943388049517386e-4,-9.68075280792902e-5,-5.975312768724484e-4,-0.00580907834999839,0.005540721511146382,No,0,SW
2020,8.845238962891652e-4,-8.745655687622048e-5,-7.970673394129447e-4,-0.00580907834999839,0.005540721511146382,No,0,SW
2020.0833333333335,7.504137140771673e-4,-7.810558567315075e-5,16087291437.658964,-0.00580907834999839,0.005540721511146382,No,16087291437.659636,SW
2020.1666666666667,0.001481617968468471,-6.875461447008103e-5,-0.00141286335399839,-0.00580907834999839,0.005540721511146382,No,0,SW
2020.25,0.001217307718419911,-5.187898936678167e-5,-0.0011654287290531293,-0.00580907834999839,0.005540721511146382,No,0,SW
2020.3333333333335,3.1842216120678263e-4,-3.500336426348231e-5,236875111198.9488,-0.00580907834999839,0.005540721511146382,Yes,236875111198.94907,SW
2020.4166666666667,2.7282267705949477e-4,-1.812773916018295e-5,168141658747.25302,-0.00580907834999839,0.005540721511146382,Yes,168141658747.25327,SW
2020.5,0.0012794966456628031,-1.252114056883588e-6,45103025895.947815,-0.00580907834999839,0.005540721511146382,No,45103025895.9491,SW
2020.5833333333335,-0.0018662196089340223,1.5623511046415773e-5,9280986488.228558,-0.00580907834999839,0.005540721511146382,No,9280986488.226707,SW
2020.6666666666667,-0.0033313599808831706,3.2499136149715134e-5,0.0032988608447334553,-0.00580907834999839,0.005540721511146382,No,0,SW
2020.75,-0.0024533720972339437,4.9374761253014495e-5,0.002403997335980929,-0.00580907834999839,0.005540721511146382,No,0,SW
2020.8333333333335,7.520079860994298e-4,6.625038635631386e-5,2664684181.9768505,-0.00580907834999839,0.005540721511146382,No,2664684181.977669,SW
2020.9166666666667,6.943388049517386e-4,8.312601145961322e-5,22282963510.80418,-0.00580907834999839,0.005540721511146382,No,22282963510.80496,SW
2021,8.845238962891652e-4,1.0000163656291258e-4,-9.845255328520778e-4,-0.00580907834999839,0.005540721511146382,No,0,SW
2021.0833333333335,7.504137140771673e-4,1.1687726166621193e-4,-8.672909757433793e-4,-0.00580907834999839,0.005540721511146382,No,0,SW
2021.1666666666667,0.001481617968468471,1.3375288676951129e-4,-0.0016153708552379823,-0.00580907834999839,0.005540721511146382,No,0,SW
2021.25,0.001217307718419911,1.5062851187281067e-4,245682041366.317,-0.00580907834999839,0.005540721511146382,Yes,245682041366.31836,SW
2021.3333333333335,3.1842216120678263e-4,1.6750413697611005e-4,5656313620.205492,-0.00580907834999839,0.005540721511146382,No,5656313620.205978,SW
2021.4166666666667,2.7282267705949477e-4,1.8797445525566567e-4,-4.6079713231516044e-4,-0.00580907834999839,0.005540721511146382,No,0,SW
2021.5,0.0012794966456628031,2.084447735352213e-4,-0.0014879414191980244,-0.00580907834999839,0.005540721511146382,No,0,SW
2021.5833333333335,-0.0018662196089340223,2.289150918147769e-4,0.0016373045171192454,-0.00580907834999839,0.005540721511146382,No,0,SW
2021.6666666666667,-0.0033313599808831706,2.493854100943325e-4,169348563755.3094,-0.00580907834999839,0.005540721511146382,Yes,169348563755.3063,SW
2021.75,-0.0024533720972339437,2.698557283738881e-4,0.0021835163688600557,-0.00580907834999839,0.005540721511146382,No,0,SW
2021.8333333333335,7.520079860994298e-4,2.9032604665344373e-4,-0.0010423340327528736,-0.00580907834999839,0.005540721511146382,No,0,SW
2021.9166666666667,6.943388049517386e-4,3.1079636493299936e-4,-0.0010051351698847379,-0.00580907834999839,0.005540721511146382,No,0,SW
2022,8.845238962891652e-4,3.31266683212555e-4,-0.00121579057950172,-0.00580907834999839,0.005540721511146382,No,1.0842021724855044e-19,SW
2022.0833333333335,7.504137140771673e-4,3.517370014921106e-4,-0.001102150715569278,-0.00580907834999839,0.005540721511146382,No,0,SW
2022.1666666666667,0.001481617968468471,3.7220731977166623e-4,-0.0018538252882401372,-0.00580907834999839,0.005540721511146382,No,0,SW
2022.25,0.001217307718419911,3.9267763805122185e-4,-0.0016099853564711328,-0.00580907834999839,0.005540721511146382,No,0,SW
2022.3333333333335,3.1842216120678263e-4,4.131479563307775e-4,27526482658.415573,-0.00580907834999839,0.005540721511146382,No,27526482658.4163,SW
2022.4166666666667,2.7282267705949477e-4,4.3361827461033304e-4,97987483918.89041,-0.00580907834999839,0.005540721511146382,Yes,97987483918.89111,SW
2022.5,0.0012794966456628031,4.5408859288988867e-4,4506778778.213547,-0.00580907834999839,0.005540721511146382,No,4506778778.215281,SW
2022.5833333333335,-0.0018662196089340223,4.73873747991746e-4,0.0013923458609422764,-0.00580907834999839,0.005540721511146382,No,0,SW
2022.6666666666667,-0.0033313599808831706,4.936589030936033e-4,140710066481.10892,-0.00580907834999839,0.005540721511146382,Yes,140710066481.10608,SW
2022.75,-0.0024533720972339437,5.134440581954605e-4,0.001939928039038483,-0.00580907834999839,0.005540721511146382,No,0,SW
2022.8333333333335,7.520079860994298e-4,5.332292132973179e-4,769479437.4572855,-0.00580907834999839,0.005540721511146382,No,769479437.4585707,SW
2022.9166666666667,6.943388049517386e-4,5.530143683991752e-4,127678033275.09491,-0.00580907834999839,0.005540721511146382,Yes,127678033275.09616,SW
2023,8.845238962891652e-4,5.727995235010325e-4,241844232403.18137,-0.00580907834999839,0.005540721511146382,Yes,241844232403.18283,SW
2023.0833333333335,7.504137140771673e-4,5.925846786028899e-4,-0.001342998392680057,-0.00580907834999839,0.005540721511146382,No,1.0842021724855044e-19,SW
2023.1666666666667,0.001481617968468471,6.123698337047471e-4,152378300208.09525,-0.00580907834999839,0.005540721511146382,Yes,152378300208.09735,SW
2023.25,0.001217307718419911,6.321549888066044e-4,206191559447.37314,-0.00580907834999839,0.005540721511146382,Yes,206191559447.375,SW
2023.3333333333335,3.1842216120678263e-4,6.519401439084618e-4,128096525021.79802,-0.00580907834999839,0.005540721511146382,Yes,128096525021.799,SW
2023.4166666666667,2.7282267705949477e-4,6.717252990103191e-4,283649422450.53973,-0.00580907834999839,0.005540721511146382,Yes,283649422450.54065,SW
2023.5,0.0012794966456628031,6.915104541121764e-4,10782448536.666372,-0.00580907834999839,0.005540721511146382,No,10782448536.668344,SW
2023.5833333333335,-0.0018662196089340223,7.112956092140337e-4,4882708858.780573,-0.00580907834999839,0.005540721511146382,No,4882708858.779418,SW
2023.6666666666667,-0.0033313599808831706,7.31080764315891e-4,40148968060.492165,-0.00580907834999839,0.005540721511146382,No,40148968060.48956,SW
2023.75,-0.0024533720972339437,7.514105328262017e-4,463708342776.179,-0.00580907834999839,0.005540721511146382,Yes,463708342776.1773,SW
2023.8333333333335,7.520079860994298e-4,7.717403013365123e-4,123836551247.41661,-0.00580907834999839,0.005540721511146382,Yes,123836551247.41814,SW
2023.9166666666667,6.943388049517386e-4,7.92070069846823e-4,238452746785.32,-0.00580907834999839,0.005540721511146382,Yes,238452746785.3215,SW
2024,8.845238962891652e-4,8.123998383571335e-4,384845214371.4574,-0.00580907834999839,0.005540721511146382,Yes,384845214371.45905,SW
2024.0833333333335,7.504137140771673e-4,8.327296068674441e-4,514444324272.75696,-0.00580907834999839,0.005540721511146382,Yes,514444324272.75854,SW
2024.1666666666667,0.001481617968468471,8.530593753777548e-4,20617736697.727215,-0.00580907834999839,0.005540721511146382,No,20617736697.72955,SW
2024.25,0.001217307718419911,8.733891438880654e-4,138467784725.5029,-0.00580907834999839,0.005540721511146382,Yes,138467784725.505,SW
2024.3333333333335,3.1842216120678263e-4,8.937189123983761e-4,-0.0012121410736051588,-0.00580907834999839,0.005540721511146382,No,-5.421010862427522e-20,SW
2024.4166666666667,2.7282267705949477e-4,9.140486809086867e-4,-0.0011868713579681815,-0.00580907834999839,0.005540721511146382,No,0,SW
2024.5,0.0012794966456628031,9.343784494189973e-4,3955667309.863465,-0.00580907834999839,0.005540721511146382,No,3955667309.865679,SW
2024.5833333333335,-0.0018662196089340223,9.547082179293079e-4,9.115113910047143e-4,-0.00580907834999839,0.005540721511146382,No,0,SW
2024.6666666666667,-0.0033313599808831706,9.750379864396186e-4,0.002356321994443552,-0.00580907834999839,0.005540721511146382,No,0,SW
2024.75,-0.0024533720972339437,9.953677549499292e-4,33719096558.136856,-0.00580907834999839,0.005540721511146382,No,33719096558.1354,SW
2024.8333333333335,7.520079860994298e-4,0.0010156975234602399,154098099536.38626,-0.00580907834999839,0.005540721511146382,Yes,154098099536.38803,SW
2024.9166666666667,6.943388049517386e-4,0.0010372858766615513,272861810703.97903,-0.00580907834999839,0.005540721511146382,Yes,272861810703.98077,SW
2025,8.845238962891652e-4,0.001058874229862863,90929074560.44804,-0.00580907834999839,0.005540721511146382,Yes,90929074560.44998,SW
2025.0833333333335,7.504137140771673e-4,0.0010804625830641743,502709973.1445723,-0.00580907834999839,0.005540721511146382,No,502709973.1464032,SW
2025.1666666666667,0.001481617968468471,0.001102050936265486,14916746753.151812,-0.00580907834999839,0.005540721511146382,No,14916746753.154396,SW
2025.25,0.001217307718419911,0.0011236392894667974,52170838275.02651,-0.00580907834999839,0.005540721511146382,Yes,52170838275.028854,SW
2025.3333333333335,3.1842216120678263e-4,0.0011452276426681088,9566753144.565426,-0.00580907834999839,0.005540721511146382,No,9566753144.566889,SW
2025.4166666666667,2.7282267705949477e-4,0.0011668159958694204,11051924454.669209,-0.00580907834999839,0.005540721511146382,No,11051924454.670649,SW
2025.5,0.0012794966456628031,0.0011884043490707318,59981412645.23133,-0.00580907834999839,0.005540721511146382,Yes,59981412645.2338,SW
2025.5833333333335,-0.0018662196089340223,0.0012099927022720435,50333900404.682495,-0.00580907834999839,0.005540721511146382,Yes,50333900404.68184,SW
2025.6666666666667,-0.0033313599808831706,0.001231581055473355,0.0020997789254098157,-0.00580907834999839,0.005540721511146382,No,0,SW
2025.75,-0.0024533720972339437,0.0012531694086746663,0.0012002026885592773,-0.00580907834999839,0.005540721511146382,No,0,SW
2025.8333333333335,7.520079860994298e-4,0.001274757761875978,5128494910.025461,-0.00580907834999839,0.005540721511146382,No,5128494910.027489,SW
2025.9166666666667,6.943388049517386e-4,0.0012963461150772894,-0.001990684920029028,-0.00580907834999839,0.005540721511146382,No,-2.168404344971009e-19,SW
1981.6666666666667,0.007061401282547899,1.5842801788158275e-4,-0.007219829300429482,-0.002134199810838516,0.0022698412019423663,No,0,S
1981.75,-6.70937745662776e-4,1.6537771440131168e-4,5.055600312614643e-4,-0.002134199810838516,0.0022698412019423663,No,0,S
1981.8333333333335,-5.610041337515605e-4,1.7232741092104058e-4,998540252.8811399,-0.002134199810838516,0.0022698412019423663,No,998540252.8807513,S
1981.9166666666667,-9.193902149745912e-4,1.792771074407695e-4,3680840099.2648735,-0.002134199810838516,0.0022698412019423663,No,3680840099.2641335,S
1982,-2.893042399338929e-4,1.8622680396049844e-4,1.0307743597339446e-4,-0.002134199810838516,0.0022698412019423663,No,0,S
1982.0833333333335,-5.509375383191586e-4,1.9317650048022734e-4,3.5776103783893127e-4,-0.002134199810838516,0.0022698412019423663,No,0,S
1982.1666666666667,-0.001212072200954457,2.0012619699995627e-4,0.001011946003954501,-0.002134199810838516,0.0022698412019423663,No,0,S
1982.25,-2.754588040540629e-4,2.070758935196852e-4,6.838291053437768e-5,-0.002134199810838516,0.0022698412019423663,No,0,S
1982.3333333333335,-3.6205437462522933e-4,2.140255900394141e-4,47559618386.639595,-0.002134199810838516,0.0022698412019423663,Yes,47559618386.63945,S
1982.4166666666667,-2.491779123919951e-4,2.2097528655914302e-4,2.8202625832852052e-5,-0.002134199810838516,0.0022698412019423663,No,0,S
1982.5,-6.671693910546047e-4,2.2792498307887195e-4,4.3924440797573277e-4,-0.002134199810838516,0.0022698412019423663,No,0,S
1982.5833333333335,-0.0013038948529301415,2.3487467959860085e-4,0.0010690201733315407,-0.002134199810838516,0.0022698412019423663,No,0,S
1982.6666666666667,0.007061401282547899,2.4182437611832978e-4,82632295599.4246,-0.002134199810838516,0.0022698412019423663,Yes,82632295599.43192,S
1982.75,-6.70937745662776e-4,2.487740726380587e-4,4.221636730247173e-4,-0.002134199810838516,0.0022698412019423663,No,0,S
1982.8333333333335,-5.610041337515605e-4,2.557237691577876e-4,3.0528036459377293e-4,-0.002134199810838516,0.0022698412019423663,No,0,S
1982.9166666666667,-9.193902149745912e-4,2.622259463974646e-4,6.571642685771265e-4,-0.002134199810838516,0.0022698412019423663,No,-1.0842021724855044e-19,S
1983,-2.893042399338929e-4,2.687281236371417e-4,2.0576116296751215e-5,-0.002134199810838516,0.0022698412019423663,No,0,S
1983.0833333333335,-5.509375383191586e-4,2.752303008768187e-4,2.757072374423399e-4,-0.002134199810838516,0.0022698412019423663,No,0,S
1983.1666666666667,-0.001212072200954457,2.817324781164957e-4,22789908521.753674,-0.002134199810838516,0.0022698412019423663,No,22789908521.752743,S
1983.25,-2.754588040540629e-4,2.882346553561727e-4,-1.2775851302109832e-5,-0.002134199810838516,0.0022698412019423663,No,0,S
1983.3333333333335,-3.6205437462522933e-4,2.947368325958498e-4,6.731754202937956e-5,-0.002134199810838516,0.0022698412019423663,No,0,S
1983.4166666666667,-2.491779123919951e-4,3.012390098355268e-4,-5.206109744353171e-5,-0.002134199810838516,0.0022698412019423663,No,0,S
1983.5,-6.671693910546047e-4,3.077411870752038e-4,3.5942820397940093e-4,-0.002134199810838516,0.0022698412019423663,No,0,S
1983.5833333333335,-0.0013038948529301415,3.1424336431488085e-4,9.896514886152607e-4,-0.002134199810838516,0.0022698412019423663,No,0,S
1983.6666666666667,0.007061401282547899,3.2074554155455786e-4,-0.007382146824102457,-0.002134199810838516,0.0022698412019423663,No,0,S
1983.75,-6.70937745662776e-4,3.272477187942349e-4,7123560724.651065,-0.002134199810838516,0.0022698412019423663,No,7123560724.650721,S
1983.8333333333335,-5.610041337515605e-4,3.337498960339119e-4,37234429086.70206,-0.002134199810838516,0.0022698412019423663,No,37234429086.70183,S
1983.9166666666667,-9.193902149745912e-4,3.4025207327358895e-4,21164552842.28382,-0.002134199810838516,0.0022698412019423663,No,21164552842.28324,S
1984,-2.893042399338929e-4,3.4675425051326595e-4,-5.745001057937306e-5,-0.002134199810838516,0.0022698412019423663,No,0,S
1984.0833333333335,-5.509375383191586e-4,3.5281004651336933e-4,1.9812749180578927e-4,-0.002134199810838516,0.0022698412019423663,No,0,S
1984.1666666666667,-0.001212072200954457,3.588658425134727e-4,8.532063584409844e-4,-0.002134199810838516,0.0022698412019423663,No,0,S
1984.25,-2.754588040540629e-4,3.6492163851357604e-4,-8.946283445951316e-5,-0.002134199810838516,0.0022698412019423663,No,0,S
1984.3333333333335,-3.6205437462522933e-4,3.709774345136794e-4,-8.923059888450084e-6,-0.002134199810838516,0.0022698412019423663,No,0,S
1984.4166666666667,-2.491779123919951e-4,3.770332305137828e-4,-1.2785531812178772e-4,-0.002134199810838516,0.0022698412019423663,No,0,S
1984.5,-6.671693910546047e-4,3.8308902651388617e-4,2.8408036454071855e-4,-0.002134199810838516,0.0022698412019423663,No,0,S
1984.5833333333335,-0.0013038948529301415,3.891448225139895e-4,9.14750030416152e-4,-0.002134199810838516,0.0022698412019423663,No,0,S
1984.6666666666667,0.007061401282547899,3.9520061851409287e-4,-0.007456601901061993,-0.002134199810838516,0.0022698412019423663,No,-8.673617379884035e-19,S
1984.75,-6.70937745662776e-4,4.0125641451419625e-4,2.6968133114857977e-4,-0.002134199810838516,0.0022698412019423663,No,0,S
1984.8333333333335,-5.610041337515605e-4,4.0731221051429963e-4,1.536919232372609e-4,-0.002134199810838516,0.0022698412019423663,No,0,S
1984.9166666666667,-9.193902149745912e-4,4.13368006514403e-4,5.060222084601882e-4,-0.002134199810838516,0.0022698412019423663,No,1.0842021724855044e-19,S
1985,-2.893042399338929e-4,4.1942380251450633e-4,-1.3011956258061343e-4,-0.002134199810838516,0.0022698412019423663,No,0,S
1985.0833333333335,-5.509375383191586e-4,4.254795985146097e-4,1.254579398045489e-4,-0.002134199810838516,0.0022698412019423663,No,0,S
1985.1666666666667,-0.001212072200954457,4.315353945147131e-4,7.80536806439744e-4,-0.002134199810838516,0.0022698412019423663,No,0,S
1985.25,-2.754588040540629e-4,4.366972801397207e-4,-1.6123847608565784e-4,-0.002134199810838516,0.0022698412019423663,No,0,S
1985.3333333333335,-3.6205437462522933e-4,4.4185916576472835e-4,-7.980479113949902e-5,-0.002134199810838516,0.0022698412019423663,No,0,S
1985.4166666666667,-2.491779123919951e-4,4.47021051389736e-4,-1.978431389977409e-4,-0.002134199810838516,0.0022698412019423663,No,0,S
1985.5,-6.671693910546047e-4,4.521829370147436e-4,2.1498645403986112e-4,-0.002134199810838516,0.0022698412019423663,No,0,S
1985.5833333333335,-0.0013038948529301415,4.5734482263975123e-4,8.465500302903904e-4,-0.002134199810838516,0.0022698412019423663,No,0,S
1985.6666666666667,0.007061401282547899,4.6250670826475886e-4,8424285404.583394,-0.002134199810838516,0.0022698412019423663,No,8424285404.590918,S
1985.75,-6.70937745662776e-4,4.6766859388976643e-4,6527615266.565416,-0.002134199810838516,0.0022698412019423663,No,6527615266.565212,S
1985.8333333333335,-5.610041337515605e-4,4.7283047951477406e-4,8.817365423678647e-5,-0.002134199810838516,0.0022698412019423663,No,0,S
1985.9166666666667,-9.193902149745912e-4,4.779923651397817e-4,4.4139784983480946e-4,-0.002134199810838516,0.0022698412019423663,No,0,S
1986,-2.893042399338929e-4,4.831542507647893e-4,-1.9385001083089642e-4,-0.002134199810838516,0.0022698412019423663,No,0,S
1986.0833333333335,-5.509375383191586e-4,4.88316136389797e-4,6.262140192936166e-5,-0.002134199810838516,0.0022698412019423663,No,0,S
1986.1666666666667,-0.001212072200954457,4.934780220148046e-4,7.185941789396525e-4,-0.002134199810838516,0.0022698412019423663,No,0,S
1986.25,-2.754588040540629e-4,4.986399076398122e-4,-2.2318110358574933e-4,-0.002134199810838516,0.0022698412019423663,No,0,S
1986.3333333333335,-3.6205437462522933e-4,5.038017932648198e-4,-1.417474186395905e-4,-0.002134199810838516,0.0022698412019423663,No,0,S
1986.4166666666667,-2.491779123919951e-4,5.063338240222672e-4,-2.571559116302721e-4,-0.002134199810838516,0.0022698412019423663,No,0,S
1986.5,-6.671693910546047e-4,5.088658547797145e-4,1.583035362748902e-4,-0.002134199810838516,0.0022698412019423663,No,0,S
1986.5833333333335,-0.0013038948529301415,5.113978855371617e-4,7.924969673929798e-4,-0.002134199810838516,0.0022698412019423663,No,0,S
1986.6666666666667,0.007061401282547899,5.139299162946091e-4,-0.007575331198842509,-0.002134199810838516,0.0022698412019423663,No,0,S
1986.75,-6.70937745662776e-4,5.164619470520564e-4,1.544757986107196e-4,-0.002134199810838516,0.0022698412019423663,No,0,S
1986.8333333333335,-5.610041337515605e-4,5.189939778095038e-4,4.201015594205678e-5,-0.002134199810838516,0.0022698412019423663,No,0,S
1986.9166666666667,-9.193902149745912e-4,5.21526008566951e-4,3.9786420640764016e-4,-0.002134199810838516,0.0022698412019423663,No,0,S
1987,-2.893042399338929e-4,5.240580393243983e-4,-2.3475379939050543e-4,-0.002134199810838516,0.0022698412019423663,No,0,S
1987.0833333333335,-5.509375383191586e-4,5.265900700818457e-4,2.434746823731294e-5,-0.002134199810838516,0.0022698412019423663,No,0,S
1987.1666666666667,-0.001212072200954457,5.29122100839293e-4,50844934827.91294,-0.002134199810838516,0.0022698412019423663,Yes,50844934827.912254,S
1987.25,-2.754588040540629e-4,5.316541315967403e-4,-2.5619532754267747e-4,-0.002134199810838516,0.0022698412019423663,No,0,S
1987.3333333333335,-3.6205437462522933e-4,5.341861623541876e-4,-1.7213178772895824e-4,-0.002134199810838516,0.0022698412019423663,No,0,S
1987.4166666666667,-2.491779123919951e-4,5.367181931116349e-4,-2.8754028071963984e-4,-0.002134199810838516,0.0022698412019423663,No,0,S
1987.5,-6.671693910546047e-4,5.392502238690823e-4,12391473914.355553,-0.002134199810838516,0.0022698412019423663,No,12391473914.355425,S
1987.5833333333335,-0.0013038948529301415,5.404140778912857e-4,10702799945.395876,-0.002134199810838516,0.0022698412019423663,No,10702799945.395111,S
1987.6666666666667,0.007061401282547899,5.41577931913489e-4,148095902812.53702,-0.002134199810838516,0.0022698412019423663,Yes,148095902812.54462,S
1987.75,-6.70937745662776e-4,5.427417859356924e-4,5260448654.54284,-0.002134199810838516,0.0022698412019423663,No,5260448654.542711,S
1987.8333333333335,-5.610041337515605e-4,5.439056399578957e-4,1.7098493793664816e-5,-0.002134199810838516,0.0022698412019423663,No,0,S
1987.9166666666667,-9.193902149745912e-4,5.450694939800991e-4,3.74320720994492e-4,-0.002134199810838516,0.0022698412019423663,No,0,S
1988,-2.893042399338929e-4,5.462333480023025e-4,-2.5692910806840956e-4,-0.002134199810838516,0.0022698412019423663,No,0,S
1988.0833333333335,-5.509375383191586e-4,5.473972020245059e-4,3.5403362946527257e-6,-0.002134199810838516,0.0022698412019423663,No,0,S
1988.1666666666667,-0.001212072200954457,5.485610560467093e-4,6.635111449077478e-4,-0.002134199810838516,0.0022698412019423663,No,0,S
1988.25,-2.754588040540629e-4,5.497249100689126e-4,-2.7426610601484974e-4,-0.002134199810838516,0.0022698412019423663,No,0,S
1988.3333333333335,-3.6205437462522933e-4,5.50888764091116e-4,-1.888343894658867e-4,-0.002134199810838516,0.0022698412019423663,No,0,S
1988.4166666666667,-2.491779123919951e-4,5.520526181133194e-4,-3.028747057213243e-4,-0.002134199810838516,0.0022698412019423663,No,0,S
1988.5,-6.671693910546047e-4,5.532164721355228e-4,1078956802.049178,-0.002134199810838516,0.0022698412019423663,No,1078956802.049064,S
1988.5833333333335,-0.0013038948529301415,5.543803261577261e-4,8468666777.839218,-0.002134199810838516,0.0022698412019423663,No,8468666777.838469,S
1988.6666666666667,0.007061401282547899,5.555441801799295e-4,-0.007616945462727829,-0.002134199810838516,0.0022698412019423663,No,0,S
1988.75,-6.70937745662776e-4,5.558062498331815e-4,1.1513149582959448e-4,-0.002134199810838516,0.0022698412019423663,No,0,S
1988.8333333333335,-5.610041337515605e-4,5.560683194864335e-4,4.9358142651270785e-6,-0.002134199810838516,0.0022698412019423663,No,0,S
1988.9166666666667,-9.193902149745912e-4,5.563303891396855e-4,3.6305982583490566e-4,-0.002134199810838516,0.0022698412019423663,No,0,S
1989,-2.893042399338929e-4,5.565924587929374e-4,-2.672882188590445e-4,-0.002134199810838516,0.0022698412019423663,No,0,S
1989.0833333333335,-5.509375383191586e-4,5.568545284461894e-4,-5.916990127030836e-6,-0.002134199810838516,0.0022698412019423663,No,0,S
1989.1666666666667,-0.001212072200954457,5.571165980994414e-4,6.549556028550157e-4,-0.002134199810838516,0.0022698412019423663,No,0,S
1989.25,-2.754588040540629e-4,5.573786677526934e-4,-2.819198636986305e-4,-0.002134199810838516,0.0022698412019423663,No,0,S
1989.3333333333335,-3.6205437462522933e-4,5.576407374059454e-4,-1.955863627807161e-4,-0.002134199810838516,0.0022698412019423663,No,0,S
1989.4166666666667,-2.491779123919951e-4,5.579028070591973e-4,-3.0872489466720227e-4,-0.002134199810838516,0.0022698412019423663,No,0,S
1989.5,-6.671693910546047e-4,5.581648767124494e-4,125664701688.4692,-0.002134199810838516,0.0022698412019423663,Yes,125664701688.46909,S
1989.5833333333335,-0.0013038948529301415,5.584269463657013e-4,115957477239.54,-0.002134199810838516,0.0022698412019423663,Yes,115957477239.53926,S
1989.6666666666667,0.007061401282547899,5.586890160189533e-4,-0.007620090298566853,-0.002134199810838516,0.0022698412019423663,No,-8.673617379884035e-19,S
1989.75,-6.70937745662776e-4,5.589510856722052e-4,75484903716.13976,-0.002134199810838516,0.0022698412019423663,Yes,75484903716.13965,S
1989.8333333333335,-5.610041337515605e-4,5.592131553254573e-4,4270705314.0137157,-0.002134199810838516,0.0022698412019423663,No,4270705314.013714,S
1989.9166666666667,-9.193902149745912e-4,5.592811632469383e-4,3.601090517276528e-4,-0.002134199810838516,0.0022698412019423663,No,0,S
1990,-2.893042399338929e-4,5.593491711684195e-4,-2.700449312345266e-4,-0.002134199810838516,0.0022698412019423663,No,0,S
1990.0833333333335,-5.509375383191586e-4,5.594171790899006e-4,-8.479640770741952e-6,-0.002134199810838516,0.0022698412019423663,No,0,S
1990.1666666666667,-0.001212072200954457,5.594851870113816e-4,4030091447.1124177,-0.002134199810838516,0.0022698412019423663,No,4030091447.111765,S
1990.25,-2.754588040540629e-4,5.595531949328628e-4,-2.840943908787999e-4,-0.002134199810838516,0.0022698412019423663,No,0,S
1990.3333333333335,-3.6205437462522933e-4,5.596212028543438e-4,4460720256.185481,-0.002134199810838516,0.0022698412019423663,No,4460720256.1856785,S
1990.4166666666667,-2.491779123919951e-4,5.59689210775825e-4,-3.1051129838382993e-4,-0.002134199810838516,0.0022698412019423663,No,0,S
1990.5,-6.671693910546047e-4,5.597572186973061e-4,43612215862.53643,-0.002134199810838516,0.0022698412019423663,Yes,43612215862.53632,S
1990.5833333333335,-0.0013038948529301415,5.598252266187871e-4,56698417024.43734,-0.002134199810838516,0.0022698412019423663,Yes,56698417024.43659,S
1990.6666666666667,0.007061401282547899,5.598932345402683e-4,-0.007621294517088167,-0.002134199810838516,0.0022698412019423663,No,0,S
1990.75,-6.70937745662776e-4,5.599612424617493e-4,1.1097650320102668e-4,-0.002134199810838516,0.0022698412019423663,No,0,S
1990.8333333333335,-5.610041337515605e-4,5.600292503832304e-4,9.748833683301391e-7,-0.002134199810838516,0.0022698412019423663,No,0,S
1990.9166666666667,-9.193902149745912e-4,5.600972583047116e-4,3.592929566698796e-4,-0.002134199810838516,0.0022698412019423663,No,0,S
1991,-2.893042399338929e-4,5.601652662261926e-4,-2.708610262922997e-4,-0.002134199810838516,0.0022698412019423663,No,0,S
1991.0833333333335,-5.509375383191586e-4,5.605938108578764e-4,-9.656272538717753e-6,-0.002134199810838516,0.0022698412019423663,No,0,S
1991.1666666666667,-0.001212072200954457,5.610223554895602e-4,6.510498454648969e-4,-0.002134199810838516,0.0022698412019423663,No,0,S
1991.25,-2.754588040540629e-4,5.614509001212439e-4,-2.8599209606718106e-4,-0.002134199810838516,0.0022698412019423663,No,0,S
1991.3333333333335,-3.6205437462522933e-4,5.618794447529277e-4,-0.00019982507012769834,-0.002134199810838516,0.0022698412019423663,No,0,S
1991.4166666666667,-2.491779123919951e-4,5.623079893846114e-4,-3.1313007699261634e-4,-0.002134199810838516,0.0022698412019423663,No,0,S
1991.5,-6.671693910546047e-4,5.627365340162953e-4,1.0443285703830947e-4,-0.002134199810838516,0.0022698412019423663,No,0,S
1991.5833333333335,-0.0013038948529301415,5.63165078647979e-4,122355734821.1617,-0.002134199810838516,0.0022698412019423663,Yes,122355734821.16096,S
1991.6666666666667,0.007061401282547899,5.635936232796627e-4,94159654591.49728,-0.002134199810838516,0.0022698412019423663,Yes,94159654591.50491,S
1991.75,-6.70937745662776e-4,5.640221679113466e-4,1.0691557775142945e-4,-0.002134199810838516,0.0022698412019423663,No,0,S
1991.8333333333335,-5.610041337515605e-4,5.644507125430303e-4,-3.4465787914697696e-6,-0.002134199810838516,0.0022698412019423663,No,0,S
1991.9166666666667,-9.193902149745912e-4,5.64879257174714e-4,3.545109577998771e-4,-0.002134199810838516,0.0022698412019423663,No,0,S
1992,-2.893042399338929e-4,5.653078018063978e-4,-2.760035618725049e-4,-0.002134199810838516,0.0022698412019423663,No,0,S
1992.0833333333335,-5.509375383191586e-4,5.657363464380816e-4,-1.4798808118923019e-5,-0.002134199810838516,0.0022698412019423663,No,0,S
1992.1666666666667,-0.001212072200954457,5.661648910697654e-4,6.459073098846917e-4,-0.002134199810838516,0.0022698412019423663,No,0,S
1992.25,-2.754588040540629e-4,5.66884398313676e-4,-2.9142559425961314e-4,-0.002134199810838516,0.0022698412019423663,No,0,S
1992.3333333333335,-3.6205437462522933e-4,5.676039055575867e-4,-2.0554953093235734e-4,-0.002134199810838516,0.0022698412019423663,No,0,S
1992.4166666666667,-2.491779123919951e-4,5.683234128014973e-4,-3.1914550040950225e-4,-0.002134199810838516,0.0022698412019423663,No,0,S
1992.5,-6.671693910546047e-4,5.690429200454081e-4,9.812647100919663e-5,-0.002134199810838516,0.0022698412019423663,No,0,S
1992.5833333333335,-0.0013038948529301415,5.697624272893188e-4,7.341324256408228e-4,-0.002134199810838516,0.0022698412019423663,No,0,S
1992.6666666666667,0.007061401282547899,5.704819345332294e-4,-0.007631883217081129,-0.002134199810838516,0.0022698412019423663,No,0,S
1992.75,-6.70937745662776e-4,5.712014417771401e-4,9.973630388563596e-5,-0.002134199810838516,0.0022698412019423663,No,0,S
1992.8333333333335,-5.610041337515605e-4,5.719209490210507e-4,-1.0916815269490184e-5,-0.002134199810838516,0.0022698412019423663,No,0,S
1992.9166666666667,-9.193902149745912e-4,5.726404562649614e-4,3.467497587096298e-4,-0.002134199810838516,0.0022698412019423663,No,0,S
1993,-2.893042399338929e-4,5.73359963508872e-4,-2.8405572357497914e-4,-0.002134199810838516,0.0022698412019423663,No,0,S
1993.0833333333335,-5.509375383191586e-4,5.740794707527828e-4,-2.3141932433624196e-5,-0.002134199810838516,0.0022698412019423663,No,0,S
1993.1666666666667,-0.001212072200954457,5.747989779966935e-4,6.372732229577636e-4,-0.002134199810838516,0.0022698412019423663,No,0,S
1993.25,-2.754588040540629e-4,5.755184852406041e-4,-3.0005968118654124e-4,-0.002134199810838516,0.0022698412019423663,No,0,S
1993.3333333333335,-3.6205437462522933e-4,5.762379924845148e-4,-2.1418361785928544e-4,-0.002134199810838516,0.0022698412019423663,No,0,S
1993.4166666666667,-2.491779123919951e-4,5.769007399624223e-4,-3.277228275704272e-4,-0.002134199810838516,0.0022698412019423663,No,0,S
1993.5,-6.671693910546047e-4,5.775634874403298e-4,17298920241.864017,-0.002134199810838516,0.0022698412019423663,No,17298920241.863926,S
1993.5833333333335,-0.0013038948529301415,5.782262349182373e-4,1742360747.7946892,-0.002134199810838516,0.0022698412019423663,No,1742360747.7939634,S
1993.6666666666667,0.007061401282547899,5.788889823961446e-4,-0.007640290264944044,-0.002134199810838516,0.0022698412019423663,No,0,S
1993.75,-6.70937745662776e-4,5.795517298740521e-4,9.13860157887239e-5,-0.002134199810838516,0.0022698412019423663,No,0,S
1993.8333333333335,-5.610041337515605e-4,5.802144773519596e-4,-1.9210343600399083e-5,-0.002134199810838516,0.0022698412019423663,No,0,S
1993.9166666666667,-9.193902149745912e-4,5.808772248298671e-4,3.3851299014472404e-4,-0.002134199810838516,0.0022698412019423663,No,0,S
1994,-2.893042399338929e-4,5.815399723077746e-4,-2.922357323738817e-4,-0.002134199810838516,0.0022698412019423663,No,0,S
1994.0833333333335,-5.509375383191586e-4,5.822027197856821e-4,-3.1265181466523496e-5,-0.002134199810838516,0.0022698412019423663,No,0,S
1994.1666666666667,-0.001212072200954457,5.828654672635896e-4,2497734274.1410475,-0.002134199810838516,0.0022698412019423663,No,2497734274.140418,S
1994.25,-2.754588040540629e-4,5.83528214741497e-4,-3.080694106874341e-4,-0.002134199810838516,0.0022698412019423663,No,0,S
1994.3333333333335,-3.6205437462522933e-4,5.841909622194045e-4,-2.2213658759417514e-4,-0.002134199810838516,0.0022698412019423663,No,0,S
1994.4166666666667,-2.491779123919951e-4,5.84853709697312e-4,-3.356757973053169e-4,-0.002134199810838516,0.0022698412019423663,No,0,S
1994.5,-6.671693910546047e-4,5.855164571752195e-4,8.165293387938526e-5,-0.002134199810838516,0.0022698412019423663,No,0,S
1994.5833333333335,-0.0013038948529301415,5.858069255611054e-4,7.180879273690361e-4,-0.002134199810838516,0.0022698412019423663,No,0,S
1994.6666666666667,0.007061401282547899,5.860973939469914e-4,-0.0076474986764948905,-0.002134199810838516,0.0022698412019423663,No,0,S
1994.75,-6.70937745662776e-4,5.863878623328775e-4,8.454988332989855e-5,-0.002134199810838516,0.0022698412019423663,No,0,S
1994.8333333333335,-5.610041337515605e-4,5.866783307187634e-4,-2.567419696720291e-5,-0.002134199810838516,0.0022698412019423663,No,0,S
1994.9166666666667,-9.193902149745912e-4,5.869687991046494e-4,14323923963.290323,-0.002134199810838516,0.0022698412019423663,No,14323923963.289991,S
1995,-2.893042399338929e-4,5.872592674905354e-4,-2.979550275566425e-4,-0.002134199810838516,0.0022698412019423663,No,0,S
1995.0833333333335,-5.509375383191586e-4,5.875497358764215e-4,46675638696.39665,-0.002134199810838516,0.0022698412019423663,Yes,46675638696.39669,S
1995.1666666666667,-0.001212072200954457,5.878402042623074e-4,6.242319966921497e-4,-0.002134199810838516,0.0022698412019423663,No,0,S
1995.25,-2.754588040540629e-4,5.881306726481934e-4,33861008664.838226,-0.002134199810838516,0.0022698412019423663,No,33861008664.83854,S
1995.3333333333335,-3.6205437462522933e-4,5.884211410340794e-4,-2.2636676640885005e-4,-0.002134199810838516,0.0022698412019423663,No,0,S
1995.4166666666667,-2.491779123919951e-4,5.887116094199653e-4,-3.3953369702797027e-4,-0.002134199810838516,0.0022698412019423663,No,0,S
1995.5,-6.671693910546047e-4,5.890020778058514e-4,7.81673132487533e-5,-0.002134199810838516,0.0022698412019423663,No,0,S
1995.5833333333335,-0.0013038948529301415,5.892925461917374e-4,14432725798.627596,-0.002134199810838516,0.0022698412019423663,No,14432725798.62688,S
1995.6666666666667,0.007061401282547899,5.895830145776234e-4,3967259725.104964,-0.002134199810838516,0.0022698412019423663,No,3967259725.1126146,S
1995.75,-6.70937745662776e-4,5.896736220099396e-4,16050457440.05726,-0.002134199810838516,0.0022698412019423663,No,16050457440.057178,S
1995.8333333333335,-5.610041337515605e-4,5.897642294422559e-4,163118719997.91772,-0.002134199810838516,0.0022698412019423663,Yes,163118719997.91776,S
1995.9166666666667,-9.193902149745912e-4,5.89854836874572e-4,10676485294.927523,-0.002134199810838516,0.0022698412019423663,No,10676485294.927193,S
1996,-2.893042399338929e-4,5.899454443068883e-4,64746994204.93561,-0.002134199810838516,0.0022698412019423663,Yes,64746994204.935905,S
1996.0833333333335,-5.509375383191586e-4,5.900360517392046e-4,-3.909851342004595e-5,-0.002134199810838516,0.0022698412019423663,No,0,S
1996.1666666666667,-0.001212072200954457,5.901266591715208e-4,6.219455417829363e-4,-0.002134199810838516,0.0022698412019423663,No,0,S
1996.25,-2.754588040540629e-4,5.902172666038371e-4,-3.147584625497742e-4,-0.002134199810838516,0.0022698412019423663,No,0,S
1996.3333333333335,-3.6205437462522933e-4,5.903078740361532e-4,-2.282534994109239e-4,-0.002134199810838516,0.0022698412019423663,No,0,S
1996.4166666666667,-2.491779123919951e-4,5.903984814684695e-4,38934788625.66589,-0.002134199810838516,0.0022698412019423663,Yes,38934788625.66623,S
1996.5,-6.671693910546047e-4,5.904890889007857e-4,132025239113.45566,-0.002134199810838516,0.0022698412019423663,Yes,132025239113.45558,S
1996.5833333333335,-0.0013038948529301415,5.90579696333102e-4,7.133151565970395e-4,-0.002134199810838516,0.0022698412019423663,No,0,S
1996.6666666666667,0.007061401282547899,5.906703037654182e-4,-0.007652071586313317,-0.002134199810838516,0.0022698412019423663,No,0,S
1996.75,-6.70937745662776e-4,5.907609111977344e-4,8.017683446504161e-5,-0.002134199810838516,0.0022698412019423663,No,0,S
1996.8333333333335,-5.610041337515605e-4,5.908515186300507e-4,-2.9847384878490136e-5,-0.002134199810838516,0.0022698412019423663,No,0,S
1996.9166666666667,-9.193902149745912e-4,5.912137993396447e-4,3.281764156349465e-4,-0.002134199810838516,0.0022698412019423663,No,0,S
1997,-2.893042399338929e-4,5.915760800492386e-4,-3.0227184011534573e-4,-0.002134199810838516,0.0022698412019423663,No,0,S
1997.0833333333335,-5.509375383191586e-4,5.919383607588326e-4,-4.1000822439674e-5,-0.002134199810838516,0.0022698412019423663,No,0,S
1997.1666666666667,-0.001212072200954457,5.923006414684265e-4,146058131537.23264,-0.002134199810838516,0.0022698412019423663,Yes,146058131537.232,S
1997.25,-2.754588040540629e-4,5.926629221780205e-4,108865196473.99644,-0.002134199810838516,0.0022698412019423663,Yes,108865196473.99677,S
1997.3333333333335,-3.6205437462522933e-4,5.930252028876144e-4,38933983780.05488,-0.002134199810838516,0.0022698412019423663,Yes,38933983780.055115,S
1997.4166666666667,-2.491779123919951e-4,5.933874835972084e-4,16073671126.418726,-0.002134199810838516,0.0022698412019423663,No,16073671126.41907,S
1997.5,-6.671693910546047e-4,5.937497643068024e-4,2477397036.836194,-0.002134199810838516,0.0022698412019423663,No,2477397036.8361206,S
1997.5833333333335,-0.0013038948529301415,5.941120450163964e-4,8969850613.474688,-0.002134199810838516,0.0022698412019423663,No,8969850613.473976,S
1997.6666666666667,0.007061401282547899,5.944743257259903e-4,134601730961.43274,-0.002134199810838516,0.0022698412019423663,Yes,134601730961.4404,S
1997.75,-6.70937745662776e-4,5.948366064355842e-4,54548718932.67722,-0.002134199810838516,0.0022698412019423663,Yes,54548718932.67715,S
1997.8333333333335,-5.610041337515605e-4,5.951988871451782e-4,2926133281.8587265,-0.002134199810838516,0.0022698412019423663,No,2926133281.8587604,S
1997.9166666666667,-9.193902149745912e-4,5.955611678547722e-4,3.23829047119819e-4,-0.002134199810838516,0.0022698412019423663,No,0,S
1998,-2.893042399338929e-4,5.959234485643661e-4,-3.0661920863047325e-4,-0.002134199810838516,0.0022698412019423663,No,0,S
1998.0833333333335,-5.509375383191586e-4,5.961874807711941e-4,88471270061.46393,-0.002134199810838516,0.0022698412019423663,Yes,88471270061.46397,S
1998.1666666666667,-0.001212072200954457,5.964515129780222e-4,115809092061.04643,-0.002134199810838516,0.0022698412019423663,Yes,115809092061.04582,S
1998.25,-2.754588040540629e-4,5.967155451848502e-4,92014438404.48672,-0.002134199810838516,0.0022698412019423663,Yes,92014438404.48705,S
1998.3333333333335,-3.6205437462522933e-4,5.969795773916782e-4,-2.3492520276644885e-4,-0.002134199810838516,0.0022698412019423663,No,0,S
1998.4166666666667,-2.491779123919951e-4,5.972436095985061e-4,-3.4806569720651105e-4,-0.002134199810838516,0.0022698412019423663,No,0,S
1998.5,-6.671693910546047e-4,5.975076418053342e-4,6.966174924927053e-5,-0.002134199810838516,0.0022698412019423663,No,0,S
1998.5833333333335,-0.0013038948529301415,5.977716740121623e-4,7.061231789179793e-4,-0.002134199810838516,0.0022698412019423663,No,0,S
1998.6666666666667,0.007061401282547899,5.980357062189902e-4,-0.00765943698876689,-0.002134199810838516,0.0022698412019423663,No,-8.673617379884035e-19,S
1998.75,-6.70937745662776e-4,5.982997384258182e-4,7.263800723695786e-5,-0.002134199810838516,0.0022698412019423663,No,0,S
1998.8333333333335,-5.610041337515605e-4,5.985637706326462e-4,-3.755963688108568e-5,-0.002134199810838516,0.0022698412019423663,No,0,S
1998.9166666666667,-9.193902149745912e-4,5.988278028394743e-4,3.2056241213511687e-4,-0.002134199810838516,0.0022698412019423663,No,0,S
1999,-2.893042399338929e-4,5.990918350463022e-4,-3.0978759511240934e-4,-0.002134199810838516,0.0022698412019423663,No,0,S
1999.0833333333335,-5.509375383191586e-4,5.993558672531302e-4,-4.841832893397158e-5,-0.002134199810838516,0.0022698412019423663,No,0,S
1999.1666666666667,-0.001212072200954457,5.996198994599582e-4,6.124523014944988e-4,-0.002134199810838516,0.0022698412019423663,No,0,S
1999.25,-2.754588040540629e-4,5.995085570665335e-4,22747431701.65146,-0.002134199810838516,0.0022698412019423663,No,22747431701.651783,S
1999.3333333333335,-3.6205437462522933e-4,5.993972146731087e-4,-2.3734284004787938e-4,-0.002134199810838516,0.0022698412019423663,No,0,S
1999.4166666666667,-2.491779123919951e-4,5.99285872279684e-4,-3.501079598876889e-4,-0.002134199810838516,0.0022698412019423663,No,0,S
1999.5,-6.671693910546047e-4,5.991745298862593e-4,6.799486116834544e-5,-0.002134199810838516,0.0022698412019423663,No,0,S
1999.5833333333335,-0.0013038948529301415,5.990631874928345e-4,4957596729.733916,-0.002134199810838516,0.0022698412019423663,No,4957596729.7332115,S
1999.6666666666667,0.007061401282547899,5.989518450994097e-4,-0.007660353127647309,-0.002134199810838516,0.0022698412019423663,No,0,S
1999.75,-6.70937745662776e-4,5.988405027059849e-4,7.20972429567911e-5,-0.002134199810838516,0.0022698412019423663,No,0,S
1999.8333333333335,-5.610041337515605e-4,5.987291603125602e-4,-3.7725026560999665e-5,-0.002134199810838516,0.0022698412019423663,No,0,S
1999.9166666666667,-9.193902149745912e-4,5.986178179191355e-4,3.2077239705545566e-4,-0.002134199810838516,0.0022698412019423663,No,0,S
2000,-2.893042399338929e-4,5.985064755257107e-4,-3.0920223559181777e-4,-0.002134199810838516,0.0022698412019423663,No,0,S
2000.0833333333335,-5.509375383191586e-4,5.98395133132286e-4,-4.7457594813127345e-5,-0.002134199810838516,0.0022698412019423663,No,0,S
2000.1666666666667,-0.001212072200954457,5.982837907388612e-4,20804284346.576046,-0.002134199810838516,0.0022698412019423663,No,20804284346.57543,S
2000.25,-2.754588040540629e-4,5.981724483454364e-4,-3.2271364429137353e-4,-0.002134199810838516,0.0022698412019423663,No,0,S
2000.3333333333335,-3.6205437462522933e-4,5.980611059520117e-4,5479791568.751863,-0.002134199810838516,0.0022698412019423663,No,5479791568.752098,S
2000.4166666666667,-2.491779123919951e-4,5.98079906452533e-4,3472138317.133553,-0.002134199810838516,0.0022698412019423663,No,3472138317.1339016,S
2000.5,-6.671693910546047e-4,5.980987069530543e-4,2324817941.2266145,-0.002134199810838516,0.0022698412019423663,No,2324817941.2265453,S
2000.5833333333335,-0.0013038948529301415,5.981175074535757e-4,49018479704.71479,-0.002134199810838516,0.0022698412019423663,Yes,49018479704.71408,S
2000.6666666666667,0.007061401282547899,5.98136307954097e-4,-0.007659537590501996,-0.002134199810838516,0.0022698412019423663,No,0,S
2000.75,-6.70937745662776e-4,5.981551084546183e-4,7.278263720815773e-5,-0.002134199810838516,0.0022698412019423663,No,0,S
2000.8333333333335,-5.610041337515605e-4,5.981739089551396e-4,-3.7169775203579045e-05,-0.002134199810838516,0.0022698412019423663,No,0,S
2000.9166666666667,-9.193902149745912e-4,5.98192709455661e-4,3.2119750551893016e-4,-0.002134199810838516,0.0022698412019423663,No,0,S
2001,-2.893042399338929e-4,5.982115099561823e-4,-3.089072700222894e-4,-0.002134199810838516,0.0022698412019423663,No,0,S
2001.0833333333335,-5.509375383191586e-4,5.982303104567036e-4,-4.7292772137544977e-5,-0.002134199810838516,0.0022698412019423663,No,0,S
2001.1666666666667,-0.001212072200954457,5.982491109572249e-4,6.138230899972322e-4,-0.002134199810838516,0.0022698412019423663,No,0,S
2001.25,-2.754588040540629e-4,5.982679114577462e-4,-3.228091074036833e-4,-0.002134199810838516,0.0022698412019423663,No,0,S
2001.3333333333335,-3.6205437462522933e-4,5.982867119582676e-4,-2.3623233733303825e-4,-0.002134199810838516,0.0022698412019423663,No,0,S
2001.4166666666667,-2.491779123919951e-4,5.983055124587889e-4,-3.491276000667938e-4,-0.002134199810838516,0.0022698412019423663,No,0,S
2001.5,-6.671693910546047e-4,5.983243129593102e-4,6.884507809529455e-5,-0.002134199810838516,0.0022698412019423663,No,0,S
2001.5833333333335,-0.0013038948529301415,5.984096781712576e-4,7.05485174758884e-4,-0.002134199810838516,0.0022698412019423663,No,0,S
2001.6666666666667,0.007061401282547899,5.984950433832051e-4,-0.007659896325931104,-0.002134199810838516,0.0022698412019423663,No,0,S
2001.75,-6.70937745662776e-4,5.985804085951525e-4,7.235733706762349e-5,-0.002134199810838516,0.0022698412019423663,No,0,S
2001.8333333333335,-5.610041337515605e-4,5.986657738071e-4,-3.7661640055539417e-5,-0.002134199810838516,0.0022698412019423663,No,0,S
2001.9166666666667,-9.193902149745912e-4,5.987511390190475e-4,3.2063907595554367e-4,-0.002134199810838516,0.0022698412019423663,No,0,S
2002,-2.893042399338929e-4,5.988365042309949e-4,6566211021.50844,-0.002134199810838516,0.0022698412019423663,No,6566211021.50875,S
2002.0833333333335,-5.509375383191586e-4,5.989218694429424e-4,-4.798433112378382e-5,-0.002134199810838516,0.0022698412019423663,No,0,S
2002.1666666666667,-0.001212072200954457,5.990072346548898e-4,39870788493.12251,-0.002134199810838516,0.0022698412019423663,Yes,39870788493.1219,S
2002.25,-2.754588040540629e-4,5.990925998668373e-4,-3.236337958127744e-4,-0.002134199810838516,0.0022698412019423663,No,0,S
2002.3333333333335,-3.6205437462522933e-4,5.991779650787848e-4,-2.3712359045355546e-4,-0.002134199810838516,0.0022698412019423663,No,0,S
2002.4166666666667,-2.491779123919951e-4,5.992633302907322e-4,-3.5008541789873713e-4,-0.002134199810838516,0.0022698412019423663,No,0,S
2002.5,-6.671693910546047e-4,5.993486955026796e-4,6.78206955519251e-5,-0.002134199810838516,0.0022698412019423663,No,0,S
2002.5833333333335,-0.0013038948529301415,5.994340607146272e-4,7.044607922155144e-4,-0.002134199810838516,0.0022698412019423663,No,0,S
2002.6666666666667,0.007061401282547899,5.995194259265746e-4,-0.007660920708474473,-0.002134199810838516,0.0022698412019423663,No,8.673617379884035e-19,S
2002.75,-6.70937745662776e-4,5.995318025723918e-4,7.140594309038419e-5,-0.002134199810838516,0.0022698412019423663,No,0,S
2002.8333333333335,-5.610041337515605e-4,5.99544179218209e-4,-3.854004546664845e-5,-0.002134199810838516,0.0022698412019423663,No,0,S
2002.9166666666667,-9.193902149745912e-4,5.995565558640263e-4,3.198336591105649e-4,-0.002134199810838516,0.0022698412019423663,No,0,S
2003,-2.893042399338929e-4,5.995689325098435e-4,-3.102646925759506e-4,-0.002134199810838516,0.0022698412019423663,No,0,S
2003.0833333333335,-5.509375383191586e-4,5.995813091556608e-4,-4.8643770836502174e-5,-0.002134199810838516,0.0022698412019423663,No,0,S
2003.1666666666667,-0.001212072200954457,5.995936858014779e-4,6.124785151529792e-4,-0.002134199810838516,0.0022698412019423663,No,0,S
2003.25,-2.754588040540629e-4,5.996060624472952e-4,-3.241472583932323e-4,-0.002134199810838516,0.0022698412019423663,No,0,S
2003.3333333333335,-3.6205437462522933e-4,5.996184390931125e-4,-2.3756406446788313e-4,-0.002134199810838516,0.0022698412019423663,No,0,S
2003.4166666666667,-2.491779123919951e-4,5.996308157389296e-4,10249361319.881765,-0.002134199810838516,0.0022698412019423663,No,10249361319.882114,S
2003.5,-6.671693910546047e-4,5.996431923847469e-4,6.752619866985784e-5,-0.002134199810838516,0.0022698412019423663,No,0,S
2003.5833333333335,-0.0013038948529301415,5.996555690305641e-4,97301784508.81554,-0.002134199810838516,0.0022698412019423663,Yes,97301784508.81483,S
2003.6666666666667,0.007061401282547899,5.996679456763814e-4,1918430454.1903453,-0.002134199810838516,0.0022698412019423663,No,1918430454.1980064,S
2003.75,-6.70937745662776e-4,5.996803223221986e-4,7.125742334057746e-5,-0.002134199810838516,0.0022698412019423663,No,0,S
2003.8333333333335,-5.610041337515605e-4,5.996926989680158e-4,-3.8688565216455284e-5,-0.002134199810838516,0.0022698412019423663,No,0,S
2003.9166666666667,-9.193902149745912e-4,5.9986578843841e-4,3.195244265361811e-4,-0.002134199810838516,0.0022698412019423663,No,0,S
2004,-2.893042399338929e-4,6.000388779088041e-4,-3.1073463797491125e-4,-0.002134199810838516,0.0022698412019423663,No,0,S
2004.0833333333335,-5.509375383191586e-4,6.002119673791984e-4,17330387704.701633,-0.002134199810838516,0.0022698412019423663,No,17330387704.701683,S
2004.1666666666667,-0.001212072200954457,6.003850568495926e-4,6.116871441048645e-4,-0.002134199810838516,0.0022698412019423663,No,0,S
2004.25,-2.754588040540629e-4,6.005581463199868e-4,-3.250993422659239e-4,-0.002134199810838516,0.0022698412019423663,No,0,S
2004.3333333333335,-3.6205437462522933e-4,6.007312357903809e-4,-2.3867686116515156e-4,-0.002134199810838516,0.0022698412019423663,No,0,S
2004.4166666666667,-2.491779123919951e-4,6.009043252607751e-4,4301837702.256404,-0.002134199810838516,0.0022698412019423663,No,4301837702.256756,S
2004.5,-6.671693910546047e-4,6.010774147311693e-4,6.60919763234354e-5,-0.002134199810838516,0.0022698412019423663,No,0,S
2004.5833333333335,-0.0013038948529301415,6.012505042015634e-4,7791409789.909582,-0.002134199810838516,0.0022698412019423663,No,7791409789.908879,S
2004.6666666666667,0.007061401282547899,6.014235936719576e-4,-0.007662824876219857,-0.002134199810838516,0.0022698412019423663,No,0,S
2004.75,-6.70937745662776e-4,6.015966831423519e-4,6.934106252042417e-5,-0.002134199810838516,0.0022698412019423663,No,0,S
2004.8333333333335,-5.610041337515605e-4,6.017697726127461e-4,-4.076563886118553e-5,-0.002134199810838516,0.0022698412019423663,No,0,S
2004.9166666666667,-9.193902149745912e-4,6.019428620831402e-4,3.17447352891451e-4,-0.002134199810838516,0.0022698412019423663,No,0,S
2005,-2.893042399338929e-4,6.021159515535344e-4,-3.128117116196415e-4,-0.002134199810838516,0.0022698412019423663,No,0,S
2005.0833333333335,-5.509375383191586e-4,6.027890336977529e-4,-5.185149537859427e-5,-0.002134199810838516,0.0022698412019423663,No,0,S
2005.1666666666667,-0.001212072200954457,6.034621158419714e-4,6.086100851124857e-4,-0.002134199810838516,0.0022698412019423663,No,0,S
2005.25,-2.754588040540629e-4,6.041351979861898e-4,-3.2867639393212696e-4,-0.002134199810838516,0.0022698412019423663,No,0,S
2005.3333333333335,-3.6205437462522933e-4,6.048082801304083e-4,-2.42753905505179e-4,-0.002134199810838516,0.0022698412019423663,No,0,S
2005.4166666666667,-2.491779123919951e-4,6.054813622746268e-4,271153537383.56076,-0.002134199810838516,0.0022698412019423663,Yes,271153537383.56113,S
2005.5,-6.671693910546047e-4,6.061544444188453e-4,15476677312.95797,-0.002134199810838516,0.0022698412019423663,No,15476677312.957909,S
2005.5833333333335,-0.0013038948529301415,6.068275265630638e-4,16510510526.82407,-0.002134199810838516,0.0022698412019423663,No,16510510526.823372,S
2005.6666666666667,0.007061401282547899,6.075006087072822e-4,-0.007668901891255181,-0.002134199810838516,0.0022698412019423663,No,0,S
2005.75,-6.70937745662776e-4,6.081736908515007e-4,6.27640548112753e-5,-0.002134199810838516,0.0022698412019423663,No,0,S
2005.8333333333335,-5.610041337515605e-4,6.088467729957192e-4,-4.784263924415867e-5,-0.002134199810838516,0.0022698412019423663,No,0,S
2005.9166666666667,-9.193902149745912e-4,6.095198551399377e-4,3.0987035983465346e-4,-0.002134199810838516,0.0022698412019423663,No,0,S
2006,-2.893042399338929e-4,6.101929372841562e-4,-3.208886973502633e-4,-0.002134199810838516,0.0022698412019423663,No,0,S
2006.0833333333335,-5.509375383191586e-4,6.108660194283747e-4,-5.992848110921605e-5,-0.002134199810838516,0.0022698412019423663,No,0,S
2006.1666666666667,-0.001212072200954457,6.115391015725931e-4,582743175.3198353,-0.002134199810838516,0.0022698412019423663,No,582743175.3192347,S
2006.25,-2.754588040540629e-4,6.124711290691628e-4,2216016639.852615,-0.002134199810838516,0.0022698412019423663,No,2216016639.8529515,S
2006.3333333333335,-3.6205437462522933e-4,6.134031565657325e-4,-2.5134878194050316e-4,-0.002134199810838516,0.0022698412019423663,No,0,S
2006.4166666666667,-2.491779123919951e-4,6.143351840623022e-4,205736964819.60992,-0.002134199810838516,0.0022698412019423663,Yes,205736964819.6103,S
2006.5,-6.671693910546047e-4,6.152672115588718e-4,222131573572.35367,-0.002134199810838516,0.0022698412019423663,Yes,222131573572.3536,S
2006.5833333333335,-0.0013038948529301415,6.161992390554415e-4,99537451853.48436,-0.002134199810838516,0.0022698412019423663,Yes,99537451853.48367,S
2006.6666666666667,0.007061401282547899,6.171312665520112e-4,193711633788.0576,-0.002134199810838516,0.0022698412019423663,Yes,193711633788.06525,S
2006.75,-6.70937745662776e-4,6.180632940485809e-4,5.2874451614195106e-5,-0.002134199810838516,0.0022698412019423663,No,0,S
2006.8333333333335,-5.610041337515605e-4,6.189953215451505e-4,169795508139.6804,-0.002134199810838516,0.0022698412019423663,Yes,169795508139.68045,S
2006.9166666666667,-9.193902149745912e-4,6.199273490417202e-4,34386461602.51358,-0.002134199810838516,0.0022698412019423663,No,34386461602.513275,S
2007,-2.893042399338929e-4,6.208593765382899e-4,34415681734.609566,-0.002134199810838516,0.0022698412019423663,No,34415681734.60989,S
2007.0833333333335,-5.509375383191586e-4,6.217914040348596e-4,-7.085386571570101e-5,-0.002134199810838516,0.0022698412019423663,No,0,S
2007.1666666666667,-0.001212072200954457,6.227234315314292e-4,5.893487694230279e-4,-0.002134199810838516,0.0022698412019423663,No,0,S
2007.25,-2.754588040540629e-4,6.236554590279989e-4,-3.48196654973936e-4,-0.002134199810838516,0.0022698412019423663,No,0,S
2007.3333333333335,-3.6205437462522933e-4,6.245874865245686e-4,-2.6253311189933926e-4,-0.002134199810838516,0.0022698412019423663,No,0,S
2007.4166666666667,-2.491779123919951e-4,6.25113142594428e-4,-3.759352302024329e-4,-0.002134199810838516,0.0022698412019423663,No,0,S
2007.5,-6.671693910546047e-4,6.256387986642872e-4,4.153059239031748e-5,-0.002134199810838516,0.0022698412019423663,No,0,S
2007.5833333333335,-0.0013038948529301415,6.261644547341466e-4,6.777303981959949e-4,-0.002134199810838516,0.0022698412019423663,No,0,S
2007.6666666666667,0.007061401282547899,6.266901108040059e-4,-0.007688091393351905,-0.002134199810838516,0.0022698412019423663,No,0,S
2007.75,-6.70937745662776e-4,6.272157668738653e-4,46666955603.71282,-0.002134199810838516,0.0022698412019423663,Yes,46666955603.712776,S
2007.8333333333335,-5.610041337515605e-4,6.277414229437246e-4,53334713133.48201,-0.002134199810838516,0.0022698412019423663,Yes,53334713133.48207,S
2007.9166666666667,-9.193902149745912e-4,6.282670790135839e-4,18412189593.111355,-0.002134199810838516,0.0022698412019423663,No,18412189593.111065,S
2008,-2.893042399338929e-4,6.287927350834433e-4,28817484591.259464,-0.002134199810838516,0.0022698412019423663,No,28817484591.259804,S
2008.0833333333335,-5.509375383191586e-4,6.293183911533026e-4,99882579893.17596,-0.002134199810838516,0.0022698412019423663,Yes,99882579893.17604,S
2008.1666666666667,-0.001212072200954457,6.29844047223162e-4,70066265020.49017,-0.002134199810838516,0.0022698412019423663,Yes,70066265020.4896,S
2008.25,-2.754588040540629e-4,6.303697032930212e-4,2320811386.5049143,-0.002134199810838516,0.0022698412019423663,No,2320811386.505269,S
2008.3333333333335,-3.6205437462522933e-4,6.308953593628806e-4,-2.688409847376513e-4,-0.002134199810838516,0.0022698412019423663,No,0,S
2008.4166666666667,-2.491779123919951e-4,6.314210154327399e-4,32018585541.536583,-0.002134199810838516,0.0022698412019423663,No,32018585541.53697,S
2008.5,-6.671693910546047e-4,6.319466715025993e-4,9944681902.187521,-0.002134199810838516,0.0022698412019423663,No,9944681902.187485,S
2008.5833333333335,-0.0013038948529301415,6.32539376718868e-4,6.713554762112735e-4,-0.002134199810838516,0.0022698412019423663,No,0,S
2008.6666666666667,0.007061401282547899,6.331320819351367e-4,5067257104.686495,-0.002134199810838516,0.0022698412019423663,No,5067257104.694189,S
2008.75,-6.70937745662776e-4,6.337247871514054e-4,5616657060.154805,-0.002134199810838516,0.0022698412019423663,No,5616657060.154768,S
2008.8333333333335,-5.610041337515605e-4,6.343174923676741e-4,-7.331335861611357e-5,-0.002134199810838516,0.0022698412019423663,No,0,S
2008.9166666666667,-9.193902149745912e-4,6.349101975839428e-4,2.844800173906483e-4,-0.002134199810838516,0.0022698412019423663,No,0,S
2009,-2.893042399338929e-4,6.355029028002116e-4,-3.461986628663187e-4,-0.002134199810838516,0.0022698412019423663,No,0,S
2009.0833333333335,-5.509375383191586e-4,6.360956080164803e-4,-8.51580696973217e-5,-0.002134199810838516,0.0022698412019423663,No,0,S
2009.1666666666667,-0.001212072200954457,6.366883132327489e-4,5.753838877217082e-4,-0.002134199810838516,0.0022698412019423663,No,0,S
2009.25,-2.754588040540629e-4,6.372810184490177e-4,-3.618222143949548e-4,-0.002134199810838516,0.0022698412019423663,No,0,S
2009.3333333333335,-3.6205437462522933e-4,6.378737236652864e-4,-2.7581934904005707e-4,-0.002134199810838516,0.0022698412019423663,No,0,S
2009.4166666666667,-2.491779123919951e-4,6.384664288815551e-4,54705600979.712074,-0.002134199810838516,0.0022698412019423663,Yes,54705600979.71246,S
2009.5,-6.671693910546047e-4,6.390591340978238e-4,23238684441.306396,-0.002134199810838516,0.0022698412019423663,No,23238684441.30637,S
2009.5833333333335,-0.0013038948529301415,6.396518393140925e-4,138431883506.8176,-0.002134199810838516,0.0022698412019423663,Yes,138431883506.81693,S
2009.6666666666667,0.007061401282547899,6.402445445303612e-4,-0.00770164582707826,-0.002134199810838516,0.0022698412019423663,No,8.673617379884035e-19,S
2009.75,-6.70937745662776e-4,6.411043328162572e-4,19352351810.03148,-0.002134199810838516,0.0022698412019423663,No,19352351810.03145,S
2009.8333333333335,-5.610041337515605e-4,6.419641211021531e-4,7172683938.136874,-0.002134199810838516,0.0022698412019423663,No,7172683938.136955,S
2009.9166666666667,-9.193902149745912e-4,6.428239093880492e-4,2.76566305586542e-4,-0.002134199810838516,0.0022698412019423663,No,0,S
2010,-2.893042399338929e-4,6.436836976739451e-4,5280657172.14513,-0.002134199810838516,0.0022698412019423663,No,5280657172.145485,S
2010.0833333333335,-5.509375383191586e-4,6.445434859598411e-4,-9.360594764068247e-5,-0.002134199810838516,0.0022698412019423663,No,0,S
2010.1666666666667,-0.001212072200954457,6.45403274245737e-4,5.666689267087201e-4,-0.002134199810838516,0.0022698412019423663,No,0,S
2010.25,-2.754588040540629e-4,6.46263062531633e-4,114883176697.99423,-0.002134199810838516,0.0022698412019423663,Yes,114883176697.9946,S
2010.3333333333335,-3.6205437462522933e-4,6.47122850817529e-4,41687927682.07442,-0.002134199810838516,0.0022698412019423663,Yes,41687927682.07471,S
2010.4166666666667,-2.491779123919951e-4,6.47982639103425e-4,1290400383.8485606,-0.002134199810838516,0.0022698412019423663,No,1290400383.8489594,S
2010.5,-6.671693910546047e-4,6.488424273893209e-4,97117205018.29666,-0.002134199810838516,0.0022698412019423663,Yes,97117205018.29665,S
2010.5833333333335,-0.0013038948529301415,6.497022156752169e-4,294485103537.98535,-0.002134199810838516,0.0022698412019423663,Yes,294485103537.98474,S
2010.6666666666667,0.007061401282547899,6.505620039611129e-4,51881486190.95213,-0.002134199810838516,0.0022698412019423663,Yes,51881486190.95985,S
2010.75,-6.70937745662776e-4,6.514217922470089e-4,1.951595341576713e-5,-0.002134199810838516,0.0022698412019423663,No,0,S
2010.8333333333335,-5.610041337515605e-4,6.522815805329048e-4,-9.12774467813443e-5,-0.002134199810838516,0.0022698412019423663,No,0,S
2010.9166666666667,-9.193902149745912e-4,6.527841388182044e-4,2.666060761563867e-4,-0.002134199810838516,0.0022698412019423663,No,0,S
2011,-2.893042399338929e-4,6.53286697103504e-4,-3.6398245716961114e-4,-0.002134199810838516,0.0022698412019423663,No,0,S
2011.0833333333335,-5.509375383191586e-4,6.537892553888036e-4,9047839400.996462,-0.002134199810838516,0.0022698412019423663,No,9047839400.996565,S
2011.1666666666667,-0.001212072200954457,6.542918136741032e-4,10886356917.965479,-0.002134199810838516,0.0022698412019423663,No,10886356917.964922,S
2011.25,-2.754588040540629e-4,6.547943719594028e-4,170147169562.89572,-0.002134199810838516,0.0022698412019423663,Yes,170147169562.8961,S
2011.3333333333335,-3.6205437462522933e-4,6.552969302447024e-4,377324428772.73047,-0.002134199810838516,0.0022698412019423663,Yes,377324428772.7308,S
2011.4166666666667,-2.491779123919951e-4,6.55799488530002e-4,250937545054.077,-0.002134199810838516,0.0022698412019423663,Yes,250937545054.0774,S
2011.5,-6.671693910546047e-4,6.563020468153017e-4,73401225275.29558,-0.002134199810838516,0.0022698412019423663,Yes,73401225275.29556,S
2011.5833333333335,-0.0013038948529301415,6.568046051006013e-4,10209382909.21814,-0.002134199810838516,0.0022698412019423663,No,10209382909.217491,S
2011.6666666666667,0.007061401282547899,6.573071633859009e-4,20748956613.832268,-0.002134199810838516,0.0022698412019423663,No,20748956613.839985,S
2011.75,-6.70937745662776e-4,6.578097216712005e-4,220039230464.29697,-0.002134199810838516,0.0022698412019423663,Yes,220039230464.29697,S
2011.8333333333335,-5.610041337515605e-4,6.583122799565001e-4,-9.730814620493959e-5,-0.002134199810838516,0.0022698412019423663,No,0,S
2011.9166666666667,-9.193902149745912e-4,6.588148382417997e-4,2.605753767327914e-4,-0.002134199810838516,0.0022698412019423663,No,0,S
2012,-2.893042399338929e-4,6.593173965270993e-4,-3.7001315659320643e-4,-0.002134199810838516,0.0022698412019423663,No,0,S
2012.0833333333335,-5.509375383191586e-4,6.592410875232321e-4,-1.0830354920407352e-4,-0.002134199810838516,0.0022698412019423663,No,0,S
2012.1666666666667,-0.001212072200954457,6.591647785193649e-4,5.529074224350922e-4,-0.002134199810838516,0.0022698412019423663,No,0,S
2012.25,-2.754588040540629e-4,6.590884695154977e-4,-3.8362966546143484e-4,-0.002134199810838516,0.0022698412019423663,No,0,S
2012.3333333333335,-3.6205437462522933e-4,6.590121605116305e-4,44222451700.11397,-0.002134199810838516,0.0022698412019423663,Yes,44222451700.114265,S
2012.4166666666667,-2.491779123919951e-4,6.589358515077633e-4,-4.0975793911576824e-4,-0.002134199810838516,0.0022698412019423663,No,0,S
2012.5,-6.671693910546047e-4,6.588595425038961e-4,8.309848550708612e-6,-0.002134199810838516,0.0022698412019423663,No,0,S
2012.5833333333335,-0.0013038948529301415,6.587832335000289e-4,6.451116194301126e-4,-0.002134199810838516,0.0022698412019423663,No,0,S
2012.6666666666667,0.007061401282547899,6.587069244961618e-4,-0.007720108207044061,-0.002134199810838516,0.0022698412019423663,No,0,S
2012.75,-6.70937745662776e-4,6.586306154922946e-4,1.2307130170481411e-5,-0.002134199810838516,0.0022698412019423663,No,0,S
2012.8333333333335,-5.610041337515605e-4,6.585543064884274e-4,-9.755017273686687e-5,-0.002134199810838516,0.0022698412019423663,No,0,S
2012.9166666666667,-9.193902149745912e-4,6.584779974845602e-4,2.6091221749003095e-4,-0.002134199810838516,0.0022698412019423663,No,0,S
2013,-2.893042399338929e-4,6.58401688480693e-4,-3.690974485468001e-4,-0.002134199810838516,0.0022698412019423663,No,0,S
2013.0833333333335,-5.509375383191586e-4,6.583253794768258e-4,-1.073878411576672e-4,-0.002134199810838516,0.0022698412019423663,No,0,S
2013.1666666666667,-0.001212072200954457,6.582490704729586e-4,5.538231304814985e-4,-0.002134199810838516,0.0022698412019423663,No,0,S
2013.25,-2.754588040540629e-4,6.579861704361874e-4,5380913096.920848,-0.002134199810838516,0.0022698412019423663,No,5380913096.92123,S
2013.3333333333335,-3.6205437462522933e-4,6.577232703994161e-4,44336429507.87633,-0.002134199810838516,0.0022698412019423663,Yes,44336429507.876625,S
2013.4166666666667,-2.491779123919951e-4,6.574603703626449e-4,-4.082824579706498e-4,-0.002134199810838516,0.0022698412019423663,No,0,S
2013.5,-6.671693910546047e-4,6.571974703258737e-4,67257156310.195885,-0.002134199810838516,0.0022698412019423663,Yes,67257156310.19588,S
2013.5833333333335,-0.0013038948529301415,6.569345702891025e-4,66014352767.15056,-0.002134199810838516,0.0022698412019423663,Yes,66014352767.14991,S
2013.6666666666667,0.007061401282547899,6.566716702523312e-4,311102415355.8255,-0.002134199810838516,0.0022698412019423663,Yes,311102415355.83325,S
2013.75,-6.70937745662776e-4,6.5640877021556e-4,120456773135.88957,-0.002134199810838516,0.0022698412019423663,Yes,120456773135.88956,S
2013.8333333333335,-5.610041337515605e-4,6.561458701787887e-4,4549534753.278543,-0.002134199810838516,0.0022698412019423663,No,4549534753.278639,S
2013.9166666666667,-9.193902149745912e-4,6.558829701420175e-4,2.6350724483257366e-4,-0.002134199810838516,0.0022698412019423663,No,0,S
2014,-2.893042399338929e-4,6.556200701052462e-4,-3.6631583017135335e-4,-0.002134199810838516,0.0022698412019423663,No,0,S
2014.0833333333335,-5.509375383191586e-4,6.553571700684751e-4,-1.044196317493165e-4,-0.002134199810838516,0.0022698412019423663,No,0,S
2014.1666666666667,-0.001212072200954457,6.550942700317039e-4,5.569779309227532e-4,-0.002134199810838516,0.0022698412019423663,No,0,S
2014.25,-2.754588040540629e-4,6.548313699949326e-4,1211614926.8640723,-0.002134199810838516,0.0022698412019423663,No,1211614926.864452,S
2014.3333333333335,-3.6205437462522933e-4,6.545684699581614e-4,131348323384.10605,-0.002134199810838516,0.0022698412019423663,Yes,131348323384.10634,S
2014.4166666666667,-2.491779123919951e-4,6.539949674811423e-4,-4.048170550891472e-4,-0.002134199810838516,0.0022698412019423663,No,0,S
2014.5,-6.671693910546047e-4,6.534214650041232e-4,1.3747926050481567e-5,-0.002134199810838516,0.0022698412019423663,No,0,S
2014.5833333333335,-0.0013038948529301415,6.52847962527104e-4,6.510468904030375e-4,-0.002134199810838516,0.0022698412019423663,No,0,S
2014.6666666666667,0.007061401282547899,6.522744600500849e-4,70465932325.0861,-0.002134199810838516,0.0022698412019423663,Yes,70465932325.09383,S
2014.75,-6.70937745662776e-4,6.517009575730658e-4,99263203446.29836,-0.002134199810838516,0.0022698412019423663,Yes,99263203446.29834,S
2014.8333333333335,-5.610041337515605e-4,6.511274550960467e-4,69371951483.98367,-0.002134199810838516,0.0022698412019423663,Yes,69371951483.98376,S
2014.9166666666667,-9.193902149745912e-4,6.505539526190276e-4,127682673006.68802,-0.002134199810838516,0.0022698412019423663,Yes,127682673006.68776,S
2015,-2.893042399338929e-4,6.499804501420085e-4,-3.606762102081156e-4,-0.002134199810838516,0.0022698412019423663,No,0,S
2015.0833333333335,-5.509375383191586e-4,6.494069476649894e-4,-9.846940934583079e-5,-0.002134199810838516,0.0022698412019423663,No,0,S
2015.1666666666667,-0.001212072200954457,6.488334451879703e-4,5.632387557664868e-4,-0.002134199810838516,0.0022698412019423663,No,0,S
2015.25,-2.754588040540629e-4,6.482599427109512e-4,-3.728011386568883e-4,-0.002134199810838516,0.0022698412019423663,No,0,S
2015.3333333333335,-3.6205437462522933e-4,6.476864402339321e-4,276356083750.233,-0.002134199810838516,0.0022698412019423663,Yes,276356083750.2333,S
2015.4166666666667,-2.491779123919951e-4,6.47112937756913e-4,234379168214.16138,-0.002134199810838516,0.0022698412019423663,Yes,234379168214.16177,S
2015.5,-6.671693910546047e-4,6.465394352798938e-4,660414006.9168888,-0.002134199810838516,0.0022698412019423663,No,660414006.9168682,S
2015.5833333333335,-0.0013038948529301415,6.462858503770311e-4,6.576090025531105e-4,-0.002134199810838516,0.0022698412019423663,No,0,S
2015.6666666666667,0.007061401282547899,6.460322654741684e-4,-0.0077074335480220675,-0.002134199810838516,0.0022698412019423663,No,0,S
2015.75,-6.70937745662776e-4,6.457786805713058e-4,2.5159065091470267e-5,-0.002134199810838516,0.0022698412019423663,No,0,S
2015.8333333333335,-5.610041337515605e-4,6.45525095668443e-4,79180524449.58528,-0.002134199810838516,0.0022698412019423663,Yes,79180524449.58536,S
2015.9166666666667,-9.193902149745912e-4,6.452715107655802e-4,155231847481.04355,-0.002134199810838516,0.0022698412019423663,Yes,155231847481.04327,S
2016,-2.893042399338929e-4,6.450179258627176e-4,189415009166.60547,-0.002134199810838516,0.0022698412019423663,Yes,189415009166.60583,S
2016.0833333333335,-5.509375383191586e-4,6.447643409598549e-4,107166113784.28067,-0.002134199810838516,0.0022698412019423663,Yes,107166113784.28076,S
2016.1666666666667,-0.001212072200954457,6.445107560569921e-4,5.67561444897465e-4,-0.002134199810838516,0.0022698412019423663,No,0,S
2016.25,-2.754588040540629e-4,6.442571711541294e-4,-3.687983671000665e-4,-0.002134199810838516,0.0022698412019423663,No,0,S
2016.3333333333335,-3.6205437462522933e-4,6.440035862512667e-4,-2.8194921162603737e-4,-0.002134199810838516,0.0022698412019423663,No,0,S
2016.4166666666667,-2.491779123919951e-4,6.43750001348404e-4,-3.9457208895640896e-4,-0.002134199810838516,0.0022698412019423663,No,0,S
2016.5,-6.671693910546047e-4,6.434964164455413e-4,182172724453.19458,-0.002134199810838516,0.0022698412019423663,Yes,182172724453.19455,S
2016.5833333333335,-0.0013038948529301415,6.432428315426785e-4,199884908384.35,-0.002134199810838516,0.0022698412019423663,Yes,199884908384.34933,S
2016.6666666666667,0.007061401282547899,6.429892466398158e-4,143100636499.8593,-0.002134199810838516,0.0022698412019423663,Yes,143100636499.867,S
2016.75,-6.70937745662776e-4,6.42954803138487e-4,2.7982942524289048e-5,-0.002134199810838516,0.0022698412019423663,No,0,S
2016.8333333333335,-5.610041337515605e-4,6.429203596371581e-4,10569808706.869164,-0.002134199810838516,0.0022698412019423663,No,10569808706.869246,S
2016.9166666666667,-9.193902149745912e-4,6.428859161358292e-4,40535188532.51802,-0.002134199810838516,0.0022698412019423663,Yes,40535188532.51774,S
2017,-2.893042399338929e-4,6.428514726345004e-4,1179441303.68108,-0.002134199810838516,0.0022698412019423663,No,1179441303.6814337,S
2017.0833333333335,-5.509375383191586e-4,6.428170291331715e-4,-9.187949081401292e-5,-0.002134199810838516,0.0022698412019423663,No,0,S
2017.1666666666667,-0.001212072200954457,6.427825856318427e-4,5.692896153226144e-4,-0.002134199810838516,0.0022698412019423663,No,0,S
2017.25,-2.754588040540629e-4,6.427481421305138e-4,8364163202.257148,-0.002134199810838516,0.0022698412019423663,No,8364163202.257515,S
2017.3333333333335,-3.6205437462522933e-4,6.42713698629185e-4,176592402529.37955,-0.002134199810838516,0.0022698412019423663,Yes,176592402529.37982,S
2017.4166666666667,-2.491779123919951e-4,6.426792551278562e-4,333402610639.50836,-0.002134199810838516,0.0022698412019423663,Yes,333402610639.5088,S
2017.5,-6.671693910546047e-4,6.426448116265273e-4,2.4524579428077402e-5,-0.002134199810838516,0.0022698412019423663,No,0,S
2017.5833333333335,-0.0013038948529301415,6.426103681251985e-4,34114094862.912003,-0.002134199810838516,0.0022698412019423663,No,34114094862.91134,S
2017.6666666666667,0.007061401282547899,6.425759246238696e-4,8605339650.268885,-0.002134199810838516,0.0022698412019423663,No,8605339650.276588,S
2017.75,-6.70937745662776e-4,6.425414811225407e-4,128812365556.71103,-0.002134199810838516,0.0022698412019423663,Yes,128812365556.711,S
2017.8333333333335,-5.610041337515605e-4,6.425070376212119e-4,298382718952.45996,-0.002134199810838516,0.0022698412019423663,Yes,298382718952.4601,S
2017.9166666666667,-9.193902149745912e-4,6.423896578632601e-4,141098591749.13647,-0.002134199810838516,0.0022698412019423663,Yes,141098591749.1362,S
2018,-2.893042399338929e-4,6.422722781053084e-4,2235273199.3346186,-0.002134199810838516,0.0022698412019423663,No,2235273199.3349714,S
2018.0833333333335,-5.509375383191586e-4,6.421548983473566e-4,-9.1217360028198e-5,-0.002134199810838516,0.0022698412019423663,No,0,S
2018.1666666666667,-0.001212072200954457,6.420375185894049e-4,5.700346823650522e-4,-0.002134199810838516,0.0022698412019423663,No,0,S
2018.25,-2.754588040540629e-4,6.419201388314531e-4,-3.664613347773902e-4,-0.002134199810838516,0.0022698412019423663,No,0,S
2018.3333333333335,-3.6205437462522933e-4,6.418027590735013e-4,-2.79748384448272e-4,-0.002134199810838516,0.0022698412019423663,No,0,S
2018.4166666666667,-2.491779123919951e-4,6.416853793155496e-4,-3.925074669235545e-4,-0.002134199810838516,0.0022698412019423663,No,0,S
2018.5,-6.671693910546047e-4,6.415679995575978e-4,2.5601391497006892e-5,-0.002134199810838516,0.0022698412019423663,No,0,S
2018.5833333333335,-0.0013038948529301415,6.414506197996461e-4,6.624442331304955e-4,-0.002134199810838516,0.0022698412019423663,No,0,S
2018.6666666666667,0.007061401282547899,6.413332400416943e-4,151722076685.40607,-0.002134199810838516,0.0022698412019423663,Yes,151722076685.41376,S
2018.75,-6.70937745662776e-4,6.412158602837426e-4,256707864878.9713,-0.002134199810838516,0.0022698412019423663,Yes,256707864878.97128,S
2018.8333333333335,-5.610041337515605e-4,6.410984805257908e-4,-8.009434677423027e-5,-0.002134199810838516,0.0022698412019423663,No,0,S
2018.9166666666667,-9.193902149745912e-4,6.409811007678391e-4,2.784091142067521e-4,-0.002134199810838516,0.0022698412019423663,No,0,S
2019,-2.893042399338929e-4,6.408637210098873e-4,-3.515594810759944e-4,-0.002134199810838516,0.0022698412019423663,No,0,S
2019.0833333333335,-5.509375383191586e-4,6.40941138904233e-4,4015712846.3748074,-0.002134199810838516,0.0022698412019423663,No,4015712846.3748975,S
2019.1666666666667,-0.001212072200954457,6.410185567985787e-4,2370555944.004356,-0.002134199810838516,0.0022698412019423663,No,2370555944.0037847,S
2019.25,-2.754588040540629e-4,6.410959746929244e-4,-3.6563717063886153e-4,-0.002134199810838516,0.0022698412019423663,No,0,S
2019.3333333333335,-3.6205437462522933e-4,6.411733925872702e-4,-2.7911901796204085e-4,-0.002134199810838516,0.0022698412019423663,No,0,S
2019.4166666666667,-2.491779123919951e-4,6.412508104816158e-4,-3.920728980896208e-4,-0.002134199810838516,0.0022698412019423663,No,0,S
2019.5,-6.671693910546047e-4,6.413282283759616e-4,2.5841162678643097e-5,-0.002134199810838516,0.0022698412019423663,No,0,S
2019.5833333333335,-0.0013038948529301415,6.414056462703073e-4,6.624892066598343e-4,-0.002134199810838516,0.0022698412019423663,No,0,S
2019.6666666666667,0.007061401282547899,6.41483064164653e-4,37858548185.92581,-0.002134199810838516,0.0022698412019423663,Yes,37858548185.93352,S
2019.75,-6.70937745662776e-4,6.415604820589987e-4,2.937726360377729e-5,-0.002134199810838516,0.0022698412019423663,No,0,S
2019.8333333333335,-5.610041337515605e-4,6.416378999533444e-4,-8.063376620178386e-5,-0.002134199810838516,0.0022698412019423663,No,0,S
2019.9166666666667,-9.193902149745912e-4,6.417153178476902e-4,2.77674897126901e-4,-0.002134199810838516,0.0022698412019423663,No,0,S
2020,-2.893042399338929e-4,6.417927357420358e-4,6087299946.910118,-0.002134199810838516,0.0022698412019423663,No,6087299946.910471,S
2020.0833333333335,-5.509375383191586e-4,6.418701536363816e-4,204347265884.72455,-0.002134199810838516,0.0022698412019423663,Yes,204347265884.72464,S
2020.1666666666667,-0.001212072200954457,6.419475715307273e-4,4779983631.709832,-0.002134199810838516,0.0022698412019423663,No,4779983631.709262,S
2020.25,-2.754588040540629e-4,6.420241728486133e-4,4171639281.614907,-0.002134199810838516,0.0022698412019423663,No,4171639281.615273,S
2020.3333333333335,-3.6205437462522933e-4,6.421007741664992e-4,106303905365.74104,-0.002134199810838516,0.0022698412019423663,Yes,106303905365.74132,S
2020.4166666666667,-2.491779123919951e-4,6.421773754843852e-4,101455309515.88956,-0.002134199810838516,0.0022698412019423663,Yes,101455309515.88995,S
2020.5,-6.671693910546047e-4,6.422539768022711e-4,208000586042.20407,-0.002134199810838516,0.0022698412019423663,Yes,208000586042.20404,S
2020.5833333333335,-0.0013038948529301415,6.423305781201571e-4,6.615642748099845e-4,-0.002134199810838516,0.0022698412019423663,No,0,S
2020.6666666666667,0.007061401282547899,6.42407179438043e-4,14664719046.253391,-0.002134199810838516,0.0022698412019423663,No,14664719046.261095,S
2020.75,-6.70937745662776e-4,6.42483780755929e-4,2.845396490684703e-5,-0.002134199810838516,0.0022698412019423663,No,0,S
2020.8333333333335,-5.610041337515605e-4,6.42560382073815e-4,61392558794.11895,-0.002134199810838516,0.0022698412019423663,Yes,61392558794.119026,S
2020.9166666666667,-9.193902149745912e-4,6.426369833917009e-4,26815596266.97884,-0.002134199810838516,0.0022698412019423663,No,26815596266.97856,S
2021,-2.893042399338929e-4,6.427135847095869e-4,-3.53409344775694e-4,-0.002134199810838516,0.0022698412019423663,No,0,S
2021.0833333333335,-5.509375383191586e-4,6.427901860274728e-4,-9.185264770831419e-5,-0.002134199810838516,0.0022698412019423663,No,0,S
2021.1666666666667,-0.001212072200954457,6.428667873453588e-4,5.692054136090983e-4,-0.002134199810838516,0.0022698412019423663,No,0,S
2021.25,-2.754588040540629e-4,6.429433886632447e-4,154812948400.57956,-0.002134199810838516,0.0022698412019423663,Yes,154812948400.57993,S
2021.3333333333335,-3.6205437462522933e-4,6.430199899811307e-4,4840035472.503468,-0.002134199810838516,0.0022698412019423663,No,4840035472.503748,S
2021.4166666666667,-2.491779123919951e-4,6.43324935431493e-4,-3.9414702303949795e-4,-0.002134199810838516,0.0022698412019423663,No,0,S
2021.5,-6.671693910546047e-4,6.436298808818554e-4,2.3539510172749362e-5,-0.002134199810838516,0.0022698412019423663,No,0,S
2021.5833333333335,-0.0013038948529301415,6.439348263322177e-4,6.599600265979239e-4,-0.002134199810838516,0.0022698412019423663,No,0,S
2021.6666666666667,0.007061401282547899,6.4423977178258e-4,6720480362.059898,-0.002134199810838516,0.0022698412019423663,No,6720480362.067604,S
2021.75,-6.70937745662776e-4,0.00064454471723294235,30529581944.29342,-0.002134199810838516,0.0022698412019423663,No,30529581944.293392,S
2021.8333333333335,-5.610041337515605e-4,6.448496626833047e-4,-8.384552893174414e-5,-0.002134199810838516,0.0022698412019423663,No,0,S
2021.9166666666667,-9.193902149745912e-4,6.45154608133667e-4,2.7423560684092414e-4,-0.002134199810838516,0.0022698412019423663,No,0,S
2022,-2.893042399338929e-4,6.454595535840292e-4,-3.5615531365013633e-4,-0.002134199810838516,0.0022698412019423663,No,0,S
2022.0833333333335,-5.509375383191586e-4,6.457644990343916e-4,-9.482696071523296e-5,-0.002134199810838516,0.0022698412019423663,No,0,S
2022.1666666666667,-0.001212072200954457,6.460694444847539e-4,5.660027564697032e-4,-0.002134199810838516,0.0022698412019423663,No,0,S
2022.25,-2.754588040540629e-4,6.463743899351162e-4,-3.7091558588105334e-4,-0.002134199810838516,0.0022698412019423663,No,0,S
2022.3333333333335,-3.6205437462522933e-4,6.466793353854786e-4,43186924522.57623,-0.002134199810838516,0.0022698412019423663,Yes,43186924522.57652,S
2022.4166666666667,-2.491779123919951e-4,6.469842808358409e-4,-3.978063684438458e-4,-0.002134199810838516,0.0022698412019423663,No,0,S
2022.5,-6.671693910546047e-4,6.472892262862032e-4,137114545923.27502,-0.002134199810838516,0.0022698412019423663,Yes,137114545923.275,S
2022.5833333333335,-0.0013038948529301415,6.476214194711996e-4,12367677428.508825,-0.002134199810838516,0.0022698412019423663,No,12367677428.50817,S
2022.6666666666667,0.007061401282547899,6.479536126561959e-4,-0.007709354895204095,-0.002134199810838516,0.0022698412019423663,No,8.673617379884035e-19,S
2022.75,-6.70937745662776e-4,6.482858058411922e-4,7619400716.516548,-0.002134199810838516,0.0022698412019423663,No,7619400716.516525,S
2022.8333333333335,-5.610041337515605e-4,6.486179990261887e-4,102373460111.62999,-0.002134199810838516,0.0022698412019423663,Yes,102373460111.63008,S
2022.9166666666667,-9.193902149745912e-4,6.48950192211185e-4,120491729580.56508,-0.002134199810838516,0.0022698412019423663,Yes,120491729580.56482,S
2023,-2.893042399338929e-4,6.492823853961814e-4,251558345761.26138,-0.002134199810838516,0.0022698412019423663,Yes,251558345761.26175,S
2023.0833333333335,-5.509375383191586e-4,6.496145785811777e-4,28995437556.40047,-0.002134199810838516,0.0022698412019423663,No,28995437556.40057,S
2023.1666666666667,-0.001212072200954457,6.499467717661741e-4,98596009672.39113,-0.002134199810838516,0.0022698412019423663,Yes,98596009672.39058,S
2023.25,-2.754588040540629e-4,6.502789649511704e-4,183970990958.33572,-0.002134199810838516,0.0022698412019423663,Yes,183970990958.3361,S
2023.3333333333335,-3.6205437462522933e-4,6.506111581361668e-4,72473701853.88881,-0.002134199810838516,0.0022698412019423663,Yes,72473701853.8891,S
2023.4166666666667,-2.491779123919951e-4,6.509433513211632e-4,108491928523.43253,-0.002134199810838516,0.0022698412019423663,Yes,108491928523.43294,S
2023.5,-6.671693910546047e-4,6.512755445061595e-4,134229232156.46391,-0.002134199810838516,0.0022698412019423663,Yes,134229232156.4639,S
2023.5833333333335,-0.0013038948529301415,6.516077376911559e-4,6.522871152389857e-4,-0.002134199810838516,0.0022698412019423663,No,0,S
2023.6666666666667,0.007061401282547899,6.519399308761522e-4,-0.007713341213424051,-0.002134199810838516,0.0022698412019423663,No,0,S
2023.75,-6.70937745662776e-4,6.522173725631327e-4,287056458383.7829,-0.002134199810838516,0.0022698412019423663,Yes,287056458383.7829,S
2023.8333333333335,-5.610041337515605e-4,6.52494814250113e-4,33535309743.79314,-0.002134199810838516,0.0022698412019423663,No,33535309743.793232,S
2023.9166666666667,-9.193902149745912e-4,6.527722559370934e-4,195260591550.8857,-0.002134199810838516,0.0022698412019423663,Yes,195260591550.88544,S
2024,-2.893042399338929e-4,6.530496976240738e-4,274907072346.4263,-0.002134199810838516,0.0022698412019423663,Yes,274907072346.42664,S
2024.0833333333335,-5.509375383191586e-4,6.533271393110541e-4,329122752808.8341,-0.002134199810838516,0.0022698412019423663,Yes,329122752808.8342,S
2024.1666666666667,-0.001212072200954457,6.536045809980345e-4,26974802316.059956,-0.002134199810838516,0.0022698412019423663,No,26974802316.059395,S
2024.25,-2.754588040540629e-4,6.538820226850149e-4,110739216325.17542,-0.002134199810838516,0.0022698412019423663,Yes,110739216325.1758,S
2024.3333333333335,-3.6205437462522933e-4,6.541594643719953e-4,-2.921050897467659e-4,-0.002134199810838516,0.0022698412019423663,No,0,S
2024.4166666666667,-2.491779123919951e-4,6.544369060589757e-4,-4.052589936669806e-4,-0.002134199810838516,0.0022698412019423663,No,0,S
2024.5,-6.671693910546047e-4,6.54714347745956e-4,1.2455043308648743e-5,-0.002134199810838516,0.0022698412019423663,No,0,S
2024.5833333333335,-0.0013038948529301415,6.549917894329364e-4,6.489030634972052e-4,-0.002134199810838516,0.0022698412019423663,No,0,S
2024.6666666666667,0.007061401282547899,6.552692311199168e-4,-0.007716670513667816,-0.002134199810838516,0.0022698412019423663,No,0,S
2024.75,-6.70937745662776e-4,6.555466728068971e-4,1.5391072855878898e-5,-0.002134199810838516,0.0022698412019423663,No,0,S
2024.8333333333335,-5.610041337515605e-4,6.558241144938775e-4,87958779350.6741,-0.002134199810838516,0.0022698412019423663,Yes,87958779350.6742,S
2024.9166666666667,-9.193902149745912e-4,6.560171704272622e-4,252535064641.33664,-0.002134199810838516,0.0022698412019423663,Yes,252535064641.33636,S
2025,-2.893042399338929e-4,6.562102263606468e-4,146084330729.47504,-0.002134199810838516,0.0022698412019423663,Yes,146084330729.47543,S
2025.0833333333335,-5.509375383191586e-4,6.564032822940314e-4,12438265005.186993,-0.002134199810838516,0.0022698412019423663,No,12438265005.187098,S
2025.1666666666667,-0.001212072200954457,6.56596338227416e-4,34920101478.41178,-0.002134199810838516,0.0022698412019423663,No,34920101478.411224,S
2025.25,-2.754588040540629e-4,6.567893941608006e-4,-3.8133059010673776e-4,-0.002134199810838516,0.0022698412019423663,No,0,S
2025.3333333333335,-3.6205437462522933e-4,6.569824500941852e-4,27116084756.05604,-0.002134199810838516,0.0022698412019423663,No,27116084756.056335,S
2025.4166666666667,-2.491779123919951e-4,6.571755060275699e-4,35274036663.28327,-0.002134199810838516,0.0022698412019423663,No,35274036663.283676,S
2025.5,-6.671693910546047e-4,6.573685619609544e-4,153133381466.81564,-0.002134199810838516,0.0022698412019423663,Yes,153133381466.81564,S
2025.5833333333335,-0.0013038948529301415,6.575616178943391e-4,220364156638.57895,-0.002134199810838516,0.0022698412019423663,Yes,220364156638.5783,S
2025.6666666666667,0.007061401282547899,6.577546738277236e-4,-0.007719155956375623,-0.002134199810838516,0.0022698412019423663,No,0,S
2025.75,-6.70937745662776e-4,6.579477297611083e-4,95314285709.91542,-0.002134199810838516,0.0022698412019423663,Yes,95314285709.9154,S
2025.8333333333335,-5.610041337515605e-4,6.581407856944928e-4,75519064050.69252,-0.002134199810838516,0.0022698412019423663,Yes,75519064050.69261,S
2025.9166666666667,-9.193902149745912e-4,6.583338416278775e-4,2.6105637334671364e-4,-0.002134199810838516,0.0022698412019423663,No,0,S
