x,seasonal,trend,remainder,remainder_l1,remainder_l2,anomaly,observed,Zone
1981.6666666666667,-3.107422712982402e-16,-1.0508775268735951e-16,4.158300239855997e-16,-2.144459260597922e-15,2.2742884264897776e-15,No,0,NW
1981.75,-3.353111420524745e-16,-1.0427475679034701e-16,4.3958589884282147e-16,-2.144459260597922e-15,2.2742884264897776e-15,No,0,NW
1981.8333333333335,3.560848916813221e-16,-1.034617608933345e-16,-2.526231307879876e-16,-2.144459260597922e-15,2.2742884264897776e-15,No,0,NW
1981.9166666666667,2.152658745423048e-16,-1.0264876499632199e-16,-1.126171095459828e-16,-2.144459260597922e-15,2.2742884264897776e-15,No,0,NW
1982,4.294662270713816e-16,-1.0183576909930949e-16,-3.276304579720721e-16,-2.144459260597922e-15,2.2742884264897776e-15,No,0,NW
1982.0833333333335,3.9535938024832187e-16,-1.0102277320229699e-16,0.9999999999999997,-2.144459260597922e-15,2.2742884264897776e-15,No,1,NW
1982.1666666666667,4.2879063092555304e-16,-1.0020977730528447e-16,-3.2858085362026857e-16,-2.144459260597922e-15,2.2742884264897776e-15,No,0,NW
1982.25,3.9539118581306014e-16,-9.939678140827196e-17,-2.959944044047882e-16,-2.144459260597922e-15,2.2742884264897776e-15,No,0,NW
1982.3333333333335,-6.064328009904216e-18,-9.858378551125946e-17,1.0464811352116367e-16,-2.144459260597922e-15,2.2742884264897776e-15,No,-4.622231866529366e-33,NW
1982.4166666666667,1.0621634422600154e-17,-9.777078961424696e-17,8.71491551916468e-17,-2.144459260597922e-15,2.2742884264897776e-15,No,1.5407439555097887e-33,NW
1982.5,-7.242261887842914e-16,-9.695779371723444e-17,1.0000000000000007,-2.144459260597922e-15,2.2742884264897776e-15,No,0.9999999999999999,NW
1982.5833333333335,-8.546360192106675e-16,-9.614479782022193e-17,9.507808170308894e-16,-2.144459260597922e-15,2.2742884264897776e-15,No,-9.860761315262648e-32,NW
1982.6666666666667,-3.107422712982402e-16,-9.533180192320943e-17,4.0607407322144965e-16,-2.144459260597922e-15,2.2742884264897776e-15,No,0,NW
1982.75,-3.353111420524745e-16,-9.451880602619693e-17,4.298299480786714e-16,-2.144459260597922e-15,2.2742884264897776e-15,No,0,NW
1982.8333333333335,3.560848916813221e-16,-9.370581012918442e-17,-2.6237908155213767e-16,-2.144459260597922e-15,2.2742884264897776e-15,No,0,NW
1982.9166666666667,2.152658745423048e-16,-9.290487746647967e-17,-1.2236099707582513e-16,-2.144459260597922e-15,2.2742884264897776e-15,No,0,NW
1983,4.294662270713816e-16,-9.210394480377494e-17,-3.3736228226760666e-16,-2.144459260597922e-15,2.2742884264897776e-15,No,0,NW
1983.0833333333335,3.9535938024832187e-16,-9.130301214107021e-17,-3.0405636810725163e-16,-2.144459260597922e-15,2.2742884264897776e-15,No,0,NW
1983.1666666666667,4.2879063092555304e-16,-9.050207947836547e-17,-3.382885514471876e-16,-2.144459260597922e-15,2.2742884264897776e-15,No,0,NW
1983.25,3.9539118581306014e-16,-8.970114681566072e-17,-3.0569003899739944e-16,-2.144459260597922e-15,2.2742884264897776e-15,No,-4.930380657631324e-32,NW
1983.3333333333335,-6.064328009904216e-18,-8.890021415295599e-17,9.49645421628602e-17,-2.144459260597922e-15,2.2742884264897776e-15,No,-4.622231866529366e-33,NW
1983.4166666666667,1.0621634422600154e-17,-8.809928149025126e-17,7.747764706765111e-17,-2.144459260597922e-15,2.2742884264897776e-15,No,1.5407439555097887e-33,NW
1983.5,-7.242261887842914e-16,-8.729834882754652e-17,7.000000000000001,-2.144459260597922e-15,2.2742884264897776e-15,No,7,NW
1983.5833333333335,-8.546360192106675e-16,-8.649741616484177e-17,2.000000000000001,-2.144459260597922e-15,2.2742884264897776e-15,No,2,NW
1983.6666666666667,-3.107422712982402e-16,-8.569648350213704e-17,3.9643875480037724e-16,-2.144459260597922e-15,2.2742884264897776e-15,No,0,NW
1983.75,-3.353111420524745e-16,-8.489555083943231e-17,4.2020669289190677e-16,-2.144459260597922e-15,2.2742884264897776e-15,No,0,NW
1983.8333333333335,3.560848916813221e-16,-8.409461817672757e-17,33,-2.144459260597922e-15,2.2742884264897776e-15,Yes,33,NW
1983.9166666666667,2.152658745423048e-16,-8.329368551402282e-17,5,-2.144459260597922e-15,2.2742884264897776e-15,No,5,NW
1984,4.294662270713816e-16,-8.249275285131809e-17,-3.469734742200635e-16,-2.144459260597922e-15,2.2742884264897776e-15,No,0,NW
1984.0833333333335,3.9535938024832187e-16,-8.175653024580707e-17,-3.136028500025148e-16,-2.144459260597922e-15,2.2742884264897776e-15,No,0,NW
1984.1666666666667,4.2879063092555304e-16,-8.102030764029605e-17,-3.4777032328525696e-16,-2.144459260597922e-15,2.2742884264897776e-15,No,0,NW
1984.25,3.9539118581306014e-16,-8.028408503478503e-17,-3.151071007782751e-16,-2.144459260597922e-15,2.2742884264897776e-15,No,0,NW
1984.3333333333335,-6.064328009904216e-18,-7.9547862429274006e-17,8.561219043917822e-17,-2.144459260597922e-15,2.2742884264897776e-15,No,-4.622231866529366e-33,NW
1984.4166666666667,1.0621634422600154e-17,-7.8811639823763e-17,6.819000540116284e-17,-2.144459260597922e-15,2.2742884264897776e-15,No,1.5407439555097887e-33,NW
1984.5,-7.242261887842914e-16,-7.807541721825197e-17,8,-2.144459260597922e-15,2.2742884264897776e-15,Yes,7.999999999999999,NW
1984.5833333333335,-8.546360192106675e-16,-7.733919461274096e-17,9.319752138234085e-16,-2.144459260597922e-15,2.2742884264897776e-15,No,9.860761315262648e-32,NW
1984.6666666666667,-3.107422712982402e-16,-7.660297200722993e-17,3.873452433054701e-16,-2.144459260597922e-15,2.2742884264897776e-15,No,0,NW
1984.75,-3.353111420524745e-16,-7.586674940171891e-17,4.111778914541934e-16,-2.144459260597922e-15,2.2742884264897776e-15,No,0,NW
1984.8333333333335,3.560848916813221e-16,-7.51305267962079e-17,-2.809543648851142e-16,-2.144459260597922e-15,2.2742884264897776e-15,No,0,NW
1984.9166666666667,2.152658745423048e-16,-7.439430419069687e-17,-1.4087157035160792e-16,-2.144459260597922e-15,2.2742884264897776e-15,No,0,NW
1985,4.294662270713816e-16,-7.365808158518585e-17,-3.5580814548619573e-16,-2.144459260597922e-15,2.2742884264897776e-15,No,0,NW
1985.0833333333335,3.9535938024832187e-16,-7.292185897967484e-17,-3.22437521268647e-16,-2.144459260597922e-15,2.2742884264897776e-15,No,0,NW
1985.1666666666667,4.2879063092555304e-16,-7.218563637416381e-17,-3.566049945513892e-16,-2.144459260597922e-15,2.2742884264897776e-15,No,0,NW
1985.25,3.9539118581306014e-16,-7.152226513832501e-17,-3.2386892067473514e-16,-2.144459260597922e-15,2.2742884264897776e-15,No,0,NW
1985.3333333333335,-6.064328009904216e-18,-7.08588939024862e-17,7.692322191239042e-17,-2.144459260597922e-15,2.2742884264897776e-15,No,-4.622231866529366e-33,NW
1985.4166666666667,1.0621634422600154e-17,-7.01955226666474e-17,5.957388824404725e-17,-2.144459260597922e-15,2.2742884264897776e-15,No,1.5407439555097887e-33,NW
1985.5,-7.242261887842914e-16,-6.953215143080861e-17,12,-2.144459260597922e-15,2.2742884264897776e-15,Yes,12,NW
1985.5833333333335,-8.546360192106675e-16,-6.88687801949698e-17,9.235047994056373e-16,-2.144459260597922e-15,2.2742884264897776e-15,No,0,NW
1985.6666666666667,-3.107422712982402e-16,-6.8205408959131e-17,3.789476802573712e-16,-2.144459260597922e-15,2.2742884264897776e-15,No,0,NW
1985.75,-3.353111420524745e-16,-6.75420377232922e-17,4.028531797757667e-16,-2.144459260597922e-15,2.2742884264897776e-15,No,0,NW
1985.8333333333335,3.560848916813221e-16,-6.687866648745339e-17,-2.892062251938687e-16,-2.144459260597922e-15,2.2742884264897776e-15,No,0,NW
1985.9166666666667,2.152658745423048e-16,-6.621529525161458e-17,-1.4905057929069022e-16,-2.144459260597922e-15,2.2742884264897776e-15,No,0,NW
1986,4.294662270713816e-16,-6.555192401577578e-17,-3.639143030556058e-16,-2.144459260597922e-15,2.2742884264897776e-15,No,0,NW
1986.0833333333335,3.9535938024832187e-16,-6.488855277993699e-17,-3.304708274683849e-16,-2.144459260597922e-15,2.2742884264897776e-15,No,0,NW
1986.1666666666667,4.2879063092555304e-16,-6.422518154409818e-17,-3.6456544938145486e-16,-2.144459260597922e-15,2.2742884264897776e-15,No,0,NW
1986.25,3.9539118581306014e-16,-6.356181030825938e-17,-3.3182937550480075e-16,-2.144459260597922e-15,2.2742884264897776e-15,No,0,NW
1986.3333333333335,-6.064328009904216e-18,-6.289843907242057e-17,6.896276708232478e-17,-2.144459260597922e-15,2.2742884264897776e-15,No,-4.622231866529366e-33,NW
1986.4166666666667,1.0621634422600154e-17,-6.256109039438749e-17,5.193945597178733e-17,-2.144459260597922e-15,2.2742884264897776e-15,No,1.5407439555097887e-33,NW
1986.5,-7.242261887842914e-16,-6.22237417163544e-17,7.864499305006458e-16,-2.144459260597922e-15,2.2742884264897776e-15,No,0,NW
1986.5833333333335,-8.546360192106675e-16,-6.188639303832131e-17,9.16522412248989e-16,-2.144459260597922e-15,2.2742884264897776e-15,No,9.860761315262648e-32,NW
1986.6666666666667,-3.107422712982402e-16,-6.154904436028821e-17,18,-2.144459260597922e-15,2.2742884264897776e-15,Yes,18,NW
1986.75,-3.353111420524745e-16,-6.121169568225512e-17,3.965228377347296e-16,-2.144459260597922e-15,2.2742884264897776e-15,No,0,NW
1986.8333333333335,3.560848916813221e-16,-6.087434700422203e-17,-2.9521054467710007e-16,-2.144459260597922e-15,2.2742884264897776e-15,No,0,NW
1986.9166666666667,2.152658745423048e-16,-6.053699832618894e-17,-1.5472887621611587e-16,-2.144459260597922e-15,2.2742884264897776e-15,No,-2.465190328815662e-32,NW
1987,4.294662270713816e-16,-6.019964964815586e-17,-3.6926657742322575e-16,-2.144459260597922e-15,2.2742884264897776e-15,No,0,NW
1987.0833333333335,3.9535938024832187e-16,-5.986230097012277e-17,-3.354970792781991e-16,-2.144459260597922e-15,2.2742884264897776e-15,No,0,NW
1987.1666666666667,4.2879063092555304e-16,-5.952495229208968e-17,8,-2.144459260597922e-15,2.2742884264897776e-15,No,8,NW
1987.25,3.9539118581306014e-16,-5.918760361405658e-17,-3.362035821990036e-16,-2.144459260597922e-15,2.2742884264897776e-15,No,-4.930380657631324e-32,NW
1987.3333333333335,-6.064328009904216e-18,-5.885025493602349e-17,6.49145829459277e-17,-2.144459260597922e-15,2.2742884264897776e-15,No,-4.622231866529366e-33,NW
1987.4166666666667,1.0621634422600154e-17,-5.85129062579904e-17,4.789127183539025e-17,-2.144459260597922e-15,2.2742884264897776e-15,No,1.5407439555097887e-33,NW
1987.5,-7.242261887842914e-16,-5.817555757995732e-17,7.824017463642487e-16,-2.144459260597922e-15,2.2742884264897776e-15,No,0,NW
1987.5833333333335,-8.546360192106675e-16,-5.841482759424715e-17,9.130508468049147e-16,-2.144459260597922e-15,2.2742884264897776e-15,No,0,NW
1987.6666666666667,-3.107422712982402e-16,-5.865409760853697e-17,5,-2.144459260597922e-15,2.2742884264897776e-15,No,5,NW
1987.75,-3.353111420524745e-16,-5.889336762282679e-17,3.9420450967530125e-16,-2.144459260597922e-15,2.2742884264897776e-15,No,0,NW
1987.8333333333335,3.560848916813221e-16,-5.913263763711663e-17,-2.969522540442055e-16,-2.144459260597922e-15,2.2742884264897776e-15,No,0,NW
1987.9166666666667,2.152658745423048e-16,-5.937190765140646e-17,-1.5589396689089834e-16,-2.144459260597922e-15,2.2742884264897776e-15,No,0,NW
1988,4.294662270713816e-16,-5.961117766569628e-17,-3.698550494056853e-16,-2.144459260597922e-15,2.2742884264897776e-15,No,0,NW
1988.0833333333335,3.9535938024832187e-16,-5.98504476799861e-17,-3.3550893256833576e-16,-2.144459260597922e-15,2.2742884264897776e-15,No,0,NW
1988.1666666666667,4.2879063092555304e-16,-6.008971769427594e-17,5,-2.144459260597922e-15,2.2742884264897776e-15,No,5,NW
1988.25,3.9539118581306014e-16,-6.032898770856577e-17,-3.3506219810449436e-16,-2.144459260597922e-15,2.2742884264897776e-15,No,0,NW
1988.3333333333335,-6.064328009904216e-18,-6.056825772285559e-17,6.66325857327598e-17,-2.144459260597922e-15,2.2742884264897776e-15,No,-4.622231866529366e-33,NW
1988.4166666666667,1.0621634422600154e-17,-6.080752773714542e-17,1,-2.144459260597922e-15,2.2742884264897776e-15,No,0.9999999999999999,NW
1988.5,-7.242261887842914e-16,-6.104679775143525e-17,1.0000000000000007,-2.144459260597922e-15,2.2742884264897776e-15,No,0.9999999999999999,NW
1988.5833333333335,-8.546360192106675e-16,-6.128606776572508e-17,9.159220869763925e-16,-2.144459260597922e-15,2.2742884264897776e-15,No,-9.860761315262648e-32,NW
1988.6666666666667,-3.107422712982402e-16,-6.15253377800149e-17,3.722676090782551e-16,-2.144459260597922e-15,2.2742884264897776e-15,No,0,NW
1988.75,-3.353111420524745e-16,-6.137611611840089e-17,3.9668725817087536e-16,-2.144459260597922e-15,2.2742884264897776e-15,No,0,NW
1988.8333333333335,3.560848916813221e-16,-6.122689445678686e-17,14,-2.144459260597922e-15,2.2742884264897776e-15,Yes,14,NW
1988.9166666666667,2.152658745423048e-16,-6.107767279517284e-17,-1.5418820174713196e-16,-2.144459260597922e-15,2.2742884264897776e-15,No,0,NW
1989,4.294662270713816e-16,-6.092845113355882e-17,1.9999999999999996,-2.144459260597922e-15,2.2742884264897776e-15,No,2,NW
1989.0833333333335,3.9535938024832187e-16,-6.07792294719448e-17,2.9999999999999996,-2.144459260597922e-15,2.2742884264897776e-15,No,3,NW
1989.1666666666667,4.2879063092555304e-16,-6.063000781033078e-17,3.9999999999999996,-2.144459260597922e-15,2.2742884264897776e-15,No,4,NW
1989.25,3.9539118581306014e-16,-6.048078614871675e-17,-3.349103996643434e-16,-2.144459260597922e-15,2.2742884264897776e-15,No,-4.930380657631324e-32,NW
1989.3333333333335,-6.064328009904216e-18,-6.033156448710273e-17,5,-2.144459260597922e-15,2.2742884264897776e-15,No,5,NW
1989.4166666666667,1.0621634422600154e-17,-6.018234282548871e-17,10,-2.144459260597922e-15,2.2742884264897776e-15,Yes,10,NW
1989.5,-7.242261887842914e-16,-6.003312116387468e-17,10,-2.144459260597922e-15,2.2742884264897776e-15,No,10,NW
1989.5833333333335,-8.546360192106675e-16,-5.988389950226067e-17,22,-2.144459260597922e-15,2.2742884264897776e-15,Yes,22,NW
1989.6666666666667,-3.107422712982402e-16,-5.973467784064665e-17,3.7047694913888685e-16,-2.144459260597922e-15,2.2742884264897776e-15,No,0,NW
1989.75,-3.353111420524745e-16,-5.958545617903262e-17,2.0000000000000004,-2.144459260597922e-15,2.2742884264897776e-15,No,2,NW
1989.8333333333335,3.560848916813221e-16,-5.94362345174186e-17,-2.966486571639035e-16,-2.144459260597922e-15,2.2742884264897776e-15,No,0,NW
1989.9166666666667,2.152658745423048e-16,-5.9520165325676e-17,19,-2.144459260597922e-15,2.2742884264897776e-15,Yes,19,NW
1990,4.294662270713816e-16,-5.96040961339334e-17,34,-2.144459260597922e-15,2.2742884264897776e-15,Yes,34,NW
1990.0833333333335,3.9535938024832187e-16,-5.96880269421908e-17,25,-2.144459260597922e-15,2.2742884264897776e-15,Yes,25,NW
1990.1666666666667,4.2879063092555304e-16,-5.97719577504482e-17,22,-2.144459260597922e-15,2.2742884264897776e-15,No,22,NW
1990.25,3.9539118581306014e-16,-5.98558885587056e-17,-3.355352972543545e-16,-2.144459260597922e-15,2.2742884264897776e-15,No,4.930380657631324e-32,NW
1990.3333333333335,-6.064328009904216e-18,-5.9939819366963e-17,11,-2.144459260597922e-15,2.2742884264897776e-15,Yes,11,NW
1990.4166666666667,1.0621634422600154e-17,-6.002375017522039e-17,4.940211575262024e-17,-2.144459260597922e-15,2.2742884264897776e-15,No,1.5407439555097887e-33,NW
1990.5,-7.242261887842914e-16,-6.010768098347779e-17,31,-2.144459260597922e-15,2.2742884264897776e-15,Yes,31,NW
1990.5833333333335,-8.546360192106675e-16,-6.019161179173519e-17,11,-2.144459260597922e-15,2.2742884264897776e-15,No,11,NW
1990.6666666666667,-3.107422712982402e-16,-6.027554259999259e-17,3.710178138982328e-16,-2.144459260597922e-15,2.2742884264897776e-15,No,0,NW
1990.75,-3.353111420524745e-16,-6.035947340824999e-17,3.9567061546072447e-16,-2.144459260597922e-15,2.2742884264897776e-15,No,0,NW
1990.8333333333335,3.560848916813221e-16,-6.044340421650738e-17,-2.956414874648147e-16,-2.144459260597922e-15,2.2742884264897776e-15,No,0,NW
1990.9166666666667,2.152658745423048e-16,-6.052733502476479e-17,-1.5473853951754e-16,-2.144459260597922e-15,2.2742884264897776e-15,No,0,NW
1991,4.294662270713816e-16,-6.061126583302218e-17,-3.6885496123835943e-16,-2.144459260597922e-15,2.2742884264897776e-15,No,-4.930380657631324e-32,NW
1991.0833333333335,3.9535938024832187e-16,-6.065080866016929e-17,-3.3470857158815255e-16,-2.144459260597922e-15,2.2742884264897776e-15,No,0,NW
1991.1666666666667,4.2879063092555304e-16,-6.069035148731641e-17,-3.681002794382366e-16,-2.144459260597922e-15,2.2742884264897776e-15,No,0,NW
1991.25,3.9539118581306014e-16,-6.072989431446351e-17,-3.346612914985966e-16,-2.144459260597922e-15,2.2742884264897776e-15,No,0,NW
1991.3333333333335,-6.064328009904216e-18,-6.076943714161063e-17,6.683376515151484e-17,-2.144459260597922e-15,2.2742884264897776e-15,No,-4.622231866529366e-33,NW
1991.4166666666667,1.0621634422600154e-17,-6.080897996875774e-17,5.0187345546157585e-17,-2.144459260597922e-15,2.2742884264897776e-15,No,1.5407439555097887e-33,NW
1991.5,-7.242261887842914e-16,-6.084852279590486e-17,7.850747115801963e-16,-2.144459260597922e-15,2.2742884264897776e-15,No,0,NW
1991.5833333333335,-8.546360192106675e-16,-6.088806562305196e-17,28,-2.144459260597922e-15,2.2742884264897776e-15,Yes,28,NW
1991.6666666666667,-3.107422712982402e-16,-6.092760845019907e-17,4,-2.144459260597922e-15,2.2742884264897776e-15,No,3.9999999999999996,NW
1991.75,-3.353111420524745e-16,-6.096715127734619e-17,3.9627829332982065e-16,-2.144459260597922e-15,2.2742884264897776e-15,No,0,NW
1991.8333333333335,3.560848916813221e-16,-6.100669410449329e-17,-2.950781975768288e-16,-2.144459260597922e-15,2.2742884264897776e-15,No,0,NW
1991.9166666666667,2.152658745423048e-16,-6.104623693164041e-17,-1.542196376106644e-16,-2.144459260597922e-15,2.2742884264897776e-15,No,-2.465190328815662e-32,NW
1992,4.294662270713816e-16,-6.108577975878752e-17,-3.6838044731259406e-16,-2.144459260597922e-15,2.2742884264897776e-15,No,0,NW
1992.0833333333335,3.9535938024832187e-16,-6.112532258593464e-17,-3.3423405766238723e-16,-2.144459260597922e-15,2.2742884264897776e-15,No,0,NW
1992.1666666666667,4.2879063092555304e-16,-6.116486541308174e-17,-3.676257655124713e-16,-2.144459260597922e-15,2.2742884264897776e-15,No,0,NW
1992.25,3.9539118581306014e-16,-5.961289680810296e-17,-3.357782890049572e-16,-2.144459260597922e-15,2.2742884264897776e-15,No,-4.930380657631324e-32,NW
1992.3333333333335,-6.064328009904216e-18,-5.806092820312418e-17,6.412525621302839e-17,-2.144459260597922e-15,2.2742884264897776e-15,No,-4.622231866529366e-33,NW
1992.4166666666667,1.0621634422600154e-17,-5.65089595981454e-17,4.588732517554525e-17,-2.144459260597922e-15,2.2742884264897776e-15,No,1.5407439555097887e-33,NW
1992.5,-7.242261887842914e-16,-5.4956990993166626e-17,7.791831797774581e-16,-2.144459260597922e-15,2.2742884264897776e-15,No,0,NW
1992.5833333333335,-8.546360192106675e-16,-5.3405022388187846e-17,9.080410415988553e-16,-2.144459260597922e-15,2.2742884264897776e-15,No,-9.860761315262648e-32,NW
1992.6666666666667,-3.107422712982402e-16,-5.185305378320907e-17,3.6259532508144927e-16,-2.144459260597922e-15,2.2742884264897776e-15,No,0,NW
1992.75,-3.353111420524745e-16,-5.030108517823029e-17,3.856122272307048e-16,-2.144459260597922e-15,2.2742884264897776e-15,No,0,NW
1992.8333333333335,3.560848916813221e-16,-4.874911657325151e-17,-3.073357751080706e-16,-2.144459260597922e-15,2.2742884264897776e-15,No,0,NW
1992.9166666666667,2.152658745423048e-16,-4.7197147968272736e-17,-1.6806872657403206e-16,-2.144459260597922e-15,2.2742884264897776e-15,No,0,NW
1993,4.294662270713816e-16,-4.5645179363293956e-17,-3.8382104770808765e-16,-2.144459260597922e-15,2.2742884264897776e-15,No,0,NW
1993.0833333333335,3.9535938024832187e-16,-4.4093210758315176e-17,-3.512661694900067e-16,-2.144459260597922e-15,2.2742884264897776e-15,No,0,NW
1993.1666666666667,4.2879063092555304e-16,-4.2541242153336395e-17,-3.8624938877221667e-16,-2.144459260597922e-15,2.2742884264897776e-15,No,0,NW
1993.25,3.9539118581306014e-16,-4.098927354835762e-17,-3.544019122647025e-16,-2.144459260597922e-15,2.2742884264897776e-15,No,0,NW
1993.3333333333335,-6.064328009904216e-18,-3.943730494337884e-17,4.550163295328306e-17,-2.144459260597922e-15,2.2742884264897776e-15,No,1.5407439555097887e-33,NW
1993.4166666666667,1.0621634422600154e-17,-3.6778160009712605e-17,14,-2.144459260597922e-15,2.2742884264897776e-15,No,14,NW
1993.5,-7.242261887842914e-16,-3.411901507604637e-17,7.583452038603378e-16,-2.144459260597922e-15,2.2742884264897776e-15,No,0,NW
1993.5833333333335,-8.546360192106675e-16,-3.145987014238013e-17,8.860958893530477e-16,-2.144459260597922e-15,2.2742884264897776e-15,No,0,NW
1993.6666666666667,-3.107422712982402e-16,-2.8800725208713897e-17,3.3954299650695413e-16,-2.144459260597922e-15,2.2742884264897776e-15,No,0,NW
1993.75,-3.353111420524745e-16,-2.6141580275047664e-17,3.6145272232752216e-16,-2.144459260597922e-15,2.2742884264897776e-15,No,0,NW
1993.8333333333335,3.560848916813221e-16,-2.3482435341381428e-17,-3.3260245633994067e-16,-2.144459260597922e-15,2.2742884264897776e-15,No,0,NW
1993.9166666666667,2.152658745423048e-16,-2.0823290407715192e-17,-1.944425841345896e-16,-2.144459260597922e-15,2.2742884264897776e-15,No,0,NW
1994,4.294662270713816e-16,-1.8164145474048956e-17,-4.113020815973326e-16,-2.144459260597922e-15,2.2742884264897776e-15,No,0,NW
1994.0833333333335,3.9535938024832187e-16,-1.550500054038272e-17,-3.7985437970793914e-16,-2.144459260597922e-15,2.2742884264897776e-15,No,0,NW
1994.1666666666667,4.2879063092555304e-16,-1.2845855606716484e-17,-4.1594477531883656e-16,-2.144459260597922e-15,2.2742884264897776e-15,No,0,NW
1994.25,3.9539118581306014e-16,-1.0186710673050249e-17,-3.852044751400099e-16,-2.144459260597922e-15,2.2742884264897776e-15,No,0,NW
1994.3333333333335,-6.064328009904216e-18,-7.527565739384013e-18,1.3591893749288229e-17,-2.144459260597922e-15,2.2742884264897776e-15,No,0,NW
1994.4166666666667,1.0621634422600154e-17,-4.868420805717777e-18,20,-2.144459260597922e-15,2.2742884264897776e-15,Yes,20,NW
1994.5,-7.242261887842914e-16,-2.2092758720515414e-18,2.000000000000001,-2.144459260597922e-15,2.2742884264897776e-15,No,2,NW
1994.5833333333335,-8.546360192106675e-16,-1.3720118240149582e-18,8.560080310346824e-16,-2.144459260597922e-15,2.2742884264897776e-15,No,0,NW
1994.6666666666667,-3.107422712982402e-16,-5.347477759783748e-19,3.1127701907421857e-16,-2.144459260597922e-15,2.2742884264897776e-15,No,0,NW
1994.75,-3.353111420524745e-16,3.0251627205820855e-19,3.350086257804163e-16,-2.144459260597922e-15,2.2742884264897776e-15,No,0,NW
1994.8333333333335,3.560848916813221e-16,1.1397803200947919e-18,-3.572246720014169e-16,-2.144459260597922e-15,2.2742884264897776e-15,No,0,NW
1994.9166666666667,2.152658745423048e-16,1.977044368131375e-18,3,-2.144459260597922e-15,2.2742884264897776e-15,No,3,NW
1995,4.294662270713816e-16,2.8143084161679583e-18,6,-2.144459260597922e-15,2.2742884264897776e-15,No,6,NW
1995.0833333333335,3.9535938024832187e-16,3.6515724642045415e-18,-3.990109527125264e-16,-2.144459260597922e-15,2.2742884264897776e-15,No,0,NW
1995.1666666666667,4.2879063092555304e-16,4.488836512241125e-18,1.9999999999999996,-2.144459260597922e-15,2.2742884264897776e-15,No,2,NW
1995.25,3.9539118581306014e-16,5.326100560277709e-18,-4.0071728637333784e-16,-2.144459260597922e-15,2.2742884264897776e-15,No,0,NW
1995.3333333333335,-6.064328009904216e-18,6.163364608314292e-18,-9.903659841007582e-20,-2.144459260597922e-15,2.2742884264897776e-15,No,0,NW
1995.4166666666667,1.0621634422600154e-17,7.000628656350874e-18,-1.762226307895103e-17,-2.144459260597922e-15,2.2742884264897776e-15,No,-1.5407439555097887e-33,NW
1995.5,-7.242261887842914e-16,7.837892704387459e-18,24,-2.144459260597922e-15,2.2742884264897776e-15,Yes,24,NW
1995.5833333333335,-8.546360192106675e-16,8.675156752424042e-18,2.000000000000001,-2.144459260597922e-15,2.2742884264897776e-15,No,2,NW
1995.6666666666667,-3.107422712982402e-16,9.512420800460625e-18,3.012298504977796e-16,-2.144459260597922e-15,2.2742884264897776e-15,No,0,NW
1995.75,-3.353111420524745e-16,9.046174362212698e-18,3.262649676902618e-16,-2.144459260597922e-15,2.2742884264897776e-15,No,0,NW
1995.8333333333335,3.560848916813221e-16,8.579927923964768e-18,12,-2.144459260597922e-15,2.2742884264897776e-15,No,12,NW
1995.9166666666667,2.152658745423048e-16,8.11368148571684e-18,31,-2.144459260597922e-15,2.2742884264897776e-15,No,31,NW
1996,4.294662270713816e-16,7.647435047468911e-18,13,-2.144459260597922e-15,2.2742884264897776e-15,Yes,13,NW
1996.0833333333335,3.9535938024832187e-16,7.181188609220983e-18,0.9999999999999996,-2.144459260597922e-15,2.2742884264897776e-15,No,1,NW
1996.1666666666667,4.2879063092555304e-16,6.714942170973055e-18,-4.3550557309652607e-16,-2.144459260597922e-15,2.2742884264897776e-15,No,0,NW
1996.25,3.9539118581306014e-16,6.248695732725126e-18,0.9999999999999996,-2.144459260597922e-15,2.2742884264897776e-15,No,1,NW
1996.3333333333335,-6.064328009904216e-18,5.782449294477198e-18,2.8187871542701834e-19,-2.144459260597922e-15,2.2742884264897776e-15,No,0,NW
1996.4166666666667,1.0621634422600154e-17,5.316202856229269e-18,-1.5937837278829423e-17,-2.144459260597922e-15,2.2742884264897776e-15,No,0,NW
1996.5,-7.242261887842914e-16,4.8499564179813406e-18,7.193762323663101e-16,-2.144459260597922e-15,2.2742884264897776e-15,No,0,NW
1996.5833333333335,-8.546360192106675e-16,4.383709979733412e-18,8.502523092309341e-16,-2.144459260597922e-15,2.2742884264897776e-15,No,0,NW
1996.6666666666667,-3.107422712982402e-16,3.917463541485484e-18,3.0682480775675475e-16,-2.144459260597922e-15,2.2742884264897776e-15,No,0,NW
1996.75,-3.353111420524745e-16,3.4512171032375552e-18,3.3185992494923695e-16,-2.144459260597922e-15,2.2742884264897776e-15,No,0,NW
1996.8333333333335,3.560848916813221e-16,2.984970664989627e-18,-3.590698623463117e-16,-2.144459260597922e-15,2.2742884264897776e-15,No,0,NW
1996.9166666666667,2.152658745423048e-16,2.7273483590613133e-18,-2.1799322290136612e-16,-2.144459260597922e-15,2.2742884264897776e-15,No,0,NW
1997,4.294662270713816e-16,2.4697260531329995e-18,-4.3193595312451457e-16,-2.144459260597922e-15,2.2742884264897776e-15,No,0,NW
1997.0833333333335,3.9535938024832187e-16,2.2121037472046857e-18,24,-2.144459260597922e-15,2.2742884264897776e-15,No,24,NW
1997.1666666666667,4.2879063092555304e-16,1.954481441276372e-18,8,-2.144459260597922e-15,2.2742884264897776e-15,No,8,NW
1997.25,3.9539118581306014e-16,1.6968591353480583e-18,1.9999999999999996,-2.144459260597922e-15,2.2742884264897776e-15,No,2,NW
1997.3333333333335,-6.064328009904216e-18,1.4392368294197447e-18,3,-2.144459260597922e-15,2.2742884264897776e-15,No,3,NW
1997.4166666666667,1.0621634422600154e-17,1.181614523491431e-18,16,-2.144459260597922e-15,2.2742884264897776e-15,Yes,16,NW
1997.5,-7.242261887842914e-16,9.239922175631171e-19,7.233021965667283e-16,-2.144459260597922e-15,2.2742884264897776e-15,No,0,NW
1997.5833333333335,-8.546360192106675e-16,6.663699116348033e-19,2.000000000000001,-2.144459260597922e-15,2.2742884264897776e-15,No,2,NW
1997.6666666666667,-3.107422712982402e-16,4.0874760570648963e-19,1.0000000000000002,-2.144459260597922e-15,2.2742884264897776e-15,No,0.9999999999999999,NW
1997.75,-3.353111420524745e-16,1.511252997781759e-19,25,-2.144459260597922e-15,2.2742884264897776e-15,No,25,NW
1997.8333333333335,3.560848916813221e-16,-1.0649700615013785e-19,7,-2.144459260597922e-15,2.2742884264897776e-15,No,7,NW
1997.9166666666667,2.152658745423048e-16,-3.641193120784516e-19,11,-2.144459260597922e-15,2.2742884264897776e-15,No,11,NW
1998,4.294662270713816e-16,-6.21741618006765e-19,20,-2.144459260597922e-15,2.2742884264897776e-15,No,20,NW
1998.0833333333335,3.9535938024832187e-16,-1.1933045022175118e-18,31,-2.144459260597922e-15,2.2742884264897776e-15,No,31,NW
1998.1666666666667,4.2879063092555304e-16,-1.764867386428259e-18,46,-2.144459260597922e-15,2.2742884264897776e-15,Yes,46,NW
1998.25,3.9539118581306014e-16,-2.3364302706390056e-18,-3.9305475554242113e-16,-2.144459260597922e-15,2.2742884264897776e-15,No,0,NW
1998.3333333333335,-6.064328009904216e-18,-2.9079931548497524e-18,8.972321164753968e-18,-2.144459260597922e-15,2.2742884264897776e-15,No,0,NW
1998.4166666666667,1.0621634422600154e-17,-3.4795560390604996e-18,-7.142078383539655e-18,-2.144459260597922e-15,2.2742884264897776e-15,No,0,NW
1998.5,-7.242261887842914e-16,-4.051118923271246e-18,7.282773077075627e-16,-2.144459260597922e-15,2.2742884264897776e-15,No,0,NW
1998.5833333333335,-8.546360192106675e-16,-4.622681807481993e-18,8.592587010181495e-16,-2.144459260597922e-15,2.2742884264897776e-15,No,0,NW
1998.6666666666667,-3.107422712982402e-16,-5.19424469169274e-18,3.1593651598993297e-16,-2.144459260597922e-15,2.2742884264897776e-15,No,0,NW
1998.75,-3.353111420524745e-16,-5.765807575903487e-18,3.4107694962837795e-16,-2.144459260597922e-15,2.2742884264897776e-15,No,0,NW
1998.8333333333335,3.560848916813221e-16,-6.337370460114234e-18,-3.4974752122120787e-16,-2.144459260597922e-15,2.2742884264897776e-15,No,0,NW
1998.9166666666667,2.152658745423048e-16,-6.908933344324981e-18,-2.083569411979798e-16,-2.144459260597922e-15,2.2742884264897776e-15,No,2.465190328815662e-32,NW
1999,4.294662270713816e-16,-7.480496228535728e-18,-4.2198573084284587e-16,-2.144459260597922e-15,2.2742884264897776e-15,No,0,NW
1999.0833333333335,3.9535938024832187e-16,-8.052059112746474e-18,-3.873073211355754e-16,-2.144459260597922e-15,2.2742884264897776e-15,No,0,NW
1999.1666666666667,4.2879063092555304e-16,-8.623621996957221e-18,-4.201670089285958e-16,-2.144459260597922e-15,2.2742884264897776e-15,No,0,NW
1999.25,3.9539118581306014e-16,-1.0621215823248567e-17,-3.8476996998981156e-16,-2.144459260597922e-15,2.2742884264897776e-15,No,0,NW
1999.3333333333335,-6.064328009904216e-18,-1.2618809649539911e-17,1.8683137659444127e-17,-2.144459260597922e-15,2.2742884264897776e-15,No,0,NW
1999.4166666666667,1.0621634422600154e-17,-1.4616403475831255e-17,4,-2.144459260597922e-15,2.2742884264897776e-15,No,4,NW
1999.5,-7.242261887842914e-16,-1.66139973021226e-17,7.40840186086414e-16,-2.144459260597922e-15,2.2742884264897776e-15,No,0,NW
1999.5833333333335,-8.546360192106675e-16,-1.8611591128413946e-17,40,-2.144459260597922e-15,2.2742884264897776e-15,Yes,40,NW
1999.6666666666667,-3.107422712982402e-16,-2.0609184954705292e-17,3.0000000000000004,-2.144459260597922e-15,2.2742884264897776e-15,No,3,NW
1999.75,-3.353111420524745e-16,-2.2606778780996634e-17,3.579179208334711e-16,-2.144459260597922e-15,2.2742884264897776e-15,No,0,NW
1999.8333333333335,3.560848916813221e-16,-2.460437260728798e-17,-3.314805190740341e-16,-2.144459260597922e-15,2.2742884264897776e-15,No,0,NW
1999.9166666666667,2.152658745423048e-16,-2.6601966433579325e-17,-1.8866390810872548e-16,-2.144459260597922e-15,2.2742884264897776e-15,No,0,NW
2000,4.294662270713816e-16,-2.859956025987067e-17,-4.0086666681151095e-16,-2.144459260597922e-15,2.2742884264897776e-15,No,-4.930380657631324e-32,NW
2000.0833333333335,3.9535938024832187e-16,-3.0597154086162014e-17,-3.6476222616215987e-16,-2.144459260597922e-15,2.2742884264897776e-15,No,0,NW
2000.1666666666667,4.2879063092555304e-16,-3.259474791245336e-17,-3.961958830130997e-16,-2.144459260597922e-15,2.2742884264897776e-15,No,0,NW
2000.25,3.9539118581306014e-16,-3.4592341738744705e-17,-3.6079884407431544e-16,-2.144459260597922e-15,2.2742884264897776e-15,No,0,NW
2000.3333333333335,-6.064328009904216e-18,-3.6589935565036044e-17,5,-2.144459260597922e-15,2.2742884264897776e-15,No,5,NW
2000.4166666666667,1.0621634422600154e-17,-3.918981509547742e-17,18,-2.144459260597922e-15,2.2742884264897776e-15,No,18,NW
2000.5,-7.242261887842914e-16,-4.178969462591879e-17,2.000000000000001,-2.144459260597922e-15,2.2742884264897776e-15,No,2,NW
2000.5833333333335,-8.546360192106675e-16,-4.438957415636017e-17,8.990255933670277e-16,-2.144459260597922e-15,2.2742884264897776e-15,No,0,NW
2000.6666666666667,-3.107422712982402e-16,-4.698945368680154e-17,3.5773172498504175e-16,-2.144459260597922e-15,2.2742884264897776e-15,No,0,NW
2000.75,-3.353111420524745e-16,-4.9589333217242916e-17,3.849004752697174e-16,-2.144459260597922e-15,2.2742884264897776e-15,No,0,NW
2000.8333333333335,3.560848916813221e-16,-5.218921274768429e-17,-3.038956789336378e-16,-2.144459260597922e-15,2.2742884264897776e-15,No,0,NW
2000.9166666666667,2.152658745423048e-16,-5.478909227812566e-17,-1.6047678226417914e-16,-2.144459260597922e-15,2.2742884264897776e-15,No,0,NW
2001,4.294662270713816e-16,-5.738897180856703e-17,-3.7207725526281456e-16,-2.144459260597922e-15,2.2742884264897776e-15,No,0,NW
2001.0833333333335,3.9535938024832187e-16,-5.998885133900841e-17,-3.353705289093135e-16,-2.144459260597922e-15,2.2742884264897776e-15,No,0,NW
2001.1666666666667,4.2879063092555304e-16,-6.258873086944978e-17,1.9999999999999996,-2.144459260597922e-15,2.2742884264897776e-15,No,2,NW
2001.25,3.9539118581306014e-16,-6.518861039989117e-17,-3.3020257541316896e-16,-2.144459260597922e-15,2.2742884264897776e-15,No,0,NW
2001.3333333333335,-6.064328009904216e-18,-6.778848993033254e-17,7.385281794023675e-17,-2.144459260597922e-15,2.2742884264897776e-15,No,-4.622231866529366e-33,NW
2001.4166666666667,1.0621634422600154e-17,-7.038836946077391e-17,5.976673503817376e-17,-2.144459260597922e-15,2.2742884264897776e-15,No,1.5407439555097887e-33,NW
2001.5,-7.242261887842914e-16,-7.298824899121529e-17,7.972144377755067e-16,-2.144459260597922e-15,2.2742884264897776e-15,No,0,NW
2001.5833333333335,-8.546360192106675e-16,-7.499397527806097e-17,1.0000000000000009,-2.144459260597922e-15,2.2742884264897776e-15,No,1,NW
2001.6666666666667,-3.107422712982402e-16,-7.699970156490665e-17,3.8774197286314685e-16,-2.144459260597922e-15,2.2742884264897776e-15,No,0,NW
2001.75,-3.353111420524745e-16,-7.900542785175235e-17,4.1431656990422683e-16,-2.144459260597922e-15,2.2742884264897776e-15,No,0,NW
2001.8333333333335,3.560848916813221e-16,-8.101115413859803e-17,-2.750737375427241e-16,-2.144459260597922e-15,2.2742884264897776e-15,No,0,NW
2001.9166666666667,2.152658745423048e-16,-8.301688042544372e-17,-1.3224899411686108e-16,-2.144459260597922e-15,2.2742884264897776e-15,No,0,NW
2002,4.294662270713816e-16,-8.50226067122894e-17,20,-2.144459260597922e-15,2.2742884264897776e-15,No,20,NW
2002.0833333333335,3.9535938024832187e-16,-8.70283329991351e-17,10,-2.144459260597922e-15,2.2742884264897776e-15,No,10,NW
2002.1666666666667,4.2879063092555304e-16,-8.903405928598078e-17,16,-2.144459260597922e-15,2.2742884264897776e-15,No,16,NW
2002.25,3.9539118581306014e-16,-9.103978557282646e-17,-3.043514002402337e-16,-2.144459260597922e-15,2.2742884264897776e-15,No,0,NW
2002.3333333333335,-6.064328009904216e-18,-9.304551185967215e-17,9.910983986957636e-17,-2.144459260597922e-15,2.2742884264897776e-15,No,-4.622231866529366e-33,NW
2002.4166666666667,1.0621634422600154e-17,-9.505123814651783e-17,8.442960372391768e-17,-2.144459260597922e-15,2.2742884264897776e-15,No,1.5407439555097887e-33,NW
2002.5,-7.242261887842914e-16,-9.705696443336353e-17,8.21283153217655e-16,-2.144459260597922e-15,2.2742884264897776e-15,No,0,NW
2002.5833333333335,-8.546360192106675e-16,-9.906269072020921e-17,9.536987099308768e-16,-2.144459260597922e-15,2.2742884264897776e-15,No,9.860761315262648e-32,NW
2002.6666666666667,-3.107422712982402e-16,-1.010684170070549e-16,4,-2.144459260597922e-15,2.2742884264897776e-15,No,3.9999999999999996,NW
2002.75,-3.353111420524745e-16,-1.0189465697474048e-16,15,-2.144459260597922e-15,2.2742884264897776e-15,Yes,15,NW
2002.8333333333335,3.560848916813221e-16,-1.0272089694242608e-16,-2.53363994738896e-16,-2.144459260597922e-15,2.2742884264897776e-15,No,0,NW
2002.9166666666667,2.152658745423048e-16,-1.0354713691011167e-16,-1.1171873763219312e-16,-2.144459260597922e-15,2.2742884264897776e-15,No,2.465190328815662e-32,NW
2003,4.294662270713816e-16,-1.0437337687779727e-16,-3.250928501935843e-16,-2.144459260597922e-15,2.2742884264897776e-15,No,4.930380657631324e-32,NW
2003.0833333333335,3.9535938024832187e-16,-1.0519961684548285e-16,-2.90159763402839e-16,-2.144459260597922e-15,2.2742884264897776e-15,No,0,NW
2003.1666666666667,4.2879063092555304e-16,-1.0602585681316845e-16,0.9999999999999997,-2.144459260597922e-15,2.2742884264897776e-15,No,1,NW
2003.25,3.9539118581306014e-16,-1.0685209678085404e-16,-2.885390890322061e-16,-2.144459260597922e-15,2.2742884264897776e-15,No,0,NW
2003.3333333333335,-6.064328009904216e-18,-1.0767833674853963e-16,1.1374266475844385e-16,-2.144459260597922e-15,2.2742884264897776e-15,No,7.703719777548943e-33,NW
2003.4166666666667,1.0621634422600154e-17,-1.0850457671622523e-16,9.788294229362508e-17,-2.144459260597922e-15,2.2742884264897776e-15,No,1.5407439555097887e-33,NW
2003.5,-7.242261887842914e-16,-1.0933081668391082e-16,8.335570054682022e-16,-2.144459260597922e-15,2.2742884264897776e-15,No,0,NW
2003.5833333333335,-8.546360192106675e-16,-1.1015705665159642e-16,31,-2.144459260597922e-15,2.2742884264897776e-15,No,31,NW
2003.6666666666667,-3.107422712982402e-16,-1.10983296619282e-16,23,-2.144459260597922e-15,2.2742884264897776e-15,Yes,23,NW
2003.75,-3.353111420524745e-16,-1.118095365869676e-16,4.471206786394421e-16,-2.144459260597922e-15,2.2742884264897776e-15,No,0,NW
2003.8333333333335,3.560848916813221e-16,-1.126357765546532e-16,-2.434491151266689e-16,-2.144459260597922e-15,2.2742884264897776e-15,No,0,NW
2003.9166666666667,2.152658745423048e-16,-1.1287501660333174e-16,-1.0239085793897306e-16,-2.144459260597922e-15,2.2742884264897776e-15,No,0,NW
2004,4.294662270713816e-16,-1.1311425665201027e-16,-3.163519704193713e-16,-2.144459260597922e-15,2.2742884264897776e-15,No,0,NW
2004.0833333333335,3.9535938024832187e-16,-1.1335349670068883e-16,-2.8200588354763304e-16,-2.144459260597922e-15,2.2742884264897776e-15,No,0,NW
2004.1666666666667,4.2879063092555304e-16,-1.1359273674936736e-16,-3.151978941761857e-16,-2.144459260597922e-15,2.2742884264897776e-15,No,0,NW
2004.25,3.9539118581306014e-16,-1.138319767980459e-16,-2.815592090150142e-16,-2.144459260597922e-15,2.2742884264897776e-15,No,4.930380657631324e-32,NW
2004.3333333333335,-6.064328009904216e-18,-1.1407121684672444e-16,1.2013554485662865e-16,-2.144459260597922e-15,2.2742884264897776e-15,No,-4.622231866529366e-33,NW
2004.4166666666667,1.0621634422600154e-17,-1.14310456895403e-16,36,-2.144459260597922e-15,2.2742884264897776e-15,Yes,36,NW
2004.5,-7.242261887842914e-16,-1.1454969694408155e-16,1.0000000000000009,-2.144459260597922e-15,2.2742884264897776e-15,No,0.9999999999999999,NW
2004.5833333333335,-8.546360192106675e-16,-1.1478893699276008e-16,30,-2.144459260597922e-15,2.2742884264897776e-15,Yes,30,NW
2004.6666666666667,-3.107422712982402e-16,-1.1502817704143863e-16,4.2577044833967886e-16,-2.144459260597922e-15,2.2742884264897776e-15,No,0,NW
2004.75,-3.353111420524745e-16,-1.1526741709011716e-16,4.505785591425916e-16,-2.144459260597922e-15,2.2742884264897776e-15,No,-4.930380657631324e-32,NW
2004.8333333333335,3.560848916813221e-16,-1.1550665713879572e-16,-2.405782345425264e-16,-2.144459260597922e-15,2.2742884264897776e-15,No,0,NW
2004.9166666666667,2.152658745423048e-16,-1.1574589718747425e-16,-9.951997735483055e-17,-2.144459260597922e-15,2.2742884264897776e-15,No,0,NW
2005,4.294662270713816e-16,-1.159851372361528e-16,-3.1348108983522877e-16,-2.144459260597922e-15,2.2742884264897776e-15,No,4.930380657631324e-32,NW
2005.0833333333335,3.9535938024832187e-16,-1.1628990342828332e-16,-2.7906947682003854e-16,-2.144459260597922e-15,2.2742884264897776e-15,No,0,NW
2005.1666666666667,4.2879063092555304e-16,-1.1659466962041387e-16,-3.1219596130513917e-16,-2.144459260597922e-15,2.2742884264897776e-15,No,0,NW
2005.25,3.9539118581306014e-16,-1.168994358125444e-16,-2.784917500005157e-16,-2.144459260597922e-15,2.2742884264897776e-15,No,4.930380657631324e-32,NW
2005.3333333333335,-6.064328009904216e-18,-1.1720420200467492e-16,1.0000000000000002,-2.144459260597922e-15,2.2742884264897776e-15,No,1,NW
2005.4166666666667,1.0621634422600154e-17,-1.1750896819680545e-16,9,-2.144459260597922e-15,2.2742884264897776e-15,Yes,9,NW
2005.5,-7.242261887842914e-16,-1.17813734388936e-16,21,-2.144459260597922e-15,2.2742884264897776e-15,Yes,21,NW
2005.5833333333335,-8.546360192106675e-16,-1.1811850058106652e-16,9,-2.144459260597922e-15,2.2742884264897776e-15,No,9,NW
2005.6666666666667,-3.107422712982402e-16,-1.1842326677319704e-16,4.291655380714373e-16,-2.144459260597922e-15,2.2742884264897776e-15,No,0,NW
2005.75,-3.353111420524745e-16,-1.187280329653276e-16,4.540391750178021e-16,-2.144459260597922e-15,2.2742884264897776e-15,No,0,NW
2005.8333333333335,3.560848916813221e-16,-1.1903279915745812e-16,-2.3705209252386397e-16,-2.144459260597922e-15,2.2742884264897776e-15,No,0,NW
2005.9166666666667,2.152658745423048e-16,-1.1933756534958864e-16,-9.592830919271616e-17,-2.144459260597922e-15,2.2742884264897776e-15,No,0,NW
2006,4.294662270713816e-16,-1.1964233154171917e-16,-3.0982389552966242e-16,-2.144459260597922e-15,2.2742884264897776e-15,No,0,NW
2006.0833333333335,3.9535938024832187e-16,-1.1994709773384972e-16,-2.7541228251447215e-16,-2.144459260597922e-15,2.2742884264897776e-15,No,0,NW
2006.1666666666667,4.2879063092555304e-16,-1.2025186392598024e-16,-3.085387669995728e-16,-2.144459260597922e-15,2.2742884264897776e-15,No,0,NW
2006.25,3.9539118581306014e-16,-1.1965055013140897e-16,-2.7574063568165116e-16,-2.144459260597922e-15,2.2742884264897776e-15,No,0,NW
2006.3333333333335,-6.064328009904216e-18,-1.1904923633683773e-16,19,-2.144459260597922e-15,2.2742884264897776e-15,No,19,NW
2006.4166666666667,1.0621634422600154e-17,-1.184479225422665e-16,19,-2.144459260597922e-15,2.2742884264897776e-15,No,19,NW
2006.5,-7.242261887842914e-16,-1.1784660874769522e-16,33,-2.144459260597922e-15,2.2742884264897776e-15,No,33,NW
2006.5833333333335,-8.546360192106675e-16,-1.1724529495312395e-16,9.718813141637914e-16,-2.144459260597922e-15,2.2742884264897776e-15,No,-9.860761315262648e-32,NW
2006.6666666666667,-3.107422712982402e-16,-1.166439811585527e-16,3.0000000000000004,-2.144459260597922e-15,2.2742884264897776e-15,No,3,NW
2006.75,-3.353111420524745e-16,-1.1604266736398147e-16,40,-2.144459260597922e-15,2.2742884264897776e-15,No,40,NW
2006.8333333333335,3.560848916813221e-16,-1.154413535694102e-16,0.9999999999999998,-2.144459260597922e-15,2.2742884264897776e-15,No,1,NW
2006.9166666666667,2.152658745423048e-16,-1.1484003977483893e-16,13,-2.144459260597922e-15,2.2742884264897776e-15,No,13,NW
2007,4.294662270713816e-16,-1.142387259802677e-16,17,-2.144459260597922e-15,2.2742884264897776e-15,Yes,17,NW
2007.0833333333335,3.9535938024832187e-16,-1.1363741218569645e-16,3.9999999999999996,-2.144459260597922e-15,2.2742884264897776e-15,No,4,NW
2007.1666666666667,4.2879063092555304e-16,-1.1303609839112518e-16,19,-2.144459260597922e-15,2.2742884264897776e-15,No,19,NW
2007.25,3.9539118581306014e-16,-1.1243478459655391e-16,-2.829564012165062e-16,-2.144459260597922e-15,2.2742884264897776e-15,No,0,NW
2007.3333333333335,-6.064328009904216e-18,-1.1183347080198267e-16,1.1789779881188688e-16,-2.144459260597922e-15,2.2742884264897776e-15,No,-4.622231866529366e-33,NW
2007.4166666666667,1.0621634422600154e-17,-1.1074398499530372e-16,1.0012235057270357e-16,-2.144459260597922e-15,2.2742884264897776e-15,No,1.5407439555097887e-33,NW
2007.5,-7.242261887842914e-16,-1.0965449918862478e-16,4.000000000000001,-2.144459260597922e-15,2.2742884264897776e-15,No,4,NW
2007.5833333333335,-8.546360192106675e-16,-1.0856501338194583e-16,3.000000000000001,-2.144459260597922e-15,2.2742884264897776e-15,No,3,NW
2007.6666666666667,-3.107422712982402e-16,-1.0747552757526689e-16,4.182177988735071e-16,-2.144459260597922e-15,2.2742884264897776e-15,No,0,NW
2007.75,-3.353111420524745e-16,-1.0638604176858794e-16,4.4169718382106244e-16,-2.144459260597922e-15,2.2742884264897776e-15,No,0,NW
2007.8333333333335,3.560848916813221e-16,-1.0529655596190899e-16,-2.507883357194131e-16,-2.144459260597922e-15,2.2742884264897776e-15,No,0,NW
2007.9166666666667,2.152658745423048e-16,-1.0420707015523006e-16,-1.1105880438707474e-16,-2.144459260597922e-15,2.2742884264897776e-15,No,0,NW
2008,4.294662270713816e-16,-1.0311758434855111e-16,1.9999999999999996,-2.144459260597922e-15,2.2742884264897776e-15,No,2,NW
2008.0833333333335,3.9535938024832187e-16,-1.0202809854187217e-16,55,-2.144459260597922e-15,2.2742884264897776e-15,Yes,55,NW
2008.1666666666667,4.2879063092555304e-16,-1.0093861273519322e-16,-3.278520181903598e-16,-2.144459260597922e-15,2.2742884264897776e-15,No,0,NW
2008.25,3.9539118581306014e-16,-9.984912692851427e-17,2.9999999999999996,-2.144459260597922e-15,2.2742884264897776e-15,No,3,NW
2008.3333333333335,-6.064328009904216e-18,-9.875964112183533e-17,1.0482396913173954e-16,-2.144459260597922e-15,2.2742884264897776e-15,No,-4.622231866529366e-33,NW
2008.4166666666667,1.0621634422600154e-17,-9.767015531515638e-17,8.704852089255623e-17,-2.144459260597922e-15,2.2742884264897776e-15,No,1.5407439555097887e-33,NW
2008.5,-7.242261887842914e-16,-9.658066950847743e-17,8,-2.144459260597922e-15,2.2742884264897776e-15,No,7.999999999999999,NW
2008.5833333333335,-8.546360192106675e-16,-9.638650600909046e-17,9.510225252197579e-16,-2.144459260597922e-15,2.2742884264897776e-15,No,-9.860761315262648e-32,NW
2008.6666666666667,-3.107422712982402e-16,-9.619234250970348e-17,2.0000000000000004,-2.144459260597922e-15,2.2742884264897776e-15,No,2,NW
2008.75,-3.353111420524745e-16,-9.599817901031651e-17,4.31309321062791e-16,-2.144459260597922e-15,2.2742884264897776e-15,No,0,NW
2008.8333333333335,3.560848916813221e-16,-9.580401551092953e-17,-2.6028087617039255e-16,-2.144459260597922e-15,2.2742884264897776e-15,No,0,NW
2008.9166666666667,2.152658745423048e-16,-9.560985201154256e-17,-1.1965602253076225e-16,-2.144459260597922e-15,2.2742884264897776e-15,No,-2.465190328815662e-32,NW
2009,4.294662270713816e-16,-9.541568851215558e-17,-3.34050538559226e-16,-2.144459260597922e-15,2.2742884264897776e-15,No,0,NW
2009.0833333333335,3.9535938024832187e-16,-9.522152501276861e-17,-3.0013785523555325e-16,-2.144459260597922e-15,2.2742884264897776e-15,No,0,NW
2009.1666666666667,4.2879063092555304e-16,-9.502736151338163e-17,-3.337632694121714e-16,-2.144459260597922e-15,2.2742884264897776e-15,No,0,NW
2009.25,3.9539118581306014e-16,-9.483319801399466e-17,-3.0055798779906547e-16,-2.144459260597922e-15,2.2742884264897776e-15,No,0,NW
2009.3333333333335,-6.064328009904216e-18,-9.463903451460768e-17,1.0070336252451189e-16,-2.144459260597922e-15,2.2742884264897776e-15,No,-4.622231866529366e-33,NW
2009.4166666666667,1.0621634422600154e-17,-9.444487101522071e-17,31,-2.144459260597922e-15,2.2742884264897776e-15,No,31,NW
2009.5,-7.242261887842914e-16,-9.425070751583373e-17,2.000000000000001,-2.144459260597922e-15,2.2742884264897776e-15,No,2,NW
2009.5833333333335,-8.546360192106675e-16,-9.405654401644676e-17,9.486925632271142e-16,-2.144459260597922e-15,2.2742884264897776e-15,No,-9.860761315262648e-32,NW
2009.6666666666667,-3.107422712982402e-16,-9.386238051705978e-17,4.046046518153e-16,-2.144459260597922e-15,2.2742884264897776e-15,No,0,NW
2009.75,-3.353111420524745e-16,-9.50075380889488e-17,47,-2.144459260597922e-15,2.2742884264897776e-15,Yes,47,NW
2009.8333333333335,3.560848916813221e-16,-9.61526956608378e-17,2.9999999999999996,-2.144459260597922e-15,2.2742884264897776e-15,No,3,NW
2009.9166666666667,2.152658745423048e-16,-9.729785323272681e-17,0.9999999999999999,-2.144459260597922e-15,2.2742884264897776e-15,No,1,NW
2010,4.294662270713816e-16,-9.844301080461583e-17,-3.3102321626676577e-16,-2.144459260597922e-15,2.2742884264897776e-15,No,0,NW
2010.0833333333335,3.9535938024832187e-16,-9.958816837650485e-17,-2.95771211871817e-16,-2.144459260597922e-15,2.2742884264897776e-15,No,0,NW
2010.1666666666667,4.2879063092555304e-16,-1.0073332594839385e-16,-3.2805730497715917e-16,-2.144459260597922e-15,2.2742884264897776e-15,No,0,NW
2010.25,3.9539118581306014e-16,-1.0187848352028286e-16,32,-2.144459260597922e-15,2.2742884264897776e-15,Yes,32,NW
2010.3333333333335,-6.064328009904216e-18,-1.0302364109217188e-16,5,-2.144459260597922e-15,2.2742884264897776e-15,No,5,NW
2010.4166666666667,1.0621634422600154e-17,-1.041687986640609e-16,5,-2.144459260597922e-15,2.2742884264897776e-15,No,5,NW
2010.5,-7.242261887842914e-16,-1.053139562359499e-16,8.295401450202413e-16,-2.144459260597922e-15,2.2742884264897776e-15,No,0,NW
2010.5833333333335,-8.546360192106675e-16,-1.0645911380783891e-16,12,-2.144459260597922e-15,2.2742884264897776e-15,No,12,NW
2010.6666666666667,-3.107422712982402e-16,-1.0760427137972793e-16,4,-2.144459260597922e-15,2.2742884264897776e-15,No,3.9999999999999996,NW
2010.75,-3.353111420524745e-16,-1.0874942895161694e-16,4.440605710040914e-16,-2.144459260597922e-15,2.2742884264897776e-15,No,0,NW
2010.8333333333335,3.560848916813221e-16,-1.0989458652350595e-16,-2.4619030515781617e-16,-2.144459260597922e-15,2.2742884264897776e-15,No,0,NW
2010.9166666666667,2.152658745423048e-16,-1.1134763072023677e-16,-1.0391824382206803e-16,-2.144459260597922e-15,2.2742884264897776e-15,No,0,NW
2011,4.294662270713816e-16,-1.128006749169676e-16,11,-2.144459260597922e-15,2.2742884264897776e-15,No,11,NW
2011.0833333333335,3.9535938024832187e-16,-1.142537191136984e-16,9,-2.144459260597922e-15,2.2742884264897776e-15,No,9,NW
2011.1666666666667,4.2879063092555304e-16,-1.1570676331042923e-16,-3.1308386761512384e-16,-2.144459260597922e-15,2.2742884264897776e-15,No,0,NW
2011.25,3.9539118581306014e-16,-1.1715980750716005e-16,53,-2.144459260597922e-15,2.2742884264897776e-15,Yes,53,NW
2011.3333333333335,-6.064328009904216e-18,-1.1861285170389087e-16,1.0000000000000002,-2.144459260597922e-15,2.2742884264897776e-15,No,1,NW
2011.4166666666667,1.0621634422600154e-17,-1.2006589590062169e-16,1.0944426147802153e-16,-2.144459260597922e-15,2.2742884264897776e-15,No,1.5407439555097887e-33,NW
2011.5,-7.242261887842914e-16,-1.2151894009735253e-16,8.45745128881644e-16,-2.144459260597922e-15,2.2742884264897776e-15,No,0,NW
2011.5833333333335,-8.546360192106675e-16,-1.2297198429408335e-16,9.77608003504751e-16,-2.144459260597922e-15,2.2742884264897776e-15,No,9.860761315262648e-32,NW
2011.6666666666667,-3.107422712982402e-16,-1.2442502849081417e-16,2.0000000000000004,-2.144459260597922e-15,2.2742884264897776e-15,No,2,NW
2011.75,-3.353111420524745e-16,-1.25878072687545e-16,14,-2.144459260597922e-15,2.2742884264897776e-15,No,14,NW
2011.8333333333335,3.560848916813221e-16,-1.273311168842758e-16,-2.287537747970463e-16,-2.144459260597922e-15,2.2742884264897776e-15,No,0,NW
2011.9166666666667,2.152658745423048e-16,-1.2878416108100663e-16,-8.648171346129817e-17,-2.144459260597922e-15,2.2742884264897776e-15,No,0,NW
2012,4.294662270713816e-16,-1.3023720527773745e-16,-2.9922902179364415e-16,-2.144459260597922e-15,2.2742884264897776e-15,No,0,NW
2012.0833333333335,3.9535938024832187e-16,-1.2992803916247346e-16,-2.654313410858484e-16,-2.144459260597922e-15,2.2742884264897776e-15,No,0,NW
2012.1666666666667,4.2879063092555304e-16,-1.2961887304720947e-16,3.9999999999999996,-2.144459260597922e-15,2.2742884264897776e-15,No,4,NW
2012.25,3.9539118581306014e-16,-1.2930970693194548e-16,-2.6608147888111465e-16,-2.144459260597922e-15,2.2742884264897776e-15,No,0,NW
2012.3333333333335,-6.064328009904216e-18,-1.290005408166815e-16,14,-2.144459260597922e-15,2.2742884264897776e-15,No,14,NW
2012.4166666666667,1.0621634422600154e-17,-1.286913747014175e-16,7,-2.144459260597922e-15,2.2742884264897776e-15,No,7,NW
2012.5,-7.242261887842914e-16,-1.2838220858615352e-16,8.526083973704449e-16,-2.144459260597922e-15,2.2742884264897776e-15,No,0,NW
2012.5833333333335,-8.546360192106675e-16,-1.2807304247088955e-16,31,-2.144459260597922e-15,2.2742884264897776e-15,No,31,NW
2012.6666666666667,-3.107422712982402e-16,-1.2776387635562556e-16,13,-2.144459260597922e-15,2.2742884264897776e-15,No,13,NW
2012.75,-3.353111420524745e-16,-1.2745471024036157e-16,7,-2.144459260597922e-15,2.2742884264897776e-15,No,7,NW
2012.8333333333335,3.560848916813221e-16,-1.2714554412509759e-16,-2.2893934755622453e-16,-2.144459260597922e-15,2.2742884264897776e-15,No,0,NW
2012.9166666666667,2.152658745423048e-16,-1.268363780098336e-16,-8.84294965324712e-17,-2.144459260597922e-15,2.2742884264897776e-15,No,0,NW
2013,4.294662270713816e-16,-1.265272118945696e-16,-3.0293901517681196e-16,-2.144459260597922e-15,2.2742884264897776e-15,No,4.930380657631324e-32,NW
2013.0833333333335,3.9535938024832187e-16,-1.2621804577930562e-16,-2.6914133446901627e-16,-2.144459260597922e-15,2.2742884264897776e-15,No,0,NW
2013.1666666666667,4.2879063092555304e-16,-1.2590887966404163e-16,-3.0288175126151144e-16,-2.144459260597922e-15,2.2742884264897776e-15,No,0,NW
2013.25,3.9539118581306014e-16,-1.2489440435430082e-16,-2.704967814587593e-16,-2.144459260597922e-15,2.2742884264897776e-15,No,0,NW
2013.3333333333335,-6.064328009904216e-18,-1.2387992904456001e-16,1.2994425705446422e-16,-2.144459260597922e-15,2.2742884264897776e-15,No,-4.622231866529366e-33,NW
2013.4166666666667,1.0621634422600154e-17,-1.228654537348192e-16,1.1224381931221905e-16,-2.144459260597922e-15,2.2742884264897776e-15,No,1.5407439555097887e-33,NW
2013.5,-7.242261887842914e-16,-1.2185097842507842e-16,26,-2.144459260597922e-15,2.2742884264897776e-15,Yes,26,NW
2013.5833333333335,-8.546360192106675e-16,-1.208365031153376e-16,1.000000000000001,-2.144459260597922e-15,2.2742884264897776e-15,No,1,NW
2013.6666666666667,-3.107422712982402e-16,-1.198220278055968e-16,4.30564299103837e-16,-2.144459260597922e-15,2.2742884264897776e-15,No,0,NW
2013.75,-3.353111420524745e-16,-1.18807552495856e-16,18,-2.144459260597922e-15,2.2742884264897776e-15,No,18,NW
2013.8333333333335,3.560848916813221e-16,-1.1779307718611518e-16,6,-2.144459260597922e-15,2.2742884264897776e-15,No,6,NW
2013.9166666666667,2.152658745423048e-16,-1.1677860187637437e-16,-9.848727266593043e-17,-2.144459260597922e-15,2.2742884264897776e-15,No,0,NW
2014,4.294662270713816e-16,-1.1576412656663356e-16,-3.1370210050474803e-16,-2.144459260597922e-15,2.2742884264897776e-15,No,0,NW
2014.0833333333335,3.9535938024832187e-16,-1.1474965125689278e-16,-2.806097289914291e-16,-2.144459260597922e-15,2.2742884264897776e-15,No,0,NW
2014.1666666666667,4.2879063092555304e-16,-1.1373517594715197e-16,-3.1505545497840105e-16,-2.144459260597922e-15,2.2742884264897776e-15,No,0,NW
2014.25,3.9539118581306014e-16,-1.1272070063741116e-16,7,-2.144459260597922e-15,2.2742884264897776e-15,No,7,NW
2014.3333333333335,-6.064328009904216e-18,-1.1170622532767035e-16,7,-2.144459260597922e-15,2.2742884264897776e-15,No,7,NW
2014.4166666666667,1.0621634422600154e-17,-1.1089301213715962e-16,20,-2.144459260597922e-15,2.2742884264897776e-15,No,20,NW
2014.5,-7.242261887842914e-16,-1.1007979894664888e-16,8.343059877309403e-16,-2.144459260597922e-15,2.2742884264897776e-15,No,0,NW
2014.5833333333335,-8.546360192106675e-16,-1.0926658575613815e-16,20,-2.144459260597922e-15,2.2742884264897776e-15,No,20,NW
2014.6666666666667,-3.107422712982402e-16,-1.0845337256562741e-16,30,-2.144459260597922e-15,2.2742884264897776e-15,No,30,NW
2014.75,-3.353111420524745e-16,-1.0764015937511668e-16,10,-2.144459260597922e-15,2.2742884264897776e-15,No,10,NW
2014.8333333333335,3.560848916813221e-16,-1.0682694618460594e-16,9,-2.144459260597922e-15,2.2742884264897776e-15,No,9,NW
2014.9166666666667,2.152658745423048e-16,-1.0601373299409522e-16,-1.0925214154820958e-16,-2.144459260597922e-15,2.2742884264897776e-15,No,0,NW
2015,4.294662270713816e-16,-1.0520051980358449e-16,-3.242657072677971e-16,-2.144459260597922e-15,2.2742884264897776e-15,No,0,NW
2015.0833333333335,3.9535938024832187e-16,-1.0438730661307375e-16,-2.9097207363524815e-16,-2.144459260597922e-15,2.2742884264897776e-15,No,0,NW
2015.1666666666667,4.2879063092555304e-16,-1.0357409342256302e-16,-3.2521653750299e-16,-2.144459260597922e-15,2.2742884264897776e-15,No,0,NW
2015.25,3.9539118581306014e-16,-1.0276088023205228e-16,-2.9263030558100787e-16,-2.144459260597922e-15,2.2742884264897776e-15,No,0,NW
2015.3333333333335,-6.064328009904216e-18,-1.0194766704154155e-16,1.0801199505144576e-16,-2.144459260597922e-15,2.2742884264897776e-15,No,-4.622231866529366e-33,NW
2015.4166666666667,1.0621634422600154e-17,-1.0113445385103081e-16,2,-2.144459260597922e-15,2.2742884264897776e-15,No,2,NW
2015.5,-7.242261887842914e-16,-1.0032124066052008e-16,13,-2.144459260597922e-15,2.2742884264897776e-15,No,13,NW
2015.5833333333335,-8.546360192106675e-16,-9.883886990573282e-17,3.000000000000001,-2.144459260597922e-15,2.2742884264897776e-15,No,3,NW
2015.6666666666667,-3.107422712982402e-16,-9.735649915094558e-17,4.0809877044918577e-16,-2.144459260597922e-15,2.2742884264897776e-15,No,0,NW
2015.75,-3.353111420524745e-16,-9.587412839615833e-17,2.0000000000000004,-2.144459260597922e-15,2.2742884264897776e-15,No,2,NW
2015.8333333333335,3.560848916813221e-16,-9.439175764137107e-17,31,-2.144459260597922e-15,2.2742884264897776e-15,No,31,NW
2015.9166666666667,2.152658745423048e-16,-9.290938688658381e-17,32,-2.144459260597922e-15,2.2742884264897776e-15,No,32,NW
2016,4.294662270713816e-16,-9.142701613179656e-17,26,-2.144459260597922e-15,2.2742884264897776e-15,No,26,NW
2016.0833333333335,3.9535938024832187e-16,-8.994464537700931e-17,23,-2.144459260597922e-15,2.2742884264897776e-15,No,23,NW
2016.1666666666667,4.2879063092555304e-16,-8.846227462222205e-17,-3.40328356303331e-16,-2.144459260597922e-15,2.2742884264897776e-15,No,0,NW
2016.25,3.9539118581306014e-16,-8.697990386743479e-17,-3.084112819456253e-16,-2.144459260597922e-15,2.2742884264897776e-15,No,4.930380657631324e-32,NW
2016.3333333333335,-6.064328009904216e-18,-8.549753311264754e-17,9.156186112255176e-17,-2.144459260597922e-15,2.2742884264897776e-15,No,-4.622231866529366e-33,NW
2016.4166666666667,1.0621634422600154e-17,-8.40151623578603e-17,31,-2.144459260597922e-15,2.2742884264897776e-15,No,31,NW
2016.5,-7.242261887842914e-16,-8.253279160307304e-17,8.067589803873644e-16,-2.144459260597922e-15,2.2742884264897776e-15,No,0,NW
2016.5833333333335,-8.546360192106675e-16,-8.105042084828578e-17,9.356864400589532e-16,-2.144459260597922e-15,2.2742884264897776e-15,No,0,NW
2016.6666666666667,-3.107422712982402e-16,-7.956805009349853e-17,3.9031032139173875e-16,-2.144459260597922e-15,2.2742884264897776e-15,No,0,NW
2016.75,-3.353111420524745e-16,-7.788363725177156e-17,4.13194779304246e-16,-2.144459260597922e-15,2.2742884264897776e-15,No,0,NW
2016.8333333333335,3.560848916813221e-16,-7.619922441004458e-17,-2.798856672712775e-16,-2.144459260597922e-15,2.2742884264897776e-15,No,0,NW
2016.9166666666667,2.152658745423048e-16,-7.45148115683176e-17,0.9999999999999999,-2.144459260597922e-15,2.2742884264897776e-15,No,1,NW
2017,4.294662270713816e-16,-7.283039872659063e-17,-3.5663582834479097e-16,-2.144459260597922e-15,2.2742884264897776e-15,No,0,NW
2017.0833333333335,3.9535938024832187e-16,-7.114598588486367e-17,-3.242133943634582e-16,-2.144459260597922e-15,2.2742884264897776e-15,No,0,NW
2017.1666666666667,4.2879063092555304e-16,-6.946157304313669e-17,1.9999999999999996,-2.144459260597922e-15,2.2742884264897776e-15,No,2,NW
2017.25,3.9539118581306014e-16,-6.77771602014097e-17,14,-2.144459260597922e-15,2.2742884264897776e-15,No,14,NW
2017.3333333333335,-6.064328009904216e-18,-6.609274735968274e-17,17,-2.144459260597922e-15,2.2742884264897776e-15,No,17,NW
2017.4166666666667,1.0621634422600154e-17,-6.440833451795577e-17,7,-2.144459260597922e-15,2.2742884264897776e-15,No,7,NW
2017.5,-7.242261887842914e-16,-6.272392167622879e-17,7.869501104605202e-16,-2.144459260597922e-15,2.2742884264897776e-15,No,0,NW
2017.5833333333335,-8.546360192106675e-16,-6.103950883450181e-17,9.156755280451693e-16,-2.144459260597922e-15,2.2742884264897776e-15,No,0,NW
2017.6666666666667,-3.107422712982402e-16,-5.935509599277484e-17,3.7009736729101504e-16,-2.144459260597922e-15,2.2742884264897776e-15,No,0,NW
2017.75,-3.353111420524745e-16,-5.767068315104788e-17,3.9298182520352236e-16,-2.144459260597922e-15,2.2742884264897776e-15,No,0,NW
2017.8333333333335,3.560848916813221e-16,-5.59862703093209e-17,-3.000986213720012e-16,-2.144459260597922e-15,2.2742884264897776e-15,No,0,NW
2017.9166666666667,2.152658745423048e-16,-5.598721243593051e-17,-1.5927866210637428e-16,-2.144459260597922e-15,2.2742884264897776e-15,No,2.465190328815662e-32,NW
2018,4.294662270713816e-16,-5.598815456254012e-17,-3.7347807250884146e-16,-2.144459260597922e-15,2.2742884264897776e-15,No,0,NW
2018.0833333333335,3.9535938024832187e-16,-5.598909668914973e-17,-3.3937028355917216e-16,-2.144459260597922e-15,2.2742884264897776e-15,No,0,NW
2018.1666666666667,4.2879063092555304e-16,-5.599003881575934e-17,-3.728005921097937e-16,-2.144459260597922e-15,2.2742884264897776e-15,No,0,NW
2018.25,3.9539118581306014e-16,-5.599098094236896e-17,-3.3940020487069117e-16,-2.144459260597922e-15,2.2742884264897776e-15,No,0,NW
2018.3333333333335,-6.064328009904216e-18,-5.599192306897856e-17,6.205625107888277e-17,-2.144459260597922e-15,2.2742884264897776e-15,No,-4.622231866529366e-33,NW
2018.4166666666667,1.0621634422600154e-17,-5.599286519558818e-17,4.5371230772988024e-17,-2.144459260597922e-15,2.2742884264897776e-15,No,1.5407439555097887e-33,NW
2018.5,-7.242261887842914e-16,-5.599380732219779e-17,15,-2.144459260597922e-15,2.2742884264897776e-15,No,15,NW
2018.5833333333335,-8.546360192106675e-16,-5.59947494488074e-17,9.106307686594749e-16,-2.144459260597922e-15,2.2742884264897776e-15,No,0,NW
2018.6666666666667,-3.107422712982402e-16,-5.599569157541702e-17,3.667379628736572e-16,-2.144459260597922e-15,2.2742884264897776e-15,No,0,NW
2018.75,-3.353111420524745e-16,-5.599663370202662e-17,3.9130777575450113e-16,-2.144459260597922e-15,2.2742884264897776e-15,No,0,NW
2018.8333333333335,3.560848916813221e-16,-5.599757582863624e-17,-3.0008731585268587e-16,-2.144459260597922e-15,2.2742884264897776e-15,No,0,NW
2018.9166666666667,2.152658745423048e-16,-5.599851795524584e-17,-1.5926735658705897e-16,-2.144459260597922e-15,2.2742884264897776e-15,No,-2.465190328815662e-32,NW
2019,4.294662270713816e-16,-5.599946008185546e-17,-3.7346676698952616e-16,-2.144459260597922e-15,2.2742884264897776e-15,No,-4.930380657631324e-32,NW
2019.0833333333335,3.9535938024832187e-16,-5.612642757523425e-17,-3.392329526730876e-16,-2.144459260597922e-15,2.2742884264897776e-15,No,0,NW
2019.1666666666667,4.2879063092555304e-16,-5.625339506861303e-17,-3.7253723585694004e-16,-2.144459260597922e-15,2.2742884264897776e-15,No,0,NW
2019.25,3.9539118581306014e-16,-5.638036256199182e-17,-3.390108232510683e-16,-2.144459260597922e-15,2.2742884264897776e-15,No,0,NW
2019.3333333333335,-6.064328009904216e-18,-5.650733005537061e-17,6.257165806527482e-17,-2.144459260597922e-15,2.2742884264897776e-15,No,-4.622231866529366e-33,NW
2019.4166666666667,1.0621634422600154e-17,-5.66342975487494e-17,4.6012663126149243e-17,-2.144459260597922e-15,2.2742884264897776e-15,No,1.5407439555097887e-33,NW
2019.5,-7.242261887842914e-16,-5.676126504212818e-17,8,-2.144459260597922e-15,2.2742884264897776e-15,No,7.999999999999999,NW
2019.5833333333335,-8.546360192106675e-16,-5.688823253550697e-17,9.115242517461745e-16,-2.144459260597922e-15,2.2742884264897776e-15,No,0,NW
2019.6666666666667,-3.107422712982402e-16,-5.701520002888576e-17,3.67757471327126e-16,-2.144459260597922e-15,2.2742884264897776e-15,No,0,NW
2019.75,-3.353111420524745e-16,-5.714216752226455e-17,3.9245330957473903e-16,-2.144459260597922e-15,2.2742884264897776e-15,No,0,NW
2019.8333333333335,3.560848916813221e-16,-5.726913501564333e-17,-2.988157566656788e-16,-2.144459260597922e-15,2.2742884264897776e-15,No,0,NW
2019.9166666666667,2.152658745423048e-16,-5.739610250902212e-17,-1.5786977203328268e-16,-2.144459260597922e-15,2.2742884264897776e-15,No,0,NW
2020,4.294662270713816e-16,-5.752307000240091e-17,-3.719431570689807e-16,-2.144459260597922e-15,2.2742884264897776e-15,No,-4.930380657631324e-32,NW
2020.0833333333335,3.9535938024832187e-16,-5.76500374957797e-17,12,-2.144459260597922e-15,2.2742884264897776e-15,No,12,NW
2020.1666666666667,4.2879063092555304e-16,-5.777700498915848e-17,5,-2.144459260597922e-15,2.2742884264897776e-15,No,5,NW
2020.25,3.9539118581306014e-16,-5.187245321122605e-17,-3.435187326018341e-16,-2.144459260597922e-15,2.2742884264897776e-15,No,0,NW
2020.3333333333335,-6.064328009904216e-18,-4.596790143329361e-17,43,-2.144459260597922e-15,2.2742884264897776e-15,Yes,43,NW
2020.4166666666667,1.0621634422600154e-17,-4.0063349655361183e-17,2.944171523276103e-17,-2.144459260597922e-15,2.2742884264897776e-15,No,1.5407439555097887e-33,NW
2020.5,-7.242261887842914e-16,-3.415879787742875e-17,7.583849866617202e-16,-2.144459260597922e-15,2.2742884264897776e-15,No,0,NW
2020.5833333333335,-8.546360192106675e-16,-2.825424609949631e-17,17,-2.144459260597922e-15,2.2742884264897776e-15,No,17,NW
2020.6666666666667,-3.107422712982402e-16,-2.234969432156388e-17,1.0000000000000002,-2.144459260597922e-15,2.2742884264897776e-15,No,0.9999999999999999,NW
2020.75,-3.353111420524745e-16,-1.6445142543631447e-17,3.5175628459610593e-16,-2.144459260597922e-15,2.2742884264897776e-15,No,0,NW
2020.8333333333335,3.560848916813221e-16,-1.0540590765699012e-17,-3.4554430091562307e-16,-2.144459260597922e-15,2.2742884264897776e-15,No,0,NW
2020.9166666666667,2.152658745423048e-16,-4.636038987766578e-18,1.9999999999999998,-2.144459260597922e-15,2.2742884264897776e-15,No,2,NW
2021,4.294662270713816e-16,1.2685127901658562e-18,-4.3073473986154745e-16,-2.144459260597922e-15,2.2742884264897776e-15,No,0,NW
2021.0833333333335,3.9535938024832187e-16,7.17306456809829e-18,-4.0253244481642014e-16,-2.144459260597922e-15,2.2742884264897776e-15,No,0,NW
2021.1666666666667,4.2879063092555304e-16,1.3077616346030724e-17,-4.418682472715838e-16,-2.144459260597922e-15,2.2742884264897776e-15,No,0,NW
2021.25,3.9539118581306014e-16,1.898216812396316e-17,46,-2.144459260597922e-15,2.2742884264897776e-15,No,46,NW
2021.3333333333335,-6.064328009904216e-18,2.4886719901895586e-17,4,-2.144459260597922e-15,2.2742884264897776e-15,No,4,NW
2021.4166666666667,1.0621634422600154e-17,3.073766994686686e-17,-4.1359304369467013e-17,-2.144459260597922e-15,2.2742884264897776e-15,No,1.5407439555097887e-33,NW
2021.5,-7.242261887842914e-16,3.658861999183813e-17,6.876375687924533e-16,-2.144459260597922e-15,2.2742884264897776e-15,No,0,NW
2021.5833333333335,-8.546360192106675e-16,4.2439570036809405e-17,1.0000000000000009,-2.144459260597922e-15,2.2742884264897776e-15,No,1,NW
2021.6666666666667,-3.107422712982402e-16,4.8290520081780677e-17,30,-2.144459260597922e-15,2.2742884264897776e-15,No,30,NW
2021.75,-3.353111420524745e-16,5.4141470126751955e-17,2.8116967192572252e-16,-2.144459260597922e-15,2.2742884264897776e-15,No,0,NW
2021.8333333333335,3.560848916813221e-16,5.999242017172323e-17,-4.1607731185304535e-16,-2.144459260597922e-15,2.2742884264897776e-15,No,0,NW
2021.9166666666667,2.152658745423048e-16,6.58433702166945e-17,-2.8110924475899933e-16,-2.144459260597922e-15,2.2742884264897776e-15,No,-2.465190328815662e-32,NW
2022,4.294662270713816e-16,7.169432026166578e-17,-5.011605473330474e-16,-2.144459260597922e-15,2.2742884264897776e-15,No,-4.930380657631324e-32,NW
2022.0833333333335,3.9535938024832187e-16,7.754527030663705e-17,-4.729046505549589e-16,-2.144459260597922e-15,2.2742884264897776e-15,No,0,NW
2022.1666666666667,4.2879063092555304e-16,8.339622035160832e-17,-5.121868512771614e-16,-2.144459260597922e-15,2.2742884264897776e-15,No,0,NW
2022.25,3.9539118581306014e-16,8.924717039657959e-17,-4.846383562096397e-16,-2.144459260597922e-15,2.2742884264897776e-15,No,0,NW
2022.3333333333335,-6.064328009904216e-18,9.509812044155087e-17,-8.903379243164665e-17,-2.144459260597922e-15,2.2742884264897776e-15,No,-4.622231866529366e-33,NW
2022.4166666666667,1.0621634422600154e-17,1.0094907048652214e-16,34,-2.144459260597922e-15,2.2742884264897776e-15,No,34,NW
2022.5,-7.242261887842914e-16,1.0680002053149342e-16,11,-2.144459260597922e-15,2.2742884264897776e-15,No,11,NW
2022.5833333333335,-8.546360192106675e-16,1.1231248082265296e-16,20,-2.144459260597922e-15,2.2742884264897776e-15,No,20,NW
2022.6666666666667,-3.107422712982402e-16,1.1782494111381252e-16,34,-2.144459260597922e-15,2.2742884264897776e-15,No,34,NW
2022.75,-3.353111420524745e-16,1.2333740140497204e-16,4,-2.144459260597922e-15,2.2742884264897776e-15,No,3.9999999999999996,NW
2022.8333333333335,3.560848916813221e-16,1.288498616961316e-16,27,-2.144459260597922e-15,2.2742884264897776e-15,Yes,27,NW
2022.9166666666667,2.152658745423048e-16,1.3436232198729112e-16,19,-2.144459260597922e-15,2.2742884264897776e-15,No,19,NW
2023,4.294662270713816e-16,1.3987478227845068e-16,10,-2.144459260597922e-15,2.2742884264897776e-15,No,10,NW
2023.0833333333335,3.9535938024832187e-16,1.4538724256961023e-16,7,-2.144459260597922e-15,2.2742884264897776e-15,No,7,NW
2023.1666666666667,4.2879063092555304e-16,1.5089970286076976e-16,32,-2.144459260597922e-15,2.2742884264897776e-15,No,32,NW
2023.25,3.9539118581306014e-16,1.564121631519293e-16,15,-2.144459260597922e-15,2.2742884264897776e-15,No,15,NW
2023.3333333333335,-6.064328009904216e-18,1.6192462344308884e-16,3,-2.144459260597922e-15,2.2742884264897776e-15,No,3,NW
2023.4166666666667,1.0621634422600154e-17,1.674370837342484e-16,28,-2.144459260597922e-15,2.2742884264897776e-15,No,28,NW
2023.5,-7.242261887842914e-16,1.7294954402540795e-16,6.000000000000001,-2.144459260597922e-15,2.2742884264897776e-15,No,6,NW
2023.5833333333335,-8.546360192106675e-16,1.7846200431656747e-16,6.761740148941e-16,-2.144459260597922e-15,2.2742884264897776e-15,No,0,NW
2023.6666666666667,-3.107422712982402e-16,1.8397446460772703e-16,37,-2.144459260597922e-15,2.2742884264897776e-15,Yes,37,NW
2023.75,-3.353111420524745e-16,1.8994042226334087e-16,1.453707197891336e-16,-2.144459260597922e-15,2.2742884264897776e-15,No,0,NW
2023.8333333333335,3.560848916813221e-16,1.9590637991895475e-16,7,-2.144459260597922e-15,2.2742884264897776e-15,No,7,NW
2023.9166666666667,2.152658745423048e-16,2.018723375745686e-16,18,-2.144459260597922e-15,2.2742884264897776e-15,No,18,NW
2024,4.294662270713816e-16,2.0783829523018244e-16,32,-2.144459260597922e-15,2.2742884264897776e-15,No,32,NW
2024.0833333333335,3.9535938024832187e-16,2.138042528857963e-16,1.9999999999999993,-2.144459260597922e-15,2.2742884264897776e-15,No,2,NW
2024.1666666666667,4.2879063092555304e-16,2.1977021054141016e-16,16,-2.144459260597922e-15,2.2742884264897776e-15,No,16,NW
2024.25,3.9539118581306014e-16,2.25736168197024e-16,18,-2.144459260597922e-15,2.2742884264897776e-15,No,18,NW
2024.3333333333335,-6.064328009904216e-18,2.3170212585263785e-16,-2.2563779784273364e-16,-2.144459260597922e-15,2.2742884264897776e-15,No,-4.622231866529366e-33,NW
2024.4166666666667,1.0621634422600154e-17,2.3766808350825173e-16,-2.482897179308519e-16,-2.144459260597922e-15,2.2742884264897776e-15,No,-2.311115933264683e-32,NW
2024.5,-7.242261887842914e-16,2.4363404116386555e-16,4.805921476204259e-16,-2.144459260597922e-15,2.2742884264897776e-15,No,0,NW
2024.5833333333335,-8.546360192106675e-16,2.495999988194794e-16,6.05036020391188e-16,-2.144459260597922e-15,2.2742884264897776e-15,No,0,NW
2024.6666666666667,-3.107422712982402e-16,2.555659564750933e-16,5.5176314823146915e-17,-2.144459260597922e-15,2.2742884264897776e-15,No,0,NW
2024.75,-3.353111420524745e-16,2.615319141307071e-16,15,-2.144459260597922e-15,2.2742884264897776e-15,No,15,NW
2024.8333333333335,3.560848916813221e-16,2.67497871786321e-16,32,-2.144459260597922e-15,2.2742884264897776e-15,No,32,NW
2024.9166666666667,2.152658745423048e-16,2.7401227153483645e-16,7,-2.144459260597922e-15,2.2742884264897776e-15,No,7,NW
2025,4.294662270713816e-16,2.805266712833519e-16,24,-2.144459260597922e-15,2.2742884264897776e-15,No,24,NW
2025.0833333333335,3.9535938024832187e-16,2.8704107103186737e-16,15,-2.144459260597922e-15,2.2742884264897776e-15,No,15,NW
2025.1666666666667,4.2879063092555304e-16,2.9355547078038283e-16,17,-2.144459260597922e-15,2.2742884264897776e-15,No,17,NW
2025.25,3.9539118581306014e-16,3.000698705288983e-16,25,-2.144459260597922e-15,2.2742884264897776e-15,No,25,NW
2025.3333333333335,-6.064328009904216e-18,3.0658427027741375e-16,32,-2.144459260597922e-15,2.2742884264897776e-15,No,32,NW
2025.4166666666667,1.0621634422600154e-17,3.130986700259292e-16,2.9999999999999996,-2.144459260597922e-15,2.2742884264897776e-15,No,3,NW
2025.5,-7.242261887842914e-16,3.1961306977444467e-16,4.0461311900984675e-16,-2.144459260597922e-15,2.2742884264897776e-15,No,0,NW
2025.5833333333335,-8.546360192106675e-16,3.2612746952296013e-16,5.285085496877074e-16,-2.144459260597922e-15,2.2742884264897776e-15,No,0,NW
2025.6666666666667,-3.107422712982402e-16,3.326418692714756e-16,-2.1899597973235384e-17,-2.144459260597922e-15,2.2742884264897776e-15,No,0,NW
2025.75,-3.353111420524745e-16,3.3915626901999105e-16,-3.845126967516565e-18,-2.144459260597922e-15,2.2742884264897776e-15,No,0,NW
2025.8333333333335,3.560848916813221e-16,3.456706687685065e-16,2.999999999999999,-2.144459260597922e-15,2.2742884264897776e-15,No,3,NW
2025.9166666666667,2.152658745423048e-16,3.5218506851702197e-16,-5.674509430593267e-16,-2.144459260597922e-15,2.2742884264897776e-15,No,2.465190328815662e-32,NW
1981.6666666666667,-2.0364142483139774e-17,1.3673535880869213e-18,1.8996788895052852e-17,-4.675792523073337e-17,4.646768062403418e-17,No,0,SW
1981.75,-1.0190958018711639e-17,1.3157660480280174e-18,8.875191970683622e-18,-4.675792523073337e-17,4.646768062403418e-17,No,0,SW
1981.8333333333335,1.213082732086881e-17,1.2641785079691138e-18,10,-4.675792523073337e-17,4.646768062403418e-17,Yes,10,SW
1981.9166666666667,4.286567922473369e-18,1.21259096791021e-18,-5.499158890383579e-18,-4.675792523073337e-17,4.646768062403418e-17,No,0,SW
1982,6.9151951806155785e-18,1.1610034278513063e-18,-8.076198608466885e-18,-4.675792523073337e-17,4.646768062403418e-17,No,0,SW
1982.0833333333335,-3.4139325471470784e-19,1.1094158877924024e-18,-7.6802263307769455e-19,-4.675792523073337e-17,4.646768062403418e-17,No,4.81482486096809e-35,SW
1982.1666666666667,1.7422447914931044e-18,1.0578283477334986e-18,-2.800073139226603e-18,-4.675792523073337e-17,4.646768062403418e-17,No,0,SW
1982.25,1.0820412340351603e-17,1.006240807674595e-18,-1.1826653148026198e-17,-4.675792523073337e-17,4.646768062403418e-17,No,0,SW
1982.3333333333335,1.814212562567835e-18,9.546532676156911e-19,-2.7688658301835265e-18,-4.675792523073337e-17,4.646768062403418e-17,No,-3.851859888774472e-34,SW
1982.4166666666667,3.864711984286148e-18,9.030657275567875e-19,-4.767777711842936e-18,-4.675792523073337e-17,4.646768062403418e-17,No,0,SW
1982.5,1.1287867065571838e-18,8.514781874978836e-19,-1.9802648940550675e-18,-4.675792523073337e-17,4.646768062403418e-17,No,0,SW
1982.5833333333335,-1.180646590809048e-17,7.998906474389799e-19,1.10065752606515e-17,-4.675792523073337e-17,4.646768062403418e-17,No,0,SW
1982.6666666666667,-2.0364142483139774e-17,7.483031073800761e-19,1.9615839375759697e-17,-4.675792523073337e-17,4.646768062403418e-17,No,0,SW
1982.75,-1.0190958018711639e-17,6.967155673211724e-19,9.494242451390466e-18,-4.675792523073337e-17,4.646768062403418e-17,No,0,SW
1982.8333333333335,1.213082732086881e-17,6.451280272622685e-19,-1.2775955348131079e-17,-4.675792523073337e-17,4.646768062403418e-17,No,0,SW
1982.9166666666667,4.286567922473369e-18,5.957226109633346e-19,-4.882290533436704e-18,-4.675792523073337e-17,4.646768062403418e-17,No,0,SW
1983,6.9151951806155785e-18,5.463171946644007e-19,-7.46151237527998e-18,-4.675792523073337e-17,4.646768062403418e-17,No,0,SW
1983.0833333333335,-3.4139325471470784e-19,4.969117783654667e-19,-1.555185236507589e-19,-4.675792523073337e-17,4.646768062403418e-17,No,0,SW
1983.1666666666667,1.7422447914931044e-18,4.475063620665328e-19,8,-4.675792523073337e-17,4.646768062403418e-17,Yes,8,SW
1983.25,1.0820412340351603e-17,3.9810094576759884e-19,-1.1218513286119202e-17,-4.675792523073337e-17,4.646768062403418e-17,No,0,SW
1983.3333333333335,1.814212562567835e-18,3.486955294686649e-19,-2.1629080920365002e-18,-4.675792523073337e-17,4.646768062403418e-17,No,0,SW
1983.4166666666667,3.864711984286148e-18,2.99290113169731e-19,-4.1640020974558794e-18,-4.675792523073337e-17,4.646768062403418e-17,No,0,SW
1983.5,1.1287867065571838e-18,2.4988469687079706e-19,5,-4.675792523073337e-17,4.646768062403418e-17,Yes,5,SW
1983.5833333333335,-1.180646590809048e-17,2.0047928057186313e-19,1.1605986627518617e-17,-4.675792523073337e-17,4.646768062403418e-17,No,0,SW
1983.6666666666667,-2.0364142483139774e-17,1.510738642729292e-19,2.0213068618866846e-17,-4.675792523073337e-17,4.646768062403418e-17,No,0,SW
1983.75,-1.0190958018711639e-17,1.0166844797399526e-19,1.0089289570737643e-17,-4.675792523073337e-17,4.646768062403418e-17,No,0,SW
1983.8333333333335,1.213082732086881e-17,5.226303167506133e-20,20,-4.675792523073337e-17,4.646768062403418e-17,Yes,20,SW
1983.9166666666667,4.286567922473369e-18,2.857615376127395e-21,-4.2894255378494965e-18,-4.675792523073337e-17,4.646768062403418e-17,No,0,SW
1984,6.9151951806155785e-18,-4.6547800922806586e-20,-6.868647379692772e-18,-4.675792523073337e-17,4.646768062403418e-17,No,0,SW
1984.0833333333335,-3.4139325471470784e-19,-9.263031414015044e-20,4.340235688548583e-19,-4.675792523073337e-17,4.646768062403418e-17,No,-4.81482486096809e-35,SW
1984.1666666666667,1.7422447914931044e-18,-1.387128273574943e-19,-1.60353196413561e-18,-4.675792523073337e-17,4.646768062403418e-17,No,0,SW
1984.25,1.0820412340351603e-17,-1.8479534057483814e-19,-1.0635616999776765e-17,-4.675792523073337e-17,4.646768062403418e-17,No,0,SW
1984.3333333333335,1.814212562567835e-18,-2.30877853792182e-19,-1.5833347087756531e-18,-4.675792523073337e-17,4.646768062403418e-17,No,0,SW
1984.4166666666667,3.864711984286148e-18,-2.7696036700952585e-19,-3.587751617276623e-18,-4.675792523073337e-17,4.646768062403418e-17,No,-7.703719777548943e-34,SW
1984.5,1.1287867065571838e-18,-3.2304288022686968e-19,-8.057438263303142e-19,-4.675792523073337e-17,4.646768062403418e-17,No,0,SW
1984.5833333333335,-1.180646590809048e-17,-3.6912539344421355e-19,1.2175591301534695e-17,-4.675792523073337e-17,4.646768062403418e-17,No,0,SW
1984.6666666666667,-2.0364142483139774e-17,-4.152079066615574e-19,2.0779350389801332e-17,-4.675792523073337e-17,4.646768062403418e-17,No,0,SW
1984.75,-1.0190958018711639e-17,-4.612904198789012e-19,1.065224843859054e-17,-4.675792523073337e-17,4.646768062403418e-17,No,0,SW
1984.8333333333335,1.213082732086881e-17,-5.073729330962452e-19,-1.1623454387772566e-17,-4.675792523073337e-17,4.646768062403418e-17,No,0,SW
1984.9166666666667,4.286567922473369e-18,-5.53455446313589e-19,-3.73311247615978e-18,-4.675792523073337e-17,4.646768062403418e-17,No,0,SW
1985,6.9151951806155785e-18,-5.995379595309328e-19,-6.3156572210846455e-18,-4.675792523073337e-17,4.646768062403418e-17,No,0,SW
1985.0833333333335,-3.4139325471470784e-19,-6.456204727482766e-19,9.870137274629845e-19,-4.675792523073337e-17,4.646768062403418e-17,No,4.81482486096809e-35,SW
1985.1666666666667,1.7422447914931044e-18,-6.917029859656204e-19,-1.050541805527484e-18,-4.675792523073337e-17,4.646768062403418e-17,No,0,SW
1985.25,1.0820412340351603e-17,-7.333514346652519e-19,-1.008706090568635e-17,-4.675792523073337e-17,4.646768062403418e-17,No,0,SW
1985.3333333333335,1.814212562567835e-18,-7.749998833648834e-19,-1.0392126792029518e-18,-4.675792523073337e-17,4.646768062403418e-17,No,0,SW
1985.4166666666667,3.864711984286148e-18,-8.166483320645149e-19,-3.0480636522216333e-18,-4.675792523073337e-17,4.646768062403418e-17,No,0,SW
1985.5,1.1287867065571838e-18,-8.582967807641464e-19,2,-4.675792523073337e-17,4.646768062403418e-17,No,2,SW
1985.5833333333335,-1.180646590809048e-17,-8.99945229463778e-19,1.2706411137554258e-17,-4.675792523073337e-17,4.646768062403418e-17,No,0,SW
1985.6666666666667,-2.0364142483139774e-17,-9.415936781634094e-19,2.1305736161303184e-17,-4.675792523073337e-17,4.646768062403418e-17,No,0,SW
1985.75,-1.0190958018711639e-17,-9.83242126863041e-19,1,-4.675792523073337e-17,4.646768062403418e-17,No,1,SW
1985.8333333333335,1.213082732086881e-17,-1.0248905755626725e-18,-1.1105936745306138e-17,-4.675792523073337e-17,4.646768062403418e-17,No,0,SW
1985.9166666666667,4.286567922473369e-18,-1.066539024262304e-18,-3.220028898211065e-18,-4.675792523073337e-17,4.646768062403418e-17,No,0,SW
1986,6.9151951806155785e-18,-1.1081874729619355e-18,-5.807007707653643e-18,-4.675792523073337e-17,4.646768062403418e-17,No,0,SW
1986.0833333333335,-3.4139325471470784e-19,-1.149835921661567e-18,1.4912291763762748e-18,-4.675792523073337e-17,4.646768062403418e-17,No,4.81482486096809e-35,SW
1986.1666666666667,1.7422447914931044e-18,-1.1914843703611985e-18,-5.50760421131906e-19,-4.675792523073337e-17,4.646768062403418e-17,No,0,SW
1986.25,1.0820412340351603e-17,-1.2331328190608299e-18,-9.587279521290773e-18,-4.675792523073337e-17,4.646768062403418e-17,No,0,SW
1986.3333333333335,1.814212562567835e-18,-1.2747812677604615e-18,-5.394312948073737e-19,-4.675792523073337e-17,4.646768062403418e-17,No,0,SW
1986.4166666666667,3.864711984286148e-18,-1.312165594176275e-18,-2.5525463901098733e-18,-4.675792523073337e-17,4.646768062403418e-17,No,0,SW
1986.5,1.1287867065571838e-18,-1.3495499205920885e-18,2.207632140349046e-19,-4.675792523073337e-17,4.646768062403418e-17,No,0,SW
1986.5833333333335,-1.180646590809048e-17,-1.386934247007902e-18,1.3193400155098383e-17,-4.675792523073337e-17,4.646768062403418e-17,No,0,SW
1986.6666666666667,-2.0364142483139774e-17,-1.4243185734237155e-18,2,-4.675792523073337e-17,4.646768062403418e-17,No,2,SW
1986.75,-1.0190958018711639e-17,-1.461702899839529e-18,1,-4.675792523073337e-17,4.646768062403418e-17,No,1,SW
1986.8333333333335,1.213082732086881e-17,-1.4990872262553425e-18,-1.0631740094613468e-17,-4.675792523073337e-17,4.646768062403418e-17,No,0,SW
1986.9166666666667,4.286567922473369e-18,-1.536471552671156e-18,-2.750096369802213e-18,-4.675792523073337e-17,4.646768062403418e-17,No,0,SW
1987,6.9151951806155785e-18,-1.5738558790869696e-18,-5.341339301528609e-18,-4.675792523073337e-17,4.646768062403418e-17,No,0,SW
1987.0833333333335,-3.4139325471470784e-19,-1.6112402055027831e-18,1.952633460217491e-18,-4.675792523073337e-17,4.646768062403418e-17,No,-1.4444474582904269e-34,SW
1987.1666666666667,1.7422447914931044e-18,-1.6486245319185966e-18,1,-4.675792523073337e-17,4.646768062403418e-17,No,1,SW
1987.25,1.0820412340351603e-17,-1.6860088583344101e-18,-9.134403482017193e-18,-4.675792523073337e-17,4.646768062403418e-17,No,0,SW
1987.3333333333335,1.814212562567835e-18,-1.7233931847502236e-18,1,-4.675792523073337e-17,4.646768062403418e-17,No,1,SW
1987.4166666666667,3.864711984286148e-18,-1.760777511166037e-18,-2.1039344731201114e-18,-4.675792523073337e-17,4.646768062403418e-17,No,0,SW
1987.5,1.1287867065571838e-18,-1.7981618375818506e-18,6.693751310246668e-19,-4.675792523073337e-17,4.646768062403418e-17,No,0,SW
1987.5833333333335,-1.180646590809048e-17,-1.8194696499346828e-18,8,-4.675792523073337e-17,4.646768062403418e-17,No,8,SW
1987.6666666666667,-2.0364142483139774e-17,-1.840777462287515e-18,13,-4.675792523073337e-17,4.646768062403418e-17,Yes,13,SW
1987.75,-1.0190958018711639e-17,-1.8620852746403475e-18,1.2053043293351986e-17,-4.675792523073337e-17,4.646768062403418e-17,No,0,SW
1987.8333333333335,1.213082732086881e-17,-1.8833930869931796e-18,-1.0247434233875631e-17,-4.675792523073337e-17,4.646768062403418e-17,No,0,SW
1987.9166666666667,4.286567922473369e-18,-1.9047008993460118e-18,-2.381867023127357e-18,-4.675792523073337e-17,4.646768062403418e-17,No,0,SW
1988,6.9151951806155785e-18,-1.926008711698844e-18,-4.989186468916735e-18,-4.675792523073337e-17,4.646768062403418e-17,No,0,SW
1988.0833333333335,-3.4139325471470784e-19,-1.947316524051676e-18,2.288709778766384e-18,-4.675792523073337e-17,4.646768062403418e-17,No,4.81482486096809e-35,SW
1988.1666666666667,1.7422447914931044e-18,-1.9686243364045087e-18,2.263795449114042e-19,-4.675792523073337e-17,4.646768062403418e-17,No,0,SW
1988.25,1.0820412340351603e-17,-1.989932148757341e-18,-8.830480191594263e-18,-4.675792523073337e-17,4.646768062403418e-17,No,0,SW
1988.3333333333335,1.814212562567835e-18,-2.011239961110173e-18,1.970273985423378e-19,-4.675792523073337e-17,4.646768062403418e-17,No,0,SW
1988.4166666666667,3.864711984286148e-18,-2.032547773463005e-18,-1.832164210823143e-18,-4.675792523073337e-17,4.646768062403418e-17,No,0,SW
1988.5,1.1287867065571838e-18,-2.0538555858158377e-18,9.250688792586538e-19,-4.675792523073337e-17,4.646768062403418e-17,No,0,SW
1988.5833333333335,-1.180646590809048e-17,-2.07516339816867e-18,1.388162930625915e-17,-4.675792523073337e-17,4.646768062403418e-17,No,0,SW
1988.6666666666667,-2.0364142483139774e-17,-2.096471210521502e-18,2.2460613693661276e-17,-4.675792523073337e-17,4.646768062403418e-17,No,0,SW
1988.75,-1.0190958018711639e-17,-2.0887117416937672e-18,1.2279669760405407e-17,-4.675792523073337e-17,4.646768062403418e-17,No,0,SW
1988.8333333333335,1.213082732086881e-17,-2.0809522728660325e-18,15,-4.675792523073337e-17,4.646768062403418e-17,Yes,15,SW
1988.9166666666667,4.286567922473369e-18,-2.0731928040382978e-18,-2.213375118435071e-18,-4.675792523073337e-17,4.646768062403418e-17,No,0,SW
1989,6.9151951806155785e-18,-2.065433335210563e-18,-4.849761845405015e-18,-4.675792523073337e-17,4.646768062403418e-17,No,0,SW
1989.0833333333335,-3.4139325471470784e-19,-2.0576738663828283e-18,3,-4.675792523073337e-17,4.646768062403418e-17,No,3,SW
1989.1666666666667,1.7422447914931044e-18,-2.0499143975550936e-18,3.076696060619891e-19,-4.675792523073337e-17,4.646768062403418e-17,No,0,SW
1989.25,1.0820412340351603e-17,-2.042154928727359e-18,-8.778257411624245e-18,-4.675792523073337e-17,4.646768062403418e-17,No,0,SW
1989.3333333333335,1.814212562567835e-18,-2.0343954598996237e-18,2,-4.675792523073337e-17,4.646768062403418e-17,No,2,SW
1989.4166666666667,3.864711984286148e-18,-2.026635991071889e-18,-1.8380759932142594e-18,-4.675792523073337e-17,4.646768062403418e-17,No,0,SW
1989.5,1.1287867065571838e-18,-2.0188765222441542e-18,15,-4.675792523073337e-17,4.646768062403418e-17,No,15,SW
1989.5833333333335,-1.180646590809048e-17,-2.0111170534164195e-18,5,-4.675792523073337e-17,4.646768062403418e-17,No,5,SW
1989.6666666666667,-2.0364142483139774e-17,-2.0033575845886847e-18,2.2367500067728458e-17,-4.675792523073337e-17,4.646768062403418e-17,No,0,SW
1989.75,-1.0190958018711639e-17,-1.99559811576095e-18,14,-4.675792523073337e-17,4.646768062403418e-17,Yes,14,SW
1989.8333333333335,1.213082732086881e-17,-1.9878386469332153e-18,-1.0142988673935595e-17,-4.675792523073337e-17,4.646768062403418e-17,No,0,SW
1989.9166666666667,4.286567922473369e-18,-1.961350469726575e-18,6,-4.675792523073337e-17,4.646768062403418e-17,Yes,6,SW
1990,6.9151951806155785e-18,-1.9348622925199348e-18,4,-4.675792523073337e-17,4.646768062403418e-17,Yes,4,SW
1990.0833333333335,-3.4139325471470784e-19,-1.9083741153132945e-18,9,-4.675792523073337e-17,4.646768062403418e-17,Yes,9,SW
1990.1666666666667,1.7422447914931044e-18,-1.8818859381066543e-18,13,-4.675792523073337e-17,4.646768062403418e-17,No,13,SW
1990.25,1.0820412340351603e-17,-1.855397760900014e-18,-8.96501457945159e-18,-4.675792523073337e-17,4.646768062403418e-17,No,0,SW
1990.3333333333335,1.814212562567835e-18,-1.8289095836933738e-18,3,-4.675792523073337e-17,4.646768062403418e-17,No,3,SW
1990.4166666666667,3.864711984286148e-18,-1.8024214064867335e-18,-2.0622905777994148e-18,-4.675792523073337e-17,4.646768062403418e-17,No,0,SW
1990.5,1.1287867065571838e-18,-1.7759332292800936e-18,16,-4.675792523073337e-17,4.646768062403418e-17,Yes,16,SW
1990.5833333333335,-1.180646590809048e-17,-1.7494450520734534e-18,15,-4.675792523073337e-17,4.646768062403418e-17,No,15,SW
1990.6666666666667,-2.0364142483139774e-17,-1.722956874866813e-18,13,-4.675792523073337e-17,4.646768062403418e-17,No,13,SW
1990.75,-1.0190958018711639e-17,-1.6964686976601729e-18,1.1887426716371811e-17,-4.675792523073337e-17,4.646768062403418e-17,No,0,SW
1990.8333333333335,1.213082732086881e-17,-1.6699805204535326e-18,-1.0460846800415278e-17,-4.675792523073337e-17,4.646768062403418e-17,No,0,SW
1990.9166666666667,4.286567922473369e-18,-1.6434923432468924e-18,-2.6430755792264765e-18,-4.675792523073337e-17,4.646768062403418e-17,No,0,SW
1991,6.9151951806155785e-18,-1.6170041660402521e-18,-5.298191014575327e-18,-4.675792523073337e-17,4.646768062403418e-17,No,0,SW
1991.0833333333335,-3.4139325471470784e-19,-1.5900391485729596e-18,1.9314324032876675e-18,-4.675792523073337e-17,4.646768062403418e-17,No,4.81482486096809e-35,SW
1991.1666666666667,1.7422447914931044e-18,-1.5630741311056668e-18,-1.7917066038743765e-19,-4.675792523073337e-17,4.646768062403418e-17,No,0,SW
1991.25,1.0820412340351603e-17,-1.5361091136383742e-18,-9.28430322671323e-18,-4.675792523073337e-17,4.646768062403418e-17,No,0,SW
1991.3333333333335,1.814212562567835e-18,-1.5091440961710814e-18,-3.0506846639675373e-19,-4.675792523073337e-17,4.646768062403418e-17,No,0,SW
1991.4166666666667,3.864711984286148e-18,-1.4821790787037889e-18,-2.3825329055823594e-18,-4.675792523073337e-17,4.646768062403418e-17,No,0,SW
1991.5,1.1287867065571838e-18,-1.4552140612364961e-18,3.2642735467931226e-19,-4.675792523073337e-17,4.646768062403418e-17,No,0,SW
1991.5833333333335,-1.180646590809048e-17,-1.4282490437692035e-18,16,-4.675792523073337e-17,4.646768062403418e-17,No,16,SW
1991.6666666666667,-2.0364142483139774e-17,-1.401284026301911e-18,1,-4.675792523073337e-17,4.646768062403418e-17,No,1,SW
1991.75,-1.0190958018711639e-17,-1.3743190088346182e-18,1.1565277027546257e-17,-4.675792523073337e-17,4.646768062403418e-17,No,0,SW
1991.8333333333335,1.213082732086881e-17,-1.3473539913673256e-18,-1.0783473329501484e-17,-4.675792523073337e-17,4.646768062403418e-17,No,0,SW
1991.9166666666667,4.286567922473369e-18,-1.3203889739000328e-18,-2.9661789485733363e-18,-4.675792523073337e-17,4.646768062403418e-17,No,0,SW
1992,6.9151951806155785e-18,-1.2934239564327403e-18,-5.6217712241828384e-18,-4.675792523073337e-17,4.646768062403418e-17,No,0,SW
1992.0833333333335,-3.4139325471470784e-19,-1.2664589389654477e-18,1.6078521936801556e-18,-4.675792523073337e-17,4.646768062403418e-17,No,4.81482486096809e-35,SW
1992.1666666666667,1.7422447914931044e-18,-1.239493921498155e-18,-5.027508699949495e-19,-4.675792523073337e-17,4.646768062403418e-17,No,0,SW
1992.25,1.0820412340351603e-17,-1.204100478789469e-18,-9.616311861562135e-18,-4.675792523073337e-17,4.646768062403418e-17,No,0,SW
1992.3333333333335,1.814212562567835e-18,-1.1687070360807834e-18,-6.455055264870518e-19,-4.675792523073337e-17,4.646768062403418e-17,No,0,SW
1992.4166666666667,3.864711984286148e-18,-1.1333135933720975e-18,-2.7313983909140506e-18,-4.675792523073337e-17,4.646768062403418e-17,No,0,SW
1992.5,1.1287867065571838e-18,-1.0979201506634117e-18,-3.086655589377219e-20,-4.675792523073337e-17,4.646768062403418e-17,No,0,SW
1992.5833333333335,-1.180646590809048e-17,-1.062526707954726e-18,1.2868992616045207e-17,-4.675792523073337e-17,4.646768062403418e-17,No,1.5407439555097887e-33,SW
1992.6666666666667,-2.0364142483139774e-17,-1.0271332652460401e-18,2.1391275748385814e-17,-4.675792523073337e-17,4.646768062403418e-17,No,0,SW
1992.75,-1.0190958018711639e-17,-9.917398225373543e-19,1.1182697841248993e-17,-4.675792523073337e-17,4.646768062403418e-17,No,0,SW
1992.8333333333335,1.213082732086881e-17,-9.563463798286684e-19,-1.1174480941040142e-17,-4.675792523073337e-17,4.646768062403418e-17,No,0,SW
1992.9166666666667,4.286567922473369e-18,-9.209529371199827e-19,-3.3656149853533864e-18,-4.675792523073337e-17,4.646768062403418e-17,No,0,SW
1993,6.9151951806155785e-18,-8.855594944112969e-19,-6.0296356862042814e-18,-4.675792523073337e-17,4.646768062403418e-17,No,0,SW
1993.0833333333335,-3.4139325471470784e-19,-8.501660517026111e-19,1.1915593064173189e-18,-4.675792523073337e-17,4.646768062403418e-17,No,-4.81482486096809e-35,SW
1993.1666666666667,1.7422447914931044e-18,-8.147726089939253e-19,-9.274721824991791e-19,-4.675792523073337e-17,4.646768062403418e-17,No,0,SW
1993.25,1.0820412340351603e-17,-7.793791662852395e-19,-1.0041033174066363e-17,-4.675792523073337e-17,4.646768062403418e-17,No,0,SW
1993.3333333333335,1.814212562567835e-18,-7.439857235765537e-19,-1.0702268389912816e-18,-4.675792523073337e-17,4.646768062403418e-17,No,0,SW
1993.4166666666667,3.864711984286148e-18,-7.067143934047424e-19,-3.157997590881406e-18,-4.675792523073337e-17,4.646768062403418e-17,No,0,SW
1993.5,1.1287867065571838e-18,-6.694430632329311e-19,-4.593436433242528e-19,-4.675792523073337e-17,4.646768062403418e-17,No,0,SW
1993.5833333333335,-1.180646590809048e-17,-6.321717330611198e-19,1.24386376411516e-17,-4.675792523073337e-17,4.646768062403418e-17,No,0,SW
1993.6666666666667,-2.0364142483139774e-17,-5.949004028893085e-19,2.0959042886029083e-17,-4.675792523073337e-17,4.646768062403418e-17,No,0,SW
1993.75,-1.0190958018711639e-17,-5.576290727174972e-19,1.0748587091429136e-17,-4.675792523073337e-17,4.646768062403418e-17,No,0,SW
1993.8333333333335,1.213082732086881e-17,-5.203577425456859e-19,-1.1610469578323124e-17,-4.675792523073337e-17,4.646768062403418e-17,No,0,SW
1993.9166666666667,4.286567922473369e-18,-4.830864123738746e-19,-3.8034815100994946e-18,-4.675792523073337e-17,4.646768062403418e-17,No,0,SW
1994,6.9151951806155785e-18,-4.458150822020633e-19,-6.469380098413515e-18,-4.675792523073337e-17,4.646768062403418e-17,No,0,SW
1994.0833333333335,-3.4139325471470784e-19,-4.08543752030252e-19,7.499370067449599e-19,-4.675792523073337e-17,4.646768062403418e-17,No,4.81482486096809e-35,SW
1994.1666666666667,1.7422447914931044e-18,-3.712724218584407e-19,-1.3709723696346637e-18,-4.675792523073337e-17,4.646768062403418e-17,No,0,SW
1994.25,1.0820412340351603e-17,-3.340010916866294e-19,-1.0486411248664974e-17,-4.675792523073337e-17,4.646768062403418e-17,No,0,SW
1994.3333333333335,1.814212562567835e-18,-2.967297615148181e-19,-1.5174828010530172e-18,-4.675792523073337e-17,4.646768062403418e-17,No,0,SW
1994.4166666666667,3.864711984286148e-18,-2.594584313430068e-19,3,-4.675792523073337e-17,4.646768062403418e-17,No,3,SW
1994.5,1.1287867065571838e-18,-2.221871011711955e-19,-9.065996053859884e-19,-4.675792523073337e-17,4.646768062403418e-17,No,0,SW
1994.5833333333335,-1.180646590809048e-17,-2.1723586035019413e-19,1.2023701768440675e-17,-4.675792523073337e-17,4.646768062403418e-17,No,0,SW
1994.6666666666667,-2.0364142483139774e-17,-2.1228461952919282e-19,2.0576427102668967e-17,-4.675792523073337e-17,4.646768062403418e-17,No,0,SW
1994.75,-1.0190958018711639e-17,-2.0733337870819146e-19,1.039829139741983e-17,-4.675792523073337e-17,4.646768062403418e-17,No,0,SW
1994.8333333333335,1.213082732086881e-17,-2.0238213788719013e-19,-1.1928445182981621e-17,-4.675792523073337e-17,4.646768062403418e-17,No,0,SW
1994.9166666666667,4.286567922473369e-18,-1.974308970661888e-19,18,-4.675792523073337e-17,4.646768062403418e-17,Yes,18,SW
1995,6.9151951806155785e-18,-1.9247965624518746e-19,-6.722715524370391e-18,-4.675792523073337e-17,4.646768062403418e-17,No,0,SW
1995.0833333333335,-3.4139325471470784e-19,-1.875284154241861e-19,1,-4.675792523073337e-17,4.646768062403418e-17,No,1,SW
1995.1666666666667,1.7422447914931044e-18,-1.8257717460318477e-19,-1.5596676168899197e-18,-4.675792523073337e-17,4.646768062403418e-17,No,0,SW
1995.25,1.0820412340351603e-17,-1.7762593378218344e-19,8,-4.675792523073337e-17,4.646768062403418e-17,No,8,SW
1995.3333333333335,1.814212562567835e-18,-1.726746929611821e-19,-1.641537869606653e-18,-4.675792523073337e-17,4.646768062403418e-17,No,0,SW
1995.4166666666667,3.864711984286148e-18,-1.6772345214018077e-19,-3.696988532145968e-18,-4.675792523073337e-17,4.646768062403418e-17,No,0,SW
1995.5,1.1287867065571838e-18,-1.6277221131917941e-19,10,-4.675792523073337e-17,4.646768062403418e-17,No,10,SW
1995.5833333333335,-1.180646590809048e-17,-1.5782097049817808e-19,12,-4.675792523073337e-17,4.646768062403418e-17,Yes,12,SW
1995.6666666666667,-2.0364142483139774e-17,-1.5286972967717675e-19,2.051701221281695e-17,-4.675792523073337e-17,4.646768062403418e-17,No,0,SW
1995.75,-1.0190958018711639e-17,-1.6627590421880505e-19,6,-4.675792523073337e-17,4.646768062403418e-17,No,6,SW
1995.8333333333335,1.213082732086881e-17,-1.7968207876043336e-19,17,-4.675792523073337e-17,4.646768062403418e-17,Yes,17,SW
1995.9166666666667,4.286567922473369e-18,-1.930882533020617e-19,12,-4.675792523073337e-17,4.646768062403418e-17,No,12,SW
1996,6.9151951806155785e-18,-2.0649442784369e-19,4,-4.675792523073337e-17,4.646768062403418e-17,No,4,SW
1996.0833333333335,-3.4139325471470784e-19,-2.199006023853183e-19,5.612938571000261e-19,-4.675792523073337e-17,4.646768062403418e-17,No,-4.81482486096809e-35,SW
1996.1666666666667,1.7422447914931044e-18,-2.333067769269466e-19,-1.5089380145661578e-18,-4.675792523073337e-17,4.646768062403418e-17,No,0,SW
1996.25,1.0820412340351603e-17,-2.4671295146857493e-19,-1.0573699388883029e-17,-4.675792523073337e-17,4.646768062403418e-17,No,0,SW
1996.3333333333335,1.814212562567835e-18,-2.6011912601020324e-19,-1.554093436557632e-18,-4.675792523073337e-17,4.646768062403418e-17,No,0,SW
1996.4166666666667,3.864711984286148e-18,-2.7352530055183155e-19,1,-4.675792523073337e-17,4.646768062403418e-17,No,1,SW
1996.5,1.1287867065571838e-18,-2.8693147509345986e-19,12,-4.675792523073337e-17,4.646768062403418e-17,No,12,SW
1996.5833333333335,-1.180646590809048e-17,-3.003376496350882e-19,1.2106803557725569e-17,-4.675792523073337e-17,4.646768062403418e-17,No,0,SW
1996.6666666666667,-2.0364142483139774e-17,-3.137438241767165e-19,2.067788630731649e-17,-4.675792523073337e-17,4.646768062403418e-17,No,0,SW
1996.75,-1.0190958018711639e-17,-3.2714999871834483e-19,1.0518108017429984e-17,-4.675792523073337e-17,4.646768062403418e-17,No,0,SW
1996.8333333333335,1.213082732086881e-17,-3.4055617325997314e-19,-1.1790271147608838e-17,-4.675792523073337e-17,4.646768062403418e-17,No,0,SW
1996.9166666666667,4.286567922473369e-18,-3.6130433690422953e-19,-3.9252635855691394e-18,-4.675792523073337e-17,4.646768062403418e-17,No,0,SW
1997,6.9151951806155785e-18,-3.8205250054848593e-19,-6.533142680067092e-18,-4.675792523073337e-17,4.646768062403418e-17,No,0,SW
1997.0833333333335,-3.4139325471470784e-19,-4.0280066419274232e-19,19,-4.675792523073337e-17,4.646768062403418e-17,Yes,19,SW
1997.1666666666667,1.7422447914931044e-18,-4.235488278369987e-19,4,-4.675792523073337e-17,4.646768062403418e-17,No,4,SW
1997.25,1.0820412340351603e-17,-4.442969914812551e-19,6,-4.675792523073337e-17,4.646768062403418e-17,No,6,SW
1997.3333333333335,1.814212562567835e-18,-4.650451551255115e-19,12,-4.675792523073337e-17,4.646768062403418e-17,No,12,SW
1997.4166666666667,3.864711984286148e-18,-4.857933187697679e-19,13,-4.675792523073337e-17,4.646768062403418e-17,No,13,SW
1997.5,1.1287867065571838e-18,-5.065414824140243e-19,7,-4.675792523073337e-17,4.646768062403418e-17,Yes,7,SW
1997.5833333333335,-1.180646590809048e-17,-5.272896460582806e-19,1.2333755554148761e-17,-4.675792523073337e-17,4.646768062403418e-17,No,0,SW
1997.6666666666667,-2.0364142483139774e-17,-5.48037809702537e-19,2,-4.675792523073337e-17,4.646768062403418e-17,No,2,SW
1997.75,-1.0190958018711639e-17,-5.687859733467934e-19,5,-4.675792523073337e-17,4.646768062403418e-17,No,5,SW
1997.8333333333335,1.213082732086881e-17,-5.895341369910498e-19,-1.154129318387776e-17,-4.675792523073337e-17,4.646768062403418e-17,No,0,SW
1997.9166666666667,4.286567922473369e-18,-6.102823006353062e-19,-3.676285621838063e-18,-4.675792523073337e-17,4.646768062403418e-17,No,0,SW
1998,6.9151951806155785e-18,-6.310304642795626e-19,-6.2841647163360156e-18,-4.675792523073337e-17,4.646768062403418e-17,No,0,SW
1998.0833333333335,-3.4139325471470784e-19,-6.662436338430518e-19,16,-4.675792523073337e-17,4.646768062403418e-17,No,16,SW
1998.1666666666667,1.7422447914931044e-18,-7.014568034065411e-19,24,-4.675792523073337e-17,4.646768062403418e-17,Yes,24,SW
1998.25,1.0820412340351603e-17,-7.366699729700303e-19,3,-4.675792523073337e-17,4.646768062403418e-17,No,3,SW
1998.3333333333335,1.814212562567835e-18,-7.718831425335195e-19,-1.0423294200343157e-18,-4.675792523073337e-17,4.646768062403418e-17,No,0,SW
1998.4166666666667,3.864711984286148e-18,-8.070963120970088e-19,-3.0576156721891394e-18,-4.675792523073337e-17,4.646768062403418e-17,No,0,SW
1998.5,1.1287867065571838e-18,-8.42309481660498e-19,-2.864772248966858e-19,-4.675792523073337e-17,4.646768062403418e-17,No,0,SW
1998.5833333333335,-1.180646590809048e-17,-8.775226512239872e-19,1.2683988559314468e-17,-4.675792523073337e-17,4.646768062403418e-17,No,0,SW
1998.6666666666667,-2.0364142483139774e-17,-9.127358207874766e-19,2.127687830392725e-17,-4.675792523073337e-17,4.646768062403418e-17,No,0,SW
1998.75,-1.0190958018711639e-17,-9.479489903509657e-19,1.1138907009062605e-17,-4.675792523073337e-17,4.646768062403418e-17,No,0,SW
1998.8333333333335,1.213082732086881e-17,-9.83162159914455e-19,-1.1147665160954355e-17,-4.675792523073337e-17,4.646768062403418e-17,No,0,SW
1998.9166666666667,4.286567922473369e-18,-1.0183753294779443e-18,-3.2681925929954247e-18,-4.675792523073337e-17,4.646768062403418e-17,No,0,SW
1999,6.9151951806155785e-18,-1.0535884990414334e-18,-5.861606681574145e-18,-4.675792523073337e-17,4.646768062403418e-17,No,0,SW
1999.0833333333335,-3.4139325471470784e-19,-1.0888016686049228e-18,1.4301949233196307e-18,-4.675792523073337e-17,4.646768062403418e-17,No,4.81482486096809e-35,SW
1999.1666666666667,1.7422447914931044e-18,-1.124014838168412e-18,-6.182299533246925e-19,-4.675792523073337e-17,4.646768062403418e-17,No,0,SW
1999.25,1.0820412340351603e-17,-1.1696357529415082e-18,-9.650776587410096e-18,-4.675792523073337e-17,4.646768062403418e-17,No,0,SW
1999.3333333333335,1.814212562567835e-18,-1.2152566677146043e-18,3,-4.675792523073337e-17,4.646768062403418e-17,No,3,SW
1999.4166666666667,3.864711984286148e-18,-1.2608775824877006e-18,-2.6038344017984477e-18,-4.675792523073337e-17,4.646768062403418e-17,No,0,SW
1999.5,1.1287867065571838e-18,-1.306498497260797e-18,1.7771179070361308e-19,-4.675792523073337e-17,4.646768062403418e-17,No,0,SW
1999.5833333333335,-1.180646590809048e-17,-1.3521194120338932e-18,3,-4.675792523073337e-17,4.646768062403418e-17,No,3,SW
1999.6666666666667,-2.0364142483139774e-17,-1.3977403268069893e-18,3,-4.675792523073337e-17,4.646768062403418e-17,No,3,SW
1999.75,-1.0190958018711639e-17,-1.4433612415800856e-18,1.1634319260291724e-17,-4.675792523073337e-17,4.646768062403418e-17,No,0,SW
1999.8333333333335,1.213082732086881e-17,-1.488982156353182e-18,-1.0641845164515629e-17,-4.675792523073337e-17,4.646768062403418e-17,No,0,SW
1999.9166666666667,4.286567922473369e-18,-1.534603071126278e-18,-2.751964851347091e-18,-4.675792523073337e-17,4.646768062403418e-17,No,0,SW
2000,6.9151951806155785e-18,-1.5802239858993743e-18,-5.334971194716204e-18,-4.675792523073337e-17,4.646768062403418e-17,No,0,SW
2000.0833333333335,-3.4139325471470784e-19,-1.6258449006724706e-18,1.9672381553871785e-18,-4.675792523073337e-17,4.646768062403418e-17,No,4.81482486096809e-35,SW
2000.1666666666667,1.7422447914931044e-18,-1.6714658154455669e-18,7,-4.675792523073337e-17,4.646768062403418e-17,No,7,SW
2000.25,1.0820412340351603e-17,-1.717086730218663e-18,-9.103325610132941e-18,-4.675792523073337e-17,4.646768062403418e-17,No,0,SW
2000.3333333333335,1.814212562567835e-18,-1.7627076449917593e-18,1,-4.675792523073337e-17,4.646768062403418e-17,No,1,SW
2000.4166666666667,3.864711984286148e-18,-1.7985790208517427e-18,14,-4.675792523073337e-17,4.646768062403418e-17,No,14,SW
2000.5,1.1287867065571838e-18,-1.834450396711726e-18,1,-4.675792523073337e-17,4.646768062403418e-17,No,1,SW
2000.5833333333335,-1.180646590809048e-17,-1.87032177257171e-18,2,-4.675792523073337e-17,4.646768062403418e-17,No,2,SW
2000.6666666666667,-2.0364142483139774e-17,-1.9061931484316934e-18,2.2270335631571468e-17,-4.675792523073337e-17,4.646768062403418e-17,No,0,SW
2000.75,-1.0190958018711639e-17,-1.942064524291677e-18,1.2133022543003315e-17,-4.675792523073337e-17,4.646768062403418e-17,No,0,SW
2000.8333333333335,1.213082732086881e-17,-1.9779359001516602e-18,-1.015289142071715e-17,-4.675792523073337e-17,4.646768062403418e-17,No,0,SW
2000.9166666666667,4.286567922473369e-18,-2.013807276011644e-18,-2.272760646461725e-18,-4.675792523073337e-17,4.646768062403418e-17,No,0,SW
2001,6.9151951806155785e-18,-2.0496786518716275e-18,-4.865516528743951e-18,-4.675792523073337e-17,4.646768062403418e-17,No,0,SW
2001.0833333333335,-3.4139325471470784e-19,-2.085550027731611e-18,2.4269432824463188e-18,-4.675792523073337e-17,4.646768062403418e-17,No,4.81482486096809e-35,SW
2001.1666666666667,1.7422447914931044e-18,-2.1214214035915943e-18,3.791766120984899e-19,-4.675792523073337e-17,4.646768062403418e-17,No,0,SW
2001.25,1.0820412340351603e-17,-2.1572927794515778e-18,-8.663119560900025e-18,-4.675792523073337e-17,4.646768062403418e-17,No,0,SW
2001.3333333333335,1.814212562567835e-18,-2.1931641553115616e-18,3.789515927437264e-19,-4.675792523073337e-17,4.646768062403418e-17,No,0,SW
2001.4166666666667,3.864711984286148e-18,-2.229035531171545e-18,-1.6356764531146033e-18,-4.675792523073337e-17,4.646768062403418e-17,No,0,SW
2001.5,1.1287867065571838e-18,-2.2649069070315284e-18,1.1361202004743446e-18,-4.675792523073337e-17,4.646768062403418e-17,No,0,SW
2001.5833333333335,-1.180646590809048e-17,-2.285140939581724e-18,1.4091606847672205e-17,-4.675792523073337e-17,4.646768062403418e-17,No,0,SW
2001.6666666666667,-2.0364142483139774e-17,-2.3053749721319196e-18,2,-4.675792523073337e-17,4.646768062403418e-17,No,2,SW
2001.75,-1.0190958018711639e-17,-2.3256090046821152e-18,1.2516567023393754e-17,-4.675792523073337e-17,4.646768062403418e-17,No,0,SW
2001.8333333333335,1.213082732086881e-17,-2.3458430372323104e-18,-9.784984283636501e-18,-4.675792523073337e-17,4.646768062403418e-17,No,0,SW
2001.9166666666667,4.286567922473369e-18,-2.366077069782506e-18,-1.920490852690863e-18,-4.675792523073337e-17,4.646768062403418e-17,No,0,SW
2002,6.9151951806155785e-18,-2.3863111023327016e-18,20,-4.675792523073337e-17,4.646768062403418e-17,No,20,SW
2002.0833333333335,-3.4139325471470784e-19,-2.406545134882897e-18,7,-4.675792523073337e-17,4.646768062403418e-17,No,7,SW
2002.1666666666667,1.7422447914931044e-18,-2.4267791674330928e-18,16,-4.675792523073337e-17,4.646768062403418e-17,No,16,SW
2002.25,1.0820412340351603e-17,-2.4470131999832883e-18,-8.373399140368314e-18,-4.675792523073337e-17,4.646768062403418e-17,No,1.5407439555097887e-33,SW
2002.3333333333335,1.814212562567835e-18,-2.467247232533484e-18,6.530346699656488e-19,-4.675792523073337e-17,4.646768062403418e-17,No,0,SW
2002.4166666666667,3.864711984286148e-18,-2.487481265083679e-18,-1.3772307192024692e-18,-4.675792523073337e-17,4.646768062403418e-17,No,0,SW
2002.5,1.1287867065571838e-18,-2.5077152976338747e-18,1.3789285910766909e-18,-4.675792523073337e-17,4.646768062403418e-17,No,0,SW
2002.5833333333335,-1.180646590809048e-17,-2.5279493301840703e-18,1.4334415238274552e-17,-4.675792523073337e-17,4.646768062403418e-17,No,1.5407439555097887e-33,SW
2002.6666666666667,-2.0364142483139774e-17,-2.548183362734266e-18,5,-4.675792523073337e-17,4.646768062403418e-17,No,5,SW
2002.75,-1.0190958018711639e-17,-2.5445569086453267e-18,3,-4.675792523073337e-17,4.646768062403418e-17,No,3,SW
2002.8333333333335,1.213082732086881e-17,-2.5409304545563878e-18,-9.589896866312422e-18,-4.675792523073337e-17,4.646768062403418e-17,No,0,SW
2002.9166666666667,4.286567922473369e-18,-2.5373040004674486e-18,-1.7492639220059204e-18,-4.675792523073337e-17,4.646768062403418e-17,No,0,SW
2003,6.9151951806155785e-18,-2.5336775463785093e-18,-4.381517634237069e-18,-4.675792523073337e-17,4.646768062403418e-17,No,0,SW
2003.0833333333335,-3.4139325471470784e-19,-2.5300510922895705e-18,2.8714443470042784e-18,-4.675792523073337e-17,4.646768062403418e-17,No,4.81482486096809e-35,SW
2003.1666666666667,1.7422447914931044e-18,-2.5264246382006312e-18,7.841798467075268e-19,-4.675792523073337e-17,4.646768062403418e-17,No,0,SW
2003.25,1.0820412340351603e-17,-2.5227981841116924e-18,-8.297614156239912e-18,-4.675792523073337e-17,4.646768062403418e-17,No,-1.5407439555097887e-33,SW
2003.3333333333335,1.814212562567835e-18,-2.519171730022753e-18,7.04959167454918e-19,-4.675792523073337e-17,4.646768062403418e-17,No,0,SW
2003.4166666666667,3.864711984286148e-18,-2.515545275933814e-18,-1.3491667083523344e-18,-4.675792523073337e-17,4.646768062403418e-17,No,0,SW
2003.5,1.1287867065571838e-18,-2.511918821844875e-18,1,-4.675792523073337e-17,4.646768062403418e-17,No,1,SW
2003.5833333333335,-1.180646590809048e-17,-2.5082923677559358e-18,18,-4.675792523073337e-17,4.646768062403418e-17,No,18,SW
2003.6666666666667,-2.0364142483139774e-17,-2.5046659136669966e-18,7,-4.675792523073337e-17,4.646768062403418e-17,No,7,SW
2003.75,-1.0190958018711639e-17,-2.5010394595780577e-18,1.2691997478289696e-17,-4.675792523073337e-17,4.646768062403418e-17,No,0,SW
2003.8333333333335,1.213082732086881e-17,-2.4974130054891185e-18,-9.633414315379693e-18,-4.675792523073337e-17,4.646768062403418e-17,No,0,SW
2003.9166666666667,4.286567922473369e-18,-2.466988955454155e-18,-1.819578967019214e-18,-4.675792523073337e-17,4.646768062403418e-17,No,0,SW
2004,6.9151951806155785e-18,-2.436564905419191e-18,-4.478630275196388e-18,-4.675792523073337e-17,4.646768062403418e-17,No,0,SW
2004.0833333333335,-3.4139325471470784e-19,-2.4061408553842272e-18,2.747534110098935e-18,-4.675792523073337e-17,4.646768062403418e-17,No,4.81482486096809e-35,SW
2004.1666666666667,1.7422447914931044e-18,-2.3757168053492636e-18,6.334720138561592e-19,-4.675792523073337e-17,4.646768062403418e-17,No,0,SW
2004.25,1.0820412340351603e-17,-2.3452927553143e-18,-8.475119585037304e-18,-4.675792523073337e-17,4.646768062403418e-17,No,0,SW
2004.3333333333335,1.814212562567835e-18,-2.314868705279336e-18,5.006561427115008e-19,-4.675792523073337e-17,4.646768062403418e-17,No,0,SW
2004.4166666666667,3.864711984286148e-18,-2.2844446552443724e-18,4,-4.675792523073337e-17,4.646768062403418e-17,No,4,SW
2004.5,1.1287867065571838e-18,-2.2540206052094088e-18,1.125233898652225e-18,-4.675792523073337e-17,4.646768062403418e-17,No,0,SW
2004.5833333333335,-1.180646590809048e-17,-2.2235965551744448e-18,15,-4.675792523073337e-17,4.646768062403418e-17,No,15,SW
2004.6666666666667,-2.0364142483139774e-17,-2.193172505139481e-18,1,-4.675792523073337e-17,4.646768062403418e-17,No,1,SW
2004.75,-1.0190958018711639e-17,-2.1627484551045175e-18,1.2353706473816156e-17,-4.675792523073337e-17,4.646768062403418e-17,No,0,SW
2004.8333333333335,1.213082732086881e-17,-2.132324405069554e-18,-9.998502915799256e-18,-4.675792523073337e-17,4.646768062403418e-17,No,0,SW
2004.9166666666667,4.286567922473369e-18,-2.10190035503459e-18,-2.184667567438779e-18,-4.675792523073337e-17,4.646768062403418e-17,No,0,SW
2005,6.9151951806155785e-18,-2.0714763049996263e-18,-4.843718875615952e-18,-4.675792523073337e-17,4.646768062403418e-17,No,0,SW
2005.0833333333335,-3.4139325471470784e-19,-2.031902904816261e-18,2.3732961595309687e-18,-4.675792523073337e-17,4.646768062403418e-17,No,4.81482486096809e-35,SW
2005.1666666666667,1.7422447914931044e-18,-1.9923295046328954e-18,2.5008471313979093e-19,-4.675792523073337e-17,4.646768062403418e-17,No,0,SW
2005.25,1.0820412340351603e-17,-1.9527561044495295e-18,-8.867656235902074e-18,-4.675792523073337e-17,4.646768062403418e-17,No,0,SW
2005.3333333333335,1.814212562567835e-18,-1.913182704266164e-18,9.897014169832892e-20,-4.675792523073337e-17,4.646768062403418e-17,No,0,SW
2005.4166666666667,3.864711984286148e-18,-1.8736093040827986e-18,15,-4.675792523073337e-17,4.646768062403418e-17,No,15,SW
2005.5,1.1287867065571838e-18,-1.8340359038994332e-18,14,-4.675792523073337e-17,4.646768062403418e-17,No,14,SW
2005.5833333333335,-1.180646590809048e-17,-1.7944625037160677e-18,11,-4.675792523073337e-17,4.646768062403418e-17,Yes,11,SW
2005.6666666666667,-2.0364142483139774e-17,-1.7548891035327023e-18,2.2119031586672477e-17,-4.675792523073337e-17,4.646768062403418e-17,No,0,SW
2005.75,-1.0190958018711639e-17,-1.7153157033493367e-18,1,-4.675792523073337e-17,4.646768062403418e-17,No,1,SW
2005.8333333333335,1.213082732086881e-17,-1.6757423031659712e-18,2,-4.675792523073337e-17,4.646768062403418e-17,No,2,SW
2005.9166666666667,4.286567922473369e-18,-1.6361689029826056e-18,-2.6503990194907634e-18,-4.675792523073337e-17,4.646768062403418e-17,No,0,SW
2006,6.9151951806155785e-18,-1.5965955027992401e-18,-5.318599677816338e-18,-4.675792523073337e-17,4.646768062403418e-17,No,0,SW
2006.0833333333335,-3.4139325471470784e-19,-1.5570221026158747e-18,1.8984153573305825e-18,-4.675792523073337e-17,4.646768062403418e-17,No,4.81482486096809e-35,SW
2006.1666666666667,1.7422447914931044e-18,-1.517448702432509e-18,3,-4.675792523073337e-17,4.646768062403418e-17,No,3,SW
2006.25,1.0820412340351603e-17,-1.4728834301214157e-18,-9.347528910230187e-18,-4.675792523073337e-17,4.646768062403418e-17,No,1.5407439555097887e-33,SW
2006.3333333333335,1.814212562567835e-18,-1.4283181578103226e-18,1,-4.675792523073337e-17,4.646768062403418e-17,No,1,SW
2006.4166666666667,3.864711984286148e-18,-1.3837528854992294e-18,20,-4.675792523073337e-17,4.646768062403418e-17,No,20,SW
2006.5,1.1287867065571838e-18,-1.3391876131881361e-18,12,-4.675792523073337e-17,4.646768062403418e-17,No,12,SW
2006.5833333333335,-1.180646590809048e-17,-1.2946223408770428e-18,1,-4.675792523073337e-17,4.646768062403418e-17,No,1,SW
2006.6666666666667,-2.0364142483139774e-17,-1.2500570685659497e-18,8,-4.675792523073337e-17,4.646768062403418e-17,No,8,SW
2006.75,-1.0190958018711639e-17,-1.2054917962548565e-18,22,-4.675792523073337e-17,4.646768062403418e-17,Yes,22,SW
2006.8333333333335,1.213082732086881e-17,-1.1609265239437632e-18,1,-4.675792523073337e-17,4.646768062403418e-17,No,1,SW
2006.9166666666667,4.286567922473369e-18,-1.1163612516326699e-18,2,-4.675792523073337e-17,4.646768062403418e-17,No,2,SW
2007,6.9151951806155785e-18,-1.0717959793215767e-18,1,-4.675792523073337e-17,4.646768062403418e-17,No,1,SW
2007.0833333333335,-3.4139325471470784e-19,-1.0272307070104836e-18,1.3686239617251915e-18,-4.675792523073337e-17,4.646768062403418e-17,No,4.81482486096809e-35,SW
2007.1666666666667,1.7422447914931044e-18,-9.826654346993903e-19,-7.595793567937142e-19,-4.675792523073337e-17,4.646768062403418e-17,No,0,SW
2007.25,1.0820412340351603e-17,-9.38100162388297e-19,-9.882312177963306e-18,-4.675792523073337e-17,4.646768062403418e-17,No,0,SW
2007.3333333333335,1.814212562567835e-18,-8.935348900772038e-19,-9.206776724906313e-19,-4.675792523073337e-17,4.646768062403418e-17,No,0,SW
2007.4166666666667,3.864711984286148e-18,-8.740178210522339e-19,-2.9906941632339146e-18,-4.675792523073337e-17,4.646768062403418e-17,No,0,SW
2007.5,1.1287867065571838e-18,-8.54500752027264e-19,4,-4.675792523073337e-17,4.646768062403418e-17,No,4,SW
2007.5833333333335,-1.180646590809048e-17,-8.349836830022941e-19,1.2641449591092774e-17,-4.675792523073337e-17,4.646768062403418e-17,No,-1.5407439555097887e-33,SW
2007.6666666666667,-2.0364142483139774e-17,-8.154666139773241e-19,2.11796090971171e-17,-4.675792523073337e-17,4.646768062403418e-17,No,0,SW
2007.75,-1.0190958018711639e-17,-7.959495449523541e-19,1,-4.675792523073337e-17,4.646768062403418e-17,No,1,SW
2007.8333333333335,1.213082732086881e-17,-7.764324759273843e-19,4,-4.675792523073337e-17,4.646768062403418e-17,No,4,SW
2007.9166666666667,4.286567922473369e-18,-7.569154069024144e-19,12,-4.675792523073337e-17,4.646768062403418e-17,No,12,SW
2008,6.9151951806155785e-18,-7.373983378774444e-19,7,-4.675792523073337e-17,4.646768062403418e-17,No,7,SW
2008.0833333333335,-3.4139325471470784e-19,-7.178812688524744e-19,31,-4.675792523073337e-17,4.646768062403418e-17,Yes,31,SW
2008.1666666666667,1.7422447914931044e-18,-6.983641998275046e-19,-1.0438805916656e-18,-4.675792523073337e-17,4.646768062403418e-17,No,0,SW
2008.25,1.0820412340351603e-17,-6.788471308025347e-19,-1.0141565209549068e-17,-4.675792523073337e-17,4.646768062403418e-17,No,0,SW
2008.3333333333335,1.814212562567835e-18,-6.593300617775647e-19,-1.1548825007902705e-18,-4.675792523073337e-17,4.646768062403418e-17,No,0,SW
2008.4166666666667,3.864711984286148e-18,-6.398129927525947e-19,-3.2248989915335536e-18,-4.675792523073337e-17,4.646768062403418e-17,No,0,SW
2008.5,1.1287867065571838e-18,-6.202959237276248e-19,-5.08490782829559e-19,-4.675792523073337e-17,4.646768062403418e-17,No,0,SW
2008.5833333333335,-1.180646590809048e-17,-6.33661447202267e-19,1.2440127355292747e-17,-4.675792523073337e-17,4.646768062403418e-17,No,0,SW
2008.6666666666667,-2.0364142483139774e-17,-6.470269706769091e-19,2.1011169453816684e-17,-4.675792523073337e-17,4.646768062403418e-17,No,0,SW
2008.75,-1.0190958018711639e-17,-6.603924941515512e-19,1.085135051286319e-17,-4.675792523073337e-17,4.646768062403418e-17,No,0,SW
2008.8333333333335,1.213082732086881e-17,-6.737580176261933e-19,-1.1457069303242617e-17,-4.675792523073337e-17,4.646768062403418e-17,No,0,SW
2008.9166666666667,4.286567922473369e-18,-6.871235411008355e-19,-3.599444381372533e-18,-4.675792523073337e-17,4.646768062403418e-17,No,0,SW
2009,6.9151951806155785e-18,-7.004890645754775e-19,-6.214706116040101e-18,-4.675792523073337e-17,4.646768062403418e-17,No,0,SW
2009.0833333333335,-3.4139325471470784e-19,-7.138545880501197e-19,1.0552478427648276e-18,-4.675792523073337e-17,4.646768062403418e-17,No,4.81482486096809e-35,SW
2009.1666666666667,1.7422447914931044e-18,-7.272201115247619e-19,-1.0150246799683426e-18,-4.675792523073337e-17,4.646768062403418e-17,No,0,SW
2009.25,1.0820412340351603e-17,-7.405856349994039e-19,-1.00798267053522e-17,-4.675792523073337e-17,4.646768062403418e-17,No,0,SW
2009.3333333333335,1.814212562567835e-18,-7.539511584740461e-19,-1.060261404093789e-18,-4.675792523073337e-17,4.646768062403418e-17,No,0,SW
2009.4166666666667,3.864711984286148e-18,-7.673166819486882e-19,16,-4.675792523073337e-17,4.646768062403418e-17,No,16,SW
2009.5,1.1287867065571838e-18,-7.806822054233303e-19,2,-4.675792523073337e-17,4.646768062403418e-17,No,2,SW
2009.5833333333335,-1.180646590809048e-17,-7.940477288979725e-19,1.2600513636988453e-17,-4.675792523073337e-17,4.646768062403418e-17,No,0,SW
2009.6666666666667,-2.0364142483139774e-17,-8.074132523726146e-19,2.1171555735512388e-17,-4.675792523073337e-17,4.646768062403418e-17,No,0,SW
2009.75,-1.0190958018711639e-17,-8.570843437504294e-19,13,-4.675792523073337e-17,4.646768062403418e-17,No,13,SW
2009.8333333333335,1.213082732086881e-17,-9.067554351282442e-19,4,-4.675792523073337e-17,4.646768062403418e-17,No,4,SW
2009.9166666666667,4.286567922473369e-18,-9.56426526506059e-19,-3.3301413959673098e-18,-4.675792523073337e-17,4.646768062403418e-17,No,0,SW
2010,6.9151951806155785e-18,-1.006097617883874e-18,-5.9090975627317045e-18,-4.675792523073337e-17,4.646768062403418e-17,No,0,SW
2010.0833333333335,-3.4139325471470784e-19,-1.0557687092616887e-18,2,-4.675792523073337e-17,4.646768062403418e-17,No,2,SW
2010.1666666666667,1.7422447914931044e-18,-1.1054398006395035e-18,3,-4.675792523073337e-17,4.646768062403418e-17,No,3,SW
2010.25,1.0820412340351603e-17,-1.1551108920173182e-18,22,-4.675792523073337e-17,4.646768062403418e-17,No,22,SW
2010.3333333333335,1.814212562567835e-18,-1.204781983395133e-18,8,-4.675792523073337e-17,4.646768062403418e-17,No,8,SW
2010.4166666666667,3.864711984286148e-18,-1.254453074772948e-18,-2.6102589095132005e-18,-4.675792523073337e-17,4.646768062403418e-17,No,0,SW
2010.5,1.1287867065571838e-18,-1.3041241661507627e-18,1,-4.675792523073337e-17,4.646768062403418e-17,No,1,SW
2010.5833333333335,-1.180646590809048e-17,-1.3537952575285775e-18,1.3160261165619059e-17,-4.675792523073337e-17,4.646768062403418e-17,No,0,SW
2010.6666666666667,-2.0364142483139774e-17,-1.4034663489063925e-18,1,-4.675792523073337e-17,4.646768062403418e-17,No,1,SW
2010.75,-1.0190958018711639e-17,-1.4531374402842073e-18,1.1644095458995846e-17,-4.675792523073337e-17,4.646768062403418e-17,No,0,SW
2010.8333333333335,1.213082732086881e-17,-1.502808531662022e-18,-1.0628018789206788e-17,-4.675792523073337e-17,4.646768062403418e-17,No,0,SW
2010.9166666666667,4.286567922473369e-18,-1.5540096301470196e-18,-2.732558292326349e-18,-4.675792523073337e-17,4.646768062403418e-17,No,0,SW
2011,6.9151951806155785e-18,-1.6052107286320173e-18,15,-4.675792523073337e-17,4.646768062403418e-17,No,15,SW
2011.0833333333335,-3.4139325471470784e-19,-1.6564118271170148e-18,6,-4.675792523073337e-17,4.646768062403418e-17,No,6,SW
2011.1666666666667,1.7422447914931044e-18,-1.7076129256020123e-18,9,-4.675792523073337e-17,4.646768062403418e-17,No,9,SW
2011.25,1.0820412340351603e-17,-1.75881402408701e-18,21,-4.675792523073337e-17,4.646768062403418e-17,Yes,21,SW
2011.3333333333335,1.814212562567835e-18,-1.8100151225720076e-18,-4.197439995827583e-21,-4.675792523073337e-17,4.646768062403418e-17,No,0,SW
2011.4166666666667,3.864711984286148e-18,-1.861216221057005e-18,1,-4.675792523073337e-17,4.646768062403418e-17,No,1,SW
2011.5,1.1287867065571838e-18,-1.9124173195420027e-18,7.836306129848188e-19,-4.675792523073337e-17,4.646768062403418e-17,No,0,SW
2011.5833333333335,-1.180646590809048e-17,-1.9636184180270004e-18,1.377008432611748e-17,-4.675792523073337e-17,4.646768062403418e-17,No,0,SW
2011.6666666666667,-2.0364142483139774e-17,-2.0148195165119977e-18,3,-4.675792523073337e-17,4.646768062403418e-17,No,3,SW
2011.75,-1.0190958018711639e-17,-2.0660206149969954e-18,15,-4.675792523073337e-17,4.646768062403418e-17,No,15,SW
2011.8333333333335,1.213082732086881e-17,-2.117221713481993e-18,-1.0013605607386817e-17,-4.675792523073337e-17,4.646768062403418e-17,No,0,SW
2011.9166666666667,4.286567922473369e-18,-2.1684228119669905e-18,-2.1181451105063784e-18,-4.675792523073337e-17,4.646768062403418e-17,No,0,SW
2012,6.9151951806155785e-18,-2.2196239104519882e-18,-4.69557127016359e-18,-4.675792523073337e-17,4.646768062403418e-17,No,0,SW
2012.0833333333335,-3.4139325471470784e-19,-2.230265075367925e-18,2.571658330082633e-18,-4.675792523073337e-17,4.646768062403418e-17,No,4.81482486096809e-35,SW
2012.1666666666667,1.7422447914931044e-18,-2.240906240283862e-18,4.986614487907575e-19,-4.675792523073337e-17,4.646768062403418e-17,No,0,SW
2012.25,1.0820412340351603e-17,-2.251547405199799e-18,-8.568864935151804e-18,-4.675792523073337e-17,4.646768062403418e-17,No,0,SW
2012.3333333333335,1.814212562567835e-18,-2.2621885701157357e-18,4.479760075479005e-19,-4.675792523073337e-17,4.646768062403418e-17,No,0,SW
2012.4166666666667,3.864711984286148e-18,-2.2728297350316725e-18,-1.5918822492544758e-18,-4.675792523073337e-17,4.646768062403418e-17,No,0,SW
2012.5,1.1287867065571838e-18,-2.2834708999476094e-18,1.1546841933904256e-18,-4.675792523073337e-17,4.646768062403418e-17,No,0,SW
2012.5833333333335,-1.180646590809048e-17,-2.2941120648635463e-18,4,-4.675792523073337e-17,4.646768062403418e-17,No,4,SW
2012.6666666666667,-2.0364142483139774e-17,-2.3047532297794827e-18,11,-4.675792523073337e-17,4.646768062403418e-17,No,11,SW
2012.75,-1.0190958018711639e-17,-2.3153943946954196e-18,7,-4.675792523073337e-17,4.646768062403418e-17,No,7,SW
2012.8333333333335,1.213082732086881e-17,-2.3260355596113565e-18,1,-4.675792523073337e-17,4.646768062403418e-17,No,1,SW
2012.9166666666667,4.286567922473369e-18,-2.3366767245272933e-18,-1.9498911979460756e-18,-4.675792523073337e-17,4.646768062403418e-17,No,0,SW
2013,6.9151951806155785e-18,-2.3473178894432302e-18,-4.567877291172348e-18,-4.675792523073337e-17,4.646768062403418e-17,No,0,SW
2013.0833333333335,-3.4139325471470784e-19,-2.357959054359167e-18,2.699352309073875e-18,-4.675792523073337e-17,4.646768062403418e-17,No,4.81482486096809e-35,SW
2013.1666666666667,1.7422447914931044e-18,-2.368600219275104e-18,6.263554277819995e-19,-4.675792523073337e-17,4.646768062403418e-17,No,0,SW
2013.25,1.0820412340351603e-17,-2.3471358960595756e-18,-8.473276444292027e-18,-4.675792523073337e-17,4.646768062403418e-17,No,0,SW
2013.3333333333335,1.814212562567835e-18,-2.325671572844047e-18,5.114590102762117e-19,-4.675792523073337e-17,4.646768062403418e-17,No,0,SW
2013.4166666666667,3.864711984286148e-18,-2.3042072496285185e-18,-1.5605047346576298e-18,-4.675792523073337e-17,4.646768062403418e-17,No,0,SW
2013.5,1.1287867065571838e-18,-2.28274292641299e-18,7,-4.675792523073337e-17,4.646768062403418e-17,No,7,SW
2013.5833333333335,-1.180646590809048e-17,-2.2612786031974614e-18,2,-4.675792523073337e-17,4.646768062403418e-17,No,2,SW
2013.6666666666667,-2.0364142483139774e-17,-2.239814279981933e-18,8,-4.675792523073337e-17,4.646768062403418e-17,No,8,SW
2013.75,-1.0190958018711639e-17,-2.2183499567664044e-18,11,-4.675792523073337e-17,4.646768062403418e-17,No,11,SW
2013.8333333333335,1.213082732086881e-17,-2.196885633550876e-18,-9.933941687317934e-18,-4.675792523073337e-17,4.646768062403418e-17,No,0,SW
2013.9166666666667,4.286567922473369e-18,-2.1754213103353477e-18,-2.1111466121380213e-18,-4.675792523073337e-17,4.646768062403418e-17,No,0,SW
2014,6.9151951806155785e-18,-2.153956987119819e-18,-4.76123819349576e-18,-4.675792523073337e-17,4.646768062403418e-17,No,0,SW
2014.0833333333335,-3.4139325471470784e-19,-2.1324926639042906e-18,2.4738859186189985e-18,-4.675792523073337e-17,4.646768062403418e-17,No,4.81482486096809e-35,SW
2014.1666666666667,1.7422447914931044e-18,-2.1110283406887622e-18,3.687835491956578e-19,-4.675792523073337e-17,4.646768062403418e-17,No,0,SW
2014.25,1.0820412340351603e-17,-2.0895640174732335e-18,-8.730848322878369e-18,-4.675792523073337e-17,4.646768062403418e-17,No,1.5407439555097887e-33,SW
2014.3333333333335,1.814212562567835e-18,-2.068099694257705e-18,1,-4.675792523073337e-17,4.646768062403418e-17,No,1,SW
2014.4166666666667,3.864711984286148e-18,-2.0533779365742306e-18,-1.8113340477119177e-18,-4.675792523073337e-17,4.646768062403418e-17,No,0,SW
2014.5,1.1287867065571838e-18,-2.0386561788907564e-18,9.098694723335725e-19,-4.675792523073337e-17,4.646768062403418e-17,No,0,SW
2014.5833333333335,-1.180646590809048e-17,-2.023934421207282e-18,1,-4.675792523073337e-17,4.646768062403418e-17,No,1,SW
2014.6666666666667,-2.0364142483139774e-17,-2.0092126635238076e-18,16,-4.675792523073337e-17,4.646768062403418e-17,No,16,SW
2014.75,-1.0190958018711639e-17,-1.994490905840333e-18,16,-4.675792523073337e-17,4.646768062403418e-17,No,16,SW
2014.8333333333335,1.213082732086881e-17,-1.979769148156859e-18,3,-4.675792523073337e-17,4.646768062403418e-17,No,3,SW
2014.9166666666667,4.286567922473369e-18,-1.9650473904733843e-18,-2.3215205319999846e-18,-4.675792523073337e-17,4.646768062403418e-17,No,0,SW
2015,6.9151951806155785e-18,-1.9503256327899097e-18,-4.964869547825668e-18,-4.675792523073337e-17,4.646768062403418e-17,No,0,SW
2015.0833333333335,-3.4139325471470784e-19,-1.9356038751064355e-18,2.2769971298211434e-18,-4.675792523073337e-17,4.646768062403418e-17,No,4.81482486096809e-35,SW
2015.1666666666667,1.7422447914931044e-18,-1.920882117422961e-18,1.786373259298565e-19,-4.675792523073337e-17,4.646768062403418e-17,No,0,SW
2015.25,1.0820412340351603e-17,-1.9061603597394868e-18,6,-4.675792523073337e-17,4.646768062403418e-17,No,6,SW
2015.3333333333335,1.814212562567835e-18,-1.891438602056012e-18,8,-4.675792523073337e-17,4.646768062403418e-17,No,8,SW
2015.4166666666667,3.864711984286148e-18,-1.876716844372538e-18,4,-4.675792523073337e-17,4.646768062403418e-17,No,4,SW
2015.5,1.1287867065571838e-18,-1.8619950866890634e-18,4,-4.675792523073337e-17,4.646768062403418e-17,No,4,SW
2015.5833333333335,-1.180646590809048e-17,-1.828886011870869e-18,7,-4.675792523073337e-17,4.646768062403418e-17,No,7,SW
2015.6666666666667,-2.0364142483139774e-17,-1.7957769370526747e-18,2.215991942019245e-17,-4.675792523073337e-17,4.646768062403418e-17,No,0,SW
2015.75,-1.0190958018711639e-17,-1.7626678622344802e-18,8,-4.675792523073337e-17,4.646768062403418e-17,No,8,SW
2015.8333333333335,1.213082732086881e-17,-1.7295587874162859e-18,18,-4.675792523073337e-17,4.646768062403418e-17,No,18,SW
2015.9166666666667,4.286567922473369e-18,-1.6964497125980916e-18,16,-4.675792523073337e-17,4.646768062403418e-17,No,16,SW
2016,6.9151951806155785e-18,-1.6633406377798972e-18,17,-4.675792523073337e-17,4.646768062403418e-17,No,17,SW
2016.0833333333335,-3.4139325471470784e-19,-1.6302315629617027e-18,2,-4.675792523073337e-17,4.646768062403418e-17,No,2,SW
2016.1666666666667,1.7422447914931044e-18,-1.5971224881435084e-18,-1.4512230334959608e-19,-4.675792523073337e-17,4.646768062403418e-17,No,0,SW
2016.25,1.0820412340351603e-17,-1.564013413325314e-18,-9.25639892702629e-18,-4.675792523073337e-17,4.646768062403418e-17,No,0,SW
2016.3333333333335,1.814212562567835e-18,-1.5309043385071197e-18,-2.8330822406071547e-19,-4.675792523073337e-17,4.646768062403418e-17,No,0,SW
2016.4166666666667,3.864711984286148e-18,-1.4977952636889254e-18,2,-4.675792523073337e-17,4.646768062403418e-17,No,2,SW
2016.5,1.1287867065571838e-18,-1.4646861888707308e-18,1,-4.675792523073337e-17,4.646768062403418e-17,No,1,SW
2016.5833333333335,-1.180646590809048e-17,-1.4315771140525365e-18,11,-4.675792523073337e-17,4.646768062403418e-17,No,11,SW
2016.6666666666667,-2.0364142483139774e-17,-1.3984680392343422e-18,2.1762610522374117e-17,-4.675792523073337e-17,4.646768062403418e-17,No,0,SW
2016.75,-1.0190958018711639e-17,-1.3482019852395836e-18,1.1539160003951221e-17,-4.675792523073337e-17,4.646768062403418e-17,No,0,SW
2016.8333333333335,1.213082732086881e-17,-1.297935931244825e-18,1,-4.675792523073337e-17,4.646768062403418e-17,No,1,SW
2016.9166666666667,4.286567922473369e-18,-1.2476698772500664e-18,13,-4.675792523073337e-17,4.646768062403418e-17,No,13,SW
2017,6.9151951806155785e-18,-1.1974038232553079e-18,2,-4.675792523073337e-17,4.646768062403418e-17,No,2,SW
2017.0833333333335,-3.4139325471470784e-19,-1.1471377692605493e-18,1.4885310239752572e-18,-4.675792523073337e-17,4.646768062403418e-17,No,4.81482486096809e-35,SW
2017.1666666666667,1.7422447914931044e-18,-1.0968717152657907e-18,-6.453730762273137e-19,-4.675792523073337e-17,4.646768062403418e-17,No,0,SW
2017.25,1.0820412340351603e-17,-1.0466056612710321e-18,3,-4.675792523073337e-17,4.646768062403418e-17,No,3,SW
2017.3333333333335,1.814212562567835e-18,-9.963396072762735e-19,17,-4.675792523073337e-17,4.646768062403418e-17,No,17,SW
2017.4166666666667,3.864711984286148e-18,-9.46073553281515e-19,13,-4.675792523073337e-17,4.646768062403418e-17,No,13,SW
2017.5,1.1287867065571838e-18,-8.958074992867564e-19,-2.3297920727042747e-19,-4.675792523073337e-17,4.646768062403418e-17,No,0,SW
2017.5833333333335,-1.180646590809048e-17,-8.455414452919979e-19,1,-4.675792523073337e-17,4.646768062403418e-17,No,1,SW
2017.6666666666667,-2.0364142483139774e-17,-7.952753912972393e-19,2.1159417874437012e-17,-4.675792523073337e-17,4.646768062403418e-17,No,0,SW
2017.75,-1.0190958018711639e-17,-7.450093373024807e-19,1,-4.675792523073337e-17,4.646768062403418e-17,No,1,SW
2017.8333333333335,1.213082732086881e-17,-6.947432833077222e-19,3,-4.675792523073337e-17,4.646768062403418e-17,No,3,SW
2017.9166666666667,4.286567922473369e-18,-6.686604050827191e-19,-3.61790751739065e-18,-4.675792523073337e-17,4.646768062403418e-17,No,0,SW
2018,6.9151951806155785e-18,-6.425775268577159e-19,-6.272617653757863e-18,-4.675792523073337e-17,4.646768062403418e-17,No,0,SW
2018.0833333333335,-3.4139325471470784e-19,-6.164946486327128e-19,9.578879033474207e-19,-4.675792523073337e-17,4.646768062403418e-17,No,4.81482486096809e-35,SW
2018.1666666666667,1.7422447914931044e-18,-5.904117704077097e-19,-1.1518330210853947e-18,-4.675792523073337e-17,4.646768062403418e-17,No,0,SW
2018.25,1.0820412340351603e-17,-5.643288921827065e-19,-1.0256083448168897e-17,-4.675792523073337e-17,4.646768062403418e-17,No,0,SW
2018.3333333333335,1.814212562567835e-18,-5.382460139577034e-19,-1.2759665486101318e-18,-4.675792523073337e-17,4.646768062403418e-17,No,0,SW
2018.4166666666667,3.864711984286148e-18,-5.121631357327003e-19,-3.352548848553448e-18,-4.675792523073337e-17,4.646768062403418e-17,No,0,SW
2018.5,1.1287867065571838e-18,-4.860802575076972e-19,1,-4.675792523073337e-17,4.646768062403418e-17,No,1,SW
2018.5833333333335,-1.180646590809048e-17,-4.599973792826941e-19,1.2266463287373174e-17,-4.675792523073337e-17,4.646768062403418e-17,No,0,SW
2018.6666666666667,-2.0364142483139774e-17,-4.33914501057691e-19,4,-4.675792523073337e-17,4.646768062403418e-17,No,4,SW
2018.75,-1.0190958018711639e-17,-4.078316228326878e-19,4,-4.675792523073337e-17,4.646768062403418e-17,No,4,SW
2018.8333333333335,1.213082732086881e-17,-3.817487446076847e-19,-1.1749078576261126e-17,-4.675792523073337e-17,4.646768062403418e-17,No,0,SW
2018.9166666666667,4.286567922473369e-18,-3.5566586638268157e-19,-3.9309020560906876e-18,-4.675792523073337e-17,4.646768062403418e-17,No,0,SW
2019,6.9151951806155785e-18,-3.2958298815767843e-19,-6.5856121924579e-18,-4.675792523073337e-17,4.646768062403418e-17,No,0,SW
2019.0833333333335,-3.4139325471470784e-19,-3.3374586082591105e-19,3,-4.675792523073337e-17,4.646768062403418e-17,No,3,SW
2019.1666666666667,1.7422447914931044e-18,-3.379087334941437e-19,-1.4043360579989609e-18,-4.675792523073337e-17,4.646768062403418e-17,No,0,SW
2019.25,1.0820412340351603e-17,-3.420716061623763e-19,-1.0478340734189226e-17,-4.675792523073337e-17,4.646768062403418e-17,No,0,SW
2019.3333333333335,1.814212562567835e-18,-3.462344788306089e-19,-1.4679780837372263e-18,-4.675792523073337e-17,4.646768062403418e-17,No,0,SW
2019.4166666666667,3.864711984286148e-18,-3.503973514988415e-19,-3.5143146327873065e-18,-4.675792523073337e-17,4.646768062403418e-17,No,0,SW
2019.5,1.1287867065571838e-18,-3.5456022416707412e-19,-7.742264823901098e-19,-4.675792523073337e-17,4.646768062403418e-17,No,0,SW
2019.5833333333335,-1.180646590809048e-17,-3.5872309683530675e-19,1.2165189004925787e-17,-4.675792523073337e-17,4.646768062403418e-17,No,0,SW
2019.6666666666667,-2.0364142483139774e-17,-3.6288596950353937e-19,2.0727028452643315e-17,-4.675792523073337e-17,4.646768062403418e-17,No,0,SW
2019.75,-1.0190958018711639e-17,-3.67048842171772e-19,1.055800686088341e-17,-4.675792523073337e-17,4.646768062403418e-17,No,0,SW
2019.8333333333335,1.213082732086881e-17,-3.712117148400046e-19,-1.1759615606028806e-17,-4.675792523073337e-17,4.646768062403418e-17,No,0,SW
2019.9166666666667,4.286567922473369e-18,-3.753745875082372e-19,-3.9111933349651315e-18,-4.675792523073337e-17,4.646768062403418e-17,No,0,SW
2020,6.9151951806155785e-18,-3.795374601764698e-19,-6.5356577204391085e-18,-4.675792523073337e-17,4.646768062403418e-17,No,0,SW
2020.0833333333335,-3.4139325471470784e-19,-3.8370033284470245e-19,3,-4.675792523073337e-17,4.646768062403418e-17,No,3,SW
2020.1666666666667,1.7422447914931044e-18,-3.8786320551293507e-19,-1.3543815859801694e-18,-4.675792523073337e-17,4.646768062403418e-17,No,0,SW
2020.25,1.0820412340351603e-17,-3.277058609181718e-19,-1.0492706479433432e-17,-4.675792523073337e-17,4.646768062403418e-17,No,0,SW
2020.3333333333335,1.814212562567835e-18,-2.6754851632340855e-19,22,-4.675792523073337e-17,4.646768062403418e-17,No,22,SW
2020.4166666666667,3.864711984286148e-18,-2.0739117172864529e-19,-3.6573208125575034e-18,-4.675792523073337e-17,4.646768062403418e-17,No,0,SW
2020.5,1.1287867065571838e-18,-1.4723382713388202e-19,7,-4.675792523073337e-17,4.646768062403418e-17,No,7,SW
2020.5833333333335,-1.180646590809048e-17,-8.707648253911876e-20,2,-4.675792523073337e-17,4.646768062403418e-17,No,2,SW
2020.6666666666667,-2.0364142483139774e-17,-2.6919137944355502e-20,2.039106162108413e-17,-4.675792523073337e-17,4.646768062403418e-17,No,0,SW
2020.75,-1.0190958018711639e-17,3.323820665040776e-20,1.0157719812061231e-17,-4.675792523073337e-17,4.646768062403418e-17,No,0,SW
2020.8333333333335,1.213082732086881e-17,9.339555124517102e-20,2,-4.675792523073337e-17,4.646768062403418e-17,No,2,SW
2020.9166666666667,4.286567922473369e-18,1.5355289583993428e-19,2,-4.675792523073337e-17,4.646768062403418e-17,No,2,SW
2021,6.9151951806155785e-18,2.1371024043469754e-19,-7.128905421050275e-18,-4.675792523073337e-17,4.646768062403418e-17,No,7.703719777548943e-34,SW
2021.0833333333335,-3.4139325471470784e-19,2.738675850294608e-19,6.752566968524706e-20,-4.675792523073337e-17,4.646768062403418e-17,No,0,SW
2021.1666666666667,1.7422447914931044e-18,3.3402492962422407e-19,-2.0762697211173286e-18,-4.675792523073337e-17,4.646768062403418e-17,No,0,SW
2021.25,1.0820412340351603e-17,3.9418227421898735e-19,16,-4.675792523073337e-17,4.646768062403418e-17,No,16,SW
2021.3333333333335,1.814212562567835e-18,4.543396188137505e-19,-2.2685521813815857e-18,-4.675792523073337e-17,4.646768062403418e-17,No,0,SW
2021.4166666666667,3.864711984286148e-18,5.433737820976676e-19,-4.408085766383816e-18,-4.675792523073337e-17,4.646768062403418e-17,No,0,SW
2021.5,1.1287867065571838e-18,6.324079453815847e-19,-1.7611946519387687e-18,-4.675792523073337e-17,4.646768062403418e-17,No,-1.925929944387236e-34,SW
2021.5833333333335,-1.180646590809048e-17,7.2144210866550185e-19,1.108502379942498e-17,-4.675792523073337e-17,4.646768062403418e-17,No,0,SW
2021.6666666666667,-2.0364142483139774e-17,8.104762719494189e-19,13,-4.675792523073337e-17,4.646768062403418e-17,No,13,SW
2021.75,-1.0190958018711639e-17,8.99510435233336e-19,9.291447583478303e-18,-4.675792523073337e-17,4.646768062403418e-17,No,0,SW
2021.8333333333335,1.213082732086881e-17,9.885445985172532e-19,-1.3119371919386063e-17,-4.675792523073337e-17,4.646768062403418e-17,No,0,SW
2021.9166666666667,4.286567922473369e-18,1.0775787618011701e-18,-5.364146684274539e-18,-4.675792523073337e-17,4.646768062403418e-17,No,0,SW
2022,6.9151951806155785e-18,1.1666129250850873e-18,-8.081808105700666e-18,-4.675792523073337e-17,4.646768062403418e-17,No,0,SW
2022.0833333333335,-3.4139325471470784e-19,1.2556470883690045e-18,-9.142538336542966e-19,-4.675792523073337e-17,4.646768062403418e-17,No,4.81482486096809e-35,SW
2022.1666666666667,1.7422447914931044e-18,1.3446812516529214e-18,-3.086926043146026e-18,-4.675792523073337e-17,4.646768062403418e-17,No,0,SW
2022.25,1.0820412340351603e-17,1.4337154149368386e-18,-1.2254127755288442e-17,-4.675792523073337e-17,4.646768062403418e-17,No,0,SW
2022.3333333333335,1.814212562567835e-18,1.5227495782207558e-18,3,-4.675792523073337e-17,4.646768062403418e-17,No,3,SW
2022.4166666666667,3.864711984286148e-18,1.6117837415046728e-18,10,-4.675792523073337e-17,4.646768062403418e-17,No,10,SW
2022.5,1.1287867065571838e-18,1.70081790478859e-18,-2.829604611345774e-18,-4.675792523073337e-17,4.646768062403418e-17,No,-1.925929944387236e-34,SW
2022.5833333333335,-1.180646590809048e-17,1.7909190836496516e-18,1.0015546824440829e-17,-4.675792523073337e-17,4.646768062403418e-17,No,0,SW
2022.6666666666667,-2.0364142483139774e-17,1.881020262510713e-18,11,-4.675792523073337e-17,4.646768062403418e-17,No,11,SW
2022.75,-1.0190958018711639e-17,1.9711214413717745e-18,8.219836577339864e-18,-4.675792523073337e-17,4.646768062403418e-17,No,0,SW
2022.8333333333335,1.213082732086881e-17,2.061222620232836e-18,1,-4.675792523073337e-17,4.646768062403418e-17,No,1,SW
2022.9166666666667,4.286567922473369e-18,2.1513237990938974e-18,14,-4.675792523073337e-17,4.646768062403418e-17,No,14,SW
2023,6.9151951806155785e-18,2.241424977954959e-18,3,-4.675792523073337e-17,4.646768062403418e-17,No,3,SW
2023.0833333333335,-3.4139325471470784e-19,2.3315261568160203e-18,-1.9901329021013124e-18,-4.675792523073337e-17,4.646768062403418e-17,No,4.81482486096809e-35,SW
2023.1666666666667,1.7422447914931044e-18,2.4216273356770817e-18,18,-4.675792523073337e-17,4.646768062403418e-17,No,18,SW
2023.25,1.0820412340351603e-17,2.511728514538143e-18,8,-4.675792523073337e-17,4.646768062403418e-17,No,8,SW
2023.3333333333335,1.814212562567835e-18,2.6018296933992046e-18,11,-4.675792523073337e-17,4.646768062403418e-17,No,11,SW
2023.4166666666667,3.864711984286148e-18,2.691930872260266e-18,17,-4.675792523073337e-17,4.646768062403418e-17,No,17,SW
2023.5,1.1287867065571838e-18,2.7820320511213275e-18,-3.9108187576785114e-18,-4.675792523073337e-17,4.646768062403418e-17,No,0,SW
2023.5833333333335,-1.180646590809048e-17,2.872133229982389e-18,1,-4.675792523073337e-17,4.646768062403418e-17,No,1,SW
2023.6666666666667,-2.0364142483139774e-17,2.9622344088434505e-18,4,-4.675792523073337e-17,4.646768062403418e-17,No,4,SW
2023.75,-1.0190958018711639e-17,3.055749021426691e-18,13,-4.675792523073337e-17,4.646768062403418e-17,No,13,SW
2023.8333333333335,1.213082732086881e-17,3.1492636340099314e-18,4,-4.675792523073337e-17,4.646768062403418e-17,No,4,SW
2023.9166666666667,4.286567922473369e-18,3.242778246593172e-18,19,-4.675792523073337e-17,4.646768062403418e-17,No,19,SW
2024,6.9151951806155785e-18,3.3362928591764128e-18,6,-4.675792523073337e-17,4.646768062403418e-17,No,6,SW
2024.0833333333335,-3.4139325471470784e-19,3.4298074717596534e-18,-3.0884142170449455e-18,-4.675792523073337e-17,4.646768062403418e-17,No,4.81482486096809e-35,SW
2024.1666666666667,1.7422447914931044e-18,3.523322084342894e-18,-5.265566875835998e-18,-4.675792523073337e-17,4.646768062403418e-17,No,0,SW
2024.25,1.0820412340351603e-17,3.616836696926135e-18,15,-4.675792523073337e-17,4.646768062403418e-17,No,15,SW
2024.3333333333335,1.814212562567835e-18,3.710351309509375e-18,-5.5245638720772106e-18,-4.675792523073337e-17,4.646768062403418e-17,No,-3.851859888774472e-34,SW
2024.4166666666667,3.864711984286148e-18,3.803865922092615e-18,-7.668577906378764e-18,-4.675792523073337e-17,4.646768062403418e-17,No,0,SW
2024.5,1.1287867065571838e-18,3.8973805346758564e-18,1,-4.675792523073337e-17,4.646768062403418e-17,No,1,SW
2024.5833333333335,-1.180646590809048e-17,3.990895147259097e-18,7.815570760831384e-18,-4.675792523073337e-17,4.646768062403418e-17,No,0,SW
2024.6666666666667,-2.0364142483139774e-17,4.084409759842337e-18,1.6279732723297438e-17,-4.675792523073337e-17,4.646768062403418e-17,No,0,SW
2024.75,-1.0190958018711639e-17,4.177924372425578e-18,5,-4.675792523073337e-17,4.646768062403418e-17,No,5,SW
2024.8333333333335,1.213082732086881e-17,4.271438985008818e-18,19,-4.675792523073337e-17,4.646768062403418e-17,No,19,SW
2024.9166666666667,4.286567922473369e-18,4.371442194311985e-18,6,-4.675792523073337e-17,4.646768062403418e-17,No,6,SW
2025,6.9151951806155785e-18,4.4714454036151504e-18,10,-4.675792523073337e-17,4.646768062403418e-17,No,10,SW
2025.0833333333335,-3.4139325471470784e-19,4.571448612918317e-18,1,-4.675792523073337e-17,4.646768062403418e-17,No,1,SW
2025.1666666666667,1.7422447914931044e-18,4.671451822221483e-18,3,-4.675792523073337e-17,4.646768062403418e-17,No,3,SW
2025.25,1.0820412340351603e-17,4.771455031524649e-18,7,-4.675792523073337e-17,4.646768062403418e-17,No,7,SW
2025.3333333333335,1.814212562567835e-18,4.8714582408278155e-18,2,-4.675792523073337e-17,4.646768062403418e-17,No,2,SW
2025.4166666666667,3.864711984286148e-18,4.971461450130982e-18,3,-4.675792523073337e-17,4.646768062403418e-17,No,3,SW
2025.5,1.1287867065571838e-18,5.071464659434148e-18,3,-4.675792523073337e-17,4.646768062403418e-17,No,3,SW
2025.5833333333335,-1.180646590809048e-17,5.171467868737314e-18,4,-4.675792523073337e-17,4.646768062403418e-17,No,4,SW
2025.6666666666667,-2.0364142483139774e-17,5.2714710780404805e-18,1.5092671405099294e-17,-4.675792523073337e-17,4.646768062403418e-17,No,0,SW
2025.75,-1.0190958018711639e-17,5.371474287343647e-18,4.819483731367992e-18,-4.675792523073337e-17,4.646768062403418e-17,No,0,SW
2025.8333333333335,1.213082732086881e-17,5.4714774966468126e-18,1,-4.675792523073337e-17,4.646768062403418e-17,No,1,SW
2025.9166666666667,4.286567922473369e-18,5.571480705949979e-18,-9.858048628423347e-18,-4.675792523073337e-17,4.646768062403418e-17,No,7.703719777548943e-34,SW
1981.6666666666667,-2.5784523147334823e-19,1.5993719416264386e-20,2.4185151205708386e-19,-1.1552916632928824e-18,1.1783878918307056e-18,No,0,S
1981.75,1.763525507804453e-19,1.5271187661236448e-20,-1.9162373844168175e-19,-1.1552916632928824e-18,1.1783878918307056e-18,No,0,S
1981.8333333333335,4.223183115600472e-19,1.4548655906208512e-20,1,-1.1552916632928824e-18,1.1783878918307056e-18,No,1,S
1981.9166666666667,1.3698078826841231e-19,1.3826124151180574e-20,-1.5080691241959288e-19,-1.1552916632928824e-18,1.1783878918307056e-18,No,0,S
1982,2.994919799009406e-20,1.3103592396152639e-20,-4.3052790386246704e-20,-1.1552916632928824e-18,1.1783878918307056e-18,No,-6.018531076210112e-36,S
1982.0833333333335,-3.158718585661911e-20,1.2381060641124701e-20,1.920612521549441e-20,-1.1552916632928824e-18,1.1783878918307056e-18,No,0,S
1982.1666666666667,-7.019830313535339e-20,1.1658528886096764e-20,5.853977424925663e-20,-1.1552916632928824e-18,1.1783878918307056e-18,No,0,S
1982.25,2.111181134153705e-19,1.0935997131068828e-20,-2.2205411054643933e-19,-1.1552916632928824e-18,1.1783878918307056e-18,No,0,S
1982.3333333333335,2.7991981280184855e-19,1.0213465376040891e-20,5,-1.1552916632928824e-18,1.1783878918307056e-18,Yes,5,S
1982.4166666666667,-3.3091894516844744e-19,9.490933621012955e-21,3.2142801154743446e-19,-1.1552916632928824e-18,1.1783878918307056e-18,No,0,S
1982.5,5.2588580808234305e-20,8.768401865985018e-21,-6.135698267421932e-20,-1.1552916632928824e-18,1.1783878918307056e-18,No,6.018531076210112e-36,S
1982.5833333333335,-6.186777067046941e-19,8.045870110957081e-21,6.10631836593737e-19,-1.1552916632928824e-18,1.1783878918307056e-18,No,0,S
1982.6666666666667,-2.5784523147334823e-19,7.323338355929143e-21,6,-1.1552916632928824e-18,1.1783878918307056e-18,Yes,6,S
1982.75,1.763525507804453e-19,6.6008066009012074e-21,-1.829533573813465e-19,-1.1552916632928824e-18,1.1783878918307056e-18,No,0,S
1982.8333333333335,4.223183115600472e-19,5.878274845873271e-21,-4.2819658640592047e-19,-1.1552916632928824e-18,1.1783878918307056e-18,No,0,S
1982.9166666666667,1.3698078826841231e-19,5.154158890506258e-21,-1.4213494715891857e-19,-1.1552916632928824e-18,1.1783878918307056e-18,No,0,S
1983,2.994919799009406e-20,4.4300429351392445e-21,-3.4379240925233306e-20,-1.1552916632928824e-18,1.1783878918307056e-18,No,0,S
1983.0833333333335,-3.158718585661911e-20,3.705926979772232e-21,2.788125887684688e-20,-1.1552916632928824e-18,1.1783878918307056e-18,No,0,S
1983.1666666666667,-7.019830313535339e-20,2.981811024405219e-21,5,-1.1552916632928824e-18,1.1783878918307056e-18,No,5,S
1983.25,2.111181134153705e-19,2.257695069038206e-21,-2.1337580848440871e-19,-1.1552916632928824e-18,1.1783878918307056e-18,No,0,S
1983.3333333333335,2.7991981280184855e-19,1.533579113671193e-21,-2.8145339191551973e-19,-1.1552916632928824e-18,1.1783878918307056e-18,No,0,S
1983.4166666666667,-3.3091894516844744e-19,8.0946315830418e-22,3.3010948201014325e-19,-1.1552916632928824e-18,1.1783878918307056e-18,No,0,S
1983.5,5.2588580808234305e-20,8.534720293716702e-23,-5.267392801117147e-20,-1.1552916632928824e-18,1.1783878918307056e-18,No,0,S
1983.5833333333335,-6.186777067046941e-19,-6.38768752429846e-22,6.193164754571239e-19,-1.1552916632928824e-18,1.1783878918307056e-18,No,0,S
1983.6666666666667,-2.5784523147334823e-19,-1.362884707796859e-21,2.592081161811451e-19,-1.1552916632928824e-18,1.1783878918307056e-18,No,0,S
1983.75,1.763525507804453e-19,-2.087000663163872e-21,1,-1.1552916632928824e-18,1.1783878918307056e-18,No,1,S
1983.8333333333335,4.223183115600472e-19,-2.811116618530885e-21,7,-1.1552916632928824e-18,1.1783878918307056e-18,Yes,7,S
1983.9166666666667,1.3698078826841231e-19,-3.535232573897898e-21,-1.3344555569451442e-19,-1.1552916632928824e-18,1.1783878918307056e-18,No,0,S
1984,2.994919799009406e-20,-4.2593485292649104e-21,-2.5689849460829152e-20,-1.1552916632928824e-18,1.1783878918307056e-18,No,0,S
1984.0833333333335,-3.158718585661911e-20,-4.950498999393551e-21,3.653768485601266e-20,-1.1552916632928824e-18,1.1783878918307056e-18,No,0,S
1984.1666666666667,-7.019830313535339e-20,-5.641649469522191e-21,7.583995260487558e-20,-1.1552916632928824e-18,1.1783878918307056e-18,No,0,S
1984.25,2.111181134153705e-19,-6.332799939650832e-21,-2.047853134757197e-19,-1.1552916632928824e-18,1.1783878918307056e-18,No,0,S
1984.3333333333335,2.7991981280184855e-19,-7.023950409779473e-21,-2.728958623920691e-19,-1.1552916632928824e-18,1.1783878918307056e-18,No,-4.81482486096809e-35,S
1984.4166666666667,-3.3091894516844744e-19,-7.715100879908113e-21,3.3863404604835556e-19,-1.1552916632928824e-18,1.1783878918307056e-18,No,0,S
1984.5,5.2588580808234305e-20,-8.406251350036754e-21,-4.418232945819755e-20,-1.1552916632928824e-18,1.1783878918307056e-18,No,0,S
1984.5833333333335,-6.186777067046941e-19,-9.097401820165394e-21,6.277751085248595e-19,-1.1552916632928824e-18,1.1783878918307056e-18,No,0,S
1984.6666666666667,-2.5784523147334823e-19,-9.788552290294035e-21,2.6763378376364225e-19,-1.1552916632928824e-18,1.1783878918307056e-18,No,0,S
1984.75,1.763525507804453e-19,-1.0479702760422676e-20,-1.6587284802002262e-19,-1.1552916632928824e-18,1.1783878918307056e-18,No,0,S
1984.8333333333335,4.223183115600472e-19,-1.1170853230551316e-20,-4.111474583294959e-19,-1.1552916632928824e-18,1.1783878918307056e-18,No,0,S
1984.9166666666667,1.3698078826841231e-19,-1.1862003700679957e-20,-1.2511878456773236e-19,-1.1552916632928824e-18,1.1783878918307056e-18,No,0,S
1985,2.994919799009406e-20,-1.2553154170808596e-20,-1.7396043819285465e-20,-1.1552916632928824e-18,1.1783878918307056e-18,No,0,S
1985.0833333333335,-3.158718585661911e-20,-1.3244304640937237e-20,4.483149049755635e-20,-1.1552916632928824e-18,1.1783878918307056e-18,No,0,S
1985.1666666666667,-7.019830313535339e-20,-1.393545511106588e-20,8.413375824641926e-20,-1.1552916632928824e-18,1.1783878918307056e-18,No,-1.2037062152420224e-35,S
1985.25,2.111181134153705e-19,-1.4591436061202947e-20,-1.9652667735416756e-19,-1.1552916632928824e-18,1.1783878918307056e-18,No,0,S
1985.3333333333335,2.7991981280184855e-19,-1.5247417011340015e-20,-2.6467239579050853e-19,-1.1552916632928824e-18,1.1783878918307056e-18,No,0,S
1985.4166666666667,-3.3091894516844744e-19,-1.5903397961477083e-20,3.4682234312992454e-19,-1.1552916632928824e-18,1.1783878918307056e-18,No,0,S
1985.5,5.2588580808234305e-20,-1.6559378911614148e-20,-3.6029201896620153e-20,-1.1552916632928824e-18,1.1783878918307056e-18,No,6.018531076210112e-36,S
1985.5833333333335,-6.186777067046941e-19,-1.7215359861751217e-20,6.358930665664453e-19,-1.1552916632928824e-18,1.1783878918307056e-18,No,0,S
1985.6666666666667,-2.5784523147334823e-19,-1.7871340811888285e-20,2,-1.1552916632928824e-18,1.1783878918307056e-18,No,2,S
1985.75,1.763525507804453e-19,-1.8527321762025353e-20,1,-1.1552916632928824e-18,1.1783878918307056e-18,No,1,S
1985.8333333333335,4.223183115600472e-19,-1.918330271216242e-20,-4.031350088478848e-19,-1.1552916632928824e-18,1.1783878918307056e-18,No,0,S
1985.9166666666667,1.3698078826841231e-19,-1.983928366229949e-20,-1.1714150460611282e-19,-1.1552916632928824e-18,1.1783878918307056e-18,No,0,S
1986,2.994919799009406e-20,-2.0495264612436555e-20,-9.453933377657507e-21,-1.1552916632928824e-18,1.1783878918307056e-18,No,0,S
1986.0833333333335,-3.158718585661911e-20,-2.1151245562573623e-20,5.273843141919273e-20,-1.1552916632928824e-18,1.1783878918307056e-18,No,-6.018531076210112e-36,S
1986.1666666666667,-7.019830313535339e-20,-2.180722651271069e-20,9.200552964806408e-20,-1.1552916632928824e-18,1.1783878918307056e-18,No,0,S
1986.25,2.111181134153705e-19,-2.246320746284776e-20,-1.8865490595252275e-19,-1.1552916632928824e-18,1.1783878918307056e-18,No,0,S
1986.3333333333335,2.7991981280184855e-19,-2.3119188412984827e-20,-2.568006243888637e-19,-1.1552916632928824e-18,1.1783878918307056e-18,No,0,S
1986.4166666666667,-3.3091894516844744e-19,-2.382001244497638e-20,3.547389576134238e-19,-1.1552916632928824e-18,1.1783878918307056e-18,No,0,S
1986.5,5.2588580808234305e-20,-2.4520836476967934e-20,-2.806774433126637e-20,-1.1552916632928824e-18,1.1783878918307056e-18,No,0,S
1986.5833333333335,-6.186777067046941e-19,-2.5221660508959487e-20,6.438993672136536e-19,-1.1552916632928824e-18,1.1783878918307056e-18,No,0,S
1986.6666666666667,-2.5784523147334823e-19,-2.5922484540951037e-20,2.837677160142993e-19,-1.1552916632928824e-18,1.1783878918307056e-18,No,0,S
1986.75,1.763525507804453e-19,-2.662330857294259e-20,-1.497292422075027e-19,-1.1552916632928824e-18,1.1783878918307056e-18,No,0,S
1986.8333333333335,4.223183115600472e-19,-2.7324132604934146e-20,-3.9499417895511305e-19,-1.1552916632928824e-18,1.1783878918307056e-18,No,4.81482486096809e-35,S
1986.9166666666667,1.3698078826841231e-19,-2.8024956636925697e-20,-1.089558316314866e-19,-1.1552916632928824e-18,1.1783878918307056e-18,No,2.407412430484045e-35,S
1987,2.994919799009406e-20,-2.8725780668917247e-20,-1.2234173211768146e-21,-1.1552916632928824e-18,1.1783878918307056e-18,No,0,S
1987.0833333333335,-3.158718585661911e-20,-2.9426604700908803e-20,6.101379055752792e-20,-1.1552916632928824e-18,1.1783878918307056e-18,No,0,S
1987.1666666666667,-7.019830313535339e-20,-3.0127428732900353e-20,7,-1.1552916632928824e-18,1.1783878918307056e-18,No,7,S
1987.25,2.111181134153705e-19,-3.082825276489191e-20,-1.802898606504786e-19,-1.1552916632928824e-18,1.1783878918307056e-18,No,0,S
1987.3333333333335,2.7991981280184855e-19,-3.152907679688346e-20,-2.483907360049651e-19,-1.1552916632928824e-18,1.1783878918307056e-18,No,0,S
1987.4166666666667,-3.3091894516844744e-19,-3.222990082887501e-20,3.6314884599732245e-19,-1.1552916632928824e-18,1.1783878918307056e-18,No,0,S
1987.5,5.2588580808234305e-20,-3.2930724860866566e-20,3,-1.1552916632928824e-18,1.1783878918307056e-18,Yes,3,S
1987.5833333333335,-6.186777067046941e-19,-3.3516870434425796e-20,2,-1.1552916632928824e-18,1.1783878918307056e-18,No,2,S
1987.6666666666667,-2.5784523147334823e-19,-3.4103016007985033e-20,8,-1.1552916632928824e-18,1.1783878918307056e-18,Yes,8,S
1987.75,1.763525507804453e-19,-3.4689161581544264e-20,-1.4166338919890104e-19,-1.1552916632928824e-18,1.1783878918307056e-18,No,0,S
1987.8333333333335,4.223183115600472e-19,-3.5275307155103494e-20,-3.8704300440494372e-19,-1.1552916632928824e-18,1.1783878918307056e-18,No,0,S
1987.9166666666667,1.3698078826841231e-19,-3.5861452728662725e-20,-1.0111933553974959e-19,-1.1552916632928824e-18,1.1783878918307056e-18,No,0,S
1988,2.994919799009406e-20,-3.644759830222196e-20,6.4984003121279e-21,-1.1552916632928824e-18,1.1783878918307056e-18,No,0,S
1988.0833333333335,-3.158718585661911e-20,-3.703374387578119e-20,6.86209297324003e-20,-1.1552916632928824e-18,1.1783878918307056e-18,No,0,S
1988.1666666666667,-7.019830313535339e-20,-3.761988944934042e-20,1.0781819258469382e-19,-1.1552916632928824e-18,1.1783878918307056e-18,No,1.2037062152420224e-35,S
1988.25,2.111181134153705e-19,-3.820603502289966e-20,-1.7291207839247085e-19,-1.1552916632928824e-18,1.1783878918307056e-18,No,0,S
1988.3333333333335,2.7991981280184855e-19,-3.879218059645889e-20,-2.4112763220538965e-19,-1.1552916632928824e-18,1.1783878918307056e-18,No,0,S
1988.4166666666667,-3.3091894516844744e-19,-3.937832617001812e-20,3.702972713384656e-19,-1.1552916632928824e-18,1.1783878918307056e-18,No,0,S
1988.5,5.2588580808234305e-20,-3.996447174357735e-20,1,-1.1552916632928824e-18,1.1783878918307056e-18,No,1,S
1988.5833333333335,-6.186777067046941e-19,-4.055061731713659e-20,6.592283240218307e-19,-1.1552916632928824e-18,1.1783878918307056e-18,No,0,S
1988.6666666666667,-2.5784523147334823e-19,-4.113676289069582e-20,2.9898199436404406e-19,-1.1552916632928824e-18,1.1783878918307056e-18,No,0,S
1988.75,1.763525507804453e-19,-4.122690023277328e-20,-1.35125650547672e-19,-1.1552916632928824e-18,1.1783878918307056e-18,No,0,S
1988.8333333333335,4.223183115600472e-19,-4.131703757485075e-20,-3.8100127398519646e-19,-1.1552916632928824e-18,1.1783878918307056e-18,No,0,S
1988.9166666666667,1.3698078826841231e-19,-4.1407174916928206e-20,-9.557361335148411e-20,-1.1552916632928824e-18,1.1783878918307056e-18,No,0,S
1989,2.994919799009406e-20,-4.149731225900567e-20,1.154811426891161e-20,-1.1552916632928824e-18,1.1783878918307056e-18,No,0,S
1989.0833333333335,-3.158718585661911e-20,-4.1587449601083136e-20,7.317463545770225e-20,-1.1552916632928824e-18,1.1783878918307056e-18,No,6.018531076210112e-36,S
1989.1666666666667,-7.019830313535339e-20,-4.16775869431606e-20,1.11875890078514e-19,-1.1552916632928824e-18,1.1783878918307056e-18,No,0,S
1989.25,2.111181134153705e-19,-4.176772428523806e-20,-1.6935038913013246e-19,-1.1552916632928824e-18,1.1783878918307056e-18,No,0,S
1989.3333333333335,2.7991981280184855e-19,-4.1857861627315525e-20,-2.38061951174533e-19,-1.1552916632928824e-18,1.1783878918307056e-18,No,0,S
1989.4166666666667,-3.3091894516844744e-19,-4.194799896939299e-20,3.7286694413784044e-19,-1.1552916632928824e-18,1.1783878918307056e-18,No,0,S
1989.5,5.2588580808234305e-20,-4.2038136311470454e-20,9,-1.1552916632928824e-18,1.1783878918307056e-18,Yes,9,S
1989.5833333333335,-6.186777067046941e-19,-4.212827365354792e-20,2,-1.1552916632928824e-18,1.1783878918307056e-18,No,2,S
1989.6666666666667,-2.5784523147334823e-19,-4.221841099562538e-20,3.0006364246897364e-19,-1.1552916632928824e-18,1.1783878918307056e-18,No,0,S
1989.75,1.763525507804453e-19,-4.230854833770284e-20,6,-1.1552916632928824e-18,1.1783878918307056e-18,No,6,S
1989.8333333333335,4.223183115600472e-19,-4.239868567978031e-20,-3.7991962588026693e-19,-1.1552916632928824e-18,1.1783878918307056e-18,No,-4.81482486096809e-35,S
1989.9166666666667,1.3698078826841231e-19,-4.2053349226952153e-20,-9.492743904146016e-20,-1.1552916632928824e-18,1.1783878918307056e-18,No,0,S
1990,2.994919799009406e-20,-4.1708012774124e-20,1.1758814784029937e-20,-1.1552916632928824e-18,1.1783878918307056e-18,No,0,S
1990.0833333333335,-3.158718585661911e-20,-4.136267632129584e-20,7.294986217791495e-20,-1.1552916632928824e-18,1.1783878918307056e-18,No,0,S
1990.1666666666667,-7.019830313535339e-20,-4.1017339868467684e-20,1,-1.1552916632928824e-18,1.1783878918307056e-18,No,1,S
1990.25,2.111181134153705e-19,-4.067200341563953e-20,-1.7044610999973099e-19,-1.1552916632928824e-18,1.1783878918307056e-18,No,0,S
1990.3333333333335,2.7991981280184855e-19,-4.0326666962811375e-20,1,-1.1552916632928824e-18,1.1783878918307056e-18,No,1,S
1990.4166666666667,-3.3091894516844744e-19,-3.998133050998322e-20,3.7090027567843065e-19,-1.1552916632928824e-18,1.1783878918307056e-18,No,0,S
1990.5,5.2588580808234305e-20,-3.963599405715506e-20,4,-1.1552916632928824e-18,1.1783878918307056e-18,Yes,4,S
1990.5833333333335,-6.186777067046941e-19,-3.9290657604326905e-20,5,-1.1552916632928824e-18,1.1783878918307056e-18,No,5,S
1990.6666666666667,-2.5784523147334823e-19,-3.894532115149875e-20,2.96790552624847e-19,-1.1552916632928824e-18,1.1783878918307056e-18,No,0,S
1990.75,1.763525507804453e-19,-3.8599984698670596e-20,-1.377525660817747e-19,-1.1552916632928824e-18,1.1783878918307056e-18,No,0,S
1990.8333333333335,4.223183115600472e-19,-3.8254648245842435e-20,-3.840636633142048e-19,-1.1552916632928824e-18,1.1783878918307056e-18,No,0,S
1990.9166666666667,1.3698078826841231e-19,-3.790931179301428e-20,-9.907147647539803e-20,-1.1552916632928824e-18,1.1783878918307056e-18,No,0,S
1991,2.994919799009406e-20,-3.7563975340186126e-20,7.614777350092065e-21,-1.1552916632928824e-18,1.1783878918307056e-18,No,0,S
1991.0833333333335,-3.158718585661911e-20,-3.679989235075401e-20,6.838707820737312e-20,-1.1552916632928824e-18,1.1783878918307056e-18,No,-6.018531076210112e-36,S
1991.1666666666667,-7.019830313535339e-20,-3.603580936132189e-20,1.0623411249667527e-19,-1.1552916632928824e-18,1.1783878918307056e-18,No,-1.2037062152420224e-35,S
1991.25,2.111181134153705e-19,-3.5271726371889775e-20,-1.7584638704348075e-19,-1.1552916632928824e-18,1.1783878918307056e-18,No,0,S
1991.3333333333335,2.7991981280184855e-19,-3.450764338245766e-20,-2.454121694193909e-19,-1.1552916632928824e-18,1.1783878918307056e-18,No,0,S
1991.4166666666667,-3.3091894516844744e-19,-3.374356039302555e-20,3.64662505561473e-19,-1.1552916632928824e-18,1.1783878918307056e-18,No,0,S
1991.5,5.2588580808234305e-20,-3.297947740359343e-20,-1.9609103404640875e-20,-1.1552916632928824e-18,1.1783878918307056e-18,No,0,S
1991.5833333333335,-6.186777067046941e-19,-3.221539441416131e-20,7,-1.1552916632928824e-18,1.1783878918307056e-18,No,7,S
1991.6666666666667,-2.5784523147334823e-19,-3.1451311424729196e-20,4,-1.1552916632928824e-18,1.1783878918307056e-18,No,4,S
1991.75,1.763525507804453e-19,-3.068722843529708e-20,-1.4566532234514822e-19,-1.1552916632928824e-18,1.1783878918307056e-18,No,0,S
1991.8333333333335,4.223183115600472e-19,-2.992314544586496e-20,-3.923951661141823e-19,-1.1552916632928824e-18,1.1783878918307056e-18,No,-4.81482486096809e-35,S
1991.9166666666667,1.3698078826841231e-19,-2.9159062456432845e-20,-1.0782172581197946e-19,-1.1552916632928824e-18,1.1783878918307056e-18,No,0,S
1992,2.994919799009406e-20,-2.839497946700073e-20,-1.5542185230933337e-21,-1.1552916632928824e-18,1.1783878918307056e-18,No,0,S
1992.0833333333335,-3.158718585661911e-20,-2.763089647756861e-20,5.921808233418772e-20,-1.1552916632928824e-18,1.1783878918307056e-18,No,0,S
1992.1666666666667,-7.019830313535339e-20,-2.6866813488136497e-20,9.706511662348988e-20,-1.1552916632928824e-18,1.1783878918307056e-18,No,0,S
1992.25,2.111181134153705e-19,-2.6084061874823828e-20,-1.8503405154054667e-19,-1.1552916632928824e-18,1.1783878918307056e-18,No,0,S
1992.3333333333335,2.7991981280184855e-19,-2.530131026151116e-20,-2.5461850254033737e-19,-1.1552916632928824e-18,1.1783878918307056e-18,No,0,S
1992.4166666666667,-3.3091894516844744e-19,-2.4518558648198488e-20,3.5543750381664594e-19,-1.1552916632928824e-18,1.1783878918307056e-18,No,0,S
1992.5,5.2588580808234305e-20,-2.373580703488582e-20,-2.8852773773348486e-20,-1.1552916632928824e-18,1.1783878918307056e-18,No,0,S
1992.5833333333335,-6.186777067046941e-19,-2.295305542157315e-20,6.416307621262672e-19,-1.1552916632928824e-18,1.1783878918307056e-18,No,0,S
1992.6666666666667,-2.5784523147334823e-19,-2.2170303808260482e-20,2.800155352816087e-19,-1.1552916632928824e-18,1.1783878918307056e-18,No,0,S
1992.75,1.763525507804453e-19,-2.138755219494781e-20,-1.549649985854975e-19,-1.1552916632928824e-18,1.1783878918307056e-18,No,0,S
1992.8333333333335,4.223183115600472e-19,-2.0604800581635142e-20,-4.0171351097841207e-19,-1.1552916632928824e-18,1.1783878918307056e-18,No,0,S
1992.9166666666667,1.3698078826841231e-19,-1.9822048968322473e-20,-1.1715873930008985e-19,-1.1552916632928824e-18,1.1783878918307056e-18,No,0,S
1993,2.994919799009406e-20,-1.9039297355009804e-20,-1.0909900635084257e-20,-1.1552916632928824e-18,1.1783878918307056e-18,No,0,S
1993.0833333333335,-3.158718585661911e-20,-1.8256545741697136e-20,4.9843731598316245e-20,-1.1552916632928824e-18,1.1783878918307056e-18,No,-6.018531076210112e-36,S
1993.1666666666667,-7.019830313535339e-20,-1.7473794128384464e-20,8.767209726373785e-20,-1.1552916632928824e-18,1.1783878918307056e-18,No,-1.2037062152420224e-35,S
1993.25,2.111181134153705e-19,-1.6691042515071795e-20,-1.9442707090029872e-19,-1.1552916632928824e-18,1.1783878918307056e-18,No,0,S
1993.3333333333335,2.7991981280184855e-19,-1.5908290901759127e-20,-2.6401152190008944e-19,-1.1552916632928824e-18,1.1783878918307056e-18,No,0,S
1993.4166666666667,-3.3091894516844744e-19,-1.5324081948694212e-20,3.4624302711714165e-19,-1.1552916632928824e-18,1.1783878918307056e-18,No,0,S
1993.5,5.2588580808234305e-20,-1.4739872995629298e-20,3,-1.1552916632928824e-18,1.1783878918307056e-18,No,3,S
1993.5833333333335,-6.186777067046941e-19,-1.4155664042564387e-20,6.328333707472585e-19,-1.1552916632928824e-18,1.1783878918307056e-18,No,0,S
1993.6666666666667,-2.5784523147334823e-19,-1.3571455089499473e-20,2.714166865628477e-19,-1.1552916632928824e-18,1.1783878918307056e-18,No,0,S
1993.75,1.763525507804453e-19,-1.2987246136434558e-20,-1.6336530464401073e-19,-1.1552916632928824e-18,1.1783878918307056e-18,No,0,S
1993.8333333333335,4.223183115600472e-19,-1.2403037183369646e-20,-4.099152743766776e-19,-1.1552916632928824e-18,1.1783878918307056e-18,No,0,S
1993.9166666666667,1.3698078826841231e-19,-1.1818828230304733e-20,-1.2516196003810758e-19,-1.1552916632928824e-18,1.1783878918307056e-18,No,0,S
1994,2.994919799009406e-20,-1.1234619277239818e-20,-1.8714578712854243e-20,-1.1552916632928824e-18,1.1783878918307056e-18,No,0,S
1994.0833333333335,-3.158718585661911e-20,-1.0650410324174904e-20,4.2237596180794017e-20,-1.1552916632928824e-18,1.1783878918307056e-18,No,0,S
1994.1666666666667,-7.019830313535339e-20,-1.0066201371109991e-20,1,-1.1552916632928824e-18,1.1783878918307056e-18,No,1,S
1994.25,2.111181134153705e-19,-9.481992418045079e-21,-2.0163612099732543e-19,-1.1552916632928824e-18,1.1783878918307056e-18,No,0,S
1994.3333333333335,2.7991981280184855e-19,-8.897783464980164e-21,-2.7102202933686836e-19,-1.1552916632928824e-18,1.1783878918307056e-18,No,0,S
1994.4166666666667,-3.3091894516844744e-19,-8.31357451191525e-21,3.392325196803627e-19,-1.1552916632928824e-18,1.1783878918307056e-18,No,0,S
1994.5,5.2588580808234305e-20,-7.729365558850337e-21,-4.4859215249383966e-20,-1.1552916632928824e-18,1.1783878918307056e-18,No,0,S
1994.5833333333335,-6.186777067046941e-19,-7.603053003032888e-21,6.26280759707727e-19,-1.1552916632928824e-18,1.1783878918307056e-18,No,0,S
1994.6666666666667,-2.5784523147334823e-19,-7.476740447215438e-21,2.6532197192056367e-19,-1.1552916632928824e-18,1.1783878918307056e-18,No,0,S
1994.75,1.763525507804453e-19,-7.350427891397989e-21,-1.6900212288904731e-19,-1.1552916632928824e-18,1.1783878918307056e-18,No,0,S
1994.8333333333335,4.223183115600472e-19,-7.224115335580538e-21,-4.150941962244667e-19,-1.1552916632928824e-18,1.1783878918307056e-18,No,0,S
1994.9166666666667,1.3698078826841231e-19,-7.09780277976309e-21,4,-1.1552916632928824e-18,1.1783878918307056e-18,No,4,S
1995,2.994919799009406e-20,-6.97149022394564e-21,-2.297770776614842e-20,-1.1552916632928824e-18,1.1783878918307056e-18,No,0,S
1995.0833333333335,-3.158718585661911e-20,-6.84517766812819e-21,8,-1.1552916632928824e-18,1.1783878918307056e-18,No,8,S
1995.1666666666667,-7.019830313535339e-20,-6.718865112310741e-21,7.691716824766413e-20,-1.1552916632928824e-18,1.1783878918307056e-18,No,0,S
1995.25,2.111181134153705e-19,-6.592552556493291e-21,6,-1.1552916632928824e-18,1.1783878918307056e-18,No,6,S
1995.3333333333335,2.7991981280184855e-19,-6.4662400006758416e-21,-2.734535728011727e-19,-1.1552916632928824e-18,1.1783878918307056e-18,No,0,S
1995.4166666666667,-3.3091894516844744e-19,-6.339927444858392e-21,3.3725887261330584e-19,-1.1552916632928824e-18,1.1783878918307056e-18,No,0,S
1995.5,5.2588580808234305e-20,-6.213614889040943e-21,-4.637496591919336e-20,-1.1552916632928824e-18,1.1783878918307056e-18,No,0,S
1995.5833333333335,-6.186777067046941e-19,-6.087302333223493e-21,6.247650090379176e-19,-1.1552916632928824e-18,1.1783878918307056e-18,No,0,S
1995.6666666666667,-2.5784523147334823e-19,-5.9609897774060435e-21,2.6380622125075425e-19,-1.1552916632928824e-18,1.1783878918307056e-18,No,0,S
1995.75,1.763525507804453e-19,-6.2650136448335685e-21,3,-1.1552916632928824e-18,1.1783878918307056e-18,No,3,S
1995.8333333333335,4.223183115600472e-19,-6.5690375122610935e-21,9,-1.1552916632928824e-18,1.1783878918307056e-18,No,9,S
1995.9166666666667,1.3698078826841231e-19,-6.873061379688618e-21,2,-1.1552916632928824e-18,1.1783878918307056e-18,No,2,S
1996,2.994919799009406e-20,-7.177085247116143e-21,6,-1.1552916632928824e-18,1.1783878918307056e-18,No,6,S
1996.0833333333335,-3.158718585661911e-20,-7.481109114543668e-21,3.906829497116278e-20,-1.1552916632928824e-18,1.1783878918307056e-18,No,0,S
1996.1666666666667,-7.019830313535339e-20,-7.785132981971193e-21,7.798343611732458e-20,-1.1552916632928824e-18,1.1783878918307056e-18,No,0,S
1996.25,2.111181134153705e-19,-8.089156849398718e-21,-2.0302895656597178e-19,-1.1552916632928824e-18,1.1783878918307056e-18,No,0,S
1996.3333333333335,2.7991981280184855e-19,-8.393180716826243e-21,-2.715266320850223e-19,-1.1552916632928824e-18,1.1783878918307056e-18,No,0,S
1996.4166666666667,-3.3091894516844744e-19,-8.697204584253768e-21,9,-1.1552916632928824e-18,1.1783878918307056e-18,No,9,S
1996.5,5.2588580808234305e-20,-9.001228451681293e-21,8,-1.1552916632928824e-18,1.1783878918307056e-18,No,8,S
1996.5833333333335,-6.186777067046941e-19,-9.305252319108816e-21,6.279829590238029e-19,-1.1552916632928824e-18,1.1783878918307056e-18,No,0,S
1996.6666666666667,-2.5784523147334823e-19,-9.609276186536341e-21,2.674545076598846e-19,-1.1552916632928824e-18,1.1783878918307056e-18,No,0,S
1996.75,1.763525507804453e-19,-9.913300053963866e-21,-1.6643925072648142e-19,-1.1552916632928824e-18,1.1783878918307056e-18,No,0,S
1996.8333333333335,4.223183115600472e-19,-1.0217323921391391e-20,-4.1210098763865583e-19,-1.1552916632928824e-18,1.1783878918307056e-18,No,0,S
1996.9166666666667,1.3698078826841231e-19,-1.073914441031571e-20,-1.262416438580966e-19,-1.1552916632928824e-18,1.1783878918307056e-18,No,0,S
1997,2.994919799009406e-20,-1.1260964899240028e-20,-1.8688233090854032e-20,-1.1552916632928824e-18,1.1783878918307056e-18,No,0,S
1997.0833333333335,-3.158718585661911e-20,-1.1782785388164348e-20,4.336997124478346e-20,-1.1552916632928824e-18,1.1783878918307056e-18,No,0,S
1997.1666666666667,-7.019830313535339e-20,-1.2304605877088667e-20,12,-1.1552916632928824e-18,1.1783878918307056e-18,Yes,12,S
1997.25,2.111181134153705e-19,-1.2826426366012985e-20,13,-1.1552916632928824e-18,1.1783878918307056e-18,Yes,13,S
1997.3333333333335,2.7991981280184855e-19,-1.3348246854937305e-20,1,-1.1552916632928824e-18,1.1783878918307056e-18,No,1,S
1997.4166666666667,-3.3091894516844744e-19,-1.3870067343861622e-20,1,-1.1552916632928824e-18,1.1783878918307056e-18,No,1,S
1997.5,5.2588580808234305e-20,-1.4391887832785943e-20,3,-1.1552916632928824e-18,1.1783878918307056e-18,No,3,S
1997.5833333333335,-6.186777067046941e-19,-1.491370832171026e-20,6.335914150264044e-19,-1.1552916632928824e-18,1.1783878918307056e-18,No,0,S
1997.6666666666667,-2.5784523147334823e-19,-1.543552881063458e-20,9,-1.1552916632928824e-18,1.1783878918307056e-18,No,9,S
1997.75,1.763525507804453e-19,-1.59573492995589e-20,7,-1.1552916632928824e-18,1.1783878918307056e-18,No,7,S
1997.8333333333335,4.223183115600472e-19,-1.6479169788483218e-20,-4.05839141771564e-19,-1.1552916632928824e-18,1.1783878918307056e-18,No,0,S
1997.9166666666667,1.3698078826841231e-19,-1.7000990277407536e-20,-1.1997979799100479e-19,-1.1552916632928824e-18,1.1783878918307056e-18,No,0,S
1998,2.994919799009406e-20,-1.7522810766331857e-20,-1.2426387223762204e-20,-1.1552916632928824e-18,1.1783878918307056e-18,No,0,S
1998.0833333333335,-3.158718585661911e-20,-1.826767208560278e-20,8,-1.1552916632928824e-18,1.1783878918307056e-18,No,8,S
1998.1666666666667,-7.019830313535339e-20,-1.90125334048737e-20,12,-1.1552916632928824e-18,1.1783878918307056e-18,No,12,S
1998.25,2.111181134153705e-19,-1.9757394724144623e-20,-1.9136071869122588e-19,-1.1552916632928824e-18,1.1783878918307056e-18,No,0,S
1998.3333333333335,2.7991981280184855e-19,-2.0502256043415548e-20,-2.59417556758433e-19,-1.1552916632928824e-18,1.1783878918307056e-18,No,0,S
1998.4166666666667,-3.3091894516844744e-19,-2.124711736268647e-20,3.521660625311339e-19,-1.1552916632928824e-18,1.1783878918307056e-18,No,0,S
1998.5,5.2588580808234305e-20,-2.1991978681957392e-20,-3.059660212627691e-20,-1.1552916632928824e-18,1.1783878918307056e-18,No,6.018531076210112e-36,S
1998.5833333333335,-6.186777067046941e-19,-2.2736840001228314e-20,6.414145467059224e-19,-1.1552916632928824e-18,1.1783878918307056e-18,No,0,S
1998.6666666666667,-2.5784523147334823e-19,-2.3481701320499236e-20,2.8132693279384746e-19,-1.1552916632928824e-18,1.1783878918307056e-18,No,0,S
1998.75,1.763525507804453e-19,-2.4226562639770158e-20,-1.5212598814067515e-19,-1.1552916632928824e-18,1.1783878918307056e-18,No,0,S
1998.8333333333335,4.223183115600472e-19,-2.4971423959041083e-20,-3.9734688760100615e-19,-1.1552916632928824e-18,1.1783878918307056e-18,No,0,S
1998.9166666666667,1.3698078826841231e-19,-2.5716285278312005e-20,-1.112645029901003e-19,-1.1552916632928824e-18,1.1783878918307056e-18,No,0,S
1999,2.994919799009406e-20,-2.6461146597582927e-20,-3.488051392511134e-21,-1.1552916632928824e-18,1.1783878918307056e-18,No,0,S
1999.0833333333335,-3.158718585661911e-20,-2.720600791685385e-20,5.879319377347296e-20,-1.1552916632928824e-18,1.1783878918307056e-18,No,0,S
1999.1666666666667,-7.019830313535339e-20,-2.795086923612477e-20,9.814917237147817e-20,-1.1552916632928824e-18,1.1783878918307056e-18,No,1.2037062152420224e-35,S
1999.25,2.111181134153705e-19,-2.889070261946958e-20,4,-1.1552916632928824e-18,1.1783878918307056e-18,No,4,S
1999.3333333333335,2.7991981280184855e-19,-2.983053600281439e-20,-2.5008927679903416e-19,-1.1552916632928824e-18,1.1783878918307056e-18,No,0,S
1999.4166666666667,-3.3091894516844744e-19,-3.0770369386159196e-20,3.616893145546066e-19,-1.1552916632928824e-18,1.1783878918307056e-18,No,0,S
1999.5,5.2588580808234305e-20,-3.1710202769504004e-20,-2.08783780387303e-20,-1.1552916632928824e-18,1.1783878918307056e-18,No,0,S
1999.5833333333335,-6.186777067046941e-19,-3.265003615284881e-20,1,-1.1552916632928824e-18,1.1783878918307056e-18,No,1,S
1999.6666666666667,-2.5784523147334823e-19,-3.358986953619362e-20,2.9143510100954184e-19,-1.1552916632928824e-18,1.1783878918307056e-18,No,0,S
1999.75,1.763525507804453e-19,-3.452970291953843e-20,-1.4182284786090686e-19,-1.1552916632928824e-18,1.1783878918307056e-18,No,0,S
1999.8333333333335,4.223183115600472e-19,-3.546953630288324e-20,-3.8684877525716396e-19,-1.1552916632928824e-18,1.1783878918307056e-18,No,0,S
1999.9166666666667,1.3698078826841231e-19,-3.6409369686228045e-20,-1.0057141858218427e-19,-1.1552916632928824e-18,1.1783878918307056e-18,No,0,S
2000,2.994919799009406e-20,-3.7349203069572854e-20,7.400005079478792e-21,-1.1552916632928824e-18,1.1783878918307056e-18,No,0,S
2000.0833333333335,-3.158718585661911e-20,-3.828903645291766e-20,6.987622230953677e-20,-1.1552916632928824e-18,1.1783878918307056e-18,No,-6.018531076210112e-36,S
2000.1666666666667,-7.019830313535339e-20,-3.922886983626247e-20,5,-1.1552916632928824e-18,1.1783878918307056e-18,No,5,S
2000.25,2.111181134153705e-19,-4.016870321960728e-20,-1.7094941019576322e-19,-1.1552916632928824e-18,1.1783878918307056e-18,No,0,S
2000.3333333333335,2.7991981280184855e-19,-4.1108536602952087e-20,1,-1.1552916632928824e-18,1.1783878918307056e-18,No,1,S
2000.4166666666667,-3.3091894516844744e-19,-4.1974567127064717e-20,1,-1.1552916632928824e-18,1.1783878918307056e-18,No,1,S
2000.5,5.2588580808234305e-20,-4.2840597651177353e-20,-9.747983157056951e-21,-1.1552916632928824e-18,1.1783878918307056e-18,No,0,S
2000.5833333333335,-6.186777067046941e-19,-4.3706628175289984e-20,4,-1.1552916632928824e-18,1.1783878918307056e-18,No,4,S
2000.6666666666667,-2.5784523147334823e-19,-4.457265869940262e-20,3.0241789017275085e-19,-1.1552916632928824e-18,1.1783878918307056e-18,No,0,S
2000.75,1.763525507804453e-19,-4.543868922351525e-20,-1.3091386155693005e-19,-1.1552916632928824e-18,1.1783878918307056e-18,No,0,S
2000.8333333333335,4.223183115600472e-19,-4.630471974762789e-20,-3.7601359181241936e-19,-1.1552916632928824e-18,1.1783878918307056e-18,No,-4.81482486096809e-35,S
2000.9166666666667,1.3698078826841231e-19,-4.717075027174052e-20,-8.98100379966718e-20,-1.1552916632928824e-18,1.1783878918307056e-18,No,0,S
2001,2.994919799009406e-20,-4.803678079585315e-20,1.8087582805759087e-20,-1.1552916632928824e-18,1.1783878918307056e-18,No,0,S
2001.0833333333335,-3.158718585661911e-20,-4.8902811319965784e-20,8.048999717658489e-20,-1.1552916632928824e-18,1.1783878918307056e-18,No,-6.018531076210112e-36,S
2001.1666666666667,-7.019830313535339e-20,-4.9768841844078415e-20,1.199671449794318e-19,-1.1552916632928824e-18,1.1783878918307056e-18,No,1.2037062152420224e-35,S
2001.25,2.111181134153705e-19,-5.063487236819105e-20,-1.6048324104717945e-19,-1.1552916632928824e-18,1.1783878918307056e-18,No,0,S
2001.3333333333335,2.7991981280184855e-19,-5.150090289230368e-20,-2.2841890990954484e-19,-1.1552916632928824e-18,1.1783878918307056e-18,No,4.81482486096809e-35,S
2001.4166666666667,-3.3091894516844744e-19,-5.236693341641632e-20,3.8328587858486377e-19,-1.1552916632928824e-18,1.1783878918307056e-18,No,0,S
2001.5,5.2588580808234305e-20,-5.323296394052895e-20,6.44383132294644e-22,-1.1552916632928824e-18,1.1783878918307056e-18,No,0,S
2001.5833333333335,-6.186777067046941e-19,-5.415796333318974e-20,6.728356700378838e-19,-1.1552916632928824e-18,1.1783878918307056e-18,No,0,S
2001.6666666666667,-2.5784523147334823e-19,-5.508296272585054e-20,3.1292819419919877e-19,-1.1552916632928824e-18,1.1783878918307056e-18,No,0,S
2001.75,1.763525507804453e-19,-5.600796211851133e-20,-1.2034458866193396e-19,-1.1552916632928824e-18,1.1783878918307056e-18,No,0,S
2001.8333333333335,4.223183115600472e-19,-5.693296151117212e-20,-3.653853500488751e-19,-1.1552916632928824e-18,1.1783878918307056e-18,No,0,S
2001.9166666666667,1.3698078826841231e-19,-5.785796090383291e-20,-7.91228273645794e-20,-1.1552916632928824e-18,1.1783878918307056e-18,No,0,S
2002,2.994919799009406e-20,-5.878296029649371e-20,2,-1.1552916632928824e-18,1.1783878918307056e-18,No,2,S
2002.0833333333335,-3.158718585661911e-20,-5.97079596891545e-20,9.129514554577362e-20,-1.1552916632928824e-18,1.1783878918307056e-18,No,6.018531076210112e-36,S
2002.1666666666667,-7.019830313535339e-20,-6.06329590818153e-20,8,-1.1552916632928824e-18,1.1783878918307056e-18,No,8,S
2002.25,2.111181134153705e-19,-6.155795847447609e-20,-1.4956015494089443e-19,-1.1552916632928824e-18,1.1783878918307056e-18,No,0,S
2002.3333333333335,2.7991981280184855e-19,-6.248295786713688e-20,-2.174368549347117e-19,-1.1552916632928824e-18,1.1783878918307056e-18,No,0,S
2002.4166666666667,-3.3091894516844744e-19,-6.340795725979767e-20,3.943269024282451e-19,-1.1552916632928824e-18,1.1783878918307056e-18,No,0,S
2002.5,5.2588580808234305e-20,-6.433295665245847e-20,1.174437584422417e-20,-1.1552916632928824e-18,1.1783878918307056e-18,No,0,S
2002.5833333333335,-6.186777067046941e-19,-6.525795604511927e-20,6.839356627498133e-19,-1.1552916632928824e-18,1.1783878918307056e-18,No,0,S
2002.6666666666667,-2.5784523147334823e-19,-6.618295543778006e-20,3.240281869111283e-19,-1.1552916632928824e-18,1.1783878918307056e-18,No,0,S
2002.75,1.763525507804453e-19,-6.64998316788678e-20,-1.098527191015775e-19,-1.1552916632928824e-18,1.1783878918307056e-18,No,0,S
2002.8333333333335,4.223183115600472e-19,-6.681670791995553e-20,-3.555016036400917e-19,-1.1552916632928824e-18,1.1783878918307056e-18,No,0,S
2002.9166666666667,1.3698078826841231e-19,-6.713358416104328e-20,-6.984720410736903e-20,-1.1552916632928824e-18,1.1783878918307056e-18,No,0,S
2003,2.994919799009406e-20,-6.745046040213102e-20,3.750126241203696e-20,-1.1552916632928824e-18,1.1783878918307056e-18,No,0,S
2003.0833333333335,-3.158718585661911e-20,-6.776733664321876e-20,9.935452249983787e-20,-1.1552916632928824e-18,1.1783878918307056e-18,No,-6.018531076210112e-36,S
2003.1666666666667,-7.019830313535339e-20,-6.80842128843065e-20,1.3828251601965989e-19,-1.1552916632928824e-18,1.1783878918307056e-18,No,0,S
2003.25,2.111181134153705e-19,-6.840108912539425e-20,-1.4271702428997627e-19,-1.1552916632928824e-18,1.1783878918307056e-18,No,0,S
2003.3333333333335,2.7991981280184855e-19,-6.871796536648199e-20,-2.1120184743536656e-19,-1.1552916632928824e-18,1.1783878918307056e-18,No,0,S
2003.4166666666667,-3.3091894516844744e-19,-6.903484160756972e-20,2,-1.1552916632928824e-18,1.1783878918307056e-18,No,2,S
2003.5,5.2588580808234305e-20,-6.935171784865746e-20,1.6763137040423158e-20,-1.1552916632928824e-18,1.1783878918307056e-18,No,0,S
2003.5833333333335,-6.186777067046941e-19,-6.96685940897452e-20,7,-1.1552916632928824e-18,1.1783878918307056e-18,No,7,S
2003.6666666666667,-2.5784523147334823e-19,-6.998547033083295e-20,3.2783070180418117e-19,-1.1552916632928824e-18,1.1783878918307056e-18,No,0,S
2003.75,1.763525507804453e-19,-7.030234657192069e-20,-1.060502042085246e-19,-1.1552916632928824e-18,1.1783878918307056e-18,No,0,S
2003.8333333333335,4.223183115600472e-19,-7.061922281300843e-20,-3.516990887470388e-19,-1.1552916632928824e-18,1.1783878918307056e-18,No,0,S
2003.9166666666667,1.3698078826841231e-19,-7.049724176297727e-20,-6.648354650543504e-20,-1.1552916632928824e-18,1.1783878918307056e-18,No,0,S
2004,2.994919799009406e-20,-7.037526071294611e-20,4.042606272285205e-20,-1.1552916632928824e-18,1.1783878918307056e-18,No,0,S
2004.0833333333335,-3.158718585661911e-20,-7.025327966291495e-20,5,-1.1552916632928824e-18,1.1783878918307056e-18,No,5,S
2004.1666666666667,-7.019830313535339e-20,-7.013129861288379e-20,1.4032960174823718e-19,-1.1552916632928824e-18,1.1783878918307056e-18,No,0,S
2004.25,2.111181134153705e-19,-7.000931756285264e-20,-1.4110879585251787e-19,-1.1552916632928824e-18,1.1783878918307056e-18,No,0,S
2004.3333333333335,2.7991981280184855e-19,-6.988733651282148e-20,-2.1003247628902708e-19,-1.1552916632928824e-18,1.1783878918307056e-18,No,0,S
2004.4166666666667,-3.3091894516844744e-19,-6.976535546279031e-20,1,-1.1552916632928824e-18,1.1783878918307056e-18,No,1,S
2004.5,5.2588580808234305e-20,-6.964337441275915e-20,1.7054793604524844e-20,-1.1552916632928824e-18,1.1783878918307056e-18,No,0,S
2004.5833333333335,-6.186777067046941e-19,-6.952139336272799e-20,1,-1.1552916632928824e-18,1.1783878918307056e-18,No,1,S
2004.6666666666667,-2.5784523147334823e-19,-6.939941231269683e-20,3.2724464378604507e-19,-1.1552916632928824e-18,1.1783878918307056e-18,No,0,S
2004.75,1.763525507804453e-19,-6.927743126266567e-20,-1.0707511951777962e-19,-1.1552916632928824e-18,1.1783878918307056e-18,No,0,S
2004.8333333333335,4.223183115600472e-19,-6.915545021263452e-20,-3.5316286134741273e-19,-1.1552916632928824e-18,1.1783878918307056e-18,No,-4.81482486096809e-35,S
2004.9166666666667,1.3698078826841231e-19,-6.903346916260336e-20,-6.794731910580896e-20,-1.1552916632928824e-18,1.1783878918307056e-18,No,0,S
2005,2.994919799009406e-20,-6.89114881125722e-20,3.896229012247814e-20,-1.1552916632928824e-18,1.1783878918307056e-18,No,0,S
2005.0833333333335,-3.158718585661911e-20,-6.902367099129622e-20,1.0061085684791533e-19,-1.1552916632928824e-18,1.1783878918307056e-18,No,-6.018531076210112e-36,S
2005.1666666666667,-7.019830313535339e-20,-6.913585387002023e-20,1.3933415700537362e-19,-1.1552916632928824e-18,1.1783878918307056e-18,No,0,S
2005.25,2.111181134153705e-19,-6.924803674874425e-20,-1.4187007666662627e-19,-1.1552916632928824e-18,1.1783878918307056e-18,No,0,S
2005.3333333333335,2.7991981280184855e-19,-6.936021962746827e-20,-2.1055959317438027e-19,-1.1552916632928824e-18,1.1783878918307056e-18,No,0,S
2005.4166666666667,-3.3091894516844744e-19,-6.947240250619228e-20,10,-1.1552916632928824e-18,1.1783878918307056e-18,Yes,10,S
2005.5,5.2588580808234305e-20,-6.95845853849163e-20,3,-1.1552916632928824e-18,1.1783878918307056e-18,No,3,S
2005.5833333333335,-6.186777067046941e-19,-6.969676826364031e-20,2,-1.1552916632928824e-18,1.1783878918307056e-18,No,2,S
2005.6666666666667,-2.5784523147334823e-19,-6.980895114236433e-20,3.2765418261571255e-19,-1.1552916632928824e-18,1.1783878918307056e-18,No,0,S
2005.75,1.763525507804453e-19,-6.992113402108835e-20,-1.0643141675935694e-19,-1.1552916632928824e-18,1.1783878918307056e-18,No,0,S
2005.8333333333335,4.223183115600472e-19,-7.003331689981236e-20,-3.5228499466023486e-19,-1.1552916632928824e-18,1.1783878918307056e-18,No,0,S
2005.9166666666667,1.3698078826841231e-19,-7.014549977853638e-20,-6.683528848987594e-20,-1.1552916632928824e-18,1.1783878918307056e-18,No,0,S
2006,2.994919799009406e-20,-7.02576826572604e-20,4.0308484667166336e-20,-1.1552916632928824e-18,1.1783878918307056e-18,No,0,S
2006.0833333333335,-3.158718585661911e-20,-7.03698655359844e-20,1.0195705139260352e-19,-1.1552916632928824e-18,1.1783878918307056e-18,No,6.018531076210112e-36,S
2006.1666666666667,-7.019830313535339e-20,-7.048204841470843e-20,1,-1.1552916632928824e-18,1.1783878918307056e-18,No,1,S
2006.25,2.111181134153705e-19,-7.067271981212658e-20,-1.4044539360324391e-19,-1.1552916632928824e-18,1.1783878918307056e-18,No,0,S
2006.3333333333335,2.7991981280184855e-19,-7.086339120954474e-20,-2.090564215923038e-19,-1.1552916632928824e-18,1.1783878918307056e-18,No,0,S
2006.4166666666667,-3.3091894516844744e-19,-7.10540626069629e-20,10,-1.1552916632928824e-18,1.1783878918307056e-18,No,10,S
2006.5,5.2588580808234305e-20,-7.124473400438107e-20,8,-1.1552916632928824e-18,1.1783878918307056e-18,No,8,S
2006.5833333333335,-6.186777067046941e-19,-7.143540540179923e-20,2,-1.1552916632928824e-18,1.1783878918307056e-18,No,2,S
2006.6666666666667,-2.5784523147334823e-19,-7.162607679921739e-20,8,-1.1552916632928824e-18,1.1783878918307056e-18,No,8,S
2006.75,1.763525507804453e-19,-7.181674819663555e-20,-1.0453580258380974e-19,-1.1552916632928824e-18,1.1783878918307056e-18,No,0,S
2006.8333333333335,4.223183115600472e-19,-7.20074195940537e-20,8,-1.1552916632928824e-18,1.1783878918307056e-18,No,8,S
2006.9166666666667,1.3698078826841231e-19,-7.219809099147186e-20,6,-1.1552916632928824e-18,1.1783878918307056e-18,No,6,S
2007,2.994919799009406e-20,-7.238876238889002e-20,7,-1.1552916632928824e-18,1.1783878918307056e-18,No,7,S
2007.0833333333335,-3.158718585661911e-20,-7.257943378630819e-20,1.0416661964292731e-19,-1.1552916632928824e-18,1.1783878918307056e-18,No,6.018531076210112e-36,S
2007.1666666666667,-7.019830313535339e-20,-7.277010518372635e-20,1.4296840831907974e-19,-1.1552916632928824e-18,1.1783878918307056e-18,No,0,S
2007.25,2.111181134153705e-19,-7.296077658114451e-20,-1.3815733683422601e-19,-1.1552916632928824e-18,1.1783878918307056e-18,No,0,S
2007.3333333333335,2.7991981280184855e-19,-7.315144797856267e-20,-2.067683648232859e-19,-1.1552916632928824e-18,1.1783878918307056e-18,No,0,S
2007.4166666666667,-3.3091894516844744e-19,-7.278426513703094e-20,4.037032103054784e-19,-1.1552916632928824e-18,1.1783878918307056e-18,No,0,S
2007.5,5.2588580808234305e-20,-7.241708229549921e-20,1.9828501487264904e-20,-1.1552916632928824e-18,1.1783878918307056e-18,No,0,S
2007.5833333333335,-6.186777067046941e-19,-7.204989945396748e-20,6.907276061586615e-19,-1.1552916632928824e-18,1.1783878918307056e-18,No,0,S
2007.6666666666667,-2.5784523147334823e-19,-7.168271661243576e-20,3.29527948085784e-19,-1.1552916632928824e-18,1.1783878918307056e-18,No,0,S
2007.75,1.763525507804453e-19,-7.131553377090402e-20,5,-1.1552916632928824e-18,1.1783878918307056e-18,No,5,S
2007.8333333333335,4.223183115600472e-19,-7.09483509293723e-20,4,-1.1552916632928824e-18,1.1783878918307056e-18,No,4,S
2007.9166666666667,1.3698078826841231e-19,-7.058116808784058e-20,4,-1.1552916632928824e-18,1.1783878918307056e-18,No,4,S
2008,2.994919799009406e-20,-7.021398524630884e-20,8,-1.1552916632928824e-18,1.1783878918307056e-18,No,8,S
2008.0833333333335,-3.158718585661911e-20,-6.984680240477712e-20,11,-1.1552916632928824e-18,1.1783878918307056e-18,Yes,11,S
2008.1666666666667,-7.019830313535339e-20,-6.947961956324538e-20,1.3967792269859877e-19,-1.1552916632928824e-18,1.1783878918307056e-18,No,0,S
2008.25,2.111181134153705e-19,-6.911243672171366e-20,-1.4200567669365685e-19,-1.1552916632928824e-18,1.1783878918307056e-18,No,0,S
2008.3333333333335,2.7991981280184855e-19,-6.874525388018193e-20,-2.1117455892166663e-19,-1.1552916632928824e-18,1.1783878918307056e-18,No,0,S
2008.4166666666667,-3.3091894516844744e-19,-6.83780710386502e-20,2,-1.1552916632928824e-18,1.1783878918307056e-18,No,2,S
2008.5,5.2588580808234305e-20,-6.801088819711847e-20,1.5422307388884167e-20,-1.1552916632928824e-18,1.1783878918307056e-18,No,0,S
2008.5833333333335,-6.186777067046941e-19,-6.7181053013705e-20,6.85858759718399e-19,-1.1552916632928824e-18,1.1783878918307056e-18,No,0,S
2008.6666666666667,-2.5784523147334823e-19,-6.635121783029154e-20,1,-1.1552916632928824e-18,1.1783878918307056e-18,No,1,S
2008.75,1.763525507804453e-19,-6.552138264687807e-20,-1.1083116813356722e-19,-1.1552916632928824e-18,1.1783878918307056e-18,No,0,S
2008.8333333333335,4.223183115600472e-19,-6.46915474634646e-20,-3.576267640965826e-19,-1.1552916632928824e-18,1.1783878918307056e-18,No,0,S
2008.9166666666667,1.3698078826841231e-19,-6.386171228005113e-20,-7.311907598836118e-20,-1.1552916632928824e-18,1.1783878918307056e-18,No,0,S
2009,2.994919799009406e-20,-6.303187709663767e-20,3.308267910654361e-20,-1.1552916632928824e-18,1.1783878918307056e-18,No,0,S
2009.0833333333335,-3.158718585661911e-20,-6.22020419132242e-20,9.378922776984332e-20,-1.1552916632928824e-18,1.1783878918307056e-18,No,6.018531076210112e-36,S
2009.1666666666667,-7.019830313535339e-20,-6.137220672981073e-20,1.3157050986516413e-19,-1.1552916632928824e-18,1.1783878918307056e-18,No,1.2037062152420224e-35,S
2009.25,2.111181134153705e-19,-6.054237154639727e-20,-1.5057574186897324e-19,-1.1552916632928824e-18,1.1783878918307056e-18,No,0,S
2009.3333333333335,2.7991981280184855e-19,-5.97125363629838e-20,-2.2020727643886474e-19,-1.1552916632928824e-18,1.1783878918307056e-18,No,0,S
2009.4166666666667,-3.3091894516844744e-19,-5.888270117957033e-20,5,-1.1552916632928824e-18,1.1783878918307056e-18,No,5,S
2009.5,5.2588580808234305e-20,-5.805286599615686e-20,5.464285187922552e-21,-1.1552916632928824e-18,1.1783878918307056e-18,No,0,S
2009.5833333333335,-6.186777067046941e-19,-5.72230308127434e-20,5,-1.1552916632928824e-18,1.1783878918307056e-18,No,5,S
2009.6666666666667,-2.5784523147334823e-19,-5.639319562932993e-20,3.1423842710267816e-19,-1.1552916632928824e-18,1.1783878918307056e-18,No,0,S
2009.75,1.763525507804453e-19,-5.565829388090876e-20,3,-1.1552916632928824e-18,1.1783878918307056e-18,No,3,S
2009.8333333333335,4.223183115600472e-19,-5.492339213248758e-20,-3.6739491942755963e-19,-1.1552916632928824e-18,1.1783878918307056e-18,No,0,S
2009.9166666666667,1.3698078826841231e-19,-5.4188490384066407e-20,-8.27922978843459e-20,-1.1552916632928824e-18,1.1783878918307056e-18,No,0,S
2010,2.994919799009406e-20,-5.3453588635645235e-20,1,-1.1552916632928824e-18,1.1783878918307056e-18,No,1,S
2010.0833333333335,-3.158718585661911e-20,-5.271868688722406e-20,8.430587274384318e-20,-1.1552916632928824e-18,1.1783878918307056e-18,No,6.018531076210112e-36,S
2010.1666666666667,-7.019830313535339e-20,-5.1983785138802887e-20,1.2218208827415627e-19,-1.1552916632928824e-18,1.1783878918307056e-18,No,0,S
2010.25,2.111181134153705e-19,-5.124888339038171e-20,8,-1.1552916632928824e-18,1.1783878918307056e-18,No,8,S
2010.3333333333335,2.7991981280184855e-19,-5.051398164196054e-20,2,-1.1552916632928824e-18,1.1783878918307056e-18,No,2,S
2010.4166666666667,-3.3091894516844744e-19,-4.9779079893539367e-20,1,-1.1552916632928824e-18,1.1783878918307056e-18,No,1,S
2010.5,5.2588580808234305e-20,-4.904417814511819e-20,5,-1.1552916632928824e-18,1.1783878918307056e-18,No,5,S
2010.5833333333335,-6.186777067046941e-19,-4.830927639669702e-20,8,-1.1552916632928824e-18,1.1783878918307056e-18,No,8,S
2010.6666666666667,-2.5784523147334823e-19,-4.7574374648275847e-20,1,-1.1552916632928824e-18,1.1783878918307056e-18,No,1,S
2010.75,1.763525507804453e-19,-4.683947289985467e-20,-1.2951307788059062e-19,-1.1552916632928824e-18,1.1783878918307056e-18,No,0,S
2010.8333333333335,4.223183115600472e-19,-4.61045711514335e-20,-3.7621374040861374e-19,-1.1552916632928824e-18,1.1783878918307056e-18,No,0,S
2010.9166666666667,1.3698078826841231e-19,-4.5394431438216254e-20,-9.158635683019606e-20,-1.1552916632928824e-18,1.1783878918307056e-18,No,0,S
2011,2.994919799009406e-20,-4.4684291724999017e-20,1.4735093734904955e-20,-1.1552916632928824e-18,1.1783878918307056e-18,No,0,S
2011.0833333333335,-3.158718585661911e-20,-4.397415201178177e-20,2,-1.1552916632928824e-18,1.1783878918307056e-18,No,2,S
2011.1666666666667,-7.019830313535339e-20,-4.3264012298564535e-20,6,-1.1552916632928824e-18,1.1783878918307056e-18,No,6,S
2011.25,2.111181134153705e-19,-4.255387258534729e-20,12,-1.1552916632928824e-18,1.1783878918307056e-18,No,12,S
2011.3333333333335,2.7991981280184855e-19,-4.1843732872130053e-20,3,-1.1552916632928824e-18,1.1783878918307056e-18,No,3,S
2011.4166666666667,-3.3091894516844744e-19,-4.113359315891281e-20,4,-1.1552916632928824e-18,1.1783878918307056e-18,No,4,S
2011.5,5.2588580808234305e-20,-4.0423453445695565e-20,-1.2165127362538739e-20,-1.1552916632928824e-18,1.1783878918307056e-18,No,0,S
2011.5833333333335,-6.186777067046941e-19,-3.971331373247833e-20,1,-1.1552916632928824e-18,1.1783878918307056e-18,No,1,S
2011.6666666666667,-2.5784523147334823e-19,-3.9003174019261084e-20,7,-1.1552916632928824e-18,1.1783878918307056e-18,No,7,S
2011.75,1.763525507804453e-19,-3.8293034306043846e-20,4,-1.1552916632928824e-18,1.1783878918307056e-18,No,4,S
2011.8333333333335,4.223183115600472e-19,-3.75828945928266e-20,-3.847354169672206e-19,-1.1552916632928824e-18,1.1783878918307056e-18,No,4.81482486096809e-35,S
2011.9166666666667,1.3698078826841231e-19,-3.687275487960936e-20,-1.0010803338880296e-19,-1.1552916632928824e-18,1.1783878918307056e-18,No,0,S
2012,2.994919799009406e-20,-3.616261516639212e-20,6.213417176298059e-21,-1.1552916632928824e-18,1.1783878918307056e-18,No,0,S
2012.0833333333335,-3.158718585661911e-20,-3.4882994028263445e-20,6.647017988488256e-20,-1.1552916632928824e-18,1.1783878918307056e-18,No,6.018531076210112e-36,S
2012.1666666666667,-7.019830313535339e-20,-3.3603372890134764e-20,1.0380167602548815e-19,-1.1552916632928824e-18,1.1783878918307056e-18,No,0,S
2012.25,2.111181134153705e-19,-3.232375175200609e-20,-1.7879436166336442e-19,-1.1552916632928824e-18,1.1783878918307056e-18,No,0,S
2012.3333333333335,2.7991981280184855e-19,-3.104413061387741e-20,7,-1.1552916632928824e-18,1.1783878918307056e-18,No,7,S
2012.4166666666667,-3.3091894516844744e-19,-2.976450947574873e-20,3.6068345464419617e-19,-1.1552916632928824e-18,1.1783878918307056e-18,No,0,S
2012.5,5.2588580808234305e-20,-2.848488833762005e-20,-2.4103692470614254e-20,-1.1552916632928824e-18,1.1783878918307056e-18,No,0,S
2012.5833333333335,-6.186777067046941e-19,-2.7205267199491375e-20,6.458829739041854e-19,-1.1552916632928824e-18,1.1783878918307056e-18,No,0,S
2012.6666666666667,-2.5784523147334823e-19,-2.5925646061362694e-20,2.837708775347109e-19,-1.1552916632928824e-18,1.1783878918307056e-18,No,0,S
2012.75,1.763525507804453e-19,-2.464602492323402e-20,-1.5170652585721128e-19,-1.1552916632928824e-18,1.1783878918307056e-18,No,0,S
2012.8333333333335,4.223183115600472e-19,-2.336640378510534e-20,-3.989519077749419e-19,-1.1552916632928824e-18,1.1783878918307056e-18,No,0,S
2012.9166666666667,1.3698078826841231e-19,-2.2086782646976662e-20,-1.1489400562143564e-19,-1.1552916632928824e-18,1.1783878918307056e-18,No,0,S
2013,2.994919799009406e-20,-2.0807161508847984e-20,-9.142036481246077e-21,-1.1552916632928824e-18,1.1783878918307056e-18,No,0,S
2013.0833333333335,-3.158718585661911e-20,-1.9527540370719306e-20,5.111472622733842e-20,-1.1552916632928824e-18,1.1783878918307056e-18,No,0,S
2013.1666666666667,-7.019830313535339e-20,-1.8247919232590628e-20,8.844622236794401e-20,-1.1552916632928824e-18,1.1783878918307056e-18,No,0,S
2013.25,2.111181134153705e-19,-1.6944149315267628e-20,1,-1.1552916632928824e-18,1.1783878918307056e-18,No,1,S
2013.3333333333335,2.7991981280184855e-19,-1.564037939794463e-20,4,-1.1552916632928824e-18,1.1783878918307056e-18,No,4,S
2013.4166666666667,-3.3091894516844744e-19,-1.4336609480621632e-20,3.4525555464906905e-19,-1.1552916632928824e-18,1.1783878918307056e-18,No,0,S
2013.5,5.2588580808234305e-20,-1.3032839563298633e-20,6,-1.1552916632928824e-18,1.1783878918307056e-18,No,6,S
2013.5833333333335,-6.186777067046941e-19,-1.1729069645975633e-20,11,-1.1552916632928824e-18,1.1783878918307056e-18,No,11,S
2013.6666666666667,-2.5784523147334823e-19,-1.0425299728652634e-20,4,-1.1552916632928824e-18,1.1783878918307056e-18,No,4,S
2013.75,1.763525507804453e-19,-9.121529811329636e-21,5,-1.1552916632928824e-18,1.1783878918307056e-18,No,5,S
2013.8333333333335,4.223183115600472e-19,-7.817759894006637e-21,-4.145005516660406e-19,-1.1552916632928824e-18,1.1783878918307056e-18,No,0,S
2013.9166666666667,1.3698078826841231e-19,-6.513989976683638e-21,-1.3046679829172869e-19,-1.1552916632928824e-18,1.1783878918307056e-18,No,0,S
2014,2.994919799009406e-20,-5.210220059360639e-21,-2.4738977930733422e-20,-1.1552916632928824e-18,1.1783878918307056e-18,No,0,S
2014.0833333333335,-3.158718585661911e-20,-3.90645014203764e-21,3.549363599865675e-20,-1.1552916632928824e-18,1.1783878918307056e-18,No,0,S
2014.1666666666667,-7.019830313535339e-20,-2.6026802247146412e-21,7.280098336006803e-20,-1.1552916632928824e-18,1.1783878918307056e-18,No,0,S
2014.25,2.111181134153705e-19,-1.2989103073916423e-21,-2.0981920310797887e-19,-1.1552916632928824e-18,1.1783878918307056e-18,No,0,S
2014.3333333333335,2.7991981280184855e-19,4.8596099313539386e-24,8,-1.1552916632928824e-18,1.1783878918307056e-18,No,8,S
2014.4166666666667,-3.3091894516844744e-19,5.225359981127276e-22,3.303964091703347e-19,-1.1552916632928824e-18,1.1783878918307056e-18,No,0,S
2014.5,5.2588580808234305e-20,1.0402123862941011e-21,-5.3628793194528405e-20,-1.1552916632928824e-18,1.1783878918307056e-18,No,0,S
2014.5833333333335,-6.186777067046941e-19,1.5578887744754749e-21,6.171198179302186e-19,-1.1552916632928824e-18,1.1783878918307056e-18,No,0,S
2014.6666666666667,-2.5784523147334823e-19,2.0755651626568484e-21,4,-1.1552916632928824e-18,1.1783878918307056e-18,No,4,S
2014.75,1.763525507804453e-19,2.593241550838222e-21,4,-1.1552916632928824e-18,1.1783878918307056e-18,No,4,S
2014.8333333333335,4.223183115600472e-19,3.110917939019596e-21,4,-1.1552916632928824e-18,1.1783878918307056e-18,No,4,S
2014.9166666666667,1.3698078826841231e-19,3.6285943272009695e-21,-1.4060938259561328e-19,-1.1552916632928824e-18,1.1783878918307056e-18,No,0,S
2015,2.994919799009406e-20,4.146270715382343e-21,-3.4095468705476404e-20,-1.1552916632928824e-18,1.1783878918307056e-18,No,0,S
2015.0833333333335,-3.158718585661911e-20,4.663947103563716e-21,2.6923238753055395e-20,-1.1552916632928824e-18,1.1783878918307056e-18,No,0,S
2015.1666666666667,-7.019830313535339e-20,5.18162349174509e-21,6.50166796436083e-20,-1.1552916632928824e-18,1.1783878918307056e-18,No,0,S
2015.25,2.111181134153705e-19,5.699299879926464e-21,-2.1681741329529698e-19,-1.1552916632928824e-18,1.1783878918307056e-18,No,0,S
2015.3333333333335,2.7991981280184855e-19,6.216976268107838e-21,14,-1.1552916632928824e-18,1.1783878918307056e-18,Yes,14,S
2015.4166666666667,-3.3091894516844744e-19,6.734652656289211e-21,6,-1.1552916632928824e-18,1.1783878918307056e-18,No,6,S
2015.5,5.2588580808234305e-20,7.252329044470585e-21,-5.98409098527049e-20,-1.1552916632928824e-18,1.1783878918307056e-18,No,-6.018531076210112e-36,S
2015.5833333333335,-6.186777067046941e-19,7.451661096493261e-21,6.112260456082008e-19,-1.1552916632928824e-18,1.1783878918307056e-18,No,0,S
2015.6666666666667,-2.5784523147334823e-19,7.650993148515938e-21,2.501942383248323e-19,-1.1552916632928824e-18,1.1783878918307056e-18,No,0,S
2015.75,1.763525507804453e-19,7.850325200538614e-21,-1.8420287598098392e-19,-1.1552916632928824e-18,1.1783878918307056e-18,No,0,S
2015.8333333333335,4.223183115600472e-19,8.04965725256129e-21,7,-1.1552916632928824e-18,1.1783878918307056e-18,No,7,S
2015.9166666666667,1.3698078826841231e-19,8.248989304583966e-21,8,-1.1552916632928824e-18,1.1783878918307056e-18,No,8,S
2016,2.994919799009406e-20,8.448321356606643e-21,5,-1.1552916632928824e-18,1.1783878918307056e-18,No,5,S
2016.0833333333335,-3.158718585661911e-20,8.647653408629319e-21,3,-1.1552916632928824e-18,1.1783878918307056e-18,No,3,S
2016.1666666666667,-7.019830313535339e-20,8.846985460651995e-21,6.13513176747014e-20,-1.1552916632928824e-18,1.1783878918307056e-18,No,0,S
2016.25,2.111181134153705e-19,9.046317512674672e-21,-2.2016443092804517e-19,-1.1552916632928824e-18,1.1783878918307056e-18,No,0,S
2016.3333333333335,2.7991981280184855e-19,9.245649564697348e-21,-2.891654623665459e-19,-1.1552916632928824e-18,1.1783878918307056e-18,No,0,S
2016.4166666666667,-3.3091894516844744e-19,9.444981616720024e-21,3.2147396355172743e-19,-1.1552916632928824e-18,1.1783878918307056e-18,No,0,S
2016.5,5.2588580808234305e-20,9.6443136687427e-21,9,-1.1552916632928824e-18,1.1783878918307056e-18,No,9,S
2016.5833333333335,-6.186777067046941e-19,9.843645720765377e-21,10,-1.1552916632928824e-18,1.1783878918307056e-18,No,10,S
2016.6666666666667,-2.5784523147334823e-19,1.0042977772788053e-20,2.478022537005602e-19,-1.1552916632928824e-18,1.1783878918307056e-18,No,0,S
2016.75,1.763525507804453e-19,1.0322877045750709e-20,-1.8667542782619601e-19,-1.1552916632928824e-18,1.1783878918307056e-18,No,0,S
2016.8333333333335,4.223183115600472e-19,1.0602776318713365e-20,2,-1.1552916632928824e-18,1.1783878918307056e-18,No,2,S
2016.9166666666667,1.3698078826841231e-19,1.088267559167602e-20,4,-1.1552916632928824e-18,1.1783878918307056e-18,No,4,S
2017,2.994919799009406e-20,1.1162574864638676e-20,-4.1111772854732736e-20,-1.1552916632928824e-18,1.1783878918307056e-18,No,0,S
2017.0833333333335,-3.158718585661911e-20,1.1442474137601332e-20,2.014471171901778e-20,-1.1552916632928824e-18,1.1783878918307056e-18,No,0,S
2017.1666666666667,-7.019830313535339e-20,1.1722373410563988e-20,5.84759297247894e-20,-1.1552916632928824e-18,1.1783878918307056e-18,No,0,S
2017.25,2.111181134153705e-19,1.2002272683526643e-20,1,-1.1552916632928824e-18,1.1783878918307056e-18,No,1,S
2017.3333333333335,2.7991981280184855e-19,1.2282171956489298e-20,14,-1.1552916632928824e-18,1.1783878918307056e-18,No,14,S
2017.4166666666667,-3.3091894516844744e-19,1.2562071229451953e-20,8,-1.1552916632928824e-18,1.1783878918307056e-18,No,8,S
2017.5,5.2588580808234305e-20,1.2841970502414609e-20,-6.543055131064891e-20,-1.1552916632928824e-18,1.1783878918307056e-18,No,6.018531076210112e-36,S
2017.5833333333335,-6.186777067046941e-19,1.3121869775377265e-20,5,-1.1552916632928824e-18,1.1783878918307056e-18,No,5,S
2017.6666666666667,-2.5784523147334823e-19,1.340176904833992e-20,2.444434624250083e-19,-1.1552916632928824e-18,1.1783878918307056e-18,No,0,S
2017.75,1.763525507804453e-19,1.3681668321302578e-20,7,-1.1552916632928824e-18,1.1783878918307056e-18,No,7,S
2017.8333333333335,4.223183115600472e-19,1.3961567594265232e-20,5,-1.1552916632928824e-18,1.1783878918307056e-18,No,5,S
2017.9166666666667,1.3698078826841231e-19,1.4492031124866345e-20,-1.5147281939327866e-19,-1.1552916632928824e-18,1.1783878918307056e-18,No,0,S
2018,2.994919799009406e-20,1.502249465546746e-20,-4.497169264556152e-20,-1.1552916632928824e-18,1.1783878918307056e-18,No,0,S
2018.0833333333335,-3.158718585661911e-20,1.5552958186068578e-20,1.6034227670550535e-20,-1.1552916632928824e-18,1.1783878918307056e-18,No,0,S
2018.1666666666667,-7.019830313535339e-20,1.608342171666969e-20,5.4114881418683694e-20,-1.1552916632928824e-18,1.1783878918307056e-18,No,0,S
2018.25,2.111181134153705e-19,1.6613885247270804e-20,-2.277319986626413e-19,-1.1552916632928824e-18,1.1783878918307056e-18,No,0,S
2018.3333333333335,2.7991981280184855e-19,1.714434877787192e-20,-2.9706416157972046e-19,-1.1552916632928824e-18,1.1783878918307056e-18,No,0,S
2018.4166666666667,-3.3091894516844744e-19,1.7674812308473036e-20,3.132441328599744e-19,-1.1552916632928824e-18,1.1783878918307056e-18,No,0,S
2018.5,5.2588580808234305e-20,1.820527583907415e-20,-7.079385664730846e-20,-1.1552916632928824e-18,1.1783878918307056e-18,No,-6.018531076210112e-36,S
2018.5833333333335,-6.186777067046941e-19,1.8735739369675262e-20,5.999419673350188e-19,-1.1552916632928824e-18,1.1783878918307056e-18,No,0,S
2018.6666666666667,-2.5784523147334823e-19,1.9266202900276378e-20,8,-1.1552916632928824e-18,1.1783878918307056e-18,No,8,S
2018.75,1.763525507804453e-19,1.9796666430877495e-20,-1.961492172113228e-19,-1.1552916632928824e-18,1.1783878918307056e-18,No,0,S
2018.8333333333335,4.223183115600472e-19,2.0327129961478608e-20,-4.426454415215259e-19,-1.1552916632928824e-18,1.1783878918307056e-18,No,-4.81482486096809e-35,S
2018.9166666666667,1.3698078826841231e-19,2.085759349207972e-20,-1.5783838176049203e-19,-1.1552916632928824e-18,1.1783878918307056e-18,No,0,S
2019,2.994919799009406e-20,2.1388057022680837e-20,-5.13372550127749e-20,-1.1552916632928824e-18,1.1783878918307056e-18,No,0,S
2019.0833333333335,-3.158718585661911e-20,2.264858181925535e-20,1,-1.1552916632928824e-18,1.1783878918307056e-18,No,1,S
2019.1666666666667,-7.019830313535339e-20,2.3909106615829862e-20,4.6289196519523526e-20,-1.1552916632928824e-18,1.1783878918307056e-18,No,0,S
2019.25,2.111181134153705e-19,2.5169631412404374e-20,-2.362877448277749e-19,-1.1552916632928824e-18,1.1783878918307056e-18,No,0,S
2019.3333333333335,2.7991981280184855e-19,2.6430156208978887e-20,-3.063499690108274e-19,-1.1552916632928824e-18,1.1783878918307056e-18,No,0,S
2019.4166666666667,-3.3091894516844744e-19,2.76906810055534e-20,3.0322826416289403e-19,-1.1552916632928824e-18,1.1783878918307056e-18,No,0,S
2019.5,5.2588580808234305e-20,2.895120580212791e-20,-8.153978661036222e-20,-1.1552916632928824e-18,1.1783878918307056e-18,No,0,S
2019.5833333333335,-6.186777067046941e-19,3.0211730598702424e-20,5.884659761059917e-19,-1.1552916632928824e-18,1.1783878918307056e-18,No,0,S
2019.6666666666667,-2.5784523147334823e-19,3.147225539527694e-20,4,-1.1552916632928824e-18,1.1783878918307056e-18,No,4,S
2019.75,1.763525507804453e-19,3.2732780191851455e-20,-2.0908533097229675e-19,-1.1552916632928824e-18,1.1783878918307056e-18,No,0,S
2019.8333333333335,4.223183115600472e-19,3.399330498842597e-20,-4.5631161654847315e-19,-1.1552916632928824e-18,1.1783878918307056e-18,No,4.81482486096809e-35,S
2019.9166666666667,1.3698078826841231e-19,3.525382978500048e-20,-1.7223461805341279e-19,-1.1552916632928824e-18,1.1783878918307056e-18,No,0,S
2020,2.994919799009406e-20,3.651435458157499e-20,3,-1.1552916632928824e-18,1.1783878918307056e-18,No,3,S
2020.0833333333335,-3.158718585661911e-20,3.7774879378149505e-20,6,-1.1552916632928824e-18,1.1783878918307056e-18,No,6,S
2020.1666666666667,-7.019830313535339e-20,3.903540417472402e-20,3.116289896062937e-20,-1.1552916632928824e-18,1.1783878918307056e-18,No,0,S
2020.25,2.111181134153705e-19,4.052363617564619e-20,1,-1.1552916632928824e-18,1.1783878918307056e-18,No,1,S
2020.3333333333335,2.7991981280184855e-19,4.201186817656835e-20,8,-1.1552916632928824e-18,1.1783878918307056e-18,No,8,S
2020.4166666666667,-3.3091894516844744e-19,4.3500100177490524e-20,2.8741884499095693e-19,-1.1552916632928824e-18,1.1783878918307056e-18,No,0,S
2020.5,5.2588580808234305e-20,4.498833217841269e-20,7,-1.1552916632928824e-18,1.1783878918307056e-18,No,7,S
2020.5833333333335,-6.186777067046941e-19,4.647656417933486e-20,5.7220114252535925e-19,-1.1552916632928824e-18,1.1783878918307056e-18,No,0,S
2020.6666666666667,-2.5784523147334823e-19,4.7964796180257024e-20,2.098804352930912e-19,-1.1552916632928824e-18,1.1783878918307056e-18,No,0,S
2020.75,1.763525507804453e-19,4.9453028181179194e-20,-2.258055789616245e-19,-1.1552916632928824e-18,1.1783878918307056e-18,No,0,S
2020.8333333333335,4.223183115600472e-19,5.094126018210136e-20,7,-1.1552916632928824e-18,1.1783878918307056e-18,No,7,S
2020.9166666666667,1.3698078826841231e-19,5.242949218302353e-20,5,-1.1552916632928824e-18,1.1783878918307056e-18,No,5,S
2021,2.994919799009406e-20,5.39177241839457e-20,-8.386692217403976e-20,-1.1552916632928824e-18,1.1783878918307056e-18,No,6.018531076210112e-36,S
2021.0833333333335,-3.158718585661911e-20,5.540595618486787e-20,-2.3818770328248758e-20,-1.1552916632928824e-18,1.1783878918307056e-18,No,0,S
2021.1666666666667,-7.019830313535339e-20,5.689418818579003e-20,1.3304114949563358e-20,-1.1552916632928824e-18,1.1783878918307056e-18,No,0,S
2021.25,2.111181134153705e-19,5.83824201867122e-20,8,-1.1552916632928824e-18,1.1783878918307056e-18,No,8,S
2021.3333333333335,2.7991981280184855e-19,5.987065218763437e-20,-3.397904649894829e-19,-1.1552916632928824e-18,1.1783878918307056e-18,No,0,S
2021.4166666666667,-3.3091894516844744e-19,6.09929369142812e-20,2.6992600825416623e-19,-1.1552916632928824e-18,1.1783878918307056e-18,No,0,S
2021.5,5.2588580808234305e-20,6.211522164092802e-20,-1.1470380244916232e-19,-1.1552916632928824e-18,1.1783878918307056e-18,No,6.018531076210112e-36,S
2021.5833333333335,-6.186777067046941e-19,6.323750636757485e-20,5.554402003371192e-19,-1.1552916632928824e-18,1.1783878918307056e-18,No,0,S
2021.6666666666667,-2.5784523147334823e-19,6.435979109422168e-20,1,-1.1552916632928824e-18,1.1783878918307056e-18,No,1,S
2021.75,1.763525507804453e-19,6.54820758208685e-20,3,-1.1552916632928824e-18,1.1783878918307056e-18,No,3,S
2021.8333333333335,4.223183115600472e-19,6.660436054751533e-20,-4.889226721075625e-19,-1.1552916632928824e-18,1.1783878918307056e-18,No,4.81482486096809e-35,S
2021.9166666666667,1.3698078826841231e-19,6.772664527416216e-20,-2.0470743354257449e-19,-1.1552916632928824e-18,1.1783878918307056e-18,No,-2.407412430484045e-35,S
2022,2.994919799009406e-20,6.884893000080899e-20,-9.879812799090305e-20,-1.1552916632928824e-18,1.1783878918307056e-18,No,-6.018531076210112e-36,S
2022.0833333333335,-3.158718585661911e-20,6.997121472745581e-20,-3.83840288708367e-20,-1.1552916632928824e-18,1.1783878918307056e-18,No,0,S
2022.1666666666667,-7.019830313535339e-20,7.109349945410264e-20,-8.951963187492528e-22,-1.1552916632928824e-18,1.1783878918307056e-18,No,0,S
2022.25,2.111181134153705e-19,7.221578418074947e-20,-2.8333389759611997e-19,-1.1552916632928824e-18,1.1783878918307056e-18,No,0,S
2022.3333333333335,2.7991981280184855e-19,7.33380689073963e-20,5,-1.1552916632928824e-18,1.1783878918307056e-18,No,5,S
2022.4166666666667,-3.3091894516844744e-19,7.446035363404312e-20,2.564585915344043e-19,-1.1552916632928824e-18,1.1783878918307056e-18,No,0,S
2022.5,5.2588580808234305e-20,7.558263836068995e-20,5,-1.1552916632928824e-18,1.1783878918307056e-18,No,5,S
2022.5833333333335,-6.186777067046941e-19,7.676302988320906e-20,5.41914676821485e-19,-1.1552916632928824e-18,1.1783878918307056e-18,No,0,S
2022.6666666666667,-2.5784523147334823e-19,7.794342140572817e-20,1.7990181006762006e-19,-1.1552916632928824e-18,1.1783878918307056e-18,No,0,S
2022.75,1.763525507804453e-19,7.91238129282473e-20,1,-1.1552916632928824e-18,1.1783878918307056e-18,No,1,S
2022.8333333333335,4.223183115600472e-19,8.030420445076641e-20,3,-1.1552916632928824e-18,1.1783878918307056e-18,No,3,S
2022.9166666666667,1.3698078826841231e-19,8.148459597328552e-20,8,-1.1552916632928824e-18,1.1783878918307056e-18,No,8,S
2023,2.994919799009406e-20,8.266498749580463e-20,-1.1261418548589869e-19,-1.1552916632928824e-18,1.1783878918307056e-18,No,6.018531076210112e-36,S
2023.0833333333335,-3.158718585661911e-20,8.384537901832375e-20,1,-1.1552916632928824e-18,1.1783878918307056e-18,No,1,S
2023.1666666666667,-7.019830313535339e-20,8.502577054084287e-20,10,-1.1552916632928824e-18,1.1783878918307056e-18,No,10,S
2023.25,2.111181134153705e-19,8.620616206336198e-20,7,-1.1552916632928824e-18,1.1783878918307056e-18,No,7,S
2023.3333333333335,2.7991981280184855e-19,8.738655358588109e-20,2,-1.1552916632928824e-18,1.1783878918307056e-18,No,2,S
2023.4166666666667,-3.3091894516844744e-19,8.85669451084002e-20,9,-1.1552916632928824e-18,1.1783878918307056e-18,No,9,S
2023.5,5.2588580808234305e-20,8.974733663091932e-20,1,-1.1552916632928824e-18,1.1783878918307056e-18,No,1,S
2023.5833333333335,-6.186777067046941e-19,9.092772815343843e-20,5.277499785512557e-19,-1.1552916632928824e-18,1.1783878918307056e-18,No,0,S
2023.6666666666667,-2.5784523147334823e-19,9.210811967595755e-20,1.657371117973907e-19,-1.1552916632928824e-18,1.1783878918307056e-18,No,0,S
2023.75,1.763525507804453e-19,9.331013714578495e-20,8,-1.1552916632928824e-18,1.1783878918307056e-18,No,8,S
2023.8333333333335,4.223183115600472e-19,9.451215461561237e-20,2,-1.1552916632928824e-18,1.1783878918307056e-18,No,2,S
2023.9166666666667,1.3698078826841231e-19,9.571417208543978e-20,6,-1.1552916632928824e-18,1.1783878918307056e-18,No,6,S
2024,2.994919799009406e-20,9.691618955526719e-20,2,-1.1552916632928824e-18,1.1783878918307056e-18,No,2,S
2024.0833333333335,-3.158718585661911e-20,9.811820702509459e-20,-6.653102116847548e-20,-1.1552916632928824e-18,1.1783878918307056e-18,No,-6.018531076210112e-36,S
2024.1666666666667,-7.019830313535339e-20,9.932022449492201e-20,-2.912192135956862e-20,-1.1552916632928824e-18,1.1783878918307056e-18,No,0,S
2024.25,2.111181134153705e-19,1.0052224196474942e-19,9,-1.1552916632928824e-18,1.1783878918307056e-18,No,9,S
2024.3333333333335,2.7991981280184855e-19,1.0172425943457683e-19,-3.8164407223642537e-19,-1.1552916632928824e-18,1.1783878918307056e-18,No,0,S
2024.4166666666667,-3.3091894516844744e-19,1.0292627690440423e-19,2.279926682640432e-19,-1.1552916632928824e-18,1.1783878918307056e-18,No,0,S
2024.5,5.2588580808234305e-20,1.0412829437423165e-19,-1.5671687518246595e-19,-1.1552916632928824e-18,1.1783878918307056e-18,No,6.018531076210112e-36,S
2024.5833333333335,-6.186777067046941e-19,1.0533031184405906e-19,5.13347394860635e-19,-1.1552916632928824e-18,1.1783878918307056e-18,No,0,S
2024.6666666666667,-2.5784523147334823e-19,1.0653232931388647e-19,1.5131290215946175e-19,-1.1552916632928824e-18,1.1783878918307056e-18,No,0,S
2024.75,1.763525507804453e-19,1.0773434678371387e-19,-2.8408689756415916e-19,-1.1552916632928824e-18,1.1783878918307056e-18,No,0,S
2024.8333333333335,4.223183115600472e-19,1.089363642535413e-19,8,-1.1552916632928824e-18,1.1783878918307056e-18,No,8,S
2024.9166666666667,1.3698078826841231e-19,1.100365153565066e-19,1,-1.1552916632928824e-18,1.1783878918307056e-18,No,1,S
2025,2.994919799009406e-20,1.111366664594719e-19,3,-1.1552916632928824e-18,1.1783878918307056e-18,No,3,S
2025.0833333333335,-3.158718585661911e-20,1.122368175624372e-19,-8.06496317058181e-20,-1.1552916632928824e-18,1.1783878918307056e-18,No,-6.018531076210112e-36,S
2025.1666666666667,-7.019830313535339e-20,1.133369686654025e-19,6,-1.1552916632928824e-18,1.1783878918307056e-18,No,6,S
2025.25,2.111181134153705e-19,1.144371197683678e-19,-3.255552331837383e-19,-1.1552916632928824e-18,1.1783878918307056e-18,No,0,S
2025.3333333333335,2.7991981280184855e-19,1.1553727087133311e-19,2,-1.1552916632928824e-18,1.1783878918307056e-18,No,2,S
2025.4166666666667,-3.3091894516844744e-19,1.1663742197429842e-19,6,-1.1552916632928824e-18,1.1783878918307056e-18,No,6,S
2025.5,5.2588580808234305e-20,1.1773757307726372e-19,1,-1.1552916632928824e-18,1.1783878918307056e-18,No,1,S
2025.5833333333335,-6.186777067046941e-19,1.1883772418022903e-19,8,-1.1552916632928824e-18,1.1783878918307056e-18,No,8,S
2025.6666666666667,-2.5784523147334823e-19,1.1993787528319433e-19,1.379073561901539e-19,-1.1552916632928824e-18,1.1783878918307056e-18,No,0,S
2025.75,1.763525507804453e-19,1.2103802638615964e-19,8,-1.1552916632928824e-18,1.1783878918307056e-18,No,8,S
2025.8333333333335,4.223183115600472e-19,1.2213817748912494e-19,1,-1.1552916632928824e-18,1.1783878918307056e-18,No,1,S
2025.9166666666667,1.3698078826841231e-19,1.2323832859209024e-19,-2.6021911686050253e-19,-1.1552916632928824e-18,1.1783878918307056e-18,No,2.407412430484045e-35,S
