x,seasonal,trend,remainder,remainder_l1,remainder_l2,anomaly,observed,Zone
1981.6666666666667,1.020997244676498,3.961787355656894,-4.982784600333392,-114.11980562064403,85.12949040235861,No,-4.440892098500626e-16,NW
1981.75,-8.326161620498949,4.140568579875615,4.185593040623334,-114.11980562064403,85.12949040235861,No,0,NW
1981.8333333333335,-7.182104206571005,4.319349804094336,2.8627544024766687,-114.11980562064403,85.12949040235861,No,0,NW
1981.9166666666667,-3.9557450172315245,4.4981310283130576,-0.5423860110815331,-114.11980562064403,85.12949040235861,No,0,NW
1982,-5.472034772477585,4.676912252531778,0.7951225199458065,-114.11980562064403,85.12949040235861,No,0,NW
1982.0833333333335,-0.23772644188240744,4.8556934767505,57.693161226675194,-114.11980562064403,85.12949040235861,No,62.31112826154329,NW
1982.1666666666667,3.106134766274306,5.034474700969221,-8.140609467243527,-114.11980562064403,85.12949040235861,No,0,NW
1982.25,-8.775446115667538,5.213255925187942,3.5621901904795967,-114.11980562064403,85.12949040235861,No,0,NW
1982.3333333333335,-0.3088818761627726,5.392037149406663,-5.08315527324389,-114.11980562064403,85.12949040235861,No,3.885780586188048e-16,NW
1982.4166666666667,8.370067036343126,5.570818373625384,-13.94088540996851,-114.11980562064403,85.12949040235861,No,0,NW
1982.5,11.554157846532153,5.749599597844106,45.00737081716719,-114.11980562064403,85.12949040235861,Yes,62.311128261543445,NW
1982.5833333333335,10.206742940609491,5.9283808220628265,-16.13512376267232,-114.11980562064403,85.12949040235861,No,0,NW
1982.6666666666667,1.020997244676498,6.107162046281547,-7.128159290958045,-114.11980562064403,85.12949040235861,No,0,NW
1982.75,-8.326161620498949,6.285943270500269,2.04021834999868,-114.11980562064403,85.12949040235861,No,0,NW
1982.8333333333335,-7.182104206571005,6.46472449471899,0.7173797118520149,-114.11980562064403,85.12949040235861,No,0,NW
1982.9166666666667,-3.9557450172315245,6.673914240396205,-2.7181692231646806,-114.11980562064403,85.12949040235861,No,0,NW
1983,-5.472034772477585,6.8831039860734204,-1.4110692135958356,-114.11980562064403,85.12949040235861,No,0,NW
1983.0833333333335,-0.23772644188240744,7.092293731750636,-6.854567289868228,-114.11980562064403,85.12949040235861,No,0,NW
1983.1666666666667,3.106134766274306,7.301483477427852,-10.407618243702158,-114.11980562064403,85.12949040235861,No,0,NW
1983.25,-8.775446115667538,7.5106732231050675,1.2647728925624708,-114.11980562064403,85.12949040235861,No,0,NW
1983.3333333333335,-0.3088818761627726,7.719862968782283,-7.41098109261951,-114.11980562064403,85.12949040235861,No,3.885780586188048e-16,NW
1983.4166666666667,8.370067036343126,7.929052714459498,-16.299119750802625,-114.11980562064403,85.12949040235861,No,0,NW
1983.5,11.554157846532153,8.138242460136714,62.271398858348526,-114.11980562064403,85.12949040235861,No,81.96379916501739,NW
1983.5833333333335,10.206742940609491,8.347432205813929,45.43707646719015,-114.11980562064403,85.12949040235861,Yes,63.99125161361357,NW
1983.6666666666667,1.020997244676498,8.556621951491145,-9.577619196167642,-114.11980562064403,85.12949040235861,No,8.881784197001252e-16,NW
1983.75,-8.326161620498949,8.76581169716836,-0.4396500766694107,-114.11980562064403,85.12949040235861,No,0,NW
1983.8333333333335,-7.182104206571005,8.975001442845576,75.72005621937893,-114.11980562064403,85.12949040235861,No,77.5129534556535,NW
1983.9166666666667,-3.9557450172315245,9.184191188522792,71.1795793490607,-114.11980562064403,85.12949040235861,No,76.40802552035197,NW
1984,-5.472034772477585,9.393380934200007,-3.921346161722422,-114.11980562064403,85.12949040235861,No,0,NW
1984.0833333333335,-0.23772644188240744,9.633759699435036,-9.396033257552627,-114.11980562064403,85.12949040235861,No,8.881784197001252e-16,NW
1984.1666666666667,3.106134766274306,9.874138464670065,-12.98027323094437,-114.11980562064403,85.12949040235861,No,8.881784197001252e-16,NW
1984.25,-8.775446115667538,10.114517229905095,-1.3390711142375569,-114.11980562064403,85.12949040235861,No,0,NW
1984.3333333333335,-0.3088818761627726,10.354895995140124,-10.046014118977352,-114.11980562064403,85.12949040235861,No,-4.996003610813204e-16,NW
1984.4166666666667,8.370067036343126,10.595274760375153,-18.965341796718278,-114.11980562064403,85.12949040235861,No,1.7763568394002505e-15,NW
1984.5,11.554157846532153,10.835653525610182,44.540710424294105,-114.11980562064403,85.12949040235861,No,66.93052179643644,NW
1984.5833333333335,10.206742940609491,11.076032290845212,-21.282775231454703,-114.11980562064403,85.12949040235861,No,0,NW
1984.6666666666667,1.020997244676498,11.316411056080241,-12.337408300756739,-114.11980562064403,85.12949040235861,No,8.881784197001252e-16,NW
1984.75,-8.326161620498949,11.55678982131527,-3.230628200816321,-114.11980562064403,85.12949040235861,No,0,NW
1984.8333333333335,-7.182104206571005,11.797168586550299,-4.6150643799792945,-114.11980562064403,85.12949040235861,No,0,NW
1984.9166666666667,-3.9557450172315245,12.037547351785328,-8.081802334553803,-114.11980562064403,85.12949040235861,No,4.440892098500626e-16,NW
1985,-5.472034772477585,12.277926117020359,-6.805891344542774,-114.11980562064403,85.12949040235861,No,0,NW
1985.0833333333335,-0.23772644188240744,12.518304882255388,-12.280578440372981,-114.11980562064403,85.12949040235861,No,-8.881784197001252e-16,NW
1985.1666666666667,3.106134766274306,12.758683647490416,-15.864818413764723,-114.11980562064403,85.12949040235861,No,-8.881784197001252e-16,NW
1985.25,-8.775446115667538,13.012185272943249,-4.236739157275711,-114.11980562064403,85.12949040235861,No,0,NW
1985.3333333333335,-0.3088818761627726,13.265686898396083,-12.956805022233311,-114.11980562064403,85.12949040235861,No,-4.996003610813204e-16,NW
1985.4166666666667,8.370067036343126,13.519188523848918,-21.889255560192044,-114.11980562064403,85.12949040235861,No,0,NW
1985.5,11.554157846532153,13.77269014930175,56.28595545515671,-114.11980562064403,85.12949040235861,No,81.61280345099061,NW
1985.5833333333335,10.206742940609491,14.026191774754583,-24.232934715364074,-114.11980562064403,85.12949040235861,No,0,NW
1985.6666666666667,1.020997244676498,14.279693400207417,-15.300690644883915,-114.11980562064403,85.12949040235861,No,8.881784197001252e-16,NW
1985.75,-8.326161620498949,14.533195025660252,-6.207033405161303,-114.11980562064403,85.12949040235861,No,0,NW
1985.8333333333335,-7.182104206571005,14.786696651113084,-7.60459244454208,-114.11980562064403,85.12949040235861,No,0,NW
1985.9166666666667,-3.9557450172315245,15.040198276565917,-11.084453259334392,-114.11980562064403,85.12949040235861,No,4.440892098500626e-16,NW
1986,-5.472034772477585,15.293699902018751,-9.821665129541167,-114.11980562064403,85.12949040235861,No,0,NW
1986.0833333333335,-0.23772644188240744,15.547201527471586,-15.309475085589177,-114.11980562064403,85.12949040235861,No,8.881784197001252e-16,NW
1986.1666666666667,3.106134766274306,15.800703152924418,-18.906837919198725,-114.11980562064403,85.12949040235861,No,-8.881784197001252e-16,NW
1986.25,-8.775446115667538,16.05420477837725,-7.278758662709713,-114.11980562064403,85.12949040235861,No,0,NW
1986.3333333333335,-0.3088818761627726,16.307706403830085,-15.998824527667313,-114.11980562064403,85.12949040235861,No,-4.996003610813204e-16,NW
1986.4166666666667,8.370067036343126,16.54372837594757,-24.913795412290696,-114.11980562064403,85.12949040235861,No,0,NW
1986.5,11.554157846532153,16.779750348065054,-28.333908194597207,-114.11980562064403,85.12949040235861,No,0,NW
1986.5833333333335,10.206742940609491,17.015772320182535,-27.222515260792026,-114.11980562064403,85.12949040235861,No,0,NW
1986.6666666666667,1.020997244676498,17.25179429230002,55.60438371662784,-114.11980562064403,85.12949040235861,No,73.87717525360435,NW
1986.75,-8.326161620498949,17.487816264417503,-9.161654643918554,-114.11980562064403,85.12949040235861,No,0,NW
1986.8333333333335,-7.182104206571005,17.723838236534988,-10.541734029963983,-114.11980562064403,85.12949040235861,No,0,NW
1986.9166666666667,-3.9557450172315245,17.959860208652472,-14.004115191420947,-114.11980562064403,85.12949040235861,No,4.440892098500626e-16,NW
1987,-5.472034772477585,18.195882180769953,-12.723847408292368,-114.11980562064403,85.12949040235861,No,0,NW
1987.0833333333335,-0.23772644188240744,18.431904152887437,-18.19417771100503,-114.11980562064403,85.12949040235861,No,8.881784197001252e-16,NW
1987.1666666666667,3.106134766274306,18.66792612500492,53.5495051045764,-114.11980562064403,85.12949040235861,No,75.32356599585563,NW
1987.25,-8.775446115667538,18.903948097122406,-10.128501981454868,-114.11980562064403,85.12949040235861,No,0,NW
1987.3333333333335,-0.3088818761627726,19.139970069239887,-18.831088193077115,-114.11980562064403,85.12949040235861,No,-4.996003610813204e-16,NW
1987.4166666666667,8.370067036343126,19.37599204135737,-27.746059077700497,-114.11980562064403,85.12949040235861,No,0,NW
1987.5,11.554157846532153,19.612014013474855,-31.166171860007008,-114.11980562064403,85.12949040235861,No,0,NW
1987.5833333333335,10.206742940609491,19.719415644120414,-29.926158584729905,-114.11980562064403,85.12949040235861,No,0,NW
1987.6666666666667,1.020997244676498,19.826817274765972,50.1869191892593,-114.11980562064403,85.12949040235861,No,71.03473370870176,NW
1987.75,-8.326161620498949,19.93421890541153,-11.608057284912581,-114.11980562064403,85.12949040235861,No,0,NW
1987.8333333333335,-7.182104206571005,20.041620536057085,-12.85951632948608,-114.11980562064403,85.12949040235861,No,0,NW
1987.9166666666667,-3.9557450172315245,20.149022166702643,-16.19327714947112,-114.11980562064403,85.12949040235861,No,4.440892098500626e-16,NW
1988,-5.472034772477585,20.2564237973482,-14.784389024870617,-114.11980562064403,85.12949040235861,No,0,NW
1988.0833333333335,-0.23772644188240744,20.36382542799376,-20.12609898611135,-114.11980562064403,85.12949040235861,No,8.881784197001252e-16,NW
1988.1666666666667,3.106134766274306,20.471227058639318,61.66386895571165,-114.11980562064403,85.12949040235861,No,85.24123078062527,NW
1988.25,-8.775446115667538,20.578628689284876,-11.803182573617338,-114.11980562064403,85.12949040235861,No,0,NW
1988.3333333333335,-0.3088818761627726,20.686030319930435,-20.377148443767663,-114.11980562064403,85.12949040235861,No,-4.996003610813204e-16,NW
1988.4166666666667,8.370067036343126,20.79343195057599,59.99101651804733,-114.11980562064403,85.12949040235861,No,89.15451550496645,NW
1988.5,11.554157846532153,20.900833581221548,63.394674210112186,-114.11980562064403,85.12949040235861,No,95.84966563786588,NW
1988.5833333333335,10.206742940609491,21.008235211867106,-31.214978152476597,-114.11980562064403,85.12949040235861,No,0,NW
1988.6666666666667,1.020997244676498,21.115636842512664,-22.13663408718916,-114.11980562064403,85.12949040235861,No,8.881784197001252e-16,NW
1988.75,-8.326161620498949,21.1435255756391,-12.81736395514015,-114.11980562064403,85.12949040235861,No,0,NW
1988.8333333333335,-7.182104206571005,21.171414308765538,56.82382922592639,-114.11980562064403,85.12949040235861,No,70.81313932812091,NW
1988.9166666666667,-3.9557450172315245,21.199303041891973,-17.243558024660448,-114.11980562064403,85.12949040235861,No,4.440892098500626e-16,NW
1989,-5.472034772477585,21.227191775018408,68.91951356809767,-114.11980562064403,85.12949040235861,No,84.6746705706385,NW
1989.0833333333335,-0.23772644188240744,21.255080508144843,52.4732866540553,-114.11980562064403,85.12949040235861,No,73.49064072031774,NW
1989.1666666666667,3.106134766274306,21.28296924127128,40.4418967188652,-114.11980562064403,85.12949040235861,No,64.83100072641079,NW
1989.25,-8.775446115667538,21.310857974397717,-12.535411858730178,-114.11980562064403,85.12949040235861,No,0,NW
1989.3333333333335,-0.3088818761627726,21.33874670752415,71.47251925237121,-114.11980562064403,85.12949040235861,No,92.5023840837326,NW
1989.4166666666667,8.370067036343126,21.36663544065059,56.7337638377711,-114.11980562064403,85.12949040235861,No,86.47046631476482,NW
1989.5,11.554157846532153,21.394524173777025,37.08832418587542,-114.11980562064403,85.12949040235861,No,70.0370062061846,NW
1989.5833333333335,10.206742940609491,21.42241290690346,47.19380337535367,-114.11980562064403,85.12949040235861,Yes,78.82295922286661,NW
1989.6666666666667,1.020997244676498,21.450301640029895,-22.471298884706393,-114.11980562064403,85.12949040235861,No,8.881784197001252e-16,NW
1989.75,-8.326161620498949,21.478190373156334,49.15909950888599,-114.11980562064403,85.12949040235861,No,62.311128261543374,NW
1989.8333333333335,-7.182104206571005,21.50607910628277,-14.323974899711764,-114.11980562064403,85.12949040235861,No,0,NW
1989.9166666666667,-3.9557450172315245,21.49679899542909,59.60948257551722,-114.11980562064403,85.12949040235861,No,77.15053655371479,NW
1990,-5.472034772477585,21.48751888457541,65.15129976184765,-114.11980562064403,85.12949040235861,No,81.16678387394548,NW
1990.0833333333335,-0.23772644188240744,21.47823877372173,54.89930301026983,-114.11980562064403,85.12949040235861,No,76.13981534210916,NW
1990.1666666666667,3.106134766274306,21.468958662868054,51.745449207772616,-114.11980562064403,85.12949040235861,No,76.32054263691498,NW
1990.25,-8.775446115667538,21.459678552014374,-12.684232436346836,-114.11980562064403,85.12949040235861,No,0,NW
1990.3333333333335,-0.3088818761627726,21.450398441160697,61.61035638455134,-114.11980562064403,85.12949040235861,No,82.75187294954927,NW
1990.4166666666667,8.370067036343126,21.441118330307017,-29.811185366650143,-114.11980562064403,85.12949040235861,No,0,NW
1990.5,11.554157846532153,21.431838219453336,43.86983109313435,-114.11980562064403,85.12949040235861,No,76.85582715911984,NW
1990.5833333333335,10.206742940609491,21.42255810859966,37.39987564344986,-114.11980562064403,85.12949040235861,No,69.02917669265901,NW
1990.6666666666667,1.020997244676498,21.41327799774598,-22.434275242422476,-114.11980562064403,85.12949040235861,No,8.881784197001252e-16,NW
1990.75,-8.326161620498949,21.403997886892302,-13.077836266393353,-114.11980562064403,85.12949040235861,No,0,NW
1990.8333333333335,-7.182104206571005,21.394717776038622,-14.212613569467617,-114.11980562064403,85.12949040235861,No,0,NW
1990.9166666666667,-3.9557450172315245,21.385437665184945,-17.42969264795342,-114.11980562064403,85.12949040235861,No,4.440892098500626e-16,NW
1991,-5.472034772477585,21.376157554331265,-15.90412278185368,-114.11980562064403,85.12949040235861,No,0,NW
1991.0833333333335,-0.23772644188240744,21.30931480748501,-21.0715883656026,-114.11980562064403,85.12949040235861,No,8.881784197001252e-16,NW
1991.1666666666667,3.106134766274306,21.242472060638757,-24.348606826913063,-114.11980562064403,85.12949040235861,No,8.881784197001252e-16,NW
1991.25,-8.775446115667538,21.175629313792502,-12.400183198124964,-114.11980562064403,85.12949040235861,No,0,NW
1991.3333333333335,-0.3088818761627726,21.10878656694625,-20.799904690783478,-114.11980562064403,85.12949040235861,No,-4.996003610813204e-16,NW
1991.4166666666667,8.370067036343126,21.041943820099995,-29.41201085644312,-114.11980562064403,85.12949040235861,No,0,NW
1991.5,11.554157846532153,20.975101073253743,-32.529258919785896,-114.11980562064403,85.12949040235861,No,0,NW
1991.5833333333335,10.206742940609491,20.908258326407488,45.222419836748315,-114.11980562064403,85.12949040235861,Yes,76.3374211037653,NW
1991.6666666666667,1.020997244676498,20.841415579561232,58.345434083512416,-114.11980562064403,85.12949040235861,No,80.20784690775014,NW
1991.75,-8.326161620498949,20.77457283271498,-12.448411212216032,-114.11980562064403,85.12949040235861,No,0,NW
1991.8333333333335,-7.182104206571005,20.707730085868725,-13.52562587929772,-114.11980562064403,85.12949040235861,No,0,NW
1991.9166666666667,-3.9557450172315245,20.640887339022473,-16.68514232179095,-114.11980562064403,85.12949040235861,No,4.440892098500626e-16,NW
1992,-5.472034772477585,20.574044592176218,-15.102009819698633,-114.11980562064403,85.12949040235861,No,0,NW
1992.0833333333335,-0.23772644188240744,20.507201845329966,-20.269475403447558,-114.11980562064403,85.12949040235861,No,8.881784197001252e-16,NW
1992.1666666666667,3.106134766274306,20.44035909848371,-23.546493864758016,-114.11980562064403,85.12949040235861,No,8.881784197001252e-16,NW
1992.25,-8.775446115667538,20.370917075026064,-11.595470959358526,-114.11980562064403,85.12949040235861,No,0,NW
1992.3333333333335,-0.3088818761627726,20.301475051568417,-19.992593175405645,-114.11980562064403,85.12949040235861,No,-4.996003610813204e-16,NW
1992.4166666666667,8.370067036343126,20.23203302811077,-28.602100064453897,-114.11980562064403,85.12949040235861,No,0,NW
1992.5,11.554157846532153,20.162591004653123,-31.716748851185276,-114.11980562064403,85.12949040235861,No,0,NW
1992.5833333333335,10.206742940609491,20.093148981195476,-30.299891921804967,-114.11980562064403,85.12949040235861,No,0,NW
1992.6666666666667,1.020997244676498,20.02370695773783,-21.044704202414326,-114.11980562064403,85.12949040235861,No,8.881784197001252e-16,NW
1992.75,-8.326161620498949,19.954264934280182,-11.628103313781233,-114.11980562064403,85.12949040235861,No,0,NW
1992.8333333333335,-7.182104206571005,19.884822910822535,-12.70271870425153,-114.11980562064403,85.12949040235861,No,0,NW
1992.9166666666667,-3.9557450172315245,19.81538088736489,-15.859635870133364,-114.11980562064403,85.12949040235861,No,4.440892098500626e-16,NW
1993,-5.472034772477585,19.74593886390724,-14.273904091429657,-114.11980562064403,85.12949040235861,No,0,NW
1993.0833333333335,-0.23772644188240744,19.676496840449595,69.71574510639905,-114.11980562064403,85.12949040235861,No,89.15451550496626,NW
1993.1666666666667,3.106134766274306,19.607054816991948,-22.713189583266253,-114.11980562064403,85.12949040235861,No,8.881784197001252e-16,NW
1993.25,-8.775446115667538,19.5376127935343,-10.762166677866762,-114.11980562064403,85.12949040235861,No,0,NW
1993.3333333333335,-0.3088818761627726,19.468170770076654,-19.15928889391388,-114.11980562064403,85.12949040235861,No,-4.996003610813204e-16,NW
1993.4166666666667,8.370067036343126,19.596408944315744,48.25392099865091,-114.11980562064403,85.12949040235861,Yes,76.22039697930978,NW
1993.5,11.554157846532153,19.724647118554834,-31.278804965086987,-114.11980562064403,85.12949040235861,No,0,NW
1993.5833333333335,10.206742940609491,19.85288529279392,-30.059628233403412,-114.11980562064403,85.12949040235861,No,0,NW
1993.6666666666667,1.020997244676498,19.98112346703301,-21.00212071170951,-114.11980562064403,85.12949040235861,No,8.881784197001252e-16,NW
1993.75,-8.326161620498949,20.109361641272102,-11.783200020773153,-114.11980562064403,85.12949040235861,No,0,NW
1993.8333333333335,-7.182104206571005,20.237599815511192,-13.055495608940188,-114.11980562064403,85.12949040235861,No,0,NW
1993.9166666666667,-3.9557450172315245,20.365837989750283,-16.410092972518758,-114.11980562064403,85.12949040235861,No,4.440892098500626e-16,NW
1994,-5.472034772477585,20.49407616398937,-15.022041391511785,-114.11980562064403,85.12949040235861,No,0,NW
1994.0833333333335,-0.23772644188240744,20.62231433822846,-20.38458789634605,-114.11980562064403,85.12949040235861,No,8.881784197001252e-16,NW
1994.1666666666667,3.106134766274306,20.75055251246755,-23.856687278741855,-114.11980562064403,85.12949040235861,No,8.881784197001252e-16,NW
1994.25,-8.775446115667538,20.87879068670664,-12.103344571039102,-114.11980562064403,85.12949040235861,No,0,NW
1994.3333333333335,-0.3088818761627726,21.007028860945727,-20.698146984782955,-114.11980562064403,85.12949040235861,No,-4.996003610813204e-16,NW
1994.4166666666667,8.370067036343126,21.135267035184818,46.56929507649142,-114.11980562064403,85.12949040235861,Yes,76.07462914801937,NW
1994.5,11.554157846532153,21.263505209423908,37.89154948568995,-114.11980562064403,85.12949040235861,No,70.70921254164601,NW
1994.5833333333335,10.206742940609491,21.470029724194163,-31.676772664803654,-114.11980562064403,85.12949040235861,No,0,NW
1994.6666666666667,1.020997244676498,21.676554238964414,-22.69755148364091,-114.11980562064403,85.12949040235861,No,8.881784197001252e-16,NW
1994.75,-8.326161620498949,21.88307875373467,-13.55691713323572,-114.11980562064403,85.12949040235861,No,0,NW
1994.8333333333335,-7.182104206571005,22.08960326850492,-14.907499061933915,-114.11980562064403,85.12949040235861,No,0,NW
1994.9166666666667,-3.9557450172315245,22.296127783275175,76.3937180286556,-114.11980562064403,85.12949040235861,No,94.73410079469926,NW
1995,-5.472034772477585,22.502652298045426,67.09731793285644,-114.11980562064403,85.12949040235861,No,84.12793545842429,NW
1995.0833333333335,-0.23772644188240744,22.70917681281568,-22.471450370933272,-114.11980562064403,85.12949040235861,No,8.881784197001252e-16,NW
1995.1666666666667,3.106134766274306,22.915701327585936,69.8278295440059,-114.11980562064403,85.12949040235861,No,95.84966563786614,NW
1995.25,-8.775446115667538,23.122225842356187,-14.346779726688649,-114.11980562064403,85.12949040235861,No,0,NW
1995.3333333333335,-0.3088818761627726,23.32875035712644,-23.01986848096367,-114.11980562064403,85.12949040235861,No,-4.996003610813204e-16,NW
1995.4166666666667,8.370067036343126,23.535274871896693,-31.90534190823982,-114.11980562064403,85.12949040235861,No,0,NW
1995.5,11.554157846532153,23.741799386666948,44.33342397422826,-114.11980562064403,85.12949040235861,No,79.62938120742736,NW
1995.5833333333335,10.206742940609491,23.9483239014372,28.156061419496687,-114.11980562064403,85.12949040235861,No,62.311128261543374,NW
1995.6666666666667,1.020997244676498,24.154848416207454,-25.17584566088395,-114.11980562064403,85.12949040235861,No,8.881784197001252e-16,NW
1995.75,-8.326161620498949,24.288002437188947,-15.961840816689998,-114.11980562064403,85.12949040235861,No,0,NW
1995.8333333333335,-7.182104206571005,24.42115645817044,50.6705638467386,-114.11980562064403,85.12949040235861,No,67.90961609833803,NW
1995.9166666666667,-3.9557450172315245,24.554310479151933,56.606775828244295,-114.11980562064403,85.12949040235861,No,77.20534129016471,NW
1996,-5.472034772477585,24.687464500133423,66.13769493244274,-114.11980562064403,85.12949040235861,No,85.35312466009857,NW
1996.0833333333335,-0.23772644188240744,24.820618521114916,41.08848288645121,-114.11980562064403,85.12949040235861,No,65.67137496568373,NW
1996.1666666666667,3.106134766274306,24.95377254209641,-28.059907308370715,-114.11980562064403,85.12949040235861,No,8.881784197001252e-16,NW
1996.25,-8.775446115667538,25.086926563077903,72.84303505755608,-114.11980562064403,85.12949040235861,No,89.15451550496644,NW
1996.3333333333335,-0.3088818761627726,25.220080584059396,-24.911198707896624,-114.11980562064403,85.12949040235861,No,-4.996003610813204e-16,NW
1996.4166666666667,8.370067036343126,25.35323460504089,-33.72330164138401,-114.11980562064403,85.12949040235861,No,3.552713678800501e-15,NW
1996.5,11.554157846532153,25.486388626022382,-37.04054647255454,-114.11980562064403,85.12949040235861,No,-3.552713678800501e-15,NW
1996.5833333333335,10.206742940609491,25.619542647003872,-35.82628558761336,-114.11980562064403,85.12949040235861,No,0,NW
1996.6666666666667,1.020997244676498,25.752696667985365,-26.773693912661862,-114.11980562064403,85.12949040235861,No,8.881784197001252e-16,NW
1996.75,-8.326161620498949,25.88585068896686,-17.55968906846791,-114.11980562064403,85.12949040235861,No,-1.7763568394002505e-15,NW
1996.8333333333335,-7.182104206571005,26.01900470994835,-18.836900503377347,-114.11980562064403,85.12949040235861,No,0,NW
1996.9166666666667,-3.9557450172315245,26.035072788551837,-22.079327771320312,-114.11980562064403,85.12949040235861,No,4.440892098500626e-16,NW
1997,-5.472034772477585,26.05114086715532,-20.579106094677734,-114.11980562064403,85.12949040235861,No,0,NW
1997.0833333333335,-0.23772644188240744,26.067208945758804,46.82349386734968,-114.11980562064403,85.12949040235861,Yes,72.65297637122609,NW
1997.1666666666667,3.106134766274306,26.08327702436229,60.707521817726615,-114.11980562064403,85.12949040235861,No,89.89693360836321,NW
1997.25,-8.775446115667538,26.099345102965774,69.59500318120696,-114.11980562064403,85.12949040235861,No,86.9189021685052,NW
1997.3333333333335,-0.3088818761627726,26.115413181569256,37.62467919085039,-114.11980562064403,85.12949040235861,No,63.43121049625687,NW
1997.4166666666667,8.370067036343126,26.13148126017274,45.00668460722709,-114.11980562064403,85.12949040235861,Yes,79.50823290374296,NW
1997.5,11.554157846532153,26.147549338776226,-37.70170718530838,-114.11980562064403,85.12949040235861,No,0,NW
1997.5833333333335,10.206742940609491,26.163617417379708,57.80595801512624,-114.11980562064403,85.12949040235861,No,94.17631837311544,NW
1997.6666666666667,1.020997244676498,26.179685495983193,51.898537151524195,-114.11980562064403,85.12949040235861,No,79.09921989218388,NW
1997.75,-8.326161620498949,26.19575357458668,63.70854798423751,-114.11980562064403,85.12949040235861,No,81.57813993832524,NW
1997.8333333333335,-7.182104206571005,26.211821653190164,73.47259325903434,-114.11980562064403,85.12949040235861,No,92.50231070565349,NW
1997.9166666666667,-3.9557450172315245,26.227889731793645,62.412259735813585,-114.11980562064403,85.12949040235861,No,84.68440445037571,NW
1998,-5.472034772477585,26.24395781039713,62.31536817279515,-114.11980562064403,85.12949040235861,No,83.0872912107147,NW
1998.0833333333335,-0.23772644188240744,26.14663301850026,50.617966106224465,-114.11980562064403,85.12949040235861,No,76.52687268284232,NW
1998.1666666666667,3.106134766274306,26.04930822660339,45.464117960683055,-114.11980562064403,85.12949040235861,Yes,74.61956095356075,NW
1998.25,-8.775446115667538,25.951983434706516,-17.176537319038978,-114.11980562064403,85.12949040235861,No,0,NW
1998.3333333333335,-0.3088818761627726,25.854658642809646,-25.545776766646874,-114.11980562064403,85.12949040235861,No,-4.996003610813204e-16,NW
1998.4166666666667,8.370067036343126,25.757333850912776,-34.1274008872559,-114.11980562064403,85.12949040235861,No,0,NW
1998.5,11.554157846532153,25.660009059015906,-37.214166905548055,-114.11980562064403,85.12949040235861,No,3.552713678800501e-15,NW
1998.5833333333335,10.206742940609491,25.56268426711903,-35.769427207728526,-114.11980562064403,85.12949040235861,No,-3.552713678800501e-15,NW
1998.6666666666667,1.020997244676498,25.46535947522216,-26.48635671989866,-114.11980562064403,85.12949040235861,No,8.881784197001252e-16,NW
1998.75,-8.326161620498949,25.36803468332529,-17.04187306282634,-114.11980562064403,85.12949040235861,No,1.7763568394002505e-15,NW
1998.8333333333335,-7.182104206571005,25.27070989142842,-18.088605684857416,-114.11980562064403,85.12949040235861,No,0,NW
1998.9166666666667,-3.9557450172315245,25.17338509953155,-21.217640082300026,-114.11980562064403,85.12949040235861,No,4.440892098500626e-16,NW
1999,-5.472034772477585,25.076060307634677,-19.604025535157092,-114.11980562064403,85.12949040235861,No,0,NW
1999.0833333333335,-0.23772644188240744,24.978735515737807,-24.7410090738554,-114.11980562064403,85.12949040235861,No,8.881784197001252e-16,NW
1999.1666666666667,3.106134766274306,24.881410723840936,-27.98754549011524,-114.11980562064403,85.12949040235861,No,8.881784197001252e-16,NW
1999.25,-8.775446115667538,24.691822940845952,-15.916376825178414,-114.11980562064403,85.12949040235861,No,0,NW
1999.3333333333335,-0.3088818761627726,24.50223515785097,-24.193353281688196,-114.11980562064403,85.12949040235861,No,-4.996003610813204e-16,NW
1999.4166666666667,8.370067036343126,24.312647374855985,44.73907443022732,-114.11980562064403,85.12949040235861,No,77.42178884142643,NW
1999.5,11.554157846532153,24.123059591861,-35.67721743839316,-114.11980562064403,85.12949040235861,No,-3.552713678800501e-15,NW
1999.5833333333335,10.206742940609491,23.933471808866017,45.57530326976166,-114.11980562064403,85.12949040235861,Yes,79.71551801923717,NW
1999.6666666666667,1.020997244676498,23.743884025871033,57.687171585746206,-114.11980562064403,85.12949040235861,No,82.45205285629373,NW
1999.75,-8.326161620498949,23.55429624287605,-15.2281346223771,-114.11980562064403,85.12949040235861,No,0,NW
1999.8333333333335,-7.182104206571005,23.36470845988106,-16.182604253310057,-114.11980562064403,85.12949040235861,No,0,NW
1999.9166666666667,-3.9557450172315245,23.175120676886078,-19.219375659654553,-114.11980562064403,85.12949040235861,No,4.440892098500626e-16,NW
2000,-5.472034772477585,22.985532893891094,-17.51349812141351,-114.11980562064403,85.12949040235861,No,0,NW
2000.0833333333335,-0.23772644188240744,22.79594511089611,-22.5582186690137,-114.11980562064403,85.12949040235861,No,8.881784197001252e-16,NW
2000.1666666666667,3.106134766274306,22.606357327901126,-25.71249209417543,-114.11980562064403,85.12949040235861,No,8.881784197001252e-16,NW
2000.25,-8.775446115667538,22.416769544906142,-13.641323429238604,-114.11980562064403,85.12949040235861,No,0,NW
2000.3333333333335,-0.3088818761627726,22.227181761911158,54.4802926671522,-114.11980562064403,85.12949040235861,No,76.39859255290058,NW
2000.4166666666667,8.370067036343126,22.062620787727795,44.00322701053979,-114.11980562064403,85.12949040235861,No,74.43591483461071,NW
2000.5,11.554157846532153,21.898059813544428,32.21853217913118,-114.11980562064403,85.12949040235861,No,65.67074983920776,NW
2000.5833333333335,10.206742940609491,21.733498839361065,-31.940241779970556,-114.11980562064403,85.12949040235861,No,0,NW
2000.6666666666667,1.020997244676498,21.568937865177702,-22.5899351098542,-114.11980562064403,85.12949040235861,No,8.881784197001252e-16,NW
2000.75,-8.326161620498949,21.40437689099434,-13.07821527049539,-114.11980562064403,85.12949040235861,No,0,NW
2000.8333333333335,-7.182104206571005,21.239815916810972,-14.057711710239968,-114.11980562064403,85.12949040235861,No,0,NW
2000.9166666666667,-3.9557450172315245,21.07525494262761,-17.119509925396084,-114.11980562064403,85.12949040235861,No,4.440892098500626e-16,NW
2001,-5.472034772477585,20.910693968444246,-15.438659195966661,-114.11980562064403,85.12949040235861,No,0,NW
2001.0833333333335,-0.23772644188240744,20.74613299426088,-20.50840655237847,-114.11980562064403,85.12949040235861,No,8.881784197001252e-16,NW
2001.1666666666667,3.106134766274306,20.581572020077516,60.440762551996826,-114.11980562064403,85.12949040235861,No,84.12846933834865,NW
2001.25,-8.775446115667538,20.417011045894153,-11.641564930226615,-114.11980562064403,85.12949040235861,No,0,NW
2001.3333333333335,-0.3088818761627726,20.25245007171079,-19.943568195548018,-114.11980562064403,85.12949040235861,No,-4.996003610813204e-16,NW
2001.4166666666667,8.370067036343126,20.087889097527423,-28.45795613387055,-114.11980562064403,85.12949040235861,No,0,NW
2001.5,11.554157846532153,19.92332812334406,-31.477485969876213,-114.11980562064403,85.12949040235861,No,0,NW
2001.5833333333335,10.206742940609491,19.93336815950169,59.01440440485528,-114.11980562064403,85.12949040235861,No,89.15451550496645,NW
2001.6666666666667,1.020997244676498,19.94340819565932,-20.964405440335817,-114.11980562064403,85.12949040235861,No,8.881784197001252e-16,NW
2001.75,-8.326161620498949,19.95344823181695,-11.627286611318,-114.11980562064403,85.12949040235861,No,0,NW
2001.8333333333335,-7.182104206571005,19.96348826797458,-12.781384061403575,-114.11980562064403,85.12949040235861,No,0,NW
2001.9166666666667,-3.9557450172315245,19.97352830413221,-16.017783286900684,-114.11980562064403,85.12949040235861,No,4.440892098500626e-16,NW
2002,-5.472034772477585,19.98356834028984,52.59873509608272,-114.11980562064403,85.12949040235861,No,67.11026866389497,NW
2002.0833333333335,-0.23772644188240744,19.99360837644747,49.945099601205456,-114.11980562064403,85.12949040235861,No,69.70098153577052,NW
2002.1666666666667,3.106134766274306,20.003648412605102,51.58034376448265,-114.11980562064403,85.12949040235861,No,74.69012694336206,NW
2002.25,-8.775446115667538,20.013688448762732,-11.238242333095194,-114.11980562064403,85.12949040235861,No,0,NW
2002.3333333333335,-0.3088818761627726,20.023728484920362,-19.71484660875759,-114.11980562064403,85.12949040235861,No,-4.996003610813204e-16,NW
2002.4166666666667,8.370067036343126,20.03376852107799,-28.403835557421118,-114.11980562064403,85.12949040235861,No,0,NW
2002.5,11.554157846532153,20.04380855723562,-31.597966403767774,-114.11980562064403,85.12949040235861,No,0,NW
2002.5833333333335,10.206742940609491,20.05384859339325,-30.260591534002742,-114.11980562064403,85.12949040235861,No,0,NW
2002.6666666666667,1.020997244676498,20.06388862955088,62.1969556142157,-114.11980562064403,85.12949040235861,No,83.28184148844308,NW
2002.75,-8.326161620498949,20.291441873410868,71.32245158652685,-114.11980562064403,85.12949040235861,No,83.28773183943876,NW
2002.8333333333335,-7.182104206571005,20.51899511727086,-13.336890910699854,-114.11980562064403,85.12949040235861,No,0,NW
2002.9166666666667,-3.9557450172315245,20.746548361130845,-16.79080334389932,-114.11980562064403,85.12949040235861,No,4.440892098500626e-16,NW
2003,-5.472034772477585,20.97410160499083,-15.502066832513247,-114.11980562064403,85.12949040235861,No,0,NW
2003.0833333333335,-0.23772644188240744,21.201654848850822,-20.963928406968414,-114.11980562064403,85.12949040235861,No,8.881784197001252e-16,NW
2003.1666666666667,3.106134766274306,21.42920809271081,67.9676282493799,-114.11980562064403,85.12949040235861,No,92.50297110836502,NW
2003.25,-8.775446115667538,21.6567613365708,-12.88131522090326,-114.11980562064403,85.12949040235861,No,0,NW
2003.3333333333335,-0.3088818761627726,21.884314580430786,-21.575432704268014,-114.11980562064403,85.12949040235861,No,-4.996003610813204e-16,NW
2003.4166666666667,8.370067036343126,22.111867824290773,-30.4819348606339,-114.11980562064403,85.12949040235861,No,0,NW
2003.5,11.554157846532153,22.339421068150763,-33.89357891468292,-114.11980562064403,85.12949040235861,No,-3.552713678800501e-15,NW
2003.5833333333335,10.206742940609491,22.56697431201075,47.50710089262602,-114.11980562064403,85.12949040235861,Yes,80.28081814524626,NW
2003.6666666666667,1.020997244676498,22.794527555870737,51.78665357393435,-114.11980562064403,85.12949040235861,No,75.60217837448158,NW
2003.75,-8.326161620498949,23.022080799730727,-14.695919179231778,-114.11980562064403,85.12949040235861,No,0,NW
2003.8333333333335,-7.182104206571005,23.249634043590714,-16.06752983701971,-114.11980562064403,85.12949040235861,No,0,NW
2003.9166666666667,-3.9557450172315245,23.4662236246919,-19.510478607460374,-114.11980562064403,85.12949040235861,No,4.440892098500626e-16,NW
2004,-5.472034772477585,23.68281320579308,-18.210778433315497,-114.11980562064403,85.12949040235861,No,0,NW
2004.0833333333335,-0.23772644188240744,23.899402786894267,-23.66167634501186,-114.11980562064403,85.12949040235861,No,8.881784197001252e-16,NW
2004.1666666666667,3.106134766274306,24.115992367995453,-27.22212713426976,-114.11980562064403,85.12949040235861,No,8.881784197001252e-16,NW
2004.25,-8.775446115667538,24.33258194909664,-15.5571358334291,-114.11980562064403,85.12949040235861,No,0,NW
2004.3333333333335,-0.3088818761627726,24.54917153019782,-24.24028965403505,-114.11980562064403,85.12949040235861,No,-4.996003610813204e-16,NW
2004.4166666666667,8.370067036343126,24.765761111299007,44.75113880472049,-114.11980562064403,85.12949040235861,Yes,77.88696695236263,NW
2004.5,11.554157846532153,24.982350692400193,45.91606756204281,-114.11980562064403,85.12949040235861,Yes,82.45257610097515,NW
2004.5833333333335,10.206742940609491,25.198940273501375,41.275245540575995,-114.11980562064403,85.12949040235861,No,76.68092875468686,NW
2004.6666666666667,1.020997244676498,25.41552985460256,-26.436527099279058,-114.11980562064403,85.12949040235861,No,8.881784197001252e-16,NW
2004.75,-8.326161620498949,25.632119435703746,-17.3059578152048,-114.11980562064403,85.12949040235861,No,-1.7763568394002505e-15,NW
2004.8333333333335,-7.182104206571005,25.848709016804932,-18.666604810233927,-114.11980562064403,85.12949040235861,No,0,NW
2004.9166666666667,-3.9557450172315245,26.065298597906114,-22.10955358067459,-114.11980562064403,85.12949040235861,No,4.440892098500626e-16,NW
2005,-5.472034772477585,26.2818881790073,-20.809853406529715,-114.11980562064403,85.12949040235861,No,0,NW
2005.0833333333335,-0.23772644188240744,26.466492600180715,-26.228766158298306,-114.11980562064403,85.12949040235861,No,8.881784197001252e-16,NW
2005.1666666666667,3.106134766274306,26.65109702135413,-29.757231787628434,-114.11980562064403,85.12949040235861,No,8.881784197001252e-16,NW
2005.25,-8.775446115667538,26.835701442527544,-18.060255326860005,-114.11980562064403,85.12949040235861,No,0,NW
2005.3333333333335,-0.3088818761627726,27.02030586370096,49.03293380313076,-114.11980562064403,85.12949040235861,Yes,75.74435779066894,NW
2005.4166666666667,8.370067036343126,27.204910284874373,47.61939011096143,-114.11980562064403,85.12949040235861,Yes,83.19436743217894,NW
2005.5,11.554157846532153,27.389514706047787,36.47646093105182,-114.11980562064403,85.12949040235861,No,75.42013348363176,NW
2005.5833333333335,10.206742940609491,27.574119127221202,27.2182135064347,-114.11980562064403,85.12949040235861,No,64.99907557426539,NW
2005.6666666666667,1.020997244676498,27.758723548394613,-28.77972079307111,-114.11980562064403,85.12949040235861,No,8.881784197001252e-16,NW
2005.75,-8.326161620498949,27.943327969568028,-19.61716634906908,-114.11980562064403,85.12949040235861,No,-1.7763568394002505e-15,NW
2005.8333333333335,-7.182104206571005,28.127932390741442,-20.945828184170438,-114.11980562064403,85.12949040235861,No,0,NW
2005.9166666666667,-3.9557450172315245,28.312536811914857,-24.356791794683332,-114.11980562064403,85.12949040235861,No,4.440892098500626e-16,NW
2006,-5.472034772477585,28.49714123308827,-23.025106460610687,-114.11980562064403,85.12949040235861,No,0,NW
2006.0833333333335,-0.23772644188240744,28.681745654261686,-28.444019212379278,-114.11980562064403,85.12949040235861,No,8.881784197001252e-16,NW
2006.1666666666667,3.106134766274306,28.8663500754351,-31.972484841709406,-114.11980562064403,85.12949040235861,No,8.881784197001252e-16,NW
2006.25,-8.775446115667538,29.0705309030325,-20.29508478736496,-114.11980562064403,85.12949040235861,No,0,NW
2006.3333333333335,-0.3088818761627726,29.274711730629893,44.378070029659426,-114.11980562064403,85.12949040235861,No,73.34389988412654,NW
2006.4166666666667,8.370067036343126,29.47889255822729,42.040390827302645,-114.11980562064403,85.12949040235861,No,79.88935042187306,NW
2006.5,11.554157846532153,29.683073385824684,34.49987787152443,-114.11980562064403,85.12949040235861,No,75.73710910388127,NW
2006.5833333333335,10.206742940609491,29.887254213422082,-40.09399715403157,-114.11980562064403,85.12949040235861,No,3.552713678800501e-15,NW
2006.6666666666667,1.020997244676498,30.091435041019476,31.198695975847325,-114.11980562064403,85.12949040235861,No,62.3111282615433,NW
2006.75,-8.326161620498949,30.295615868616874,54.47032851289144,-114.11980562064403,85.12949040235861,No,76.43978276100937,NW
2006.8333333333335,-7.182104206571005,30.499796696214272,41.233600241327395,-114.11980562064403,85.12949040235861,No,64.55129273097066,NW
2006.9166666666667,-3.9557450172315245,30.703977523811666,53.54558004586023,-114.11980562064403,85.12949040235861,No,80.29381255244037,NW
2007,-5.472034772477585,30.908158351409064,57.57045106198262,-114.11980562064403,85.12949040235861,No,83.0065746409141,NW
2007.0833333333335,-0.23772644188240744,31.112339179006458,59.95326596960595,-114.11980562064403,85.12949040235861,No,90.82787870673,NW
2007.1666666666667,3.106134766274306,31.316520006603856,46.964888156049454,-114.11980562064403,85.12949040235861,Yes,81.38754292892762,NW
2007.25,-8.775446115667538,31.52070083420125,-22.74525471853371,-114.11980562064403,85.12949040235861,No,0,NW
2007.3333333333335,-0.3088818761627726,31.724881661798648,-31.415999785635876,-114.11980562064403,85.12949040235861,No,-4.996003610813204e-16,NW
2007.4166666666667,8.370067036343126,31.921987311019816,-40.29205434736294,-114.11980562064403,85.12949040235861,No,0,NW
2007.5,11.554157846532153,32.119092960240984,35.4071461429316,-114.11980562064403,85.12949040235861,No,79.08039694970473,NW
2007.5833333333335,10.206742940609491,32.316198609462155,30.972216561792642,-114.11980562064403,85.12949040235861,No,73.49515811186428,NW
2007.6666666666667,1.020997244676498,32.51330425868332,-33.53430150335982,-114.11980562064403,85.12949040235861,No,-2.6645352591003757e-15,NW
2007.75,-8.326161620498949,32.71040990790449,-24.38424828740554,-114.11980562064403,85.12949040235861,No,1.7763568394002505e-15,NW
2007.8333333333335,-7.182104206571005,32.907515557125656,-25.72541135055465,-114.11980562064403,85.12949040235861,No,0,NW
2007.9166666666667,-3.9557450172315245,33.10462120634683,-29.148876189115303,-114.11980562064403,85.12949040235861,No,4.440892098500626e-16,NW
2008,-5.472034772477585,33.301726855568,49.59209675833605,-114.11980562064403,85.12949040235861,No,77.42178884142646,NW
2008.0833333333335,-0.23772644188240744,33.49883250478916,44.01161333800151,-114.11980562064403,85.12949040235861,No,77.27271940090827,NW
2008.1666666666667,3.106134766274306,33.695938154010335,-36.802072920284644,-114.11980562064403,85.12949040235861,No,-2.6645352591003757e-15,NW
2008.25,-8.775446115667538,33.8930438032315,45.03200114582426,-114.11980562064403,85.12949040235861,Yes,70.14959883338823,NW
2008.3333333333335,-0.3088818761627726,34.09014945245267,-33.7812675762899,-114.11980562064403,85.12949040235861,No,-4.996003610813204e-16,NW
2008.4166666666667,8.370067036343126,34.287255101673836,-42.657322138016966,-114.11980562064403,85.12949040235861,No,-3.552713678800501e-15,NW
2008.5,11.554157846532153,34.48436075089501,37.666236406025334,-114.11980562064403,85.12949040235861,No,83.70475500345249,NW
2008.5833333333335,10.206742940609491,34.54205233010906,44.405720234247696,-114.11980562064403,85.12949040235861,No,89.15451550496624,NW
2008.6666666666667,1.020997244676498,34.5997439093231,58.55557721911632,-114.11980562064403,85.12949040235861,No,94.17631837311592,NW
2008.75,-8.326161620498949,34.657435488537146,-26.331273868038195,-114.11980562064403,85.12949040235861,No,1.7763568394002505e-15,NW
2008.8333333333335,-7.182104206571005,34.7151270677512,-27.533022861180193,-114.11980562064403,85.12949040235861,No,0,NW
2008.9166666666667,-3.9557450172315245,34.77281864696525,-30.817073629733724,-114.11980562064403,85.12949040235861,No,4.440892098500626e-16,NW
2009,-5.472034772477585,34.83051022617929,-29.358475453701708,-114.11980562064403,85.12949040235861,No,0,NW
2009.0833333333335,-0.23772644188240744,34.88820180539334,-34.65047536351093,-114.11980562064403,85.12949040235861,No,8.881784197001252e-16,NW
2009.1666666666667,3.106134766274306,34.94589338460739,-38.052028150881696,-114.11980562064403,85.12949040235861,No,-2.6645352591003757e-15,NW
2009.25,-8.775446115667538,35.00358496382144,-26.2281388481539,-114.11980562064403,85.12949040235861,No,0,NW
2009.3333333333335,-0.3088818761627726,35.06127654303548,-34.75239466687271,-114.11980562064403,85.12949040235861,No,-4.996003610813204e-16,NW
2009.4166666666667,8.370067036343126,35.11896812224953,33.366792000527184,-114.11980562064403,85.12949040235861,No,76.85582715911984,NW
2009.5,11.554157846532153,35.17665970146358,15.580310713547647,-114.11980562064403,85.12949040235861,No,62.311128261543374,NW
2009.5833333333335,10.206742940609491,35.23435128067763,-45.441094221287116,-114.11980562064403,85.12949040235861,No,3.552713678800501e-15,NW
2009.6666666666667,1.020997244676498,35.29204285989167,-36.313040104568174,-114.11980562064403,85.12949040235861,No,-2.6645352591003757e-15,NW
2009.75,-8.326161620498949,35.26188081332351,50.07517987489357,-114.11980562064403,85.12949040235861,No,77.01089906771813,NW
2009.8333333333335,-7.182104206571005,35.23171876675534,51.049103367758384,-114.11980562064403,85.12949040235861,No,79.09871792794272,NW
2009.9166666666667,-3.9557450172315245,35.20155672018717,64.60385393491023,-114.11980562064403,85.12949040235861,No,95.84966563786588,NW
2010,-5.472034772477585,35.171394673619005,-29.69935990114142,-114.11980562064403,85.12949040235861,No,0,NW
2010.0833333333335,-0.23772644188240744,35.14123262705084,-34.90350618516843,-114.11980562064403,85.12949040235861,No,8.881784197001252e-16,NW
2010.1666666666667,3.106134766274306,35.111070580482675,-38.217205346756984,-114.11980562064403,85.12949040235861,No,-2.6645352591003757e-15,NW
2010.25,-8.775446115667538,35.0809085339145,50.12257947917944,-114.11980562064403,85.12949040235861,No,76.42804189742641,NW
2010.3333333333335,-0.3088818761627726,35.05074648734634,58.43009318830227,-114.11980562064403,85.12949040235861,No,93.17195779948584,NW
2010.4166666666667,8.370067036343126,35.02058444077817,33.02439032930379,-114.11980562064403,85.12949040235861,No,76.4150418064251,NW
2010.5,11.554157846532153,34.99042239421001,-46.544580240742164,-114.11980562064403,85.12949040235861,No,-3.552713678800501e-15,NW
2010.5833333333335,10.206742940609491,34.96026034764184,33.650877256731,-114.11980562064403,85.12949040235861,No,78.81788054498233,NW
2010.6666666666667,1.020997244676498,34.93009830107367,46.49951839513534,-114.11980562064403,85.12949040235861,Yes,82.4506139408855,NW
2010.75,-8.326161620498949,34.899936254505505,-26.573774634006554,-114.11980562064403,85.12949040235861,No,1.7763568394002505e-15,NW
2010.8333333333335,-7.182104206571005,34.86977420793734,-27.687670001366335,-114.11980562064403,85.12949040235861,No,0,NW
2010.9166666666667,-3.9557450172315245,34.880417922399765,-30.92467290516824,-114.11980562064403,85.12949040235861,No,4.440892098500626e-16,NW
2011,-5.472034772477585,34.89106163686219,39.04849399552509,-114.11980562064403,85.12949040235861,No,68.4675208599097,NW
2011.0833333333335,-0.23772644188240744,34.901705351324615,41.82420523536455,-114.11980562064403,85.12949040235861,No,76.48818414480677,NW
2011.1666666666667,3.106134766274306,34.91234906578704,-38.01848383206135,-114.11980562064403,85.12949040235861,No,-2.6645352591003757e-15,NW
2011.25,-8.775446115667538,34.922992780249466,50.11990377081167,-114.11980562064403,85.12949040235861,No,76.2674504353936,NW
2011.3333333333335,-0.3088818761627726,34.93363649471189,61.224911019316764,-114.11980562064403,85.12949040235861,No,95.84966563786588,NW
2011.4166666666667,8.370067036343126,34.94428020917432,-43.31434724551745,-114.11980562064403,85.12949040235861,No,-3.552713678800501e-15,NW
2011.5,11.554157846532153,34.95492392363675,-46.509081770168905,-114.11980562064403,85.12949040235861,No,-3.552713678800501e-15,NW
2011.5833333333335,10.206742940609491,34.965567638099174,-45.17231057870866,-114.11980562064403,85.12949040235861,No,3.552713678800501e-15,NW
2011.6666666666667,1.020997244676498,34.9762113525616,34.70488982723125,-114.11980562064403,85.12949040235861,No,70.70209842446934,NW
2011.75,-8.326161620498949,34.986855067024024,41.88831483277994,-114.11980562064403,85.12949040235861,No,68.54900827930501,NW
2011.8333333333335,-7.182104206571005,34.99749878148645,-27.815394574915445,-114.11980562064403,85.12949040235861,No,0,NW
2011.9166666666667,-3.9557450172315245,35.008142495948874,58.10211802624889,-114.11980562064403,85.12949040235861,No,89.15451550496624,NW
2012,-5.472034772477585,35.0187862104113,-29.546751437933715,-114.11980562064403,85.12949040235861,No,0,NW
2012.0833333333335,-0.23772644188240744,35.03044548806071,-34.7927190461783,-114.11980562064403,85.12949040235861,No,8.881784197001252e-16,NW
2012.1666666666667,3.106134766274306,35.04210476571012,52.34296802426515,-114.11980562064403,85.12949040235861,No,90.49120755624958,NW
2012.25,-8.775446115667538,35.05376404335953,-26.27831792769199,-114.11980562064403,85.12949040235861,No,0,NW
2012.3333333333335,-0.3088818761627726,35.065423321008936,50.56464724625586,-114.11980562064403,85.12949040235861,No,85.32118869110202,NW
2012.4166666666667,8.370067036343126,35.07708259865835,32.77479877935164,-114.11980562064403,85.12949040235861,No,76.22194841435312,NW
2012.5,11.554157846532153,35.08874187630776,-46.642899722839914,-114.11980562064403,85.12949040235861,No,-3.552713678800501e-15,NW
2012.5833333333335,10.206742940609491,35.10040115395717,31.54868306455318,-114.11980562064403,85.12949040235861,No,76.85582715911984,NW
2012.6666666666667,1.020997244676498,35.11206043160658,32.895985846470595,-114.11980562064403,85.12949040235861,No,69.02904352275367,NW
2012.75,-8.326161620498949,35.12371970925599,37.43353253901635,-114.11980562064403,85.12949040235861,No,64.23109062777338,NW
2012.8333333333335,-7.182104206571005,35.1353789869054,-27.953274780334397,-114.11980562064403,85.12949040235861,No,0,NW
2012.9166666666667,-3.9557450172315245,35.14703826455481,-31.191293247323284,-114.11980562064403,85.12949040235861,No,4.440892098500626e-16,NW
2013,-5.472034772477585,35.158697542204216,-29.68666276972663,-114.11980562064403,85.12949040235861,No,0,NW
2013.0833333333335,-0.23772644188240744,35.17035681985363,-34.93263037797122,-114.11980562064403,85.12949040235861,No,8.881784197001252e-16,NW
2013.1666666666667,3.106134766274306,35.18201609750304,-38.288150863777346,-114.11980562064403,85.12949040235861,No,-2.6645352591003757e-15,NW
2013.25,-8.775446115667538,35.01930542123237,-26.24385930556483,-114.11980562064403,85.12949040235861,No,0,NW
2013.3333333333335,-0.3088818761627726,34.8565947449617,-34.547712868798925,-114.11980562064403,85.12949040235861,No,-4.996003610813204e-16,NW
2013.4166666666667,8.370067036343126,34.69388406869103,-43.06395110503415,-114.11980562064403,85.12949040235861,No,3.552713678800501e-15,NW
2013.5,11.554157846532153,34.53117339242036,37.23045205461162,-114.11980562064403,85.12949040235861,No,83.31578329356412,NW
2013.5833333333335,10.206742940609491,34.368462716149686,24.455165760113395,-114.11980562064403,85.12949040235861,No,69.03037141687257,NW
2013.6666666666667,1.020997244676498,34.205752039879016,-35.22674928455552,-114.11980562064403,85.12949040235861,No,-2.6645352591003757e-15,NW
2013.75,-8.326161620498949,34.043041363608346,48.34577422783085,-114.11980562064403,85.12949040235861,Yes,74.06265397094025,NW
2013.8333333333335,-7.182104206571005,33.88033068733768,52.39820070196355,-114.11980562064403,85.12949040235861,No,79.09642718273022,NW
2013.9166666666667,-3.9557450172315245,33.71762001106701,-29.761874993835487,-114.11980562064403,85.12949040235861,No,4.440892098500626e-16,NW
2014,-5.472034772477585,33.55490933479634,-28.082874562318757,-114.11980562064403,85.12949040235861,No,0,NW
2014.0833333333335,-0.23772644188240744,33.39219865852567,-33.15447221664326,-114.11980562064403,85.12949040235861,No,8.881784197001252e-16,NW
2014.1666666666667,3.106134766274306,33.229487982255,-36.33562274852931,-114.11980562064403,85.12949040235861,No,-2.6645352591003757e-15,NW
2014.25,-8.775446115667538,33.06677730598433,67.25419267798583,-114.11980562064403,85.12949040235861,No,91.54552386830262,NW
2014.3333333333335,-0.3088818761627726,32.90406662971366,43.14876103062259,-114.11980562064403,85.12949040235861,No,75.74394578417348,NW
2014.4166666666667,8.370067036343126,32.60794482182442,40.03112007396902,-114.11980562064403,85.12949040235861,No,81.00913193213657,NW
2014.5,11.554157846532153,32.31182301393518,-43.86598086046733,-114.11980562064403,85.12949040235861,No,3.552713678800501e-15,NW
2014.5833333333335,10.206742940609491,32.01570120604594,39.157309587927834,-114.11980562064403,85.12949040235861,No,81.37975373458326,NW
2014.6666666666667,1.020997244676498,31.7195793981567,44.83682807715347,-114.11980562064403,85.12949040235861,Yes,77.57740471998666,NW
2014.75,-8.326161620498949,31.423457590267457,44.40458045835605,-114.11980562064403,85.12949040235861,No,67.50187642812456,NW
2014.8333333333335,-7.182104206571005,31.127335782378218,42.73346085447873,-114.11980562064403,85.12949040235861,No,66.67869243028593,NW
2014.9166666666667,-3.9557450172315245,30.831213974488975,-26.87546895725745,-114.11980562064403,85.12949040235861,No,4.440892098500626e-16,NW
2015,-5.472034772477585,30.535092166599735,-25.06305739412215,-114.11980562064403,85.12949040235861,No,0,NW
2015.0833333333335,-0.23772644188240744,30.238970358710496,-30.001243916828088,-114.11980562064403,85.12949040235861,No,8.881784197001252e-16,NW
2015.1666666666667,3.106134766274306,29.942848550821253,-33.04898331709556,-114.11980562064403,85.12949040235861,No,-2.6645352591003757e-15,NW
2015.25,-8.775446115667538,29.646726742932014,-20.871280627264476,-114.11980562064403,85.12949040235861,No,0,NW
2015.3333333333335,-0.3088818761627726,29.350604935042774,-29.041723058880002,-114.11980562064403,85.12949040235861,No,-4.996003610813204e-16,NW
2015.4166666666667,8.370067036343126,29.05448312715353,53.40419314316905,-114.11980562064403,85.12949040235861,No,90.82874330666571,NW
2015.5,11.554157846532153,28.758361319264292,30.15491758978151,-114.11980562064403,85.12949040235861,No,70.46743675557795,NW
2015.5833333333335,10.206742940609491,28.522276782004706,25.262231890999477,-114.11980562064403,85.12949040235861,No,63.99125161361367,NW
2015.6666666666667,1.020997244676498,28.286192244745116,-29.307189489421614,-114.11980562064403,85.12949040235861,No,8.881784197001252e-16,NW
2015.75,-8.326161620498949,28.05010770748553,67.75549295335821,-114.11980562064403,85.12949040235861,No,87.47943904034479,NW
2015.8333333333335,-7.182104206571005,27.814023170225944,56.223908195464894,-114.11980562064403,85.12949040235861,No,76.85582715911983,NW
2015.9166666666667,-3.9557450172315245,27.577938632966355,53.29961568259279,-114.11980562064403,85.12949040235861,No,76.92180929832762,NW
2016,-5.472034772477585,27.34185409570677,56.06589495555441,-114.11980562064403,85.12949040235861,No,77.93571427878359,NW
2016.0833333333335,-0.23772644188240744,27.10576955844718,49.160936651383324,-114.11980562064403,85.12949040235861,No,76.0289797679481,NW
2016.1666666666667,3.106134766274306,26.869685021187593,-29.975819787461898,-114.11980562064403,85.12949040235861,No,8.881784197001252e-16,NW
2016.25,-8.775446115667538,26.633600483928006,-17.858154368260468,-114.11980562064403,85.12949040235861,No,0,NW
2016.3333333333335,-0.3088818761627726,26.397515946668417,-26.088634070505645,-114.11980562064403,85.12949040235861,No,-4.996003610813204e-16,NW
2016.4166666666667,8.370067036343126,26.16143140940883,42.673842844412746,-114.11980562064403,85.12949040235861,No,77.20534129016471,NW
2016.5,11.554157846532153,25.925346872149245,-37.4795047186814,-114.11980562064403,85.12949040235861,No,0,NW
2016.5833333333335,10.206742940609491,25.689262334889655,-35.89600527549915,-114.11980562064403,85.12949040235861,No,-3.552713678800501e-15,NW
2016.6666666666667,1.020997244676498,25.45317779763007,-26.474175042306566,-114.11980562064403,85.12949040235861,No,8.881784197001252e-16,NW
2016.75,-8.326161620498949,25.309696373760342,-16.983534753261395,-114.11980562064403,85.12949040235861,No,-1.7763568394002505e-15,NW
2016.8333333333335,-7.182104206571005,25.166214949890616,-17.98411074331961,-114.11980562064403,85.12949040235861,No,0,NW
2016.9166666666667,-3.9557450172315245,25.02273352602089,74.78267712907652,-114.11980562064403,85.12949040235861,No,95.84966563786588,NW
2017,-5.472034772477585,24.879252102151163,-19.40721732967358,-114.11980562064403,85.12949040235861,No,0,NW
2017.0833333333335,-0.23772644188240744,24.735770678281437,-24.49804423639903,-114.11980562064403,85.12949040235861,No,8.881784197001252e-16,NW
2017.1666666666667,3.106134766274306,24.59228925441171,68.15124161718012,-114.11980562064403,85.12949040235861,No,95.84966563786614,NW
2017.25,-8.775446115667538,24.448807830541984,62.94179297903118,-114.11980562064403,85.12949040235861,No,78.61515469390562,NW
2017.3333333333335,-0.3088818761627726,24.30532640667226,54.38285619557621,-114.11980562064403,85.12949040235861,No,78.3793007260857,NW
2017.4166666666667,8.370067036343126,24.161844982802535,31.459339594467977,-114.11980562064403,85.12949040235861,No,63.99125161361364,NW
2017.5,11.554157846532153,24.01836355893281,-35.57252140546496,-114.11980562064403,85.12949040235861,No,0,NW
2017.5833333333335,10.206742940609491,23.874882135063082,-34.08162507567258,-114.11980562064403,85.12949040235861,No,-3.552713678800501e-15,NW
2017.6666666666667,1.020997244676498,23.731400711193356,-24.752397955869853,-114.11980562064403,85.12949040235861,No,8.881784197001252e-16,NW
2017.75,-8.326161620498949,23.58791928732363,-15.26175766682468,-114.11980562064403,85.12949040235861,No,0,NW
2017.8333333333335,-7.182104206571005,23.444437863453903,-16.262333656882898,-114.11980562064403,85.12949040235861,No,0,NW
2017.9166666666667,-3.9557450172315245,23.43934661221598,-19.483601594984457,-114.11980562064403,85.12949040235861,No,4.440892098500626e-16,NW
2018,-5.472034772477585,23.43425536097806,-17.962220588500475,-114.11980562064403,85.12949040235861,No,0,NW
2018.0833333333335,-0.23772644188240744,23.42916410974014,-23.19143766785773,-114.11980562064403,85.12949040235861,No,8.881784197001252e-16,NW
2018.1666666666667,3.106134766274306,23.424072858502218,-26.530207624776523,-114.11980562064403,85.12949040235861,No,8.881784197001252e-16,NW
2018.25,-8.775446115667538,23.418981607264296,-14.643535491596758,-114.11980562064403,85.12949040235861,No,0,NW
2018.3333333333335,-0.3088818761627726,23.413890356026375,-23.105008479863603,-114.11980562064403,85.12949040235861,No,-4.996003610813204e-16,NW
2018.4166666666667,8.370067036343126,23.408799104788454,-31.77886614113158,-114.11980562064403,85.12949040235861,No,0,NW
2018.5,11.554157846532153,23.403707853550532,50.2145034494725,-114.11980562064403,85.12949040235861,No,85.17236914955518,NW
2018.5833333333335,10.206742940609491,23.39861660231261,-33.6053595429221,-114.11980562064403,85.12949040235861,No,0,NW
2018.6666666666667,1.020997244676498,23.39352535107469,-24.414522595751187,-114.11980562064403,85.12949040235861,No,8.881784197001252e-16,NW
2018.75,-8.326161620498949,23.38843409983677,-15.06227247933782,-114.11980562064403,85.12949040235861,No,0,NW
2018.8333333333335,-7.182104206571005,23.383342848598847,-16.201238642027842,-114.11980562064403,85.12949040235861,No,0,NW
2018.9166666666667,-3.9557450172315245,23.378251597360926,-19.4225065801294,-114.11980562064403,85.12949040235861,No,4.440892098500626e-16,NW
2019,-5.472034772477585,23.373160346123004,-17.90112557364542,-114.11980562064403,85.12949040235861,No,0,NW
2019.0833333333335,-0.23772644188240744,23.64547395625573,-23.407747514373323,-114.11980562064403,85.12949040235861,No,8.881784197001252e-16,NW
2019.1666666666667,3.106134766274306,23.917787566388455,-27.02392233266276,-114.11980562064403,85.12949040235861,No,8.881784197001252e-16,NW
2019.25,-8.775446115667538,24.190101176521182,-15.414655060853644,-114.11980562064403,85.12949040235861,No,0,NW
2019.3333333333335,-0.3088818761627726,24.46241478665391,-24.153532910491137,-114.11980562064403,85.12949040235861,No,-4.996003610813204e-16,NW
2019.4166666666667,8.370067036343126,24.734728396786632,-33.10479543312976,-114.11980562064403,85.12949040235861,No,0,NW
2019.5,11.554157846532153,25.00704200691936,52.59079359233729,-114.11980562064403,85.12949040235861,No,89.1519934457888,NW
2019.5833333333335,10.206742940609491,25.279355617052083,-35.48609855766158,-114.11980562064403,85.12949040235861,No,-3.552713678800501e-15,NW
2019.6666666666667,1.020997244676498,25.55166922718481,-26.572666471861307,-114.11980562064403,85.12949040235861,No,8.881784197001252e-16,NW
2019.75,-8.326161620498949,25.823982837317537,-17.497821216818586,-114.11980562064403,85.12949040235861,No,1.7763568394002505e-15,NW
2019.8333333333335,-7.182104206571005,26.09629644745026,-18.914192240879256,-114.11980562064403,85.12949040235861,No,0,NW
2019.9166666666667,-3.9557450172315245,26.368610057582988,-22.412865040351463,-114.11980562064403,85.12949040235861,No,4.440892098500626e-16,NW
2020,-5.472034772477585,26.640923667715715,-21.16888889523813,-114.11980562064403,85.12949040235861,No,0,NW
2020.0833333333335,-0.23772644188240744,26.913237277848438,51.74428435595938,-114.11980562064403,85.12949040235861,No,78.41979519192542,NW
2020.1666666666667,3.106134766274306,27.185550887981165,62.880272145230364,-114.11980562064403,85.12949040235861,No,93.17195779948584,NW
2020.25,-8.775446115667538,27.719144716051737,-18.9436986003842,-114.11980562064403,85.12949040235861,No,0,NW
2020.3333333333335,-0.3088818761627726,28.252738544122305,45.970046174286566,-114.11980562064403,85.12949040235861,Yes,73.9139028422461,NW
2020.4166666666667,8.370067036343126,28.786332372192877,-37.156399408536004,-114.11980562064403,85.12949040235861,No,0,NW
2020.5,11.554157846532153,29.31992620026345,-40.8740840467956,-114.11980562064403,85.12949040235861,No,0,NW
2020.5833333333335,10.206742940609491,29.85352002833402,43.87793134783091,-114.11980562064403,85.12949040235861,No,83.93819431677441,NW
2020.6666666666667,1.020997244676498,30.38711385640459,30.903017160462547,-114.11980562064403,85.12949040235861,No,62.31112826154364,NW
2020.75,-8.326161620498949,30.92070768447516,-22.59454606397621,-114.11980562064403,85.12949040235861,No,1.7763568394002505e-15,NW
2020.8333333333335,-7.182104206571005,31.454301512545733,-24.27219730597473,-114.11980562064403,85.12949040235861,No,0,NW
2020.9166666666667,-3.9557450172315245,31.9878953406163,59.44728871695975,-114.11980562064403,85.12949040235861,No,87.47943904034453,NW
2021,-5.472034772477585,32.52148916868688,-27.049454396209292,-114.11980562064403,85.12949040235861,No,0,NW
2021.0833333333335,-0.23772644188240744,33.05508299675744,-32.81735655487503,-114.11980562064403,85.12949040235861,No,8.881784197001252e-16,NW
2021.1666666666667,3.106134766274306,33.58867682482801,-36.69481159110232,-114.11980562064403,85.12949040235861,No,-2.6645352591003757e-15,NW
2021.25,-8.775446115667538,34.122270652898585,53.061941413973294,-114.11980562064403,85.12949040235861,No,78.40876595120434,NW
2021.3333333333335,-0.3088818761627726,34.65586448096916,31.994890244218368,-114.11980562064403,85.12949040235861,No,66.34187284902475,NW
2021.4166666666667,8.370067036343126,35.14665159930822,-43.516718635651344,-114.11980562064403,85.12949040235861,No,3.552713678800501e-15,NW
2021.5,11.554157846532153,35.637438717647285,-47.191596564179434,-114.11980562064403,85.12949040235861,No,3.552713678800501e-15,NW
2021.5833333333335,10.206742940609491,36.12822583598635,42.81954672837082,-114.11980562064403,85.12949040235861,No,89.15451550496665,NW
2021.6666666666667,1.020997244676498,36.61901295432541,38.831482949310214,-114.11980562064403,85.12949040235861,No,76.47149314831212,NW
2021.75,-8.326161620498949,37.10980007266448,-28.783638452165526,-114.11980562064403,85.12949040235861,No,1.7763568394002505e-15,NW
2021.8333333333335,-7.182104206571005,37.60058719100354,-30.418482984432536,-114.11980562064403,85.12949040235861,No,0,NW
2021.9166666666667,-3.9557450172315245,38.091374309342605,-34.135629292111084,-114.11980562064403,85.12949040235861,No,-3.1086244689504383e-15,NW
2022,-5.472034772477585,38.582161427681676,-33.11012665520409,-114.11980562064403,85.12949040235861,No,0,NW
2022.0833333333335,-0.23772644188240744,39.07294854602074,-38.83522210413833,-114.11980562064403,85.12949040235861,No,8.881784197001252e-16,NW
2022.1666666666667,3.106134766274306,39.563735664359804,-42.66987043063411,-114.11980562064403,85.12949040235861,No,-2.6645352591003757e-15,NW
2022.25,-8.775446115667538,40.05452278269887,-31.27907666703133,-114.11980562064403,85.12949040235861,No,0,NW
2022.3333333333335,-0.3088818761627726,40.54530990103793,-40.23642802487516,-114.11980562064403,85.12949040235861,No,-4.996003610813204e-16,NW
2022.4166666666667,8.370067036343126,41.036097019376996,26.422064993318415,-114.11980562064403,85.12949040235861,No,75.82822904903854,NW
2022.5,11.554157846532153,41.52688413771606,20.851933775469185,-114.11980562064403,85.12949040235861,No,73.9329757597174,NW
2022.5833333333335,10.206742940609491,42.03444088080757,29.24903418090131,-114.11980562064403,85.12949040235861,No,81.49021800231837,NW
2022.6666666666667,1.020997244676498,42.54199762389909,33.10697917305532,-114.11980562064403,85.12949040235861,No,76.66997404163091,NW
2022.75,-8.326161620498949,43.049554366990606,42.13606420552618,-114.11980562064403,85.12949040235861,No,76.85945695201784,NW
2022.8333333333335,-7.182104206571005,43.55711111008212,40.75018924010364,-114.11980562064403,85.12949040235861,No,77.12519614361474,NW
2022.9166666666667,-3.9557450172315245,44.06466785317363,37.92295819884056,-114.11980562064403,85.12949040235861,No,78.03188103478267,NW
2023,-5.472034772477585,44.57222459626515,33.62266738250032,-114.11980562064403,85.12949040235861,No,72.72285720628788,NW
2023.0833333333335,-0.23772644188240744,45.079781339356664,27.963665843247377,-114.11980562064403,85.12949040235861,No,72.80572074072164,NW
2023.1666666666667,3.106134766274306,45.58733808244818,28.129664034854677,-114.11980562064403,85.12949040235861,No,76.82313688357716,NW
2023.25,-8.775446115667538,46.0948948255397,41.099944924279754,-114.11980562064403,85.12949040235861,No,78.41939363415192,NW
2023.3333333333335,-0.3088818761627726,46.60245156863121,17.697681921145247,-114.11980562064403,85.12949040235861,No,63.991251613613684,NW
2023.4166666666667,8.370067036343126,47.11000831172272,23.15017602422725,-114.11980562064403,85.12949040235861,No,78.6302513722931,NW
2023.5,11.554157846532153,47.617565054814236,12.466251701954377,-114.11980562064403,85.12949040235861,No,71.63797460330076,NW
2023.5833333333335,10.206742940609491,48.125121797905756,-58.33186473851525,-114.11980562064403,85.12949040235861,No,-3.552713678800501e-15,NW
2023.6666666666667,1.020997244676498,48.63267854099727,26.772906534177217,-114.11980562064403,85.12949040235861,No,76.42658231985098,NW
2023.75,-8.326161620498949,49.156322693526484,-40.83016107302753,-114.11980562064403,85.12949040235861,No,1.7763568394002505e-15,NW
2023.8333333333335,-7.182104206571005,49.6799668460557,34.91045345185727,-114.11980562064403,85.12949040235861,No,77.40831609134196,NW
2023.9166666666667,-3.9557450172315245,50.20361099858491,30.16231320211004,-114.11980562064403,85.12949040235861,No,76.41017918346343,NW
2024,-5.472034772477585,50.72725515111412,31.703108049100166,-114.11980562064403,85.12949040235861,No,76.9583284277367,NW
2024.0833333333335,-0.23772644188240744,51.25089930364334,34.783838852506406,-114.11980562064403,85.12949040235861,No,85.79701171426734,NW
2024.1666666666667,3.106134766274306,51.77454345617255,23.377539400229708,-114.11980562064403,85.12949040235861,No,78.25821762267657,NW
2024.25,-8.775446115667538,52.29818760870176,27.183567453047864,-114.11980562064403,85.12949040235861,No,70.70630894608209,NW
2024.3333333333335,-0.3088818761627726,52.821831761230975,13.158425080615977,-114.11980562064403,85.12949040235861,No,65.67137496568418,NW
2024.4166666666667,8.370067036343126,53.34547591376019,-61.71554295010331,-114.11980562064403,85.12949040235861,No,3.552713678800501e-15,NW
2024.5,11.554157846532153,53.869120066289405,-65.42327791282156,-114.11980562064403,85.12949040235861,No,-3.552713678800501e-15,NW
2024.5833333333335,10.206742940609491,54.39276421881862,-64.59950715942811,-114.11980562064403,85.12949040235861,No,-3.552713678800501e-15,NW
2024.6666666666667,1.020997244676498,54.91640837134783,-55.93740561602433,-114.11980562064403,85.12949040235861,No,-2.6645352591003757e-15,NW
2024.75,-8.326161620498949,55.44005252387704,33.443084933718026,-114.11980562064403,85.12949040235861,No,80.55697583709612,NW
2024.8333333333335,-7.182104206571005,55.96369667640626,26.769187120967487,-114.11980562064403,85.12949040235861,No,75.55077959080273,NW
2024.9166666666667,-3.9557450172315245,56.478271947631995,22.738526980663266,-114.11980562064403,85.12949040235861,No,75.26105391106374,NW
2025,-5.472034772477585,56.99284721885773,23.14300405494295,-114.11980562064403,85.12949040235861,No,74.6638165013231,NW
2025.0833333333335,-0.23772644188240744,57.50742249008347,24.583137598470344,-114.11980562064403,85.12949040235861,No,81.85283364667141,NW
2025.1666666666667,3.106134766274306,58.0219977613092,19.378151905213976,-114.11980562064403,85.12949040235861,No,80.50628443279749,NW
2025.25,-8.775446115667538,58.53657303253494,26.472851660205272,-114.11980562064403,85.12949040235861,No,76.23397857707268,NW
2025.3333333333335,-0.3088818761627726,59.05114830376068,18.770687028055626,-114.11980562064403,85.12949040235861,No,77.51295345565353,NW
2025.4166666666667,8.370067036343126,59.565723574986414,3.610791292225663,-114.11980562064403,85.12949040235861,No,71.54658190355521,NW
2025.5,11.554157846532153,60.08029884621215,-71.63445669274431,-114.11980562064403,85.12949040235861,No,-3.552713678800501e-15,NW
2025.5833333333335,10.206742940609491,60.59487411743789,-70.80161705804738,-114.11980562064403,85.12949040235861,No,-3.552713678800501e-15,NW
2025.6666666666667,1.020997244676498,61.10944938866362,-62.13044663334012,-114.11980562064403,85.12949040235861,No,-2.6645352591003757e-15,NW
2025.75,-8.326161620498949,61.62402465988936,-53.29786303939041,-114.11980562064403,85.12949040235861,No,1.7763568394002505e-15,NW
2025.8333333333335,-7.182104206571005,62.138599931115095,10.714462490155825,-114.11980562064403,85.12949040235861,No,65.67095821469991,NW
2025.9166666666667,-3.9557450172315245,62.65317520234083,-58.69743018510931,-114.11980562064403,85.12949040235861,No,-3.1086244689504383e-15,NW
1981.6666666666667,3.3358412293145987,1.1387311187584213,-4.4745723480730195,-81.96311998108796,68.96766279191256,No,4.440892098500626e-16,SW
1981.75,4.783572772195682,1.2526200187250025,-6.036192790920684,-81.96311998108796,68.96766279191256,No,0,SW
1981.8333333333335,-0.6706010086222416,1.3665089186915835,41.76656073991867,-81.96311998108796,68.96766279191256,No,42.46246864998801,SW
1981.9166666666667,-7.16705143350229,1.4803978186581648,5.686653614844126,-81.96311998108796,68.96766279191256,No,8.881784197001252e-16,SW
1982,-5.194185273215601,1.5942867186247458,3.5998985545908555,-81.96311998108796,68.96766279191256,No,0,SW
1982.0833333333335,-2.704292777913964,1.708175618591327,0.996117159322637,-81.96311998108796,68.96766279191256,No,0,SW
1982.1666666666667,-3.0336697887959896,1.822064518557908,1.2116052702380815,-81.96311998108796,68.96766279191256,No,0,SW
1982.25,-5.26247115862308,1.9359534185244893,3.3265177400985904,-81.96311998108796,68.96766279191256,No,0,SW
1982.3333333333335,0.6750719569785525,2.0498423184910703,-2.7249142754696227,-81.96311998108796,68.96766279191256,No,1.1102230246251565e-16,SW
1982.4166666666667,-1.9737662756947336,2.163731218457652,-0.1899649427629182,-81.96311998108796,68.96766279191256,No,0,SW
1982.5,10.724530064286709,2.277620118424233,-13.002150182710942,-81.96311998108796,68.96766279191256,No,0,SW
1982.5833333333335,6.4870217988115915,2.391509018390814,-8.878530817202405,-81.96311998108796,68.96766279191256,No,0,SW
1982.6666666666667,3.3358412293145987,2.505397918357395,-5.841239147671994,-81.96311998108796,68.96766279191256,No,0,SW
1982.75,4.783572772195682,2.6192868183239764,-7.402859590519658,-81.96311998108796,68.96766279191256,No,0,SW
1982.8333333333335,-0.6706010086222416,2.7331757182905574,-2.062574709668316,-81.96311998108796,68.96766279191256,No,0,SW
1982.9166666666667,-7.16705143350229,2.855082767181493,4.311968666320797,-81.96311998108796,68.96766279191256,No,0,SW
1983,-5.194185273215601,2.976989816072429,2.2171954571431725,-81.96311998108796,68.96766279191256,No,0,SW
1983.0833333333335,-2.704292777913964,3.098896864963365,-0.39460408704940075,-81.96311998108796,68.96766279191256,No,0,SW
1983.1666666666667,-3.0336697887959896,3.2208039138543003,39.918915783908666,-81.96311998108796,68.96766279191256,No,40.10604990896697,SW
1983.25,-5.26247115862308,3.342710962745236,1.9197601958778439,-81.96311998108796,68.96766279191256,No,0,SW
1983.3333333333335,0.6750719569785525,3.464618011636172,-4.139689968614724,-81.96311998108796,68.96766279191256,No,1.1102230246251565e-16,SW
1983.4166666666667,-1.9737662756947336,3.5865250605271077,-1.6127587848323741,-81.96311998108796,68.96766279191256,No,0,SW
1983.5,10.724530064286709,3.7084321094180432,33.46331119733104,-81.96311998108796,68.96766279191256,No,47.89627337103579,SW
1983.5833333333335,6.4870217988115915,3.8303391583089788,-10.31736095712057,-81.96311998108796,68.96766279191256,No,0,SW
1983.6666666666667,3.3358412293145987,3.9522462071999147,-7.288087436514513,-81.96311998108796,68.96766279191256,No,0,SW
1983.75,4.783572772195682,4.074153256090851,-8.857726028286532,-81.96311998108796,68.96766279191256,No,8.881784197001252e-16,SW
1983.8333333333335,-0.6706010086222416,4.196060304981787,42.09503224452349,-81.96311998108796,68.96766279191256,No,45.62049154088303,SW
1983.9166666666667,-7.16705143350229,4.317967353872722,2.8490840796295682,-81.96311998108796,68.96766279191256,No,0,SW
1984,-5.194185273215601,4.439874402763658,0.7543108704519437,-81.96311998108796,68.96766279191256,No,0,SW
1984.0833333333335,-2.704292777913964,4.568576297719139,-1.8642835198051753,-81.96311998108796,68.96766279191256,No,0,SW
1984.1666666666667,-3.0336697887959896,4.697278192674621,-1.6636084038786314,-81.96311998108796,68.96766279191256,No,0,SW
1984.25,-5.26247115862308,4.825980087630103,0.436491070992977,-81.96311998108796,68.96766279191256,No,0,SW
1984.3333333333335,0.6750719569785525,4.954681982585585,-5.629753939564138,-81.96311998108796,68.96766279191256,No,1.1102230246251565e-16,SW
1984.4166666666667,-1.9737662756947336,5.083383877541067,-3.1096176018463333,-81.96311998108796,68.96766279191256,No,0,SW
1984.5,10.724530064286709,5.212085772496549,-15.936615836783258,-81.96311998108796,68.96766279191256,No,0,SW
1984.5833333333335,6.4870217988115915,5.34078766745203,-11.827809466263622,-81.96311998108796,68.96766279191256,No,0,SW
1984.6666666666667,3.3358412293145987,5.469489562407512,-8.80533079172211,-81.96311998108796,68.96766279191256,No,8.881784197001252e-16,SW
1984.75,4.783572772195682,5.598191457362994,-10.381764229558677,-81.96311998108796,68.96766279191256,No,-8.881784197001252e-16,SW
1984.8333333333335,-0.6706010086222416,5.726893352318476,-5.056292343696235,-81.96311998108796,68.96766279191256,No,-4.440892098500626e-16,SW
1984.9166666666667,-7.16705143350229,5.855595247273958,1.311456186228332,-81.96311998108796,68.96766279191256,No,0,SW
1985,-5.194185273215601,5.9842971422294395,-0.7901118690138382,-81.96311998108796,68.96766279191256,No,0,SW
1985.0833333333335,-2.704292777913964,6.112999037184921,-3.408706259270957,-81.96311998108796,68.96766279191256,No,0,SW
1985.1666666666667,-3.0336697887959896,6.241700932140403,-3.2080311433444133,-81.96311998108796,68.96766279191256,No,0,SW
1985.25,-5.26247115862308,6.374619246865474,-1.1121480882423942,-81.96311998108796,68.96766279191256,No,0,SW
1985.3333333333335,0.6750719569785525,6.507537561590545,-7.182609518569097,-81.96311998108796,68.96766279191256,No,1.1102230246251565e-16,SW
1985.4166666666667,-1.9737662756947336,6.640455876315616,-4.666689600620883,-81.96311998108796,68.96766279191256,No,-4.440892098500626e-16,SW
1985.5,10.724530064286709,6.773374191040687,38.08923575155899,-81.96311998108796,68.96766279191256,No,55.587140006886386,SW
1985.5833333333335,6.4870217988115915,6.906292505765758,-13.393314304577348,-81.96311998108796,68.96766279191256,No,8.881784197001252e-16,SW
1985.6666666666667,3.3358412293145987,7.039210820490829,-10.375052049805428,-81.96311998108796,68.96766279191256,No,0,SW
1985.75,4.783572772195682,7.1721291352159,23.436124746455025,-81.96311998108796,68.96766279191256,No,35.39182665386661,SW
1985.8333333333335,-0.6706010086222416,7.30504744994097,-6.634446441318728,-81.96311998108796,68.96766279191256,No,4.440892098500626e-16,SW
1985.9166666666667,-7.16705143350229,7.437965764666041,-0.27091433116375097,-81.96311998108796,68.96766279191256,No,0,SW
1986,-5.194185273215601,7.570884079391112,-2.3766988061755105,-81.96311998108796,68.96766279191256,No,0,SW
1986.0833333333335,-2.704292777913964,7.703802394116183,-4.999509616202219,-81.96311998108796,68.96766279191256,No,0,SW
1986.1666666666667,-3.0336697887959896,7.836720708841254,-4.803050920045264,-81.96311998108796,68.96766279191256,No,4.440892098500626e-16,SW
1986.25,-5.26247115862308,7.969639023566325,-2.707167864943245,-81.96311998108796,68.96766279191256,No,0,SW
1986.3333333333335,0.6750719569785525,8.102557338291396,-8.777629295269948,-81.96311998108796,68.96766279191256,No,1.1102230246251565e-16,SW
1986.4166666666667,-1.9737662756947336,8.243867405985643,-6.270101130290909,-81.96311998108796,68.96766279191256,No,4.440892098500626e-16,SW
1986.5,10.724530064286709,8.385177473679892,-19.1097075379666,-81.96311998108796,68.96766279191256,No,1.7763568394002505e-15,SW
1986.5833333333335,6.4870217988115915,8.52648754137414,-15.013509340185731,-81.96311998108796,68.96766279191256,No,0,SW
1986.6666666666667,3.3358412293145987,8.667797609068387,41.90169439897902,-81.96311998108796,68.96766279191256,No,53.905333237362,SW
1986.75,4.783572772195682,8.809107676762634,38.63084601887905,-81.96311998108796,68.96766279191256,No,52.22352646783737,SW
1986.8333333333335,-0.6706010086222416,8.950417744456884,-8.279816735834642,-81.96311998108796,68.96766279191256,No,4.440892098500626e-16,SW
1986.9166666666667,-7.16705143350229,9.091727812151131,-1.924676378648841,-81.96311998108796,68.96766279191256,No,0,SW
1987,-5.194185273215601,9.233037879845378,-4.038852606629777,-81.96311998108796,68.96766279191256,No,0,SW
1987.0833333333335,-2.704292777913964,9.374347947539627,-6.670055169625663,-81.96311998108796,68.96766279191256,No,0,SW
1987.1666666666667,-3.0336697887959896,9.515658015233875,28.909838427428724,-81.96311998108796,68.96766279191256,No,35.39182665386661,SW
1987.25,-5.26247115862308,9.656968082928122,-4.3944969243050425,-81.96311998108796,68.96766279191256,No,0,SW
1987.3333333333335,0.6750719569785525,9.79827815062237,48.47634516932369,-81.96311998108796,68.96766279191256,No,58.949695276924615,SW
1987.4166666666667,-1.9737662756947336,9.939588218316619,-7.965821942621885,-81.96311998108796,68.96766279191256,No,4.440892098500626e-16,SW
1987.5,10.724530064286709,10.080898286010866,-20.805428350297575,-81.96311998108796,68.96766279191256,No,0,SW
1987.5833333333335,6.4870217988115915,10.149932174703936,25.488681830309808,-81.96311998108796,68.96766279191256,No,42.12563580382533,SW
1987.6666666666667,3.3358412293145987,10.218966063397005,28.570854122852815,-81.96311998108796,68.96766279191256,No,42.125661415564416,SW
1987.75,4.783572772195682,10.287999952090075,-15.071572724285758,-81.96311998108796,68.96766279191256,No,-8.881784197001252e-16,SW
1987.8333333333335,-0.6706010086222416,10.357033840783146,-9.686432832160904,-81.96311998108796,68.96766279191256,No,4.440892098500626e-16,SW
1987.9166666666667,-7.16705143350229,10.426067729476214,-3.2590162959739244,-81.96311998108796,68.96766279191256,No,0,SW
1988,-5.194185273215601,10.495101618169285,-5.300916344953683,-81.96311998108796,68.96766279191256,No,0,SW
1988.0833333333335,-2.704292777913964,10.564135506862353,-7.859842728948389,-81.96311998108796,68.96766279191256,No,0,SW
1988.1666666666667,-3.0336697887959896,10.633169395555424,-7.599499606759434,-81.96311998108796,68.96766279191256,No,4.440892098500626e-16,SW
1988.25,-5.26247115862308,10.702203284248494,-5.439732125625414,-81.96311998108796,68.96766279191256,No,0,SW
1988.3333333333335,0.6750719569785525,10.771237172941563,-11.446309129920115,-81.96311998108796,68.96766279191256,No,1.1102230246251565e-16,SW
1988.4166666666667,-1.9737662756947336,10.840271061634633,-8.866504785939899,-81.96311998108796,68.96766279191256,No,4.440892098500626e-16,SW
1988.5,10.724530064286709,10.909304950327703,-21.633835014614412,-81.96311998108796,68.96766279191256,No,0,SW
1988.5833333333335,6.4870217988115915,10.978338839020772,-17.46536063783236,-81.96311998108796,68.96766279191256,No,1.7763568394002505e-15,SW
1988.6666666666667,3.3358412293145987,11.047372727713842,-14.383213957028442,-81.96311998108796,68.96766279191256,No,-8.881784197001252e-16,SW
1988.75,4.783572772195682,11.010885053158905,-15.794457825354588,-81.96311998108796,68.96766279191256,No,-8.881784197001252e-16,SW
1988.8333333333335,-0.6706010086222416,10.97439737860397,41.28742684722674,-81.96311998108796,68.96766279191256,No,51.591223217208466,SW
1988.9166666666667,-7.16705143350229,10.937909704049032,-3.770858270546742,-81.96311998108796,68.96766279191256,No,0,SW
1989,-5.194185273215601,10.901422029494096,-5.707236756278495,-81.96311998108796,68.96766279191256,No,0,SW
1989.0833333333335,-2.704292777913964,10.864934354939159,49.107511497627655,-81.96311998108796,68.96766279191256,No,57.26815307465285,SW
1989.1666666666667,-3.0336697887959896,10.828446680384223,-7.794776891588233,-81.96311998108796,68.96766279191256,No,4.440892098500626e-16,SW
1989.25,-5.26247115862308,10.791959005829286,-5.529487847206206,-81.96311998108796,68.96766279191256,No,0,SW
1989.3333333333335,0.6750719569785525,10.755471331274348,37.426140951910355,-81.96311998108796,68.96766279191256,No,48.85668424016326,SW
1989.4166666666667,-1.9737662756947336,10.718983656719413,-8.745217381024679,-81.96311998108796,68.96766279191256,No,4.440892098500626e-16,SW
1989.5,10.724530064286709,10.682495982164475,22.84454224327125,-81.96311998108796,68.96766279191256,No,44.251568289722435,SW
1989.5833333333335,6.4870217988115915,10.64600830760954,29.317295664608558,-81.96311998108796,68.96766279191256,No,46.45032577102969,SW
1989.6666666666667,3.3358412293145987,10.609520633054602,-13.9453618623692,-81.96311998108796,68.96766279191256,No,8.881784197001252e-16,SW
1989.75,4.783572772195682,10.573032958499667,26.54448759510729,-81.96311998108796,68.96766279191256,No,41.90109332580264,SW
1989.8333333333335,-0.6706010086222416,10.53654528394473,-9.865944275322487,-81.96311998108796,68.96766279191256,No,4.440892098500626e-16,SW
1989.9166666666667,-7.16705143350229,10.470573769996067,49.480098598869404,-81.96311998108796,68.96766279191256,No,52.78362093536318,SW
1990,-5.194185273215601,10.404602256047404,45.33080559926022,-81.96311998108796,68.96766279191256,No,50.541222582092026,SW
1990.0833333333335,-2.704292777913964,10.338630742098742,45.33598824429596,-81.96311998108796,68.96766279191256,No,52.97032620848074,SW
1990.1666666666667,-3.0336697887959896,10.272659228150077,39.15012530234465,-81.96311998108796,68.96766279191256,No,46.389114741698734,SW
1990.25,-5.26247115862308,10.206687714201415,-4.944216555578335,-81.96311998108796,68.96766279191256,No,0,SW
1990.3333333333335,0.6750719569785525,10.140716200252752,45.89220360633449,-81.96311998108796,68.96766279191256,No,56.7079917635658,SW
1990.4166666666667,-1.9737662756947336,10.07474468630409,-8.100978410609356,-81.96311998108796,68.96766279191256,No,4.440892098500626e-16,SW
1990.5,10.724530064286709,10.008773172355427,24.92598712889191,-81.96311998108796,68.96766279191256,No,45.65929036553405,SW
1990.5833333333335,6.4870217988115915,9.942801658406765,27.279720630245052,-81.96311998108796,68.96766279191256,No,43.70954408746341,SW
1990.6666666666667,3.3358412293145987,9.876830144458102,33.72269786330144,-81.96311998108796,68.96766279191256,No,46.93536923707414,SW
1990.75,4.783572772195682,9.810858630509438,-14.59443140270512,-81.96311998108796,68.96766279191256,No,8.881784197001252e-16,SW
1990.8333333333335,-0.6706010086222416,9.744887116560776,-9.074286107938534,-81.96311998108796,68.96766279191256,No,4.440892098500626e-16,SW
1990.9166666666667,-7.16705143350229,9.678915602612113,-2.511864169109823,-81.96311998108796,68.96766279191256,No,0,SW
1991,-5.194185273215601,9.61294408866345,-4.418758815447849,-81.96311998108796,68.96766279191256,No,0,SW
1991.0833333333335,-2.704292777913964,9.592567653666196,-6.888274875752232,-81.96311998108796,68.96766279191256,No,0,SW
1991.1666666666667,-3.0336697887959896,9.57219121866894,-6.538521429872951,-81.96311998108796,68.96766279191256,No,4.440892098500626e-16,SW
1991.25,-5.26247115862308,9.551814783671686,-4.289343625048606,-81.96311998108796,68.96766279191256,No,0,SW
1991.3333333333335,0.6750719569785525,9.531438348674433,-10.206510305652985,-81.96311998108796,68.96766279191256,No,1.1102230246251565e-16,SW
1991.4166666666667,-1.9737662756947336,9.511061913677178,-7.537295637982444,-81.96311998108796,68.96766279191256,No,4.440892098500626e-16,SW
1991.5,10.724530064286709,9.490685478679923,-20.215215542966632,-81.96311998108796,68.96766279191256,No,0,SW
1991.5833333333335,6.4870217988115915,9.470309043682668,29.70195952303979,-81.96311998108796,68.96766279191256,No,45.65929036553405,SW
1991.6666666666667,3.3358412293145987,9.449932608685414,42.800837034380976,-81.96311998108796,68.96766279191256,No,55.58661087238099,SW
1991.75,4.783572772195682,9.429556173688159,-14.213128945883842,-81.96311998108796,68.96766279191256,No,-8.881784197001252e-16,SW
1991.8333333333335,-0.6706010086222416,9.409179738690904,-8.738578730068662,-81.96311998108796,68.96766279191256,No,4.440892098500626e-16,SW
1991.9166666666667,-7.16705143350229,9.388803303693651,-2.221751870191361,-81.96311998108796,68.96766279191256,No,0,SW
1992,-5.194185273215601,9.368426868696396,-4.174241595480795,-81.96311998108796,68.96766279191256,No,0,SW
1992.0833333333335,-2.704292777913964,9.348050433699141,-6.643757655785177,-81.96311998108796,68.96766279191256,No,0,SW
1992.1666666666667,-3.0336697887959896,9.327673998701886,-6.294004209905896,-81.96311998108796,68.96766279191256,No,4.440892098500626e-16,SW
1992.25,-5.26247115862308,9.341251627818266,-4.078780469195187,-81.96311998108796,68.96766279191256,No,0,SW
1992.3333333333335,0.6750719569785525,9.354829256934647,-10.029901213913199,-81.96311998108796,68.96766279191256,No,1.1102230246251565e-16,SW
1992.4166666666667,-1.9737662756947336,9.368406886051027,-7.3946406103562925,-81.96311998108796,68.96766279191256,No,4.440892098500626e-16,SW
1992.5,10.724530064286709,9.381984515167407,-20.106514579454114,-81.96311998108796,68.96766279191256,No,1.7763568394002505e-15,SW
1992.5833333333335,6.4870217988115915,9.395562144283787,-15.882583943095378,-81.96311998108796,68.96766279191256,No,0,SW
1992.6666666666667,3.3358412293145987,9.409139773400167,-12.744981002714766,-81.96311998108796,68.96766279191256,No,-8.881784197001252e-16,SW
1992.75,4.783572772195682,9.422717402516547,-14.20629017471223,-81.96311998108796,68.96766279191256,No,-8.881784197001252e-16,SW
1992.8333333333335,-0.6706010086222416,9.436295031632929,-8.765694023010687,-81.96311998108796,68.96766279191256,No,4.440892098500626e-16,SW
1992.9166666666667,-7.16705143350229,9.449872660749309,-2.2828212272470187,-81.96311998108796,68.96766279191256,No,0,SW
1993,-5.194185273215601,9.463450289865689,-4.269265016650087,-81.96311998108796,68.96766279191256,No,0,SW
1993.0833333333335,-2.704292777913964,9.477027918982069,-6.772735141068105,-81.96311998108796,68.96766279191256,No,0,SW
1993.1666666666667,-3.0336697887959896,9.490605548098449,-6.456935759302459,-81.96311998108796,68.96766279191256,No,4.440892098500626e-16,SW
1993.25,-5.26247115862308,9.504183177214829,-4.241712018591749,-81.96311998108796,68.96766279191256,No,0,SW
1993.3333333333335,0.6750719569785525,9.517760806331209,-10.192832763309761,-81.96311998108796,68.96766279191256,No,1.1102230246251565e-16,SW
1993.4166666666667,-1.9737662756947336,9.570114745613989,-7.5963484699192545,-81.96311998108796,68.96766279191256,No,4.440892098500626e-16,SW
1993.5,10.724530064286709,9.622468684896766,-20.346998749183477,-81.96311998108796,68.96766279191256,No,-1.7763568394002505e-15,SW
1993.5833333333335,6.4870217988115915,9.674822624179546,-16.161844422991138,-81.96311998108796,68.96766279191256,No,0,SW
1993.6666666666667,3.3358412293145987,9.727176563462326,-13.063017792776925,-81.96311998108796,68.96766279191256,No,-8.881784197001252e-16,SW
1993.75,4.783572772195682,9.779530502745105,-14.563103274940786,-81.96311998108796,68.96766279191256,No,8.881784197001252e-16,SW
1993.8333333333335,-0.6706010086222416,9.831884442027883,-9.161283433405641,-81.96311998108796,68.96766279191256,No,4.440892098500626e-16,SW
1993.9166666666667,-7.16705143350229,9.884238381310663,-2.717186947808373,-81.96311998108796,68.96766279191256,No,0,SW
1994,-5.194185273215601,9.936592320593443,-4.742407047377841,-81.96311998108796,68.96766279191256,No,0,SW
1994.0833333333335,-2.704292777913964,9.98894625987622,-7.284653481962256,-81.96311998108796,68.96766279191256,No,0,SW
1994.1666666666667,-3.0336697887959896,10.041300199159,-7.00763041036301,-81.96311998108796,68.96766279191256,No,4.440892098500626e-16,SW
1994.25,-5.26247115862308,10.09365413844178,-4.8311829798187,-81.96311998108796,68.96766279191256,No,0,SW
1994.3333333333335,0.6750719569785525,10.14600807772456,-10.821080034703112,-81.96311998108796,68.96766279191256,No,1.1102230246251565e-16,SW
1994.4166666666667,-1.9737662756947336,10.198362017007337,48.4833960222532,-81.96311998108796,68.96766279191256,No,56.70799176356581,SW
1994.5,10.724530064286709,10.250715956290117,-20.975246020576826,-81.96311998108796,68.96766279191256,No,0,SW
1994.5833333333335,6.4870217988115915,10.355206705170598,-16.84222850398219,-81.96311998108796,68.96766279191256,No,-1.7763568394002505e-15,SW
1994.6666666666667,3.3358412293145987,10.459697454051078,-13.795538683365677,-81.96311998108796,68.96766279191256,No,-8.881784197001252e-16,SW
1994.75,4.783572772195682,10.56418820293156,-15.34776097512724,-81.96311998108796,68.96766279191256,No,8.881784197001252e-16,SW
1994.8333333333335,-0.6706010086222416,10.668678951812039,-9.998077943189797,-81.96311998108796,68.96766279191256,No,4.440892098500626e-16,SW
1994.9166666666667,-7.16705143350229,10.77316970069252,39.36138078761392,-81.96311998108796,68.96766279191256,No,42.96749905480415,SW
1995,-5.194185273215601,10.877660449573,-5.6834751763573985,-81.96311998108796,68.96766279191256,No,0,SW
1995.0833333333335,-2.704292777913964,10.982151198453481,25.429659350498895,-81.96311998108796,68.96766279191256,No,33.70751777103841,SW
1995.1666666666667,-3.0336697887959896,11.086641947333963,-8.052972158537973,-81.96311998108796,68.96766279191256,No,4.440892098500626e-16,SW
1995.25,-5.26247115862308,11.191132696214442,33.251632882350705,-81.96311998108796,68.96766279191256,No,39.180294419942065,SW
1995.3333333333335,0.6750719569785525,11.295623445094924,-11.970695402073476,-81.96311998108796,68.96766279191256,No,1.1102230246251565e-16,SW
1995.4166666666667,-1.9737662756947336,11.400114193975403,-9.426347918280669,-81.96311998108796,68.96766279191256,No,4.440892098500626e-16,SW
1995.5,10.724530064286709,11.504604942855885,25.851122575419595,-81.96311998108796,68.96766279191256,No,48.08025758256219,SW
1995.5833333333335,6.4870217988115915,11.609095691736364,28.51709111400036,-81.96311998108796,68.96766279191256,No,46.61320860454831,SW
1995.6666666666667,3.3358412293145987,11.713586440616846,-15.049427669931443,-81.96311998108796,68.96766279191256,No,8.881784197001252e-16,SW
1995.75,4.783572772195682,11.840625089676179,22.13536193628893,-81.96311998108796,68.96766279191256,No,38.759559798160794,SW
1995.8333333333335,-0.6706010086222416,11.967663738735514,37.559676192109876,-81.96311998108796,68.96766279191256,No,48.856738922223144,SW
1995.9166666666667,-7.16705143350229,12.094702387794847,44.826676803772145,-81.96311998108796,68.96766279191256,No,49.754327758064704,SW
1996,-5.194185273215601,12.22174103685418,31.73191970204638,-81.96311998108796,68.96766279191256,No,38.75947546568496,SW
1996.0833333333335,-2.704292777913964,12.348779685913515,-9.64448690799955,-81.96311998108796,68.96766279191256,No,8.881784197001252e-16,SW
1996.1666666666667,-3.0336697887959896,12.475818334972848,-9.442148546176858,-81.96311998108796,68.96766279191256,No,4.440892098500626e-16,SW
1996.25,-5.26247115862308,12.602856984032183,-7.340385825409103,-81.96311998108796,68.96766279191256,No,0,SW
1996.3333333333335,0.6750719569785525,12.729895633091516,-13.404967590070068,-81.96311998108796,68.96766279191256,No,1.1102230246251565e-16,SW
1996.4166666666667,-1.9737662756947336,12.85693428215085,24.508658647410495,-81.96311998108796,68.96766279191256,No,35.39182665386661,SW
1996.5,10.724530064286709,12.983972931210184,19.258731397134845,-81.96311998108796,68.96766279191256,No,42.96723439263174,SW
1996.5833333333335,6.4870217988115915,13.111011580269517,-19.59803337908111,-81.96311998108796,68.96766279191256,No,0,SW
1996.6666666666667,3.3358412293145987,13.23805022932885,-16.57389145864345,-81.96311998108796,68.96766279191256,No,8.881784197001252e-16,SW
1996.75,4.783572772195682,13.365088878388185,-18.14866165058387,-81.96311998108796,68.96766279191256,No,-8.881784197001252e-16,SW
1996.8333333333335,-0.6706010086222416,13.492127527447519,-12.821526518825276,-81.96311998108796,68.96766279191256,No,4.440892098500626e-16,SW
1996.9166666666667,-7.16705143350229,13.56114534475832,-6.3940939112560295,-81.96311998108796,68.96766279191256,No,0,SW
1997,-5.194185273215601,13.630163162069119,-8.435977888853518,-81.96311998108796,68.96766279191256,No,-8.881784197001252e-16,SW
1997.0833333333335,-2.704292777913964,13.699180979379918,35.37441448095016,-81.96311998108796,68.96766279191256,No,46.36930268241611,SW
1997.1666666666667,-3.0336697887959896,13.768198796690719,30.043332464130735,-81.96311998108796,68.96766279191256,No,40.777861472025464,SW
1997.25,-5.26247115862308,13.83721661400152,32.70805057755919,-81.96311998108796,68.96766279191256,No,41.28279603293763,SW
1997.3333333333335,0.6750719569785525,13.906234431312319,30.42879952400486,-81.96311998108796,68.96766279191256,No,45.010105912295735,SW
1997.4166666666667,-1.9737662756947336,13.975252248623118,34.96250534784457,-81.96311998108796,68.96766279191256,No,46.963991320772955,SW
1997.5,10.724530064286709,14.044270065933919,22.16620249853418,-81.96311998108796,68.96766279191256,No,46.93500262875481,SW
1997.5833333333335,6.4870217988115915,14.11328788324472,-20.600309682056313,-81.96311998108796,68.96766279191256,No,-1.7763568394002505e-15,SW
1997.6666666666667,3.3358412293145987,14.182305700555519,19.55765171173841,-81.96311998108796,68.96766279191256,No,37.07579864160852,SW
1997.75,4.783572772195682,14.251323517866318,26.4566174929857,-81.96311998108796,68.96766279191256,No,45.4915137830477,SW
1997.8333333333335,-0.6706010086222416,14.320341335177119,-13.649740326554877,-81.96311998108796,68.96766279191256,No,4.440892098500626e-16,SW
1997.9166666666667,-7.16705143350229,14.38935915248792,-7.22230771898563,-81.96311998108796,68.96766279191256,No,0,SW
1998,-5.194185273215601,14.458376969798719,-9.264191696583119,-81.96311998108796,68.96766279191256,No,-8.881784197001252e-16,SW
1998.0833333333335,-2.704292777913964,14.430139189066889,34.56632037873305,-81.96311998108796,68.96766279191256,No,46.29216678988598,SW
1998.1666666666667,-3.0336697887959896,14.401901408335057,36.989716438880215,-81.96311998108796,68.96766279191256,No,48.35794805841928,SW
1998.25,-5.26247115862308,14.373663627603227,40.86926215119668,-81.96311998108796,68.96766279191256,No,49.98045462017683,SW
1998.3333333333335,0.6750719569785525,14.345425846871397,-15.020497803849949,-81.96311998108796,68.96766279191256,No,1.1102230246251565e-16,SW
1998.4166666666667,-1.9737662756947336,14.317188066139565,-12.34342179044483,-81.96311998108796,68.96766279191256,No,4.440892098500626e-16,SW
1998.5,10.724530064286709,14.288950285407735,-25.013480349694444,-81.96311998108796,68.96766279191256,No,0,SW
1998.5833333333335,6.4870217988115915,14.260712504675903,-20.747734303487494,-81.96311998108796,68.96766279191256,No,0,SW
1998.6666666666667,3.3358412293145987,14.232474723944073,-17.568315953258672,-81.96311998108796,68.96766279191256,No,-8.881784197001252e-16,SW
1998.75,4.783572772195682,14.204236943212242,-18.987809715407924,-81.96311998108796,68.96766279191256,No,8.881784197001252e-16,SW
1998.8333333333335,-0.6706010086222416,14.17599916248041,-13.505398153858168,-81.96311998108796,68.96766279191256,No,4.440892098500626e-16,SW
1998.9166666666667,-7.16705143350229,14.14776138174858,-6.98070994824629,-81.96311998108796,68.96766279191256,No,0,SW
1999,-5.194185273215601,14.11952360101675,-8.92533832780115,-81.96311998108796,68.96766279191256,No,-8.881784197001252e-16,SW
1999.0833333333335,-2.704292777913964,14.091285820284918,-11.386993042370953,-81.96311998108796,68.96766279191256,No,8.881784197001252e-16,SW
1999.1666666666667,-3.0336697887959896,14.063048039553088,-11.029378250757098,-81.96311998108796,68.96766279191256,No,4.440892098500626e-16,SW
1999.25,-5.26247115862308,13.97586258479581,-8.71339142617273,-81.96311998108796,68.96766279191256,No,-8.881784197001252e-16,SW
1999.3333333333335,0.6750719569785525,13.88867713003853,33.453552577976396,-81.96311998108796,68.96766279191256,No,48.01730166499348,SW
1999.4166666666667,-1.9737662756947336,13.801491675281252,-11.827725399586518,-81.96311998108796,68.96766279191256,No,4.440892098500626e-16,SW
1999.5,10.724530064286709,13.714306220523971,-24.43883628481068,-81.96311998108796,68.96766279191256,No,0,SW
1999.5833333333335,6.4870217988115915,13.627120765766692,26.87060984508797,-81.96311998108796,68.96766279191256,No,46.98475240966625,SW
1999.6666666666667,3.3358412293145987,13.539935311009414,27.495469523496105,-81.96311998108796,68.96766279191256,No,44.37124606382012,SW
1999.75,4.783572772195682,13.452749856252135,-18.236322628447816,-81.96311998108796,68.96766279191256,No,8.881784197001252e-16,SW
1999.8333333333335,-0.6706010086222416,13.365564401494856,-12.694963392872614,-81.96311998108796,68.96766279191256,No,4.440892098500626e-16,SW
1999.9166666666667,-7.16705143350229,13.278378946737577,-6.111327513235287,-81.96311998108796,68.96766279191256,No,0,SW
2000,-5.194185273215601,13.191193491980298,-7.997008218764697,-81.96311998108796,68.96766279191256,No,0,SW
2000.0833333333335,-2.704292777913964,13.104008037223018,-10.399715259309055,-81.96311998108796,68.96766279191256,No,-8.881784197001252e-16,SW
2000.1666666666667,-3.0336697887959896,13.016822582465739,36.62786843226853,-81.96311998108796,68.96766279191256,No,46.61102122593827,SW
2000.25,-5.26247115862308,12.92963712770846,-7.667165969085381,-81.96311998108796,68.96766279191256,No,0,SW
2000.3333333333335,0.6750719569785525,12.842451672951182,45.432171646994874,-81.96311998108796,68.96766279191256,No,58.949695276924615,SW
2000.4166666666667,-1.9737662756947336,12.80310294344735,35.05773117097014,-81.96311998108796,68.96766279191256,No,45.88706783872276,SW
2000.5,10.724530064286709,12.763754213943516,28.735242189607142,-81.96311998108796,68.96766279191256,No,52.22352646783737,SW
2000.5833333333335,6.4870217988115915,12.724405484439684,17.864371358357246,-81.96311998108796,68.96766279191256,No,37.07579864160852,SW
2000.6666666666667,3.3358412293145987,12.685056754935852,-16.02089798425045,-81.96311998108796,68.96766279191256,No,8.881784197001252e-16,SW
2000.75,4.783572772195682,12.64570802543202,-17.4292807976277,-81.96311998108796,68.96766279191256,No,8.881784197001252e-16,SW
2000.8333333333335,-0.6706010086222416,12.606359295928186,-11.935758287305944,-81.96311998108796,68.96766279191256,No,4.440892098500626e-16,SW
2000.9166666666667,-7.16705143350229,12.567010566424354,-5.399959132922064,-81.96311998108796,68.96766279191256,No,0,SW
2001,-5.194185273215601,12.527661836920522,-7.333476563704921,-81.96311998108796,68.96766279191256,No,0,SW
2001.0833333333335,-2.704292777913964,12.488313107416689,-9.784020329502724,-81.96311998108796,68.96766279191256,No,8.881784197001252e-16,SW
2001.1666666666667,-3.0336697887959896,12.448964377912857,-9.415294589116867,-81.96311998108796,68.96766279191256,No,4.440892098500626e-16,SW
2001.25,-5.26247115862308,12.409615648409025,-7.147144489785945,-81.96311998108796,68.96766279191256,No,0,SW
2001.3333333333335,0.6750719569785525,12.370266918905193,-13.045338875883745,-81.96311998108796,68.96766279191256,No,1.1102230246251565e-16,SW
2001.4166666666667,-1.9737662756947336,12.330918189401359,-10.357151913706625,-81.96311998108796,68.96766279191256,No,4.440892098500626e-16,SW
2001.5,10.724530064286709,12.291569459897527,-23.016099524184234,-81.96311998108796,68.96766279191256,No,1.7763568394002505e-15,SW
2001.5833333333335,6.4870217988115915,12.377702547648276,-18.864724346459866,-81.96311998108796,68.96766279191256,No,1.7763568394002505e-15,SW
2001.6666666666667,3.3358412293145987,12.463835635399025,36.423849603123855,-81.96311998108796,68.96766279191256,No,52.22352646783747,SW
2001.75,4.783572772195682,12.549968723149775,-17.333541495345457,-81.96311998108796,68.96766279191256,No,-8.881784197001252e-16,SW
2001.8333333333335,-0.6706010086222416,12.636101810900525,-11.965500802278283,-81.96311998108796,68.96766279191256,No,4.440892098500626e-16,SW
2001.9166666666667,-7.16705143350229,12.722234898651275,-5.555183465148985,-81.96311998108796,68.96766279191256,No,0,SW
2002,-5.194185273215601,12.808367986402024,40.70392383191884,-81.96311998108796,68.96766279191256,No,48.318106545105266,SW
2002.0833333333335,-2.704292777913964,12.894501074152773,40.10987871652682,-81.96311998108796,68.96766279191256,No,50.30008701276563,SW
2002.1666666666667,-3.0336697887959896,12.980634161903522,36.385141718878,-81.96311998108796,68.96766279191256,No,46.33210609198554,SW
2002.25,-5.26247115862308,13.066767249654271,-7.804296091031191,-81.96311998108796,68.96766279191256,No,0,SW
2002.3333333333335,0.6750719569785525,13.15290033740502,-13.827972294383573,-81.96311998108796,68.96766279191256,No,1.1102230246251565e-16,SW
2002.4166666666667,-1.9737662756947336,13.239033425155771,-11.265267149461037,-81.96311998108796,68.96766279191256,No,4.440892098500626e-16,SW
2002.5,10.724530064286709,13.32516651290652,-24.04969657719323,-81.96311998108796,68.96766279191256,No,-1.7763568394002505e-15,SW
2002.5833333333335,6.4870217988115915,13.41129960065727,-19.898321399468863,-81.96311998108796,68.96766279191256,No,-1.7763568394002505e-15,SW
2002.6666666666667,3.3358412293145987,13.497432688408018,34.71713214932828,-81.96311998108796,68.96766279191256,No,51.55040606705089,SW
2002.75,4.783572772195682,13.67410054714871,32.64431722466276,-81.96311998108796,68.96766279191256,No,51.10199054400715,SW
2002.8333333333335,-0.6706010086222416,13.8507684058894,-13.180167397267159,-81.96311998108796,68.96766279191256,No,4.440892098500626e-16,SW
2002.9166666666667,-7.16705143350229,14.027436264630092,-6.860384831127802,-81.96311998108796,68.96766279191256,No,0,SW
2003,-5.194185273215601,14.204104123370781,-9.00991885015518,-81.96311998108796,68.96766279191256,No,-8.881784197001252e-16,SW
2003.0833333333335,-2.704292777913964,14.380771982111472,-11.67647920419751,-81.96311998108796,68.96766279191256,No,-8.881784197001252e-16,SW
2003.1666666666667,-3.0336697887959896,14.557439840852163,-11.523770052056173,-81.96311998108796,68.96766279191256,No,4.440892098500626e-16,SW
2003.25,-5.26247115862308,14.734107699592855,-9.471636540969776,-81.96311998108796,68.96766279191256,No,-8.881784197001252e-16,SW
2003.3333333333335,0.6750719569785525,14.910775558333546,-15.585847515312098,-81.96311998108796,68.96766279191256,No,1.1102230246251565e-16,SW
2003.4166666666667,-1.9737662756947336,15.087443417074237,-13.113677141379503,-81.96311998108796,68.96766279191256,No,4.440892098500626e-16,SW
2003.5,10.724530064286709,15.264111275814928,26.232896672308023,-81.96311998108796,68.96766279191256,No,52.22153801240966,SW
2003.5833333333335,6.4870217988115915,15.440779134555617,23.158593536093548,-81.96311998108796,68.96766279191256,No,45.08639446946076,SW
2003.6666666666667,3.3358412293145987,15.617446993296308,29.565590010445998,-81.96311998108796,68.96766279191256,No,48.5188782330569,SW
2003.75,4.783572772195682,15.794114852037,-20.57768762423268,-81.96311998108796,68.96766279191256,No,8.881784197001252e-16,SW
2003.8333333333335,-0.6706010086222416,15.97078271077769,-15.300181702155449,-81.96311998108796,68.96766279191256,No,4.440892098500626e-16,SW
2003.9166666666667,-7.16705143350229,16.11076679450939,-8.9437153610071,-81.96311998108796,68.96766279191256,No,8.881784197001252e-16,SW
2004,-5.194185273215601,16.250750878241092,-11.05656560502549,-81.96311998108796,68.96766279191256,No,8.881784197001252e-16,SW
2004.0833333333335,-2.704292777913964,16.390734961972793,-13.68644218405883,-81.96311998108796,68.96766279191256,No,-8.881784197001252e-16,SW
2004.1666666666667,-3.0336697887959896,16.53071904570449,-13.4970492569085,-81.96311998108796,68.96766279191256,No,4.440892098500626e-16,SW
2004.25,-5.26247115862308,16.67070312943619,-11.408231970813112,-81.96311998108796,68.96766279191256,No,-8.881784197001252e-16,SW
2004.3333333333335,0.6750719569785525,16.810687213167892,-17.485759170146444,-81.96311998108796,68.96766279191256,No,1.1102230246251565e-16,SW
2004.4166666666667,-1.9737662756947336,16.950671296899593,34.358263843208206,-81.96311998108796,68.96766279191256,No,49.33516886441306,SW
2004.5,10.724530064286709,17.090655380631294,-27.815185444918,-81.96311998108796,68.96766279191256,No,1.7763568394002505e-15,SW
2004.5833333333335,6.4870217988115915,17.230639464362994,23.119522533512352,-81.96311998108796,68.96766279191256,No,46.837183796686936,SW
2004.6666666666667,3.3358412293145987,17.370623548094695,23.66478128641084,-81.96311998108796,68.96766279191256,No,44.37124606382013,SW
2004.75,4.783572772195682,17.510607631826392,-22.294180404022075,-81.96311998108796,68.96766279191256,No,-8.881784197001252e-16,SW
2004.8333333333335,-0.6706010086222416,17.650591715558093,-16.97999070693585,-81.96311998108796,68.96766279191256,No,4.440892098500626e-16,SW
2004.9166666666667,-7.16705143350229,17.790575799289794,-10.623524365787503,-81.96311998108796,68.96766279191256,No,8.881784197001252e-16,SW
2005,-5.194185273215601,17.930559883021495,-12.736374609805893,-81.96311998108796,68.96766279191256,No,8.881784197001252e-16,SW
2005.0833333333335,-2.704292777913964,18.037850614715996,-15.333557836802033,-81.96311998108796,68.96766279191256,No,-8.881784197001252e-16,SW
2005.1666666666667,-3.0336697887959896,18.145141346410497,-15.111471557614507,-81.96311998108796,68.96766279191256,No,4.440892098500626e-16,SW
2005.25,-5.26247115862308,18.252432078105,-12.98996091948192,-81.96311998108796,68.96766279191256,No,-8.881784197001252e-16,SW
2005.3333333333335,0.6750719569785525,18.3597228097995,23.09191459086052,-81.96311998108796,68.96766279191256,No,42.126709357638575,SW
2005.4166666666667,-1.9737662756947336,18.467013541494,27.226660282132226,-81.96311998108796,68.96766279191256,No,43.71990754793149,SW
2005.5,10.724530064286709,18.574304273188503,17.262164106716185,-81.96311998108796,68.96766279191256,No,46.5609984441914,SW
2005.5833333333335,6.4870217988115915,18.681595004883004,18.52776592207589,-81.96311998108796,68.96766279191256,No,43.696382725770484,SW
2005.6666666666667,3.3358412293145987,18.78888573657751,-22.12472696589211,-81.96311998108796,68.96766279191256,No,-8.881784197001252e-16,SW
2005.75,4.783572772195682,18.89617646827201,31.907390766418708,-81.96311998108796,68.96766279191256,No,55.5871400068864,SW
2005.8333333333335,-0.6706010086222416,19.00346719996651,38.935551450561235,-81.96311998108796,68.96766279191256,No,57.2684176419055,SW
2005.9166666666667,-7.16705143350229,19.110757931661013,-11.943706498158722,-81.96311998108796,68.96766279191256,No,8.881784197001252e-16,SW
2006,-5.194185273215601,19.218048663355514,-14.023863390139912,-81.96311998108796,68.96766279191256,No,8.881784197001252e-16,SW
2006.0833333333335,-2.704292777913964,19.325339395050015,-16.621046617136052,-81.96311998108796,68.96766279191256,No,-8.881784197001252e-16,SW
2006.1666666666667,-3.0336697887959896,19.432630126744517,20.339909148077044,-81.96311998108796,68.96766279191256,No,36.73886948602557,SW
2006.25,-5.26247115862308,19.53358381895701,-14.27111266033393,-81.96311998108796,68.96766279191256,No,-8.881784197001252e-16,SW
2006.3333333333335,0.6750719569785525,19.6345375111695,38.64008580877655,-81.96311998108796,68.96766279191256,No,58.9496952769246,SW
2006.4166666666667,-1.9737662756947336,19.735491203381994,27.97888895817577,-81.96311998108796,68.96766279191256,No,45.74061388586303,SW
2006.5,10.724530064286709,19.836444895594482,16.723987057246084,-81.96311998108796,68.96766279191256,No,47.28496201712728,SW
2006.5833333333335,6.4870217988115915,19.937398587806975,25.799106081218802,-81.96311998108796,68.96766279191256,No,52.22352646783737,SW
2006.6666666666667,3.3358412293145987,20.038352280019467,21.81004205722183,-81.96311998108796,68.96766279191256,No,45.18423556655589,SW
2006.75,4.783572772195682,20.13930597223196,21.802309693354978,-81.96311998108796,68.96766279191256,No,46.72518843778262,SW
2006.8333333333335,-0.6706010086222416,20.24025966444445,14.137859115216173,-81.96311998108796,68.96766279191256,No,33.70751777103838,SW
2006.9166666666667,-7.16705143350229,20.341213356656944,22.217664730711995,-81.96311998108796,68.96766279191256,No,35.39182665386665,SW
2007,-5.194185273215601,20.442167048869436,20.143620281488538,-81.96311998108796,68.96766279191256,No,35.39160205714237,SW
2007.0833333333335,-2.704292777913964,20.543120741081925,-17.83882796316796,-81.96311998108796,68.96766279191256,No,-8.881784197001252e-16,SW
2007.1666666666667,-3.0336697887959896,20.644074433294417,-17.610404644498427,-81.96311998108796,68.96766279191256,No,4.440892098500626e-16,SW
2007.25,-5.26247115862308,20.74502812550691,-15.48255696688383,-81.96311998108796,68.96766279191256,No,-8.881784197001252e-16,SW
2007.3333333333335,0.6750719569785525,20.8459818177194,-21.521053774697954,-81.96311998108796,68.96766279191256,No,1.1102230246251565e-16,SW
2007.4166666666667,-1.9737662756947336,20.90175716526875,-18.92799088957402,-81.96311998108796,68.96766279191256,No,-1.3322676295501878e-15,SW
2007.5,10.724530064286709,20.957532512818105,25.586355064800678,-81.96311998108796,68.96766279191256,No,57.268417641905494,SW
2007.5833333333335,6.4870217988115915,21.013307860367455,31.44936561774557,-81.96311998108796,68.96766279191256,No,58.949695276924615,SW
2007.6666666666667,3.3358412293145987,21.069083207916808,-24.404924437231408,-81.96311998108796,68.96766279191256,No,-8.881784197001252e-16,SW
2007.75,4.783572772195682,21.124858555466158,7.799086443376542,-81.96311998108796,68.96766279191256,No,33.70751777103838,SW
2007.8333333333335,-0.6706010086222416,21.18063390301551,15.555247796535568,-81.96311998108796,68.96766279191256,No,36.06528069092884,SW
2007.9166666666667,-7.16705143350229,21.23640925056486,28.729652852763294,-81.96311998108796,68.96766279191256,No,42.79901066982587,SW
2008,-5.194185273215601,21.29218459811421,25.415270764073,-81.96311998108796,68.96766279191256,No,41.51327008897161,SW
2008.0833333333335,-2.704292777913964,21.347959945663565,27.339779415135435,-81.96311998108796,68.96766279191256,No,45.98344658288504,SW
2008.1666666666667,-3.0336697887959896,21.403735293212915,-18.370065504416925,-81.96311998108796,68.96766279191256,No,4.440892098500626e-16,SW
2008.25,-5.26247115862308,21.459510640762268,29.29634126575553,-81.96311998108796,68.96766279191256,No,45.49338074789472,SW
2008.3333333333335,0.6750719569785525,21.515285988311618,-22.19035794529017,-81.96311998108796,68.96766279191256,No,1.1102230246251565e-16,SW
2008.4166666666667,-1.9737662756947336,21.57106133586097,-19.59729506016624,-81.96311998108796,68.96766279191256,No,-1.3322676295501878e-15,SW
2008.5,10.724530064286709,21.62683668341032,26.598328529227583,-81.96311998108796,68.96766279191256,No,58.949695276924615,SW
2008.5833333333335,6.4870217988115915,21.573031763988435,-28.06005356280003,-81.96311998108796,68.96766279191256,No,-1.7763568394002505e-15,SW
2008.6666666666667,3.3358412293145987,21.519226844566546,-24.855068073881146,-81.96311998108796,68.96766279191256,No,-8.881784197001252e-16,SW
2008.75,4.783572772195682,21.46542192514466,-26.248994697340343,-81.96311998108796,68.96766279191256,No,-8.881784197001252e-16,SW
2008.8333333333335,-0.6706010086222416,21.41161700572277,-20.74101599710053,-81.96311998108796,68.96766279191256,No,4.440892098500626e-16,SW
2008.9166666666667,-7.16705143350229,21.357812086300886,-14.190760652798595,-81.96311998108796,68.96766279191256,No,8.881784197001252e-16,SW
2009,-5.194185273215601,21.304007166878996,-16.109821893663394,-81.96311998108796,68.96766279191256,No,8.881784197001252e-16,SW
2009.0833333333335,-2.704292777913964,21.25020224745711,-18.545909469543147,-81.96311998108796,68.96766279191256,No,-8.881784197001252e-16,SW
2009.1666666666667,-3.0336697887959896,21.196397328035225,-18.162727539239235,-81.96311998108796,68.96766279191256,No,4.440892098500626e-16,SW
2009.25,-5.26247115862308,21.142592408613336,-15.880121249990257,-81.96311998108796,68.96766279191256,No,-8.881784197001252e-16,SW
2009.3333333333335,0.6750719569785525,21.08878748919145,-21.763859446170002,-81.96311998108796,68.96766279191256,No,1.1102230246251565e-16,SW
2009.4166666666667,-1.9737662756947336,21.03498256976956,27.23095049581115,-81.96311998108796,68.96766279191256,No,46.292166789885975,SW
2009.5,10.724530064286709,20.981177650347675,27.243987562290222,-81.96311998108796,68.96766279191256,No,58.94969527692461,SW
2009.5833333333335,6.4870217988115915,20.927372730925786,-27.41439452973738,-81.96311998108796,68.96766279191256,No,-1.7763568394002505e-15,SW
2009.6666666666667,3.3358412293145987,20.8735678115039,-24.2094090408185,-81.96311998108796,68.96766279191256,No,-8.881784197001252e-16,SW
2009.75,4.783572772195682,20.780025915897774,21.848884426717902,-81.96311998108796,68.96766279191256,No,47.41248311481136,SW
2009.8333333333335,-0.6706010086222416,20.686484020291648,32.2073948980576,-81.96311998108796,68.96766279191256,No,52.223277909727,SW
2009.9166666666667,-7.16705143350229,20.59294212468552,-13.42589069118323,-81.96311998108796,68.96766279191256,No,8.881784197001252e-16,SW
2010,-5.194185273215601,20.499400229079395,-15.305214955863793,-81.96311998108796,68.96766279191256,No,8.881784197001252e-16,SW
2010.0833333333335,-2.704292777913964,20.40585833347327,22.180607095897756,-81.96311998108796,68.96766279191256,No,39.88217265145706,SW
2010.1666666666667,-3.0336697887959896,20.312316437867143,23.72592802449272,-81.96311998108796,68.96766279191256,No,41.00457467356387,SW
2010.25,-5.26247115862308,20.218774542261016,31.905667057065557,-81.96311998108796,68.96766279191256,No,46.861970440703494,SW
2010.3333333333335,0.6750719569785525,20.12523264665489,22.446308184539017,-81.96311998108796,68.96766279191256,No,43.24661278817246,SW
2010.4166666666667,-1.9737662756947336,20.031690751048764,-18.05792447535403,-81.96311998108796,68.96766279191256,No,-1.3322676295501878e-15,SW
2010.5,10.724530064286709,19.938148855442638,14.830701828165612,-81.96311998108796,68.96766279191256,No,45.49338074789496,SW
2010.5833333333335,6.4870217988115915,19.84460695983651,-26.3316287586481,-81.96311998108796,68.96766279191256,No,1.7763568394002505e-15,SW
2010.6666666666667,3.3358412293145987,19.751065064230385,12.304920360321699,-81.96311998108796,68.96766279191256,No,35.39182665386668,SW
2010.75,4.783572772195682,19.65752316862426,-24.44109594081994,-81.96311998108796,68.96766279191256,No,-8.881784197001252e-16,SW
2010.8333333333335,-0.6706010086222416,19.563981273018133,-18.89338026439589,-81.96311998108796,68.96766279191256,No,4.440892098500626e-16,SW
2010.9166666666667,-7.16705143350229,19.581190319225342,-12.414138885723052,-81.96311998108796,68.96766279191256,No,8.881784197001252e-16,SW
2011,-5.194185273215601,19.598399365432552,34.87340422444811,-81.96311998108796,68.96766279191256,No,49.27761831666506,SW
2011.0833333333335,-2.704292777913964,19.615608411639762,24.84117772663683,-81.96311998108796,68.96766279191256,No,41.75249336036263,SW
2011.1666666666667,-3.0336697887959896,19.632817457846972,26.82128454546343,-81.96311998108796,68.96766279191256,No,43.42043221451441,SW
2011.25,-5.26247115862308,19.650026504054182,32.49583373415311,-81.96311998108796,68.96766279191256,No,46.88338907958421,SW
2011.3333333333335,0.6750719569785525,19.667235550261392,-20.342307507239944,-81.96311998108796,68.96766279191256,No,1.1102230246251565e-16,SW
2011.4166666666667,-1.9737662756947336,19.6844445964686,37.876461686112535,-81.96311998108796,68.96766279191256,No,55.5871400068864,SW
2011.5,10.724530064286709,19.70165364267581,-30.42618370696252,-81.96311998108796,68.96766279191256,No,1.7763568394002505e-15,SW
2011.5833333333335,6.4870217988115915,19.71886268888302,-26.20588448769461,-81.96311998108796,68.96766279191256,No,1.7763568394002505e-15,SW
2011.6666666666667,3.3358412293145987,19.73607173509023,26.904307681487698,-81.96311998108796,68.96766279191256,No,49.976220645892525,SW
2011.75,4.783572772195682,19.75328078129744,22.13146475847664,-81.96311998108796,68.96766279191256,No,46.66831831196976,SW
2011.8333333333335,-0.6706010086222416,19.77048982750465,-19.09988881888241,-81.96311998108796,68.96766279191256,No,4.440892098500626e-16,SW
2011.9166666666667,-7.16705143350229,19.78769887371186,-12.62064744020957,-81.96311998108796,68.96766279191256,No,8.881784197001252e-16,SW
2012,-5.194185273215601,19.80490791991907,-14.610722646703469,-81.96311998108796,68.96766279191256,No,8.881784197001252e-16,SW
2012.0833333333335,-2.704292777913964,19.89436657685321,-17.190073798939245,-81.96311998108796,68.96766279191256,No,-8.881784197001252e-16,SW
2012.1666666666667,-3.0336697887959896,19.983825233787346,41.99953983193326,-81.96311998108796,68.96766279191256,No,58.949695276924615,SW
2012.25,-5.26247115862308,20.073283890721484,-14.810812732098405,-81.96311998108796,68.96766279191256,No,-8.881784197001252e-16,SW
2012.3333333333335,0.6750719569785525,20.162742547655622,-20.837814504634174,-81.96311998108796,68.96766279191256,No,1.1102230246251565e-16,SW
2012.4166666666667,-1.9737662756947336,20.25220120458976,-18.278434928895027,-81.96311998108796,68.96766279191256,No,-1.3322676295501878e-15,SW
2012.5,10.724530064286709,20.341659861523897,-31.066189925810605,-81.96311998108796,68.96766279191256,No,1.7763568394002505e-15,SW
2012.5833333333335,6.4870217988115915,20.431118518458035,26.74524872388924,-81.96311998108796,68.96766279191256,No,53.663389041158865,SW
2012.6666666666667,3.3358412293145987,20.520577175392177,22.055028288894697,-81.96311998108796,68.96766279191256,No,45.91144669360147,SW
2012.75,4.783572772195682,20.610035832326314,24.80931541238127,-81.96311998108796,68.96766279191256,No,50.20292401690327,SW
2012.8333333333335,-0.6706010086222416,20.699494489260452,32.19463298719938,-81.96311998108796,68.96766279191256,No,52.22352646783759,SW
2012.9166666666667,-7.16705143350229,20.78895314619459,-13.6219017126923,-81.96311998108796,68.96766279191256,No,8.881784197001252e-16,SW
2013,-5.194185273215601,20.878411803128728,-15.684226529913126,-81.96311998108796,68.96766279191256,No,8.881784197001252e-16,SW
2013.0833333333335,-2.704292777913964,20.967870460062866,-18.263577682148902,-81.96311998108796,68.96766279191256,No,-8.881784197001252e-16,SW
2013.1666666666667,-3.0336697887959896,21.057329116997003,-18.023659328201013,-81.96311998108796,68.96766279191256,No,4.440892098500626e-16,SW
2013.25,-5.26247115862308,21.08542120945221,-15.822950050829132,-81.96311998108796,68.96766279191256,No,-8.881784197001252e-16,SW
2013.3333333333335,0.6750719569785525,21.11351330190742,-21.788585258885973,-81.96311998108796,68.96766279191256,No,1.1102230246251565e-16,SW
2013.4166666666667,-1.9737662756947336,21.141605394362628,-19.167839118667896,-81.96311998108796,68.96766279191256,No,-1.3322676295501878e-15,SW
2013.5,10.724530064286709,21.169697486817835,10.651300187048907,-81.96311998108796,68.96766279191256,No,42.54552773815345,SW
2013.5833333333335,6.4870217988115915,21.197789579273046,7.707015275782016,-81.96311998108796,68.96766279191256,No,35.39182665386665,SW
2013.6666666666667,3.3358412293145987,21.225881671728253,13.823749741124487,-81.96311998108796,68.96766279191256,No,38.385472642167336,SW
2013.75,4.783572772195682,21.253973764183463,22.819899391583064,-81.96311998108796,68.96766279191256,No,48.85744592796221,SW
2013.8333333333335,-0.6706010086222416,21.28206585663867,-20.61146484801643,-81.96311998108796,68.96766279191256,No,4.440892098500626e-16,SW
2013.9166666666667,-7.16705143350229,21.310157949093878,-14.143106515591587,-81.96311998108796,68.96766279191256,No,8.881784197001252e-16,SW
2014,-5.194185273215601,21.338250041549088,-16.144064768333486,-81.96311998108796,68.96766279191256,No,8.881784197001252e-16,SW
2014.0833333333335,-2.704292777913964,21.366342134004295,-18.662049356090332,-81.96311998108796,68.96766279191256,No,-8.881784197001252e-16,SW
2014.1666666666667,-3.0336697887959896,21.394434226459502,-18.360764437663512,-81.96311998108796,68.96766279191256,No,4.440892098500626e-16,SW
2014.25,-5.26247115862308,21.422526318914713,-16.160055160291634,-81.96311998108796,68.96766279191256,No,-8.881784197001252e-16,SW
2014.3333333333335,0.6750719569785525,21.45061841136992,13.266136285518133,-81.96311998108796,68.96766279191256,No,35.39182665386661,SW
2014.4166666666667,-1.9737662756947336,21.412788854996435,-19.439022579301703,-81.96311998108796,68.96766279191256,No,-1.3322676295501878e-15,SW
2014.5,10.724530064286709,21.37495929862295,-32.09948936290966,-81.96311998108796,68.96766279191256,No,1.7763568394002505e-15,SW
2014.5833333333335,6.4870217988115915,21.337129742249466,29.444266100844438,-81.96311998108796,68.96766279191256,No,57.268417641905494,SW
2014.6666666666667,3.3358412293145987,21.299300185875985,21.657025374695394,-81.96311998108796,68.96766279191256,No,46.292166789885975,SW
2014.75,4.783572772195682,21.2614706295025,21.394563075672604,-81.96311998108796,68.96766279191256,No,47.43960647737079,SW
2014.8333333333335,-0.6706010086222416,21.223641073129016,24.374889514355083,-81.96311998108796,68.96766279191256,No,44.92792957886186,SW
2014.9166666666667,-7.16705143350229,21.185811516755532,-14.018760083253241,-81.96311998108796,68.96766279191256,No,8.881784197001252e-16,SW
2015,-5.194185273215601,21.147981960382047,-15.953796687166445,-81.96311998108796,68.96766279191256,No,8.881784197001252e-16,SW
2015.0833333333335,-2.704292777913964,21.110152404008563,-18.4058596260946,-81.96311998108796,68.96766279191256,No,-8.881784197001252e-16,SW
2015.1666666666667,-3.0336697887959896,21.07232284763508,-18.03865305883909,-81.96311998108796,68.96766279191256,No,4.440892098500626e-16,SW
2015.25,-5.26247115862308,21.034493291261597,25.51286030428261,-81.96311998108796,68.96766279191256,No,41.28488243692113,SW
2015.3333333333335,0.6750719569785525,20.996663734888113,24.380573866885666,-81.96311998108796,68.96766279191256,No,46.052309558752334,SW
2015.4166666666667,-1.9737662756947336,20.95883417851463,16.967970448598578,-81.96311998108796,68.96766279191256,No,35.95303835141847,SW
2015.5,10.724530064286709,20.921004622141144,21.249508606757768,-81.96311998108796,68.96766279191256,No,52.89504329318562,SW
2015.5833333333335,6.4870217988115915,20.900075937758537,25.582786592926702,-81.96311998108796,68.96766279191256,No,52.96988432949683,SW
2015.6666666666667,3.3358412293145987,20.87914725337593,-24.21498848269053,-81.96311998108796,68.96766279191256,No,-8.881784197001252e-16,SW
2015.75,4.783572772195682,20.858218568993323,27.328424397020413,-81.96311998108796,68.96766279191256,No,52.97021573820942,SW
2015.8333333333335,-0.6706010086222416,20.837289884610716,26.933736454506228,-81.96311998108796,68.96766279191256,No,47.1004253304947,SW
2015.9166666666667,-7.16705143350229,20.81636120022811,32.642857023160154,-81.96311998108796,68.96766279191256,No,46.292166789885975,SW
2016,-5.194185273215601,20.7954325158455,28.719341486399475,-81.96311998108796,68.96766279191256,No,44.320588729029375,SW
2016.0833333333335,-2.704292777913964,20.774503831462894,20.68955957580141,-81.96311998108796,68.96766279191256,No,38.75977062935034,SW
2016.1666666666667,-3.0336697887959896,20.75357514708029,-17.7199053582843,-81.96311998108796,68.96766279191256,No,4.440892098500626e-16,SW
2016.25,-5.26247115862308,20.732646462697684,-15.470175304074605,-81.96311998108796,68.96766279191256,No,-8.881784197001252e-16,SW
2016.3333333333335,0.6750719569785525,20.711717778315077,-21.38678973529363,-81.96311998108796,68.96766279191256,No,1.1102230246251565e-16,SW
2016.4166666666667,-1.9737662756947336,20.69078909393247,40.23267245868688,-81.96311998108796,68.96766279191256,No,58.94969527692461,SW
2016.5,10.724530064286709,20.669860409549862,3.9974361800300358,-81.96311998108796,68.96766279191256,No,35.39182665386661,SW
2016.5833333333335,6.4870217988115915,20.648931725167255,14.989753326213286,-81.96311998108796,68.96766279191256,No,42.12570685019213,SW
2016.6666666666667,3.3358412293145987,20.628003040784648,-23.963844270099248,-81.96311998108796,68.96766279191256,No,-8.881784197001252e-16,SW
2016.75,4.783572772195682,20.622763860454658,-25.40633663265034,-81.96311998108796,68.96766279191256,No,-8.881784197001252e-16,SW
2016.8333333333335,-0.6706010086222416,20.61752468012467,15.44490298236418,-81.96311998108796,68.96766279191256,No,35.39182665386661,SW
2016.9166666666667,-7.16705143350229,20.61228549979468,31.269838225155254,-81.96311998108796,68.96766279191256,No,44.71507229144765,SW
2017,-5.194185273215601,20.607046319464693,40.173749826131896,-81.96311998108796,68.96766279191256,No,55.58661087238099,SW
2017.0833333333335,-2.704292777913964,20.601807139134703,-17.89751436122074,-81.96311998108796,68.96766279191256,No,-8.881784197001252e-16,SW
2017.1666666666667,-3.0336697887959896,20.596567958804716,-17.562898170008726,-81.96311998108796,68.96766279191256,No,4.440892098500626e-16,SW
2017.25,-5.26247115862308,20.591328778474725,23.430667039777525,-81.96311998108796,68.96766279191256,No,38.75952465962917,SW
2017.3333333333335,0.6750719569785525,20.586089598144735,25.491259362779413,-81.96311998108796,68.96766279191256,No,46.752420917902704,SW
2017.4166666666667,-1.9737662756947336,20.580850417814748,27.25734233985367,-81.96311998108796,68.96766279191256,No,45.86442648197368,SW
2017.5,10.724530064286709,20.575611237484758,-31.30014130177147,-81.96311998108796,68.96766279191256,No,-1.7763568394002505e-15,SW
2017.5833333333335,6.4870217988115915,20.57037205715477,8.334432797900249,-81.96311998108796,68.96766279191256,No,35.39182665386661,SW
2017.6666666666667,3.3358412293145987,20.56513287682478,-23.90097410613938,-81.96311998108796,68.96766279191256,No,-8.881784197001252e-16,SW
2017.75,4.783572772195682,20.559893696494793,10.048360185176133,-81.96311998108796,68.96766279191256,No,35.39182665386661,SW
2017.8333333333335,-0.6706010086222416,20.554654516164803,17.191392209231857,-81.96311998108796,68.96766279191256,No,37.07544571677442,SW
2017.9166666666667,-7.16705143350229,20.58428654276901,-13.41723510926672,-81.96311998108796,68.96766279191256,No,8.881784197001252e-16,SW
2018,-5.194185273215601,20.61391856937322,-15.419733296157617,-81.96311998108796,68.96766279191256,No,8.881784197001252e-16,SW
2018.0833333333335,-2.704292777913964,20.643550595977427,-17.939257818063464,-81.96311998108796,68.96766279191256,No,-8.881784197001252e-16,SW
2018.1666666666667,-3.0336697887959896,20.67318262258164,-17.63951283378565,-81.96311998108796,68.96766279191256,No,4.440892098500626e-16,SW
2018.25,-5.26247115862308,20.702814649185846,-15.440343490562768,-81.96311998108796,68.96766279191256,No,-8.881784197001252e-16,SW
2018.3333333333335,0.6750719569785525,20.732446675790055,-21.407518632768607,-81.96311998108796,68.96766279191256,No,1.1102230246251565e-16,SW
2018.4166666666667,-1.9737662756947336,20.762078702394263,-18.78831242669953,-81.96311998108796,68.96766279191256,No,-1.3322676295501878e-15,SW
2018.5,10.724530064286709,20.79171072899847,24.07089921360122,-81.96311998108796,68.96766279191256,No,55.5871400068864,SW
2018.5833333333335,6.4870217988115915,20.82134275560268,-27.30836455441427,-81.96311998108796,68.96766279191256,No,1.7763568394002505e-15,SW
2018.6666666666667,3.3358412293145987,20.850974782206887,12.551905892671389,-81.96311998108796,68.96766279191256,No,36.73872190419287,SW
2018.75,4.783572772195682,20.8806068088111,16.462476309025416,-81.96311998108796,68.96766279191256,No,42.1266558900322,SW
2018.8333333333335,-0.6706010086222416,20.910238835415306,-20.239637826793064,-81.96311998108796,68.96766279191256,No,4.440892098500626e-16,SW
2018.9166666666667,-7.16705143350229,20.939870862019514,-13.772819428517224,-81.96311998108796,68.96766279191256,No,8.881784197001252e-16,SW
2019,-5.194185273215601,20.969502888623722,-15.77531761540812,-81.96311998108796,68.96766279191256,No,8.881784197001252e-16,SW
2019.0833333333335,-2.704292777913964,21.09802640402509,18.12074101958345,-81.96311998108796,68.96766279191256,No,36.51447464569458,SW
2019.1666666666667,-3.0336697887959896,21.226549919426464,17.198609628149736,-81.96311998108796,68.96766279191256,No,35.39148975878021,SW
2019.25,-5.26247115862308,21.355073434827833,-16.092602276204754,-81.96311998108796,68.96766279191256,No,-8.881784197001252e-16,SW
2019.3333333333335,0.6750719569785525,21.483596950229202,-22.158668907207755,-81.96311998108796,68.96766279191256,No,1.1102230246251565e-16,SW
2019.4166666666667,-1.9737662756947336,21.61212046563057,-19.63835418993584,-81.96311998108796,68.96766279191256,No,-1.3322676295501878e-15,SW
2019.5,10.724530064286709,21.740643981031944,-0.4419651571085055,-81.96311998108796,68.96766279191256,No,32.02320888821015,SW
2019.5833333333335,6.4870217988115915,21.869167496433313,-28.356189295244903,-81.96311998108796,68.96766279191256,No,1.7763568394002505e-15,SW
2019.6666666666667,3.3358412293145987,21.997691011834682,-25.333532241149282,-81.96311998108796,68.96766279191256,No,-8.881784197001252e-16,SW
2019.75,4.783572772195682,22.126214527236055,-26.909787299431738,-81.96311998108796,68.96766279191256,No,-8.881784197001252e-16,SW
2019.8333333333335,-0.6706010086222416,22.254738042637424,-21.584137034015182,-81.96311998108796,68.96766279191256,No,4.440892098500626e-16,SW
2019.9166666666667,-7.16705143350229,22.383261558038793,-15.216210124536502,-81.96311998108796,68.96766279191256,No,8.881784197001252e-16,SW
2020,-5.194185273215601,22.511785073440162,14.70560908798559,-81.96311998108796,68.96766279191256,No,32.02320888821015,SW
2020.0833333333335,-2.704292777913964,22.640308588841535,29.48043663210038,-81.96311998108796,68.96766279191256,No,49.41645244302795,SW
2020.1666666666667,-3.0336697887959896,22.768832104242904,-19.735162315446914,-81.96311998108796,68.96766279191256,No,4.440892098500626e-16,SW
2020.25,-5.26247115862308,23.064548574234937,-17.80207741561186,-81.96311998108796,68.96766279191256,No,-8.881784197001252e-16,SW
2020.3333333333335,0.6750719569785525,23.36026504422697,23.03286808744584,-81.96311998108796,68.96766279191256,No,47.06820508865137,SW
2020.4166666666667,-1.9737662756947336,23.655981514219004,-21.68221523852427,-81.96311998108796,68.96766279191256,No,-1.3322676295501878e-15,SW
2020.5,10.724530064286709,23.951697984211034,6.968431440972029,-81.96311998108796,68.96766279191256,No,41.644659489469774,SW
2020.5833333333335,6.4870217988115915,24.247414454203067,14.758655793622786,-81.96311998108796,68.96766279191256,No,45.49309204663744,SW
2020.6666666666667,3.3358412293145987,24.5431309241951,-27.8789721535097,-81.96311998108796,68.96766279191256,No,-8.881784197001252e-16,SW
2020.75,4.783572772195682,24.838847394187134,29.327275110541798,-81.96311998108796,68.96766279191256,No,58.949695276924615,SW
2020.8333333333335,-0.6706010086222416,25.134563864179167,11.76968134463743,-81.96311998108796,68.96766279191256,No,36.233644200194355,SW
2020.9166666666667,-7.16705143350229,25.4302803341712,25.546949821113742,-81.96311998108796,68.96766279191256,No,43.810178721782655,SW
2021,-5.194185273215601,25.725996804163234,-20.531811530947632,-81.96311998108796,68.96766279191256,No,8.881784197001252e-16,SW
2021.0833333333335,-2.704292777913964,26.021713274155264,-23.3174204962413,-81.96311998108796,68.96766279191256,No,-8.881784197001252e-16,SW
2021.1666666666667,-3.0336697887959896,26.317429744147297,-23.283759955351307,-81.96311998108796,68.96766279191256,No,4.440892098500626e-16,SW
2021.25,-5.26247115862308,26.61314621413933,24.941491734369723,-81.96311998108796,68.96766279191256,No,46.292166789885975,SW
2021.3333333333335,0.6750719569785525,26.908862684131364,31.365760635814695,-81.96311998108796,68.96766279191256,No,58.949695276924615,SW
2021.4166666666667,-1.9737662756947336,27.20525452698304,-25.231488251288308,-81.96311998108796,68.96766279191256,No,-1.3322676295501878e-15,SW
2021.5,10.724530064286709,27.501646369834717,-38.22617643412143,-81.96311998108796,68.96766279191256,No,-1.7763568394002505e-15,SW
2021.5833333333335,6.4870217988115915,27.798038212686393,-34.28506001149798,-81.96311998108796,68.96766279191256,No,1.7763568394002505e-15,SW
2021.6666666666667,3.3358412293145987,28.094430055538066,15.842810090064813,-81.96311998108796,68.96766279191256,No,47.273081374917474,SW
2021.75,4.783572772195682,28.390821898389742,-1.1511857823752756,-81.96311998108796,68.96766279191256,No,32.02320888821015,SW
2021.8333333333335,-0.6706010086222416,28.68721374124142,-28.016612732619176,-81.96311998108796,68.96766279191256,No,4.440892098500626e-16,SW
2021.9166666666667,-7.16705143350229,28.983605584093095,-21.816554150590804,-81.96311998108796,68.96766279191256,No,8.881784197001252e-16,SW
2022,-5.194185273215601,29.27999742694477,-24.08581215372917,-81.96311998108796,68.96766279191256,No,8.881784197001252e-16,SW
2022.0833333333335,-2.704292777913964,29.576389269796447,11.887674137467794,-81.96311998108796,68.96766279191256,No,38.75977062935028,SW
2022.1666666666667,-3.0336697887959896,29.872781112648124,-26.839111323852133,-81.96311998108796,68.96766279191256,No,4.440892098500626e-16,SW
2022.25,-5.26247115862308,30.169172955499796,-24.906701796876717,-81.96311998108796,68.96766279191256,No,-8.881784197001252e-16,SW
2022.3333333333335,0.6750719569785525,30.465564798351473,15.191658374727872,-81.96311998108796,68.96766279191256,No,46.3322951300579,SW
2022.4166666666667,-1.9737662756947336,30.76195664120315,23.95166299553187,-81.96311998108796,68.96766279191256,No,52.73985336104028,SW
2022.5,10.724530064286709,31.058348484054825,7.073805691821818,-81.96311998108796,68.96766279191256,No,48.856684240163354,SW
2022.5833333333335,6.4870217988115915,31.37025492854903,21.092418549563995,-81.96311998108796,68.96766279191256,No,58.949695276924615,SW
2022.6666666666667,3.3358412293145987,31.68216137304324,12.848382116095753,-81.96311998108796,68.96766279191256,No,47.86638471845359,SW
2022.75,4.783572772195682,31.994067817537445,-36.777640589733124,-81.96311998108796,68.96766279191256,No,2.6645352591003757e-15,SW
2022.8333333333335,-0.6706010086222416,32.305974262031654,17.891039816257432,-81.96311998108796,68.96766279191256,No,49.526413069666845,SW
2022.9166666666667,-7.16705143350229,32.61788070652586,18.918558061802536,-81.96311998108796,68.96766279191256,No,44.36938733482611,SW
2023,-5.194185273215601,32.929787151020065,26.73033361606565,-81.96311998108796,68.96766279191256,No,54.46593549387011,SW
2023.0833333333335,-2.704292777913964,33.24169359551427,4.854088941179903,-81.96311998108796,68.96766279191256,No,35.39148975878021,SW
2023.1666666666667,-3.0336697887959896,33.553600040008476,16.194962786110224,-81.96311998108796,68.96766279191256,No,46.71489303732271,SW
2023.25,-5.26247115862308,33.86550648450268,19.411809842339466,-81.96311998108796,68.96766279191256,No,48.01484516821907,SW
2023.3333333333335,0.6750719569785525,34.17741292899689,8.207645532569543,-81.96311998108796,68.96766279191256,No,43.060130418544986,SW
2023.4166666666667,-1.9737662756947336,34.4893193734911,13.144430134270422,-81.96311998108796,68.96766279191256,No,45.659983232066786,SW
2023.5,10.724530064286709,34.801225817985305,13.4239393946526,-81.96311998108796,68.96766279191256,No,58.949695276924615,SW
2023.5833333333335,6.4870217988115915,35.11313226247951,13.986456811089887,-81.96311998108796,68.96766279191256,No,55.58661087238099,SW
2023.6666666666667,3.3358412293145987,35.425038706973716,13.039556803394483,-81.96311998108796,68.96766279191256,No,51.800436739682794,SW
2023.75,4.783572772195682,35.75145840138027,3.2734794462118657,-81.96311998108796,68.96766279191256,No,43.80851061978782,SW
2023.8333333333335,-0.6706010086222416,36.07787809578682,10.757960268065212,-81.96311998108796,68.96766279191256,No,46.16523735522979,SW
2023.9166666666667,-7.16705143350229,36.404297790193375,16.092982235050847,-81.96311998108796,68.96766279191256,No,45.330228591741935,SW
2024,-5.194185273215601,36.73071748459992,22.928884820741864,-81.96311998108796,68.96766279191256,No,54.46541703212618,SW
2024.0833333333335,-2.704292777913964,37.057137179006475,-34.35284440109251,-81.96311998108796,68.96766279191256,No,-8.881784197001252e-16,SW
2024.1666666666667,-3.0336697887959896,37.38355687341303,7.777089611053697,-81.96311998108796,68.96766279191256,No,42.126976695670734,SW
2024.25,-5.26247115862308,37.70997656781958,14.389678387490434,-81.96311998108796,68.96766279191256,No,46.837183796686936,SW
2024.3333333333335,0.6750719569785525,38.036396262226134,-38.71146821920469,-81.96311998108796,68.96766279191256,No,-3.4416913763379853e-15,SW
2024.4166666666667,-1.9737662756947336,38.36281595663269,-36.38904968093795,-81.96311998108796,68.96766279191256,No,2.220446049250313e-15,SW
2024.5,10.724530064286709,38.68923565103924,2.809760752511636,-81.96311998108796,68.96766279191256,No,52.22352646783759,SW
2024.5833333333335,6.4870217988115915,39.015655345445786,-45.502677144257376,-81.96311998108796,68.96766279191256,No,1.7763568394002505e-15,SW
2024.6666666666667,3.3358412293145987,39.34207503985234,-42.677916269166936,-81.96311998108796,68.96766279191256,No,2.6645352591003757e-15,SW
2024.75,4.783572772195682,39.66849473425889,3.9844831041981337,-81.96311998108796,68.96766279191256,No,48.43655061065271,SW
2024.8333333333335,-0.6706010086222416,39.994914428665446,5.130937443705378,-81.96311998108796,68.96766279191256,No,44.45525086374858,SW
2024.9166666666667,-7.16705143350229,40.32311655016949,16.66192941384452,-81.96311998108796,68.96766279191256,No,49.81799453051172,SW
2025,-5.194185273215601,40.651318671673536,13.65849179392206,-81.96311998108796,68.96766279191256,No,49.115625192379994,SW
2025.0833333333335,-2.704292777913964,40.97952079317758,20.67446726166098,-81.96311998108796,68.96766279191256,No,58.949695276924594,SW
2025.1666666666667,-3.0336697887959896,41.30772291468162,13.9453227652808,-81.96311998108796,68.96766279191256,No,52.21937589116643,SW
2025.25,-5.26247115862308,41.63592503618567,18.79271330700844,-81.96311998108796,68.96766279191256,No,55.16616718457103,SW
2025.3333333333335,0.6750719569785525,41.96412715768971,14.06843989256059,-81.96311998108796,68.96766279191256,No,56.707639007228856,SW
2025.4166666666667,-1.9737662756947336,42.29232927919375,10.783427540508136,-81.96311998108796,68.96766279191256,No,51.10199054400715,SW
2025.5,10.724530064286709,42.62053140069779,-11.221781661482417,-81.96311998108796,68.96766279191256,No,42.123279803502086,SW
2025.5833333333335,6.4870217988115915,42.94873352220184,-10.677433667266513,-81.96311998108796,68.96766279191256,No,38.75832165374692,SW
2025.6666666666667,3.3358412293145987,43.27693564370588,-46.61277687302048,-81.96311998108796,68.96766279191256,No,2.6645352591003757e-15,SW
2025.75,4.783572772195682,43.605137765209925,-9.62893990805533,-81.96311998108796,68.96766279191256,No,38.75977062935028,SW
2025.8333333333335,-0.6706010086222416,43.93333988671397,-9.55522110705332,-81.96311998108796,68.96766279191256,No,33.70751777103841,SW
2025.9166666666667,-7.16705143350229,44.261542008218015,-37.09449057471573,-81.96311998108796,68.96766279191256,No,-2.6645352591003757e-15,SW
1981.6666666666667,2.0656884889813005,3.080616627692379,-5.1463051166736795,-53.11605508458726,45.26700312822676,No,0,S
1981.75,0.45999216219345646,3.0848699552913743,-3.544862117484831,-53.11605508458726,45.26700312822676,No,-1.6653345369377348e-16,S
1981.8333333333335,0.10157677011868765,3.089123282890369,28.832508835201008,-53.11605508458726,45.26700312822676,No,32.023208888210064,S
1981.9166666666667,-1.9236945214322394,3.0933766104893645,-1.1696820890571251,-53.11605508458726,45.26700312822676,No,0,S
1982,-3.0781974412078714,3.0976299380883594,-0.01943249688048798,-53.11605508458726,45.26700312822676,No,0,S
1982.0833333333335,-3.8214683267546947,3.1018832656873547,0.71958506106734,-53.11605508458726,45.26700312822676,No,0,S
1982.1666666666667,-0.3720046422569369,3.1061365932863496,-2.7341319510294126,-53.11605508458726,45.26700312822676,No,5.551115123125783e-17,S
1982.25,-0.8969400677422744,3.110389920885345,-2.2134498531430706,-53.11605508458726,45.26700312822676,No,-1.1102230246251565e-16,S
1982.3333333333335,0.3327973271371134,3.1146432484843403,26.329293135098904,-53.11605508458726,45.26700312822676,No,29.77673371072036,S
1982.4166666666667,1.829138795355035,3.118896576083335,-4.948035371438371,-53.11605508458726,45.26700312822676,No,-4.440892098500626e-16,S
1982.5,2.9319470115265145,3.1231499036823305,-6.0550969152088445,-53.11605508458726,45.26700312822676,No,4.440892098500626e-16,S
1982.5833333333335,2.3711644453380223,3.1274032312813254,-5.498567676619348,-53.11605508458726,45.26700312822676,No,0,S
1982.6666666666667,2.0656884889813005,3.1316565588803207,28.269557168487093,-53.11605508458726,45.26700312822676,No,33.466902216348714,S
1982.75,0.45999216219345646,3.1359098864793156,-3.595902048672772,-53.11605508458726,45.26700312822676,No,-1.6653345369377348e-16,S
1982.8333333333335,0.10157677011868765,3.140163214078311,-3.2417399841969985,-53.11605508458726,45.26700312822676,No,5.551115123125783e-17,S
1982.9166666666667,-1.9236945214322394,3.1499545302053633,-1.226260008773124,-53.11605508458726,45.26700312822676,No,0,S
1983,-3.0781974412078714,3.1597458463324157,-0.08154840512454431,-53.11605508458726,45.26700312822676,No,0,S
1983.0833333333335,-3.8214683267546947,3.1695371624594686,0.6519311642952261,-53.11605508458726,45.26700312822676,No,0,S
1983.1666666666667,-0.3720046422569369,3.179328478586521,29.88960860501186,-53.11605508458726,45.26700312822676,No,32.69693244134144,S
1983.25,-0.8969400677422744,3.1891197947135734,-2.292179726971299,-53.11605508458726,45.26700312822676,No,-1.1102230246251565e-16,S
1983.3333333333335,0.3327973271371134,3.198911110840626,-3.5317084379777395,-53.11605508458726,45.26700312822676,No,-2.220446049250313e-16,S
1983.4166666666667,1.829138795355035,3.2087024269676787,-5.037841222322713,-53.11605508458726,45.26700312822676,No,4.440892098500626e-16,S
1983.5,2.9319470115265145,3.218493743094731,-6.150440754621245,-53.11605508458726,45.26700312822676,No,4.440892098500626e-16,S
1983.5833333333335,2.3711644453380223,3.2282850592217835,-5.599449504559805,-53.11605508458726,45.26700312822676,No,4.440892098500626e-16,S
1983.6666666666667,2.0656884889813005,3.238076375348836,-5.3037648643301365,-53.11605508458726,45.26700312822676,No,0,S
1983.75,0.45999216219345646,3.2478676914758884,31.683966800197496,-53.11605508458726,45.26700312822676,No,35.39182665386684,S
1983.8333333333335,0.10157677011868765,3.2576590076029412,28.289304318064413,-53.11605508458726,45.26700312822676,No,31.648540095786043,S
1983.9166666666667,-1.9236945214322394,3.2674503237299937,-1.3437558022977543,-53.11605508458726,45.26700312822676,No,0,S
1984,-3.0781974412078714,3.277241639857046,-0.19904419864917466,-53.11605508458726,45.26700312822676,No,0,S
1984.0833333333335,-3.8214683267546947,3.2906236325502105,0.5308446942044842,-53.11605508458726,45.26700312822676,No,0,S
1984.1666666666667,-0.3720046422569369,3.3040056252433754,-2.9320009829864384,-53.11605508458726,45.26700312822676,No,5.551115123125783e-17,S
1984.25,-0.8969400677422744,3.31738761793654,-2.4204475501942655,-53.11605508458726,45.26700312822676,No,-1.1102230246251565e-16,S
1984.3333333333335,0.3327973271371134,3.3307696106297042,-3.6635669377668174,-53.11605508458726,45.26700312822676,No,2.220446049250313e-16,S
1984.4166666666667,1.829138795355035,3.3441516033228686,-5.173290398677904,-53.11605508458726,45.26700312822676,No,0,S
1984.5,2.9319470115265145,3.3575335960160335,-6.289480607542548,-53.11605508458726,45.26700312822676,No,0,S
1984.5833333333335,2.3711644453380223,3.370915588709198,-5.74208003404722,-53.11605508458726,45.26700312822676,No,4.440892098500626e-16,S
1984.6666666666667,2.0656884889813005,3.3842975814023624,-5.4499860703836625,-53.11605508458726,45.26700312822676,No,4.440892098500626e-16,S
1984.75,0.45999216219345646,3.3976795740955272,-3.857671736288984,-53.11605508458726,45.26700312822676,No,-1.6653345369377348e-16,S
1984.8333333333335,0.10157677011868765,3.4110615667886917,-3.5126383369073793,-53.11605508458726,45.26700312822676,No,5.551115123125783e-17,S
1984.9166666666667,-1.9236945214322394,3.424443559481856,-1.5007490380496167,-53.11605508458726,45.26700312822676,No,0,S
1985,-3.0781974412078714,3.4378255521750205,-0.3596281109671491,-53.11605508458726,45.26700312822676,No,0,S
1985.0833333333335,-3.8214683267546947,3.4512075448681854,0.37026078188650935,-53.11605508458726,45.26700312822676,No,0,S
1985.1666666666667,-0.3720046422569369,3.46458953756135,-3.092584895304413,-53.11605508458726,45.26700312822676,No,5.551115123125783e-17,S
1985.25,-0.8969400677422744,3.4785796169151855,-2.581639549172911,-53.11605508458726,45.26700312822676,No,-1.1102230246251565e-16,S
1985.3333333333335,0.3327973271371134,3.4925696962690216,-3.8253670234061348,-53.11605508458726,45.26700312822676,No,2.220446049250313e-16,S
1985.4166666666667,1.829138795355035,3.5065597756228577,-5.335698570977893,-53.11605508458726,45.26700312822676,No,-4.440892098500626e-16,S
1985.5,2.9319470115265145,3.5205498549766934,-6.452496866503208,-53.11605508458726,45.26700312822676,No,0,S
1985.5833333333335,2.3711644453380223,3.534539934330529,-5.905704379668551,-53.11605508458726,45.26700312822676,No,4.440892098500626e-16,S
1985.6666666666667,2.0656884889813005,3.548530013684365,28.093299268372846,-53.11605508458726,45.26700312822676,No,33.70751777103851,S
1985.75,0.45999216219345646,3.5625200930382013,31.369314398635183,-53.11605508458726,45.26700312822676,No,35.39182665386684,S
1985.8333333333335,0.10157677011868765,3.576510172392037,-3.6780869425107245,-53.11605508458726,45.26700312822676,No,5.551115123125783e-17,S
1985.9166666666667,-1.9236945214322394,3.5905002517458726,-1.6668057303136332,-53.11605508458726,45.26700312822676,No,0,S
1986,-3.0781974412078714,3.6044903310997087,-0.5262928898918373,-53.11605508458726,45.26700312822676,No,0,S
1986.0833333333335,-3.8214683267546947,3.618480410453545,0.20298791630114987,-53.11605508458726,45.26700312822676,No,0,S
1986.1666666666667,-0.3720046422569369,3.6324704898073805,-3.2604658475504436,-53.11605508458726,45.26700312822676,No,5.551115123125783e-17,S
1986.25,-0.8969400677422744,3.646460569161216,-2.749520501418942,-53.11605508458726,45.26700312822676,No,-1.1102230246251565e-16,S
1986.3333333333335,0.3327973271371134,3.6604506485150523,-3.9932479756521655,-53.11605508458726,45.26700312822676,No,2.220446049250313e-16,S
1986.4166666666667,1.829138795355035,3.6830934963428046,-5.51223229169784,-53.11605508458726,45.26700312822676,No,-4.440892098500626e-16,S
1986.5,2.9319470115265145,3.7057363441705573,-6.637683355697072,-53.11605508458726,45.26700312822676,No,0,S
1986.5833333333335,2.3711644453380223,3.7283791919983096,-6.099543637336332,-53.11605508458726,45.26700312822676,No,0,S
1986.6666666666667,2.0656884889813005,3.751022039826062,-5.816710528807363,-53.11605508458726,45.26700312822676,No,-4.440892098500626e-16,S
1986.75,0.45999216219345646,3.7736648876538146,-4.233657049847271,-53.11605508458726,45.26700312822676,No,-1.6653345369377348e-16,S
1986.8333333333335,0.10157677011868765,3.796307735481567,-3.8978845056002545,-53.11605508458726,45.26700312822676,No,5.551115123125783e-17,S
1986.9166666666667,-1.9236945214322394,3.8189505833093196,-1.8952560618770802,-53.11605508458726,45.26700312822676,No,0,S
1987,-3.0781974412078714,3.841593431137072,-0.7633959899292004,-53.11605508458726,45.26700312822676,No,0,S
1987.0833333333335,-3.8214683267546947,3.864236278964824,-0.04276795221012941,-53.11605508458726,45.26700312822676,No,0,S
1987.1666666666667,-0.3720046422569369,3.886879126792577,28.201930154515047,-53.11605508458726,45.26700312822676,No,31.71680463905069,S
1987.25,-0.8969400677422744,3.909521974620329,-3.012581906878055,-53.11605508458726,45.26700312822676,No,-1.1102230246251565e-16,S
1987.3333333333335,0.3327973271371134,3.9321648224480814,-4.264962149585195,-53.11605508458726,45.26700312822676,No,2.220446049250313e-16,S
1987.4166666666667,1.829138795355035,3.954807670275834,-5.783946465630869,-53.11605508458726,45.26700312822676,No,0,S
1987.5,2.9319470115265145,3.9774505181035864,24.271504502574423,-53.11605508458726,45.26700312822676,No,31.180902032204525,S
1987.5833333333335,2.3711644453380223,4.0004493316644485,25.651595111207644,-53.11605508458726,45.26700312822676,No,32.023208888210114,S
1987.6666666666667,2.0656884889813005,4.02344814522531,26.27087306473262,-53.11605508458726,45.26700312822676,No,32.36000969893923,S
1987.75,0.45999216219345646,4.046446958786173,-4.506439120979629,-53.11605508458726,45.26700312822676,No,-1.6653345369377348e-16,S
1987.8333333333335,0.10157677011868765,4.069445772347034,-4.171022542465722,-53.11605508458726,45.26700312822676,No,5.551115123125783e-17,S
1987.9166666666667,-1.9236945214322394,4.092444585907897,-2.1687500644756574,-53.11605508458726,45.26700312822676,No,0,S
1988,-3.0781974412078714,4.1154433994687585,-1.037245958260887,-53.11605508458726,45.26700312822676,No,0,S
1988.0833333333335,-3.8214683267546947,4.138442213029621,-0.3169738862749263,-53.11605508458726,45.26700312822676,No,0,S
1988.1666666666667,-0.3720046422569369,4.161441026590483,-3.7894363843335457,-53.11605508458726,45.26700312822676,No,5.551115123125783e-17,S
1988.25,-0.8969400677422744,4.184439840151345,-3.287499772409071,-53.11605508458726,45.26700312822676,No,-1.1102230246251565e-16,S
1988.3333333333335,0.3327973271371134,4.207438653712207,-4.54023598084932,-53.11605508458726,45.26700312822676,No,2.220446049250313e-16,S
1988.4166666666667,1.829138795355035,4.230437467273069,-6.059576262628104,-53.11605508458726,45.26700312822676,No,4.440892098500626e-16,S
1988.5,2.9319470115265145,4.253436280833931,28.20644336150621,-53.11605508458726,45.26700312822676,No,35.39182665386666,S
1988.5833333333335,2.3711644453380223,4.2764350943947935,-6.647599539732816,-53.11605508458726,45.26700312822676,No,-4.440892098500626e-16,S
1988.6666666666667,2.0656884889813005,4.299433907955655,-6.365122396936956,-53.11605508458726,45.26700312822676,No,0,S
1988.75,0.45999216219345646,4.296213080813588,-4.756205243007044,-53.11605508458726,45.26700312822676,No,-1.6653345369377348e-16,S
1988.8333333333335,0.10157677011868765,4.29299225367152,-4.394569023790208,-53.11605508458726,45.26700312822676,No,5.551115123125783e-17,S
1988.9166666666667,-1.9236945214322394,4.2897714265294535,-2.366076905097214,-53.11605508458726,45.26700312822676,No,0,S
1989,-3.0781974412078714,4.286550599387386,-1.2083531581795146,-53.11605508458726,45.26700312822676,No,0,S
1989.0833333333335,-3.8214683267546947,4.2833297722453185,-0.4618614454906238,-53.11605508458726,45.26700312822676,No,0,S
1989.1666666666667,-0.3720046422569369,4.280108945103251,-3.908104302846314,-53.11605508458726,45.26700312822676,No,5.551115123125783e-17,S
1989.25,-0.8969400677422744,4.276888117961184,-3.37994805021891,-53.11605508458726,45.26700312822676,No,-1.1102230246251565e-16,S
1989.3333333333335,0.3327973271371134,4.273667290819117,-4.60646461795623,-53.11605508458726,45.26700312822676,No,2.220446049250313e-16,S
1989.4166666666667,1.829138795355035,4.270446463677049,-6.099585259032084,-53.11605508458726,45.26700312822676,No,4.440892098500626e-16,S
1989.5,2.9319470115265145,4.267225636534982,23.77100827347695,-53.11605508458726,45.26700312822676,No,30.970180921538446,S
1989.5833333333335,2.3711644453380223,4.264004809392914,20.67058855565452,-53.11605508458726,45.26700312822676,No,27.305757810385455,S
1989.6666666666667,2.0656884889813005,4.260783982250848,-6.326472471232148,-53.11605508458726,45.26700312822676,No,0,S
1989.75,0.45999216219345646,4.25756315510878,27.78679758623512,-53.11605508458726,45.26700312822676,No,32.50435290353736,S
1989.8333333333335,0.10157677011868765,4.254342327966713,-4.3559190980854,-53.11605508458726,45.26700312822676,No,5.551115123125783e-17,S
1989.9166666666667,-1.9236945214322394,4.243857120700166,-2.3201625992679262,-53.11605508458726,45.26700312822676,No,0,S
1990,-3.0781974412078714,4.233371913433619,-1.155174472225748,-53.11605508458726,45.26700312822676,No,0,S
1990.0833333333335,-3.8214683267546947,4.222886706167072,-0.40141837941237757,-53.11605508458726,45.26700312822676,No,0,S
1990.1666666666667,-0.3720046422569369,4.212401498900525,31.551429797223257,-53.11605508458726,45.26700312822676,No,35.39182665386684,S
1990.25,-0.8969400677422744,4.201916291633978,-3.3049762238917038,-53.11605508458726,45.26700312822676,No,-1.1102230246251565e-16,S
1990.3333333333335,0.3327973271371134,4.191431084367432,30.867598242362114,-53.11605508458726,45.26700312822676,No,35.39182665386666,S
1990.4166666666667,1.829138795355035,4.180945877100885,-6.010084672455919,-53.11605508458726,45.26700312822676,No,4.440892098500626e-16,S
1990.5,2.9319470115265145,4.170460669834338,24.246955722044792,-53.11605508458726,45.26700312822676,No,31.349363403405643,S
1990.5833333333335,2.3711644453380223,4.159975462567791,26.61494156885656,-53.11605508458726,45.26700312822676,No,33.146081476762376,S
1990.6666666666667,2.0656884889813005,4.149490255301244,-6.215178744282545,-53.11605508458726,45.26700312822676,No,0,S
1990.75,0.45999216219345646,4.139005048034697,-4.598997210228154,-53.11605508458726,45.26700312822676,No,-1.6653345369377348e-16,S
1990.8333333333335,0.10157677011868765,4.12851984076815,-4.230096610886838,-53.11605508458726,45.26700312822676,No,5.551115123125783e-17,S
1990.9166666666667,-1.9236945214322394,4.118034633501604,-2.1943401120693644,-53.11605508458726,45.26700312822676,No,0,S
1991,-3.0781974412078714,4.107549426235057,-1.0293519850271853,-53.11605508458726,45.26700312822676,No,0,S
1991.0833333333335,-3.8214683267546947,4.12627162298282,-0.3048032962281253,-53.11605508458726,45.26700312822676,No,0,S
1991.1666666666667,-0.3720046422569369,4.144993819730584,-3.7729891774736473,-53.11605508458726,45.26700312822676,No,5.551115123125783e-17,S
1991.25,-0.8969400677422744,4.1637160164783475,-3.2667759487360732,-53.11605508458726,45.26700312822676,No,-1.1102230246251565e-16,S
1991.3333333333335,0.3327973271371134,4.182438213226111,-4.515235540363224,-53.11605508458726,45.26700312822676,No,2.220446049250313e-16,S
1991.4166666666667,1.829138795355035,4.201160409973874,-6.030299205328909,-53.11605508458726,45.26700312822676,No,4.440892098500626e-16,S
1991.5,2.9319470115265145,4.219882606721638,-7.1518296182481524,-53.11605508458726,45.26700312822676,No,4.440892098500626e-16,S
1991.5833333333335,2.3711644453380223,4.238604803469402,23.167069818098916,-53.11605508458726,45.26700312822676,No,29.776839066906337,S
1991.6666666666667,2.0656884889813005,4.257327000217165,24.737469898095846,-53.11605508458726,45.26700312822676,No,31.060485387294314,S
1991.75,0.45999216219345646,4.276049196964929,-4.736041359158386,-53.11605508458726,45.26700312822676,No,-1.6653345369377348e-16,S
1991.8333333333335,0.10157677011868765,4.294771393712693,-4.39634816383138,-53.11605508458726,45.26700312822676,No,5.551115123125783e-17,S
1991.9166666666667,-1.9236945214322394,4.313493590460456,-2.3897990690282165,-53.11605508458726,45.26700312822676,No,0,S
1992,-3.0781974412078714,4.332215787208219,-1.2540183460003478,-53.11605508458726,45.26700312822676,No,0,S
1992.0833333333335,-3.8214683267546947,4.350937983955983,-0.5294696572012887,-53.11605508458726,45.26700312822676,No,0,S
1992.1666666666667,-0.3720046422569369,4.369660180703747,-3.9976555384468098,-53.11605508458726,45.26700312822676,No,5.551115123125783e-17,S
1992.25,-0.8969400677422744,4.429308804903988,-3.5323687371617134,-53.11605508458726,45.26700312822676,No,-1.1102230246251565e-16,S
1992.3333333333335,0.3327973271371134,4.488957429104228,-4.821754756241341,-53.11605508458726,45.26700312822676,No,2.220446049250313e-16,S
1992.4166666666667,1.829138795355035,4.548606053304469,-6.377744848659503,-53.11605508458726,45.26700312822676,No,4.440892098500626e-16,S
1992.5,2.9319470115265145,4.608254677504709,-7.540201689031223,-53.11605508458726,45.26700312822676,No,4.440892098500626e-16,S
1992.5833333333335,2.3711644453380223,4.66790330170495,-7.0390677470429726,-53.11605508458726,45.26700312822676,No,-4.440892098500626e-16,S
1992.6666666666667,2.0656884889813005,4.72755192590519,-6.79324041488649,-53.11605508458726,45.26700312822676,No,0,S
1992.75,0.45999216219345646,4.787200550105431,-5.2471927122988875,-53.11605508458726,45.26700312822676,No,-1.6653345369377348e-16,S
1992.8333333333335,0.10157677011868765,4.846849174305672,-4.9484259444243595,-53.11605508458726,45.26700312822676,No,5.551115123125783e-17,S
1992.9166666666667,-1.9236945214322394,4.906497798505912,-2.9828032770736725,-53.11605508458726,45.26700312822676,No,0,S
1993,-3.0781974412078714,4.966146422706153,-1.8879489814982815,-53.11605508458726,45.26700312822676,No,0,S
1993.0833333333335,-3.8214683267546947,5.025795046906393,-1.2043267201516983,-53.11605508458726,45.26700312822676,No,0,S
1993.1666666666667,-0.3720046422569369,5.085443671106634,-4.713439028849697,-53.11605508458726,45.26700312822676,No,5.551115123125783e-17,S
1993.25,-0.8969400677422744,5.145092295306874,-4.248152227564599,-53.11605508458726,45.26700312822676,No,3.3306690738754696e-16,S
1993.3333333333335,0.3327973271371134,5.204740919507115,-5.537538246644228,-53.11605508458726,45.26700312822676,No,2.220446049250313e-16,S
1993.4166666666667,1.829138795355035,5.290544004652779,-7.119682800007814,-53.11605508458726,45.26700312822676,No,4.440892098500626e-16,S
1993.5,2.9319470115265145,5.376347089798443,24.837787375437355,-53.11605508458726,45.26700312822676,No,33.14608147676231,S
1993.5833333333335,2.3711644453380223,5.4621501749441075,-7.833314620282129,-53.11605508458726,45.26700312822676,No,4.440892098500626e-16,S
1993.6666666666667,2.0656884889813005,5.547953260089772,-7.613641749071072,-53.11605508458726,45.26700312822676,No,0,S
1993.75,0.45999216219345646,5.633756345235436,-6.093748507428892,-53.11605508458726,45.26700312822676,No,-1.6653345369377348e-16,S
1993.8333333333335,0.10157677011868765,5.7195594303811,-5.8211362004997875,-53.11605508458726,45.26700312822676,No,5.551115123125783e-17,S
1993.9166666666667,-1.9236945214322394,5.805362515526763,-3.881667994094524,-53.11605508458726,45.26700312822676,No,0,S
1994,-3.0781974412078714,5.891165600672427,-2.812968159464556,-53.11605508458726,45.26700312822676,No,0,S
1994.0833333333335,-3.8214683267546947,5.9769686858180915,-2.1555003590633968,-53.11605508458726,45.26700312822676,No,0,S
1994.1666666666667,-0.3720046422569369,6.062771770963756,26.33244175950336,-53.11605508458726,45.26700312822676,No,32.02320888821018,S
1994.25,-0.8969400677422744,6.14857485610942,-5.251634788367145,-53.11605508458726,45.26700312822676,No,3.3306690738754696e-16,S
1994.3333333333335,0.3327973271371134,6.234377941255084,-6.567175268392197,-53.11605508458726,45.26700312822676,No,2.220446049250313e-16,S
1994.4166666666667,1.829138795355035,6.320181026400748,-8.149319821755784,-53.11605508458726,45.26700312822676,No,-4.440892098500626e-16,S
1994.5,2.9319470115265145,6.405984111546412,-9.337931123072927,-53.11605508458726,45.26700312822676,No,-4.440892098500626e-16,S
1994.5833333333335,2.3711644453380223,6.486090084115066,-8.857254529453089,-53.11605508458726,45.26700312822676,No,-4.440892098500626e-16,S
1994.6666666666667,2.0656884889813005,6.566196056683719,-8.63188454566502,-53.11605508458726,45.26700312822676,No,-8.881784197001252e-16,S
1994.75,0.45999216219345646,6.6463020292523725,-7.106294191445829,-53.11605508458726,45.26700312822676,No,-1.6653345369377348e-16,S
1994.8333333333335,0.10157677011868765,6.726408001821025,-6.827984771939713,-53.11605508458726,45.26700312822676,No,5.551115123125783e-17,S
1994.9166666666667,-1.9236945214322394,6.806513974389679,28.82469831808094,-53.11605508458726,45.26700312822676,No,33.70751777103838,S
1995,-3.0781974412078714,6.886619946958332,-3.8084225057504604,-53.11605508458726,45.26700312822676,No,0,S
1995.0833333333335,-3.8214683267546947,6.9667259195269855,27.43387520740901,-53.11605508458726,45.26700312822676,No,30.579132800181302,S
1995.1666666666667,-0.3720046422569369,7.046831892095639,-6.674827249838702,-53.11605508458726,45.26700312822676,No,5.551115123125783e-17,S
1995.25,-0.8969400677422744,7.126937864664292,26.91608367984032,-53.11605508458726,45.26700312822676,No,33.14608147676234,S
1995.3333333333335,0.3327973271371134,7.207043837232946,-7.539841164370059,-53.11605508458726,45.26700312822676,No,2.220446049250313e-16,S
1995.4166666666667,1.829138795355035,7.2871498098015985,-9.116288605156633,-53.11605508458726,45.26700312822676,No,4.440892098500626e-16,S
1995.5,2.9319470115265145,7.367255782370252,-10.299202793896766,-53.11605508458726,45.26700312822676,No,4.440892098500626e-16,S
1995.5833333333335,2.3711644453380223,7.447361754938906,16.58885974440144,-53.11605508458726,45.26700312822676,No,26.407385944678367,S
1995.6666666666667,2.0656884889813005,7.527467727507559,-9.59315621648886,-53.11605508458726,45.26700312822676,No,0,S
1995.75,0.45999216219345646,7.587726942395747,25.098362372173092,-53.11605508458726,45.26700312822676,No,33.1460814767623,S
1995.8333333333335,0.10157677011868765,7.647986157283936,24.886066494711866,-53.11605508458726,45.26700312822676,No,32.63562942211449,S
1995.9166666666667,-1.9236945214322394,7.708245372172123,23.831824064844366,-53.11605508458726,45.26700312822676,No,29.61637491558425,S
1996,-3.0781974412078714,7.7685045870603116,26.490245922877747,-53.11605508458726,45.26700312822676,No,31.18055306873019,S
1996.0833333333335,-3.8214683267546947,7.8287638019485,-4.007295475193805,-53.11605508458726,45.26700312822676,No,0,S
1996.1666666666667,-0.3720046422569369,7.889023016836688,-7.517018374579751,-53.11605508458726,45.26700312822676,No,5.551115123125783e-17,S
1996.25,-0.8969400677422744,7.949282231724877,-7.052342163982602,-53.11605508458726,45.26700312822676,No,3.3306690738754696e-16,S
1996.3333333333335,0.3327973271371134,8.009541446613065,-8.342338773750178,-53.11605508458726,45.26700312822676,No,2.220446049250313e-16,S
1996.4166666666667,1.829138795355035,8.069800661501253,23.24714201990603,-53.11605508458726,45.26700312822676,No,33.14608147676232,S
1996.5,2.9319470115265145,8.13005987638944,20.961091153318563,-53.11605508458726,45.26700312822676,No,32.02309804123452,S
1996.5833333333335,2.3711644453380223,8.19031909127763,-10.561483536615652,-53.11605508458726,45.26700312822676,No,-4.440892098500626e-16,S
1996.6666666666667,2.0656884889813005,8.250578306165817,-10.316266795147119,-53.11605508458726,45.26700312822676,No,-8.881784197001252e-16,S
1996.75,0.45999216219345646,8.310837521054006,-8.770829683247463,-53.11605508458726,45.26700312822676,No,-1.6653345369377348e-16,S
1996.8333333333335,0.10157677011868765,8.371096735942194,-8.472673506060882,-53.11605508458726,45.26700312822676,No,-8.326672684688674e-16,S
1996.9166666666667,-1.9236945214322394,8.377410326013871,-6.453715804581632,-53.11605508458726,45.26700312822676,No,-4.440892098500626e-16,S
1997,-3.0781974412078714,8.38372391608555,-5.305526474877679,-53.11605508458726,45.26700312822676,No,0,S
1997.0833333333335,-3.8214683267546947,8.390037506157228,-4.568569179402533,-53.11605508458726,45.26700312822676,No,0,S
1997.1666666666667,-0.3720046422569369,8.396351096228905,24.517111321262277,-53.11605508458726,45.26700312822676,No,32.54145777523424,S
1997.25,-0.8969400677422744,8.402664686300582,24.30669497026542,-53.11605508458726,45.26700312822676,No,31.812419588823726,S
1997.3333333333335,0.3327973271371134,8.408978276372261,23.28143328470079,-53.11605508458726,45.26700312822676,No,32.023208888210164,S
1997.4166666666667,1.829138795355035,8.415291866443939,21.77877822641109,-53.11605508458726,45.26700312822676,No,32.023208888210064,S
1997.5,2.9319470115265145,8.421605456515616,20.669656420168003,-53.11605508458726,45.26700312822676,No,32.023208888210135,S
1997.5833333333335,2.3711644453380223,8.427919046587295,-10.799083491925318,-53.11605508458726,45.26700312822676,No,-4.440892098500626e-16,S
1997.6666666666667,2.0656884889813005,8.434232636658972,21.523147072177753,-53.11605508458726,45.26700312822676,No,32.02306819781803,S
1997.75,0.45999216219345646,8.44054622673065,24.385902161407262,-53.11605508458726,45.26700312822676,No,33.28644055033137,S
1997.8333333333335,0.10157677011868765,8.446859816802327,-8.548436586921015,-53.11605508458726,45.26700312822676,No,-8.326672684688674e-16,S
1997.9166666666667,-1.9236945214322394,8.453173406874006,-6.529478885441767,-53.11605508458726,45.26700312822676,No,-4.440892098500626e-16,S
1998,-3.0781974412078714,8.459486996945683,18.77950086943121,-53.11605508458726,45.26700312822676,No,24.160790425169026,S
1998.0833333333335,-3.8214683267546947,8.397902548543518,26.002581683072684,-53.11605508458726,45.26700312822676,No,30.57901590486151,S
1998.1666666666667,-0.3720046422569369,8.336318100141353,22.093237337059385,-53.11605508458726,45.26700312822676,No,30.057550794943804,S
1998.25,-0.8969400677422744,8.274733651739188,14.536160641083095,-53.11605508458726,45.26700312822676,No,21.91395422508001,S
1998.3333333333335,0.3327973271371134,8.213149203337023,-8.545946530474136,-53.11605508458726,45.26700312822676,No,2.220446049250313e-16,S
1998.4166666666667,1.829138795355035,8.151564754934858,-9.980703550289894,-53.11605508458726,45.26700312822676,No,-4.440892098500626e-16,S
1998.5,2.9319470115265145,8.089980306532693,-11.021927318059207,-53.11605508458726,45.26700312822676,No,4.440892098500626e-16,S
1998.5833333333335,2.3711644453380223,8.028395858130528,-10.39956030346855,-53.11605508458726,45.26700312822676,No,-4.440892098500626e-16,S
1998.6666666666667,2.0656884889813005,7.966811409728362,-10.032499898709663,-53.11605508458726,45.26700312822676,No,0,S
1998.75,0.45999216219345646,7.905226961326197,-8.365219123519653,-53.11605508458726,45.26700312822676,No,7.216449660063518e-16,S
1998.8333333333335,0.10157677011868765,7.843642512924032,-7.94521928304272,-53.11605508458726,45.26700312822676,No,5.551115123125783e-17,S
1998.9166666666667,-1.9236945214322394,7.782058064521867,-5.858363543089627,-53.11605508458726,45.26700312822676,No,4.440892098500626e-16,S
1999,-3.0781974412078714,7.720473616119702,-4.642276174911831,-53.11605508458726,45.26700312822676,No,0,S
1999.0833333333335,-3.8214683267546947,7.658889167717537,-3.8374208409628423,-53.11605508458726,45.26700312822676,No,0,S
1999.1666666666667,-0.3720046422569369,7.597304719315372,-7.225300077058435,-53.11605508458726,45.26700312822676,No,5.551115123125783e-17,S
1999.25,-0.8969400677422744,7.50247676636185,26.09139574272193,-53.11605508458726,45.26700312822676,No,32.69693244134151,S
1999.3333333333335,0.3327973271371134,7.407648813408327,16.42034428462358,-53.11605508458726,45.26700312822676,No,24.160790425169026,S
1999.4166666666667,1.829138795355035,7.3128208604548055,-9.14195965580984,-53.11605508458726,45.26700312822676,No,4.440892098500626e-16,S
1999.5,2.9319470115265145,7.217992907501283,-10.149939919027798,-53.11605508458726,45.26700312822676,No,-4.440892098500626e-16,S
1999.5833333333335,2.3711644453380223,7.123164954547761,22.52887948832438,-53.11605508458726,45.26700312822676,No,32.023208888210164,S
1999.6666666666667,2.0656884889813005,7.028337001594238,-9.09402549057554,-53.11605508458726,45.26700312822676,No,-8.881784197001252e-16,S
1999.75,0.45999216219345646,6.933509048640716,-7.393501210834173,-53.11605508458726,45.26700312822676,No,-1.6653345369377348e-16,S
1999.8333333333335,0.10157677011868765,6.838681095687194,-6.940257865805882,-53.11605508458726,45.26700312822676,No,5.551115123125783e-17,S
1999.9166666666667,-1.9236945214322394,6.743853142733672,-4.820158621301433,-53.11605508458726,45.26700312822676,No,-4.440892098500626e-16,S
2000,-3.0781974412078714,6.64902518978015,-3.5708277485722784,-53.11605508458726,45.26700312822676,No,0,S
2000.0833333333335,-3.8214683267546947,6.554197236826627,-2.7327289100719323,-53.11605508458726,45.26700312822676,No,0,S
2000.1666666666667,-0.3720046422569369,6.459369283873105,27.05871683514619,-53.11605508458726,45.26700312822676,No,33.146081476762355,S
2000.25,-0.8969400677422744,6.364541330919583,-5.4676012631773085,-53.11605508458726,45.26700312822676,No,3.3306690738754696e-16,S
2000.3333333333335,0.3327973271371134,6.2697133779660605,22.051198001608675,-53.11605508458726,45.26700312822676,No,28.65370870671185,S
2000.4166666666667,1.829138795355035,6.211846063248971,18.36613902089722,-53.11605508458726,45.26700312822676,No,26.407123879501224,S
2000.5,2.9319470115265145,6.15397874853188,-9.085925760058394,-53.11605508458726,45.26700312822676,No,4.440892098500626e-16,S
2000.5833333333335,2.3711644453380223,6.096111433814791,24.39808745047144,-53.11605508458726,45.26700312822676,No,32.86536332962425,S
2000.6666666666667,2.0656884889813005,6.0382441190977,-8.103932608079,-53.11605508458726,45.26700312822676,No,0,S
2000.75,0.45999216219345646,5.980376804380611,-6.440368966574067,-53.11605508458726,45.26700312822676,No,-1.6653345369377348e-16,S
2000.8333333333335,0.10157677011868765,5.92250948966352,-6.024086259782208,-53.11605508458726,45.26700312822676,No,5.551115123125783e-17,S
2000.9166666666667,-1.9236945214322394,5.864642174946431,-3.940947653514191,-53.11605508458726,45.26700312822676,No,0,S
2001,-3.0781974412078714,5.806774860229341,-2.7285774190214696,-53.11605508458726,45.26700312822676,No,0,S
2001.0833333333335,-3.8214683267546947,5.7489075455122505,-1.9274392187575558,-53.11605508458726,45.26700312822676,No,0,S
2001.1666666666667,-0.3720046422569369,5.691040230795161,-5.319035588538224,-53.11605508458726,45.26700312822676,No,5.551115123125783e-17,S
2001.25,-0.8969400677422744,5.63317291607807,-4.736232848335796,-53.11605508458726,45.26700312822676,No,3.3306690738754696e-16,S
2001.3333333333335,0.3327973271371134,5.575305601360981,-5.908102928498094,-53.11605508458726,45.26700312822676,No,2.220446049250313e-16,S
2001.4166666666667,1.829138795355035,5.51743828664389,-7.346577081998925,-53.11605508458726,45.26700312822676,No,4.440892098500626e-16,S
2001.5,2.9319470115265145,5.459570971926801,-8.391517983453316,-53.11605508458726,45.26700312822676,No,-4.440892098500626e-16,S
2001.5833333333335,2.3711644453380223,5.47508805088255,-7.846252496220572,-53.11605508458726,45.26700312822676,No,4.440892098500626e-16,S
2001.6666666666667,2.0656884889813005,5.490605129838299,-7.556293618819599,-53.11605508458726,45.26700312822676,No,0,S
2001.75,0.45999216219345646,5.506122208794048,-5.966114370987505,-53.11605508458726,45.26700312822676,No,-1.6653345369377348e-16,S
2001.8333333333335,0.10157677011868765,5.521639287749798,-5.623216057868485,-53.11605508458726,45.26700312822676,No,5.551115123125783e-17,S
2001.9166666666667,-1.9236945214322394,5.537156366705546,-3.613461845273307,-53.11605508458726,45.26700312822676,No,0,S
2002,-3.0781974412078714,5.552673445661296,32.91735064941332,-53.11605508458726,45.26700312822676,No,35.39182665386675,S
2002.0833333333335,-3.8214683267546947,5.5681905246170444,-1.7467221978623497,-53.11605508458726,45.26700312822676,No,0,S
2002.1666666666667,-0.3720046422569369,5.583707603572794,25.014325784902457,-53.11605508458726,45.26700312822676,No,30.226028746218315,S
2002.25,-0.8969400677422744,5.599224682528543,-4.702284614786269,-53.11605508458726,45.26700312822676,No,3.3306690738754696e-16,S
2002.3333333333335,0.3327973271371134,5.614741761484292,-5.947539088621405,-53.11605508458726,45.26700312822676,No,2.220446049250313e-16,S
2002.4166666666667,1.829138795355035,5.6302588404400415,-7.459397635795076,-53.11605508458726,45.26700312822676,No,4.440892098500626e-16,S
2002.5,2.9319470115265145,5.645775919395791,-8.577722930922306,-53.11605508458726,45.26700312822676,No,-4.440892098500626e-16,S
2002.5833333333335,2.3711644453380223,5.66129299835154,-8.032457443689562,-53.11605508458726,45.26700312822676,No,-4.440892098500626e-16,S
2002.6666666666667,2.0656884889813005,5.676810077307289,-7.74249856628859,-53.11605508458726,45.26700312822676,No,0,S
2002.75,0.45999216219345646,5.773037937907482,-6.2330301001009385,-53.11605508458726,45.26700312822676,No,-1.6653345369377348e-16,S
2002.8333333333335,0.10157677011868765,5.869265798507674,-5.970842568626361,-53.11605508458726,45.26700312822676,No,5.551115123125783e-17,S
2002.9166666666667,-1.9236945214322394,5.9654936591078664,-4.041799137675627,-53.11605508458726,45.26700312822676,No,4.440892098500626e-16,S
2003,-3.0781974412078714,6.061721519708059,-2.9835240785001877,-53.11605508458726,45.26700312822676,No,0,S
2003.0833333333335,-3.8214683267546947,6.157949380308251,-2.3364810535535563,-53.11605508458726,45.26700312822676,No,0,S
2003.1666666666667,-0.3720046422569369,6.254177240908444,-5.882172598651507,-53.11605508458726,45.26700312822676,No,5.551115123125783e-17,S
2003.25,-0.8969400677422744,6.350405101508636,-5.453465033766361,-53.11605508458726,45.26700312822676,No,3.3306690738754696e-16,S
2003.3333333333335,0.3327973271371134,6.446632962108828,-6.7794302892459415,-53.11605508458726,45.26700312822676,No,2.220446049250313e-16,S
2003.4166666666667,1.829138795355035,6.542860822709021,25.335518152974334,-53.11605508458726,45.26700312822676,No,33.70751777103839,S
2003.5,2.9319470115265145,6.639088683309213,-9.571035694835727,-53.11605508458726,45.26700312822676,No,4.440892098500626e-16,S
2003.5833333333335,2.3711644453380223,6.735316543909406,21.10244459141961,-53.11605508458726,45.26700312822676,No,30.208925580667035,S
2003.6666666666667,2.0656884889813005,6.831544404509598,-8.897232893490898,-53.11605508458726,45.26700312822676,No,8.881784197001252e-16,S
2003.75,0.45999216219345646,6.92777226510979,-7.387764427303247,-53.11605508458726,45.26700312822676,No,-1.6653345369377348e-16,S
2003.8333333333335,0.10157677011868765,7.024000125709983,-7.1255768958286705,-53.11605508458726,45.26700312822676,No,5.551115123125783e-17,S
2003.9166666666667,-1.9236945214322394,7.151957235869897,-5.228262714437658,-53.11605508458726,45.26700312822676,No,-4.440892098500626e-16,S
2004,-3.0781974412078714,7.279914346029811,-4.201716904821939,-53.11605508458726,45.26700312822676,No,0,S
2004.0833333333335,-3.8214683267546947,7.407871456189724,28.998242053051236,-53.11605508458726,45.26700312822676,No,32.58464518248626,S
2004.1666666666667,-0.3720046422569369,7.535828566349639,-7.163823924092702,-53.11605508458726,45.26700312822676,No,5.551115123125783e-17,S
2004.25,-0.8969400677422744,7.663785676509553,-6.766845608767278,-53.11605508458726,45.26700312822676,No,3.3306690738754696e-16,S
2004.3333333333335,0.3327973271371134,7.791742786669467,-8.12454011380658,-53.11605508458726,45.26700312822676,No,2.220446049250313e-16,S
2004.4166666666667,1.829138795355035,7.91969989682938,22.27437019602575,-53.11605508458726,45.26700312822676,No,32.023208888210164,S
2004.5,2.9319470115265145,8.047657006989294,-10.979604018515808,-53.11605508458726,45.26700312822676,No,4.440892098500626e-16,S
2004.5833333333335,2.3711644453380223,8.175614117149209,21.476430325722934,-53.11605508458726,45.26700312822676,No,32.023208888210164,S
2004.6666666666667,2.0656884889813005,8.303571227309122,11.544694508789584,-53.11605508458726,45.26700312822676,No,21.91395422508001,S
2004.75,0.45999216219345646,8.431528337469036,16.392688025551042,-53.11605508458726,45.26700312822676,No,25.284208525213533,S
2004.8333333333335,0.10157677011868765,8.559485447628951,-8.66106221774764,-53.11605508458726,45.26700312822676,No,-8.326672684688674e-16,S
2004.9166666666667,-1.9236945214322394,8.687442557788865,-6.763748036356626,-53.11605508458726,45.26700312822676,No,-4.440892098500626e-16,S
2005,-3.0781974412078714,8.815399667948778,-5.737202226740907,-53.11605508458726,45.26700312822676,No,0,S
2005.0833333333335,-3.8214683267546947,8.960576246074668,-5.139107919319973,-53.11605508458726,45.26700312822676,No,0,S
2005.1666666666667,-0.3720046422569369,9.105752824200556,-8.73374818194362,-53.11605508458726,45.26700312822676,No,-8.326672684688674e-16,S
2005.25,-0.8969400677422744,9.250929402326445,-8.35398933458417,-53.11605508458726,45.26700312822676,No,3.3306690738754696e-16,S
2005.3333333333335,0.3327973271371134,9.396105980452335,-9.728903307589448,-53.11605508458726,45.26700312822676,No,2.220446049250313e-16,S
2005.4166666666667,1.829138795355035,9.541282558578223,20.652656893198504,-53.11605508458726,45.26700312822676,No,32.023078247131764,S
2005.5,2.9319470115265145,9.686459136704112,20.52767532853167,-53.11605508458726,45.26700312822676,No,33.1460814767623,S
2005.5833333333335,2.3711644453380223,9.83163571483,19.820408728042093,-53.11605508458726,45.26700312822676,No,32.023208888210114,S
2005.6666666666667,2.0656884889813005,9.97681229295589,-12.04250078193719,-53.11605508458726,45.26700312822676,No,8.881784197001252e-16,S
2005.75,0.45999216219345646,10.12198887108178,-10.581981033275236,-53.11605508458726,45.26700312822676,No,-1.6653345369377348e-16,S
2005.8333333333335,0.10157677011868765,10.267165449207667,-10.368742219326355,-53.11605508458726,45.26700312822676,No,-8.326672684688674e-16,S
2005.9166666666667,-1.9236945214322394,10.412342027333557,-8.488647505901318,-53.11605508458726,45.26700312822676,No,-4.440892098500626e-16,S
2006,-3.0781974412078714,10.557518605459446,-7.479321164251575,-53.11605508458726,45.26700312822676,No,0,S
2006.0833333333335,-3.8214683267546947,10.702695183585334,-6.881226856830639,-53.11605508458726,45.26700312822676,No,0,S
2006.1666666666667,-0.3720046422569369,10.847871761711223,21.547341768755878,-53.11605508458726,45.26700312822676,No,32.023208888210164,S
2006.25,-0.8969400677422744,11.00207446053228,-10.105134392790005,-53.11605508458726,45.26700312822676,No,3.3306690738754696e-16,S
2006.3333333333335,0.3327973271371134,11.156277159353337,-11.48907448649045,-53.11605508458726,45.26700312822676,No,2.220446049250313e-16,S
2006.4166666666667,1.829138795355035,11.310479858174393,18.883503140628445,-53.11605508458726,45.26700312822676,No,32.02312179415787,S
2006.5,2.9319470115265145,11.464682556995449,15.731146222569429,-53.11605508458726,45.26700312822676,No,30.12777579109139,S
2006.5833333333335,2.3711644453380223,11.618885255816505,15.786879218449851,-53.11605508458726,45.26700312822676,No,29.776928919604376,S
2006.6666666666667,2.0656884889813005,11.773087954637562,16.98097191125219,-53.11605508458726,45.26700312822676,No,30.819748354871052,S
2006.75,0.45999216219345646,11.927290653458618,-12.387282815652075,-53.11605508458726,45.26700312822676,No,-1.6653345369377348e-16,S
2006.8333333333335,0.10157677011868765,12.081493352279674,18.544025354822665,-53.11605508458726,45.26700312822676,No,30.727095477221024,S
2006.9166666666667,-1.9236945214322394,12.235696051100732,22.673669577300693,-53.11605508458726,45.26700312822676,No,32.985671106969185,S
2007,-3.0781974412078714,12.389898749921787,22.37452387125739,-53.11605508458726,45.26700312822676,No,31.68622517997131,S
2007.0833333333335,-3.8214683267546947,12.544101448742843,-8.72263312198815,-53.11605508458726,45.26700312822676,No,-8.881784197001252e-16,S
2007.1666666666667,-0.3720046422569369,12.6983041475639,-12.326299505306963,-53.11605508458726,45.26700312822676,No,-8.326672684688674e-16,S
2007.25,-0.8969400677422744,12.852506846384957,-11.955566778642682,-53.11605508458726,45.26700312822676,No,3.3306690738754696e-16,S
2007.3333333333335,0.3327973271371134,13.006709545206013,-13.339506872343126,-53.11605508458726,45.26700312822676,No,2.220446049250313e-16,S
2007.4166666666667,1.829138795355035,13.109408624748516,-14.938547420103552,-53.11605508458726,45.26700312822676,No,-4.440892098500626e-16,S
2007.5,2.9319470115265145,13.212107704291018,9.140153809396043,-53.11605508458726,45.26700312822676,No,25.284208525213575,S
2007.5833333333335,2.3711644453380223,13.314806783833522,-15.685971229171544,-53.11605508458726,45.26700312822676,No,-4.440892098500626e-16,S
2007.6666666666667,2.0656884889813005,13.417505863376025,-15.483194352357327,-53.11605508458726,45.26700312822676,No,-8.881784197001252e-16,S
2007.75,0.45999216219345646,13.520204942918529,18.71673533622945,-53.11605508458726,45.26700312822676,No,32.69693244134144,S
2007.8333333333335,0.10157677011868765,13.62290402246103,19.14088253704454,-53.11605508458726,45.26700312822676,No,32.86536332962426,S
2007.9166666666667,-1.9236945214322394,13.725603102003534,20.895023860770166,-53.11605508458726,45.26700312822676,No,32.69693244134146,S
2008,-3.0781974412078714,13.828302181546038,22.11525858928612,-53.11605508458726,45.26700312822676,No,32.86536332962429,S
2008.0833333333335,-3.8214683267546947,13.93100126108854,20.977560176030522,-53.11605508458726,45.26700312822676,No,31.087093110364368,S
2008.1666666666667,-0.3720046422569369,14.033700340631043,8.252258526705901,-53.11605508458726,45.26700312822676,No,21.91395422508001,S
2008.25,-0.8969400677422744,14.136399420173547,14.291264465431759,-53.11605508458726,45.26700312822676,No,27.53072381786303,S
2008.3333333333335,0.3327973271371134,14.23909849971605,-14.571895826853163,-53.11605508458726,45.26700312822676,No,2.220446049250313e-16,S
2008.4166666666667,1.829138795355035,14.341797579258552,13.445438540970661,-53.11605508458726,45.26700312822676,No,29.61637491558425,S
2008.5,2.9319470115265145,14.444496658801055,-17.37644367032757,-53.11605508458726,45.26700312822676,No,-1.3322676295501878e-15,S
2008.5833333333335,2.3711644453380223,14.474061432679113,-16.845225878017136,-53.11605508458726,45.26700312822676,No,-4.440892098500626e-16,S
2008.6666666666667,2.0656884889813005,14.503626206557172,13.207742576656628,-53.11605508458726,45.26700312822676,No,29.7770572721951,S
2008.75,0.45999216219345646,14.53319098043523,-14.993183142628686,-53.11605508458726,45.26700312822676,No,-1.6653345369377348e-16,S
2008.8333333333335,0.10157677011868765,14.562755754313287,-14.664332524431975,-53.11605508458726,45.26700312822676,No,-8.326672684688674e-16,S
2008.9166666666667,-1.9236945214322394,14.592320528191346,-12.668626006759107,-53.11605508458726,45.26700312822676,No,-4.440892098500626e-16,S
2009,-3.0781974412078714,14.621885302069403,-11.543687860861532,-53.11605508458726,45.26700312822676,No,0,S
2009.0833333333335,-3.8214683267546947,14.651450075947462,-10.829981749192768,-53.11605508458726,45.26700312822676,No,-8.881784197001252e-16,S
2009.1666666666667,-0.3720046422569369,14.68101484982552,-14.309010207568583,-53.11605508458726,45.26700312822676,No,-8.326672684688674e-16,S
2009.25,-0.8969400677422744,14.710579623703577,-13.813639555961302,-53.11605508458726,45.26700312822676,No,3.3306690738754696e-16,S
2009.3333333333335,0.3327973271371134,14.740144397581636,-15.07294172471875,-53.11605508458726,45.26700312822676,No,2.220446049250313e-16,S
2009.4166666666667,1.829138795355035,14.769709171459693,12.295446494060654,-53.11605508458726,45.26700312822676,No,28.894294460875383,S
2009.5,2.9319470115265145,14.79927394533775,7.552987568349268,-53.11605508458726,45.26700312822676,No,25.284208525213533,S
2009.5833333333335,2.3711644453380223,14.82883871921581,12.985290702528701,-53.11605508458726,45.26700312822676,No,30.18529386708253,S
2009.6666666666667,2.0656884889813005,14.858403493093867,-16.92409198207517,-53.11605508458726,45.26700312822676,No,-8.881784197001252e-16,S
2009.75,0.45999216219345646,14.845143007779258,15.033460006226205,-53.11605508458726,45.26700312822676,No,30.33859517619892,S
2009.8333333333335,0.10157677011868765,14.831882522464648,6.980494932496674,-53.11605508458726,45.26700312822676,No,21.91395422508001,S
2009.9166666666667,-1.9236945214322394,14.818622037150039,9.019026709362208,-53.11605508458726,45.26700312822676,No,21.91395422508001,S
2010,-3.0781974412078714,14.805361551835428,23.664662543239285,-53.11605508458726,45.26700312822676,No,35.39182665386684,S
2010.0833333333335,-3.8214683267546947,14.79210106652082,-10.970632739766124,-53.11605508458726,45.26700312822676,No,8.881784197001252e-16,S
2010.1666666666667,-0.3720046422569369,14.77884058120621,-14.406835938949273,-53.11605508458726,45.26700312822676,No,-8.326672684688674e-16,S
2010.25,-0.8969400677422744,14.7655800958916,17.873698298331313,-53.11605508458726,45.26700312822676,No,31.74233832648064,S
2010.3333333333335,0.3327973271371134,14.752319610576992,16.93809195049601,-53.11605508458726,45.26700312822676,No,32.023208888210114,S
2010.4166666666667,1.829138795355035,14.739059125262381,18.82362873324943,-53.11605508458726,45.26700312822676,No,35.39182665386684,S
2010.5,2.9319470115265145,14.725798639947772,12.833841617792114,-53.11605508458726,45.26700312822676,No,30.4915872692664,S
2010.5833333333335,2.3711644453380223,14.712538154633162,12.865669043676963,-53.11605508458726,45.26700312822676,No,29.949371643648146,S
2010.6666666666667,2.0656884889813005,14.699277669318553,18.626860495566987,-53.11605508458726,45.26700312822676,No,35.39182665386684,S
2010.75,0.45999216219345646,14.686017184003942,-15.146009346197399,-53.11605508458726,45.26700312822676,No,-1.6653345369377348e-16,S
2010.8333333333335,0.10157677011868765,14.672756698689334,-14.774333468808022,-53.11605508458726,45.26700312822676,No,-8.326672684688674e-16,S
2010.9166666666667,-1.9236945214322394,14.646933875273112,-12.723239353840873,-53.11605508458726,45.26700312822676,No,-4.440892098500626e-16,S
2011,-3.0781974412078714,14.62111105185689,-11.542913610649018,-53.11605508458726,45.26700312822676,No,0,S
2011.0833333333335,-3.8214683267546947,14.595288228440667,21.24880070929639,-53.11605508458726,45.26700312822676,No,32.02262061098236,S
2011.1666666666667,-0.3720046422569369,14.569465405024447,18.387184419718714,-53.11605508458726,45.26700312822676,No,32.58464518248622,S
2011.25,-0.8969400677422744,14.543642581608225,18.376398787573756,-53.11605508458726,45.26700312822676,No,32.02310130143971,S
2011.3333333333335,0.3327973271371134,14.517819758192003,14.04375072383993,-53.11605508458726,45.26700312822676,No,28.894367809169047,S
2011.4166666666667,1.829138795355035,14.49199693477578,12.945134985758063,-53.11605508458726,45.26700312822676,No,29.26627071588888,S
2011.5,2.9319470115265145,14.466174111359559,7.885926948607734,-53.11605508458726,45.26700312822676,No,25.284048071493807,S
2011.5833333333335,2.3711644453380223,14.440351287943336,13.5270794429177,-53.11605508458726,45.26700312822676,No,30.338595176199057,S
2011.6666666666667,2.0656884889813005,14.414528464527114,15.236587685542274,-53.11605508458726,45.26700312822676,No,31.71680463905069,S
2011.75,0.45999216219345646,14.388705641110894,17.848234638037155,-53.11605508458726,45.26700312822676,No,32.69693244134151,S
2011.8333333333335,0.10157677011868765,14.362882817694672,-14.46445958781336,-53.11605508458726,45.26700312822676,No,-8.326672684688674e-16,S
2011.9166666666667,-1.9236945214322394,14.33705999427845,-12.41336547284621,-53.11605508458726,45.26700312822676,No,-4.440892098500626e-16,S
2012,-3.0781974412078714,14.311237170862228,-11.233039729654356,-53.11605508458726,45.26700312822676,No,0,S
2012.0833333333335,-3.8214683267546947,14.29286863029525,-10.471400303540555,-53.11605508458726,45.26700312822676,No,-8.881784197001252e-16,S
2012.1666666666667,-0.3720046422569369,14.274500089728269,-13.902495447471333,-53.11605508458726,45.26700312822676,No,-8.326672684688674e-16,S
2012.25,-0.8969400677422744,14.25613154916129,-13.359191481419016,-53.11605508458726,45.26700312822676,No,3.3306690738754696e-16,S
2012.3333333333335,0.3327973271371134,14.237763008594312,17.4525808126603,-53.11605508458726,45.26700312822676,No,32.02314114839173,S
2012.4166666666667,1.829138795355035,14.219394468027334,-16.048533263382367,-53.11605508458726,45.26700312822676,No,1.3322676295501878e-15,S
2012.5,2.9319470115265145,14.201025927460353,-17.132972938986867,-53.11605508458726,45.26700312822676,No,4.440892098500626e-16,S
2012.5833333333335,2.3711644453380223,14.182657386893375,-16.553821832231396,-53.11605508458726,45.26700312822676,No,1.3322676295501878e-15,S
2012.6666666666667,2.0656884889813005,14.164288846326397,-16.229977335307698,-53.11605508458726,45.26700312822676,No,-8.881784197001252e-16,S
2012.75,0.45999216219345646,14.145920305759416,7.308041757127137,-53.11605508458726,45.26700312822676,No,21.91395422508001,S
2012.8333333333335,0.10157677011868765,14.127551765192438,-14.229128535311126,-53.11605508458726,45.26700312822676,No,-8.326672684688674e-16,S
2012.9166666666667,-1.9236945214322394,14.10918322462546,-12.18548870319322,-53.11605508458726,45.26700312822676,No,-4.440892098500626e-16,S
2013,-3.0781974412078714,14.090814684058481,-11.01261724285061,-53.11605508458726,45.26700312822676,No,0,S
2013.0833333333335,-3.8214683267546947,14.0724461434915,-10.250977816736807,-53.11605508458726,45.26700312822676,No,-8.881784197001252e-16,S
2013.1666666666667,-0.3720046422569369,14.054077602924522,-13.682072960667586,-53.11605508458726,45.26700312822676,No,-8.326672684688674e-16,S
2013.25,-0.8969400677422744,14.024367819678426,22.26439890193069,-53.11605508458726,45.26700312822676,No,35.39182665386684,S
2013.3333333333335,0.3327973271371134,13.994658036432332,15.67404700140032,-53.11605508458726,45.26700312822676,No,30.001502364969767,S
2013.4166666666667,1.829138795355035,13.964948253186236,-15.794087048541272,-53.11605508458726,45.26700312822676,No,-4.440892098500626e-16,S
2013.5,2.9319470115265145,13.93523846994014,15.717459701019566,-53.11605508458726,45.26700312822676,No,32.58464518248622,S
2013.5833333333335,2.3711644453380223,13.905528686694044,14.859723275908966,-53.11605508458726,45.26700312822676,No,31.13641640794103,S
2013.6666666666667,2.0656884889813005,13.87581890344795,15.407856010976438,-53.11605508458726,45.26700312822676,No,31.34936340340569,S
2013.75,0.45999216219345646,13.846109120201854,15.189914281187006,-53.11605508458726,45.26700312822676,No,29.496015563582315,S
2013.8333333333335,0.10157677011868765,13.816399336955758,14.736005357113488,-53.11605508458726,45.26700312822676,No,28.653981464187932,S
2013.9166666666667,-1.9236945214322394,13.786689553709664,-11.862995032277425,-53.11605508458726,45.26700312822676,No,-4.440892098500626e-16,S
2014,-3.0781974412078714,13.756979770463568,-10.678782329255696,-53.11605508458726,45.26700312822676,No,0,S
2014.0833333333335,-3.8214683267546947,13.727269987217472,-9.905801660462778,-53.11605508458726,45.26700312822676,No,-8.881784197001252e-16,S
2014.1666666666667,-0.3720046422569369,13.697560203971376,-13.32555556171444,-53.11605508458726,45.26700312822676,No,-8.326672684688674e-16,S
2014.25,-0.8969400677422744,13.667850420725282,14.198184641717615,-53.11605508458726,45.26700312822676,No,26.969094994700622,S
2014.3333333333335,0.3327973271371134,13.638140637479186,17.43943032760845,-53.11605508458726,45.26700312822676,No,31.41036829222475,S
2014.4166666666667,1.829138795355035,13.604790287760615,-15.43392908311565,-53.11605508458726,45.26700312822676,No,-4.440892098500626e-16,S
2014.5,2.9319470115265145,13.571439938042044,-16.503386949568558,-53.11605508458726,45.26700312822676,No,4.440892098500626e-16,S
2014.5833333333335,2.3711644453380223,13.538089588323473,-15.909254033661496,-53.11605508458726,45.26700312822676,No,-4.440892098500626e-16,S
2014.6666666666667,2.0656884889813005,13.5047392386049,13.38954958611881,-53.11605508458726,45.26700312822676,No,28.95997731370501,S
2014.75,0.45999216219345646,13.47138888888633,15.947674837306694,-53.11605508458726,45.26700312822676,No,29.87905588838648,S
2014.8333333333335,0.10157677011868765,13.438038539167758,15.726655406602434,-53.11605508458726,45.26700312822676,No,29.26627071588888,S
2014.9166666666667,-1.9236945214322394,13.404688189449187,-11.480993668016948,-53.11605508458726,45.26700312822676,No,-4.440892098500626e-16,S
2015,-3.0781974412078714,13.371337839730616,-10.293140398522745,-53.11605508458726,45.26700312822676,No,0,S
2015.0833333333335,-3.8214683267546947,13.337987490012045,-9.51651916325735,-53.11605508458726,45.26700312822676,No,8.881784197001252e-16,S
2015.1666666666667,-0.3720046422569369,13.304637140293474,-12.932632498036538,-53.11605508458726,45.26700312822676,No,-8.326672684688674e-16,S
2015.25,-0.8969400677422744,13.271286790574901,-12.374346722832627,-53.11605508458726,45.26700312822676,No,3.3306690738754696e-16,S
2015.3333333333335,0.3327973271371134,13.23793644085633,16.840791571317084,-53.11605508458726,45.26700312822676,No,30.41152533931053,S
2015.4166666666667,1.829138795355035,13.20458609113776,15.978715774510622,-53.11605508458726,45.26700312822676,No,31.012440661003417,S
2015.5,2.9319470115265145,13.171235741419189,-16.103182752945703,-53.11605508458726,45.26700312822676,No,4.440892098500626e-16,S
2015.5833333333335,2.3711644453380223,13.194342060739633,-15.565506506077655,-53.11605508458726,45.26700312822676,No,-4.440892098500626e-16,S
2015.6666666666667,2.0656884889813005,13.217448380060079,-15.283136869041378,-53.11605508458726,45.26700312822676,No,8.881784197001252e-16,S
2015.75,0.45999216219345646,13.240554699380523,-13.70054686157398,-53.11605508458726,45.26700312822676,No,-1.6653345369377348e-16,S
2015.8333333333335,0.10157677011868765,13.263661018700967,19.500125540804646,-53.11605508458726,45.26700312822676,No,32.8653633296243,S
2015.9166666666667,-1.9236945214322394,13.286767338021411,18.862955929629145,-53.11605508458726,45.26700312822676,No,30.22602874621832,S
2016,-3.0781974412078714,13.309873657341857,18.90335069475096,-53.11605508458726,45.26700312822676,No,29.135026910884946,S
2016.0833333333335,-3.8214683267546947,13.332979976662301,22.511544823711148,-53.11605508458726,45.26700312822676,No,32.02305647361875,S
2016.1666666666667,-0.3720046422569369,13.356086295982745,-12.98408165372581,-53.11605508458726,45.26700312822676,No,-8.326672684688674e-16,S
2016.25,-0.8969400677422744,13.379192615303191,-12.482252547560917,-53.11605508458726,45.26700312822676,No,3.3306690738754696e-16,S
2016.3333333333335,0.3327973271371134,13.402298934623635,-13.735096261760749,-53.11605508458726,45.26700312822676,No,2.220446049250313e-16,S
2016.4166666666667,1.829138795355035,13.42540525394408,-15.254544049299115,-53.11605508458726,45.26700312822676,No,-4.440892098500626e-16,S
2016.5,2.9319470115265145,13.448511573264524,13.869236269930264,-53.11605508458726,45.26700312822676,No,30.2496948547213,S
2016.5833333333335,2.3711644453380223,13.47161789258497,16.180295909208773,-53.11605508458726,45.26700312822676,No,32.023078247131764,S
2016.6666666666667,2.0656884889813005,13.494724211905414,9.723795824326817,-53.11605508458726,45.26700312822676,No,25.284208525213533,S
2016.75,0.45999216219345646,13.52484879606146,-13.984840958254917,-53.11605508458726,45.26700312822676,No,-1.6653345369377348e-16,S
2016.8333333333335,0.10157677011868765,13.554973380217508,21.735276503530553,-53.11605508458726,45.26700312822676,No,35.39182665386675,S
2016.9166666666667,-1.9236945214322394,13.585097964373555,22.04611432809711,-53.11605508458726,45.26700312822676,No,33.707517771038425,S
2017,-3.0781974412078714,13.6152225485296,-10.537025107321728,-53.11605508458726,45.26700312822676,No,0,S
2017.0833333333335,-3.8214683267546947,13.645347132685647,-9.823878805930953,-53.11605508458726,45.26700312822676,No,-8.881784197001252e-16,S
2017.1666666666667,-0.3720046422569369,13.675471716841693,-13.303467074584757,-53.11605508458726,45.26700312822676,No,-8.326672684688674e-16,S
2017.25,-0.8969400677422744,13.70559630099774,19.214247825771608,-53.11605508458726,45.26700312822676,No,32.02290405902708,S
2017.3333333333335,0.3327973271371134,13.735720885153787,17.035578557802687,-53.11605508458726,45.26700312822676,No,31.10409677009359,S
2017.4166666666667,1.829138795355035,13.765845469309834,14.613726569248712,-53.11605508458726,45.26700312822676,No,30.20871083391358,S
2017.5,2.9319470115265145,13.795970053465881,-16.727917064992397,-53.11605508458726,45.26700312822676,No,-1.3322676295501878e-15,S
2017.5833333333335,2.3711644453380223,13.826094637621926,15.263946616614037,-53.11605508458726,45.26700312822676,No,31.461205699573984,S
2017.6666666666667,2.0656884889813005,13.856219221777973,10.48555846077906,-53.11605508458726,45.26700312822676,No,26.407466171538335,S
2017.75,0.45999216219345646,13.88634380593402,15.570863108962508,-53.11605508458726,45.26700312822676,No,29.917199077089982,S
2017.8333333333335,0.10157677011868765,13.916468390090067,19.35261083426402,-53.11605508458726,45.26700312822676,No,33.37065599447278,S
2017.9166666666667,-1.9236945214322394,13.946406580748151,16.63126940487202,-53.11605508458726,45.26700312822676,No,28.653981464187936,S
2018,-3.0781974412078714,13.976344771406238,-10.898147330198366,-53.11605508458726,45.26700312822676,No,0,S
2018.0833333333335,-3.8214683267546947,14.006282962064322,-10.184814635309628,-53.11605508458726,45.26700312822676,No,-8.881784197001252e-16,S
2018.1666666666667,-0.3720046422569369,14.036221152722407,-13.66421651046547,-53.11605508458726,45.26700312822676,No,-8.326672684688674e-16,S
2018.25,-0.8969400677422744,14.066159343380493,-13.169219275638218,-53.11605508458726,45.26700312822676,No,3.3306690738754696e-16,S
2018.3333333333335,0.3327973271371134,14.096097534038577,-14.42889486117569,-53.11605508458726,45.26700312822676,No,2.220446049250313e-16,S
2018.4166666666667,1.829138795355035,14.126035724696663,-15.955174520051699,-53.11605508458726,45.26700312822676,No,-4.440892098500626e-16,S
2018.5,2.9319470115265145,14.155973915354748,-17.087920926881264,-53.11605508458726,45.26700312822676,No,-1.3322676295501878e-15,S
2018.5833333333335,2.3711644453380223,14.185912106012832,-16.557076551350853,-53.11605508458726,45.26700312822676,No,1.3322676295501878e-15,S
2018.6666666666667,2.0656884889813005,14.215850296670919,13.944489960566095,-53.11605508458726,45.26700312822676,No,30.226028746218315,S
2018.75,0.45999216219345646,14.245788487329003,-14.70578064952246,-53.11605508458726,45.26700312822676,No,-1.6653345369377348e-16,S
2018.8333333333335,0.10157677011868765,14.275726677987087,-14.377303448105776,-53.11605508458726,45.26700312822676,No,-8.326672684688674e-16,S
2018.9166666666667,-1.9236945214322394,14.305664868645174,-12.381970347212935,-53.11605508458726,45.26700312822676,No,-4.440892098500626e-16,S
2019,-3.0781974412078714,14.335603059303258,17.396575846092304,-53.11605508458726,45.26700312822676,No,28.653981464187694,S
2019.0833333333335,-3.8214683267546947,14.39247846899431,24.820816511627044,-53.11605508458726,45.26700312822676,No,35.39182665386666,S
2019.1666666666667,-0.3720046422569369,14.449353878685365,16.26124593977054,-53.11605508458726,45.26700312822676,No,30.338595176198968,S
2019.25,-0.8969400677422744,14.506229288376417,-13.609289220634142,-53.11605508458726,45.26700312822676,No,3.3306690738754696e-16,S
2019.3333333333335,0.3327973271371134,14.56310469806747,-14.895902025204583,-53.11605508458726,45.26700312822676,No,2.220446049250313e-16,S
2019.4166666666667,1.829138795355035,14.619980107758524,-16.449118903113558,-53.11605508458726,45.26700312822676,No,1.3322676295501878e-15,S
2019.5,2.9319470115265145,14.676855517449576,-17.608802528976092,-53.11605508458726,45.26700312822676,No,-1.3322676295501878e-15,S
2019.5833333333335,2.3711644453380223,14.733730927140629,-17.10489537247865,-53.11605508458726,45.26700312822676,No,-4.440892098500626e-16,S
2019.6666666666667,2.0656884889813005,14.790606336831683,16.851222945225448,-53.11605508458726,45.26700312822676,No,33.70751777103843,S
2019.75,0.45999216219345646,14.847481746522735,-15.307473908716192,-53.11605508458726,45.26700312822676,No,-1.6653345369377348e-16,S
2019.8333333333335,0.10157677011868765,14.90435715621379,-15.005933926332478,-53.11605508458726,45.26700312822676,No,-8.326672684688674e-16,S
2019.9166666666667,-1.9236945214322394,14.961232565904842,10.561543330674189,-53.11605508458726,45.26700312822676,No,23.599081375146792,S
2020,-3.0781974412078714,15.018107975595894,17.08830830692402,-53.11605508458726,45.26700312822676,No,29.028218841312047,S
2020.0833333333335,-3.8214683267546947,15.074983385286949,19.646247219143063,-53.11605508458726,45.26700312822676,No,30.89976227767532,S
2020.1666666666667,-0.3720046422569369,15.131858794978001,10.524234032202688,-53.11605508458726,45.26700312822676,No,25.284088184923753,S
2020.25,-0.8969400677422744,15.243756217488562,21.045010504120555,-53.11605508458726,45.26700312822676,No,35.39182665386684,S
2020.3333333333335,0.3327973271371134,15.355653639999122,14.537577779082078,-53.11605508458726,45.26700312822676,No,30.226028746218315,S
2020.4166666666667,1.829138795355035,15.467551062509683,11.357291606322773,-53.11605508458726,45.26700312822676,No,28.653981464187492,S
2020.5,2.9319470115265145,15.579448485020245,11.586263239529279,-53.11605508458726,45.26700312822676,No,30.09765873607604,S
2020.5833333333335,2.3711644453380223,15.691345907530806,-18.062510352868827,-53.11605508458726,45.26700312822676,No,1.3322676295501878e-15,S
2020.6666666666667,2.0656884889813005,15.803243330041367,9.100163175677954,-53.11605508458726,45.26700312822676,No,26.969094994700622,S
2020.75,0.45999216219345646,15.915140752551928,-16.375132914745382,-53.11605508458726,45.26700312822676,No,1.609823385706477e-15,S
2020.8333333333335,0.10157677011868765,16.02703817506249,15.588189693869523,-53.11605508458726,45.26700312822676,No,31.7168046390507,S
2020.9166666666667,-1.9236945214322394,16.13893559757305,17.326649608637577,-53.11605508458726,45.26700312822676,No,31.541890684778387,S
2021,-3.0781974412078714,16.25083302008361,-13.17263557887574,-53.11605508458726,45.26700312822676,No,0,S
2021.0833333333335,-3.8214683267546947,16.36273044259417,-12.541262115839476,-53.11605508458726,45.26700312822676,No,-8.881784197001252e-16,S
2021.1666666666667,-0.3720046422569369,16.474627865104733,-16.102623222847797,-53.11605508458726,45.26700312822676,No,-8.326672684688674e-16,S
2021.25,-0.8969400677422744,16.58652528761529,13.756802659160414,-53.11605508458726,45.26700312822676,No,29.44638787903343,S
2021.3333333333335,0.3327973271371134,16.698422710125854,-17.03122003726297,-53.11605508458726,45.26700312822676,No,-1.5543122344752192e-15,S
2021.4166666666667,1.829138795355035,16.82214680990817,6.632922919950328,-53.11605508458726,45.26700312822676,No,25.284208525213533,S
2021.5,2.9319470115265145,16.94587090969048,-19.877817921216995,-53.11605508458726,45.26700312822676,No,4.440892098500626e-16,S
2021.5833333333335,2.3711644453380223,17.069595009472796,-19.440759454810816,-53.11605508458726,45.26700312822676,No,1.3322676295501878e-15,S
2021.6666666666667,2.0656884889813005,17.19331910925511,12.764201289973752,-53.11605508458726,45.26700312822676,No,32.023208888210164,S
2021.75,0.45999216219345646,17.317043209037426,11.625542072750324,-53.11605508458726,45.26700312822676,No,29.402577443981205,S
2021.8333333333335,0.10157677011868765,17.440767308819737,-17.542344078938424,-53.11605508458726,45.26700312822676,No,9.43689570931383e-16,S
2021.9166666666667,-1.9236945214322394,17.564491408602052,-15.640796887169813,-53.11605508458726,45.26700312822676,No,-4.440892098500626e-16,S
2022,-3.0781974412078714,17.688215508384367,-14.610018067176496,-53.11605508458726,45.26700312822676,No,0,S
2022.0833333333335,-3.8214683267546947,17.81193960816668,-13.990471281411985,-53.11605508458726,45.26700312822676,No,-8.881784197001252e-16,S
2022.1666666666667,-0.3720046422569369,17.935663707948994,-17.563659065692057,-53.11605508458726,45.26700312822676,No,-8.326672684688674e-16,S
2022.25,-0.8969400677422744,18.05938780773131,-17.162447739989034,-53.11605508458726,45.26700312822676,No,3.3306690738754696e-16,S
2022.3333333333335,0.3327973271371134,18.183111907513624,10.98010632893158,-53.11605508458726,45.26700312822676,No,29.49601556358232,S
2022.4166666666667,1.829138795355035,18.306836007295935,4.024815622518055,-53.11605508458726,45.26700312822676,No,24.160790425169026,S
2022.5,2.9319470115265145,18.43056010707825,7.468482904873376,-53.11605508458726,45.26700312822676,No,28.83099002347814,S
2022.5833333333335,2.3711644453380223,18.55864182083594,-20.929806266173962,-53.11605508458726,45.26700312822676,No,1.3322676295501878e-15,S
2022.6666666666667,2.0656884889813005,18.686723534593636,-20.752412023574937,-53.11605508458726,45.26700312822676,No,-8.881784197001252e-16,S
2022.75,0.45999216219345646,18.814805248351327,8.030838468167588,-53.11605508458726,45.26700312822676,No,27.30563587871237,S
2022.8333333333335,0.10157677011868765,18.942886962109018,11.855669347974935,-53.11605508458726,45.26700312822676,No,30.90013308020264,S
2022.9166666666667,-1.9236945214322394,19.07096867586671,14.875823886800049,-53.11605508458726,45.26700312822676,No,32.02309804123452,S
2023,-3.0781974412078714,19.199050389624404,-16.120852948416534,-53.11605508458726,45.26700312822676,No,-1.7763568394002505e-15,S
2023.0833333333335,-3.8214683267546947,19.327132103382095,13.990624543565918,-53.11605508458726,45.26700312822676,No,29.49628832019332,S
2023.1666666666667,-0.3720046422569369,19.455213817139786,11.354252529216854,-53.11605508458726,45.26700312822676,No,30.437461704099704,S
2023.25,-0.8969400677422744,19.58329553089748,11.464643251654536,-53.11605508458726,45.26700312822676,No,30.15099871480974,S
2023.3333333333335,0.3327973271371134,19.71137724465517,13.663343199246125,-53.11605508458726,45.26700312822676,No,33.70751777103841,S
2023.4166666666667,1.829138795355035,19.839458958412862,9.231381303325762,-53.11605508458726,45.26700312822676,No,30.89997905709366,S
2023.5,2.9319470115265145,19.967540672170554,12.492338970169587,-53.11605508458726,45.26700312822676,No,35.39182665386666,S
2023.5833333333335,2.3711644453380223,20.095622385928248,-22.46678683126627,-53.11605508458726,45.26700312822676,No,1.3322676295501878e-15,S
2023.6666666666667,2.0656884889813005,20.22370409968594,-22.28939258866724,-53.11605508458726,45.26700312822676,No,-8.881784197001252e-16,S
2023.75,0.45999216219345646,20.358633153834898,9.407403430189962,-53.11605508458726,45.26700312822676,No,30.226028746218315,S
2023.8333333333335,0.10157677011868765,20.493562207983853,7.216202702458766,-53.11605508458726,45.26700312822676,No,27.811341680561306,S
2023.9166666666667,-1.9236945214322394,20.628491262132812,14.280874366268613,-53.11605508458726,45.26700312822676,No,32.985671106969185,S
2024,-3.0781974412078714,20.76342031628177,17.70660377879285,-53.11605508458726,45.26700312822676,No,35.39182665386675,S
2024.0833333333335,-3.8214683267546947,20.898349370430726,-17.076881043676032,-53.11605508458726,45.26700312822676,No,-8.881784197001252e-16,S
2024.1666666666667,-0.3720046422569369,21.033278424579684,4.622694062311002,-53.11605508458726,45.26700312822676,No,25.28396784463375,S
2024.25,-0.8969400677422744,21.16820747872864,10.067085094106442,-53.11605508458726,45.26700312822676,No,30.338352505092807,S
2024.3333333333335,0.3327973271371134,21.3031365328776,-21.635933860014713,-53.11605508458726,45.26700312822676,No,-1.5543122344752192e-15,S
2024.4166666666667,1.829138795355035,21.438065587026557,-23.267204382381593,-53.11605508458726,45.26700312822676,No,-4.440892098500626e-16,S
2024.5,2.9319470115265145,21.572994641175512,-2.590987427622018,-53.11605508458726,45.26700312822676,No,21.91395422508001,S
2024.5833333333335,2.3711644453380223,21.70792369532447,1.2051203845510408,-53.11605508458726,45.26700312822676,No,25.284208525213533,S
2024.6666666666667,2.0656884889813005,21.84285274947343,-23.90854123845473,-53.11605508458726,45.26700312822676,No,-8.881784197001252e-16,S
2024.75,0.45999216219345646,21.977781803622385,-22.43777396581584,-53.11605508458726,45.26700312822676,No,1.609823385706477e-15,S
2024.8333333333335,0.10157677011868765,22.112710857771344,7.1881685911229205,-53.11605508458726,45.26700312822676,No,29.40245621901295,S
2024.9166666666667,-1.9236945214322394,22.252892267647326,15.062628907651757,-53.11605508458726,45.26700312822676,No,35.39182665386684,S
2025,-3.0781974412078714,22.393073677523308,9.675700662341317,-53.11605508458726,45.26700312822676,No,28.990576898656755,S
2025.0833333333335,-3.8214683267546947,22.533255087399287,8.25730823405603,-53.11605508458726,45.26700312822676,No,26.969094994700622,S
2025.1666666666667,-0.3720046422569369,22.67343649727527,8.277597795601778,-53.11605508458726,45.26700312822676,No,30.57902965062011,S
2025.25,-0.8969400677422744,22.81361790715125,-21.916677839408976,-53.11605508458726,45.26700312822676,No,3.3306690738754696e-16,S
2025.3333333333335,0.3327973271371134,22.953799317027233,5.367021144542033,-53.11605508458726,45.26700312822676,No,28.65361778870638,S
2025.4166666666667,1.829138795355035,23.09398072690321,3.9710534608836205,-53.11605508458726,45.26700312822676,No,28.894172983141868,S
2025.5,2.9319470115265145,23.234162136779194,3.3301791718875897,-53.11605508458726,45.26700312822676,No,29.496288320193297,S
2025.5833333333335,2.3711644453380223,23.374343546655176,4.592844513099603,-53.11605508458726,45.26700312822676,No,30.3383525050928,S
2025.6666666666667,2.0656884889813005,23.514524956531158,-1.4194230203434337,-53.11605508458726,45.26700312822676,No,24.160790425169026,S
2025.75,0.45999216219345646,23.654706366407137,7.130860582397965,-53.11605508458726,45.26700312822676,No,31.245559110998556,S
2025.8333333333335,0.10157677011868765,23.79488777628312,11.495362107465034,-53.11605508458726,45.26700312822676,No,35.39182665386684,S
2025.9166666666667,-1.9236945214322394,23.9350691861591,-22.011374664726862,-53.11605508458726,45.26700312822676,No,-4.440892098500626e-16,S
