x,seasonal,trend,remainder,remainder_l1,remainder_l2,anomaly,observed,Zone
1981.6666666666667,0.0875888416898199,1.3065137227821992,-0.1728973299444312,-0.9640468910291585,0.998659083627257,No,1.221205234527588,NW
1981.75,0.02552140062184692,1.311157362790096,-0.11547352888435514,-0.9640468910291585,0.998659083627257,No,1.221205234527588,NW
1981.8333333333335,0.01003200604649807,1.3158010027979927,-0.10462777431690284,-0.9640468910291585,0.998659083627257,No,1.221205234527588,NW
1981.9166666666667,-0.10627401137017771,1.3204446428058896,0.007034603091875979,-0.9640468910291585,0.998659083627257,No,1.221205234527588,NW
1982,-0.14595199491992858,1.3250882828137864,0.042068946633730064,-0.9640468910291585,0.998659083627257,No,1.221205234527588,NW
1982.0833333333335,-0.13605780898894668,1.3297319228216833,0.027531120694851197,-0.9640468910291585,0.998659083627257,No,1.221205234527588,NW
1982.1666666666667,-0.0872058025987312,1.33437556282958,-0.05324414110548248,-0.9640468910291585,0.998659083627257,No,1.1939256191253662,NW
1982.25,0.04015740978594356,1.3390192028374768,-0.21253060890027586,-0.9640468910291585,0.998659083627257,No,1.1666460037231445,NW
1982.3333333333335,0.0859740463744078,1.3436628428453736,-0.29027050089885864,-0.9640468910291585,0.998659083627257,No,1.1393663883209229,NW
1982.4166666666667,0.08905487043011746,1.3483064828532703,-0.3252745803646866,-0.9640468910291585,0.998659083627257,No,1.1120867729187012,NW
1982.5,0.02690249752491719,1.3529501228611671,-0.29504546286960487,-0.9640468910291585,0.998659083627257,No,1.0848071575164795,NW
1982.5833333333335,0.11025854851271237,1.357593762869064,-0.3540055722485773,-0.9640468910291585,0.998659083627257,No,1.113846739133199,NW
1982.6666666666667,0.0875888416898199,1.3622374028769608,-0.30693992381686197,-0.9640468910291585,0.998659083627257,No,1.1428863207499187,NW
1982.75,0.02552140062184692,1.3668810428848575,-0.2204765411400662,-0.9640468910291585,0.998659083627257,No,1.1719259023666382,NW
1982.8333333333335,0.01003200604649807,1.3715246828927543,-0.18059120495589442,-0.9640468910291585,0.998659083627257,No,1.200965483983358,NW
1982.9166666666667,-0.10627401137017771,1.375612376316351,-0.03933329934609597,-0.9640468910291585,0.998659083627257,No,1.2300050656000774,NW
1983,-0.14595199491992858,1.3797000697399477,0.02529657239677774,-0.9640468910291585,0.998659083627257,No,1.2590446472167969,NW
1983.0833333333335,-0.13605780898894668,1.3837877631635445,0.04035427465891872,-0.9640468910291585,0.998659083627257,No,1.2880842288335166,NW
1983.1666666666667,-0.0872058025987312,1.387875456587141,0.016454156461826352,-0.9640468910291585,0.998659083627257,No,1.317123810450236,NW
1983.25,0.04015740978594356,1.3919631500107377,-0.0859571677297255,-0.9640468910291585,0.998659083627257,No,1.3461633920669558,NW
1983.3333333333335,0.0859740463744078,1.3960508434343344,-0.10682191612506697,-0.9640468910291585,0.998659083627257,No,1.3752029736836753,NW
1983.4166666666667,0.08905487043011746,1.400138536857931,-0.08495085198765362,-0.9640468910291585,0.998659083627257,No,1.404242555300395,NW
1983.5,0.02690249752491719,1.4042262302815278,0.002153409110669413,-0.9640468910291585,0.998659083627257,No,1.4332821369171145,NW
1983.5833333333335,0.11025854851271237,1.4083139237051245,-0.18675317633465816,-0.9640468910291585,0.998659083627257,No,1.3318192958831787,NW
1983.6666666666667,0.0875888416898199,1.4124016171287213,-0.05236064943896346,-0.9640468910291585,0.998659083627257,No,1.4476298093795776,NW
1983.75,0.02552140062184692,1.4164893105523177,0.1214296117018121,-0.9640468910291585,0.998659083627257,No,1.5634403228759768,NW
1983.8333333333335,0.01003200604649807,1.4205770039759145,0.24864182634996324,-0.9640468910291585,0.998659083627257,No,1.6792508363723757,NW
1983.9166666666667,-0.10627401137017771,1.4246646973995112,0.034293096548181135,-0.9640468910291585,0.998659083627257,No,1.3526837825775146,NW
1984,-0.14595199491992858,1.428752390823108,0.10647294105229999,-0.9640468910291585,0.998659083627257,No,1.3892733369554793,NW
1984.0833333333335,-0.13605780898894668,1.4324797795176187,0.12944092080477154,-0.9640468910291585,0.998659083627257,No,1.4258628913334437,NW
1984.1666666666667,-0.0872058025987312,1.4362071682121296,0.11345108009800997,-0.9640468910291585,0.998659083627257,No,1.4624524457114083,NW
1984.25,0.04015740978594356,1.4399345569066404,0.018950033396788912,-0.9640468910291585,0.998659083627257,No,1.499042000089373,NW
1984.3333333333335,0.0859740463744078,1.4436619456011512,0.005995562491778461,-0.9640468910291585,0.998659083627257,No,1.5356315544673376,NW
1984.4166666666667,0.08905487043011746,1.447389334295662,0.03577690411952239,-0.9640468910291585,0.998659083627257,No,1.572221108845302,NW
1984.5,0.02690249752491719,1.451116722990173,0.13079144270817644,-0.9640468910291585,0.998659083627257,No,1.6088106632232666,NW
1984.5833333333335,0.11025854851271237,1.4548441116846837,0.049276288809002367,-0.9640468910291585,0.998659083627257,No,1.6143789490063984,NW
1984.6666666666667,0.0875888416898199,1.4585715003791946,0.07378689272051608,-0.9640468910291585,0.998659083627257,No,1.6199472347895305,NW
1984.75,0.02552140062184692,1.4622988890737054,0.13769523087711,-0.9640468910291585,0.998659083627257,No,1.6255155205726624,NW
1984.8333333333335,0.01003200604649807,1.4660262777682163,0.15502552254107993,-0.9640468910291585,0.998659083627257,No,1.6310838063557942,NW
1984.9166666666667,-0.10627401137017771,1.469753666462727,0.27317243704637684,-0.9640468910291585,0.998659083627257,No,1.6366520921389263,NW
1985,-0.14595199491992858,1.473481055157238,0.3146913176847488,-0.9640468910291585,0.998659083627257,No,1.642220377922058,NW
1985.0833333333335,-0.13605780898894668,1.4772084438517488,0.3066380288423878,-0.9640468910291585,0.998659083627257,No,1.64778866370519,NW
1985.1666666666667,-0.0872058025987312,1.4809358325462596,0.25962691954079364,-0.9640468910291585,0.998659083627257,No,1.653356949488322,NW
1985.25,0.04015740978594356,1.484636878966856,0.1341309465186542,-0.9640468910291585,0.998659083627257,No,1.6589252352714539,NW
1985.3333333333335,0.0859740463744078,1.4883379253874525,0.09018154929272537,-0.9640468910291585,0.998659083627257,No,1.6644935210545857,NW
1985.4166666666667,0.08905487043011746,1.492038971808049,0.08896796459955136,-0.9640468910291585,0.998659083627257,No,1.6700618068377178,NW
1985.5,0.02690249752491719,1.495740018228645,0.15298757686728726,-0.9640468910291585,0.998659083627257,No,1.6756300926208496,NW
1985.5833333333335,0.11025854851271237,1.4994410646492415,0.07955417687601862,-0.9640468910291585,0.998659083627257,No,1.6892537900379725,NW
1985.6666666666667,0.0875888416898199,1.503142111069838,0.11214653469543778,-0.9640468910291585,0.998659083627257,No,1.7028774874550956,NW
1985.75,0.02552140062184692,1.5068431574904344,0.18413662675993714,-0.9640468910291585,0.998659083627257,No,1.7165011848722185,NW
1985.8333333333335,0.01003200604649807,1.5105442039110308,0.20954867233181274,-0.9640468910291585,0.998659083627257,No,1.7301248822893416,NW
1985.9166666666667,-0.10627401137017771,1.5142452503316273,0.33577734074501486,-0.9640468910291585,0.998659083627257,No,1.7437485797064645,NW
1986,-0.14595199491992858,1.5179462967522237,0.3853779752912925,-0.9640468910291585,0.998659083627257,No,1.7573722771235876,NW
1986.0833333333335,-0.13605780898894668,1.52164734317282,0.38540644035683713,-0.9640468910291585,0.998659083627257,No,1.7709959745407104,NW
1986.1666666666667,-0.0872058025987312,1.5253483895934163,0.3464770849631482,-0.9640468910291585,0.998659083627257,No,1.7846196719578333,NW
1986.25,0.04015740978594356,1.5290494360140128,0.22903652357500004,-0.9640468910291585,0.998659083627257,No,1.7982433693749564,NW
1986.3333333333335,0.0859740463744078,1.5327504824346092,0.19314253798306225,-0.9640468910291585,0.998659083627257,No,1.8118670667920793,NW
1986.4166666666667,0.08905487043011746,1.5358480525580274,0.20058784122105755,-0.9640468910291585,0.998659083627257,No,1.8254907642092024,NW
1986.5,0.02690249752491719,1.5389456226814455,0.27326634141996253,-0.9640468910291585,0.998659083627257,No,1.8391144616263253,NW
1986.5833333333335,0.11025854851271237,1.5420431928048637,0.2004364177258724,-0.9640468910291585,0.998659083627257,No,1.8527381590434484,NW
1986.6666666666667,0.0875888416898199,1.5451407629282818,0.2336322518424696,-0.9640468910291585,0.998659083627257,No,1.8663618564605713,NW
1986.75,0.02552140062184692,1.5482383330517,-0.04827695989272418,-0.9640468910291585,0.998659083627257,No,1.5254827737808228,NW
1986.8333333333335,0.01003200604649807,1.5513359031751182,-0.08301378896709966,-0.9640468910291585,0.998659083627257,No,1.4783541202545165,NW
1986.9166666666667,-0.10627401137017771,1.5544334732985363,-0.016933995200148155,-0.9640468910291585,0.998659083627257,No,1.4312254667282105,NW
1987,-0.14595199491992858,1.5575310434219545,-0.027482235300121616,-0.9640468910291585,0.998659083627257,No,1.3840968132019043,NW
1987.0833333333335,-0.13605780898894668,1.5606286135453726,-0.0876026448808278,-0.9640468910291585,0.998659083627257,No,1.3369681596755982,NW
1987.1666666666667,-0.0872058025987312,1.5637261836687908,-0.18668087492076757,-0.9640468910291585,0.998659083627257,No,1.289839506149292,NW
1987.25,0.04015740978594356,1.566823753792209,-0.23427765106848875,-0.9640468910291585,0.998659083627257,No,1.3727035125096638,NW
1987.3333333333335,0.0859740463744078,1.569921323915627,-0.2003278514199991,-0.9640468910291585,0.998659083627257,No,1.4555675188700359,NW
1987.4166666666667,0.08905487043011746,1.5730188940390453,-0.12364223923875506,-0.9640468910291585,0.998659083627257,No,1.5384315252304077,NW
1987.5,0.02690249752491719,1.5761164641624634,0.018276569903398876,-0.9640468910291585,0.998659083627257,No,1.6212955315907795,NW
1987.5833333333335,0.11025854851271237,1.5776126625202371,0.016288326918202145,-0.9640468910291585,0.998659083627257,No,1.7041595379511516,NW
1987.6666666666667,0.0875888416898199,1.579108860878011,0.12032584174369254,-0.9640468910291585,0.998659083627257,No,1.7870235443115234,NW
1987.75,0.02552140062184692,1.5806050592357848,0.020768967846225728,-0.9640468910291585,0.998659083627257,No,1.6268954277038574,NW
1987.8333333333335,0.01003200604649807,1.5821012575935585,-0.06039629369224153,-0.9640468910291585,0.998659083627257,No,1.531736969947815,NW
1987.9166666666667,-0.10627401137017771,1.5835974559513324,-0.04074493238938226,-0.9640468910291585,0.998659083627257,No,1.4365785121917725,NW
1988,-0.14595199491992858,1.585093654309106,-0.0977216049534475,-0.9640468910291585,0.998659083627257,No,1.34142005443573,NW
1988.0833333333335,-0.13605780898894668,1.58658985266688,-0.20427044699824592,-0.9640468910291585,0.998659083627257,No,1.2462615966796875,NW
1988.1666666666667,-0.0872058025987312,1.5880860510246537,-0.3497771095022775,-0.9640468910291585,0.998659083627257,No,1.151103138923645,NW
1988.25,0.04015740978594356,1.5895822493824274,-0.17126255943183954,-0.9640468910291585,0.998659083627257,No,1.4584770997365315,NW
1988.3333333333335,0.0859740463744078,1.5910784477402014,0.08879856643480899,-0.9640468910291585,0.998659083627257,No,1.7658510605494182,NW
1988.4166666666667,0.08905487043011746,1.592574646097975,0.3915955048342121,-0.9640468910291585,0.998659083627257,No,2.0732250213623047,NW
1988.5,0.02690249752491719,1.5940708444557488,0.0188436574547588,-0.9640468910291585,0.998659083627257,No,1.6398169994354248,NW
1988.5833333333335,0.11025854851271237,1.5955670428135227,-0.08723270320939847,-0.9640468910291585,0.998659083627257,No,1.6185928881168365,NW
1988.6666666666667,0.0875888416898199,1.5970632411712964,-0.08728330606286794,-0.9640468910291585,0.998659083627257,No,1.5973687767982483,NW
1988.75,0.02552140062184692,1.5974913075325983,-0.04686804267478517,-0.9640468910291585,0.998659083627257,No,1.57614466547966,NW
1988.8333333333335,0.01003200604649807,1.5979193738939,-0.05303082577932616,-0.9640468910291585,0.998659083627257,No,1.5549205541610718,NW
1988.9166666666667,-0.10627401137017771,1.5983474402552016,-0.23213113571790944,-0.9640468910291585,0.998659083627257,No,1.2599422931671145,NW
1989,-0.14595199491992858,1.5987755066165035,-0.5020753661162833,-0.9640468910291585,0.998659083627257,No,0.9507481455802915,NW
1989.0833333333335,-0.13605780898894668,1.5992035729778054,-0.43559494745290905,-0.9640468910291585,0.998659083627257,No,1.0275508165359497,NW
1989.1666666666667,-0.0872058025987312,1.599631639339107,-0.47589152735316875,-0.9640468910291585,0.998659083627257,No,1.036534309387207,NW
1989.25,0.04015740978594356,1.6000597057004087,-0.21335445841619238,-0.9640468910291585,0.998659083627257,No,1.42686265707016,NW
1989.3333333333335,0.0859740463744078,1.6004877720617106,0.13072918631699437,-0.9640468910291585,0.998659083627257,No,1.8171910047531128,NW
1989.4166666666667,0.08905487043011746,1.6009158384230124,0.05203595065462174,-0.9640468910291585,0.998659083627257,No,1.7420066595077517,NW
1989.5,0.02690249752491719,1.601343904784314,-0.1840033288457914,-0.9640468910291585,0.998659083627257,No,1.44424307346344,NW
1989.5833333333335,0.11025854851271237,1.6017719711456158,0.08131576616167902,-0.9640468910291585,0.998659083627257,No,1.793346285820007,NW
1989.6666666666667,0.0875888416898199,1.6022000375069176,0.12141740198841267,-0.9640468910291585,0.998659083627257,No,1.8112062811851501,NW
1989.75,0.02552140062184692,1.6026281038682195,0.2009167720602265,-0.9640468910291585,0.998659083627257,No,1.829066276550293,NW
1989.8333333333335,0.01003200604649807,1.6030561702295212,-0.09504406216316519,-0.9640468910291585,0.998659083627257,No,1.518044114112854,NW
1989.9166666666667,-0.10627401137017771,1.6024491180155136,-0.16348284113477685,-0.9640468910291585,0.998659083627257,No,1.332692265510559,NW
1990,-0.14595199491992858,1.6018420658015062,-0.3423591966292585,-0.9640468910291585,0.998659083627257,No,1.1135308742523191,NW
1990.0833333333335,-0.13605780898894668,1.6012350135874986,-0.2509312891856492,-0.9640468910291585,0.998659083627257,No,1.2142459154129028,NW
1990.1666666666667,-0.0872058025987312,1.600627961373491,-0.3476451907724407,-0.9640468910291585,0.998659083627257,No,1.1657769680023191,NW
1990.25,0.04015740978594356,1.6000209091594837,-0.22093844029094734,-0.9640468910291585,0.998659083627257,No,1.41923987865448,NW
1990.3333333333335,0.0859740463744078,1.599413856945476,-0.012685114013243348,-0.9640468910291585,0.998659083627257,No,1.6727027893066406,NW
1990.4166666666667,0.08905487043011746,1.5988068047314685,-0.0027248801176409376,-0.9640468910291585,0.998659083627257,No,1.685136795043945,NW
1990.5,0.02690249752491719,1.5981997525174612,0.09345641904789259,-0.9640468910291585,0.998659083627257,No,1.718558669090271,NW
1990.5833333333335,0.11025854851271237,1.5975927003034536,-0.03353365047327039,-0.9640468910291585,0.998659083627257,No,1.6743175983428955,NW
1990.6666666666667,0.0875888416898199,1.5969856480894462,-0.0034697105357968105,-0.9640468910291585,0.998659083627257,No,1.6811047792434692,NW
1990.75,0.02552140062184692,1.5963785958754386,0.06599196364675741,-0.9640468910291585,0.998659083627257,No,1.687891960144043,NW
1990.8333333333335,0.01003200604649807,1.595771543661431,0.08887559133668765,-0.9640468910291585,0.998659083627257,No,1.6946791410446167,NW
1990.9166666666667,-0.10627401137017771,1.5951644914474237,0.21257584186794443,-0.9640468910291585,0.998659083627257,No,1.7014663219451904,NW
1991,-0.14595199491992858,1.594557439233416,0.2596480585322767,-0.9640468910291585,0.998659083627257,No,1.7082535028457642,NW
1991.0833333333335,-0.13605780898894668,1.5934930479018536,0.25760544483343084,-0.9640468910291585,0.998659083627257,No,1.715040683746338,NW
1991.1666666666667,-0.0872058025987312,1.5924286565702914,0.21660501067535165,-0.9640468910291585,0.998659083627257,No,1.7218278646469118,NW
1991.25,0.04015740978594356,1.591364265238729,0.09709337052281297,-0.9640468910291585,0.998659083627257,No,1.7286150455474856,NW
1991.3333333333335,0.0859740463744078,1.5902998739071668,0.05912830616648468,-0.9640468910291585,0.998659083627257,No,1.7354022264480593,NW
1991.4166666666667,0.08905487043011746,1.5892354825756043,0.06389905434291121,-0.9640468910291585,0.998659083627257,No,1.742189407348633,NW
1991.5,0.02690249752491719,1.588171091244042,0.13390299948024742,-0.9640468910291585,0.998659083627257,No,1.7489765882492068,NW
1991.5833333333335,0.11025854851271237,1.5871066999124797,0.05839852072458851,-0.9640468910291585,0.998659083627257,No,1.7557637691497805,NW
1991.6666666666667,0.0875888416898199,1.5860423085809172,0.36395077035304224,-0.9640468910291585,0.998659083627257,No,2.0375819206237793,NW
1991.75,0.02552140062184692,1.584977917249355,0.3995736002940957,-0.9640468910291585,0.998659083627257,No,2.0100729181652977,NW
1991.8333333333335,0.01003200604649807,1.5839135259177926,0.38861838374252566,-0.9640468910291585,0.998659083627257,No,1.9825639157068162,NW
1991.9166666666667,-0.10627401137017771,1.5828491345862303,0.47847979003228214,-0.9640468910291585,0.998659083627257,No,1.9550549132483348,NW
1992,-0.14595199491992858,1.581784743254668,0.49171316245511365,-0.9640468910291585,0.998659083627257,No,1.927545910789853,NW
1992.0833333333335,-0.13605780898894668,1.5807203519231057,0.45537436539721243,-0.9640468910291585,0.998659083627257,No,1.9000369083313715,NW
1992.1666666666667,-0.0872058025987312,1.5796559605915432,0.38007774788007787,-0.9640468910291585,0.998659083627257,No,1.8725279058728899,NW
1992.25,0.04015740978594356,1.5781144689145437,0.22674702471392116,-0.9640468910291585,0.998659083627257,No,1.8450189034144084,NW
1992.3333333333335,0.0859740463744078,1.5765729772375439,0.15496287734397507,-0.9640468910291585,0.998659083627257,No,1.8175099009559268,NW
1992.4166666666667,0.08905487043011746,1.5750314855605443,0.12591454250678336,-0.9640468910291585,0.998659083627257,No,1.7900008984974451,NW
1992.5,0.02690249752491719,1.5734899938835447,0.16209940463050176,-0.9640468910291585,0.998659083627257,No,1.7624918960389637,NW
1992.5833333333335,0.11025854851271237,1.5719485022065451,0.05277584286122461,-0.9640468910291585,0.998659083627257,No,1.734982893580482,NW
1992.6666666666667,0.0875888416898199,1.5704070105295453,0.04947803890263547,-0.9640468910291585,0.998659083627257,No,1.7074738911220007,NW
1992.75,0.02552140062184692,1.5688655188525458,0.0855779691891263,-0.9640468910291585,0.998659083627257,No,1.679964888663519,NW
1992.8333333333335,0.01003200604649807,1.5673240271755462,0.07509985298299315,-0.9640468910291585,0.998659083627257,No,1.6524558862050374,NW
1992.9166666666667,-0.10627401137017771,1.5657825354985464,0.1654383596181872,-0.9640468910291585,0.998659083627257,No,1.624946883746556,NW
1993,-0.14595199491992858,1.5642410438215468,0.17914883238645607,-0.9640468910291585,0.998659083627257,No,1.5974378812880743,NW
1993.0833333333335,-0.13605780898894668,1.5626995521445473,0.14328713567399198,-0.9640468910291585,0.998659083627257,No,1.5699288788295926,NW
1993.1666666666667,-0.0872058025987312,1.5611580604675477,0.06846761850229477,-0.9640468910291585,0.998659083627257,No,1.5424198763711112,NW
1993.25,0.04015740978594356,1.5596165687905479,-0.08486310466386193,-0.9640468910291585,0.998659083627257,No,1.5149108739126296,NW
1993.3333333333335,0.0859740463744078,1.5580750771135483,-0.15664725203380803,-0.9640468910291585,0.998659083627257,No,1.4874018714541482,NW
1993.4166666666667,0.08905487043011746,1.555356654921775,-0.184518656356226,-0.9640468910291585,0.998659083627257,No,1.4598928689956665,NW
1993.5,0.02690249752491719,1.552638232730002,-0.11127611074554,-0.9640468910291585,0.998659083627257,No,1.4682646195093791,NW
1993.5833333333335,0.11025854851271237,1.5499198105382286,-0.18354198902784935,-0.9640468910291585,0.998659083627257,No,1.4766363700230916,NW
1993.6666666666667,0.0875888416898199,1.5472013883464553,-0.1497821094994709,-0.9640468910291585,0.998659083627257,No,1.4850081205368042,NW
1993.75,0.02552140062184692,1.544482966154682,-0.07662449572601204,-0.9640468910291585,0.998659083627257,No,1.4933798710505168,NW
1993.8333333333335,0.01003200604649807,1.5417645439629089,-0.050044928445177606,-0.9640468910291585,0.998659083627257,No,1.5017516215642293,NW
1993.9166666666667,-0.10627401137017771,1.5390461217711355,0.07735126167698403,-0.9640468910291585,0.998659083627257,No,1.510123372077942,NW
1994,-0.14595199491992858,1.5363276995793622,0.12811941793222092,-0.9640468910291585,0.998659083627257,No,1.5184951225916545,NW
1994.0833333333335,-0.13605780898894668,1.5336092773875891,0.12931540470672442,-0.9640468910291585,0.998659083627257,No,1.526866873105367,NW
1994.1666666666667,-0.0872058025987312,1.5308908551958158,0.09155357102199502,-0.9640468910291585,0.998659083627257,No,1.5352386236190796,NW
1994.25,0.04015740978594356,1.5281724330040425,-0.024719468657193877,-0.9640468910291585,0.998659083627257,No,1.5436103741327922,NW
1994.3333333333335,0.0859740463744078,1.5254540108122692,-0.059445932540172386,-0.9640468910291585,0.998659083627257,No,1.5519821246465046,NW
1994.4166666666667,0.08905487043011746,1.522735588620496,-0.05143658389039629,-0.9640468910291585,0.998659083627257,No,1.5603538751602173,NW
1994.5,0.02690249752491719,1.5200171664287228,-0.5968212686060448,-0.9640468910291585,0.998659083627257,No,0.9500983953475952,NW
1994.5833333333335,0.11025854851271237,1.5172165789072665,-0.6005635349364582,-0.9640468910291585,0.998659083627257,No,1.0269115924835206,NW
1994.6666666666667,0.0875888416898199,1.5144159913858102,-0.49828004345618426,-0.9640468910291585,0.998659083627257,No,1.1037247896194458,NW
1994.75,0.02552140062184692,1.511615403864354,-0.3565988177308297,-0.9640468910291585,0.998659083627257,No,1.1805379867553711,NW
1994.8333333333335,0.01003200604649807,1.5088148163428976,-0.2614956384980993,-0.9640468910291585,0.998659083627257,No,1.2573511838912963,NW
1994.9166666666667,-0.10627401137017771,1.5060142288214413,-0.06557583642404197,-0.9640468910291585,0.998659083627257,No,1.3341643810272217,NW
1995,-0.14595199491992858,1.503213641299985,-0.16546033679448513,-0.9640468910291585,0.998659083627257,No,1.1918013095855713,NW
1995.0833333333335,-0.13605780898894668,1.500413053778529,-0.1852041269879161,-0.9640468910291585,0.998659083627257,No,1.1791511178016663,NW
1995.1666666666667,-0.0872058025987312,1.4976124662570727,-0.2439057376405802,-0.9640468910291585,0.998659083627257,No,1.1665009260177612,NW
1995.25,0.04015740978594356,1.4948118787356164,-0.21986534040525751,-0.9640468910291585,0.998659083627257,No,1.3151039481163025,NW
1995.3333333333335,0.0859740463744078,1.49201129121416,-0.11427836737372421,-0.9640468910291585,0.998659083627257,No,1.4637069702148438,NW
1995.4166666666667,0.08905487043011746,1.4892107036927038,0.03404441819056392,-0.9640468910291585,0.998659083627257,No,1.6123099923133852,NW
1995.5,0.02690249752491719,1.4864101161712475,0.24760040071576173,-0.9640468910291585,0.998659083627257,No,1.7609130144119265,NW
1995.5833333333335,0.11025854851271237,1.4836095286497912,0.07264310085415904,-0.9640468910291585,0.998659083627257,No,1.6665111780166626,NW
1995.6666666666667,0.0875888416898199,1.480808941128335,-0.23959185935624072,-0.9640468910291585,0.998659083627257,No,1.328805923461914,NW
1995.75,0.02552140062184692,1.4804464796334722,-0.07862326002750541,-0.9640468910291585,0.998659083627257,No,1.4273446202278137,NW
1995.8333333333335,0.01003200604649807,1.4800840181386095,0.03576729280860591,-0.9640468910291585,0.998659083627257,No,1.5258833169937134,NW
1995.9166666666667,-0.10627401137017771,1.4797215566437467,-0.19083977530744334,-0.9640468910291585,0.998659083627257,No,1.1826077699661257,NW
1996,-0.14595199491992858,1.479359095148884,-0.14464526989906035,-0.9640468910291585,0.998659083627257,No,1.188761830329895,NW
1996.0833333333335,-0.13605780898894668,1.4789966336540212,-0.21998850918961055,-0.9640468910291585,0.998659083627257,No,1.122950315475464,NW
1996.1666666666667,-0.0872058025987312,1.4786341721591585,0.06273583742123168,-0.9640468910291585,0.998659083627257,No,1.454164206981659,NW
1996.25,0.04015740978594356,1.4782717106642955,0.26694897803761486,-0.9640468910291585,0.998659083627257,No,1.785378098487854,NW
1996.3333333333335,0.0859740463744078,1.4779092491694328,0.15174687813932586,-0.9640468910291585,0.998659083627257,No,1.7156301736831665,NW
1996.4166666666667,0.08905487043011746,1.47754678767457,0.07928059077379146,-0.9640468910291585,0.998659083627257,No,1.645882248878479,NW
1996.5,0.02690249752491719,1.4771843261797073,0.07204750036916696,-0.9640468910291585,0.998659083627257,No,1.5761343240737915,NW
1996.5833333333335,0.11025854851271237,1.4768218646848446,-0.08069401392845288,-0.9640468910291585,0.998659083627257,No,1.506386399269104,NW
1996.6666666666667,0.0875888416898199,1.4764594031899818,-0.12740977041538515,-0.9640468910291585,0.998659083627257,No,1.4366384744644165,NW
1996.75,0.02552140062184692,1.476096941695119,-0.134727792657237,-0.9640468910291585,0.998659083627257,No,1.366890549659729,NW
1996.8333333333335,0.01003200604649807,1.4757344802002563,-0.18862386139171283,-0.9640468910291585,0.998659083627257,No,1.2971426248550415,NW
1996.9166666666667,-0.10627401137017771,1.4769882281641298,-0.1433195167435981,-0.9640468910291585,0.998659083627257,No,1.227394700050354,NW
1997,-0.14595199491992858,1.4782419761280035,-0.17464320596240834,-0.9640468910291585,0.998659083627257,No,1.1576467752456665,NW
1997.0833333333335,-0.13605780898894668,1.479495724091877,-0.2555390646619513,-0.9640468910291585,0.998659083627257,No,1.087898850440979,NW
1997.1666666666667,-0.0872058025987312,1.4807494720557504,0.23545580220740958,-0.9640468910291585,0.998659083627257,No,1.6289994716644287,NW
1997.25,0.04015740978594356,1.482003220019624,0.43557133239841184,-0.9640468910291585,0.998659083627257,No,1.9577319622039795,NW
1997.3333333333335,0.0859740463744078,1.4832569679834975,0.1740191172491503,-0.9640468910291585,0.998659083627257,No,1.7432501316070557,NW
1997.4166666666667,0.08905487043011746,1.4845107159473712,-0.06477366285453945,-0.9640468910291585,0.998659083627257,No,1.5087919235229492,NW
1997.5,0.02690249752491719,1.4857644639112446,0.032702246422877446,-0.9640468910291585,0.998659083627257,No,1.5453692078590393,NW
1997.5833333333335,0.11025854851271237,1.487018211875118,-0.015330268192701002,-0.9640468910291585,0.998659083627257,No,1.5819464921951294,NW
1997.6666666666667,0.0875888416898199,1.4882719598389917,-0.16886312086474908,-0.9640468910291585,0.998659083627257,No,1.4069976806640625,NW
1997.75,0.02552140062184692,1.4895257078028652,0.14858051608700662,-0.9640468910291585,0.998659083627257,No,1.6636276245117188,NW
1997.8333333333335,0.01003200604649807,1.4907794557667386,0.0159362512757526,-0.9640468910291585,0.998659083627257,No,1.5167477130889893,NW
1997.9166666666667,-0.10627401137017771,1.4920332037306123,-0.16136499012807382,-0.9640468910291585,0.998659083627257,No,1.2243942022323608,NW
1998,-0.14595199491992858,1.4932869516944858,-0.2870888468120938,-0.9640468910291585,0.998659083627257,No,1.0602461099624634,NW
1998.0833333333335,-0.13605780898894668,1.4941583920299213,-0.21685605236317929,-0.9640468910291585,0.998659083627257,No,1.1412445306777954,NW
1998.1666666666667,-0.0872058025987312,1.4950298323653566,-0.06495665534645934,-0.9640468910291585,0.998659083627257,No,1.342867374420166,NW
1998.25,0.04015740978594356,1.495901272700792,-0.3497042837593187,-0.9640468910291585,0.998659083627257,No,1.186354398727417,NW
1998.3333333333335,0.0859740463744078,1.4967727130362276,-0.3569821867902436,-0.9640468910291585,0.998659083627257,No,1.2257645726203918,NW
1998.4166666666667,0.08905487043011746,1.4976441533716631,-0.32152427728841393,-0.9640468910291585,0.998659083627257,No,1.2651747465133667,NW
1998.5,0.02690249752491719,1.4985155937070984,-0.2208331708256741,-0.9640468910291585,0.998659083627257,No,1.3045849204063416,NW
1998.5833333333335,0.11025854851271237,1.499387034042534,-0.26565048825592985,-0.9640468910291585,0.998659083627257,No,1.3439950942993164,NW
1998.6666666666667,0.0875888416898199,1.5002584743779694,-0.20444204787549802,-0.9640468910291585,0.998659083627257,No,1.3834052681922913,NW
1998.75,0.02552140062184692,1.5011299147134047,-0.10383587324998556,-0.9640468910291585,0.998659083627257,No,1.4228154420852661,NW
1998.8333333333335,0.01003200604649807,1.5020013550488402,-0.04980774511709729,-0.9640468910291585,0.998659083627257,No,1.462225615978241,NW
1998.9166666666667,-0.10627401137017771,1.5028727953842758,0.10503700585711773,-0.9640468910291585,0.998659083627257,No,1.5016357898712158,NW
1999,-0.14595199491992858,1.5037442357197113,0.183253722964408,-0.9640468910291585,0.998659083627257,No,1.5410459637641907,NW
1999.0833333333335,-0.13605780898894668,1.5046156760551466,0.21189827059096555,-0.9640468910291585,0.998659083627257,No,1.5804561376571655,NW
1999.1666666666667,-0.0872058025987312,1.505487116390582,0.20158499775828953,-0.9640468910291585,0.998659083627257,No,1.6198663115501404,NW
1999.25,0.04015740978594356,1.5066742201045766,0.11244485555259498,-0.9640468910291585,0.998659083627257,No,1.6592764854431152,NW
1999.3333333333335,0.0859740463744078,1.507861323818571,0.10485128914311126,-0.9640468910291585,0.998659083627257,No,1.69868665933609,NW
1999.4166666666667,0.08905487043011746,1.5090484275325655,0.13999353526638192,-0.9640468910291585,0.998659083627257,No,1.738096833229065,NW
1999.5,0.02690249752491719,1.51023553124656,0.2551258366994089,-0.9640468910291585,0.998659083627257,No,1.7922638654708862,NW
1999.5833333333335,0.11025854851271237,1.5114226349605546,0.22474971423944057,-0.9640468910291585,0.998659083627257,No,1.8464308977127075,NW
1999.6666666666667,0.0875888416898199,1.512609738674549,0.38939921702943003,-0.9640468910291585,0.998659083627257,No,1.9895977973937988,NW
1999.75,0.02552140062184692,1.5137968423885435,0.42091759111131366,-0.9640468910291585,0.998659083627257,No,1.960235834121704,NW
1999.8333333333335,0.01003200604649807,1.514983946102538,0.4058579187005733,-0.9640468910291585,0.998659083627257,No,1.9308738708496094,NW
1999.9166666666667,-0.10627401137017771,1.5161710498165324,0.4916148691311599,-0.9640468910291585,0.998659083627257,No,1.9015119075775146,NW
2000,-0.14595199491992858,1.517358153530527,0.5007437856948214,-0.9640468910291585,0.998659083627257,No,1.8721499443054197,NW
2000.0833333333335,-0.13605780898894668,1.5185452572445215,0.4603005327777503,-0.9640468910291585,0.998659083627257,No,1.8427879810333252,NW
2000.1666666666667,-0.0872058025987312,1.519732360958516,0.38089945940144565,-0.9640468910291585,0.998659083627257,No,1.8134260177612305,NW
2000.25,0.04015740978594356,1.5209194646725104,0.22298718003068174,-0.9640468910291585,0.998659083627257,No,1.7840640544891357,NW
2000.3333333333335,0.0859740463744078,1.522106568386505,0.14662147645612822,-0.9640468910291585,0.998659083627257,No,1.754702091217041,NW
2000.4166666666667,0.08905487043011746,1.524574552335621,-0.3769149404583043,-0.9640468910291585,0.998659083627257,No,1.236714482307434,NW
2000.5,0.02690249752491719,1.5270425362847369,0.013511450031288286,-0.9640468910291585,0.998659083627257,No,1.5674564838409424,NW
2000.5833333333335,0.11025854851271237,1.5295105202338528,-0.05209778883933858,-0.9640468910291585,0.998659083627257,No,1.5876712799072266,NW
2000.6666666666667,0.0875888416898199,1.5319785041829688,-0.011681269899277869,-0.9640468910291585,0.998659083627257,No,1.6078860759735107,NW
2000.75,0.02552140062184692,1.5344464881320847,0.06813298328586326,-0.9640468910291585,0.998659083627257,No,1.628100872039795,NW
2000.8333333333335,0.01003200604649807,1.5369144720812007,0.1013691899783804,-0.9640468910291585,0.998659083627257,No,1.648315668106079,NW
2000.9166666666667,-0.10627401137017771,1.5393824560303169,0.23542201951222408,-0.9640468910291585,0.998659083627257,No,1.6685304641723633,NW
2001,-0.14595199491992858,1.5418504399794328,0.29284681517914324,-0.9640468910291585,0.998659083627257,No,1.6887452602386475,NW
2001.0833333333335,-0.13605780898894668,1.5443184239285488,0.30069944136532945,-0.9640468910291585,0.998659083627257,No,1.7089600563049316,NW
2001.1666666666667,-0.0872058025987312,1.5467864078776647,0.2695942470922823,-0.9640468910291585,0.998659083627257,No,1.7291748523712158,NW
2001.25,0.04015740978594356,1.5492543918267807,-0.41783708981310275,-0.9640468910291585,0.998659083627257,No,1.1715747117996216,NW
2001.3333333333335,0.0859740463744078,1.5517223757758967,-0.3433520565535333,-0.9640468910291585,0.998659083627257,No,1.2943443655967712,NW
2001.4166666666667,0.08905487043011746,1.5541903597250126,-0.22613121076120923,-0.9640468910291585,0.998659083627257,No,1.417114019393921,NW
2001.5,0.02690249752491719,1.5566583436741286,-0.043677168007975276,-0.9640468910291585,0.998659083627257,No,1.5398836731910706,NW
2001.5833333333335,0.11025854851271237,1.5588913824071724,-0.006496603931664513,-0.9640468910291585,0.998659083627257,No,1.6626533269882202,NW
2001.6666666666667,0.0875888416898199,1.5611244211402162,-0.10590186909224308,-0.9640468910291585,0.998659083627257,No,1.542811393737793,NW
2001.75,0.02552140062184692,1.5633574598732602,-0.16590940000774146,-0.9640468910291585,0.998659083627257,No,1.4229694604873657,NW
2001.8333333333335,0.01003200604649807,1.565590498606304,-0.2724949774158636,-0.9640468910291585,0.998659083627257,No,1.3031275272369385,NW
2001.9166666666667,-0.10627401137017771,1.5678235373393479,-0.278263931982659,-0.9640468910291585,0.998659083627257,No,1.1832855939865112,NW
2002,-0.14595199491992858,1.5700565760723917,-0.3606609204163791,-0.9640468910291585,0.998659083627257,No,1.063443660736084,NW
2002.0833333333335,-0.13605780898894668,1.5722896148054357,-0.426799251571494,-0.9640468910291585,0.998659083627257,No,1.0094325542449951,NW
2002.1666666666667,-0.0872058025987312,1.5745226535384795,-0.26636684350108863,-0.9640468910291585,0.998659083627257,No,1.2209500074386597,NW
2002.25,0.04015740978594356,1.5767556922715233,-0.3292430659004948,-0.9640468910291585,0.998659083627257,No,1.2876700361569722,NW
2002.3333333333335,0.0859740463744078,1.5789887310045672,-0.3105727125036901,-0.9640468910291585,0.998659083627257,No,1.354390064875285,NW
2002.4166666666667,0.08905487043011746,1.581221769737611,-0.24916654657413106,-0.9640468910291585,0.998659083627257,No,1.4211100935935974,NW
2002.5,0.02690249752491719,1.583454808470655,-0.12252718368366233,-0.9640468910291585,0.998659083627257,No,1.48783012231191,NW
2002.5833333333335,0.11025854851271237,1.5856878472036988,-0.1413962446861885,-0.9640468910291585,0.998659083627257,No,1.5545501510302226,NW
2002.6666666666667,0.0875888416898199,1.5879208859367426,-0.05423954787802732,-0.9640468910291585,0.998659083627257,No,1.6212701797485352,NW
2002.75,0.02552140062184692,1.5878118299794626,0.1774108356370936,-0.9640468910291585,0.998659083627257,No,1.790744066238403,NW
2002.8333333333335,0.01003200604649807,1.5877027740221827,0.04695015454740803,-0.9640468910291585,0.998659083627257,No,1.6446849346160888,NW
2002.9166666666667,-0.10627401137017771,1.5875937180649027,0.017306096299049223,-0.9640468910291585,0.998659083627257,No,1.4986258029937742,NW
2003,-0.14595199491992858,1.5874846621076228,-0.08896599581623432,-0.9640468910291585,0.998659083627257,No,1.35256667137146,NW
2003.0833333333335,-0.13605780898894668,1.5873756061503428,-0.24481025741225082,-0.9640468910291585,0.998659083627257,No,1.2065075397491454,NW
2003.1666666666667,-0.0872058025987312,1.587266550193063,-0.43961233946750067,-0.9640468910291585,0.998659083627257,No,1.060448408126831,NW
2003.25,0.04015740978594356,1.587157494235783,-0.440787604140745,-0.9640468910291585,0.998659083627257,No,1.1865272998809815,NW
2003.3333333333335,0.0859740463744078,1.5870484382785028,-0.3604162930177788,-0.9640468910291585,0.998659083627257,No,1.312606191635132,NW
2003.4166666666667,0.08905487043011746,1.586939382321223,-0.23730916936205837,-0.9640468910291585,0.998659083627257,No,1.4386850833892821,NW
2003.5,0.02690249752491719,1.586830326363943,-0.04896884874542762,-0.9640468910291585,0.998659083627257,No,1.5647639751434326,NW
2003.5833333333335,0.11025854851271237,1.586721270406663,-0.00613695202179243,-0.9640468910291585,0.998659083627257,No,1.690842866897583,NW
2003.6666666666667,0.0875888416898199,1.586612214449383,0.22440286002901,-0.9640468910291585,0.998659083627257,No,1.898603916168213,NW
2003.75,0.02552140062184692,1.5865031584921032,-0.08471394929644527,-0.9640468910291585,0.998659083627257,No,1.5273106098175049,NW
2003.8333333333335,0.01003200604649807,1.5863941025348232,-0.02289385507752173,-0.9640468910291585,0.998659083627257,No,1.5735322535037994,NW
2003.9166666666667,-0.10627401137017771,1.5860740657535752,0.13995384280669643,-0.9640468910291585,0.998659083627257,No,1.619753897190094,NW
2004,-0.14595199491992858,1.585754028972327,0.22617350682399007,-0.9640468910291585,0.998659083627257,No,1.6659755408763885,NW
2004.0833333333335,-0.13605780898894668,1.5854339921910792,0.26282100136055053,-0.9640468910291585,0.998659083627257,No,1.712197184562683,NW
2004.1666666666667,-0.0872058025987312,1.5851139554098312,0.2605106754378774,-0.9640468910291585,0.998659083627257,No,1.7584188282489774,NW
2004.25,0.04015740978594356,1.5847939186285833,0.17968914352074505,-0.9640468910291585,0.998659083627257,No,1.804640471935272,NW
2004.3333333333335,0.0859740463744078,1.5844738818473352,0.1804141873998235,-0.9640468910291585,0.998659083627257,No,1.8508621156215666,NW
2004.4166666666667,0.08905487043011746,1.5841538450660873,0.22387504381165635,-0.9640468910291585,0.998659083627257,No,1.897083759307861,NW
2004.5,0.02690249752491719,1.5838338082848393,-0.3945005489356721,-0.9640468910291585,0.998659083627257,No,1.2162357568740845,NW
2004.5833333333335,0.11025854851271237,1.5835137715035912,0.5830552537599414,-0.9640468910291585,0.998659083627257,No,2.276827573776245,NW
2004.6666666666667,0.0875888416898199,1.5831937347223433,0.5274148546223489,-0.9640468910291585,0.998659083627257,No,2.198197431034512,NW
2004.75,0.02552140062184692,1.5828736979410953,0.5111721897298369,-0.9640468910291585,0.998659083627257,No,2.119567288292779,NW
2004.8333333333335,0.01003200604649807,1.5825536611598474,0.44835147834470024,-0.9640468910291585,0.998659083627257,No,2.040937145551046,NW
2004.9166666666667,-0.10627401137017771,1.5822336243785993,0.4863473898008912,-0.9640468910291585,0.998659083627257,No,1.9623070028093128,NW
2005,-0.14595199491992858,1.5819135875973513,0.44771526739015677,-0.9640468910291585,0.998659083627257,No,1.8836768600675795,NW
2005.0833333333335,-0.13605780898894668,1.5831627435240911,0.3579417827907019,-0.9640468910291585,0.998659083627257,No,1.8050467173258464,NW
2005.1666666666667,-0.0872058025987312,1.5844118994508307,0.22921047773201364,-0.9640468910291585,0.998659083627257,No,1.7264165745841131,NW
2005.25,0.04015740978594356,1.5856610553775705,0.021967966678865913,-0.9640468910291585,0.998659083627257,No,1.64778643184238,NW
2005.3333333333335,0.0859740463744078,1.58691021130431,-0.10372796857807098,-0.9640468910291585,0.998659083627257,No,1.569156289100647,NW
2005.4166666666667,0.08905487043011746,1.58815936723105,-0.1160320963571515,-0.9640468910291585,0.998659083627257,No,1.561182141304016,NW
2005.5,0.02690249752491719,1.5894085231577895,-0.2325745294793986,-0.9640468910291585,0.998659083627257,No,1.383736491203308,NW
2005.5833333333335,0.11025854851271237,1.5906576790845293,0.13630682538127403,-0.9640468910291585,0.998659083627257,No,1.8372230529785156,NW
2005.6666666666667,0.0875888416898199,1.591906835011269,0.135357223274158,-0.9640468910291585,0.998659083627257,No,1.814852899975247,NW
2005.75,0.02552140062184692,1.5931559909380086,0.1738053554121226,-0.9640468910291585,0.998659083627257,No,1.7924827469719782,NW
2005.8333333333335,0.01003200604649807,1.5944051468647484,0.165675441057463,-0.9640468910291585,0.998659083627257,No,1.7701125939687095,NW
2005.9166666666667,-0.10627401137017771,1.595654302791488,0.2583621495441304,-0.9640468910291585,0.998659083627257,No,1.7477424409654407,NW
2006,-0.14595199491992858,1.5969034587182278,0.2744208241638726,-0.9640468910291585,0.998659083627257,No,1.7253722879621718,NW
2006.0833333333335,-0.13605780898894668,1.5981526146449674,0.24090732930288228,-0.9640468910291585,0.998659083627257,No,1.703002134958903,NW
2006.1666666666667,-0.0872058025987312,1.5994017705717072,0.1684360139826584,-0.9640468910291585,0.998659083627257,No,1.6806319819556343,NW
2006.25,0.04015740978594356,1.5999007650586412,0.018203654107780798,-0.9640468910291585,0.998659083627257,No,1.6582618289523656,NW
2006.3333333333335,0.0859740463744078,1.6003997595455755,-0.050482129970886414,-0.9640468910291585,0.998659083627257,No,1.635891675949097,NW
2006.4166666666667,0.08905487043011746,1.6008987540325095,0.5908581621889846,-0.9640468910291585,0.998659083627257,No,2.2808117866516113,NW
2006.5,0.02690249752491719,1.6013977485194435,0.17102128620509016,-0.9640468910291585,0.998659083627257,No,1.799321532249451,NW
2006.5833333333335,0.11025854851271237,1.6018967430063777,-0.13850695796959056,-0.9640468910291585,0.998659083627257,No,1.5736483335494995,NW
2006.6666666666667,0.0875888416898199,1.6023957374933118,-0.04798628816750661,-0.9640468910291585,0.998659083627257,No,1.641998291015625,NW
2006.75,0.02552140062184692,1.6028947319802458,0.09314124616682817,-0.9640468910291585,0.998659083627257,No,1.721557378768921,NW
2006.8333333333335,0.01003200604649807,1.60339372646718,0.5995867243802426,-0.9640468910291585,0.998659083627257,No,2.213012456893921,NW
2006.9166666666667,-0.10627401137017771,1.603892720954114,-0.14442196943348473,-0.9640468910291585,0.998659083627257,No,1.3531967401504517,NW
2007,-0.14595199491992858,1.6043917154410483,-0.26004387224688874,-0.9640468910291585,0.998659083627257,No,1.198395848274231,NW
2007.0833333333335,-0.13605780898894668,1.6048907099279823,-0.32010155004029284,-0.9640468910291585,0.998659083627257,No,1.148731350898743,NW
2007.1666666666667,-0.0872058025987312,1.6053897044149164,-0.5799731164272388,-0.9640468910291585,0.998659083627257,No,0.9382107853889463,NW
2007.25,0.04015740978594356,1.6058886989018506,-0.5876264787563443,-0.9640468910291585,0.998659083627257,No,1.05841962993145,NW
2007.3333333333335,0.0859740463744078,1.6063876933887846,-0.5137332652892392,-0.9640468910291585,0.998659083627257,No,1.1786284744739532,NW
2007.4166666666667,0.08905487043011746,1.6048225996525742,-0.39504015106623513,-0.9640468910291585,0.998659083627257,No,1.2988373190164566,NW
2007.5,0.02690249752491719,1.6032575059163638,-0.21111383988232113,-0.9640468910291585,0.998659083627257,No,1.41904616355896,NW
2007.5833333333335,0.11025854851271237,1.6016924121801535,0.02591162628223187,-0.9640468910291585,0.998659083627257,No,1.7378625869750977,NW
2007.6666666666667,0.0875888416898199,1.600127318443943,-0.12893476279108107,-0.9640468910291585,0.998659083627257,No,1.5587813973426818,NW
2007.75,0.02552140062184692,1.5985622247077327,-0.2443834176193136,-0.9640468910291585,0.998659083627257,No,1.379700207710266,NW
2007.8333333333335,0.01003200604649807,1.5969971309715223,-0.4064101189401699,-0.9640468910291585,0.998659083627257,No,1.2006190180778504,NW
2007.9166666666667,-0.10627401137017771,1.595432037235312,-0.4676201974196996,-0.9640468910291585,0.998659083627257,No,1.0215378284454346,NW
2008,-0.14595199491992858,1.5938669434991015,-0.6054583097661541,-0.9640468910291585,0.998659083627257,No,0.8424566388130188,NW
2008.0833333333335,-0.13605780898894668,1.5923018497628911,-0.37907474164827315,-0.9640468910291585,0.998659083627257,No,1.0771692991256714,NW
2008.1666666666667,-0.0872058025987312,1.5907367560266807,-0.4212832193581253,-0.9640468910291585,0.998659083627257,No,1.0822477340698242,NW
2008.25,0.04015740978594356,1.5891716622904704,-0.382324563104246,-0.9640468910291585,0.998659083627257,No,1.247004508972168,NW
2008.3333333333335,0.0859740463744078,1.58760656855426,-0.08493098438209801,-0.9640468910291585,0.998659083627257,No,1.5886496305465698,NW
2008.4166666666667,0.08905487043011746,1.5860414748180496,-0.05753929645055966,-0.9640468910291585,0.998659083627257,No,1.6175570487976074,NW
2008.5,0.02690249752491719,1.5844763810818392,0.03508558844188858,-0.9640468910291585,0.998659083627257,No,1.646464467048645,NW
2008.5833333333335,0.11025854851271237,1.5832639430636999,0.04567142474438857,-0.9640468910291585,0.998659083627257,No,1.7391939163208008,NW
2008.6666666666667,0.0875888416898199,1.5820515050455606,-0.08064131376113726,-0.9640468910291585,0.998659083627257,No,1.5889990329742432,NW
2008.75,0.02552140062184692,1.5808390670274215,0.022334172616302217,-0.9640468910291585,0.998659083627257,No,1.6286946402655706,NW
2008.8333333333335,0.01003200604649807,1.5796266290092822,0.07873161250111815,-0.9640468910291585,0.998659083627257,No,1.6683902475568984,NW
2008.9166666666667,-0.10627401137017771,1.5784141909911429,0.23594567522726062,-0.9640468910291585,0.998659083627257,No,1.7080858548482258,NW
2009,-0.14595199491992858,1.5772017529730036,0.31653170408647835,-0.9640468910291585,0.998659083627257,No,1.7477814621395533,NW
2009.0833333333335,-0.13605780898894668,1.5759893149548643,0.34754556346496335,-0.9640468910291585,0.998659083627257,No,1.787477069430881,NW
2009.1666666666667,-0.0872058025987312,1.5747768769367252,0.33960160238421455,-0.9640468910291585,0.998659083627257,No,1.8271726767222085,NW
2009.25,0.04015740978594356,1.5735644389185859,0.2531464353090065,-0.9640468910291585,0.998659083627257,No,1.866868284013536,NW
2009.3333333333335,0.0859740463744078,1.5723520009004466,0.24823784403000926,-0.9640468910291585,0.998659083627257,No,1.9065638913048637,NW
2009.4166666666667,0.08905487043011746,1.5711395628823073,0.2860650652837664,-0.9640468910291585,0.998659083627257,No,1.9462594985961912,NW
2009.5,0.02690249752491719,1.5699271248641682,0.18899384200453007,-0.9640468910291585,0.998659083627257,No,1.7858234643936155,NW
2009.5833333333335,0.11025854851271237,1.5687146868460289,0.03447334203129371,-0.9640468910291585,0.998659083627257,No,1.713446577390035,NW
2009.6666666666667,0.0875888416898199,1.5675022488278896,-0.014021400131255302,-0.9640468910291585,0.998659083627257,No,1.6410696903864541,NW
2009.75,0.02552140062184692,1.568440887756867,-0.025269484995840363,-0.9640468910291585,0.998659083627257,No,1.5686928033828735,NW
2009.8333333333335,0.01003200604649807,1.5693795266858441,0.01873419061055337,-0.9640468910291585,0.998659083627257,No,1.5981457233428955,NW
2009.9166666666667,-0.10627401137017771,1.5703181656148215,-0.34378868396876494,-0.9640468910291585,0.998659083627257,No,1.120255470275879,NW
2010,-0.14595199491992858,1.5712568045437987,-0.1699438486634819,-0.9640468910291585,0.998659083627257,No,1.2553609609603882,NW
2010.0833333333335,-0.13605780898894668,1.572195443472776,0.07665590647076037,-0.9640468910291585,0.998659083627257,No,1.5127935409545898,NW
2010.1666666666667,-0.0872058025987312,1.5731340824017532,0.2842978411457695,-0.9640468910291585,0.998659083627257,No,1.7702261209487915,NW
2010.25,0.04015740978594356,1.5740727213307306,0.4134285698263189,-0.9640468910291585,0.998659083627257,No,2.027658700942993,NW
2010.3333333333335,0.0859740463744078,1.575011360259708,-0.03629856943776577,-0.9640468910291585,0.998659083627257,No,1.62468683719635,NW
2010.4166666666667,0.08905487043011746,1.5759499991886852,0.3444253004404014,-0.9640468910291585,0.998659083627257,No,2.009430170059204,NW
2010.5,0.02690249752491719,1.5768886381176626,0.21413163533444046,-0.9640468910291585,0.998659083627257,No,1.8179227709770203,NW
2010.5833333333335,0.11025854851271237,1.5778272770466397,-0.06167045366451562,-0.9640468910291585,0.998659083627257,No,1.6264153718948364,NW
2010.6666666666667,0.0875888416898199,1.578765915975617,0.23754896509762458,-0.9640468910291585,0.998659083627257,No,1.9039037227630615,NW
2010.75,0.02552140062184692,1.5797045549045943,0.043424586375147234,-0.9640468910291585,0.998659083627257,No,1.6486505419015884,NW
2010.8333333333335,0.01003200604649807,1.5806431938335717,-0.1972778388399543,-0.9640468910291585,0.998659083627257,No,1.3933973610401154,NW
2010.9166666666667,-0.10627401137017771,1.5818986032626923,-0.33748041171387233,-0.9640468910291585,0.998659083627257,No,1.1381441801786423,NW
2011,-0.14595199491992858,1.5831540126918127,-0.5543110184547149,-0.9640468910291585,0.998659083627257,No,0.8828909993171692,NW
2011.0833333333335,-0.13605780898894668,1.5844094221209333,-0.4397823725619183,-0.9640468910291585,0.998659083627257,No,1.0085692405700684,NW
2011.1666666666667,-0.0872058025987312,1.5856648315500539,-0.18655000900427066,-0.9640468910291585,0.998659083627257,No,1.311909019947052,NW
2011.25,0.04015740978594356,1.5869202409791745,-0.011828851441082477,-0.9640468910291585,0.998659083627257,No,1.6152487993240356,NW
2011.3333333333335,0.0859740463744078,1.588175650408295,0.5366757464851197,-0.9640468910291585,0.998659083627257,No,2.2108254432678223,NW
2011.4166666666667,0.08905487043011746,1.5894310598374155,0.015912949737349802,-0.9640468910291585,0.998659083627257,No,1.6943988800048828,NW
2011.5,0.02690249752491719,1.5906864692665361,0.06608362028536963,-0.9640468910291585,0.998659083627257,No,1.683672587076823,NW
2011.5833333333335,0.11025854851271237,1.5919418786956565,-0.02925413305960589,-0.9640468910291585,0.998659083627257,No,1.672946294148763,NW
2011.6666666666667,0.0875888416898199,1.5931972881247771,-0.018566128593893838,-0.9640468910291585,0.998659083627257,No,1.6622200012207031,NW
2011.75,0.02552140062184692,1.5944526975538977,-0.09430750367043461,-0.9640468910291585,0.998659083627257,No,1.52566659450531,NW
2011.8333333333335,0.01003200604649807,1.5957081069830183,-0.16342799163821997,-0.9640468910291585,0.998659083627257,No,1.4423121213912964,NW
2011.9166666666667,-0.10627401137017771,1.5969635164121387,-0.13173185676467836,-0.9640468910291585,0.998659083627257,No,1.3589576482772827,NW
2012,-0.14595199491992858,1.5982189258412594,-0.1766637557580617,-0.9640468910291585,0.998659083627257,No,1.275603175163269,NW
2012.0833333333335,-0.13605780898894668,1.5978015618735932,-0.26949505083539127,-0.9640468910291585,0.998659083627257,No,1.1922487020492554,NW
2012.1666666666667,-0.0872058025987312,1.5973841979059271,-0.4012841663719542,-0.9640468910291585,0.998659083627257,No,1.1088942289352417,NW
2012.25,0.04015740978594356,1.596966833938261,-0.08129752014861258,-0.9640468910291585,0.998659083627257,No,1.555826723575592,NW
2012.3333333333335,0.0859740463744078,1.5965494699705949,0.32023570187093964,-0.9640468910291585,0.998659083627257,No,2.0027592182159424,NW
2012.4166666666667,0.08905487043011746,1.5961321060029288,-0.12083541774774353,-0.9640468910291585,0.998659083627257,No,1.5643515586853027,NW
2012.5,0.02690249752491719,1.5957147420352626,0.10142511645407182,-0.9640468910291585,0.998659083627257,No,1.7240423560142517,NW
2012.5833333333335,0.11025854851271237,1.5952973780675963,0.17817722676289227,-0.9640468910291585,0.998659083627257,No,1.883733153343201,NW
2012.6666666666667,0.0875888416898199,1.5948800140999302,-0.044958913735001715,-0.9640468910291585,0.998659083627257,No,1.6375099420547483,NW
2012.75,0.02552140062184692,1.594462650132264,-0.2728175125155856,-0.9640468910291585,0.998659083627257,No,1.3471665382385254,NW
2012.8333333333335,0.01003200604649807,1.594045286164598,-0.20798036064761272,-0.9640468910291585,0.998659083627257,No,1.3960969315634832,NW
2012.9166666666667,-0.10627401137017771,1.5936279221969318,-0.042326585938312844,-0.9640468910291585,0.998659083627257,No,1.4450273248884413,NW
2013,-0.14595199491992858,1.5932105582292657,0.04669915490406207,-0.9640468910291585,0.998659083627257,No,1.4939577182133992,NW
2013.0833333333335,-0.13605780898894668,1.5927931942615996,0.08615272626570425,-0.9640468910291585,0.998659083627257,No,1.5428881115383573,NW
2013.1666666666667,-0.0872058025987312,1.5923758302939335,0.08664847716811286,-0.9640468910291585,0.998659083627257,No,1.591818504863315,NW
2013.25,0.04015740978594356,1.5922180333643312,0.008373455037998356,-0.9640468910291585,0.998659083627257,No,1.6407488981882732,NW
2013.3333333333335,0.0859740463744078,1.5920602364347292,0.011645008704094018,-0.9640468910291585,0.998659083627257,No,1.689679291513231,NW
2013.4166666666667,0.08905487043011746,1.5919024395051269,0.0576523749029445,-0.9640468910291585,0.998659083627257,No,1.738609684838189,NW
2013.5,0.02690249752491719,1.5917446425755246,0.1688929380627051,-0.9640468910291585,0.998659083627257,No,1.787540078163147,NW
2013.5833333333335,0.11025854851271237,1.5915868456459223,0.196272744154659,-0.9640468910291585,0.998659083627257,No,1.8981181383132937,NW
2013.6666666666667,0.0875888416898199,1.5914290487163203,0.08084423451375122,-0.9640468910291585,0.998659083627257,No,1.7598621249198914,NW
2013.75,0.02552140062184692,1.591271251786718,0.004813459117924301,-0.9640468910291585,0.998659083627257,No,1.6216061115264893,NW
2013.8333333333335,0.01003200604649807,1.5911134548571157,-0.016452386677234365,-0.9640468910291585,0.998659083627257,No,1.5846930742263794,NW
2013.9166666666667,-0.10627401137017771,1.5909556579275137,0.17878366258573042,-0.9640468910291585,0.998659083627257,No,1.6634653091430665,NW
2014,-0.14595199491992858,1.5907978609979114,0.2973916779817707,-0.9640468910291585,0.998659083627257,No,1.7422375440597535,NW
2014.0833333333335,-0.13605780898894668,1.5906400640683092,0.3664275238970778,-0.9640468910291585,0.998659083627257,No,1.8210097789764403,NW
2014.1666666666667,-0.0872058025987312,1.5904822671387069,0.39650554935315174,-0.9640468910291585,0.998659083627257,No,1.8997820138931274,NW
2014.25,0.04015740978594356,1.5903244702091048,0.348072368814766,-0.9640468910291585,0.998659083627257,No,1.9785542488098145,NW
2014.3333333333335,0.0859740463744078,1.5901666732795026,-0.25223963856870535,-0.9640468910291585,0.998659083627257,No,1.423901081085205,NW
2014.4166666666667,0.08905487043011746,1.5908544441659631,0.0025936704045297354,-0.9640468910291585,0.998659083627257,No,1.6825029850006104,NW
2014.5,0.02690249752491719,1.5915422150524239,-0.16920939248609357,-0.9640468910291585,0.998659083627257,No,1.4492353200912476,NW
2014.5833333333335,0.11025854851271237,1.5922299859388844,0.29838097810638664,-0.9640468910291585,0.998659083627257,No,2.0008695125579834,NW
2014.6666666666667,0.0875888416898199,1.592917756825345,0.8505531434587121,-0.9640468910291585,0.998659083627257,No,2.531059741973877,NW
2014.75,0.02552140062184692,1.5936055277118055,0.7218717212635157,-0.9640468910291585,0.998659083627257,No,2.340998649597168,NW
2014.8333333333335,0.01003200604649807,1.5942932985982663,0.020954002720653397,-0.9640468910291585,0.998659083627257,No,1.6252793073654177,NW
2014.9166666666667,-0.10627401137017771,1.5949810694847268,-0.26280700413658287,-0.9640468910291585,0.998659083627257,No,1.2259000539779663,NW
2015,-0.14595199491992858,1.5956688403711874,-0.11923819710658301,-0.9640468910291585,0.998659083627257,No,1.3304786483446758,NW
2015.0833333333335,-0.13605780898894668,1.5963566112576482,-0.02524155955731633,-0.9640468910291585,0.998659083627257,No,1.4350572427113852,NW
2015.1666666666667,-0.0872058025987312,1.5970443821441087,0.029797257532717003,-0.9640468910291585,0.998659083627257,No,1.5396358370780945,NW
2015.25,0.04015740978594356,1.5977321530305693,0.006324868628291069,-0.9640468910291585,0.998659083627257,No,1.644214431444804,NW
2015.3333333333335,0.0859740463744078,1.5984199239170298,0.06439905552007574,-0.9640468910291585,0.998659083627257,No,1.7487930258115134,NW
2015.4166666666667,0.08905487043011746,1.5991076948034906,0.1652090549446148,-0.9640468910291585,0.998659083627257,No,1.8533716201782229,NW
2015.5,0.02690249752491719,1.5997954656899511,-0.18213052127456075,-0.9640468910291585,0.998659083627257,No,1.4445674419403076,NW
2015.5833333333335,0.11025854851271237,1.599203747090847,0.06833027737159947,-0.9640468910291585,0.998659083627257,No,1.7777925729751587,NW
2015.6666666666667,0.0875888416898199,1.5986120284917429,-0.20103050580167992,-0.9640468910291585,0.998659083627257,No,1.4851703643798828,NW
2015.75,0.02552140062184692,1.5980203098926387,-0.23362409843867993,-0.9640468910291585,0.998659083627257,No,1.3899176120758057,NW
2015.8333333333335,0.01003200604649807,1.5974285912935344,0.02767409962041678,-0.9640468910291585,0.998659083627257,No,1.6351346969604492,NW
2015.9166666666667,-0.10627401137017771,1.5968368726944302,-0.19887441909402792,-0.9640468910291585,0.998659083627257,No,1.2916884422302246,NW
2016,-0.14595199491992858,1.5962451540953262,-0.29865214793729966,-0.9640468910291585,0.998659083627257,No,1.151641011238098,NW
2016.0833333333335,-0.13605780898894668,1.595653435496222,-0.3241104542355471,-0.9640468910291585,0.998659083627257,No,1.1354851722717283,NW
2016.1666666666667,-0.0872058025987312,1.5950617168971177,-0.14111640280851856,-0.9640468910291585,0.998659083627257,No,1.366739511489868,NW
2016.25,0.04015740978594356,1.5944699982980137,-0.03663355737594953,-0.9640468910291585,0.998659083627257,No,1.5979938507080078,NW
2016.3333333333335,0.0859740463744078,1.5938782796989095,0.1493958638528301,-0.9640468910291585,0.998659083627257,No,1.8292481899261475,NW
2016.4166666666667,0.08905487043011746,1.5932865610998053,0.37816109761436434,-0.9640468910291585,0.998659083627257,No,2.060502529144287,NW
2016.5,0.02690249752491719,1.592694842500701,0.3000103191553407,-0.9640468910291585,0.998659083627257,No,1.919607659180959,NW
2016.5833333333335,0.11025854851271237,1.592103123901597,0.07635111680332174,-0.9640468910291585,0.998659083627257,No,1.778712789217631,NW
2016.6666666666667,0.0875888416898199,1.5915114053024928,-0.04128232773800966,-0.9640468910291585,0.998659083627257,No,1.637817919254303,NW
2016.75,0.02552140062184692,1.589995362395903,-0.11859371372677496,-0.9640468910291585,0.998659083627257,No,1.4969230492909749,NW
2016.8333333333335,0.01003200604649807,1.588479319489313,-0.24248314620816402,-0.9640468910291585,0.998659083627257,No,1.356028179327647,NW
2016.9166666666667,-0.10627401137017771,1.586963276582723,-0.26555595584822655,-0.9640468910291585,0.998659083627257,No,1.2151333093643188,NW
2017,-0.14595199491992858,1.5854472336761332,-0.32499108025934786,-0.9640468910291585,0.998659083627257,No,1.1145041584968567,NW
2017.0833333333335,-0.13605780898894668,1.5839311907695433,-0.4339983741512021,-0.9640468910291585,0.998659083627257,No,1.0138750076293945,NW
2017.1666666666667,-0.0872058025987312,1.5824151478629533,-0.5819634885022897,-0.9640468910291585,0.998659083627257,No,0.9132458567619324,NW
2017.25,0.04015740978594356,1.5808991049563634,0.09546951675183357,-0.9640468910291585,0.998659083627257,No,1.7165260314941406,NW
2017.3333333333335,0.0859740463744078,1.5793830620497735,-0.11535226852702563,-0.9640468910291585,0.998659083627257,No,1.5500048398971558,NW
2017.4166666666667,0.08905487043011746,1.5778670191431836,-0.011452591210569185,-0.9640468910291585,0.998659083627257,No,1.655469298362732,NW
2017.5,0.02690249752491719,1.5763509762365937,0.0661202860950798,-0.9640468910291585,0.998659083627257,No,1.6693737598565908,NW
2017.5833333333335,0.11025854851271237,1.5748349333300038,-0.001815260492266324,-0.9640468910291585,0.998659083627257,No,1.6832782213504498,NW
2017.6666666666667,0.0875888416898199,1.5733188904234139,0.036274950731074895,-0.9640468910291585,0.998659083627257,No,1.6971826828443086,NW
2017.75,0.02552140062184692,1.571802847516824,0.11376289619949675,-0.9640468910291585,0.998659083627257,No,1.7110871443381677,NW
2017.8333333333335,0.01003200604649807,1.570286804610234,0.1446727951752944,-0.9640468910291585,0.998659083627257,No,1.7249916058320265,NW
2017.9166666666667,-0.10627401137017771,1.5695114325082216,0.27565864618784164,-0.9640468910291585,0.998659083627257,No,1.7388960673258855,NW
2018,-0.14595199491992858,1.5687360604062093,0.3300164633334637,-0.9640468910291585,0.998659083627257,No,1.7528005288197444,NW
2018.0833333333335,-0.13605780898894668,1.5679606883041968,0.3348021109983532,-0.9640468910291585,0.998659083627257,No,1.7667049903136034,NW
2018.1666666666667,-0.0872058025987312,1.5671853162021845,0.30062993820400896,-0.9640468910291585,0.998659083627257,No,1.7806094518074622,NW
2018.25,0.04015740978594356,1.566409944100172,0.18794655941520566,-0.9640468910291585,0.998659083627257,No,1.7945139133013213,NW
2018.3333333333335,0.0859740463744078,1.5656345719981597,0.15680975642261252,-0.9640468910291585,0.998659083627257,No,1.80841837479518,NW
2018.4166666666667,0.08905487043011746,1.5648591998961472,0.16840876596277443,-0.9640468910291585,0.998659083627257,No,1.8223228362890391,NW
2018.5,0.02690249752491719,1.5640838277941347,0.24524097246384602,-0.9640468910291585,0.998659083627257,No,1.836227297782898,NW
2018.5833333333335,0.11025854851271237,1.5633084556921224,0.1309531358867435,-0.9640468910291585,0.998659083627257,No,1.8045201400915782,NW
2018.6666666666667,0.0875888416898199,1.56253308359011,0.12269105712032857,-0.9640468910291585,0.998659083627257,No,1.7728129824002583,NW
2018.75,0.02552140062184692,1.5617577114880976,0.15382671259899405,-0.9640468910291585,0.998659083627257,No,1.7411058247089386,NW
2018.8333333333335,0.01003200604649807,1.560982339386085,0.13838432158503555,-0.9640468910291585,0.998659083627257,No,1.7093986670176187,NW
2018.9166666666667,-0.10627401137017771,1.5602069672840728,0.2237585534124038,-0.9640468910291585,0.998659083627257,No,1.677691509326299,NW
2019,-0.14595199491992858,1.5594315951820603,0.23250475137284754,-0.9640468910291585,0.998659083627257,No,1.6459843516349792,NW
2019.0833333333335,-0.13605780898894668,1.5588296602478275,0.19150534268477837,-0.9640468910291585,0.998659083627257,No,1.6142771939436593,NW
2019.1666666666667,-0.0872058025987312,1.5582277253135948,0.11154811353747607,-0.9640468910291585,0.998659083627257,No,1.5825700362523396,NW
2019.25,0.04015740978594356,1.557625790379362,-0.04692032160428594,-0.9640468910291585,0.998659083627257,No,1.5508628785610197,NW
2019.3333333333335,0.0859740463744078,1.5570238554451294,-0.12384218094983734,-0.9640468910291585,0.998659083627257,No,1.5191557208697,NW
2019.4166666666667,0.08905487043011746,1.5564219205108967,-0.15802822776263414,-0.9640468910291585,0.998659083627257,No,1.48744856317838,NW
2019.5,0.02690249752491719,1.555819985576664,-0.12698107761452082,-0.9640468910291585,0.998659083627257,No,1.4557414054870603,NW
2019.5833333333335,0.11025854851271237,1.5552180506424311,-0.2853133127416785,-0.9640468910291585,0.998659083627257,No,1.380163286413465,NW
2019.6666666666667,0.0875888416898199,1.5546161157081984,-0.33761979005814857,-0.9640468910291585,0.998659083627257,No,1.3045851673398696,NW
2019.75,0.02552140062184692,1.5540141807739656,-0.350528533129538,-0.9640468910291585,0.998659083627257,No,1.2290070482662745,NW
2019.8333333333335,0.01003200604649807,1.5534122458397328,-0.4100153226935517,-0.9640468910291585,0.998659083627257,No,1.1534289291926791,NW
2019.9166666666667,-0.10627401137017771,1.5528103109055003,-0.3686854894162388,-0.9640468910291585,0.998659083627257,No,1.0778508101190838,NW
2020,-0.14595199491992858,1.5522083759712675,-0.40398369000585044,-0.9640468910291585,0.998659083627257,No,1.0022726910454884,NW
2020.0833333333335,-0.13605780898894668,1.5516064410370347,-0.4888540600761948,-0.9640468910291585,0.998659083627257,No,0.9266945719718932,NW
2020.1666666666667,-0.0872058025987312,1.551004506102802,-0.5675565617804379,-0.9640468910291585,0.998659083627257,No,0.8962421417236328,NW
2020.25,0.04015740978594356,1.5480438465595106,-0.14926013524407478,-0.9640468910291585,0.998659083627257,No,1.4389411211013794,NW
2020.3333333333335,0.0859740463744078,1.545083187016219,0.3505828670884992,-0.9640468910291585,0.998659083627257,No,1.981640100479126,NW
2020.4166666666667,0.08905487043011746,1.5421225274729276,0.4062760151065985,-0.9640468910291585,0.998659083627257,No,2.0374534130096436,NW
2020.5,0.02690249752491719,1.539161867929636,0.3500862640658631,-0.9640468910291585,0.998659083627257,No,1.9161506295204163,NW
2020.5833333333335,0.11025854851271237,1.5362012083863446,0.14838808913213208,-0.9640468910291585,0.998659083627257,No,1.794847846031189,NW
2020.6666666666667,0.0875888416898199,1.533240548843053,-0.15989534760226976,-0.9640468910291585,0.998659083627257,No,1.460934042930603,NW
2020.75,0.02552140062184692,1.5302798892997616,-0.17893018091281943,-0.9640468910291585,0.998659083627257,No,1.376871109008789,NW
2020.8333333333335,0.01003200604649807,1.5273192297564702,-0.24454306071599308,-0.9640468910291585,0.998659083627257,No,1.292808175086975,NW
2020.9166666666667,-0.10627401137017771,1.5243585702131786,-0.20933931767783975,-0.9640468910291585,0.998659083627257,No,1.2087452411651611,NW
2021,-0.14595199491992858,1.5213979106698872,-0.06573740988104682,-0.9640468910291585,0.998659083627257,No,1.3097085058689117,NW
2021.0833333333335,-0.13605780898894668,1.5184372511265956,0.028292328435013392,-0.9640468910291585,0.998659083627257,No,1.4106717705726624,NW
2021.1666666666667,-0.0872058025987312,1.5154765915833042,0.08336424629184003,-0.9640468910291585,0.998659083627257,No,1.511635035276413,NW
2021.25,0.04015740978594356,1.5125159320400126,0.0599249581542074,-0.9640468910291585,0.998659083627257,No,1.6125982999801636,NW
2021.3333333333335,0.0859740463744078,1.5095552724967212,-0.20795536142789173,-0.9640468910291585,0.998659083627257,No,1.3875739574432373,NW
2021.4166666666667,0.08905487043011746,1.5058782724712545,-0.17697345280737786,-0.9640468910291585,0.998659083627257,No,1.4179596900939941,NW
2021.5,0.02690249752491719,1.5022012724457878,-0.0807583472259541,-0.9640468910291585,0.998659083627257,No,1.448345422744751,NW
2021.5833333333335,0.11025854851271237,1.4985242724203212,-0.13005166553752567,-0.9640468910291585,0.998659083627257,No,1.4787311553955078,NW
2021.6666666666667,0.0875888416898199,1.4948472723948545,0.456657618749188,-0.9640468910291585,0.998659083627257,No,2.0390937328338623,NW
2021.75,0.02552140062184692,1.4911702723693878,0.4676994202628546,-0.9640468910291585,0.998659083627257,No,1.9843910932540894,NW
2021.8333333333335,0.01003200604649807,1.4874932723439211,0.43216317528389725,-0.9640468910291585,0.998659083627257,No,1.9296884536743164,NW
2021.9166666666667,-0.10627401137017771,1.4838162723184545,0.49744355314626665,-0.9640468910291585,0.998659083627257,No,1.8749858140945435,NW
2022,-0.14595199491992858,1.4801392722929878,0.4860958971417113,-0.9640468910291585,0.998659083627257,No,1.8202831745147705,NW
2022.0833333333335,-0.13605780898894668,1.4764622722675211,0.425176071656423,-0.9640468910291585,0.998659083627257,No,1.7655805349349976,NW
2022.1666666666667,-0.0872058025987312,1.4727852722420545,0.3252984257119014,-0.9640468910291585,0.998659083627257,No,1.7108778953552246,NW
2022.25,0.04015740978594356,1.4691082722165878,0.14690957377292024,-0.9640468910291585,0.998659083627257,No,1.6561752557754517,NW
2022.3333333333335,0.0859740463744078,1.4654312721911211,0.05006729763014972,-0.9640468910291585,0.998659083627257,No,1.6014726161956787,NW
2022.4166666666667,0.08905487043011746,1.4617542721656545,-0.004039165979866199,-0.9640468910291585,0.998659083627257,No,1.5467699766159058,NW
2022.5,0.02690249752491719,1.4580772721401878,-0.15749551959644048,-0.9640468910291585,0.998659083627257,No,1.3274842500686646,NW
2022.5833333333335,0.11025854851271237,1.4544664566136745,0.21654716780146965,-0.9640468910291585,0.998659083627257,No,1.7812721729278564,NW
2022.6666666666667,0.0875888416898199,1.4508556410871611,0.513524568584103,-0.9640468910291585,0.998659083627257,No,2.051969051361084,NW
2022.75,0.02552140062184692,1.4472448255606478,-0.17477173174432337,-0.9640468910291585,0.998659083627257,No,1.2979944944381714,NW
2022.8333333333335,0.01003200604649807,1.4436340100341343,0.009308413049921915,-0.9640468910291585,0.998659083627257,No,1.4629744291305542,NW
2022.9166666666667,-0.10627401137017771,1.440023194507621,0.11370097784278133,-0.9640468910291585,0.998659083627257,No,1.4474501609802246,NW
2023,-0.14595199491992858,1.4364123789811076,0.1417970298029565,-0.9640468910291585,0.998659083627257,No,1.4322574138641355,NW
2023.0833333333335,-0.13605780898894668,1.4328015634545943,-0.3697288075280867,-0.9640468910291585,0.998659083627257,No,0.9270149469375609,NW
2023.1666666666667,-0.0872058025987312,1.429190747928081,-0.20544441321722817,-0.9640468910291585,0.998659083627257,No,1.1365405321121216,NW
2023.25,0.04015740978594356,1.4255799324015677,0.30805945461119477,-0.9640468910291585,0.998659083627257,No,1.773796796798706,NW
2023.3333333333335,0.0859740463744078,1.4219691168750543,0.48706733193638985,-0.9640468910291585,0.998659083627257,No,1.995010495185852,NW
2023.4166666666667,0.08905487043011746,1.4183583013485408,0.1974283227815834,-0.9640468910291585,0.998659083627257,No,1.7048414945602417,NW
2023.5,0.02690249752491719,1.4147474858220275,-0.25941664975929823,-0.9640468910291585,0.998659083627257,No,1.1822333335876465,NW
2023.5833333333335,0.11025854851271237,1.4111366702955142,0.09392868236822616,-0.9640468910291585,0.998659083627257,No,1.6153239011764526,NW
2023.6666666666667,0.0875888416898199,1.4075258547690008,0.5532997723064381,-0.9640468910291585,0.998659083627257,No,2.048414468765259,NW
2023.75,0.02552140062184692,1.40383334025684,1.2640613777431395,-0.9640468910291585,0.998659083627257,Yes,2.693416118621826,NW
2023.8333333333335,0.01003200604649807,1.4001408257446788,0.27450202725575923,-0.9640468910291585,0.998659083627257,No,1.684674859046936,NW
2023.9166666666667,-0.10627401137017771,1.396448311232518,-0.1461139265560658,-0.9640468910291585,0.998659083627257,No,1.1440603733062744,NW
2024,-0.14595199491992858,1.3927557967203568,-0.19147376372974945,-0.9640468910291585,0.998659083627257,No,1.0553300380706787,NW
2024.0833333333335,-0.13605780898894668,1.3890632822081959,0.41443935195317505,-0.9640468910291585,0.998659083627257,No,1.6674448251724243,NW
2024.1666666666667,-0.0872058025987312,1.3853707676960347,-0.2842984213274671,-0.9640468910291585,0.998659083627257,No,1.0138665437698364,NW
2024.25,0.04015740978594356,1.3816782531838738,0.12039553915573165,-0.9640468910291585,0.998659083627257,No,1.542231202125549,NW
2024.3333333333335,0.0859740463744078,1.377985738671713,0.0654072644889947,-0.9640468910291585,0.998659083627257,No,1.5293670495351155,NW
2024.4166666666667,0.08905487043011746,1.3742932241595518,0.053154802355012354,-0.9640468910291585,0.998659083627257,No,1.5165028969446817,NW
2024.5,0.02690249752491719,1.370600709647391,0.10613553718193991,-0.9640468910291585,0.998659083627257,No,1.503638744354248,NW
2024.5833333333335,0.11025854851271237,1.3669081951352298,0.013607848115872123,-0.9640468910291585,0.998659083627257,No,1.4907745917638142,NW
2024.6666666666667,0.0875888416898199,1.3632156806230689,0.027105916860491686,-0.9640468910291585,0.998659083627257,No,1.4779104391733804,NW
2024.75,0.02552140062184692,1.3595231661109077,0.08000171985019211,-0.9640468910291585,0.998659083627257,No,1.4650462865829468,NW
2024.8333333333335,0.01003200604649807,1.3558306515987468,-0.005217721083660365,-0.9640468910291585,0.998659083627257,No,1.3606449365615845,NW
2024.9166666666667,-0.10627401137017771,1.3519075854222211,0.017356781439594737,-0.9640468910291585,0.998659083627257,No,1.2629903554916382,NW
2025,-0.14595199491992858,1.3479845192456954,-0.262476640918174,-0.9640468910291585,0.998659083627257,No,0.9395558834075928,NW
2025.0833333333335,-0.13605780898894668,1.3440614530691697,-0.26520169171816255,-0.9640468910291585,0.998659083627257,No,0.9428019523620604,NW
2025.1666666666667,-0.0872058025987312,1.3401383868926438,-0.3246154546819435,-0.9640468910291585,0.998659083627257,No,0.928317129611969,NW
2025.25,0.04015740978594356,1.336215320716118,0.22932835840327281,-0.9640468910291585,0.998659083627257,No,1.6057010889053345,NW
2025.3333333333335,0.0859740463744078,1.3322922545395923,0.1402710630920423,-0.9640468910291585,0.998659083627257,No,1.5585373640060425,NW
2025.4166666666667,0.08905487043011746,1.3283691883630666,-0.2209204195719927,-0.9640468910291585,0.998659083627257,No,1.1965036392211914,NW
2025.5,0.02690249752491719,1.324446122186541,-0.3573434164643876,-0.9640468910291585,0.998659083627257,No,0.9940052032470705,NW
2025.5833333333335,0.11025854851271237,1.3205230560100152,-0.36985612081911423,-0.9640468910291585,0.998659083627257,No,1.0609254837036133,NW
2025.6666666666667,0.0875888416898199,1.3165999898334892,-0.27634306736315284,-0.9640468910291585,0.998659083627257,No,1.1278457641601562,NW
2025.75,0.02552140062184692,1.3126769236569635,-0.14343227966211125,-0.9640468910291585,0.998659083627257,No,1.1947660446166992,NW
2025.8333333333335,0.01003200604649807,1.3087538574804378,-0.05709953845369364,-0.9640468910291585,0.998659083627257,No,1.2616863250732422,NW
2025.9166666666667,-0.10627401137017771,1.304830791303912,0.06312954513950775,-0.9640468910291585,0.998659083627257,No,1.2616863250732422,NW
1981.6666666666667,0.10229187097328164,1.4348465841337317,0.1715545723893246,-0.9492129290767265,0.9713466923223387,No,1.708693027496338,SW
1981.75,0.14232776459522753,1.4353129067866446,0.13105235611446586,-0.9492129290767265,0.9713466923223387,No,1.708693027496338,SW
1981.8333333333335,0.10033950458087845,1.4357792294395577,0.1725742934759018,-0.9492129290767265,0.9713466923223387,No,1.708693027496338,SW
1981.9166666666667,-0.029114625740054845,1.4362455520924708,0.29813745667370695,-0.9492129290767265,0.9713466923223387,No,1.705268383026123,SW
1982,-0.09131007862182623,1.4367118747453838,0.3234726186383037,-0.9492129290767265,0.9713466923223387,No,1.6688744147618613,SW
1982.0833333333335,-0.10861721790154102,1.4371781973982967,0.3039194670008436,-0.9492129290767265,0.9713466923223387,No,1.6324804464975993,SW
1982.1666666666667,-0.12818681863636694,1.4376445200512098,0.28662877681849475,-0.9492129290767265,0.9713466923223387,No,1.5960864782333375,SW
1982.25,-0.057036894275934,1.438110842704123,0.17861856154088662,-0.9492129290767265,0.9713466923223387,No,1.5596925099690755,SW
1982.3333333333335,-0.04577269395622786,1.4385771653570358,0.13049407030400584,-0.9492129290767265,0.9713466923223387,No,1.5232985417048137,SW
1982.4166666666667,0.02190900452410119,1.4390434880099487,0.025952080906501696,-0.9492129290767265,0.9713466923223387,No,1.4869045734405517,SW
1982.5,-0.010719177402023987,1.4395098106628619,0.02171997191545194,-0.9492129290767265,0.9713466923223387,No,1.45051060517629,SW
1982.5833333333335,0.10388936664647114,1.439976133315775,-0.12974886305021816,-0.9492129290767265,0.9713466923223387,No,1.414116636912028,SW
1982.6666666666667,0.10229187097328164,1.440442455968688,-0.1650116582942034,-0.9492129290767265,0.9713466923223387,No,1.3777226686477662,SW
1982.75,0.14232776459522753,1.4409087786216008,-0.24190784283332412,-0.9492129290767265,0.9713466923223387,No,1.3413287003835042,SW
1982.8333333333335,0.10033950458087845,1.441375101274514,-0.23677987373614995,-0.9492129290767265,0.9713466923223387,No,1.3049347321192424,SW
1982.9166666666667,-0.029114625740054845,1.4419031369328352,-0.1442477473378001,-0.9492129290767265,0.9713466923223387,No,1.2685407638549804,SW
1983,-0.09131007862182623,1.4424311725911565,-0.11897429837861173,-0.9492129290767265,0.9713466923223387,No,1.2321467955907186,SW
1983.0833333333335,-0.10861721790154102,1.4429592082494778,-0.13858916302148017,-0.9492129290767265,0.9713466923223387,No,1.1957528273264566,SW
1983.1666666666667,-0.12818681863636694,1.4434872439077988,-0.15594156620923694,-0.9492129290767265,0.9713466923223387,No,1.1593588590621948,SW
1983.25,-0.057036894275934,1.44401527956612,-0.25220590575603685,-0.9492129290767265,0.9713466923223387,No,1.1347724795341492,SW
1983.3333333333335,-0.04577269395622786,1.4445433152244413,-0.28858452126210987,-0.9492129290767265,0.9713466923223387,No,1.1101861000061035,SW
1983.4166666666667,0.02190900452410119,1.4450713508827626,-0.38138063492880603,-0.9492129290767265,0.9713466923223387,No,1.0855997204780579,SW
1983.5,-0.010719177402023987,1.4455993865410839,-0.3738668681890478,-0.9492129290767265,0.9713466923223387,No,1.0610133409500122,SW
1983.5833333333335,0.10388936664647114,1.4461274221994052,-0.3144669812973533,-0.9492129290767265,0.9713466923223387,No,1.235549807548523,SW
1983.6666666666667,0.10229187097328164,1.4466554578577264,-0.13886105468397436,-0.9492129290767265,0.9713466923223387,No,1.4100862741470337,SW
1983.75,0.14232776459522753,1.4471834935160475,-0.0048885173657304826,-0.9492129290767265,0.9713466923223387,No,1.5846227407455444,SW
1983.8333333333335,0.10033950458087845,1.4477115291743687,0.21110817358880807,-0.9492129290767265,0.9713466923223387,No,1.7591592073440552,SW
1983.9166666666667,-0.029114625740054845,1.44823956483269,0.13939561640358056,-0.9492129290767265,0.9713466923223387,No,1.5585205554962158,SW
1984,-0.09131007862182623,1.4487676004910113,0.18906342654084907,-0.9492129290767265,0.9713466923223387,No,1.5465209484100342,SW
1984.0833333333335,-0.10861721790154102,1.449308671003025,0.19382988822236857,-0.9492129290767265,0.9713466923223387,No,1.5345213413238525,SW
1984.1666666666667,-0.12818681863636694,1.4498497415150386,0.2008588113589993,-0.9492129290767265,0.9713466923223387,No,1.522521734237671,SW
1984.25,-0.057036894275934,1.4503908120270523,0.11716820940037098,-0.9492129290767265,0.9713466923223387,No,1.5105221271514893,SW
1984.3333333333335,-0.04577269395622786,1.450931882539066,0.09336333148246956,-0.9492129290767265,0.9713466923223387,No,1.4985225200653076,SW
1984.4166666666667,0.02190900452410119,1.4514729530510797,0.013140955403944998,-0.9492129290767265,0.9713466923223387,No,1.486522912979126,SW
1984.5,-0.010719177402023987,1.4520140235630934,0.033228459731874826,-0.9492129290767265,0.9713466923223387,No,1.4745233058929443,SW
1984.5833333333335,0.10388936664647114,1.452555094075107,-0.09392076191481546,-0.9492129290767265,0.9713466923223387,No,1.4625236988067627,SW
1984.6666666666667,0.10229187097328164,1.4530961645871205,-0.10486394383982112,-0.9492129290767265,0.9713466923223387,No,1.450524091720581,SW
1984.75,0.14232776459522753,1.4536372350991342,-0.15744051505996226,-0.9492129290767265,0.9713466923223387,No,1.4385244846343994,SW
1984.8333333333335,0.10033950458087845,1.454178305611148,-0.1279929326438085,-0.9492129290767265,0.9713466923223387,No,1.4265248775482178,SW
1984.9166666666667,-0.029114625740054845,1.4547193761231616,-0.011079479921070723,-0.9492129290767265,0.9713466923223387,No,1.4145252704620361,SW
1985,-0.09131007862182623,1.4552604466351753,0.03857529536250537,-0.9492129290767265,0.9713466923223387,No,1.4025256633758545,SW
1985.0833333333335,-0.10861721790154102,1.455801517147189,0.043341757044024876,-0.9492129290767265,0.9713466923223387,No,1.3905260562896729,SW
1985.1666666666667,-0.12818681863636694,1.4563425876592027,0.0503706801806556,-0.9492129290767265,0.9713466923223387,No,1.3785264492034912,SW
1985.25,-0.057036894275934,1.4570250885293325,-0.03346135213608892,-0.9492129290767265,0.9713466923223387,No,1.3665268421173096,SW
1985.3333333333335,-0.04577269395622786,1.4577075893994624,-0.05740766041210654,-0.9492129290767265,0.9713466923223387,No,1.354527235031128,SW
1985.4166666666667,0.02190900452410119,1.4583900902695925,-0.13777146684874753,-0.9492129290767265,0.9713466923223387,No,1.3425276279449463,SW
1985.5,-0.010719177402023987,1.4590725911397224,-0.1178253928789339,-0.9492129290767265,0.9713466923223387,No,1.3305280208587646,SW
1985.5833333333335,0.10388936664647114,1.4597550920098523,-0.14483305792491885,-0.9492129290767265,0.9713466923223387,No,1.4188114007314045,SW
1985.6666666666667,0.10229187097328164,1.4604375928799822,-0.05563468324921916,-0.9492129290767265,0.9713466923223387,No,1.5070947806040447,SW
1985.75,0.14232776459522753,1.4611200937501123,-0.00806969786865519,-0.9492129290767265,0.9713466923223387,No,1.5953781604766846,SW
1985.8333333333335,0.10033950458087845,1.4618025946202422,0.018709206413697554,-0.9492129290767265,0.9713466923223387,No,1.5808513056148181,SW
1985.9166666666667,-0.029114625740054845,1.462485095490372,0.13295398100263456,-0.9492129290767265,0.9713466923223387,No,1.566324450752952,SW
1986,-0.09131007862182623,1.463167596360502,0.17994007815240964,-0.9492129290767265,0.9713466923223387,No,1.5517975958910855,SW
1986.0833333333335,-0.10861721790154102,1.4638500972306319,0.18203786170012837,-0.9492129290767265,0.9713466923223387,No,1.5372707410292192,SW
1986.1666666666667,-0.12818681863636694,1.464532598100762,0.18639810670295764,-0.9492129290767265,0.9713466923223387,No,1.5227438861673526,SW
1986.25,-0.057036894275934,1.4652150989708919,0.10003882661052876,-0.9492129290767265,0.9713466923223387,No,1.5082170313054866,SW
1986.3333333333335,-0.04577269395622786,1.4658975998410217,0.07356527055882633,-0.9492129290767265,0.9713466923223387,No,1.4936901764436201,SW
1986.4166666666667,0.02190900452410119,1.4675841965549061,-0.010329879497253502,-0.9492129290767265,0.9713466923223387,No,1.479163321581754,SW
1986.5,-0.010719177402023987,1.4692707932687903,0.006084850853121049,-0.9492129290767265,0.9713466923223387,No,1.4646364667198875,SW
1986.5833333333335,0.10388936664647114,1.4709573899826747,-0.12473714477112452,-0.9492129290767265,0.9713466923223387,No,1.4501096118580212,SW
1986.6666666666667,0.10229187097328164,1.4726439866965588,-0.13935310067368567,-0.9492129290767265,0.9713466923223387,No,1.4355827569961548,SW
1986.75,0.14232776459522753,1.4743305834104432,-0.2128644169982854,-0.9492129290767265,0.9713466923223387,No,1.4037939310073853,SW
1986.8333333333335,0.10033950458087845,1.4760171801243274,-0.23051212980408264,-0.9492129290767265,0.9713466923223387,No,1.345844554901123,SW
1986.9166666666667,-0.029114625740054845,1.4777037768382117,-0.16069397230329607,-0.9492129290767265,0.9713466923223387,No,1.287895178794861,SW
1987,-0.09131007862182623,1.4793903735520961,-0.15813449224167142,-0.9492129290767265,0.9713466923223387,No,1.2299458026885985,SW
1987.0833333333335,-0.10861721790154102,1.4810769702659803,-0.2004633257821029,-0.9492129290767265,0.9713466923223387,No,1.1719964265823364,SW
1987.1666666666667,-0.12818681863636694,1.4827635669798647,-0.2405296978674234,-0.9492129290767265,0.9713466923223387,No,1.1140470504760742,SW
1987.25,-0.057036894275934,1.4844501636937488,-0.18314455403619245,-0.9492129290767265,0.9713466923223387,No,1.2442687153816223,SW
1987.3333333333335,-0.04577269395622786,1.4861367604076332,-0.06587368616423483,-0.9492129290767265,0.9713466923223387,No,1.3744903802871704,SW
1987.4166666666667,0.02190900452410119,1.4878233571215174,-0.008709983042001213,-0.9492129290767265,0.9713466923223387,No,1.5010223786036174,SW
1987.5,-0.010719177402023987,1.4895099538354017,0.14876360048668635,-0.9492129290767265,0.9713466923223387,No,1.6275543769200642,SW
1987.5833333333335,0.10388936664647114,1.492608640649168,0.15758836794087205,-0.9492129290767265,0.9713466923223387,No,1.7540863752365112,SW
1987.6666666666667,0.10229187097328164,1.4957073274629344,0.27688230752997023,-0.9492129290767265,0.9713466923223387,No,1.8748815059661863,SW
1987.75,0.14232776459522753,1.4988060142767008,0.07738233250197313,-0.9492129290767265,0.9713466923223387,No,1.7185161113739014,SW
1987.8333333333335,0.10033950458087845,1.5019047010904671,0.10352745146542497,-0.9492129290767265,0.9713466923223387,No,1.7057716571367705,SW
1987.9166666666667,-0.029114625740054845,1.5050033879042335,0.21713844073546062,-0.9492129290767265,0.9713466923223387,No,1.6930272028996394,SW
1988,-0.09131007862182623,1.5081020747179998,0.2634907525663348,-0.9492129290767265,0.9713466923223387,No,1.6802827486625085,SW
1988.0833333333335,-0.10861721790154102,1.5112007615317662,0.2649547507951522,-0.9492129290767265,0.9713466923223387,No,1.6675382944253774,SW
1988.1666666666667,-0.12818681863636694,1.5142994483455325,0.2686812104790808,-0.9492129290767265,0.9713466923223387,No,1.6547938401882463,SW
1988.25,-0.057036894275934,1.5173981351592989,0.18168814506775077,-0.9492129290767265,0.9713466923223387,No,1.6420493859511156,SW
1988.3333333333335,-0.04577269395622786,1.5204968219730652,0.15458080369714722,-0.9492129290767265,0.9713466923223387,No,1.6293049317139845,SW
1988.4166666666667,0.02190900452410119,1.5235955087868316,0.07105596416592075,-0.9492129290767265,0.9713466923223387,No,1.6165604774768536,SW
1988.5,-0.010719177402023987,1.526694195600598,0.08784100504114867,-0.9492129290767265,0.9713466923223387,No,1.6038160232397227,SW
1988.5833333333335,0.10388936664647114,1.5297928824143643,-0.042610680058243755,-0.9492129290767265,0.9713466923223387,No,1.5910715690025916,SW
1988.6666666666667,0.10229187097328164,1.5328915692281306,-0.05685632543595154,-0.9492129290767265,0.9713466923223387,No,1.5783271147654607,SW
1988.75,0.14232776459522753,1.5354969638317162,-0.11224206789861402,-0.9492129290767265,0.9713466923223387,No,1.5655826605283296,SW
1988.8333333333335,0.10033950458087845,1.5381023584353017,-0.08560365672498138,-0.9492129290767265,0.9713466923223387,No,1.5528382062911987,SW
1988.9166666666667,-0.029114625740054845,1.5407077530388873,-0.1675697803978926,-0.9492129290767265,0.9713466923223387,No,1.34402334690094,SW
1989,-0.09131007862182623,1.5433131476424728,-0.31283358464373934,-0.9492129290767265,0.9713466923223387,No,1.1391694843769073,SW
1989.0833333333335,-0.10861721790154102,1.5459185422460584,-0.50298570249164265,-0.9492129290767265,0.9713466923223387,No,0.9343156218528748,SW
1989.1666666666667,-0.12818681863636694,1.548523936849644,-0.35630968958626275,-0.9492129290767265,0.9713466923223387,No,1.0640274286270142,SW
1989.25,-0.057036894275934,1.5511293314532293,-0.30035320177614167,-0.9492129290767265,0.9713466923223387,No,1.1937392354011536,SW
1989.3333333333335,-0.04577269395622786,1.5537347260568148,-0.1845109899252939,-0.9492129290767265,0.9713466923223387,No,1.323451042175293,SW
1989.4166666666667,0.02190900452410119,1.5563401206604004,-0.3594752833265915,-0.9492129290767265,0.9713466923223387,No,1.2187738418579102,SW
1989.5,-0.010719177402023987,1.558945515263986,0.03490735964780356,-0.9492129290767265,0.9713466923223387,No,1.5831336975097656,SW
1989.5833333333335,0.10388936664647114,1.5615509098675715,0.3967197385921586,-0.9492129290767265,0.9713466923223387,No,2.062160015106201,SW
1989.6666666666667,0.10229187097328164,1.564156304471157,0.20888620661275126,-0.9492129290767265,0.9713466923223387,No,1.87533438205719,SW
1989.75,0.14232776459522753,1.5667616990747426,-0.020580714661791344,-0.9492129290767265,0.9713466923223387,No,1.6885087490081787,SW
1989.8333333333335,0.10033950458087845,1.5693670936783282,0.11724875833869386,-0.9492129290767265,0.9713466923223387,No,1.7869553565979004,SW
1989.9166666666667,-0.029114625740054845,1.5698702210905804,-0.45079990782763746,-0.9492129290767265,0.9713466923223387,No,1.0899556875228882,SW
1990,-0.09131007862182623,1.5703733485028328,-0.5051381562030282,-0.9492129290767265,0.9713466923223387,No,0.9739251136779784,SW
1990.0833333333335,-0.10861721790154102,1.5708764759150853,-0.4103568446453192,-0.9492129290767265,0.9713466923223387,No,1.051902413368225,SW
1990.1666666666667,-0.12818681863636694,1.5713796033273375,-0.46329761018764404,-0.9492129290767265,0.9713466923223387,No,0.9798951745033265,SW
1990.25,-0.057036894275934,1.5718827307395897,-0.33896144062587186,-0.9492129290767265,0.9713466923223387,No,1.1758843958377838,SW
1990.3333333333335,-0.04577269395622786,1.5723858581518422,-0.154739547023373,-0.9492129290767265,0.9713466923223387,No,1.3718736171722412,SW
1990.4166666666667,0.02190900452410119,1.5728889855640946,-0.08216544127914438,-0.9492129290767265,0.9713466923223387,No,1.5126325488090515,SW
1990.5,-0.010719177402023987,1.5733921129763468,0.09071854487153885,-0.9492129290767265,0.9713466923223387,No,1.6533914804458618,SW
1990.5833333333335,0.10388936664647114,1.573895240388599,-0.11015205107346127,-0.9492129290767265,0.9713466923223387,No,1.5676325559616089,SW
1990.6666666666667,0.10229187097328164,1.5743983678008515,-0.1474310339096312,-0.9492129290767265,0.9713466923223387,No,1.529259204864502,SW
1990.75,0.14232776459522753,1.574901495213104,-0.06816746075895397,-0.9492129290767265,0.9713466923223387,No,1.6490617990493774,SW
1990.8333333333335,0.10033950458087845,1.5754046226253562,0.02140005929050015,-0.9492129290767265,0.9713466923223387,No,1.6971441864967347,SW
1990.9166666666667,-0.029114625740054845,1.5759077500376084,0.19843344964653808,-0.9492129290767265,0.9713466923223387,No,1.7452265739440918,SW
1991,-0.09131007862182623,1.5764108774498609,0.3082081625634143,-0.9492129290767265,0.9713466923223387,No,1.793308961391449,SW
1991.0833333333335,-0.10861721790154102,1.5751355911431992,0.37487297559714783,-0.9492129290767265,0.9713466923223387,No,1.841391348838806,SW
1991.1666666666667,-0.12818681863636694,1.5738603048365374,0.443800250085993,-0.9492129290767265,0.9713466923223387,No,1.8894737362861633,SW
1991.25,-0.057036894275934,1.5725850185298755,0.4220079994795791,-0.9492129290767265,0.9713466923223387,No,1.9375561237335206,SW
1991.3333333333335,-0.04577269395622786,1.571309732223214,0.4601014729138915,-0.9492129290767265,0.9713466923223387,No,1.9856385111808774,SW
1991.4166666666667,0.02190900452410119,1.5700344459165523,0.44177744818758136,-0.9492129290767265,0.9713466923223387,No,2.0337208986282347,SW
1991.5,-0.010719177402023987,1.5687591596098904,0.5237633038677256,-0.9492129290767265,0.9713466923223387,No,2.081803286075592,SW
1991.5833333333335,0.10388936664647114,1.5674838733032286,0.45851243357324956,-0.9492129290767265,0.9713466923223387,No,2.129885673522949,SW
1991.6666666666667,0.10229187097328164,1.566208586996567,0.14906295660382107,-0.9492129290767265,0.9713466923223387,No,1.8175634145736697,SW
1991.75,0.14232776459522753,1.5649333006899053,0.09886964739741799,-0.9492129290767265,0.9713466923223387,No,1.8061307126825508,SW
1991.8333333333335,0.10033950458087845,1.5636580143832435,0.13070049182731003,-0.9492129290767265,0.9713466923223387,No,1.7946980107914319,SW
1991.9166666666667,-0.029114625740054845,1.5623827280765816,0.24999720656378632,-0.9492129290767265,0.9713466923223387,No,1.7832653089003132,SW
1992,-0.09131007862182623,1.56110744176992,0.3020352438611005,-0.9492129290767265,0.9713466923223387,No,1.7718326070091943,SW
1992.0833333333335,-0.10861721790154102,1.5598321554632584,0.30918496755635805,-0.9492129290767265,0.9713466923223387,No,1.7603999051180754,SW
1992.1666666666667,-0.12818681863636694,1.5585568691565965,0.31859715270672706,-0.9492129290767265,0.9713466923223387,No,1.7489672032269565,SW
1992.25,-0.057036894275934,1.5564576551242841,0.2381137404874878,-0.9492129290767265,0.9713466923223387,No,1.7375345013358379,SW
1992.3333333333335,-0.04577269395622786,1.554358441091972,0.21751605230897497,-0.9492129290767265,0.9713466923223387,No,1.726101799444719,SW
1992.4166666666667,0.02190900452410119,1.5522592270596598,0.14050086596983902,-0.9492129290767265,0.9713466923223387,No,1.7146690975536,SW
1992.5,-0.010719177402023987,1.5501600130273474,0.16379556003715767,-0.9492129290767265,0.9713466923223387,No,1.7032363956624812,SW
1992.5833333333335,0.10388936664647114,1.548060798995035,0.03985352812985643,-0.9492129290767265,0.9713466923223387,No,1.6918036937713625,SW
1992.6666666666667,0.10229187097328164,1.5459615849627228,0.03211753594423916,-0.9492129290767265,0.9713466923223387,No,1.6803709918802436,SW
1992.75,0.14232776459522753,1.5438623709304107,-0.017251845536513377,-0.9492129290767265,0.9713466923223387,No,1.6689382899891247,SW
1992.8333333333335,0.10033950458087845,1.5417631568980983,0.0154029266190292,-0.9492129290767265,0.9713466923223387,No,1.6575055880980059,SW
1992.9166666666667,-0.029114625740054845,1.539663942865786,0.13552356908115604,-0.9492129290767265,0.9713466923223387,No,1.6460728862068872,SW
1993,-0.09131007862182623,1.5375647288334737,0.18838553410412073,-0.9492129290767265,0.9713466923223387,No,1.6346401843157683,SW
1993.0833333333335,-0.10861721790154102,1.5354655148011616,0.19635918552502885,-0.9492129290767265,0.9713466923223387,No,1.6232074824246494,SW
1993.1666666666667,-0.12818681863636694,1.5333663007688492,0.20659529840104818,-0.9492129290767265,0.9713466923223387,No,1.6117747805335303,SW
1993.25,-0.057036894275934,1.5312670867365368,0.12611188618180913,-0.9492129290767265,0.9713466923223387,No,1.6003420786424118,SW
1993.3333333333335,-0.04577269395622786,1.5291678727042246,0.10551419800329631,-0.9492129290767265,0.9713466923223387,No,1.588909376751293,SW
1993.4166666666667,0.02190900452410119,1.5256348653501959,0.029932804985876915,-0.9492129290767265,0.9713466923223387,No,1.577476674860174,SW
1993.5,-0.010719177402023987,1.522101857996167,0.05466129237491213,-0.9492129290767265,0.9713466923223387,No,1.5660439729690552,SW
1993.5833333333335,0.10388936664647114,1.5185688506421382,-0.067846946210673,-0.9492129290767265,0.9713466923223387,No,1.5546112710779363,SW
1993.6666666666667,0.10229187097328164,1.5150358432881095,-0.07414914507457349,-0.9492129290767265,0.9713466923223387,No,1.5431785691868176,SW
1993.75,0.14232776459522753,1.5115028359340807,-0.12208473323360947,-0.9492129290767265,0.9713466923223387,No,1.5317458672956987,SW
1993.8333333333335,0.10033950458087845,1.5079698285800518,-0.08799616775635033,-0.9492129290767265,0.9713466923223387,No,1.5203131654045798,SW
1993.9166666666667,-0.029114625740054845,1.504436821226023,0.03355826802749262,-0.9492129290767265,0.9713466923223387,No,1.508880463513461,SW
1994,-0.09131007862182623,1.5009038138719943,0.0878540263721741,-0.9492129290767265,0.9713466923223387,No,1.4974477616223423,SW
1994.0833333333335,-0.10861721790154102,1.4973708065179654,0.09726147111479899,-0.9492129290767265,0.9713466923223387,No,1.4860150597312234,SW
1994.1666666666667,-0.12818681863636694,1.4938377991639367,0.10893137731253488,-0.9492129290767265,0.9713466923223387,No,1.4745823578401045,SW
1994.25,-0.057036894275934,1.490304791809908,0.029881758415011728,-0.9492129290767265,0.9713466923223387,No,1.4631496559489856,SW
1994.3333333333335,-0.04577269395622786,1.4867717844558792,0.01071786355821569,-0.9492129290767265,0.9713466923223387,No,1.451716954057867,SW
1994.4166666666667,0.02190900452410119,1.4832387771018503,-0.06486352945920348,-0.9492129290767265,0.9713466923223387,No,1.440284252166748,SW
1994.5,-0.010719177402023987,1.4797057697478215,-0.07333906655844413,-0.9492129290767265,0.9713466923223387,No,1.3956475257873535,SW
1994.5833333333335,0.10388936664647114,1.474628497825793,-0.22750706506430518,-0.9492129290767265,0.9713466923223387,No,1.351010799407959,SW
1994.6666666666667,0.10229187097328164,1.4695512259037646,-0.2654690238484818,-0.9492129290767265,0.9713466923223387,No,1.3063740730285645,SW
1994.75,0.14232776459522753,1.4644739539817362,-0.3450643719277937,-0.9492129290767265,0.9713466923223387,No,1.26173734664917,SW
1994.8333333333335,0.10033950458087845,1.459396682059708,-0.34263556637081094,-0.9492129290767265,0.9713466923223387,No,1.2171006202697754,SW
1994.9166666666667,-0.029114625740054845,1.4543194101376795,-0.2527408905072439,-0.9492129290767265,0.9713466923223387,No,1.1724638938903809,SW
1995,-0.09131007862182623,1.449242138215651,-0.17711263758721785,-0.9492129290767265,0.9713466923223387,No,1.180819422006607,SW
1995.0833333333335,-0.10861721790154102,1.4441648662936226,-0.14637269826924837,-0.9492129290767265,0.9713466923223387,No,1.1891749501228333,SW
1995.1666666666667,-0.12818681863636694,1.4390875943715942,-0.11337029749616767,-0.9492129290767265,0.9713466923223387,No,1.1975304782390594,SW
1995.25,-0.057036894275934,1.4340103224495657,-0.17108742181834602,-0.9492129290767265,0.9713466923223387,No,1.2058860063552856,SW
1995.3333333333335,-0.04577269395622786,1.4289330505275373,-0.1857524751524453,-0.9492129290767265,0.9713466923223387,No,1.197407881418864,SW
1995.4166666666667,0.02190900452410119,1.423855778605509,-0.2568350266471682,-0.9492129290767265,0.9713466923223387,No,1.1889297564824421,SW
1995.5,-0.010719177402023987,1.4187785066834806,-0.2276076977354362,-0.9492129290767265,0.9713466923223387,No,1.1804516315460205,SW
1995.5833333333335,0.10388936664647114,1.4137012347614522,0.15452174428757237,-0.9492129290767265,0.9713466923223387,No,1.6721123456954956,SW
1995.6666666666667,0.10229187097328164,1.4086239628394237,-0.071243602138511,-0.9492129290767265,0.9713466923223387,No,1.4396722316741943,SW
1995.75,0.14232776459522753,1.4048471612070883,0.2805743265170202,-0.9492129290767265,0.9713466923223387,No,1.827749252319336,SW
1995.8333333333335,0.10033950458087845,1.401070359574753,0.26520671871485213,-0.9492129290767265,0.9713466923223387,No,1.7666165828704834,SW
1995.9166666666667,-0.029114625740054845,1.3972935579424175,-0.29569801522543404,-0.9492129290767265,0.9713466923223387,No,1.0724809169769287,SW
1996,-0.09131007862182623,1.3935167563100819,-0.1352245037685782,-0.9492129290767265,0.9713466923223387,No,1.1669821739196775,SW
1996.0833333333335,-0.10861721790154102,1.3897399546777465,-0.05844817622933074,-0.9492129290767265,0.9713466923223387,No,1.2226745605468747,SW
1996.1666666666667,-0.12818681863636694,1.385963153045411,0.02059061276502816,-0.9492129290767265,0.9713466923223387,No,1.2783669471740722,SW
1996.25,-0.057036894275934,1.3821863514130757,0.008909876664127792,-0.9492129290767265,0.9713466923223387,No,1.3340593338012694,SW
1996.3333333333335,-0.04577269395622786,1.3784095497807403,0.05711486460395454,-0.9492129290767265,0.9713466923223387,No,1.3897517204284668,SW
1996.4166666666667,0.02190900452410119,1.3746327481484049,0.04890235438315793,-0.9492129290767265,0.9713466923223387,No,1.445444107055664,SW
1996.5,-0.010719177402023987,1.3708559465160695,0.02793774813601546,-0.9492129290767265,0.9713466923223387,No,1.388074517250061,SW
1996.5833333333335,0.10388936664647114,1.3670791448837338,-0.12620989876121436,-0.9492129290767265,0.9713466923223387,No,1.3447586127689906,SW
1996.6666666666667,0.10229187097328164,1.3633023432513984,-0.16415150593675976,-0.9492129290767265,0.9713466923223387,No,1.3014427082879203,SW
1996.75,0.14232776459522753,1.359525541619063,-0.24372650240744065,-0.9492129290767265,0.9713466923223387,No,1.2581268038068498,SW
1996.8333333333335,0.10033950458087845,1.3557487399867276,-0.24127734524182642,-0.9492129290767265,0.9713466923223387,No,1.2148108993257796,SW
1996.9166666666667,-0.029114625740054845,1.3542670446307807,-0.1536574240460169,-0.9492129290767265,0.9713466923223387,No,1.171494994844709,SW
1997,-0.09131007862182623,1.3527853492748336,-0.13329618028936863,-0.9492129290767265,0.9713466923223387,No,1.1281790903636388,SW
1997.0833333333335,-0.10861721790154102,1.3513036539188867,-0.15782325013477738,-0.9492129290767265,0.9713466923223387,No,1.0848631858825684,SW
1997.1666666666667,-0.12818681863636694,1.3498219585629398,0.18999131824145699,-0.9492129290767265,0.9713466923223387,No,1.4116264581680298,SW
1997.25,-0.057036894275934,1.348340263206993,0.5095615659902057,-0.9492129290767265,0.9713466923223387,No,1.8008649349212646,SW
1997.3333333333335,-0.04577269395622786,1.3468585678510459,0.21468551511275047,-0.9492129290767265,0.9713466923223387,No,1.5157713890075684,SW
1997.4166666666667,0.02190900452410119,1.345376872495099,0.060140222758021444,-0.9492129290767265,0.9713466923223387,No,1.4274260997772217,SW
1997.5,-0.010719177402023987,1.343895177139152,0.025811450862542218,-0.9492129290767265,0.9713466923223387,No,1.3589874505996704,SW
1997.5833333333335,0.10388936664647114,1.342413481783205,-0.02936895427226638,-0.9492129290767265,0.9713466923223387,No,1.4169338941574097,SW
1997.6666666666667,0.10229187097328164,1.340931786427258,0.41755431672818344,-0.9492129290767265,0.9713466923223387,No,1.8607779741287231,SW
1997.75,0.14232776459522753,1.3394500910713112,0.18412535497341498,-0.9492129290767265,0.9713466923223387,No,1.6659032106399536,SW
1997.8333333333335,0.10033950458087845,1.3379683957153643,0.12348116530319886,-0.9492129290767265,0.9713466923223387,No,1.5617890655994415,SW
1997.9166666666667,-0.029114625740054845,1.3364867003594172,0.150302845939567,-0.9492129290767265,0.9713466923223387,No,1.4576749205589294,SW
1998,-0.09131007862182623,1.3350050050034703,0.10986584913677322,-0.9492129290767265,0.9713466923223387,No,1.3535607755184174,SW
1998.0833333333335,-0.10861721790154102,1.3343724017886534,0.02369144659079292,-0.9492129290767265,0.9713466923223387,No,1.2494466304779053,SW
1998.1666666666667,-0.12818681863636694,1.3337397985738364,-0.08923654221621691,-0.9492129290767265,0.9713466923223387,No,1.1163164377212524,SW
1998.25,-0.057036894275934,1.3331071953590194,-0.19271082117891059,-0.9492129290767265,0.9713466923223387,No,1.0833594799041748,SW
1998.3333333333335,-0.04577269395622786,1.3324745921442025,-0.18827743601627334,-0.9492129290767265,0.9713466923223387,No,1.0984244621717012,SW
1998.4166666666667,0.02190900452410119,1.3318419889293855,-0.240261549014259,-0.9492129290767265,0.9713466923223387,No,1.1134894444392278,SW
1998.5,-0.010719177402023987,1.3312093857145686,-0.1919357816057905,-0.9492129290767265,0.9713466923223387,No,1.1285544267067542,SW
1998.5833333333335,0.10388936664647114,1.3305767824997516,-0.2908467401719419,-0.9492129290767265,0.9713466923223387,No,1.1436194089742808,SW
1998.6666666666667,0.10229187097328164,1.3299441792849345,-0.2735516590164089,-0.9492129290767265,0.9713466923223387,No,1.1586843912418072,SW
1998.75,0.14232776459522753,1.3293115760701175,-0.29788996715601135,-0.9492129290767265,0.9713466923223387,No,1.1737493735093336,SW
1998.8333333333335,0.10033950458087845,1.3286789728553006,-0.2402041216593187,-0.9492129290767265,0.9713466923223387,No,1.1888143557768602,SW
1998.9166666666667,-0.029114625740054845,1.3280463696404836,-0.09505240585604224,-0.9492129290767265,0.9713466923223387,No,1.2038793380443866,SW
1999,-0.09131007862182623,1.3274137664256667,-0.01715936749192748,-0.9492129290767265,0.9713466923223387,No,1.218944320311913,SW
1999.0833333333335,-0.10861721790154102,1.3267811632108497,0.015845357270130922,-0.9492129290767265,0.9713466923223387,No,1.2340093025794396,SW
1999.1666666666667,-0.12818681863636694,1.3261485599960328,0.0511125434873001,-0.9492129290767265,0.9713466923223387,No,1.2490742848469658,SW
1999.25,-0.057036894275934,1.325852326956866,-0.00467616556643935,-0.9492129290767265,0.9713466923223387,No,1.2641392671144926,SW
1999.3333333333335,-0.04577269395622786,1.3255560939176994,-5.791505794523477e-4,-0.9492129290767265,0.9713466923223387,No,1.279204249382019,SW
1999.4166666666667,0.02190900452410119,1.3252598608785329,0.03028883278360439,-0.9492129290767265,0.9713466923223387,No,1.3774576981862385,SW
1999.5,-0.010719177402023987,1.3249636278393662,0.16146669655311574,-0.9492129290767265,0.9713466923223387,No,1.475711146990458,SW
1999.5833333333335,0.10388936664647114,1.3246673948001995,0.14540783434800697,-0.9492129290767265,0.9713466923223387,No,1.5739645957946775,SW
1999.6666666666667,0.10229187097328164,1.3243711617610328,0.012639173305114326,-0.9492129290767265,0.9713466923223387,No,1.4393022060394287,SW
1999.75,0.14232776459522753,1.3240749287218663,-0.09332865846729099,-0.9492129290767265,0.9713466923223387,No,1.3730740348498027,SW
1999.8333333333335,0.10033950458087845,1.3237786956826996,-0.11727233660340142,-0.9492129290767265,0.9713466923223387,No,1.3068458636601765,SW
1999.9166666666667,-0.029114625740054845,1.3234824626435329,-0.05375014443292758,-0.9492129290767265,0.9713466923223387,No,1.2406176924705505,SW
2000,-0.09131007862182623,1.3231862296043662,-0.057486629701615444,-0.9492129290767265,0.9713466923223387,No,1.1743895212809246,SW
2000.0833333333335,-0.10861721790154102,1.3228899965651995,-0.10611142857236011,-0.9492129290767265,0.9713466923223387,No,1.1081613500912983,SW
2000.1666666666667,-0.12818681863636694,1.322593763526033,-0.15247376598799356,-0.9492129290767265,0.9713466923223387,No,1.0419331789016724,SW
2000.25,-0.057036894275934,1.3222975304868663,-0.005559324622644857,-0.9492129290767265,0.9713466923223387,No,1.2597013115882874,SW
2000.3333333333335,-0.04577269395622786,1.3220012974476996,0.20124084078343074,-0.9492129290767265,0.9713466923223387,No,1.4774694442749023,SW
2000.4166666666667,0.02190900452410119,1.3229701682040838,0.005498625352259312,-0.9492129290767265,0.9713466923223387,No,1.3503777980804443,SW
2000.5,-0.010719177402023987,1.3239390389604682,-0.10140986876822211,-0.9492129290767265,0.9713466923223387,No,1.2118099927902222,SW
2000.5833333333335,0.10388936664647114,1.3249079097168526,0.7403473540688053,-0.9492129290767265,0.9713466923223387,No,2.169144630432129,SW
2000.6666666666667,0.10229187097328164,1.3258767804732368,0.6594897721973272,-0.9492129290767265,0.9713466923223387,No,2.0876584236438456,SW
2000.75,0.14232776459522753,1.326845651229621,0.5369988010307143,-0.9492129290767265,0.9713466923223387,No,2.0061722168555627,SW
2000.8333333333335,0.10033950458087845,1.3278145219860054,0.49653198350039585,-0.9492129290767265,0.9713466923223387,No,1.9246860100672796,SW
2000.9166666666667,-0.029114625740054845,1.3287833927423898,0.5435310362766614,-0.9492129290767265,0.9713466923223387,No,1.8431998032789965,SW
2001,-0.09131007862182623,1.329752263498774,0.5232714116137656,-0.9492129290767265,0.9713466923223387,No,1.7617135964907134,SW
2001.0833333333335,-0.10861721790154102,1.3307211342551581,0.45812347334881287,-0.9492129290767265,0.9713466923223387,No,1.68022738970243,SW
2001.1666666666667,-0.12818681863636694,1.3316900050115426,0.3952379965389714,-0.9492129290767265,0.9713466923223387,No,1.598741182914147,SW
2001.25,-0.057036894275934,1.332658875767927,0.2416329946338709,-0.9492129290767265,0.9713466923223387,No,1.5172549761258638,SW
2001.3333333333335,-0.04577269395622786,1.3336277465243112,0.1479137167694975,-0.9492129290767265,0.9713466923223387,No,1.4357687693375807,SW
2001.4166666666667,0.02190900452410119,1.3345966172806953,-0.002223059255499038,-0.9492129290767265,0.9713466923223387,No,1.3542825625492976,SW
2001.5,-0.010719177402023987,1.3355654880370798,-0.052049954874041404,-0.9492129290767265,0.9713466923223387,No,1.2727963557610145,SW
2001.5833333333335,0.10388936664647114,1.3374602066135146,-0.25003942428725434,-0.9492129290767265,0.9713466923223387,No,1.1913101489727314,SW
2001.6666666666667,0.10229187097328164,1.3393549251899495,-0.33182285397878286,-0.9492129290767265,0.9713466923223387,No,1.1098239421844482,SW
2001.75,0.14232776459522753,1.3412496437663843,-0.38845447497385555,-0.9492129290767265,0.9713466923223387,No,1.0951229333877563,SW
2001.8333333333335,0.10033950458087845,1.3431443623428192,-0.3630619423326332,-0.9492129290767265,0.9713466923223387,No,1.0804219245910645,SW
2001.9166666666667,-0.029114625740054845,1.345039080919254,-0.25020353938482653,-0.9492129290767265,0.9713466923223387,No,1.0657209157943728,SW
2002,-0.09131007862182623,1.346933799495689,-0.20460381387618187,-0.9492129290767265,0.9713466923223387,No,1.0510199069976809,SW
2002.0833333333335,-0.10861721790154102,1.3488285180721238,-0.22993677071349028,-0.9492129290767265,0.9713466923223387,No,1.0102745294570925,SW
2002.1666666666667,-0.12818681863636694,1.3507232366485586,-0.01449737267832929,-0.9492129290767265,0.9713466923223387,No,1.2080390453338623,SW
2002.25,-0.057036894275934,1.3526179552249935,-0.24572773605892273,-0.9492129290767265,0.9713466923223387,No,1.0498533248901367,SW
2002.3333333333335,-0.04577269395622786,1.3545126738014284,-0.14755559740654078,-0.9492129290767265,0.9713466923223387,No,1.1611843824386596,SW
2002.4166666666667,0.02190900452410119,1.3564073923778632,-0.10580095691478175,-0.9492129290767265,0.9713466923223387,No,1.2725154399871828,SW
2002.5,-0.010719177402023987,1.358302110954298,0.036263563983431446,-0.9492129290767265,0.9713466923223387,No,1.3838464975357057,SW
2002.5833333333335,0.10388936664647114,1.360196829530733,0.031091358907024746,-0.9492129290767265,0.9713466923223387,No,1.4951775550842288,SW
2002.6666666666667,0.10229187097328164,1.3620915481071678,0.14212519355230224,-0.9492129290767265,0.9713466923223387,No,1.6065086126327517,SW
2002.75,0.14232776459522753,1.3639257248245433,0.22638928039376682,-0.9492129290767265,0.9713466923223387,No,1.7326427698135376,SW
2002.8333333333335,0.10033950458087845,1.365759901541919,-0.17669107997381062,-0.9492129290767265,0.9713466923223387,No,1.2894083261489868,SW
2002.9166666666667,-0.029114625740054845,1.3675940782592946,-0.10248044201594775,-0.9492129290767265,0.9713466923223387,No,1.235999010503292,SW
2003,-0.09131007862182623,1.36942825497667,-0.09552848149724658,-0.9492129290767265,0.9713466923223387,No,1.1825896948575974,SW
2003.0833333333335,-0.10861721790154102,1.3712624316940458,-0.1334648345806022,-0.9492129290767265,0.9713466923223387,No,1.1291803792119026,SW
2003.1666666666667,-0.12818681863636694,1.3730966084114213,-0.1691387262088464,-0.9492129290767265,0.9713466923223387,No,1.0757710635662079,SW
2003.25,-0.057036894275934,1.374930785128797,-0.29553214293234986,-0.9492129290767265,0.9713466923223387,No,1.0223617479205132,SW
2003.3333333333335,-0.04577269395622786,1.3767649618461726,-0.3620398356151262,-0.9492129290767265,0.9713466923223387,No,0.9689524322748185,SW
2003.4166666666667,0.02190900452410119,1.378599138563548,-0.48496502645852557,-0.9492129290767265,0.9713466923223387,No,0.9155431166291237,SW
2003.5,-0.010719177402023987,1.3804333152809238,-0.5075803368954709,-0.9492129290767265,0.9713466923223387,No,0.862133800983429,SW
2003.5833333333335,0.10388936664647114,1.3822674919982993,0.21928878859491463,-0.9492129290767265,0.9713466923223387,No,1.705445647239685,SW
2003.6666666666667,0.10229187097328164,1.3841016687156749,0.02245929978095318,-0.9492129290767265,0.9713466923223387,No,1.5088528394699097,SW
2003.75,0.14232776459522753,1.3859358454330506,-0.18361405672932785,-0.9492129290767265,0.9713466923223387,No,1.3446495532989502,SW
2003.8333333333335,0.10033950458087845,1.387770022150426,-0.13407690594368393,-0.9492129290767265,0.9713466923223387,No,1.3540326207876205,SW
2003.9166666666667,-0.029114625740054845,1.3892227851666434,0.0033075288497022015,-0.9492129290767265,0.9713466923223387,No,1.363415688276291,SW
2004,-0.09131007862182623,1.3906755481828608,0.07343328620392664,-0.9492129290767265,0.9713466923223387,No,1.3727987557649612,SW
2004.0833333333335,-0.10861721790154102,1.392128311199078,0.0986707299560945,-0.9492129290767265,0.9713466923223387,No,1.3821818232536316,SW
2004.1666666666667,-0.12818681863636694,1.3935810742152954,0.12617063516337357,-0.9492129290767265,0.9713466923223387,No,1.391564890742302,SW
2004.25,-0.057036894275934,1.3950338372315128,0.0629510152753936,-0.9492129290767265,0.9713466923223387,No,1.4009479582309723,SW
2004.3333333333335,-0.04577269395622786,1.39648660024773,0.05961711942814052,-0.9492129290767265,0.9713466923223387,No,1.4103310257196426,SW
2004.4166666666667,0.02190900452410119,1.3979393632639474,-1.3427457973569368e-4,-0.9492129290767265,0.9713466923223387,No,1.419714093208313,SW
2004.5,-0.010719177402023987,1.3993921262801645,0.19880431791034203,-0.9492129290767265,0.9713466923223387,No,1.5874772667884827,SW
2004.5833333333335,0.10388936664647114,1.4008448892963818,0.2505061844257994,-0.9492129290767265,0.9713466923223387,No,1.7552404403686523,SW
2004.6666666666667,0.10229187097328164,1.4022976523125992,-0.08009036919499968,-0.9492129290767265,0.9713466923223387,No,1.4244991540908811,SW
2004.75,0.14232776459522753,1.4037504153288165,-0.0884227898203862,-0.9492129290767265,0.9713466923223387,No,1.4576553901036577,SW
2004.8333333333335,0.10033950458087845,1.4052031783450338,-0.014731056809477616,-0.9492129290767265,0.9713466923223387,No,1.4908116261164346,SW
2004.9166666666667,-0.029114625740054845,1.4066559413612512,0.1464265465080148,-0.9492129290767265,0.9713466923223387,No,1.5239678621292112,SW
2005,-0.09131007862182623,1.4081087043774685,0.24032547238634572,-0.9492129290767265,0.9713466923223387,No,1.557124098141988,SW
2005.0833333333335,-0.10861721790154102,1.4102813079260887,0.2886162441302169,-0.9492129290767265,0.9713466923223387,No,1.5902803341547647,SW
2005.1666666666667,-0.12818681863636694,1.412453911474709,0.33916947732919955,-0.9492129290767265,0.9713466923223387,No,1.6234365701675415,SW
2005.25,-0.057036894275934,1.4146265150233295,0.2990031854329227,-0.9492129290767265,0.9713466923223387,No,1.6565928061803181,SW
2005.3333333333335,-0.04577269395622786,1.4167991185719497,0.31872261757737297,-0.9492129290767265,0.9713466923223387,No,1.6897490421930947,SW
2005.4166666666667,0.02190900452410119,1.41897172212057,0.2820245515612003,-0.9492129290767265,0.9713466923223387,No,1.7229052782058716,SW
2005.5,-0.010719177402023987,1.4211443256691902,-0.15578981425227378,-0.9492129290767265,0.9713466923223387,No,1.2546353340148926,SW
2005.5833333333335,0.10388936664647114,1.4233169292178107,0.06219399557858929,-0.9492129290767265,0.9713466923223387,No,1.589400291442871,SW
2005.6666666666667,0.10229187097328164,1.425489532766431,-0.18658987351205147,-0.9492129290767265,0.9713466923223387,No,1.3411915302276611,SW
2005.75,0.14232776459522753,1.4276621363150512,-0.1629565766686405,-0.9492129290767265,0.9713466923223387,No,1.4070333242416382,SW
2005.8333333333335,0.10033950458087845,1.4298347398636715,-0.05032264093655425,-0.9492129290767265,0.9713466923223387,No,1.4798516035079956,SW
2005.9166666666667,-0.029114625740054845,1.4320073434122917,-0.0065028458365283814,-0.9492129290767265,0.9713466923223387,No,1.3963898718357086,SW
2006,-0.09131007862182623,1.4341799469609122,-0.029941728175664428,-0.9492129290767265,0.9713466923223387,No,1.3129281401634216,SW
2006.0833333333335,-0.10861721790154102,1.4363525505095325,-0.09826892411685684,-0.9492129290767265,0.9713466923223387,No,1.2294664084911346,SW
2006.1666666666667,-0.12818681863636694,1.4385251540581527,-0.16433365860293803,-0.9492129290767265,0.9713466923223387,No,1.1460046768188477,SW
2006.25,-0.057036894275934,1.4400410303872637,-0.3632981252928482,-0.9492129290767265,0.9713466923223387,No,1.0197060108184814,SW
2006.3333333333335,-0.04577269395622786,1.4415569067163747,-0.20701570671003666,-0.9492129290767265,0.9713466923223387,No,1.18876850605011,SW
2006.4166666666667,0.02190900452410119,1.4430727830454857,0.5287206240820241,-0.9492129290767265,0.9713466923223387,No,1.993702411651611,SW
2006.5,-0.010719177402023987,1.4445886593745967,0.1389006367408061,-0.9492129290767265,0.9713466923223387,No,1.572770118713379,SW
2006.5833333333335,0.10388936664647114,1.4461045357037077,0.26496240506101487,-0.9492129290767265,0.9713466923223387,No,1.8149563074111936,SW
2006.6666666666667,0.10229187097328164,1.4476204120328187,0.14499049466571368,-0.9492129290767265,0.9713466923223387,No,1.694902777671814,SW
2006.75,0.14232776459522753,1.4491362883619296,0.09367607994689564,-0.9492129290767265,0.9713466923223387,No,1.6851401329040527,SW
2006.8333333333335,0.10033950458087845,1.4506521646910406,0.6592553705230029,-0.9492129290767265,0.9713466923223387,No,2.210247039794922,SW
2006.9166666666667,-0.029114625740054845,1.4521680410201516,0.20619782640386308,-0.9492129290767265,0.9713466923223387,No,1.62925124168396,SW
2007,-0.09131007862182623,1.4536839173492626,0.20815574138883552,-0.9492129290767265,0.9713466923223387,No,1.570529580116272,SW
2007.0833333333335,-0.10861721790154102,1.4551997936783736,0.16522534277175138,-0.9492129290767265,0.9713466923223387,No,1.511807918548584,SW
2007.1666666666667,-0.12818681863636694,1.4567156700074846,0.12455740560977846,-0.9492129290767265,0.9713466923223387,No,1.453086256980896,SW
2007.25,-0.057036894275934,1.4582315463365956,-0.0068300566474535085,-0.9492129290767265,0.9713466923223387,No,1.394364595413208,SW
2007.3333333333335,-0.04577269395622786,1.4597474226657066,-0.07833179486395858,-0.9492129290767265,0.9713466923223387,No,1.33564293384552,SW
2007.4166666666667,0.02190900452410119,1.4609391904141644,-0.20592692266043366,-0.9492129290767265,0.9713466923223387,No,1.276921272277832,SW
2007.5,-0.010719177402023987,1.4621309581626225,-0.23321217005045458,-0.9492129290767265,0.9713466923223387,No,1.218199610710144,SW
2007.5833333333335,0.10388936664647114,1.4633227259110804,0.020822656473515444,-0.9492129290767265,0.9713466923223387,No,1.588034749031067,SW
2007.6666666666667,0.10229187097328164,1.4645144936595382,0.22543580474736813,-0.9492129290767265,0.9713466923223387,No,1.792242169380188,SW
2007.75,0.14232776459522753,1.4657062614079963,0.3884155637260853,-0.9492129290767265,0.9713466923223387,No,1.996449589729309,SW
2007.8333333333335,0.10033950458087845,1.4668980291564542,0.06337448198684936,-0.9492129290767265,0.9713466923223387,No,1.630612015724182,SW
2007.9166666666667,-0.029114625740054845,1.4680897969049123,-0.45295234115539706,-0.9492129290767265,0.9713466923223387,No,0.9860228300094603,SW
2008,-0.09131007862182623,1.4692815646533701,-0.4787389196748849,-0.9492129290767265,0.9713466923223387,No,0.8992325663566589,SW
2008.0833333333335,-0.10861721790154102,1.470473332401828,-0.15953899585557263,-0.9492129290767265,0.9713466923223387,No,1.2023171186447144,SW
2008.1666666666667,-0.12818681863636694,1.471665100150286,-0.15914710284875788,-0.9492129290767265,0.9713466923223387,No,1.1843311786651611,SW
2008.25,-0.057036894275934,1.472856867898744,-0.19364298470323393,-0.9492129290767265,0.9713466923223387,No,1.222176988919576,SW
2008.3333333333335,-0.04577269395622786,1.4740486356472018,-0.16825314251698287,-0.9492129290767265,0.9713466923223387,No,1.260022799173991,SW
2008.4166666666667,0.02190900452410119,1.4752404033956599,-0.19928079849135538,-0.9492129290767265,0.9713466923223387,No,1.2978686094284058,SW
2008.5,-0.010719177402023987,1.4764321711441177,-0.12999857405927306,-0.9492129290767265,0.9713466923223387,No,1.3357144196828208,SW
2008.5833333333335,0.10388936664647114,1.4776702141627407,-0.20799935087197619,-0.9492129290767265,0.9713466923223387,No,1.3735602299372356,SW
2008.6666666666667,0.10229187097328164,1.4789082571813639,-0.1697940879629951,-0.9492129290767265,0.9713466923223387,No,1.4114060401916504,SW
2008.75,0.14232776459522753,1.4801463001999868,-0.17322221434914886,-0.9492129290767265,0.9713466923223387,No,1.4492518504460654,SW
2008.8333333333335,0.10033950458087845,1.4813843432186098,-0.09462618709900794,-0.9492129290767265,0.9713466923223387,No,1.4870976607004802,SW
2008.9166666666667,-0.029114625740054845,1.4826223862372327,0.07143571045771724,-0.9492129290767265,0.9713466923223387,No,1.5249434709548952,SW
2009,-0.09131007862182623,1.483860429255856,0.17023893057528028,-0.9492129290767265,0.9713466923223387,No,1.56278928120931,SW
2009.0833333333335,-0.10861721790154102,1.4850984722744789,0.22415383709078696,-0.9492129290767265,0.9713466923223387,No,1.6006350914637248,SW
2009.1666666666667,-0.12818681863636694,1.4863365152931018,0.28033120506140485,-0.9492129290767265,0.9713466923223387,No,1.6384809017181396,SW
2009.25,-0.057036894275934,1.487574558311725,0.2457890479367637,-0.9492129290767265,0.9713466923223387,No,1.6763267119725547,SW
2009.3333333333335,-0.04577269395622786,1.488812601330348,0.2711326148528497,-0.9492129290767265,0.9713466923223387,No,1.7141725222269697,SW
2009.4166666666667,0.02190900452410119,1.490050644348971,0.24005868360831228,-0.9492129290767265,0.9713466923223387,No,1.7520183324813845,SW
2009.5,-0.010719177402023987,1.491288687367594,0.20715710689386602,-0.9492129290767265,0.9713466923223387,No,1.687726616859436,SW
2009.5833333333335,0.10388936664647114,1.492526730386217,0.09115415697528717,-0.9492129290767265,0.9713466923223387,No,1.6875702540079753,SW
2009.6666666666667,0.10229187097328164,1.49376477340484,0.09135724677839274,-0.9492129290767265,0.9713466923223387,No,1.6874138911565144,SW
2009.75,0.14232776459522753,1.4951271065953589,0.04980265711446741,-0.9492129290767265,0.9713466923223387,No,1.6872575283050537,SW
2009.8333333333335,0.10033950458087845,1.4964894397858775,0.1939216783825728,-0.9492129290767265,0.9713466923223387,No,1.7907506227493286,SW
2009.9166666666667,-0.029114625740054845,1.4978517729763963,0.05310215355508108,-0.9492129290767265,0.9713466923223387,No,1.5218393007914226,SW
2010,-0.09131007862182623,1.4992141061669149,-0.15497604871157233,-0.9492129290767265,0.9713466923223387,No,1.2529279788335164,SW
2010.0833333333335,-0.10861721790154102,1.5005764393574337,-0.40794256458028233,-0.9492129290767265,0.9713466923223387,No,0.9840166568756104,SW
2010.1666666666667,-0.12818681863636694,1.5019387725479523,-0.4333332336662241,-0.9492129290767265,0.9713466923223387,No,0.9404187202453612,SW
2010.25,-0.057036894275934,1.503301105738471,0.18624442405839803,-0.9492129290767265,0.9713466923223387,No,1.632508635520935,SW
2010.3333333333335,-0.04577269395622786,1.50466343892899,-0.1615120857244099,-0.9492129290767265,0.9713466923223387,No,1.297378659248352,SW
2010.4166666666667,0.02190900452410119,1.5060257721195085,-0.002345787385797271,-0.9492129290767265,0.9713466923223387,No,1.5255889892578125,SW
2010.5,-0.010719177402023987,1.5073881053100273,-0.10279833579069386,-0.9492129290767265,0.9713466923223387,No,1.3938705921173096,SW
2010.5833333333335,0.10388936664647114,1.508750438500546,-0.28189388957516837,-0.9492129290767265,0.9713466923223387,No,1.3307459155718486,SW
2010.6666666666667,0.10229187097328164,1.5101127716910647,-0.3447834036379587,-0.9492129290767265,0.9713466923223387,No,1.2676212390263877,SW
2010.75,0.14232776459522753,1.5114751048815833,-0.44930630699588425,-0.9492129290767265,0.9713466923223387,No,1.2044965624809265,SW
2010.8333333333335,0.10033950458087845,1.5128374380721021,-0.47180505671751494,-0.9492129290767265,0.9713466923223387,No,1.1413718859354656,SW
2010.9166666666667,-0.029114625740054845,1.5134498901575424,-0.406088055027483,-0.9492129290767265,0.9713466923223387,No,1.0782472093900046,SW
2011,-0.09131007862182623,1.5140623422429824,-0.4076297307766126,-0.9492129290767265,0.9713466923223387,No,1.0151225328445437,SW
2011.0833333333335,-0.10861721790154102,1.5146747943284227,-0.2894454996675433,-0.9492129290767265,0.9713466923223387,No,1.1166120767593384,SW
2011.1666666666667,-0.12818681863636694,1.515287246413863,-0.21693202796670485,-0.9492129290767265,0.9713466923223387,No,1.170168399810791,SW
2011.25,-0.057036894275934,1.515899698499303,0.07956657523982691,-0.9492129290767265,0.9713466923223387,No,1.5384293794631958,SW
2011.3333333333335,-0.04577269395622786,1.5165121505847432,0.8444060359251957,-0.9492129290767265,0.9713466923223387,No,2.315145492553711,SW
2011.4166666666667,0.02190900452410119,1.5171246026701835,0.26282696371330805,-0.9492129290767265,0.9713466923223387,No,1.8018605709075928,SW
2011.5,-0.010719177402023987,1.5177370547556235,0.17439581289552564,-0.9492129290767265,0.9713466923223387,No,1.6814136902491252,SW
2011.5833333333335,0.10388936664647114,1.5183495068410637,-0.06127206389687734,-0.9492129290767265,0.9713466923223387,No,1.5609668095906575,SW
2011.6666666666667,0.10229187097328164,1.5189619589265038,-0.18073390096759545,-0.9492129290767265,0.9713466923223387,No,1.44051992893219,SW
2011.75,0.14232776459522753,1.519574411011944,0.11129142218640764,-0.9492129290767265,0.9713466923223387,No,1.773193597793579,SW
2011.8333333333335,0.10033950458087845,1.5201868630973843,0.18564209316768454,-0.9492129290767265,0.9713466923223387,No,1.8061684608459472,SW
2011.9166666666667,-0.029114625740054845,1.5207993151828243,0.3474586344555459,-0.9492129290767265,0.9713466923223387,No,1.8391433238983155,SW
2012,-0.09131007862182623,1.5214117672682645,0.44201649830424516,-0.9492129290767265,0.9713466923223387,No,1.8721181869506835,SW
2012.0833333333335,-0.10861721790154102,1.5212495604604808,0.4924607074441121,-0.9492129290767265,0.9713466923223387,No,1.9050930500030518,SW
2012.1666666666667,-0.12818681863636694,1.521087353652697,0.54516737803909,-0.9492129290767265,0.9713466923223387,No,1.93806791305542,SW
2012.25,-0.057036894275934,1.5209251468449132,0.5071545235388086,-0.9492129290767265,0.9713466923223387,No,1.9710427761077878,SW
2012.3333333333335,-0.04577269395622786,1.5207629400371294,0.5290273930792546,-0.9492129290767265,0.9713466923223387,No,2.004017639160156,SW
2012.4166666666667,0.02190900452410119,1.5206007332293456,0.4944827644590779,-0.9492129290767265,0.9713466923223387,No,2.0369925022125246,SW
2012.5,-0.010719177402023987,1.5204385264215619,0.5602480162453549,-0.9492129290767265,0.9713466923223387,No,2.0699673652648927,SW
2012.5833333333335,0.10388936664647114,1.520276319613778,0.4787765420570116,-0.9492129290767265,0.9713466923223387,No,2.1029422283172607,SW
2012.6666666666667,0.10229187097328164,1.5201141128059945,0.19662525477663184,-0.9492129290767265,0.9713466923223387,No,1.819031238555908,SW
2012.75,0.14232776459522753,1.5199519059982107,0.09690457070142267,-0.9492129290767265,0.9713466923223387,No,1.7591842412948608,SW
2012.8333333333335,0.10033950458087845,1.519789699190427,-0.1972672700631144,-0.9492129290767265,0.9713466923223387,No,1.422861933708191,SW
2012.9166666666667,-0.029114625740054845,1.5196274923826432,-0.07073985424291496,-0.9492129290767265,0.9713466923223387,No,1.4197730123996735,SW
2013,-0.09131007862182623,1.5194652855748594,-0.011471115861877212,-0.9492129290767265,0.9713466923223387,No,1.416684091091156,SW
2013.0833333333335,-0.10861721790154102,1.5193030787670756,0.0029093089171039477,-0.9492129290767265,0.9713466923223387,No,1.4135951697826385,SW
2013.1666666666667,-0.12818681863636694,1.5191408719592918,0.019552195151196328,-0.9492129290767265,0.9713466923223387,No,1.410506248474121,SW
2013.25,-0.057036894275934,1.5183688810218077,-0.053914659580269975,-0.9492129290767265,0.9713466923223387,No,1.4074173271656036,SW
2013.3333333333335,-0.04577269395622786,1.5175968900843235,-0.06749579027100938,-0.9492129290767265,0.9713466923223387,No,1.4043284058570862,SW
2013.4166666666667,0.02190900452410119,1.5168248991468394,-0.13749441912237192,-0.9492129290767265,0.9713466923223387,No,1.4012394845485687,SW
2013.5,-0.010719177402023987,1.5160529082093555,-0.1071831675672803,-0.9492129290767265,0.9713466923223387,No,1.3981505632400513,SW
2013.5833333333335,0.10388936664647114,1.5152809172718713,-0.2855639215755079,-0.9492129290767265,0.9713466923223387,No,1.3336063623428345,SW
2013.6666666666667,0.10229187097328164,1.5145089263343872,0.030370819246591685,-0.9492129290767265,0.9713466923223387,No,1.6471716165542605,SW
2013.75,0.14232776459522753,1.513736935396903,-0.015603612765262787,-0.9492129290767265,0.9713466923223387,No,1.6404610872268677,SW
2013.8333333333335,0.10033950458087845,1.5129649444594189,-0.014988069084460598,-0.9492129290767265,0.9713466923223387,No,1.5983163799558366,SW
2013.9166666666667,-0.029114625740054845,1.5121929535219347,0.07309334490292585,-0.9492129290767265,0.9713466923223387,No,1.5561716726848058,SW
2014,-0.09131007862182623,1.5114209625844506,0.09391608145115038,-0.9492129290767265,0.9713466923223387,No,1.5140269654137748,SW
2014.0833333333335,-0.10861721790154102,1.5106489716469667,0.0698505043973181,-0.9492129290767265,0.9713466923223387,No,1.4718822581427438,SW
2014.1666666666667,-0.12818681863636694,1.5098769807094825,0.048047388798597046,-0.9492129290767265,0.9713466923223387,No,1.4297375508717125,SW
2014.25,-0.057036894275934,1.5091049897719984,-0.06447525189538239,-0.9492129290767265,0.9713466923223387,No,1.387592843600682,SW
2014.3333333333335,-0.04577269395622786,1.5083329988345142,-0.11711216854863538,-0.9492129290767265,0.9713466923223387,No,1.3454481363296509,SW
2014.4166666666667,0.02190900452410119,1.5061805219815583,0.09751311618944958,-0.9492129290767265,0.9713466923223387,No,1.6256026426951091,SW
2014.5,-0.010719177402023987,1.504028045128602,0.4124482813339889,-0.9492129290767265,0.9713466923223387,No,1.9057571490605671,SW
2014.5833333333335,0.10388936664647114,1.5018755682756462,0.5801467205039081,-0.9492129290767265,0.9713466923223387,No,2.1859116554260254,SW
2014.6666666666667,0.10229187097328164,1.4997230914226902,0.828744944372827,-0.9492129290767265,0.9713466923223387,No,2.430759906768799,SW
2014.75,0.14232776459522753,1.4975706145697343,0.4205793544470988,-0.9492129290767265,0.9713466923223387,No,2.0604777336120605,SW
2014.8333333333335,0.10033950458087845,1.4954181377167781,0.1838739723874021,-0.9492129290767265,0.9713466923223387,No,1.7796316146850586,SW
2014.9166666666667,-0.029114625740054845,1.4932656608638222,0.17229491633802452,-0.9492129290767265,0.9713466923223387,No,1.636445951461792,SW
2015,-0.09131007862182623,1.4911131840108662,0.09345718284948523,-0.9492129290767265,0.9713466923223387,No,1.4932602882385253,SW
2015.0833333333335,-0.10861721790154102,1.48896070715791,-0.030268864241110194,-0.9492129290767265,0.9713466923223387,No,1.3500746250152589,SW
2015.1666666666667,-0.12818681863636694,1.4868082303049541,-0.15173244987659507,-0.9492129290767265,0.9713466923223387,No,1.206888961791992,SW
2015.25,-0.057036894275934,1.4846557534519982,-0.36391556060733854,-0.9492129290767265,0.9713466923223387,No,1.0637032985687256,SW
2015.3333333333335,-0.04577269395622786,1.4825032765990422,0.040662925314644216,-0.9492129290767265,0.9713466923223387,No,1.4773935079574585,SW
2015.4166666666667,0.02190900452410119,1.480350799746086,0.45721309039839175,-0.9492129290767265,0.9713466923223387,No,1.959472894668579,SW
2015.5,-0.010719177402023987,1.4781983228931301,-0.28813973661659475,-0.9492129290767265,0.9713466923223387,No,1.1793394088745115,SW
2015.5833333333335,0.10388936664647114,1.4743806067802148,-0.08848001065813094,-0.9492129290767265,0.9713466923223387,No,1.489789962768555,SW
2015.6666666666667,0.10229187097328164,1.4705628906672996,-0.4581524176998464,-0.9492129290767265,0.9713466923223387,No,1.1147023439407349,SW
2015.75,0.14232776459522753,1.4667451745543842,0.14635454059434583,-0.9492129290767265,0.9713466923223387,No,1.7554274797439575,SW
2015.8333333333335,0.10033950458087845,1.4629274584414689,0.11818793390453286,-0.9492129290767265,0.9713466923223387,No,1.68145489692688,SW
2015.9166666666667,-0.029114625740054845,1.4591097423285535,-0.15486007630529564,-0.9492129290767265,0.9713466923223387,No,1.2751350402832031,SW
2016,-0.09131007862182623,1.4552920262156384,-0.3024127337266247,-0.9492129290767265,0.9713466923223387,No,1.0615692138671875,SW
2016.0833333333335,-0.10861721790154102,1.451474310102723,-0.2738899882430519,-0.9492129290767265,0.9713466923223387,No,1.06896710395813,SW
2016.1666666666667,-0.12818681863636694,1.4476565939898076,-0.18567499080754213,-0.9492129290767265,0.9713466923223387,No,1.1337947845458984,SW
2016.25,-0.057036894275934,1.4438388778768925,-0.18817951846729142,-0.9492129290767265,0.9713466923223387,No,1.198622465133667,SW
2016.3333333333335,-0.04577269395622786,1.440021161763977,-0.1307983220863136,-0.9492129290767265,0.9713466923223387,No,1.2634501457214355,SW
2016.4166666666667,0.02190900452410119,1.4362034456510617,-0.1298346238659589,-0.9492129290767265,0.9713466923223387,No,1.328277826309204,SW
2016.5,-0.010719177402023987,1.4323857295381464,0.6684134706757674,-0.9492129290767265,0.9713466923223387,No,2.0900800228118896,SW
2016.5833333333335,0.10388936664647114,1.4285680134252312,0.743178100809035,-0.9492129290767265,0.9713466923223387,No,2.2756354808807373,SW
2016.6666666666667,0.10229187097328164,1.4247502973123158,0.21557579645897063,-0.9492129290767265,0.9713466923223387,No,1.742617964744568,SW
2016.75,0.14232776459522753,1.422390035875566,0.09374233975747814,-0.9492129290767265,0.9713466923223387,No,1.6584601402282715,SW
2016.8333333333335,0.10033950458087845,1.4200297744388162,0.053933036692280556,-0.9492129290767265,0.9713466923223387,No,1.574302315711975,SW
2016.9166666666667,-0.029114625740054845,1.4176695130020662,-0.2229574484497554,-0.9492129290767265,0.9713466923223387,No,1.165597438812256,SW
2017,-0.09131007862182623,1.4153092515653165,-0.35222209145392736,-0.9492129290767265,0.9713466923223387,No,0.9717770814895629,SW
2017.0833333333335,-0.10861721790154102,1.4129489901285666,-0.19953997204595453,-0.9492129290767265,0.9713466923223387,No,1.104791800181071,SW
2017.1666666666667,-0.12818681863636694,1.4105887286918168,-0.04459539118287115,-0.9492129290767265,0.9713466923223387,No,1.2378065188725786,SW
2017.25,-0.057036894275934,1.408228467255067,0.019629664584954076,-0.9492129290767265,0.9713466923223387,No,1.370821237564087,SW
2017.3333333333335,-0.04577269395622786,1.405868205818317,0.09863017897958581,-0.9492129290767265,0.9713466923223387,No,1.4587256908416748,SW
2017.4166666666667,0.02190900452410119,1.4035079443815672,0.4772934888689899,-0.9492129290767265,0.9713466923223387,No,1.9027104377746584,SW
2017.5,-0.010719177402023987,1.4011476829448173,0.2951447147101973,-0.9492129290767265,0.9713466923223387,No,1.6855732202529907,SW
2017.5833333333335,0.10388936664647114,1.3987874215080676,-0.0342407854232154,-0.9492129290767265,0.9713466923223387,No,1.4684360027313232,SW
2017.6666666666667,0.10229187097328164,1.3964271600713176,0.16083771543824987,-0.9492129290767265,0.9713466923223387,No,1.6595567464828491,SW
2017.75,0.14232776459522753,1.394066898634568,0.31428282700457966,-0.9492129290767265,0.9713466923223387,No,1.850677490234375,SW
2017.8333333333335,0.10033950458087845,1.391706637197818,0.3007062433607688,-0.9492129290767265,0.9713466923223387,No,1.792752385139465,SW
2017.9166666666667,-0.029114625740054845,1.3909708691019846,0.10575411582996441,-0.9492129290767265,0.9713466923223387,No,1.4676103591918943,SW
2018,-0.09131007862182623,1.3902351010061513,0.10729732106049883,-0.9492129290767265,0.9713466923223387,No,1.406222343444824,SW
2018.0833333333335,-0.10861721790154102,1.389499332910318,0.06395221268897666,-0.9492129290767265,0.9713466923223387,No,1.3448343276977537,SW
2018.1666666666667,-0.12818681863636694,1.388763564814485,0.02286956577256527,-0.9492129290767265,0.9713466923223387,No,1.2834463119506831,SW
2018.25,-0.057036894275934,1.3880277967186516,-0.10893260623910428,-0.9492129290767265,0.9713466923223387,No,1.2220582962036133,SW
2018.3333333333335,-0.04577269395622786,1.3872920286228183,-0.18084905421004738,-0.9492129290767265,0.9713466923223387,No,1.160670280456543,SW
2018.4166666666667,0.02190900452410119,1.386556260526985,-0.3091830003416136,-0.9492129290767265,0.9713466923223387,No,1.0992822647094727,SW
2018.5,-0.010719177402023987,1.3858204924311517,-0.33720706606672546,-0.9492129290767265,0.9713466923223387,No,1.0378942489624023,SW
2018.5833333333335,0.10388936664647114,1.3850847243353184,-0.05736964600116812,-0.9492129290767265,0.9713466923223387,No,1.4316044449806213,SW
2018.6666666666667,0.10229187097328164,1.384348956239485,0.33867381378607364,-0.9492129290767265,0.9713466923223387,No,1.8253146409988403,SW
2018.75,0.14232776459522753,1.383613188143652,0.4469668288620725,-0.9492129290767265,0.9713466923223387,No,1.972907781600952,SW
2018.8333333333335,0.10033950458087845,1.3828774200478187,0.265892164745845,-0.9492129290767265,0.9713466923223387,No,1.749109089374542,SW
2018.9166666666667,-0.029114625740054845,1.3821416519519854,0.17228337093620172,-0.9492129290767265,0.9713466923223387,No,1.5253103971481323,SW
2019,-0.09131007862182623,1.381405883856152,0.011415899687396536,-0.9492129290767265,0.9713466923223387,No,1.3015117049217224,SW
2019.0833333333335,-0.10861721790154102,1.3814614476887068,-0.19513121709185333,-0.9492129290767265,0.9713466923223387,No,1.0777130126953125,SW
2019.1666666666667,-0.12818681863636694,1.3815170115212618,-0.4161614993424144,-0.9492129290767265,0.9713466923223387,No,0.8371686935424805,SW
2019.25,-0.057036894275934,1.3815725753538166,-0.4672379354599294,-0.9492129290767265,0.9713466923223387,No,0.8572977456179531,SW
2019.3333333333335,-0.04577269395622786,1.3816281391863714,-0.4584286475367175,-0.9492129290767265,0.9713466923223387,No,0.877426797693426,SW
2019.4166666666667,0.02190900452410119,1.3816837030189264,-0.5060368577741288,-0.9492129290767265,0.9713466923223387,No,0.8975558497688988,SW
2019.5,-0.010719177402023987,1.3817392668514812,-0.4533351876050856,-0.9492129290767265,0.9713466923223387,No,0.9176849018443716,SW
2019.5833333333335,0.10388936664647114,1.3817948306840362,-0.547870243410663,-0.9492129290767265,0.9713466923223387,No,0.9378139539198442,SW
2019.6666666666667,0.10229187097328164,1.381850394516591,-0.5261992594945556,-0.9492129290767265,0.9713466923223387,No,0.957943005995317,SW
2019.75,0.14232776459522753,1.3819059583491458,-0.5461616648735835,-0.9492129290767265,0.9713466923223387,No,0.9780720580707898,SW
2019.8333333333335,0.10033950458087845,1.3819615221817008,-0.4840999166163167,-0.9492129290767265,0.9713466923223387,No,0.9982011101462626,SW
2019.9166666666667,-0.029114625740054845,1.3820170860142555,-0.33457229805246547,-0.9492129290767265,0.9713466923223387,No,1.0183301622217353,SW
2020,-0.09131007862182623,1.3820726498468103,-0.25230335692777595,-0.9492129290767265,0.9713466923223387,No,1.0384592142972082,SW
2020.0833333333335,-0.10861721790154102,1.3821282136793653,-0.21492272940514345,-0.9492129290767265,0.9713466923223387,No,1.0585882663726809,SW
2020.1666666666667,-0.12818681863636694,1.3821837775119201,-0.043262790187097,-0.9492129290767265,0.9713466923223387,No,1.210734168688456,SW
2020.25,-0.057036894275934,1.3825070928243708,0.03740987245579497,-0.9492129290767265,0.9713466923223387,No,1.3628800710042317,SW
2020.3333333333335,-0.04577269395622786,1.3828304081368217,0.1779682591394134,-0.9492129290767265,0.9713466923223387,No,1.515025973320007,SW
2020.4166666666667,0.02190900452410119,1.3831537234492723,0.7648238610769196,-0.9492129290767265,0.9713466923223387,No,2.169886589050293,SW
2020.5,-0.010719177402023987,1.383477038761723,0.22096662785233678,-0.9492129290767265,0.9713466923223387,No,1.593724489212036,SW
2020.5833333333335,0.10388936664647114,1.3838003540741737,-0.07404147300183372,-0.9492129290767265,0.9713466923223387,No,1.413648247718811,SW
2020.6666666666667,0.10229187097328164,1.3841236693866246,-0.06931169349202704,-0.9492129290767265,0.9713466923223387,No,1.4171038468678792,SW
2020.75,0.14232776459522753,1.3844469846990752,-0.10621530327735518,-0.9492129290767265,0.9713466923223387,No,1.4205594460169475,SW
2020.8333333333335,0.10033950458087845,1.384770300011526,-0.061094759426388645,-0.9492129290767265,0.9713466923223387,No,1.4240150451660156,SW
2020.9166666666667,-0.029114625740054845,1.3850936153239768,0.07370421888165413,-0.9492129290767265,0.9713466923223387,No,1.4296832084655762,SW
2021,-0.09131007862182623,1.3854169306364275,0.11917208532518142,-0.9492129290767265,0.9713466923223387,No,1.4132789373397827,SW
2021.0833333333335,-0.10861721790154102,1.3857402459488781,0.11975163816665213,-0.9492129290767265,0.9713466923223387,No,1.3968746662139893,SW
2021.1666666666667,-0.12818681863636694,1.3860635612613288,0.12259365246323406,-0.9492129290767265,0.9713466923223387,No,1.3804703950881958,SW
2021.25,-0.057036894275934,1.3863868765737797,0.03471614166455672,-0.9492129290767265,0.9713466923223387,No,1.3640661239624023,SW
2021.3333333333335,-0.04577269395622786,1.3867101918862303,-0.18915248187012668,-0.9492129290767265,0.9713466923223387,No,1.1517850160598757,SW
2021.4166666666667,0.02190900452410119,1.3879000619875086,-0.1361098723187233,-0.9492129290767265,0.9713466923223387,No,1.2736991941928866,SW
2021.5,-0.010719177402023987,1.389089932088787,0.01724261763913404,-0.9492129290767265,0.9713466923223387,No,1.3956133723258972,SW
2021.5833333333335,0.10388936664647114,1.3902798021900653,0.023358381622371693,-0.9492129290767265,0.9713466923223387,No,1.517527550458908,SW
2021.6666666666667,0.10229187097328164,1.3914696722913436,0.14568018532729377,-0.9492129290767265,0.9713466923223387,No,1.639441728591919,SW
2021.75,0.14232776459522753,1.3926595423926218,0.07293053826132678,-0.9492129290767265,0.9713466923223387,No,1.607917845249176,SW
2021.8333333333335,0.10033950458087845,1.3938494124939003,0.08220504483165447,-0.9492129290767265,0.9713466923223387,No,1.576393961906433,SW
2021.9166666666667,-0.029114625740054845,1.3950392825951785,0.17894542170856642,-0.9492129290767265,0.9713466923223387,No,1.5448700785636902,SW
2022,-0.09131007862182623,1.3962291526964568,0.20842712114631667,-0.9492129290767265,0.9713466923223387,No,1.5133461952209473,SW
2022.0833333333335,-0.10861721790154102,1.3974190227977352,0.19302050698201012,-0.9492129290767265,0.9713466923223387,No,1.4818223118782043,SW
2022.1666666666667,-0.12818681863636694,1.3986088928990135,0.179876354272815,-0.9492129290767265,0.9713466923223387,No,1.4502984285354614,SW
2022.25,-0.057036894275934,1.3997987630002917,0.07601267646836085,-0.9492129290767265,0.9713466923223387,No,1.4187745451927185,SW
2022.3333333333335,-0.04577269395622786,1.40098863310157,0.03203472270463359,-0.9492129290767265,0.9713466923223387,No,1.3872506618499756,SW
2022.4166666666667,0.02190900452410119,1.4021785032028484,0.11748255967875121,-0.9492129290767265,0.9713466923223387,No,1.541570067405701,SW
2022.5,-0.010719177402023987,1.4033683733041267,0.23479419716938987,-0.9492129290767265,0.9713466923223387,No,1.6274433930714927,SW
2022.5833333333335,0.10388936664647114,1.404883688023935,0.2045436640668783,-0.9492129290767265,0.9713466923223387,No,1.7133167187372844,SW
2022.6666666666667,0.10229187097328164,1.4063990027437432,0.29049917068605136,-0.9492129290767265,0.9713466923223387,No,1.7991900444030762,SW
2022.75,0.14232776459522753,1.4079143174635516,-0.011134044110170604,-0.9492129290767265,0.9713466923223387,No,1.5391080379486084,SW
2022.8333333333335,0.10033950458087845,1.4094296321833597,-0.23074310527009745,-0.9492129290767265,0.9713466923223387,No,1.2790260314941406,SW
2022.9166666666667,-0.029114625740054845,1.410944946903168,-0.06946180900948762,-0.9492129290767265,0.9713466923223387,No,1.3123685121536257,SW
2023,-0.09131007862182623,1.4124602616229762,-0.16392517022191422,-0.9492129290767265,0.9713466923223387,No,1.1572250127792358,SW
2023.0833333333335,-0.10861721790154102,1.4139755763427846,-0.20122987848366303,-0.9492129290767265,0.9713466923223387,No,1.1041284799575806,SW
2023.1666666666667,-0.12818681863636694,1.415490891062593,-0.23627212529030062,-0.9492129290767265,0.9713466923223387,No,1.0510319471359253,SW
2023.25,-0.057036894275934,1.417006205782401,0.12055725499896486,-0.9492129290767265,0.9713466923223387,No,1.480526566505432,SW
2023.3333333333335,-0.04577269395622786,1.4185215205022095,0.14084913869449678,-0.9492129290767265,0.9713466923223387,No,1.5135979652404783,SW
2023.4166666666667,0.02190900452410119,1.4200368352220176,0.17959148802029956,-0.9492129290767265,0.9713466923223387,No,1.6215373277664185,SW
2023.5,-0.010719177402023987,1.421552149941826,-0.1395462465418773,-0.9492129290767265,0.9713466923223387,No,1.2712867259979248,SW
2023.5833333333335,0.10388936664647114,1.4230674646616341,0.08496865144183374,-0.9492129290767265,0.9713466923223387,No,1.611925482749939,SW
2023.6666666666667,0.10229187097328164,1.4245827793814425,0.08327246821369627,-0.9492129290767265,0.9713466923223387,No,1.6101471185684204,SW
2023.75,0.14232776459522753,1.4261259895765304,0.30932954432067383,-0.9492129290767265,0.9713466923223387,No,1.8777832984924316,SW
2023.8333333333335,0.10033950458087845,1.4276691997716182,-0.00301588075172754,-0.9492129290767265,0.9713466923223387,No,1.524992823600769,SW
2023.9166666666667,-0.029114625740054845,1.429212409966706,-0.16855793876003755,-0.9492129290767265,0.9713466923223387,No,1.2315398454666138,SW
2024,-0.09131007862182623,1.430755620161794,-0.08982069317418406,-0.9492129290767265,0.9713466923223387,No,1.2496248483657837,SW
2024.0833333333335,-0.10861721790154102,1.4322988303568818,0.38882670835306987,-0.9492129290767265,0.9713466923223387,No,1.7125083208084106,SW
2024.1666666666667,-0.12818681863636694,1.4338420405519696,-0.3479292201761006,-0.9492129290767265,0.9713466923223387,No,0.9577260017395021,SW
2024.25,-0.057036894275934,1.4353852507470575,0.06303965450757532,-0.9492129290767265,0.9713466923223387,No,1.4413880109786987,SW
2024.3333333333335,-0.04577269395622786,1.4369284609421455,-0.0674854591907108,-0.9492129290767265,0.9713466923223387,No,1.3236703077952068,SW
2024.4166666666667,0.02190900452410119,1.4384716711372334,-0.25442807104961984,-0.9492129290767265,0.9713466923223387,No,1.2059526046117148,SW
2024.5,-0.010719177402023987,1.4400148813323213,-0.3410608025020745,-0.9492129290767265,0.9713466923223387,No,1.0882349014282229,SW
2024.5833333333335,0.10388936664647114,1.441558091527409,-0.36766094897791657,-0.9492129290767265,0.9713466923223387,No,1.1777865091959636,SW
2024.6666666666667,0.10229187097328164,1.443101301722497,-0.27805505573207423,-0.9492129290767265,0.9713466923223387,No,1.2673381169637044,SW
2024.75,0.14232776459522753,1.4446445119175848,-0.23008255178136716,-0.9492129290767265,0.9713466923223387,No,1.356889724731445,SW
2024.8333333333335,0.10033950458087845,1.4461877221126727,0.07755498098619729,-0.9492129290767265,0.9713466923223387,No,1.6240822076797483,SW
2024.9166666666667,-0.029114625740054845,1.4476933979435982,-0.17360761608324315,-0.9492129290767265,0.9713466923223387,No,1.2449711561203003,SW
2025,-0.09131007862182623,1.4491990737745235,-0.34078436945079305,-0.9492129290767265,0.9713466923223387,No,1.0171046257019043,SW
2025.0833333333335,-0.10861721790154102,1.450704749605449,-0.5064847713889666,-0.9492129290767265,0.9713466923223387,No,0.8356027603149414,SW
2025.1666666666667,-0.12818681863636694,1.4522104254363744,-0.4140018248786206,-0.9492129290767265,0.9713466923223387,No,0.9100217819213868,SW
2025.25,-0.057036894275934,1.4537161012672999,0.030132845735379776,-0.9492129290767265,0.9713466923223387,No,1.4268120527267456,SW
2025.3333333333335,-0.04577269395622786,1.4552217770982252,0.032979982562348464,-0.9492129290767265,0.9713466923223387,No,1.4424290657043457,SW
2025.4166666666667,0.02190900452410119,1.4567274529291507,0.1668309430975905,-0.9492129290767265,0.9713466923223387,No,1.6454674005508425,SW
2025.5,-0.010719177402023987,1.458233128760076,-0.10572589784547892,-0.9492129290767265,0.9713466923223387,No,1.3417880535125732,SW
2025.5833333333335,0.10388936664647114,1.4597388045910016,0.335883642879959,-0.9492129290767265,0.9713466923223387,No,1.8995118141174316,SW
2025.6666666666667,0.10229187097328164,1.461244480421927,0.3359754627222231,-0.9492129290767265,0.9713466923223387,No,1.8995118141174316,SW
2025.75,0.14232776459522753,1.4627501562528524,0.29443389326935177,-0.9492129290767265,0.9713466923223387,No,1.8995118141174316,SW
2025.8333333333335,0.10033950458087845,1.4642558320837777,0.33491647745277553,-0.9492129290767265,0.9713466923223387,No,1.8995118141174316,SW
2025.9166666666667,-0.029114625740054845,1.4657615079147033,0.4628649319427831,-0.9492129290767265,0.9713466923223387,No,1.8995118141174316,SW
1981.6666666666667,0.17425271922560975,1.597888674881539,-0.156834539859102,-1.2550594236553805,1.2554407368091132,No,1.6153068542480469,S
1981.75,0.09830595733235753,1.5976639689266068,-0.08066307201091738,-1.2550594236553805,1.2554407368091132,No,1.6153068542480469,S
1981.8333333333335,-0.012558640406738248,1.5974392629716745,0.03042623168311054,-1.2550594236553805,1.2554407368091132,No,1.6153068542480469,S
1981.9166666666667,-0.13516743495372058,1.5972145570167422,0.02654740994991811,-1.2550594236553805,1.2554407368091132,No,1.4885945320129397,S
1982,-0.1989984080903745,1.5969898510618101,0.1550705668399659,-1.2550594236553805,1.2554407368091132,No,1.5530620098114016,S
1982.0833333333335,-0.1996500428393788,1.5967651451068778,0.22041438534236435,-1.2550594236553805,1.2554407368091132,No,1.6175294876098634,S
1982.1666666666667,-0.1914987063701861,1.5965404391519455,0.27695523262656585,-1.2550594236553805,1.2554407368091132,No,1.6819969654083253,S
1982.25,-0.05651356469759395,1.5963157331970133,0.20666227470736787,-1.2550594236553805,1.2554407368091132,No,1.746464443206787,S
1982.3333333333335,0.014021531019125094,1.596091027242081,0.20081936274404288,-1.2550594236553805,1.2554407368091132,No,1.810931921005249,S
1982.4166666666667,0.1238513620272431,1.5958663212871487,0.12197208213894695,-1.2550594236553805,1.2554407368091132,No,1.8416897654533386,S
1982.5,0.16505496315659252,1.5956416153322164,0.11175103141261933,-1.2550594236553805,1.2554407368091132,No,1.8724476099014282,S
1982.5833333333335,0.2189002788471323,1.5954169093772843,0.08888826612510092,-1.2550594236553805,1.2554407368091132,No,1.9032054543495176,S
1982.6666666666667,0.17425271922560975,1.595192203422352,0.16451837614964537,-1.2550594236553805,1.2554407368091132,No,1.9339632987976072,S
1982.75,0.09830595733235753,1.5949674974674197,0.10508804530449112,-1.2550594236553805,1.2554407368091132,No,1.7983615001042683,S
1982.8333333333335,-0.012558640406738248,1.5947427915124874,0.08057555030517993,-1.2550594236553805,1.2554407368091132,No,1.6627597014109292,S
1982.9166666666667,-0.13516743495372058,1.5949368944670124,0.0673884432042986,-1.2550594236553805,1.2554407368091132,No,1.5271579027175903,S
1983,-0.1989984080903745,1.595130997421537,-0.004576485306911238,-1.2550594236553805,1.2554407368091132,No,1.3915561040242515,S
1983.0833333333335,-0.1996500428393788,1.595325100376062,-0.13972075220577107,-1.2550594236553805,1.2554407368091132,No,1.2559543053309121,S
1983.1666666666667,-0.1914987063701861,1.5955192033305867,-0.2836679903228274,-1.2550594236553805,1.2554407368091132,No,1.1203525066375732,S
1983.25,-0.05651356469759395,1.5957133062851117,-0.30362353769630834,-1.2550594236553805,1.2554407368091132,No,1.2355762038912093,S
1983.3333333333335,0.014021531019125094,1.5959074092396364,-0.2591290391139165,-1.2550594236553805,1.2554407368091132,No,1.350799901144845,S
1983.4166666666667,0.1238513620272431,1.5961015121941613,-0.25392927582292324,-1.2550594236553805,1.2554407368091132,No,1.466023598398481,S
1983.5,0.16505496315659252,1.5962956151486862,-0.18010328265316167,-1.2550594236553805,1.2554407368091132,No,1.581247295652117,S
1983.5833333333335,0.2189002788471323,1.596489718103211,-0.11891900404459022,-1.2550594236553805,1.2554407368091132,No,1.696470992905753,S
1983.6666666666667,0.17425271922560975,1.5966838210577359,0.040758149876043204,-1.2550594236553805,1.2554407368091132,No,1.8116946901593889,S
1983.75,0.09830595733235753,1.5968779240122606,0.23173450606840684,-1.2550594236553805,1.2554407368091132,No,1.926918387413025,S
1983.8333333333335,-0.012558640406738248,1.5970720269667855,0.0584181939834707,-1.2550594236553805,1.2554407368091132,No,1.642931580543518,S
1983.9166666666667,-0.13516743495372058,1.5972661299213102,0.1627158153778694,-1.2550594236553805,1.2554407368091132,No,1.624814510345459,S
1984,-0.1989984080903745,1.5974602328758352,0.22817382884656712,-1.2550594236553805,1.2554407368091132,No,1.626635653632028,S
1984.0833333333335,-0.1996500428393788,1.5981198977134574,0.22998694204451797,-1.2550594236553805,1.2554407368091132,No,1.6284567969185966,S
1984.1666666666667,-0.1914987063701861,1.5987795625510797,0.22299708402427165,-1.2550594236553805,1.2554407368091132,No,1.6302779402051653,S
1984.25,-0.05651356469759395,1.5994392273887021,0.08917342080062607,-1.2550594236553805,1.2554407368091132,No,1.6320990834917342,S
1984.3333333333335,0.014021531019125094,1.6000988922263244,0.019799803532853266,-1.2550594236553805,1.2554407368091132,No,1.6339202267783028,S
1984.4166666666667,0.1238513620272431,1.6007585570639467,-0.08886854902631813,-1.2550594236553805,1.2554407368091132,No,1.6357413700648715,S
1984.5,0.16505496315659252,1.601418221901569,-0.128910671706721,-1.2550594236553805,1.2554407368091132,No,1.6375625133514404,S
1984.5833333333335,0.2189002788471323,1.6020778867391914,-0.18159450894831464,-1.2550594236553805,1.2554407368091132,No,1.6393836566380091,S
1984.6666666666667,0.17425271922560975,1.6027375515768136,-0.13578547087784565,-1.2550594236553805,1.2554407368091132,No,1.6412047999245778,S
1984.75,0.09830595733235753,1.6033972164144359,-0.05867723053564666,-1.2550594236553805,1.2554407368091132,No,1.6430259432111467,S
1984.8333333333335,-0.012558640406738248,1.6040568812520581,0.053348845652395394,-1.2550594236553805,1.2554407368091132,No,1.6448470864977154,S
1984.9166666666667,-0.13516743495372058,1.6047165460896804,0.17711911864832453,-1.2550594236553805,1.2554407368091132,No,1.6466682297842843,S
1985,-0.1989984080903745,1.6053762109273029,0.2421115702339245,-1.2550594236553805,1.2554407368091132,No,1.648489373070853,S
1985.0833333333335,-0.1996500428393788,1.6060358757649251,0.24392468343187534,-1.2550594236553805,1.2554407368091132,No,1.6503105163574217,S
1985.1666666666667,-0.1914987063701861,1.6066955406025474,0.23693482541162925,-1.2550594236553805,1.2554407368091132,No,1.6521316596439906,S
1985.25,-0.05651356469759395,1.6077756161305465,0.10269075149760676,-1.2550594236553805,1.2554407368091132,No,1.6539528029305592,S
1985.3333333333335,0.014021531019125094,1.6088556916585455,0.03289672353945727,-1.2550594236553805,1.2554407368091132,No,1.655773946217128,S
1985.4166666666667,0.1238513620272431,1.6099357671865446,-0.07619203971009081,-1.2550594236553805,1.2554407368091132,No,1.6575950895036968,S
1985.5,0.16505496315659252,1.6110158427145438,-0.1166545730808708,-1.2550594236553805,1.2554407368091132,No,1.6594162327902655,S
1985.5833333333335,0.2189002788471323,1.6120959182425427,-0.16975882101284068,-1.2550594236553805,1.2554407368091132,No,1.6612373760768344,S
1985.6666666666667,0.17425271922560975,1.6131759937705419,-0.1243701936327486,-1.2550594236553805,1.2554407368091132,No,1.663058519363403,S
1985.75,0.09830595733235753,1.6142560692985408,-0.17865413631107407,-1.2550594236553805,1.2554407368091132,No,1.5339078903198242,S
1985.8333333333335,-0.012558640406738248,1.61533614482654,-0.08848365144541503,-1.2550594236553805,1.2554407368091132,No,1.5142938529743868,S
1985.9166666666667,-0.13516743495372058,1.6164162203545391,0.013431030228130858,-1.2550594236553805,1.2554407368091132,No,1.4946798156289494,S
1986,-0.1989984080903745,1.617496295882538,0.05656789049134847,-1.2550594236553805,1.2554407368091132,No,1.4750657782835122,S
1986.0833333333335,-0.1996500428393788,1.6185763714105372,0.03652541236691609,-1.2550594236553805,1.2554407368091132,No,1.4554517409380745,S
1986.1666666666667,-0.1914987063701861,1.6196564469385364,0.007679963024286751,-1.2550594236553805,1.2554407368091132,No,1.435837703592637,S
1986.25,-0.05651356469759395,1.6207365224665353,-0.14799929152174163,-1.2550594236553805,1.2554407368091132,No,1.4162236662471996,S
1986.3333333333335,0.014021531019125094,1.6218165979945345,-0.23922850011189745,-1.2550594236553805,1.2554407368091132,No,1.3966096289017622,S
1986.4166666666667,0.1238513620272431,1.6236670215963502,-0.37052279206726846,-1.2550594236553805,1.2554407368091132,No,1.3769955915563248,S
1986.5,0.16505496315659252,1.6255174451981658,-0.43319085414387115,-1.2550594236553805,1.2554407368091132,No,1.3573815542108871,S
1986.5833333333335,0.2189002788471323,1.6273678687999813,-0.508500630781664,-1.2550594236553805,1.2554407368091132,No,1.3377675168654497,S
1986.6666666666667,0.17425271922560975,1.629218292401797,-0.4853175321073946,-1.2550594236553805,1.2554407368091132,No,1.3181534795200123,S
1986.75,0.09830595733235753,1.6310687160036128,-0.43083523116139544,-1.2550594236553805,1.2554407368091132,No,1.2985394421745748,S
1986.8333333333335,-0.012558640406738248,1.6329191396054283,-0.34143509436955277,-1.2550594236553805,1.2554407368091132,No,1.2789254048291374,S
1986.9166666666667,-0.13516743495372058,1.6347695632072439,-0.24029076076982325,-1.2550594236553805,1.2554407368091132,No,1.2593113674837,S
1987,-0.1989984080903745,1.6366199868090596,-0.19792424858042268,-1.2550594236553805,1.2554407368091132,No,1.2396973301382626,S
1987.0833333333335,-0.1996500428393788,1.6384704104108754,-0.21873707477867144,-1.2550594236553805,1.2554407368091132,No,1.2200832927928251,S
1987.1666666666667,-0.1914987063701861,1.640320834012691,-0.24835287219511715,-1.2550594236553805,1.2554407368091132,No,1.2004692554473877,S
1987.25,-0.05651356469759395,1.6421712576145064,-0.3526780078487819,-1.2550594236553805,1.2554407368091132,No,1.2329796850681305,S
1987.3333333333335,0.014021531019125094,1.6440216812163222,-0.3925530975465741,-1.2550594236553805,1.2554407368091132,No,1.2654901146888733,S
1987.4166666666667,0.1238513620272431,1.645872104818138,-0.47172292253576487,-1.2550594236553805,1.2554407368091132,No,1.298000544309616,S
1987.5,0.16505496315659252,1.6477225284199535,-0.4822665176461871,-1.2550594236553805,1.2554407368091132,No,1.3305109739303589,S
1987.5833333333335,0.2189002788471323,1.6506788572710263,-0.13822120402739935,-1.2550594236553805,1.2554407368091132,No,1.7313579320907593,S
1987.6666666666667,0.17425271922560975,1.6536351861220993,0.20536528755390226,-1.2550594236553805,1.2554407368091132,No,2.0332531929016113,S
1987.75,0.09830595733235753,1.656591514973172,-0.2887080878450803,-1.2550594236553805,1.2554407368091132,No,1.4661893844604492,S
1987.8333333333335,-0.012558640406738248,1.659547843824245,-0.14913836147143478,-1.2550594236553805,1.2554407368091132,No,1.497850841946072,S
1987.9166666666667,-0.13516743495372058,1.6625041726753178,0.0021755617100978064,-1.2550594236553805,1.2554407368091132,No,1.529512299431695,S
1988,-0.1989984080903745,1.6654605015263908,0.09471166348130144,-1.2550594236553805,1.2554407368091132,No,1.5611737569173179,S
1988.0833333333335,-0.1996500428393788,1.6684168303774636,0.12406842686485597,-1.2550594236553805,1.2554407368091132,No,1.5928352144029407,S
1988.1666666666667,-0.1914987063701861,1.6713731592285364,0.1446222190302131,-1.2550594236553805,1.2554407368091132,No,1.6244966718885634,S
1988.25,-0.05651356469759395,1.6743294880796094,0.038342205992170975,-1.2550594236553805,1.2554407368091132,No,1.6561581293741863,S
1988.3333333333335,0.014021531019125094,1.6772858169306821,-0.0034877610899981537,-1.2550594236553805,1.2554407368091132,No,1.6878195868598092,S
1988.4166666666667,0.1238513620272431,1.6802421457817551,-0.0846124634635661,-1.2550594236553805,1.2554407368091132,No,1.719481044345432,S
1988.5,0.16505496315659252,1.683198474632828,-0.09711093595836551,-1.2550594236553805,1.2554407368091132,No,1.751142501831055,S
1988.5833333333335,0.2189002788471323,1.686154803483901,0.05846091460194991,-1.2550594236553805,1.2554407368091132,No,1.9635159969329832,S
1988.6666666666667,0.17425271922560975,1.6891111323349737,0.12250861218592068,-1.2550594236553805,1.2554407368091132,No,1.9858724637465042,S
1988.75,0.09830595733235753,1.6914740428301993,0.21844893039746816,-1.2550594236553805,1.2554407368091132,No,2.008228930560025,S
1988.8333333333335,-0.012558640406738248,1.693836953325425,0.34930708445485914,-1.2550594236553805,1.2554407368091132,No,2.030585397373546,S
1988.9166666666667,-0.13516743495372058,1.6961998638206506,0.491909435320137,-1.2550594236553805,1.2554407368091132,No,2.052941864187067,S
1989,-0.1989984080903745,1.6985627743158762,0.5757339647750861,-1.2550594236553805,1.2554407368091132,No,2.075298331000588,S
1989.0833333333335,-0.1996500428393788,1.7009256848111018,0.5963791558423859,-1.2550594236553805,1.2554407368091132,No,2.097654797814109,S
1989.1666666666667,-0.1914987063701861,1.7032885953063275,0.6082213756914885,-1.2550594236553805,1.2554407368091132,No,2.12001126462763,S
1989.25,-0.05651356469759395,1.7056515058015531,0.4932297903371916,-1.2550594236553805,1.2554407368091132,No,2.142367731441151,S
1989.3333333333335,0.014021531019125094,1.7080144162967787,0.44268825093876796,-1.2550594236553805,1.2554407368091132,No,2.164724198254672,S
1989.4166666666667,0.1238513620272431,1.7103773267920044,0.3528519762489455,-1.2550594236553805,1.2554407368091132,No,2.187080665068193,S
1989.5,0.16505496315659252,1.71274023728723,0.33164193143789156,-1.2550594236553805,1.2554407368091132,No,2.209437131881714,S
1989.5833333333335,0.2189002788471323,1.7151031477824557,0.1722316006836444,-1.2550594236553805,1.2554407368091132,No,2.1062350273132324,S
1989.6666666666667,0.17425271922560975,1.7174660582776813,0.07306644073553947,-1.2550594236553805,1.2554407368091132,No,1.9647852182388306,S
1989.75,0.09830595733235753,1.719828968772907,0.005200483059164318,-1.2550594236553805,1.2554407368091132,No,1.8233354091644287,S
1989.8333333333335,-0.012558640406738248,1.7221918792681326,0.023201100280451303,-1.2550594236553805,1.2554407368091132,No,1.7328343391418457,S
1989.9166666666667,-0.13516743495372058,1.7220272159472567,-0.014699775424078076,-1.2550594236553805,1.2554407368091132,No,1.572160005569458,S
1990,-0.1989984080903745,1.721862552626381,-0.1113784725389364,-1.2550594236553805,1.2554407368091132,No,1.4114856719970703,S
1990.0833333333335,-0.1996500428393788,1.7216978893055053,-0.27123650804144384,-1.2550594236553805,1.2554407368091132,No,1.2508113384246826,S
1990.1666666666667,-0.1914987063701861,1.7215332259846297,-0.43989751476214867,-1.2550594236553805,1.2554407368091132,No,1.090137004852295,S
1990.25,-0.05651356469759395,1.7213685626637538,-0.5164756124948158,-1.2550594236553805,1.2554407368091132,No,1.148379385471344,S
1990.3333333333335,0.014021531019125094,1.7212038993428782,-0.5286036642716103,-1.2550594236553805,1.2554407368091132,No,1.206621766090393,S
1990.4166666666667,0.1238513620272431,1.7210392360220024,-0.37654364465721657,-1.2550594236553805,1.2554407368091132,No,1.4683469533920288,S
1990.5,0.16505496315659252,1.7208745727011265,-0.1558573951640545,-1.2550594236553805,1.2554407368091132,No,1.7300721406936646,S
1990.5833333333335,0.2189002788471323,1.720709909380251,0.23879676558426222,-1.2550594236553805,1.2554407368091132,No,2.1784069538116455,S
1990.6666666666667,0.17425271922560975,1.720545246059375,0.2876055395634953,-1.2550594236553805,1.2554407368091132,No,2.1824035048484802,S
1990.75,0.09830595733235753,1.7203805827384995,0.36771351581445777,-1.2550594236553805,1.2554407368091132,No,2.186400055885315,S
1990.8333333333335,-0.012558640406738248,1.7202159194176236,0.48273932791126417,-1.2550594236553805,1.2554407368091132,No,2.1903966069221497,S
1990.9166666666667,-0.13516743495372058,1.720051256096748,0.609509336815957,-1.2550594236553805,1.2554407368091132,No,2.1943931579589844,S
1991,-0.1989984080903745,1.7198865927758722,0.6775015243103213,-1.2550594236553805,1.2554407368091132,No,2.198389708995819,S
1991.0833333333335,-0.1996500428393788,1.7164625780543774,0.6855737248176552,-1.2550594236553805,1.2554407368091132,No,2.202386260032654,S
1991.1666666666667,-0.1914987063701861,1.7130385633328826,0.684842954106792,-1.2550594236553805,1.2554407368091132,No,2.2063828110694885,S
1991.25,-0.05651356469759395,1.7096145486113878,0.5572783781925292,-1.2550594236553805,1.2554407368091132,No,2.2103793621063232,S
1991.3333333333335,0.014021531019125094,1.706190533889893,0.4941638482341397,-1.2550594236553805,1.2554407368091132,No,2.214375913143158,S
1991.4166666666667,0.1238513620272431,1.7027665191683983,0.3917545829843514,-1.2550594236553805,1.2554407368091132,No,2.2183724641799927,S
1991.5,0.16505496315659252,1.6993425044469035,0.3579715476133316,-1.2550594236553805,1.2554407368091132,No,2.2223690152168274,S
1991.5833333333335,0.2189002788471323,1.6959184897254085,0.3115467976811215,-1.2550594236553805,1.2554407368091132,No,2.226365566253662,S
1991.6666666666667,0.17425271922560975,1.6924944750039137,-0.2984486159671944,-1.2550594236553805,1.2554407368091132,No,1.568298578262329,S
1991.75,0.09830595733235753,1.689070460282419,-0.2054612286953621,-1.2550594236553805,1.2554407368091132,No,1.5819151889194143,S
1991.8333333333335,-0.012558640406738248,1.6856464455609241,-0.07755600557768672,-1.2550594236553805,1.2554407368091132,No,1.5955317995764993,S
1991.9166666666667,-0.13516743495372058,1.6822224308394294,0.06209341434787552,-1.2550594236553805,1.2554407368091132,No,1.6091484102335842,S
1992,-0.1989984080903745,1.6787984161179346,0.14296501286310925,-1.2550594236553805,1.2554407368091132,No,1.6227650208906694,S
1992.0833333333335,-0.1996500428393788,1.6753744013964398,0.16065727299069343,-1.2550594236553805,1.2554407368091132,No,1.6363816315477544,S
1992.1666666666667,-0.1914987063701861,1.671950386674945,0.16954656190008066,-1.2550594236553805,1.2554407368091132,No,1.6499982422048396,S
1992.25,-0.05651356469759395,1.666957831210337,0.05317058634918159,-1.2550594236553805,1.2554407368091132,No,1.6636148528619246,S
1992.3333333333335,0.014021531019125094,1.661965275745729,0.0012446567541555265,-1.2550594236553805,1.2554407368091132,No,1.6772314635190098,S
1992.4166666666667,0.1238513620272431,1.656972720281121,-0.08997600813226914,-1.2550594236553805,1.2554407368091132,No,1.690848074176095,S
1992.5,0.16505496315659252,1.6519801648165133,-0.11257044313992592,-1.2550594236553805,1.2554407368091132,No,1.70446468483318,S
1992.5833333333335,0.2189002788471323,1.6469876093519054,-0.14780659270877283,-1.2550594236553805,1.2554407368091132,No,1.718081295490265,S
1992.6666666666667,0.17425271922560975,1.6419950538872974,-0.08454986696555711,-1.2550594236553805,1.2554407368091132,No,1.73169790614735,S
1992.75,0.09830595733235753,1.6370024984226894,0.010006061049388393,-1.2550594236553805,1.2554407368091132,No,1.7453145168044353,S
1992.8333333333335,-0.012558640406738248,1.6320099429580814,0.13947982491017696,-1.2550594236553805,1.2554407368091132,No,1.7589311274615202,S
1992.9166666666667,-0.13516743495372058,1.6270173874934735,0.2806977855788524,-1.2550594236553805,1.2554407368091132,No,1.7725477381186052,S
1993,-0.1989984080903745,1.6220248320288655,0.3631379248371993,-1.2550594236553805,1.2554407368091132,No,1.7861643487756904,S
1993.0833333333335,-0.1996500428393788,1.6170322765642577,0.38239872570789646,-1.2550594236553805,1.2554407368091132,No,1.7997809594327754,S
1993.1666666666667,-0.1914987063701861,1.6120397210996498,0.3928565553603971,-1.2550594236553805,1.2554407368091132,No,1.8133975700898608,S
1993.25,-0.05651356469759395,1.6070471656350418,0.27648057980949803,-1.2550594236553805,1.2554407368091132,No,1.8270141807469458,S
1993.3333333333335,0.014021531019125094,1.6020546101704338,0.22455465021447174,-1.2550594236553805,1.2554407368091132,No,1.8406307914040307,S
1993.4166666666667,0.1238513620272431,1.5971460337602141,0.1332500062736588,-1.2550594236553805,1.2554407368091132,No,1.854247402061116,S
1993.5,0.16505496315659252,1.5922374573499947,0.11057159221161372,-1.2550594236553805,1.2554407368091132,No,1.867864012718201,S
1993.5833333333335,0.2189002788471323,1.587328880939775,-0.3944516634490167,-1.2550594236553805,1.2554407368091132,No,1.4117774963378906,S
1993.6666666666667,0.17425271922560975,1.5824203045295555,-0.3654510683365786,-1.2550594236553805,1.2554407368091132,No,1.3912219554185867,S
1993.75,0.09830595733235753,1.5775117281193358,-0.30515127095241046,-1.2550594236553805,1.2554407368091132,No,1.3706664144992828,S
1993.8333333333335,-0.012558640406738248,1.5726031517091164,-0.20993363772239926,-1.2550594236553805,1.2554407368091132,No,1.350110873579979,S
1993.9166666666667,-0.13516743495372058,1.5676945752988967,-0.10297180768450098,-1.2550594236553805,1.2554407368091132,No,1.329555332660675,S
1994,-0.1989984080903745,1.562785998888677,-0.05478779905693143,-1.2550594236553805,1.2554407368091132,No,1.3089997917413712,S
1994.0833333333335,-0.1996500428393788,1.5578774224784575,-0.06978312881701143,-1.2550594236553805,1.2554407368091132,No,1.2884442508220673,S
1994.1666666666667,-0.1914987063701861,1.5529688460682378,-0.09358142979528838,-1.2550594236553805,1.2554407368091132,No,1.2678887099027634,S
1994.25,-0.05651356469759395,1.5480602696580184,-0.24421353597696482,-1.2550594236553805,1.2554407368091132,No,1.2473331689834595,S
1994.3333333333335,0.014021531019125094,1.5431516932477987,-0.33039559620276826,-1.2550594236553805,1.2554407368091132,No,1.2267776280641556,S
1994.4166666666667,0.1238513620272431,1.5382431168375792,-0.4558723917199705,-1.2550594236553805,1.2554407368091132,No,1.2062220871448517,S
1994.5,0.16505496315659252,1.5333345404273595,-0.5127229573584042,-1.2550594236553805,1.2554407368091132,No,1.1856665462255478,S
1994.5833333333335,0.2189002788471323,1.5280149457593286,-0.5818042193002171,-1.2550594236553805,1.2554407368091132,No,1.165111005306244,S
1994.6666666666667,0.17425271922560975,1.5226953510912977,-0.5523926059299675,-1.2550594236553805,1.2554407368091132,No,1.14455546438694,S
1994.75,0.09830595733235753,1.5173757564232668,-0.4916817902879882,-1.2550594236553805,1.2554407368091132,No,1.123999923467636,S
1994.8333333333335,-0.012558640406738248,1.512056161755236,-0.39605313880016557,-1.2550594236553805,1.2554407368091132,No,1.1034443825483322,S
1994.9166666666667,-0.13516743495372058,1.506736567087205,-0.2886802905044561,-1.2550594236553805,1.2554407368091132,No,1.0828888416290283,S
1995,-0.1989984080903745,1.5014169724191742,-0.24223891354526095,-1.2550594236553805,1.2554407368091132,No,1.0601796507835388,S
1995.0833333333335,-0.1996500428393788,1.4960973777511433,-0.25897687497371535,-1.2550594236553805,1.2554407368091132,No,1.037470459938049,S
1995.1666666666667,-0.1914987063701861,1.4907777830831126,-0.16759936298688283,-1.2550594236553805,1.2554407368091132,No,1.1316797137260437,S
1995.25,-0.05651356469759395,1.4854581884150817,-0.20305565620344956,-1.2550594236553805,1.2554407368091132,No,1.225888967514038,S
1995.3333333333335,0.014021531019125094,1.4801385937470508,-0.16052006593082857,-1.2550594236553805,1.2554407368091132,No,1.3336400588353474,S
1995.4166666666667,0.1238513620272431,1.47481899907902,-0.15727921094960617,-1.2550594236553805,1.2554407368091132,No,1.4413911501566568,S
1995.5,0.16505496315659252,1.469499404410989,-0.08541212608961524,-1.2550594236553805,1.2554407368091132,No,1.5491422414779663,S
1995.5833333333335,0.2189002788471323,1.4641798097429581,-0.026186755790814864,-1.2550594236553805,1.2554407368091132,No,1.6568933327992756,S
1995.6666666666667,0.17425271922560975,1.4588602150749272,0.13153148982004792,-1.2550594236553805,1.2554407368091132,No,1.764644424120585,S
1995.75,0.09830595733235753,1.4553329995369413,0.31875655857259555,-1.2550594236553805,1.2554407368091132,No,1.8723955154418943,S
1995.8333333333335,-0.012558640406738248,1.451805783998955,0.11735199657501938,-1.2550594236553805,1.2554407368091132,No,1.5565991401672363,S
1995.9166666666667,-0.13516743495372058,1.4482785684609691,-0.05575878136491452,-1.2550594236553805,1.2554407368091132,No,1.257352352142334,S
1996,-0.1989984080903745,1.4447513529229832,-0.14744438160018647,-1.2550594236553805,1.2554407368091132,No,1.0983085632324223,S
1996.0833333333335,-0.1996500428393788,1.4412241373849972,0.011911942708715317,-1.2550594236553805,1.2554407368091132,No,1.2534860372543337,S
1996.1666666666667,-0.1914987063701861,1.437696921847011,0.16246529579942037,-1.2550594236553805,1.2554407368091132,No,1.4086635112762453,S
1996.25,-0.05651356469759395,1.434169706309025,0.18618484368672572,-1.2550594236553805,1.2554407368091132,No,1.5638409852981567,S
1996.3333333333335,0.014021531019125094,1.430642490771039,0.27435443752990407,-1.2550594236553805,1.2554407368091132,No,1.7190184593200684,S
1996.4166666666667,0.1238513620272431,1.427115275233053,0.32322929608168405,-1.2550594236553805,1.2554407368091132,No,1.87419593334198,S
1996.5,0.16505496315659252,1.423588059695067,0.24320607535390693,-1.2550594236553805,1.2554407368091132,No,1.8318490982055664,S
1996.5833333333335,0.2189002788471323,1.420060844157081,0.11446255289052387,-1.2550594236553805,1.2554407368091132,No,1.7534236758947372,S
1996.6666666666667,0.17425271922560975,1.416533628619095,0.08421190573920323,-1.2550594236553805,1.2554407368091132,No,1.674998253583908,S
1996.75,0.09830595733235753,1.4130064130811089,0.08526046085961259,-1.2550594236553805,1.2554407368091132,No,1.596572831273079,S
1996.8333333333335,-0.012558640406738248,1.409479197543123,0.12122685182586501,-1.2550594236553805,1.2554407368091132,No,1.5181474089622498,S
1996.9166666666667,-0.13516743495372058,1.408528981086924,0.1663604405182173,-1.2550594236553805,1.2554407368091132,No,1.4397219866514206,S
1997,-0.1989984080903745,1.4075787646307247,0.1527162078002411,-1.2550594236553805,1.2554407368091132,No,1.3612965643405914,S
1997.0833333333335,-0.1996500428393788,1.4066285481745258,0.07589263669461532,-1.2550594236553805,1.2554407368091132,No,1.2828711420297623,S
1997.1666666666667,-0.1914987063701861,1.4056783317183268,-0.009733905629207618,-1.2550594236553805,1.2554407368091132,No,1.204445719718933,S
1997.25,-0.05651356469759395,1.4047281152621278,-0.008372350285297925,-1.2550594236553805,1.2554407368091132,No,1.3398422002792358,S
1997.3333333333335,0.014021531019125094,1.4037778988059286,0.04939918048073211,-1.2550594236553805,1.2554407368091132,No,1.467198610305786,S
1997.4166666666667,0.1238513620272431,1.4028276823497297,-0.1702404075971875,-1.2550594236553805,1.2554407368091132,No,1.3564386367797852,S
1997.5,0.16505496315659252,1.4018774658935307,-0.4376294505344982,-1.2550594236553805,1.2554407368091132,No,1.129302978515625,S
1997.5833333333335,0.2189002788471323,1.4009272494373315,-0.3296394541725254,-1.2550594236553805,1.2554407368091132,No,1.2901880741119385,S
1997.6666666666667,0.17425271922560975,1.3999770329811325,0.18511935553556724,-1.2550594236553805,1.2554407368091132,No,1.7593491077423096,S
1997.75,0.09830595733235753,1.3990268165249335,0.2478579657743618,-1.2550594236553805,1.2554407368091132,No,1.7451907396316528,S
1997.8333333333335,-0.012558640406738248,1.3980766000687346,0.1824060630125639,-1.2550594236553805,1.2554407368091132,No,1.5679240226745603,S
1997.9166666666667,-0.13516743495372058,1.3971263836125354,0.18562130939273946,-1.2550594236553805,1.2554407368091132,No,1.4475802580515542,S
1998,-0.1989984080903745,1.3961761671563364,0.1300587343625863,-1.2550594236553805,1.2554407368091132,No,1.3272364934285483,S
1998.0833333333335,-0.1996500428393788,1.3959140622663675,0.010628709378553314,-1.2550594236553805,1.2554407368091132,No,1.206892728805542,S
1998.1666666666667,-0.1914987063701861,1.3956519573763986,-0.0868354552527335,-1.2550594236553805,1.2554407368091132,No,1.117317795753479,S
1998.25,-0.05651356469759395,1.3953898524864297,0.20231350198319809,-1.2550594236553805,1.2554407368091132,No,1.5411897897720337,S
1998.3333333333335,0.014021531019125094,1.3951277475964605,0.10627315499914514,-1.2550594236553805,1.2554407368091132,No,1.5154224336147308,S
1998.4166666666667,0.1238513620272431,1.3948656427064916,-0.02906192727630663,-1.2550594236553805,1.2554407368091132,No,1.489655077457428,S
1998.5,0.16505496315659252,1.3946035378165227,-0.09577077967299008,-1.2550594236553805,1.2554407368091132,No,1.4638877213001251,S
1998.5833333333335,0.2189002788471323,1.3943414329265538,-0.17512134663086387,-1.2550594236553805,1.2554407368091132,No,1.4381203651428223,S
1998.6666666666667,0.17425271922560975,1.3940793280365849,-0.15597903827667525,-1.2550594236553805,1.2554407368091132,No,1.4123530089855194,S
1998.75,0.09830595733235753,1.393817223146616,-0.10553752765075686,-1.2550594236553805,1.2554407368091132,No,1.3865856528282166,S
1998.8333333333335,-0.012558640406738248,1.393555118256647,-0.02017818117899517,-1.2550594236553805,1.2554407368091132,No,1.3608182966709137,S
1998.9166666666667,-0.13516743495372058,1.3932930133666779,0.0769253621006536,-1.2550594236553805,1.2554407368091132,No,1.3350509405136108,S
1999,-0.1989984080903745,1.393030908476709,0.11525108396997341,-1.2550594236553805,1.2554407368091132,No,1.309283584356308,S
1999.0833333333335,-0.1996500428393788,1.39276880358674,0.0903974674516439,-1.2550594236553805,1.2554407368091132,No,1.2835162281990051,S
1999.1666666666667,-0.1914987063701861,1.3925066986967711,0.05674087971511721,-1.2550594236553805,1.2554407368091132,No,1.2577488720417023,S
1999.25,-0.05651356469759395,1.392023022393073,-0.1035279418110795,-1.2550594236553805,1.2554407368091132,No,1.2319815158843994,S
1999.3333333333335,0.014021531019125094,1.391539346089375,-0.20546808459751387,-1.2550594236553805,1.2554407368091132,No,1.2000927925109863,S
1999.4166666666667,0.1238513620272431,1.3910556697856769,-0.3467029626753466,-1.2550594236553805,1.2554407368091132,No,1.1682040691375732,S
1999.5,0.16505496315659252,1.3905719934819787,-0.41931161087441104,-1.2550594236553805,1.2554407368091132,No,1.1363153457641602,S
1999.5833333333335,0.2189002788471323,1.3900883171782807,-0.504561973634666,-1.2550594236553805,1.2554407368091132,No,1.104426622390747,S
1999.6666666666667,0.17425271922560975,1.3896046408745826,-0.4913194610828584,-1.2550594236553805,1.2554407368091132,No,1.072537899017334,S
1999.75,0.09830595733235753,1.3891209645708846,-0.4467777462593212,-1.2550594236553805,1.2554407368091132,No,1.040649175643921,S
1999.8333333333335,-0.012558640406738248,1.3886372882671865,-0.3673181955899405,-1.2550594236553805,1.2554407368091132,No,1.0087604522705078,S
1999.9166666666667,-0.13516743495372058,1.3881536119634883,-0.27611444811267294,-1.2550594236553805,1.2554407368091132,No,0.9768717288970947,S
2000,-0.1989984080903745,1.3876699356597904,-0.24368852204573432,-1.2550594236553805,1.2554407368091132,No,0.9449830055236815,S
2000.0833333333335,-0.1996500428393788,1.3871862593560922,-0.2744419343664448,-1.2550594236553805,1.2554407368091132,No,0.9130942821502686,S
2000.1666666666667,-0.1914987063701861,1.386702583052394,-0.3139983179053525,-1.2550594236553805,1.2554407368091132,No,0.8812055587768555,S
2000.25,-0.05651356469759395,1.386218906748696,-0.1503954970803989,-1.2550594236553805,1.2554407368091132,No,1.1793098449707031,S
2000.3333333333335,0.014021531019125094,1.385735230444998,0.07765736970042769,-1.2550594236553805,1.2554407368091132,No,1.4774141311645508,S
2000.4166666666667,0.1238513620272431,1.3868772514072294,0.25180441548601906,-1.2550594236553805,1.2554407368091132,No,1.7625330289204915,S
2000.5,0.16505496315659252,1.3880192723694609,0.49457769115037875,-1.2550594236553805,1.2554407368091132,No,2.047651926676432,S
2000.5833333333335,0.2189002788471323,1.3891612933316924,0.7247092522535485,-1.2550594236553805,1.2554407368091132,No,2.332770824432373,S
2000.6666666666667,0.17425271922560975,1.3903033142939238,0.6832328480347896,-1.2550594236553805,1.2554407368091132,No,2.247788881554323,S
2000.75,0.09830595733235753,1.3914453352561553,0.6730556460877599,-1.2550594236553805,1.2554407368091132,No,2.162806938676273,S
2000.8333333333335,-0.012558640406738248,1.3925873562183868,0.6977962799865745,-1.2550594236553805,1.2554407368091132,No,2.077824995798223,S
2000.9166666666667,-0.13516743495372058,1.3937293771806183,0.7342811106932756,-1.2550594236553805,1.2554407368091132,No,1.9928430529201733,S
2001,-0.1989984080903745,1.39487139814285,0.7119881199896478,-1.2550594236553805,1.2554407368091132,No,1.9078611100421234,S
2001.0833333333335,-0.1996500428393788,1.3960134191050815,0.6265157908983705,-1.2550594236553805,1.2554407368091132,No,1.8228791671640732,S
2001.1666666666667,-0.1914987063701861,1.397155440067313,0.5322404905888964,-1.2550594236553805,1.2554407368091132,No,1.7378972242860233,S
2001.25,-0.05651356469759395,1.3982974610295444,0.3111313850760229,-1.2550594236553805,1.2554407368091132,No,1.6529152814079733,S
2001.3333333333335,0.014021531019125094,1.399439481991776,0.15447232551902235,-1.2550594236553805,1.2554407368091132,No,1.5679333385299234,S
2001.4166666666667,0.1238513620272431,1.4005815029540074,-0.04148146932937702,-1.2550594236553805,1.2554407368091132,No,1.4829513956518734,S
2001.5,0.16505496315659252,1.401723523916239,-0.16880903429900807,-1.2550594236553805,1.2554407368091132,No,1.3979694527738233,S
2001.5833333333335,0.2189002788471323,1.4057251037535468,-0.3116378727049056,-1.2550594236553805,1.2554407368091132,No,1.3129875098957735,S
2001.6666666666667,0.17425271922560975,1.4097266835908544,-0.35597383579874053,-1.2550594236553805,1.2554407368091132,No,1.2280055670177237,S
2001.75,0.09830595733235753,1.4137282634281623,-0.3690105966208461,-1.2550594236553805,1.2554407368091132,No,1.1430236241396736,S
2001.8333333333335,-0.012558640406738248,1.41772984326547,-0.3471295215971082,-1.2550594236553805,1.2554407368091132,No,1.0580416812616236,S
2001.9166666666667,-0.13516743495372058,1.4217314231027778,-0.31350424976548363,-1.2550594236553805,1.2554407368091132,No,0.9730597383835735,S
2002,-0.1989984080903745,1.4257330029400854,-0.33865679934418735,-1.2550594236553805,1.2554407368091132,No,0.8880777955055236,S
2002.0833333333335,-0.1996500428393788,1.4297345827773933,-0.25555440931324336,-1.2550594236553805,1.2554407368091132,No,0.9745301306247711,S
2002.1666666666667,-0.1914987063701861,1.4337361626147012,-0.18125499050049654,-1.2550594236553805,1.2554407368091132,No,1.0609824657440186,S
2002.25,-0.05651356469759395,1.4377377424520088,-0.2819595162833657,-1.2550594236553805,1.2554407368091132,No,1.099264661471049,S
2002.3333333333335,0.014021531019125094,1.4417393222893167,-0.3182139961103625,-1.2550594236553805,1.2554407368091132,No,1.1375468571980794,S
2002.4166666666667,0.1238513620272431,1.4457409021266243,-0.39376321122875746,-1.2550594236553805,1.2554407368091132,No,1.1758290529251099,S
2002.5,0.16505496315659252,1.4497424819639322,-0.4006861964683843,-1.2550594236553805,1.2554407368091132,No,1.2141112486521404,S
2002.5833333333335,0.2189002788471323,1.4537440618012398,-0.42025089626920153,-1.2550594236553805,1.2554407368091132,No,1.2523934443791707,S
2002.6666666666667,0.17425271922560975,1.4577456416385477,-0.34132272075795633,-1.2550594236553805,1.2554407368091132,No,1.2906756401062012,S
2002.75,0.09830595733235753,1.4622019431512525,-0.2315500646503783,-1.2550594236553805,1.2554407368091132,No,1.3289578358332317,S
2002.8333333333335,-0.012558640406738248,1.4666582446639571,-0.08685957269695699,-1.2550594236553805,1.2554407368091132,No,1.367240031560262,S
2002.9166666666667,-0.13516743495372058,1.4711145461766617,0.0695751160643514,-1.2550594236553805,1.2554407368091132,No,1.4055222272872925,S
2003,-0.1989984080903745,1.4755708476893665,0.16723198341533108,-1.2550594236553805,1.2554407368091132,No,1.4438044230143232,S
2003.0833333333335,-0.1996500428393788,1.4800271492020713,0.20170951237866075,-1.2550594236553805,1.2554407368091132,No,1.4820866187413533,S
2003.1666666666667,-0.1914987063701861,1.484483450714776,0.2273840701237939,-1.2550594236553805,1.2554407368091132,No,1.5203688144683838,S
2003.25,-0.05651356469759395,1.4889397522274805,0.12622482266552781,-1.2550594236553805,1.2554407368091132,No,1.5586510101954143,S
2003.3333333333335,0.014021531019125094,1.4933960537401854,0.08951562116313405,-1.2550594236553805,1.2554407368091132,No,1.5969332059224446,S
2003.4166666666667,0.1238513620272431,1.4978523552528902,0.013511684369341914,-1.2550594236553805,1.2554407368091132,No,1.635215401649475,S
2003.5,0.16505496315659252,1.5023086567655948,0.33754547822615866,-1.2550594236553805,1.2554407368091132,No,2.004909098148346,S
2003.5833333333335,0.2189002788471323,1.5067649582782994,0.6489375575217853,-1.2550594236553805,1.2554407368091132,No,2.374602794647217,S
2003.6666666666667,0.17425271922560975,1.5112212597910042,0.4362438514823994,-1.2550594236553805,1.2554407368091132,No,2.1217178304990134,S
2003.75,0.09830595733235753,1.515677561303709,0.2548493477147433,-1.2550594236553805,1.2554407368091132,No,1.8688328663508098,S
2003.8333333333335,-0.012558640406738248,1.5201338628164136,0.10837267979293075,-1.2550594236553805,1.2554407368091132,No,1.6159479022026062,S
2003.9166666666667,-0.13516743495372058,1.5235794372104101,-0.025349064202286664,-1.2550594236553805,1.2554407368091132,No,1.3630629380544028,S
2004,-0.1989984080903745,1.5270250116044064,-0.21784862960783302,-1.2550594236553805,1.2554407368091132,No,1.110177973906199,S
2004.0833333333335,-0.1996500428393788,1.530470585998403,-0.4735275334010285,-1.2550594236553805,1.2554407368091132,No,0.8572930097579956,S
2004.1666666666667,-0.1914987063701861,1.5339161603923992,-0.4048058517754518,-1.2550594236553805,1.2554407368091132,No,0.9376116022467613,S
2004.25,-0.05651356469759395,1.5373617347863957,-0.4629179753532746,-1.2550594236553805,1.2554407368091132,No,1.017930194735527,S
2004.3333333333335,0.014021531019125094,1.540807309180392,-0.4565800529752244,-1.2550594236553805,1.2554407368091132,No,1.0982487872242928,S
2004.4166666666667,0.1238513620272431,1.5442528835743885,-0.48953686588857304,-1.2550594236553805,1.2554407368091132,No,1.1785673797130585,S
2004.5,0.16505496315659252,1.547698457968385,-0.45386744892315334,-1.2550594236553805,1.2554407368091132,No,1.2588859722018242,S
2004.5833333333335,0.2189002788471323,1.5511440323623813,-0.43083974651892376,-1.2550594236553805,1.2554407368091132,No,1.33920456469059,S
2004.6666666666667,0.17425271922560975,1.5545896067563778,-0.309319168802632,-1.2550594236553805,1.2554407368091132,No,1.4195231571793556,S
2004.75,0.09830595733235753,1.558035181150374,-0.15649938881461023,-1.2550594236553805,1.2554407368091132,No,1.4998417496681213,S
2004.8333333333335,-0.012558640406738248,1.5614807555443706,0.031238227019254605,-1.2550594236553805,1.2554407368091132,No,1.580160342156887,S
2004.9166666666667,-0.13516743495372058,1.5649263299383669,0.23072003966100652,-1.2550594236553805,1.2554407368091132,No,1.6604789346456528,S
2005,-0.1989984080903745,1.5683719043323634,0.3714240308924295,-1.2550594236553805,1.2554407368091132,No,1.7407975271344185,S
2005.0833333333335,-0.1996500428393788,1.5717459176555302,0.44902024480703284,-1.2550594236553805,1.2554407368091132,No,1.8211161196231842,S
2005.1666666666667,-0.1914987063701861,1.5751199309786972,0.5178134875034388,-1.2550594236553805,1.2554407368091132,No,1.90143471211195,S
2005.25,-0.05651356469759395,1.578493944301864,0.4597729249964455,-1.2550594236553805,1.2554407368091132,No,1.9817533046007154,S
2005.3333333333335,0.014021531019125094,1.581867957625031,0.4661824084453252,-1.2550594236553805,1.2554407368091132,No,2.0620718970894814,S
2005.4166666666667,0.1238513620272431,1.5852419709481977,0.4332971566028063,-1.2550594236553805,1.2554407368091132,No,2.142390489578247,S
2005.5,0.16505496315659252,1.5886159842713647,-0.24050595032712718,-1.2550594236553805,1.2554407368091132,No,1.51316499710083,S
2005.5833333333335,0.2189002788471323,1.5919899975945315,-0.1839413237667984,-1.2550594236553805,1.2554407368091132,No,1.6269489526748655,S
2005.6666666666667,0.17425271922560975,1.5953640109176983,-0.0955060910480019,-1.2550594236553805,1.2554407368091132,No,1.6741106390953062,S
2005.75,0.09830595733235753,1.5987380242408653,0.024228343942524155,-1.2550594236553805,1.2554407368091132,No,1.721272325515747,S
2005.8333333333335,-0.012558640406738248,1.602112037564032,0.17888061477889372,-1.2550594236553805,1.2554407368091132,No,1.7684340119361877,S
2005.9166666666667,-0.13516743495372058,1.605486050887199,0.3452770824231499,-1.2550594236553805,1.2554407368091132,No,1.8155956983566284,S
2006,-0.1989984080903745,1.6088600642103659,0.4528957286570776,-1.2550594236553805,1.2554407368091132,No,1.862757384777069,S
2006.0833333333335,-0.1996500428393788,1.6122340775335329,0.49733503650335553,-1.2550594236553805,1.2554407368091132,No,1.9099190711975096,S
2006.1666666666667,-0.1914987063701861,1.6156080908566997,0.5329713731314369,-1.2550594236553805,1.2554407368091132,No,1.9570807576179505,S
2006.25,-0.05651356469759395,1.6189077725565357,0.4418482361794491,-1.2550594236553805,1.2554407368091132,No,2.004242444038391,S
2006.3333333333335,0.014021531019125094,1.622207454256372,0.41517514518333476,-1.2550594236553805,1.2554407368091132,No,2.051404130458832,S
2006.4166666666667,0.1238513620272431,1.625507135956208,0.34920731889582135,-1.2550594236553805,1.2554407368091132,No,2.0985658168792725,S
2006.5,0.16505496315659252,1.6288068176560444,0.38694676334629885,-1.2550594236553805,1.2554407368091132,No,2.1808085441589355,S
2006.5833333333335,0.2189002788471323,1.6321064993558805,0.10655781415843757,-1.2550594236553805,1.2554407368091132,No,1.9575645923614504,S
2006.6666666666667,0.17425271922560975,1.6354061810557168,0.5337136831079556,-1.2550594236553805,1.2554407368091132,No,2.3433725833892822,S
2006.75,0.09830595733235753,1.6387058627555529,0.2915964424509996,-1.2550594236553805,1.2554407368091132,No,2.02860826253891,S
2006.8333333333335,-0.012558640406738248,1.642005544455389,0.08439703763988682,-1.2550594236553805,1.2554407368091132,No,1.7138439416885376,S
2006.9166666666667,-0.13516743495372058,1.6453052261552252,-0.06953453497591866,-1.2550594236553805,1.2554407368091132,No,1.440603256225586,S
2007,-0.1989984080903745,1.6486049078550613,-0.39073701867795596,-1.2550594236553805,1.2554407368091132,No,1.058869481086731,S
2007.0833333333335,-0.1996500428393788,1.6519045895548976,-0.28683152433935244,-1.2550594236553805,1.2554407368091132,No,1.1654230223761664,S
2007.1666666666667,-0.1914987063701861,1.6552042712547337,-0.19172900121894565,-1.2550594236553805,1.2554407368091132,No,1.271976563665602,S
2007.25,-0.05651356469759395,1.65850395295457,-0.22346028330193857,-1.2550594236553805,1.2554407368091132,No,1.3785301049550374,S
2007.3333333333335,0.014021531019125094,1.661803634654406,-0.19074151942905826,-1.2550594236553805,1.2554407368091132,No,1.485083646244473,S
2007.4166666666667,0.1238513620272431,1.6637712356072323,-0.19598541010056691,-1.2550594236553805,1.2554407368091132,No,1.5916371875339084,S
2007.5,0.16505496315659252,1.6657388365600585,-0.13260307089330703,-1.2550594236553805,1.2554407368091132,No,1.698190728823344,S
2007.5833333333335,0.2189002788471323,1.6677064375128845,-0.08186244624723749,-1.2550594236553805,1.2554407368091132,No,1.8047442701127794,S
2007.6666666666667,0.17425271922560975,1.6696740384657107,0.06737105371089425,-1.2550594236553805,1.2554407368091132,No,1.9112978114022148,S
2007.75,0.09830595733235753,1.671641639418537,0.24790375594075598,-1.2550594236553805,1.2554407368091132,No,2.0178513526916504,S
2007.8333333333335,-0.012558640406738248,1.6736092403713632,-0.06663958445406593,-1.2550594236553805,1.2554407368091132,No,1.594411015510559,S
2007.9166666666667,-0.13516743495372058,1.6755768413241892,-0.564829965776749,-1.2550594236553805,1.2554407368091132,No,0.9755794405937195,S
2008,-0.1989984080903745,1.6775444422770154,-0.5492791641648209,-1.2550594236553805,1.2554407368091132,No,0.92926687002182,S
2008.0833333333335,-0.1996500428393788,1.6795120432298416,-0.42449882213728896,-1.2550594236553805,1.2554407368091132,No,1.0553631782531738,S
2008.1666666666667,-0.1914987063701861,1.6814796441826678,-0.23466360745206916,-1.2550594236553805,1.2554407368091132,No,1.2553173303604126,S
2008.25,-0.05651356469759395,1.683447245135494,0.2455967004469064,-1.2550594236553805,1.2554407368091132,No,1.8725303808848064,S
2008.3333333333335,0.014021531019125094,1.68541484608832,0.790307054301755,-1.2550594236553805,1.2554407368091132,No,2.4897434314092,S
2008.4166666666667,0.1238513620272431,1.6873824470411463,1.2957226728652045,-1.2550594236553805,1.2554407368091132,Yes,3.1069564819335938,S
2008.5,0.16505496315659252,1.6893500479939725,1.0414203748967985,-1.2550594236553805,1.2554407368091132,No,2.8958253860473633,S
2008.5833333333335,0.2189002788471323,1.6897659762827293,0.2615560272798063,-1.2550594236553805,1.2554407368091132,No,2.170222282409668,S
2008.6666666666667,0.17425271922560975,1.6901819045714859,-0.4198154450251228,-1.2550594236553805,1.2554407368091132,No,1.4446191787719729,S
2008.75,0.09830595733235753,1.6905978328602425,-0.2990095192956883,-1.2550594236553805,1.2554407368091132,No,1.4898942708969116,S
2008.8333333333335,-0.012558640406738248,1.6910137611489993,-0.18053909283870428,-1.2550594236553805,1.2554407368091132,No,1.4979160279035568,S
2008.9166666666667,-0.13516743495372058,1.691429689437756,-0.05032446957383341,-1.2550594236553805,1.2554407368091132,No,1.505937784910202,S
2009,-0.1989984080903745,1.6918456177265127,0.021112332280708968,-1.2550594236553805,1.2554407368091132,No,1.5139595419168472,S
2009.0833333333335,-0.1996500428393788,1.6922615460152692,0.029369795747602012,-1.2550594236553805,1.2554407368091132,No,1.5219812989234924,S
2009.1666666666667,-0.1914987063701861,1.692677474304026,0.02882428799629766,-1.2550594236553805,1.2554407368091132,No,1.5300030559301376,S
2009.25,-0.05651356469759395,1.6930934025927828,-0.09855502495840596,-1.2550594236553805,1.2554407368091132,No,1.5380248129367828,S
2009.3333333333335,0.014021531019125094,1.6935093308815394,-0.16148429195723657,-1.2550594236553805,1.2554407368091132,No,1.546046569943428,S
2009.4166666666667,0.1238513620272431,1.693925259170296,-0.2637082942474658,-1.2550594236553805,1.2554407368091132,No,1.5540683269500732,S
2009.5,0.16505496315659252,1.6943411874590528,-0.36356835654063313,-1.2550594236553805,1.2554407368091132,No,1.4958277940750122,S
2009.5833333333335,0.2189002788471323,1.6947571157478096,0.611281904034819,-1.2550594236553805,1.2554407368091132,No,2.5249392986297607,S
2009.6666666666667,0.17425271922560975,1.6951730440365662,0.3323799475303655,-1.2550594236553805,1.2554407368091132,No,2.2018057107925415,S
2009.75,0.09830595733235753,1.6953924817573374,0.08497368386562765,-1.2550594236553805,1.2554407368091132,No,1.8786721229553225,S
2009.8333333333335,-0.012558640406738248,1.6956119194781085,0.22614452824064113,-1.2550594236553805,1.2554407368091132,No,1.9091978073120115,S
2009.9166666666667,-0.13516743495372058,1.69583135719888,-0.07040969889844906,-1.2550594236553805,1.2554407368091132,No,1.4902542233467102,S
2010,-0.1989984080903745,1.696050794919651,-0.42574174744786797,-1.2550594236553805,1.2554407368091132,No,1.0713106393814087,S
2010.0833333333335,-0.1996500428393788,1.6962702326404222,-0.21291837260642255,-1.2550594236553805,1.2554407368091132,No,1.2837018171946208,S
2010.1666666666667,-0.1914987063701861,1.6964896703611934,-0.00889796898317452,-1.2550594236553805,1.2554407368091132,No,1.4960929950078328,S
2010.25,-0.05651356469759395,1.6967091080819645,0.06828862943667446,-1.2550594236553805,1.2554407368091132,No,1.708484172821045,S
2010.3333333333335,0.014021531019125094,1.6969285458027359,-0.35257250094753245,-1.2550594236553805,1.2554407368091132,No,1.3583775758743286,S
2010.4166666666667,0.1238513620272431,1.697147983523507,0.27331522964456245,-1.2550594236553805,1.2554407368091132,No,2.0943145751953125,S
2010.5,0.16505496315659252,1.6973674212442782,0.6138840540451744,-1.2550594236553805,1.2554407368091132,No,2.476306438446045,S
2010.5833333333335,0.2189002788471323,1.6975868589650494,0.5041733579458751,-1.2550594236553805,1.2554407368091132,No,2.4206604957580566,S
2010.6666666666667,0.17425271922560975,1.6978062966858207,0.36060771496930677,-1.2550594236553805,1.2554407368091132,No,2.2326667308807373,S
2010.75,0.09830595733235753,1.6980257344065919,0.19958178997339182,-1.2550594236553805,1.2554407368091132,No,1.9959134817123412,S
2010.8333333333335,-0.012558640406738248,1.698245172127363,0.07347370082332039,-1.2550594236553805,1.2554407368091132,No,1.7591602325439453,S
2010.9166666666667,-0.13516743495372058,1.699178976145198,-0.04160455781592831,-1.2550594236553805,1.2554407368091132,No,1.5224069833755491,S
2011,-0.1989984080903745,1.7001127801630334,-0.21546063786550573,-1.2550594236553805,1.2554407368091132,No,1.2856537342071532,S
2011.0833333333335,-0.1996500428393788,1.7010465841808684,-0.4524960563027325,-1.2550594236553805,1.2554407368091132,No,1.048900485038757,S
2011.1666666666667,-0.1914987063701861,1.7019803881987037,-0.46193775177480667,-1.2550594236553805,1.2554407368091132,No,1.048543930053711,S
2011.25,-0.05651356469759395,1.7029141922165387,-0.12028044166689389,-1.2550594236553805,1.2554407368091132,No,1.5261201858520508,S
2011.3333333333335,0.014021531019125094,1.703847996234374,0.5423736501604413,-1.2550594236553805,1.2554407368091132,No,2.2602431774139404,S
2011.4166666666667,0.1238513620272431,1.704781800252209,0.36230340311971787,-1.2550594236553805,1.2554407368091132,No,2.19093656539917,S
2011.5,0.16505496315659252,1.705715604270044,0.2974397005939935,-1.2550594236553805,1.2554407368091132,No,2.16821026802063,S
2011.5833333333335,0.2189002788471323,1.7066494082878794,-0.07812583564499098,-1.2550594236553805,1.2554407368091132,No,1.8474238514900208,S
2011.6666666666667,0.17425271922560975,1.7075832123057144,-0.3551984965719126,-1.2550594236553805,1.2554407368091132,No,1.5266374349594116,S
2011.75,0.09830595733235753,1.7085170163235497,0.19069103581980085,-1.2550594236553805,1.2554407368091132,No,1.997514009475708,S
2011.8333333333335,-0.012558640406738248,1.7094508203413847,0.25913723519596865,-1.2550594236553805,1.2554407368091132,No,1.9560294151306152,S
2011.9166666666667,-0.13516743495372058,1.71038462435922,0.3393276313800231,-1.2550594236553805,1.2554407368091132,No,1.9145448207855225,S
2012,-0.1989984080903745,1.711318428377055,0.360740206153749,-1.2550594236553805,1.2554407368091132,No,1.8730602264404297,S
2012.0833333333335,-0.1996500428393788,1.7115093772932426,0.31971629764147314,-1.2550594236553805,1.2554407368091132,No,1.831575632095337,S
2012.1666666666667,-0.1914987063701861,1.7117003262094301,0.2698894179110001,-1.2550594236553805,1.2554407368091132,No,1.7900910377502441,S
2012.25,-0.05651356469759395,1.7118912751256177,0.09322873297712775,-1.2550594236553805,1.2554407368091132,No,1.7486064434051514,S
2012.3333333333335,0.014021531019125094,1.712082224041805,-0.018981906000871573,-1.2550594236553805,1.2554407368091132,No,1.7071218490600586,S
2012.4166666666667,0.1238513620272431,1.7122731729579925,-0.15187436445092817,-1.2550594236553805,1.2554407368091132,No,1.6842501705343074,S
2012.5,0.16505496315659252,1.71246412187418,-0.21614059302221666,-1.2550594236553805,1.2554407368091132,No,1.661378492008556,S
2012.5833333333335,0.2189002788471323,1.7126550707903676,-0.2930485361546953,-1.2550594236553805,1.2554407368091132,No,1.6385068134828047,S
2012.6666666666667,0.17425271922560975,1.7128460197065551,-0.2714636039751115,-1.2550594236553805,1.2554407368091132,No,1.6156351349570535,S
2012.75,0.09830595733235753,1.7130369686227427,-0.21857946952379792,-1.2550594236553805,1.2554407368091132,No,1.5927634564313022,S
2012.8333333333335,-0.012558640406738248,1.7132279175389302,-0.13077749922664128,-1.2550594236553805,1.2554407368091132,No,1.5698917779055508,S
2012.9166666666667,-0.13516743495372058,1.7134188664551175,-0.031231332121597344,-1.2550594236553805,1.2554407368091132,No,1.5470200993797996,S
2013,-0.1989984080903745,1.713609815371305,0.009537013573117648,-1.2550594236553805,1.2554407368091132,No,1.5241484208540483,S
2013.0833333333335,-0.1996500428393788,1.7138007642874926,-0.012873979119816914,-1.2550594236553805,1.2554407368091132,No,1.5012767423282969,S
2013.1666666666667,-0.1914987063701861,1.7139917132036802,-0.04408794303094843,-1.2550594236553805,1.2554407368091132,No,1.4784050638025457,S
2013.25,-0.05651356469759395,1.7140663335356572,-0.2020193835612687,-1.2550594236553805,1.2554407368091132,No,1.4555333852767944,S
2013.3333333333335,0.014021531019125094,1.7141409538676344,-0.24979789805662045,-1.2550594236553805,1.2554407368091132,No,1.4783645868301392,S
2013.4166666666667,0.1238513620272431,1.7142155741996115,-0.11355596849537863,-1.2550594236553805,1.2554407368091132,No,1.7245109677314758,S
2013.5,0.16505496315659252,1.7142901945315885,0.0913121909446315,-1.2550594236553805,1.2554407368091132,No,1.9706573486328125,S
2013.5833333333335,0.2189002788471323,1.7143648148635657,0.26213299855919936,-1.2550594236553805,1.2554407368091132,No,2.1953980922698975,S
2013.6666666666667,0.17425271922560975,1.7144394351955428,0.2352497439247947,-1.2550594236553805,1.2554407368091132,No,2.1239418983459473,S
2013.75,0.09830595733235753,1.7145140555275198,-0.07773583679633966,-1.2550594236553805,1.2554407368091132,No,1.7350841760635376,S
2013.8333333333335,-0.012558640406738248,1.714588675859497,0.03123265672623976,-1.2550594236553805,1.2554407368091132,No,1.7332626921789986,S
2013.9166666666667,-0.13516743495372058,1.714663296191474,0.15194534705670626,-1.2550594236553805,1.2554407368091132,No,1.7314412082944597,S
2014,-0.1989984080903745,1.7147379165234513,0.21388021597684403,-1.2550594236553805,1.2554407368091132,No,1.729619724409921,S
2014.0833333333335,-0.1996500428393788,1.7148125368554283,0.21263574650933248,-1.2550594236553805,1.2554407368091132,No,1.727798240525382,S
2014.1666666666667,-0.1914987063701861,1.7148871571874054,0.20258830582362375,-1.2550594236553805,1.2554407368091132,No,1.725976756640843,S
2014.25,-0.05651356469759395,1.7149617775193826,0.06570705993451553,-1.2550594236553805,1.2554407368091132,No,1.724155272756304,S
2014.3333333333335,0.014021531019125094,1.7150363978513596,-0.00672413999871968,-1.2550594236553805,1.2554407368091132,No,1.7223337888717651,S
2014.4166666666667,0.1238513620272431,1.7154413220809104,-0.10837713769091706,-1.2550594236553805,1.2554407368091132,No,1.7309155464172363,S
2014.5,0.16505496315659252,1.7158462463104611,-0.14140390550434612,-1.2550594236553805,1.2554407368091132,No,1.7394973039627075,S
2014.5833333333335,0.2189002788471323,1.7162511705400119,-0.18707238787896552,-1.2550594236553805,1.2554407368091132,No,1.7480790615081787,S
2014.6666666666667,0.17425271922560975,1.7166560947695626,-0.1342479949415225,-1.2550594236553805,1.2554407368091132,No,1.75666081905365,S
2014.75,0.09830595733235753,1.7170610189991133,0.1325486969244496,-1.2550594236553805,1.2554407368091132,No,1.9479156732559204,S
2014.8333333333335,-0.012558640406738248,1.717465943228664,-0.07365739818935757,-1.2550594236553805,1.2554407368091132,No,1.6312499046325684,S
2014.9166666666667,-0.13516743495372058,1.7178708674582146,-0.2227778047960589,-1.2550594236553805,1.2554407368091132,No,1.359925627708435,S
2015,-0.1989984080903745,1.7182757916877653,-0.07921545675565511,-1.2550594236553805,1.2554407368091132,No,1.4400619268417358,S
2015.0833333333335,-0.1996500428393788,1.718680715917316,0.0011675528970993554,-1.2550594236553805,1.2554407368091132,No,1.5201982259750366,S
2015.1666666666667,-0.1914987063701861,1.7190856401468668,0.07274759133165665,-1.2550594236553805,1.2554407368091132,No,1.6003345251083374,S
2015.25,-0.05651356469759395,1.7194905643764176,0.017493824562814675,-1.2550594236553805,1.2554407368091132,No,1.6804708242416382,S
2015.3333333333335,0.014021531019125094,1.7198954886059683,0.026690103749845484,-1.2550594236553805,1.2554407368091132,No,1.760607123374939,S
2015.4166666666667,0.1238513620272431,1.720300412835519,0.1983205876555485,-1.2550594236553805,1.2554407368091132,No,2.0424723625183105,S
2015.5,0.16505496315659252,1.7207053370650698,0.06219845527150181,-1.2550594236553805,1.2554407368091132,No,1.947958755493164,S
2015.5833333333335,0.2189002788471323,1.720476737364522,-0.08593186774363692,-1.2550594236553805,1.2554407368091132,No,1.8534451484680174,S
2015.6666666666667,0.17425271922560975,1.7202481376639744,-0.13556931544671325,-1.2550594236553805,1.2554407368091132,No,1.758931541442871,S
2015.75,0.09830595733235753,1.7200195379634267,-0.1539075608780598,-1.2550594236553805,1.2554407368091132,No,1.6644179344177243,S
2015.8333333333335,-0.012558640406738248,1.719790938262879,-0.13732797046356304,-1.2550594236553805,1.2554407368091132,No,1.569904327392578,S
2015.9166666666667,-0.13516743495372058,1.7195623385623313,-0.19894442124014144,-1.2550594236553805,1.2554407368091132,No,1.3854504823684692,S
2016,-0.1989984080903745,1.7193337388617838,-0.4799989603032697,-1.2550594236553805,1.2554407368091132,No,1.0403363704681396,S
2016.0833333333335,-0.1996500428393788,1.719105139161236,-0.33989503105238694,-1.2550594236553805,1.2554407368091132,No,1.1795600652694702,S
2016.1666666666667,-0.1914987063701861,1.7188765394606882,-0.1439479243380608,-1.2550594236553805,1.2554407368091132,No,1.3834299087524413,S
2016.25,-0.05651356469759395,1.7186479397601406,-0.07483462282713393,-1.2550594236553805,1.2554407368091132,No,1.5872997522354126,S
2016.3333333333335,0.014021531019125094,1.7184193400595928,0.05872872463966572,-1.2550594236553805,1.2554407368091132,No,1.7911695957183837,S
2016.4166666666667,0.1238513620272431,1.7181907403590453,0.15299733681506678,-1.2550594236553805,1.2554407368091132,No,1.995039439201355,S
2016.5,0.16505496315659252,1.7179621406584975,0.3158921788692364,-1.2550594236553805,1.2554407368091132,No,2.198909282684326,S
2016.5833333333335,0.2189002788471323,1.71773354095795,0.5711448247566855,-1.2550594236553805,1.2554407368091132,No,2.5077786445617676,S
2016.6666666666667,0.17425271922560975,1.7175049412574022,0.5134163564695022,-1.2550594236553805,1.2554407368091132,No,2.405174016952514,S
2016.75,0.09830595733235753,1.7162713010627175,0.16223623676407395,-1.2550594236553805,1.2554407368091132,No,1.976813495159149,S
2016.8333333333335,-0.012558640406738248,1.715037660868033,-0.15402604709551126,-1.2550594236553805,1.2554407368091132,No,1.5484529733657837,S
2016.9166666666667,-0.13516743495372058,1.7138040206733485,-0.46846741343264053,-1.2550594236553805,1.2554407368091132,No,1.1101691722869873,S
2017,-0.1989984080903745,1.7125703804786638,-0.5564577527227621,-1.2550594236553805,1.2554407368091132,No,0.9571142196655272,S
2017.0833333333335,-0.1996500428393788,1.7113367402839792,-0.4063737937224732,-1.2550594236553805,1.2554407368091132,No,1.1053129037221272,S
2017.1666666666667,-0.1914987063701861,1.7101031000892948,-0.26509280594038165,-1.2550594236553805,1.2554407368091132,No,1.253511587778727,S
2017.25,-0.05651356469759395,1.7088694598946101,-0.25064562336168894,-1.2550594236553805,1.2554407368091132,No,1.4017102718353271,S
2017.3333333333335,0.014021531019125094,1.7076358196999255,-0.05979318922765664,-1.2550594236553805,1.2554407368091132,No,1.661864161491394,S
2017.4166666666667,0.1238513620272431,1.706402179505241,0.6184249519672718,-1.2550594236553805,1.2554407368091132,No,2.448678493499756,S
2017.5,0.16505496315659252,1.7051685393105565,0.3694724041719504,-1.2550594236553805,1.2554407368091132,No,2.239695906639099,S
2017.5833333333335,0.2189002788471323,1.7039348991158718,0.1078781418154382,-1.2550594236553805,1.2554407368091132,No,2.0307133197784424,S
2017.6666666666667,0.17425271922560975,1.7027012589211872,1.9065657686634374e-4,-1.2550594236553805,1.2554407368091132,No,1.8771446347236633,S
2017.75,0.09830595733235753,1.7014676187265028,-0.07619762638997574,-1.2550594236553805,1.2554407368091132,No,1.7235759496688845,S
2017.8333333333335,-0.012558640406738248,1.7002339785318181,0.08051087346091834,-1.2550594236553805,1.2554407368091132,No,1.7681862115859983,S
2017.9166666666667,-0.13516743495372058,1.6991444565157894,-0.03890540062090664,-1.2550594236553805,1.2554407368091132,No,1.525071620941162,S
2018,-0.1989984080903745,1.6980549344997604,0.13463504938271487,-1.2550594236553805,1.2554407368091132,No,1.633691575792101,S
2018.0833333333335,-0.1996500428393788,1.6969654124837317,0.2449961609986866,-1.2550594236553805,1.2554407368091132,No,1.7423115306430395,S
2018.1666666666667,-0.1914987063701861,1.695875890467703,0.34655430139646115,-1.2550594236553805,1.2554407368091132,No,1.850931485493978,S
2018.25,-0.05651356469759395,1.6947863684516742,0.32127863659083644,-1.2550594236553805,1.2554407368091132,No,1.9595514403449166,S
2018.3333333333335,0.014021531019125094,1.6936968464356452,0.36045301774108474,-1.2550594236553805,1.2554407368091132,No,2.068171395195855,S
2018.4166666666667,0.1238513620272431,1.6926073244196165,0.36033266359993443,-1.2550594236553805,1.2554407368091132,No,2.176791350046794,S
2018.5,0.16505496315659252,1.6915178024035877,0.42883853933755267,-1.2550594236553805,1.2554407368091132,No,2.2854113048977327,S
2018.5833333333335,0.2189002788471323,1.6904282803875588,0.4847027005139801,-1.2550594236553805,1.2554407368091132,No,2.394031259748671,S
2018.6666666666667,0.17425271922560975,1.68933875837153,0.63905973700247,-1.2550594236553805,1.2554407368091132,No,2.50265121459961,S
2018.75,0.09830595733235753,1.6882492363555013,0.6659170162425609,-1.2550594236553805,1.2554407368091132,No,2.45247220993042,S
2018.8333333333335,-0.012558640406738248,1.6871597143394725,0.43631497435561095,-1.2550594236553805,1.2554407368091132,No,2.1109160482883453,S
2018.9166666666667,-0.13516743495372058,1.6860701923234436,0.2184571292765478,-1.2550594236553805,1.2554407368091132,No,1.7693598866462708,S
2019,-0.1989984080903745,1.6849806703074148,-0.05817853721284427,-1.2550594236553805,1.2554407368091132,No,1.4278037250041962,S
2019.0833333333335,-0.1996500428393788,1.6838154303048887,-0.3979178241033883,-1.2550594236553805,1.2554407368091132,No,1.0862475633621216,S
2019.1666666666667,-0.1914987063701861,1.6826501903023627,-0.26074114648405655,-1.2550594236553805,1.2554407368091132,No,1.2304103374481201,S
2019.25,-0.05651356469759395,1.6814849502998366,-0.25039827406812387,-1.2550594236553805,1.2554407368091132,No,1.3745731115341187,S
2019.3333333333335,0.014021531019125094,1.6803197102973104,-0.1756053556963184,-1.2550594236553805,1.2554407368091132,No,1.5187358856201172,S
2019.4166666666667,0.1238513620272431,1.6791544702947843,-0.14010717261591155,-1.2550594236553805,1.2554407368091132,No,1.6628986597061157,S
2019.5,0.16505496315659252,1.6779892302922583,-0.035982759656736585,-1.2550594236553805,1.2554407368091132,No,1.8070614337921143,S
2019.5833333333335,0.2189002788471323,1.6768239902897322,0.055499938741248256,-1.2550594236553805,1.2554407368091132,No,1.9512242078781128,S
2019.6666666666667,0.17425271922560975,1.675658750287206,0.2454755124512955,-1.2550594236553805,1.2554407368091132,No,2.0953869819641113,S
2019.75,0.09830595733235753,1.67449351028468,-0.0075621362266566905,-1.2550594236553805,1.2554407368091132,No,1.7652373313903809,S
2019.8333333333335,-0.012558640406738248,1.673328270282154,-0.22568194905876537,-1.2550594236553805,1.2554407368091132,No,1.4350876808166504,S
2019.9166666666667,-0.13516743495372058,1.6721630302796278,-0.4320575650829872,-1.2550594236553805,1.2554407368091132,No,1.10493803024292,S
2020,-0.1989984080903745,1.6709977902771016,-0.6972110025175376,-1.2550594236553805,1.2554407368091132,No,0.7747883796691895,S
2020.0833333333335,-0.1996500428393788,1.6698325502745757,-0.2743787459529581,-1.2550594236553805,1.2554407368091132,No,1.1958037614822388,S
2020.1666666666667,-0.1914987063701861,1.6686673102720495,-0.2022113642740253,-1.2550594236553805,1.2554407368091132,No,1.2749572396278381,S
2020.25,-0.05651356469759395,1.6659948551156232,-0.2553705726445916,-1.2550594236553805,1.2554407368091132,No,1.3541107177734375,S
2020.3333333333335,0.014021531019125094,1.6633223999591966,0.3066094257645371,-1.2550594236553805,1.2554407368091132,No,1.9839533567428589,S
2020.4166666666667,0.1238513620272431,1.66064994480277,0.5798719002622721,-1.2550594236553805,1.2554407368091132,No,2.364373207092285,S
2020.5,0.16505496315659252,1.6579774896463437,0.6605271556565366,-1.2550594236553805,1.2554407368091132,No,2.4835596084594727,S
2020.5833333333335,0.2189002788471323,1.6553050344899174,0.33640927849987956,-1.2550594236553805,1.2554407368091132,No,2.2106145918369293,S
2020.6666666666667,0.17425271922560975,1.6526325793334908,0.11078427665528534,-1.2550594236553805,1.2554407368091132,No,1.937669575214386,S
2020.75,0.09830595733235753,1.6499601241770643,-0.08354152291757933,-1.2550594236553805,1.2554407368091132,No,1.6647245585918424,S
2020.8333333333335,-0.012558640406738248,1.647287669020638,-0.2429494866446007,-1.2550594236553805,1.2554407368091132,No,1.391779541969299,S
2020.9166666666667,-0.13516743495372058,1.6446152138642116,-0.2881822244823904,-1.2550594236553805,1.2554407368091132,No,1.2212655544281006,S
2021,-0.1989984080903745,1.641942758707785,-0.1863178042345066,-1.2550594236553805,1.2554407368091132,No,1.256626546382904,S
2021.0833333333335,-0.1996500428393788,1.6392703035513585,-0.14763272237427216,-1.2550594236553805,1.2554407368091132,No,1.2919875383377075,S
2021.1666666666667,-0.1914987063701861,1.6365978483949322,-0.11775061173223511,-1.2550594236553805,1.2554407368091132,No,1.327348530292511,S
2021.25,-0.05651356469759395,1.6339253932385058,-0.21470230629359732,-1.2550594236553805,1.2554407368091132,No,1.3627095222473145,S
2021.3333333333335,0.014021531019125094,1.6312529380820793,-0.4438317505953451,-1.2550594236553805,1.2554407368091132,No,1.2014427185058594,S
2021.4166666666667,0.1238513620272431,1.6288314159872834,-0.47067942298828136,-1.2550594236553805,1.2554407368091132,No,1.282003355026245,S
2021.5,0.16505496315659252,1.6264098938924878,-0.42890086550244955,-1.2550594236553805,1.2554407368091132,No,1.3625639915466308,S
2021.5833333333335,0.2189002788471323,1.623988371797692,-0.39976402257780763,-1.2550594236553805,1.2554407368091132,No,1.4431246280670167,S
2021.6666666666667,0.17425271922560975,1.621566849702896,-0.27213430434110353,-1.2550594236553805,1.2554407368091132,No,1.5236852645874024,S
2021.75,0.09830595733235753,1.6191453276081003,-0.11320538383266965,-1.2550594236553805,1.2554407368091132,No,1.604245901107788,S
2021.8333333333335,-0.012558640406738248,1.6167238055133046,0.04023807114635458,-1.2550594236553805,1.2554407368091132,No,1.644403236252921,S
2021.9166666666667,-0.13516743495372058,1.6143022834185088,0.20542572293326566,-1.2550594236553805,1.2554407368091132,No,1.6845605713980538,S
2022,-0.1989984080903745,1.611880761323713,0.31183555330984825,-1.2550594236553805,1.2554407368091132,No,1.7247179065431868,S
2022.0833333333335,-0.1996500428393788,1.6094592392289173,0.3550660452987813,-1.2550594236553805,1.2554407368091132,No,1.7648752416883198,S
2022.1666666666667,-0.1914987063701861,1.6070377171341215,0.38949356606951735,-1.2550594236553805,1.2554407368091132,No,1.8050325768334528,S
2022.25,-0.05651356469759395,1.6046161950393256,0.29708728163685394,-1.2550594236553805,1.2554407368091132,No,1.8451899119785855,S
2022.3333333333335,0.014021531019125094,1.6021946729445298,0.26913104316006353,-1.2550594236553805,1.2554407368091132,No,1.8853472471237185,S
2022.4166666666667,0.1238513620272431,1.5997731508497341,0.34284497765112953,-1.2550594236553805,1.2554407368091132,No,2.0664694905281067,S
2022.5,0.16505496315659252,1.5973516287549383,0.4851851420209645,-1.2550594236553805,1.2554407368091132,No,2.247591733932495,S
2022.5833333333335,0.2189002788471323,1.5951784985434816,0.2300911254108997,-1.2550594236553805,1.2554407368091132,No,2.0441699028015137,S
2022.6666666666667,0.17425271922560975,1.593005368332025,0.07348998411289731,-1.2550594236553805,1.2554407368091132,No,1.8407480716705322,S
2022.75,0.09830595733235753,1.5908322381205684,-0.05181195491337509,-1.2550594236553805,1.2554407368091132,No,1.6373262405395508,S
2022.8333333333335,-0.012558640406738248,1.5886591079091117,-0.11738061791588672,-1.2550594236553805,1.2554407368091132,No,1.4587198495864868,S
2022.9166666666667,-0.13516743495372058,1.5864859776976552,-0.2602646754038467,-1.2550594236553805,1.2554407368091132,No,1.191053867340088,S
2023,-0.1989984080903745,1.5843128474861985,0.07268967761619982,-1.2550594236553805,1.2554407368091132,No,1.458004117012024,S
2023.0833333333335,-0.1996500428393788,1.582139717274742,-0.18781360302995243,-1.2550594236553805,1.2554407368091132,No,1.1946760714054108,S
2023.1666666666667,-0.1914987063701861,1.5799665870632853,-0.4571198548943016,-1.2550594236553805,1.2554407368091132,No,0.9313480257987976,S
2023.25,-0.05651356469759395,1.5777934568518286,-0.2793244926409899,-1.2550594236553805,1.2554407368091132,No,1.2419553995132446,S
2023.3333333333335,0.014021531019125094,1.575620326640372,-0.19400792173115256,-1.2550594236553805,1.2554407368091132,No,1.3956339359283447,S
2023.4166666666667,0.1238513620272431,1.5734471964289154,0.24427780320003056,-1.2550594236553805,1.2554407368091132,No,1.941576361656189,S
2023.5,0.16505496315659252,1.5712740662174587,0.6482482449484588,-1.2550594236553805,1.2554407368091132,No,2.3845772743225098,S
2023.5833333333335,0.2189002788471323,1.5691009360060022,0.49981419703244523,-1.2550594236553805,1.2554407368091132,No,2.2878154118855796,S
2023.6666666666667,0.17425271922560975,1.5669278057945455,0.44987302442849364,-1.2550594236553805,1.2554407368091132,No,2.191053549448649,S
2023.75,0.09830595733235753,1.5648468767228678,0.43113885295649346,-1.2550594236553805,1.2554407368091132,No,2.0942916870117188,S
2023.8333333333335,-0.012558640406738248,1.56276594765119,0.009799788092462292,-1.2550594236553805,1.2554407368091132,No,1.560007095336914,S
2023.9166666666667,-0.13516743495372058,1.5606850185795123,-0.22465851380157287,-1.2550594236553805,1.2554407368091132,No,1.2008590698242188,S
2024,-0.1989984080903745,1.5586040895078346,-0.09412528228568529,-1.2550594236553805,1.2554407368091132,No,1.265480399131775,S
2024.0833333333335,-0.1996500428393788,1.5565231604361567,0.3623749388149653,-1.2550594236553805,1.2554407368091132,No,1.7192480564117432,S
2024.1666666666667,-0.1914987063701861,1.554442231364479,-0.4049209305423884,-1.2550594236553805,1.2554407368091132,No,0.9580225944519045,S
2024.25,-0.05651356469759395,1.5523613022928011,-0.010862386032707061,-1.2550594236553805,1.2554407368091132,No,1.4849853515625,S
2024.3333333333335,0.014021531019125094,1.5502803732211234,-0.08975177625715536,-1.2550594236553805,1.2554407368091132,No,1.4745501279830933,S
2024.4166666666667,0.1238513620272431,1.5481994441494458,-0.20793590177300225,-1.2550594236553805,1.2554407368091132,No,1.4641149044036865,S
2024.5,0.16505496315659252,1.5461185150777679,-0.2574937974100806,-1.2550594236553805,1.2554407368091132,No,1.4536796808242798,S
2024.5833333333335,0.2189002788471323,1.5440375860060902,-0.3196934076083495,-1.2550594236553805,1.2554407368091132,No,1.443244457244873,S
2024.6666666666667,0.17425271922560975,1.5419566569344125,-0.28340014249455603,-1.2550594236553805,1.2554407368091132,No,1.4328092336654663,S
2024.75,0.09830595733235753,1.5398757278627346,-0.21580767510903254,-1.2550594236553805,1.2554407368091132,No,1.4223740100860596,S
2024.8333333333335,-0.012558640406738248,1.537794798791057,-0.11329737187766598,-1.2550594236553805,1.2554407368091132,No,1.4119387865066528,S
2024.9166666666667,-0.13516743495372058,1.5357550975501801,-0.11025105370974075,-1.2550594236553805,1.2554407368091132,No,1.2903366088867188,S
2025,-0.1989984080903745,1.5337153963093033,-0.3368973857294575,-1.2550594236553805,1.2554407368091132,No,0.9978196024894713,S
2025.0833333333335,-0.1996500428393788,1.5316756950684267,-0.5627852728955518,-1.2550594236553805,1.2554407368091132,No,0.7692403793334961,S
2025.1666666666667,-0.1914987063701861,1.5296359938275499,-0.41400219853677056,-1.2550594236553805,1.2554407368091132,No,0.9241350889205933,S
2025.25,-0.05651356469759395,1.527596292586673,0.3609913778505145,-1.2550594236553805,1.2554407368091132,No,1.8320741057395935,S
2025.3333333333335,0.014021531019125094,1.5255565913457962,1.2004350001936723,-1.2550594236553805,1.2554407368091132,No,2.7400131225585938,S
2025.4166666666667,0.1238513620272431,1.5235168901049196,0.874145686771646,-1.2550594236553805,1.2554407368091132,No,2.5215139389038086,S
2025.5,0.16505496315659252,1.5214771888640428,0.9561995145443063,-1.2550594236553805,1.2554407368091132,No,2.6427316665649414,S
2025.5833333333335,0.2189002788471323,1.519437487623166,0.5376524812561423,-1.2550594236553805,1.2554407368091132,No,2.2759902477264404,S
2025.6666666666667,0.17425271922560975,1.5173977863822892,0.316301588470165,-1.2550594236553805,1.2554407368091132,No,2.007952094078064,S
2025.75,0.09830595733235753,1.5153580851414126,0.12624989795591746,-1.2550594236553805,1.2554407368091132,No,1.7399139404296875,S
2025.8333333333335,-0.012558640406738248,1.5133183839005357,0.038679577070472426,-1.2550594236553805,1.2554407368091132,No,1.53943932056427,S
2025.9166666666667,-0.13516743495372058,1.511278682659659,0.16332807285833173,-1.2550594236553805,1.2554407368091132,No,1.53943932056427,S
